SamplingOperations_code,y_true,oof_pred,proba_Good,proba_High,proba_Moderate,proba_Poor
S05015250_20070831,Good,Good,0.9913808749792504,0.008615828919895825,3.2854335533027685e-06,1.0667300362618057e-08
S05015250_20120904,Good,Good,0.996264421290969,0.0037248930969566328,1.0674446287987487e-05,1.1165786299705799e-08
S05015250_20130715,High,High,4.560234259283477e-07,0.9999995436781873,2.860350070569543e-10,1.2351820861492813e-11
S05015250_20140710,High,Good,0.6437393332293067,0.35626061934115255,4.3881529286774996e-08,3.5480114522591313e-09
S05015250_20150701,High,High,0.0067951866513183,0.9932047843005453,2.7937133513030297e-08,1.1110030306852497e-09
S05015250_20160722,High,High,3.70748201718166e-05,0.9999629229086845,2.0459460642245323e-09,2.2519763579740764e-10
S05015250_20170629,High,High,4.594610305486752e-07,0.999999540519639,1.4437331199450959e-11,4.893103604231695e-12
S05015250_20180706,Good,High,0.06918452667113313,0.930815334984955,1.331308303980548e-07,5.213081446169368e-09
S05015250_20190709,High,High,1.7125919799717017e-06,0.999998287240817,1.5809334611422077e-10,9.109602450308254e-12
S05015250_20200707,High,High,1.7931991545892894e-08,0.9999999820562253,6.1867936799075315e-12,5.596304791827857e-12
S05015250_20210527,High,High,3.8515408284867896e-08,0.9999999614478571,3.328164506035994e-11,3.453113404585921e-12
S05015250_20220623,High,Good,0.6651045383221449,0.3348949123231145,5.331878068990541e-07,1.616693365998532e-08
S05015320_20070828,Good,Good,0.9999733676897886,2.6140135700733518e-05,4.816794544967097e-07,1.0495056184092617e-08
S05015320_20080807,Good,Good,0.9998437014020004,0.00015617187041457563,1.2669694416962605e-07,3.064084497312195e-11
S05015320_20090709,Good,High,0.0029852355466080285,0.9970147129427691,4.5082834795588336e-08,6.42778804981711e-09
S05015320_20100705,Good,Good,0.9989464444427849,0.0010527855458592843,7.446529051532999e-07,2.5358450707853025e-08
S05015320_20130715,Good,Good,0.9500072127755257,0.04994599962273125,4.653021338984025e-05,2.5738835313172353e-07
S05015320_20140709,Good,Good,0.9998414868883793,0.00015846482147074644,4.158485139066729e-08,6.705298643356465e-09
S05015320_20150701,Good,Good,0.9930663328953003,0.0069336584972014914,8.340510300829812e-09,2.669878764010685e-10
S05015320_20160722,Good,High,0.4970248454803054,0.5029725604503903,2.3589513777318054e-06,2.351179266650539e-07
S05015320_20180706,Good,High,0.47152276835151186,0.5284722796598889,4.8971249715845765e-06,5.486362779172665e-08
S05015320_20190709,High,High,0.005225971957899506,0.9947740184683225,9.237962541450124e-09,3.358153860995037e-10
S05015320_20200707,High,Good,0.8247750417398161,0.17522424288197563,6.331136715461789e-07,8.226453662420547e-08
S05015320_20210527,High,High,0.14621526775095345,0.8537846874675482,4.2570808863000785e-08,2.2106895756810093e-09
S05015320_20220623,Good,Good,0.6092110549421489,0.3907739104050117,1.4989736369586137e-05,4.491646967616179e-08
S05015800_20130715,High,Good,0.7211360666838134,0.2788339457750883,2.9834922510199262e-05,1.526185880699005e-07
S05015800_20140709,High,Good,0.9952693702301981,0.0047254959892546146,5.00998972658381e-06,1.2379082054314676e-07
S05015800_20150701,High,High,0.0013516836790067911,0.9986481591227104,7.460746729086681e-08,8.259081534800087e-08
S05015800_20160721,High,High,1.2671993876768853e-05,0.9999873269983375,7.759473486827783e-10,2.3183848230895177e-10
S05015800_20170629,Good,Good,0.9999144883038761,8.375792843119624e-05,1.5332152010848e-06,2.2055249157046812e-07
S05015800_20180706,Good,Good,0.99976370322028,0.00014107128041459364,9.48457375581971e-05,3.7976174707504685e-07
S05015800_20190708,Good,Good,0.9763488686822138,0.023641654177805567,9.327448504063065e-06,1.496914765849684e-07
S05015800_20200729,Good,Good,0.9846541530315853,0.01517774638046329,0.00016752174315034672,5.788448009611571e-07
S05015810_20220517,Good,Good,0.9991363284156211,0.0008613907924761179,2.164094707994939e-06,1.1669719477350317e-07
S05017060_20070828,Good,Good,0.9991990119028673,0.000797313421274105,3.6685292289284636e-06,6.146629665880356e-09
S05017060_20080807,Good,Good,0.9999946137645742,5.356008297325113e-06,2.9775663572392804e-08,4.5146484983317453e-10
S05017060_20090709,Good,Good,0.9983783958461608,0.001282264980603564,0.000339098846777424,2.40326458153284e-07
S05017060_20100705,High,Good,0.9984789072185054,0.0015205420246914288,5.494075659546508e-07,1.3492371188414967e-09
S05017060_20130716,Good,Good,0.9997743663074306,0.000223701643589554,1.8979016219378068e-06,3.414735795551962e-08
S05017060_20140709,Good,Good,0.9999752725033024,2.457712241675513e-05,1.4994019569921328e-07,4.3408500882463327e-10
S05017060_20150701,Good,Good,0.9818343952640994,0.018165377210513114,2.2314195963782752e-07,4.383427835328892e-09
S05017060_20160623,High,High,0.00999368354839062,0.9900062558405321,5.4155859365376645e-08,6.455217979226637e-09
S05017060_20170609,High,Good,0.6399184904876187,0.3600813166685615,1.3596701266268084e-07,5.687680718317805e-08
S05017060_20180705,Good,Good,0.9999170951630628,8.270380586355268e-05,1.9966110051177757e-07,1.3699731311317415e-09
S05017060_20190627,Good,Good,0.9998788161223648,0.0001199038288849588,1.2779562020524155e-06,2.0925481176801315e-09
S05017060_20200618,Good,Good,0.9999912134133496,8.752851913563197e-06,3.288523962837854e-08,8.494971151784404e-10
S05017060_20210527,High,High,0.0054932801343940746,0.9945066692086841,3.081840798032389e-08,1.9838513810403947e-08
S05017060_20220623,Good,High,0.3027848518459963,0.6972046234989674,1.0478593783798335e-05,4.606125259567667e-08
S05033220_20160830,Good,Good,0.999630198161861,0.0003692022521479798,5.98827402962127e-07,7.585879801634849e-10
S05033220_20170724,Good,Good,0.7850376686276574,0.21496087085632848,1.4505751629368466e-06,9.940851173434937e-09
S05033220_20180712,Good,Good,0.9926811565173497,0.0073150447321988195,3.7199918955102923e-06,7.875855602162203e-08
S05033220_20190722,Good,Good,0.9999993667990625,2.396769762889452e-07,3.89999067560651e-07,3.524893627613471e-09
S05033220_20200826,Good,Good,0.9999974825709678,2.468801812857609e-06,4.6658883505213424e-08,1.968335891684811e-09
S05033220_20220913,Good,Good,0.9999978656882408,1.31208974869738e-06,7.97651770573727e-07,2.457023992847708e-08
S05033300_20120727,High,High,1.2202534483426328e-05,0.9999877958770419,1.5572856295465256e-09,3.1189021888569804e-11
S05033300_20130715,Good,Good,0.9991095216010245,0.0008846462894457494,5.827982663940691e-06,4.126865820878128e-09
S05033300_20140701,Good,Good,0.999892894513023,0.0001055375300939265,1.5580066563507171e-06,9.950226773156764e-09
S05033300_20150707,High,High,0.018228957344165412,0.9817709843709316,5.608159869382304e-08,2.2033043704912484e-09
S05033300_20160829,High,Good,0.9178098072066256,0.0821810643873512,9.068148532529006e-06,6.025749069443735e-08
S05033300_20170725,Good,High,0.010084218642181326,0.9899149027285382,8.749239422459708e-07,3.7053382306587767e-09
S05033300_20190722,High,High,0.3847039855479312,0.6152940309967833,1.9474026741380633e-06,3.605261141232657e-08
S05033300_20200826,High,High,4.540326132597424e-05,0.9999545435116831,5.0631522468701763e-08,2.5954685879361638e-09
S05033300_20210827,High,High,0.005382444689664418,0.9946173026949676,2.5134143754942707e-07,1.273930418194583e-09
S05033300_20220913,Good,Good,0.9999419354249771,5.6247155570925275e-05,1.8041374997018223e-06,1.3281952218062422e-08
S05033350_20130730,Good,Good,0.9971596331036547,0.0028094720453241888,3.089345482284594e-05,1.3961982133611375e-09
S05033350_20140702,Good,Good,0.9999676931321578,3.209756280848948e-05,2.0898715689941823e-07,3.178767143549927e-10
S05033350_20150707,Good,Good,0.9999697816617643,1.8223875607468898e-06,2.8377944098019186e-05,1.800657688221745e-08
S05033350_20160830,Good,Good,0.9599314098176186,0.04006236277748746,6.166059165610813e-06,6.134572836467118e-08
S05033350_20170725,Good,Good,0.9999947587419893,1.94162424430652e-06,3.2883696490735378e-06,1.126411742417732e-08
S05033350_20180712,High,High,1.793551137621511e-05,0.9999820641126103,3.2469082535480377e-10,5.1322720018323915e-11
S05033350_20190722,Good,Good,0.9999956581718836,3.953976012202092e-06,3.83981580406612e-07,3.870523773471716e-09
S05033350_20200826,Good,Good,0.9999697402894439,9.79214644441123e-06,2.046407955568281e-05,3.48455612280329e-09
S05033350_20210827,High,High,0.0017329135361082418,0.9982670791923407,6.446632950035514e-09,8.249179785913042e-10
S05033350_20220913,Good,Good,0.9993062723857492,0.0006407611215952926,5.287858243765397e-05,8.791021780605691e-08
S05033380_20130730,Good,Good,0.9999992776135844,5.19631421801485e-07,2.0206966196991458e-07,6.853318028844925e-10
S05033380_20140702,Good,Good,0.9994775862408091,0.0005208596241975428,1.5060894011420337e-06,4.8045592242375574e-08
S05033380_20160829,Good,Good,0.9999808468133056,1.258623057796553e-05,6.515370412351768e-06,5.158570419897896e-08
S05033380_20170725,Good,Good,0.9999939976543585,1.4495873829855616e-07,5.851626955009656e-06,5.759948136208034e-09
S05033380_20180712,Good,Good,0.99999883228664,4.473421499829347e-07,6.975886350256981e-07,2.278257486419114e-08
S05033380_20190722,Good,Good,0.9999822757274179,9.485838959578248e-06,8.211877354483377e-06,2.6556268141164995e-08
S05033380_20200826,Good,Good,0.9997030931587079,0.0002876310707560313,8.721304957609219e-06,5.544655785205615e-07
S05033380_20210827,Good,Good,0.994426828009107,0.005567534976273665,5.5832397329642825e-06,5.377488628723423e-08
S05033380_20220913,Good,Good,0.9997782403773322,1.81207589939296e-05,0.00020343412527896223,2.0473839496690853e-07
S05033400_20130730,High,Good,0.996374550448375,0.0036250351422327486,4.009076319127605e-07,1.3501760354915418e-08
S05033400_20140702,Good,Moderate,0.28278144346266143,0.003517618147268768,0.7136996290618057,1.30932826406108e-06
S05033400_20150707,High,High,0.0030191071920886966,0.9969805367607949,2.9147581661365285e-07,6.457129981463365e-08
S05033400_20160829,Good,Good,0.990640839209551,0.00025699096323271816,0.009100906006298115,1.263820918138481e-06
S05033400_20190626,Moderate,Good,0.9977999508787089,0.0001267575088813936,0.0020723340194135345,9.575929962564851e-07
S05033400_20200525,Good,Good,0.8279987963175293,0.1569817168017602,0.014999066070127102,2.0420810583436653e-05
S05033400_20210614,High,Good,0.7136965390580201,0.28628273436269225,1.8075547060825658e-05,2.6510322269207027e-06
S05033400_20220520,Good,High,0.2107469524869068,0.7892390617976244,1.3952690524166787e-05,3.302494445471075e-08
S05033590_20130731,High,High,1.8197964933084058e-06,0.9999981790140923,1.159724578546428e-09,2.9689870994717437e-11
S05033590_20140701,High,High,1.711131248164401e-05,0.9999828871300922,1.3930954325644648e-09,1.643307923164697e-10
S05033590_20150707,High,High,0.0212716688408196,0.9787282651181076,6.409598522988321e-08,1.9450876695435155e-09
S05033590_20160810,Good,High,0.42000545029583103,0.5799846775774155,8.953280337086858e-06,9.188464163887908e-07
S05033590_20170726,Good,Good,0.9999989751567362,9.74424432179866e-07,4.9911606381047443e-08,5.072252426113789e-10
S05033590_20180724,Good,Good,0.9999758285157302,2.1575728014263358e-05,2.592496463148715e-06,3.259792355396984e-09
S05033590_20190725,Good,Good,0.9999970753666899,1.4265323680587743e-06,1.4938019516454482e-06,4.298990343930434e-09
S05033590_20210824,Good,Good,0.9987213920733999,0.0012776327167168759,9.689377897480376e-07,6.272093315418254e-09
S05033650_20090716,High,High,4.193896162829268e-05,0.9999580577151552,3.301452459590221e-09,2.1764064782617987e-11
S05033650_20100721,Good,Good,0.9999895414366847,9.42031235951755e-06,1.011799666775582e-06,2.645128896248192e-08
S05033650_20110728,High,High,0.16264662700180185,0.83735048218516,2.72650844813491e-06,1.6430459004103696e-07
S05033650_20120704,Good,Good,0.9998959625568206,0.00010111569671119534,2.9190965440990985e-06,2.6499241053243767e-09
S05033650_20130731,High,High,0.0004030597616771687,0.9995969349970446,5.019924340653715e-09,2.2135380909901363e-10
S05033650_20140701,Good,Good,0.9999602469399097,3.5355140557380625e-05,4.3624930384791e-06,3.5426494491101856e-08
S05033650_20150706,High,Good,0.9995807149097167,0.00040693643630397656,1.2189754837797653e-05,1.588991416615786e-07
S05033650_20160810,Good,High,0.37032074371293117,0.6296693129247997,9.706350997955918e-06,2.3701127120839174e-07
S05033650_20170726,Good,Good,0.9999172062824618,8.238130336184927e-05,3.9713471207535714e-07,1.527946431062876e-08
S05033650_20180724,Good,Good,0.99999454067246,5.380503008745221e-06,7.550073475343011e-08,3.323796361158801e-09
S05033650_20190725,Good,Good,0.9982802411846758,0.0017175321826086686,2.164403227635697e-06,6.22294879411545e-08
S05033650_20210824,Good,Good,0.9999923904777893,7.55146891622656e-06,5.394833959800577e-08,4.104954905384872e-09
S05033650_20220914,Good,Good,0.999140962869479,0.0008570625828111991,1.9565058921685058e-06,1.804181778404912e-08
S05033685_20120726,High,High,0.01722186572757886,0.9827780414580136,9.20653004489256e-08,7.491070804667752e-10
S05033685_20130731,Good,Good,0.9997876636351649,0.00019269474036994705,1.9627877901437927e-05,1.3746563714780072e-08
S05033685_20140702,Good,Good,0.9999211221441567,7.80893310601609e-05,7.846847426827859e-07,3.840040457521328e-09
S05033685_20150708,Good,Good,0.9995540469359542,0.00044395400613254444,1.99604026939748e-06,3.017643928675426e-09
S05033685_20160831,Good,Good,0.999996078538927,2.3216005812544604e-06,1.5994047496938083e-06,4.557421035972439e-10
S05033685_20170726,Good,Good,0.9978678997791243,0.0010574512404344701,0.001074406106050101,2.4287439115035634e-07
S05033685_20180724,Good,Good,0.9999559691585974,9.402830525499294e-06,3.461582880640797e-05,1.2182070655994875e-08
S05033685_20190725,Good,Good,0.9877416719824187,0.01225788722097402,4.397153105187086e-07,1.081296861429225e-09
S05033685_20210824,High,High,0.31325480430732233,0.6867439443842391,1.2473608509867834e-06,3.947587629721624e-09
S05033685_20220913,Good,Good,0.9980143542425982,0.001559860045420422,0.0004249765620322962,8.091499490696512e-07
S05033700_20070728,Good,Good,0.9844916946430651,0.01008443471861114,0.0054223697698310746,1.500868492761142e-06
S05033700_20080723,High,High,0.003362047393879122,0.9966345203318235,3.412766902699606e-06,1.950739458236249e-08
S05033700_20090716,High,High,0.0006772033106436197,0.9993213487360926,1.4216716905908543e-06,2.628157329670033e-08
S05033700_20100721,High,High,0.3028879670611128,0.6949552423079681,0.00214867790435249,8.112726566553657e-06
S05033700_20110728,Good,Good,0.999776740892308,4.30941621654669e-06,0.0002186395588044387,3.1013267113298236e-07
S05033700_20120704,Good,Good,0.7223729072507377,0.2772937444988488,0.0003318705671165728,1.4776832969864269e-06
S05033700_20130731,High,High,2.4577018913758196e-05,0.9999753986335296,2.4020650485885814e-08,3.2690612791490984e-10
S05033700_20140702,High,High,1.9094064645565404e-05,0.9999809043422446,1.5579037752712842e-09,3.5205870413057196e-11
S05033700_20150707,High,High,0.0002804945531614451,0.9997194244809987,7.69374730144449e-08,4.028366758329211e-09
S05033700_20160913,High,Good,0.8472493920166161,0.15274624517912946,4.35704030393571e-06,5.763950582847773e-09
S05033700_20170726,Good,Good,0.9296707877944369,0.06778295351612129,0.0025273157202094767,1.8942969232390818e-05
S05033700_20180724,Moderate,Good,0.6785017033569335,0.001583769041767778,0.31975517910778706,0.00015934849351178208
S05033700_20190725,Moderate,Good,0.9980279624923651,3.752922804594051e-05,0.0013538058334481638,0.00058070244614078
S05033700_20210824,High,High,0.18514850927499335,0.8148062320496805,4.39645696809635e-05,1.2941056452968485e-06
S05033700_20220914,Good,Good,0.9991333069229609,0.0004327039458631447,0.00043387130177132565,1.1782940457022844e-07
S05033800_20100721,Good,Good,0.9998877742037423,7.957959067460484e-05,3.257712377111993e-05,6.908181192631114e-08
S05033800_20110727,High,Good,0.9965197153310893,0.0008879959722981372,0.0025741819234415477,1.8106773171070545e-05
S05033800_20120704,Good,Good,0.9973696853347073,0.0003408741896368332,0.0022889721327619687,4.6834289396978764e-07
S05033800_20130731,Good,Good,0.9995489691869335,0.00038973961374169793,6.126547607298036e-05,2.572325185478438e-08
S05033800_20140702,Good,Good,0.999739609089338,3.64446779332673e-05,0.000223813883253854,1.3234947487228622e-07
S05033800_20150708,Good,Good,0.9999178644554089,7.404185197743224e-05,8.090452686047046e-06,3.239927658042449e-09
S05033800_20160831,Good,Good,0.9999457917283906,3.898800180255906e-06,5.030640464767828e-05,3.0667815480636232e-09
S05033800_20170727,Good,Good,0.9999901235409457,4.520528391760262e-06,5.3461860286007135e-06,9.744633865610786e-09
S05033800_20180723,Good,Good,0.9992465426410012,0.00037018975851109436,0.0003831906539470004,7.69465407162147e-08
S05033800_20190725,Good,Good,0.9999946111740634,2.285050433026538e-07,5.160164793680749e-06,1.5609955556906698e-10
S05033800_20210825,Good,Good,0.9993162152380143,5.1154516730148055e-05,0.0006325560375917571,7.420766390164724e-08
S05033850_20130731,Good,Good,0.9993894404911016,0.0005921348386766851,1.835786877962891e-05,6.680144197143649e-08
S05033850_20140702,Good,Good,0.9941581846952692,0.005840861735090524,9.513717819242787e-07,2.197858242737356e-09
S05033850_20150708,Good,Good,0.9999830397649557,1.3170451209686768e-05,3.788597416863298e-06,1.1864177272320536e-09
S05033850_20180622,Good,Good,0.9999668777875576,2.9706033724406412e-05,3.3875297493213194e-06,2.864896877932379e-08
S05033850_20190626,Good,Good,0.9998948901476524,0.00010240595445179422,2.3912388619291345e-06,3.126590338504504e-07
S05033850_20200525,High,High,0.27145236057717753,0.728544413331364,3.204246434138481e-06,2.1845024329169394e-08
S05033850_20210614,Good,Good,0.9939831214902153,0.006009485989432586,7.276373084921951e-06,1.1614726713382255e-07
S05033850_20220519,Good,Good,0.99911260449509,0.0008815052276952207,5.831670283616988e-06,5.8606931256043255e-08
S05034700_20130731,High,High,0.4115766885727457,0.5857653363088545,0.0025631620498180363,9.481306858174554e-05
S05034700_20140703,High,High,0.041766214592683336,0.958230845522001,2.5587492556514113e-06,3.8113605996085483e-07
S05034700_20150809,High,Good,0.9989628296458104,0.000672509252606617,0.00036381581926689946,8.452823159470052e-07
S05034700_20160831,Good,Good,0.9981831537534402,2.7192249787817797e-05,0.00178750853490671,2.145461865270251e-06
S05034700_20170929,Good,Good,0.9939520222090653,0.0009437407942515125,0.005099374804447818,4.862192235403566e-06
S05034700_20190725,Poor,Moderate,0.002230189430719866,1.4415220407575642e-06,0.9888268581280456,0.00894151091919378
S05034855_20160831,Good,Good,0.9996945230569874,1.2368637749943825e-05,0.00029309774591446586,1.055934824930167e-08
S05034855_20170727,Good,Good,0.7126389462455553,0.2871494300267462,0.00011845318891040685,9.317053878808024e-05
S05034855_20180723,Good,Good,0.5952658688456732,0.40044129568971626,0.0029912049074960756,0.0013016305571145353
S05034855_20190725,High,High,0.0002524065578397488,0.9997475861417736,6.1218195190202296e-09,1.178567154128998e-09
S05034855_20210825,Good,Good,0.8234019215453784,0.17612563094050399,0.000471860998279633,5.8651583787498e-07
S05034855_20220914,High,High,0.04796844338432126,0.951957492022095,6.561789488286854e-05,8.446698700742891e-06
S05035000_20070728,Poor,Moderate,1.5658568333032825e-05,5.833391398059239e-08,0.9956489972471426,0.004335285850610429
S05035000_20080722,Moderate,Moderate,0.19090884354603876,3.810870369781217e-05,0.7782598396215195,0.030793208128743952
S05035000_20090717,Moderate,Moderate,0.32502754733810435,5.0897737542280014e-05,0.6727184844386832,0.002203070485670259
S05035000_20100721,Moderate,Moderate,0.005897231285514947,1.2086524357895763e-07,0.9939271626096167,0.00017548523962494257
S05035000_20110727,High,High,0.0005461511037677844,0.9994537876394458,5.791292047877355e-08,3.3438658548089244e-09
S05035000_20120704,High,High,0.07668776788216172,0.9233093321283715,2.663573612994052e-06,2.3641585377104137e-07
S05035000_20130731,Good,Good,0.9907266998704092,2.340965801198322e-05,0.009247748869925857,2.1416016530082233e-06
S05035000_20140702,Moderate,Moderate,0.2582807529574317,0.00010458367451139727,0.7409324503921773,0.000682212975879803
S05035000_20150708,Good,Good,0.9665451655121935,0.03241499074116268,0.0010396695659179625,1.7418072587947457e-07
S05035000_20160914,Good,Good,0.694600223874124,0.24528563209523038,0.06004491459177224,6.922943887346217e-05
S05035000_20170727,Good,Moderate,0.4543603093005768,0.006736513780008922,0.5386270494795427,0.00027612743987166343
S05035000_20180723,Good,High,0.1641953217464466,0.8355132205077772,0.00029107212499767694,3.8562077848111683e-07
S05035000_20190725,Good,Good,0.996065815045387,0.00011337742760128951,0.0037836045362625156,3.720299074920625e-05
S05035000_20210825,High,High,0.040546663464374744,0.9594405476697252,1.261595970481858e-05,1.729061951398569e-07
S05035000_20220914,Good,Good,0.9649259643480288,0.001182813821288418,0.033885482842818115,5.738987864732721e-06
S05039150_20130731,Good,Good,0.9999769261003154,1.224941669060753e-05,1.063828410317628e-05,1.8619889077114428e-07
S05039150_20140630,Good,Good,0.999998746791513,1.0005080934247449e-07,1.1490764101059817e-06,4.081267498177498e-09
S05039150_20150706,Good,Good,0.9999617283246252,3.3268472854327085e-05,4.622793520164323e-06,3.80409000216762e-07
S05039150_20160831,Good,Good,0.999974619376229,3.5463145840390733e-07,2.501989838853015e-05,6.093924026802494e-09
S05039150_20170808,Good,Good,0.9917721641842409,1.1936848585839153e-06,0.008225361894310479,1.2802365900583282e-06
S05039150_20180720,Good,Good,0.9999638772211081,7.501523646945955e-06,2.8615057438389863e-05,6.197806560317209e-09
S05039150_20210903,Good,Good,0.9988261351140721,4.718012432454887e-06,0.0011685142039180266,6.326695774776128e-07
S05039150_20220916,Good,Good,0.999705674049599,1.0662503941719501e-06,0.0002928983075884534,3.613924182735731e-07
S05039200_20070727,Good,Good,0.9998825797527184,1.7802288085441903e-06,0.00011555537839589818,8.464007714157848e-08
S05039200_20080722,Good,Good,0.9999014085864676,1.3304919638356551e-06,9.725579811910294e-05,5.1234494010844205e-09
S05039200_20090716,Good,Good,0.9999676046200218,2.7422192035557062e-05,4.959671990271721e-06,1.3515952364647857e-08
S05039200_20100722,Good,Good,0.9993416789803883,7.175219256689142e-06,0.0006510797208499591,6.607950506623983e-08
S05039200_20110913,Moderate,Good,0.9987205008008883,0.00034378516910698855,0.0009346073803253842,1.1066496794326316e-06
S05039200_20120808,Good,Good,0.9999292718658042,1.9521186835518582e-05,5.119947335727249e-05,7.47400304476177e-09
S05039200_20140630,Good,Good,0.9997593353859477,7.246173544345262e-05,0.00016717248112101937,1.0303974877659598e-06
S05039200_20150706,Good,Good,0.9999782336628299,6.585642040719509e-06,1.5164129224883745e-05,1.65659045864821e-08
S05039200_20160830,Good,Good,0.9999922511817527,7.438382938452629e-06,3.100623119833222e-07,3.7299675376999047e-10
S05039200_20170808,Good,Good,0.9999932213642727,3.8561083825459385e-06,2.9216565806198426e-06,8.707641696115829e-10
S05039200_20180719,Good,Good,0.999869905338488,1.2740816372019463e-05,0.00011735153081206586,2.3143279263529014e-09
S05039200_20190802,Good,Good,0.9997922167653839,1.7691731318805925e-05,0.0001900678451817158,2.3658115594880026e-08
S05039200_20210903,Good,Good,0.9999793821561872,5.469110676845672e-06,1.514279445184428e-05,5.938684011603448e-09
S05039200_20220916,Good,Good,0.9943115106163244,0.0002886468393359761,0.0053992255419914445,6.170023481179506e-07
S05040100_20130806,Good,Good,0.9968555464276224,0.0008919270059051502,0.0022467099043990287,5.816662073431336e-06
S05040100_20160830,High,Good,0.9923182071742848,0.0076762495946561295,5.483481387160395e-06,5.974967187350838e-08
S05040100_20170821,High,High,4.345256722945085e-06,0.9999956543962584,3.228180731029872e-10,2.420054870226605e-11
S05040100_20180719,High,High,0.010700051023871527,0.9892992899239046,6.186516115011493e-07,4.040061242302874e-08
S05040100_20210903,Good,Good,0.9982532343072912,0.0011609229914481898,0.0005858351183297689,7.582930761688013e-09
S05040100_20220916,Good,Good,0.9998959612507734,8.643453241390903e-05,1.7589955999505738e-05,1.4260813221424505e-08
S05041000_20080722,High,High,0.2806014773333696,0.7188656022643745,0.0005322129217160385,7.074805398911642e-07
S05041000_20090716,High,High,1.2838554769422136e-05,0.9999870293568188,1.3153104015057887e-07,5.573716053469272e-10
S05041000_20100722,Good,High,0.06128719108421294,0.9378470477685463,0.0008648109632855392,9.501839553404603e-07
S05041000_20110913,Good,Good,0.9851486213575523,0.014566878689186791,0.00028401365156068345,4.863017002039512e-07
S05041000_20120808,High,High,3.5215918359226624e-05,0.9999643815084395,3.9920314884941153e-07,3.3700523757600664e-09
S05041000_20130731,Good,Good,0.9994980881820612,0.00031255473050124146,0.00018934708958711434,9.997850384531732e-09
S05041000_20140630,Good,Good,0.9999651462299792,1.225211231856108e-06,3.362488391667591e-05,3.6748722986027166e-09
S05041000_20160830,Moderate,Moderate,0.4633777133522208,0.0015129759390432272,0.5347548167786297,0.0003544939301064231
S05041000_20170808,Moderate,Moderate,0.08501866508476542,0.050793162388187735,0.8641787742572495,9.398269797342555e-06
S05041000_20180719,Good,Good,0.7799321144533018,0.0002571138920177165,0.2193127172820447,0.0004980543726357515
S05041000_20190802,Moderate,Moderate,0.16043364518647607,1.039540369384244e-06,0.8394095845484334,0.00015573072472118928
S05041000_20210903,Moderate,Moderate,0.0024389375454313823,0.00016038624335166685,0.997390379364627,1.0296846589892283e-05
S05042000_20070727,Good,Good,0.999860791482335,2.2745334705432973e-07,0.00013896367350535202,1.7390812704096005e-08
S05042000_20080722,High,High,0.06703983523253272,0.9308688861013059,0.0019669245700549213,0.0001243540961064872
S05042000_20090716,High,High,0.003253532380192001,0.9966029065355876,0.0001435514200990741,9.664121494744934e-09
S05042000_20100722,Good,High,0.3354623865445404,0.6645363386287205,1.267682653570033e-06,7.144085538459599e-09
S05042000_20110913,Good,High,0.020003555745505903,0.9799939700326015,2.469454928242076e-06,4.766964397075485e-09
S05042000_20120808,High,High,0.0021374587758095144,0.9978594911787606,3.021487611037779e-06,2.8557818874565033e-08
S05042000_20130731,High,High,0.0005078293266772689,0.9994854999522008,6.646018268224496e-06,2.4702853706914324e-08
S05042000_20140630,High,High,0.014668949191945028,0.985327650336274,3.3991088264090845e-06,1.3629545466587428e-09
S05042000_20160829,Good,Good,0.9978244801350603,0.00026231454250219777,0.0019128800150259037,3.253074116010364e-07
S05042000_20170808,Moderate,Good,0.9485409552666567,0.0003429755556128703,0.051094199043870414,2.187013386004992e-05
S05042000_20180719,Good,Good,0.8543313010149016,0.00047097397490110366,0.14519507322394448,2.6517862525914944e-06
S05042000_20190801,Moderate,Good,0.999821973791631,4.988920513486326e-07,0.0001772643226772518,2.629936405013092e-07
S05042000_20210903,Good,Good,0.9918915823650555,0.0001316289107634849,0.00797526885962498,1.519864556182052e-06
S05042000_20220915,Moderate,Good,0.9671660332393835,0.0005921029536652515,0.03222926261801318,1.260118893793715e-05
S05042930_20160829,Moderate,Moderate,0.2894485870675139,0.02089879678963153,0.6886335785135296,0.0010190376293250098
S05042930_20180719,Poor,Moderate,0.019797527615716213,0.000557966068186825,0.9795193205276876,0.00012518578840931867
S05042930_20190802,Moderate,Good,0.9965977223457964,3.875983640665773e-05,0.003117499246901364,0.0002460185708955948
S05042930_20210903,Moderate,Moderate,0.25980477720144324,0.011749340402222789,0.7279122304208752,0.0005336519754588377
S05042930_20220915,Good,High,0.4732100623918084,0.5209834679202245,0.005793438373905066,1.3031314061998021e-05
S05042950_20120725,High,Good,0.9818892053580627,0.018107552299353798,3.2381169330189734e-06,4.225650454389233e-09
S05042950_20130806,Good,Good,0.8874940641803648,0.10976283458997847,0.002742544699416094,5.56530240703559e-07
S05042950_20140703,Good,Good,0.9996227909821672,0.00037704070290792553,1.6670326699251122e-07,1.6116579022425867e-09
S05042950_20150709,Good,Good,0.9884159675514512,0.0014630944478359257,0.010116136732276864,4.801268436032812e-06
S05042950_20160803,High,High,0.20996417121754005,0.7900352618432597,5.538576356956157e-07,1.3081564745542362e-08
S05042950_20170809,High,Good,0.8862240178374461,0.11376217312725964,1.363802891941409e-05,1.710063749103297e-07
S05042950_20180830,High,High,0.002719898859225178,0.9972799712947559,1.230679504103045e-07,6.7780685582747e-09
S05042950_20190725,Good,Good,0.9994796865243964,0.0004811008575298671,3.908380019806868e-05,1.28817875743519e-07
S05042950_20210826,High,High,0.267032157372036,0.7329663959923449,1.4360063539795014e-06,1.0629265139137337e-08
S05042950_20220915,Good,Good,0.9983262690522187,0.0016709270611099823,2.7315498615843692e-06,7.233680975024234e-08
S05043000_20090717,Moderate,Good,0.6303478357392044,6.01140022608908e-06,0.3695644339260928,8.17189344768756e-05
S05043000_20100722,Moderate,Moderate,0.0042561125462268045,2.9722273452150495e-05,0.9953521390164932,0.00036202616382783627
S05043000_20110726,Moderate,Good,0.8464404091834697,4.798607637081361e-05,0.15350406268136624,7.542058793055063e-06
S05043000_20120716,Good,Good,0.9991686276860845,1.4350355566162938e-06,0.0008295395873267953,3.9769103207394534e-07
S05043000_20130806,Moderate,Good,0.9686652701292368,8.804932615941775e-06,0.031318176397994404,7.748540152930653e-06
S05043000_20140703,Good,Good,0.976909529299494,3.963747440960507e-06,0.02307830854598661,8.198407078402022e-06
S05043000_20150709,High,High,0.0026067222460924282,0.9973742079891893,1.8935301241409178e-05,1.344634769565694e-07
S05043000_20160802,Good,Good,0.9689183062022241,0.023079168056061333,0.008001380686853549,1.145054861038973e-06
S05043000_20170808,Moderate,Good,0.9569529597360256,4.958670670795147e-05,0.042994689215948505,2.7643413179797107e-06
S05043000_20180830,Good,Moderate,0.0068786178994792585,8.256366862360045e-07,0.9931205029204743,5.354336012823549e-08
S05043000_20190725,Good,Good,0.8918351263857727,0.00035939188944877947,0.10780494902246432,5.32702314312454e-07
S05043000_20210826,Good,Good,0.9988935292440383,1.1468727576708645e-05,0.0010949644287103996,3.7599674576736185e-08
S05043000_20220915,Moderate,Good,0.9848245950059051,8.92309240923957e-05,0.015085349285697562,8.247843049402402e-07
S05044000_20070728,Good,High,0.3360911481914981,0.6625403802486934,0.0012046315973146483,0.00016383996249376577
S05044000_20080722,Good,Good,0.9991095781606297,3.570573178647371e-05,0.0008546460198248921,7.008775889820615e-08
S05044000_20090717,Good,Good,0.9977125682862747,0.0011347213030308287,0.0011526295726557308,8.083803870618921e-08
S05044000_20100722,Moderate,Good,0.8805241541342249,7.319069789837236e-06,0.11946370504659844,4.821749386871014e-06
S05044000_20110726,Moderate,Good,0.9755275276832697,6.3585867029017155e-06,0.02446582538085302,2.8834917431955163e-07
S05044000_20120716,Good,Good,0.8474022579076355,0.002687853652280118,0.14989202653653996,1.7861903544397312e-05
S05044000_20130731,Good,Good,0.9989818443902463,7.085155962075562e-05,0.0009471760545563825,1.27995576472723e-07
S05044000_20140703,Moderate,Moderate,0.007869418623757134,2.22808365848105e-05,0.9895162455704385,0.0025920549692195977
S05044000_20150709,Moderate,Good,0.9334485365152171,1.0149340407480582e-05,0.0664616731376056,7.964100676980209e-05
S05044000_20160803,Good,Good,0.9505954714296159,0.04530263503714574,0.004099826999875471,2.0665333630000174e-06
S05044000_20170809,Good,Moderate,0.05654517247348092,7.21770778803889e-05,0.9433773468500558,5.30359858289902e-06
S05044000_20180831,Good,Good,0.5799237167130872,0.3692130985584616,0.050860756984694666,2.427743756630407e-06
S05044000_20210826,Good,Good,0.9904885233378963,0.0002477053161607389,0.009262733899825952,1.0374461170973998e-06
S05044000_20220915,High,Good,0.973200127484775,0.0016717909524939865,0.025117408736101174,1.0672826629784472e-05
S05048000_20080721,Good,Good,0.9999946364883292,3.6582337645683494e-06,1.7047622563714039e-06,5.156498699072448e-10
S05048000_20090715,Good,Good,0.9960311685031086,0.003957732182985904,1.109260732209011e-05,6.7065834482932275e-09
S05048000_20110908,High,High,0.01158919367400803,0.9884067487116769,4.050256218672995e-06,7.358096505451765e-09
S05048000_20130704,Good,Good,0.999987035832141,1.2711299529560291e-05,2.525568092309765e-07,3.1152021002106863e-10
S05048000_20140610,Good,Good,0.9993631004811083,0.0006344730044994037,2.409748302258124e-06,1.6766090048788626e-08
S05048000_20150623,Good,Good,0.99980728117491,0.00019193098111164078,7.873699388036692e-07,4.740396660234585e-10
S05048000_20160727,Good,Good,0.9999893811092138,9.877411390163043e-06,7.401207760014951e-07,1.3586199965021011e-09
S05048000_20170830,High,High,0.0031290295434666117,0.9968705278097972,3.957407230272685e-07,4.6906013183604944e-08
S05048000_20190730,High,High,0.0023487853286714355,0.997650878469604,3.2897560033884256e-07,7.2261242728535614e-09
S05048000_20200721,High,High,0.00020117504894791476,0.9997988244202972,3.391106604935128e-10,1.916442316672359e-10
S05048000_20210909,High,High,2.6391729004978483e-05,0.9999735854428347,2.2032909407004794e-08,7.952509821449764e-10
S05048000_20220721,Good,Good,0.9999984632409935,9.975462358984346e-07,5.38134974425211e-07,1.0777960007374614e-09
S05048015_20160727,High,High,0.0023238514983949755,0.9976760879160071,6.046311300062008e-08,1.224848711523608e-10
S05048015_20170830,Good,Good,0.999989803167559,9.930539228363467e-06,2.650617390751759e-07,1.2314735485959736e-09
S05048015_20180718,High,High,9.59191572830013e-07,0.9999990262039133,1.4462683013335364e-08,1.418307712694154e-10
S05048015_20190730,High,High,1.6930244024142977e-06,0.9999983066426397,3.078408807753291e-10,2.5117006371644388e-11
S05048015_20200721,Good,Good,0.9689899310490105,0.03099834984115261,1.1548775744242896e-05,1.7033409257657415e-07
S05048015_20210909,High,High,1.5697435700945394e-05,0.999984301855419,6.624473510825503e-10,4.6432796280422926e-11
S05048015_20220721,High,High,2.3944961584806897e-05,0.9999760525581628,2.4599718986068172e-09,2.0280545690216116e-11
S05048210_20070726,Good,Good,0.9596110740391899,0.0014966027447296693,0.038850319733422185,4.200348265835673e-05
S05048210_20080721,Good,Good,0.9044356307206509,0.00011754804965767956,0.09544630662784633,5.146018449363391e-07
S05048210_20090715,High,Good,0.9035843546156609,0.09585471738662693,0.0005609060075659608,2.1990146139320986e-08
S05048210_20100707,Good,Good,0.9725991804352201,0.026430171530356514,0.0009706100963140766,3.793810931239238e-08
S05048210_20120720,Moderate,Moderate,0.04958284149884268,2.6846002503017487e-05,0.9503901820336607,1.304649937063737e-07
S05048210_20130809,Good,Good,0.9996316233768484,0.00023850482855104034,0.00012951298055502303,3.588140455372792e-07
S05048210_20150623,Good,Good,0.9728531358969699,0.008135384243159759,0.019011223989158485,2.558707119708236e-07
S05048210_20160728,Good,Good,0.9538504352512784,0.0006767001434723323,0.045472667999474206,1.9660577497758834e-07
S05048210_20170831,Moderate,Moderate,0.42465694266723325,0.0007224574262349018,0.5746174914062455,3.1085002862943816e-06
S05048210_20180718,Good,Good,0.9615197935711843,3.155547052530819e-05,0.038448560702317884,9.025597251349902e-08
S05048210_20190726,Moderate,Moderate,0.0001503113431239512,1.9425044265488708e-06,0.9998477394339691,6.7184804446725196e-09
S05048210_20200807,Moderate,Moderate,0.005559933264005919,1.788766069061439e-06,0.9944382597470929,1.822283221765788e-08
S05048210_20210729,Moderate,Moderate,0.0010909886210789255,3.8685078568685075e-07,0.9989086112410401,1.3287095099293784e-08
S05048210_20220711,Moderate,Moderate,0.4984102638482673,3.805217504717758e-05,0.501551482499892,2.0147679361119358e-07
S05049000_20070726,Moderate,Moderate,0.07045021663391805,2.9938765107838644e-05,0.9293667070629038,0.00015313753807034655
S05049000_20080721,Good,Good,0.7836378926533846,5.897427126726242e-05,0.21630185473291125,1.278342436796653e-06
S05049000_20090720,Moderate,Moderate,0.04454972161946728,4.586421491837766e-06,0.9554454122923208,2.796667199249481e-07
S05049000_20100716,Moderate,Moderate,0.006516167008339618,3.4336210581228626e-07,0.9934754325184721,8.057111082476389e-06
S05049000_20110908,Moderate,Moderate,3.787518860148289e-05,2.0840958648610136e-07,0.9999619099072486,6.494563308395618e-09
S05049000_20120807,Moderate,Moderate,1.7499340510831282e-05,1.192755465319063e-08,0.9999822487044024,2.4002753206239865e-07
S05049000_20140610,Good,Good,0.9870334588421817,0.00015582399618797703,0.012810576372462076,1.407891681214806e-07
S05049000_20150623,Moderate,Moderate,0.0001372182988596603,2.0806683808133718e-06,0.9998604551895095,2.458432498976354e-07
S05049000_20160728,Moderate,Moderate,0.03685018667391406,2.283943582829418e-06,0.9631473785667932,1.508157099965012e-07
S05049000_20170831,Moderate,Moderate,0.0007894706983794288,1.9380455026168767e-06,0.9992085110359875,8.022013037775039e-08
S05049000_20180718,Moderate,Moderate,0.00022442373548541632,6.691340522250088e-08,0.999775501151809,8.199300384429193e-09
S05049000_20200721,Moderate,Moderate,0.004488496419178697,1.920142272075292e-06,0.9955095750859029,8.352646348350216e-09
S05049000_20210909,Moderate,Moderate,8.121773433065701e-06,5.879048770073384e-08,0.9999918115457216,7.890357737200504e-09
S05049000_20220801,Moderate,Moderate,0.0029715075903410716,2.3167594488402947e-06,0.9970258737460506,3.019041595700653e-07
S05049220_20120912,Good,Good,0.9997942217417138,0.00019812143986858282,7.588708598514868e-06,6.81098189704501e-08
S05049220_20130712,High,High,0.005728584439528331,0.9942709497026191,4.447325608863169e-07,2.1125291758700575e-08
S05049220_20140619,High,High,0.0434490638135001,0.9565508047217128,1.237778577896834e-07,7.686929210154742e-09
S05049220_20150625,Good,Good,0.9949630647476649,0.005035788818960942,1.1088677290817495e-06,3.7565645090559194e-08
S05049220_20160629,High,High,0.00025343319457469106,0.9997465623660814,4.353691958771081e-09,8.565190901483442e-11
S05049220_20180917,Good,Good,0.9998084820712715,0.00016421698830843567,2.7174903529515082e-05,1.260368905374425e-07
S05049220_20190730,Good,Good,0.9999945318498306,3.6042769601601466e-06,1.8526753601876318e-06,1.119784906442748e-08
S05049220_20200721,Good,Good,0.9993207632970685,0.0006761567145180612,2.9666400178506594e-06,1.1334839559633757e-07
S05049220_20220801,Good,Good,0.9999858767991322,1.4079770439771437e-05,4.015829602854272e-08,3.2721321153232915e-09
S05049860_20160829,High,High,3.2835236851335063e-07,0.999999670388762,1.2183963474694995e-09,4.047300943459264e-11
S05049860_20180917,High,High,6.747477536545522e-08,0.9999999325021338,1.9961829263912463e-11,3.129096069940915e-12
S05049860_20190730,High,High,3.8251132425963604e-05,0.9999617443388401,4.304987096521993e-09,2.237468271460753e-10
S05049860_20200721,High,High,0.0003946913557735046,0.9996053021119404,6.101543999492216e-09,4.3074200555483046e-10
S05049860_20210909,High,High,6.111079393208498e-07,0.9999993887745521,1.1325045373806801e-10,4.258179240903998e-12
S05049860_20220801,High,High,1.5724224076224143e-07,0.9999998427395579,1.7103190331145774e-11,1.0980410333769027e-12
S05049950_20070727,High,High,0.04822464093450902,0.9517633577946499,1.1986365414403534e-05,1.4905426590597577e-08
S05049950_20090720,High,High,1.2316588377924189e-05,0.9999876605360161,2.2777376024797753e-08,9.822998774971278e-11
S05049950_20110906,Moderate,Good,0.5734878866460462,0.0027441812159807373,0.4236873788130429,8.055332493015522e-05
S05049950_20130712,High,High,2.075637820697323e-06,0.9999978791413174,4.31127894963721e-08,2.108072331116553e-09
S05049950_20140619,Good,Good,0.9908916076222796,0.009099297223406197,8.836852008498368e-06,2.5830230576338874e-07
S05049950_20150625,High,Good,0.999819972720601,0.0001592450682769628,2.0779159827859523e-05,3.0512942874437518e-09
S05049950_20160830,Good,Good,0.9822150237781685,0.017437297429917835,0.0003476586905950769,2.0101318565923826e-08
S05049950_20170822,Good,Good,0.8822131754339442,0.11746350734263332,0.00032312040634351394,1.9681707891505877e-07
S05049950_20180918,Good,Good,0.9988536073111359,0.00107837094515007,6.79534458617198e-05,6.829785225877181e-08
S05049950_20190730,Good,Good,0.9236925317976831,0.03223801402015949,0.044068947079048966,5.071031086101127e-07
S05049950_20200721,High,High,1.2288016327084414e-06,0.9999987661454505,5.017612299148766e-09,3.530455265507523e-11
S05049950_20210909,High,High,3.909759243760392e-05,0.9999605356022715,3.6618785567576026e-07,6.174351854830776e-10
S05049950_20220801,Good,Good,0.9956817473400943,0.004141765098694371,0.0001763296671289903,1.5789408247161117e-07
S05050000_20070727,Moderate,Moderate,0.0031787393422611845,6.445002892235466e-07,0.9968195655153413,1.0506421081665148e-06
S05050000_20080722,Moderate,Moderate,0.027465325742739508,6.818572756419157e-07,0.97231977620815,0.0002142161918348031
S05050000_20090720,Good,Good,0.6566768828820391,1.3867816028442638e-05,0.34307800597676014,0.00023124332517243483
S05050000_20100723,Moderate,Moderate,0.27560035166683305,4.010762035999457e-05,0.724207740013194,0.00015180069961292882
S05050000_20110906,Moderate,Moderate,1.5224074855682356e-05,4.17557230141221e-09,0.999984656285332,1.1546424010960146e-07
S05050000_20120807,Good,Moderate,0.3897204760561555,0.0029600344661895634,0.6072936461849874,2.5843292667514243e-05
S05050000_20130809,High,High,0.0024554320803573592,0.9975278368428904,1.6470884865631698e-05,2.6019188654016563e-07
S05050000_20140619,Good,High,0.10332788259376874,0.6692558799029843,0.22736668016909045,4.955733415648397e-05
S05050000_20150625,High,High,0.06117710847897736,0.9349146418900622,0.003902163586419616,6.08604454073022e-06
S05050000_20160830,High,Good,0.9920547607370567,0.0003886015740658576,0.007555478920519564,1.158768357878541e-06
S05050000_20170822,Moderate,Moderate,0.0007132224049931208,2.8895488944283905e-07,0.9992838865003506,2.6021397668866665e-06
S05050000_20180918,Moderate,Moderate,0.0032090269952330173,1.5451659496931746e-06,0.9967786818590261,1.0745979791242952e-05
S05050000_20190730,Moderate,Moderate,6.388623886935925e-05,2.397528291339217e-07,0.9999334043792728,2.469629028819173e-06
S05050000_20200721,Poor,Moderate,9.885978366050495e-06,5.5267211530565125e-08,0.9999734358448696,1.662290955278619e-05
S05050000_20210909,Good,Good,0.6981656432338875,0.1806936964190248,0.12092459482306936,0.00021606552401829158
S05050000_20220801,Moderate,Moderate,0.028438007884810414,2.073669121953411e-06,0.970857260512494,0.0007026579335736986
S05050010_20130712,Good,Good,0.9893861428596274,0.009999978846819888,0.000613456616621351,4.216769313611352e-07
S05050010_20140723,Good,Good,0.9999860857292096,1.331638367397467e-05,5.968237405020104e-07,1.0633760037068073e-09
S05050010_20150721,Moderate,Good,0.9996726085769241,0.0002979358100216586,2.8904477726188777e-05,5.511353280317631e-07
S05050010_20160829,Good,Good,0.9997408065000768,0.00025451771169630037,4.675265456282806e-06,5.227706095294919e-10
S05050010_20170822,Good,Good,0.9999913299307692,6.8850539547490685e-06,1.7844325564590933e-06,5.827195633141805e-10
S05050010_20180918,Good,Good,0.999932044625397,6.646557316703393e-05,1.486418763988043e-06,3.3826719978305514e-09
S05050010_20200721,Good,Good,0.9999873162192191,1.2041796851238348e-05,6.417419703182698e-07,2.419592660210669e-10
S05050010_20210909,Good,Good,0.9999682189873063,1.1946954255149882e-05,1.9831966251326642e-05,2.0921872180019618e-09
S05050010_20220801,Good,Good,0.9999824229654876,1.6670454766538742e-05,9.058435316481155e-07,7.36214361180187e-10
S05050800_20070727,Good,Good,0.9999986406243687,1.5888145208945698e-07,1.1898041625048842e-06,1.069001666539966e-08
S05050800_20080722,Moderate,Moderate,0.277985509506047,1.052856877729208e-05,0.7218216391104162,0.00018232281475964078
S05050800_20090720,Good,Good,0.9999889411432993,9.017084326035907e-06,2.0369607017526762e-06,4.811672899594335e-09
S05050800_20100723,Good,Good,0.9999687483103382,5.9359346538621716e-06,2.5152916400399123e-05,1.6283860758208993e-07
S05050800_20120717,Moderate,Moderate,0.01640253586670228,3.065999572335223e-06,0.9817447126386708,0.001849685495054636
S05050800_20130703,Good,Good,0.9999948261846175,3.945105484525684e-06,1.2120956802181421e-06,1.661421769503622e-08
S05050800_20140619,Good,Good,0.999998093155778,5.617911071794971e-07,1.3433394890541833e-06,1.7136257352306927e-09
S05050800_20150625,Good,Good,0.9999962343576665,2.2855473672313734e-06,1.4782024808764258e-06,1.892485424814343e-09
S05050800_20160830,Good,Good,0.9999956394306561,1.934082612343101e-06,2.4205110948167915e-06,5.9756368162393265e-09
S05050800_20170823,Good,Good,0.999960490927236,2.432679586936285e-06,3.705762880774819e-05,1.8764369305833167e-08
S05050800_20180918,Good,Good,0.9680756864171665,0.0318178973705309,0.00010526491095416372,1.1513013484508082e-06
S05050800_20190731,Good,Good,0.9997629824885319,0.00016469634178563897,7.192239385013074e-05,3.987758324050175e-07
S05050800_20200722,Good,Good,0.999726290257281,0.00026764585824943024,6.027066290637149e-06,3.6818178846681015e-08
S05050800_20210910,Good,Good,0.9999942562894415,1.8888596871170547e-06,3.852521180668119e-06,2.3296908222982047e-09
S05050800_20220802,Good,Good,0.9999995209773614,3.247493730646609e-07,1.5343891158290568e-07,8.343539220288134e-10
S05051000_20070727,High,Good,0.9995238030757585,0.0001289872067536819,0.00034517717422140207,2.0325432664272918e-06
S05051000_20080722,Good,Good,0.9989517742067558,8.486357985699745e-06,0.0010386175674133415,1.1218678452481344e-06
S05051000_20090720,Good,Good,0.9885473940000836,0.009510226394243905,0.0019359132693549128,6.466336317469332e-06
S05051000_20100723,Good,Good,0.9982488488121215,0.0003128731543070395,0.001435609263506734,2.6687700647626575e-06
S05051000_20110906,Good,Moderate,0.00039765245436156516,9.22855603652087e-08,0.9996020486316138,2.066284641933627e-07
S05051000_20120807,Good,Good,0.7466943077900969,0.05567361936896358,0.1971745891338045,0.0004574837071350708
S05051000_20130826,Good,Good,0.9983203449785155,0.0006746174268512343,0.001002333219898768,2.704374734479964e-06
S05051000_20140828,Moderate,Moderate,0.0048071861749503925,0.00020954858001388574,0.9949819197494943,1.3454955414444692e-06
S05051000_20160830,Moderate,Good,0.643766283287447,0.00029005570283373907,0.35594211651887203,1.5444908473410446e-06
S05051000_20170823,Good,High,0.3222064782537051,0.6525789982524073,0.025190578768572287,2.394472531542454e-05
S05051000_20180918,Moderate,Good,0.9341490075889848,0.002927285252548138,0.06281902077073066,0.00010468638773642132
S05051000_20190731,Moderate,Moderate,0.0032427235073985267,2.104370932311047e-05,0.996736072134772,1.6064850648665958e-07
S05051000_20210910,Moderate,Good,0.8131128059105401,0.0002989562821741112,0.18654226453879177,4.59732684940228e-05
S05051000_20220802,Moderate,Moderate,8.355231106398768e-05,5.459466870918064e-08,0.9999163804347334,1.2659533963375936e-08
S05051100_20160831,Good,Good,0.999930551170221,6.458784779291893e-05,4.858807011510739e-06,2.174974637188999e-09
S05051100_20170823,Good,Good,0.9998658989361091,0.00012788487591943018,6.205358036248542e-06,1.082993526674613e-08
S05051100_20180919,High,High,2.6999372283302862e-05,0.999972982513095,1.590904082987245e-08,2.205580853464253e-09
S05051100_20190731,Good,Good,0.9993795313222412,3.7258061548642676e-05,0.0005829491948401493,2.61421369957473e-07
S05051100_20200722,High,High,0.00043393417159076885,0.999566016510243,4.8323914816473086e-08,9.942513507960563e-10
S05051100_20210910,Good,Good,0.8481799365966507,0.1515959039790518,0.0002237479727086905,4.1145158877777227e-07
S05051100_20220802,High,Good,0.9952083071465245,0.004781828936571645,9.748374629102529e-06,1.1554227470437227e-07
S05051120_20120912,Good,Good,0.9645812931771761,0.03532451950891163,9.169407032495022e-05,2.4932435874078107e-06
S05051120_20140619,Good,Good,0.9618973413825012,0.03558610002603063,0.0024899844715649436,2.657411990332776e-05
S05051120_20160831,Good,Good,0.9600856339099774,0.039111773229392556,0.000552452620491264,0.0002501402401388503
S05051120_20180919,High,High,0.021387887240550945,0.9786052882396555,1.7216851230551e-07,6.652351281214842e-06
S05051120_20190731,Moderate,Poor,0.13666183621123099,0.002864994668632452,0.028491905122252005,0.8319812639978846
S05051120_20200722,Poor,Moderate,2.6620614141394667e-05,3.624334751524311e-05,0.9998939420497951,4.319398854834159e-05
S05051120_20210910,Good,Good,0.9853584213034018,0.013923637879409406,0.0007175920033451899,3.488138435565832e-07
S05051120_20220802,High,High,0.024870222202285963,0.9751259090738351,3.4884886013745213e-06,3.802352775449575e-07
S05051200_20070727,Good,Moderate,0.3388291903759596,0.00043572790626821847,0.6605876625664219,0.00014741915135032085
S05051200_20080722,Good,Moderate,0.40416085719129774,0.10953468859884415,0.4862847862819253,1.9667927932879115e-05
S05051200_20090720,Moderate,Moderate,0.02241096344491231,6.651475823186255e-06,0.9065741683149807,0.07100821676428387
S05051200_20100723,Good,Good,0.9576888118278148,0.003291567176509068,0.038244430301644226,0.0007751906940318319
S05051200_20120717,High,High,0.001506513163838717,0.998408432742538,8.500324475778689e-05,5.084886543615472e-08
S05051200_20130731,High,High,0.00027189513810315264,0.9997269652571887,7.840720629521943e-07,3.555326452164082e-07
S05051200_20140619,High,High,0.15570239227205981,0.842763227221548,0.0007997487927180447,0.0007346317136742343
S05051200_20150625,High,High,0.0003838966468229127,0.9996149968874205,1.013698744161851e-06,9.27670123532069e-08
S05051200_20160831,Good,Good,0.5049839856994347,0.4948405504545701,0.00017386739550832674,1.5964504870496632e-06
S05051200_20170823,High,High,0.002271361925372357,0.9977116479783589,1.6591765400856814e-05,3.983308679777724e-07
S05051200_20180919,High,High,0.010494774204268763,0.9892689265859822,0.00023273346454387748,3.565745205170061e-06
S05051200_20200722,High,High,6.259542116198106e-05,0.9999364639832556,8.010666254335397e-07,1.3952895693836383e-07
S05051200_20210910,High,High,0.003228530889177528,0.9967546388357295,1.680062405697294e-05,2.9651036032152613e-08
S05051200_20220802,Good,Moderate,0.1675193700505039,0.0017131153891823292,0.8307623817056676,5.132854646013533e-06
S05051300_20090720,Good,Good,0.9999428537603008,5.240986413220363e-05,4.7287662695827645e-06,7.609297307625897e-09
S05051300_20100723,Good,Good,0.9994774566472506,3.017981727080904e-07,0.0005221532374655501,8.831711120498666e-08
S05051300_20110905,Good,Good,0.999920336136861,1.4257815819246714e-05,6.518006155039852e-05,2.2598576930265594e-07
S05051300_20120717,Good,Good,0.9999827460124633,1.3805965936803033e-05,3.4390967033887164e-06,8.92489645129901e-09
S05051300_20130703,Good,Good,0.9999821368341352,1.708200064005911e-06,1.6140979288648865e-05,1.3986512280672923e-08
S05051300_20140619,Good,Good,0.9999898202335997,7.770511573824157e-06,2.406300226486055e-06,2.9545999097586956e-09
S05051300_20150525,Good,Good,0.99956135256717,2.7322074820280797e-05,0.0004015405108860653,9.784847123738098e-06
S05051300_20160831,Good,Good,0.999975110446532,1.7836058905671637e-06,2.310319011280699e-05,2.757464651864042e-09
S05051300_20170823,Good,Good,0.9999980678858834,2.7154416346539886e-08,1.9002763203019773e-06,4.683379976443426e-09
S05051300_20180919,Good,Good,0.9999942192633217,8.164892465841422e-07,4.959200981803691e-06,5.046450056981625e-09
S05051300_20190731,Good,Good,0.9999997024343176,4.4644305526153475e-08,2.5277794018903426e-07,1.4343680663302719e-10
S05051300_20200722,Good,Good,0.9999354248432412,2.877759000913107e-05,3.560603864288278e-05,1.9152810689526563e-07
S05051300_20210910,Good,Good,0.9999992759941808,3.1619608960406826e-07,4.076418614323655e-07,1.67868057973636e-10
S05051300_20220802,Good,Good,0.9999937357731932,7.962737622406442e-07,5.465669763181039e-06,2.2832813739985325e-09
S05051350_20120912,Good,Good,0.9999254696127177,6.441629901822872e-05,1.0099835824567486e-05,1.4252439636254501e-08
S05051350_20130703,High,Good,0.9259928855423865,0.07400590479631919,1.2085611047630053e-06,1.1001895458970766e-09
S05051350_20140619,High,Good,0.9552488739650674,0.04473991173093603,1.1166632925889456e-05,4.767107065831413e-08
S05051350_20150525,Good,Good,0.9997723516529698,0.00018322609470570122,4.4392610361780714e-05,2.9641962719580065e-08
S05051350_20160830,Good,Good,0.9999843151407195,4.783628190771205e-07,1.5187654609871612e-05,1.884185159825376e-08
S05051350_20170821,High,Good,0.9974556982144038,0.002484834624432242,5.8790329709690774e-05,6.768314542465136e-07
S05051350_20190731,High,Good,0.9996967262725058,0.0002996276970974107,3.5837969139427693e-06,6.223348285520082e-08
S05051350_20200722,Good,High,0.4137507764997936,0.5860547076788708,0.00019440535693202173,1.1046440367188684e-07
S05051350_20210910,Good,Good,0.9999963587621054,1.1723149305428043e-06,2.4620946968091544e-06,6.828267359709398e-09
S05051350_20220802,Good,Good,0.9998079523025771,0.00018635033950627428,5.6548028865742995e-06,4.2555029982836594e-08
S05052000_20070727,Good,Good,0.9990385451871743,0.0005037222542271942,0.0004569787282613061,7.538303371203225e-07
S05052000_20080722,Good,Good,0.7342123299946277,0.2538763717877093,0.011883095352158046,2.820286550511964e-05
S05052000_20090720,High,High,0.49219534872809584,0.5076957691580861,0.00010849898578226444,3.831280358815628e-07
S05052000_20100723,Moderate,Moderate,0.04875093254111506,6.935344772088436e-05,0.9509873242583919,0.00019238975277222108
S05052000_20110905,Good,Moderate,0.054654485410830254,0.0019006504991603873,0.9433841864764293,6.067761358006414e-05
S05052000_20120717,Good,High,0.2889732282933121,0.7098168666177724,0.001208954186286377,9.509026290401904e-07
S05052000_20140619,High,High,0.004220321512057849,0.9956775079758886,0.00010186622105619854,3.042909972072431e-07
S05052000_20150625,High,High,4.823485808090805e-05,0.9999515825956297,1.8181499067542392e-07,7.312986463510038e-10
S05052000_20160831,Good,Good,0.9552387891604935,0.002321235781956175,0.04243201102015708,7.964037393233692e-06
S05052000_20180919,High,High,0.20940709062366317,0.7857965220695446,0.004795908805282889,4.785015092741558e-07
S05052000_20190731,Moderate,Moderate,5.9920917780270706e-06,3.53378799539721e-07,0.999993512759313,1.4177010948068636e-07
S05052000_20200722,Moderate,Good,0.8374376671256338,0.0014576906267886017,0.16106111669209233,4.3525555485224104e-05
S05052000_20210910,High,Good,0.965209402296375,0.022332420548217227,0.012458127685513293,4.946989458550611e-08
S05052000_20220802,Good,Moderate,0.00011938110497874651,2.510040785903457e-06,0.9998761548021844,1.9540520508566607e-06
S05052540_20130711,High,High,0.0017513662897736862,0.9982483425515534,2.838399776243651e-07,7.318695333167059e-09
S05052540_20140616,High,High,1.355645849035658e-06,0.9999986325589373,1.0097620813524954e-08,1.6975929455469483e-09
S05052540_20150930,High,High,1.4000538464697657e-05,0.9999859953041454,2.3421600775104627e-09,1.8152297369285529e-09
S05052540_20180920,High,Good,0.7784109543941671,0.22152957790884453,5.925483321659806e-05,2.1286377183492105e-07
S05052540_20190731,High,High,0.006767028187395608,0.9932327065786997,2.4903103905932027e-07,1.6202865750051814e-08
S05052540_20220802,High,High,9.577761418013583e-06,0.9999904199666593,2.2455929983573906e-09,2.6329694370838254e-11
S05058100_20070726,Good,Good,0.9999827545313484,1.115021056081119e-05,6.091363712240434e-06,3.894378522897912e-09
S05058100_20080721,Good,Good,0.9995705127180815,0.0002551166675779112,0.00017391195044897352,4.586638914266205e-07
S05058100_20090721,Moderate,Good,0.9614234381225417,7.387728865846063e-05,0.03848665798714177,1.6026601658040076e-05
S05058100_20110908,Good,Good,0.9998151304383345,5.1409097693623975e-06,0.0001796357943703474,9.28575259271929e-08
S05058100_20120717,Good,Good,0.99767364650422,1.3835069374248695e-05,0.002311766438262945,7.519881428199484e-07
S05058100_20140610,High,Good,0.6745917317912491,0.3254072258319214,1.0376718234639608e-06,4.70500601975522e-09
S05058100_20150623,Good,Good,0.998674876930381,0.0013136238732330704,1.1497683193009566e-05,1.5131929756944156e-09
S05058100_20160728,Good,Good,0.9999802917560602,1.7878150644797882e-05,1.8295311345922942e-06,5.62160422855932e-10
S05058100_20170831,Good,Good,0.9999786184276422,1.88026384833226e-05,2.5729947158840264e-06,5.9391586233243645e-09
S05058100_20180718,Good,Good,0.9999996646508913,2.915348509085466e-07,4.380203479812857e-08,1.2223006705199475e-11
S05058100_20190821,Good,Good,0.9999928451960497,6.1507178814067226e-06,1.0036266239185928e-06,4.594450298180586e-10
S05058100_20200720,Good,Good,0.9999703155313571,2.9420494249046207e-05,2.6343852149559243e-07,5.358725091388825e-10
S05058100_20210830,Good,Good,0.9999907355030332,8.132755147599723e-06,1.131409825450549e-06,3.3199381449104936e-10
S05058105_20160728,High,High,0.0003303044943643027,0.9996696881107489,7.368971721628754e-09,2.591512098599372e-11
S05058105_20190605,High,High,0.0033518461540862398,0.9966480602451195,2.4042744715824844e-08,6.955804953406178e-08
S05058105_20200526,High,High,0.04126270571285898,0.9587328129875594,4.398827743016944e-06,8.247183850552993e-08
S05058105_20210609,High,High,9.553979072927673e-08,0.9999999044407635,1.795575055037889e-11,1.4900714323523379e-12
S05058105_20220516,High,High,9.337264562238738e-06,0.9999904906681601,1.7003553659439453e-07,2.031741097034682e-09
S05058120_20140610,Good,Good,0.999852896648116,0.0001463713735141021,7.2937144813035e-07,2.606921664667253e-09
S05058120_20150623,Good,Good,0.9986515129798262,0.0013259789456077364,2.2428527587735177e-05,7.954697839479162e-08
S05058120_20160727,Good,Good,0.9973296811417593,0.002584716126331955,8.55701127382809e-05,3.2619170480989476e-08
S05058120_20180622,Good,Good,0.999642908018536,0.0003505487990362506,6.539040896856576e-06,4.141530863217049e-09
S05058120_20200526,Good,Good,0.9979624324721357,0.002032816453965846,4.742324466922825e-06,8.749431583298224e-09
S05058120_20210609,High,Good,0.9710654245014918,0.028931248549236347,3.3057982819331717e-06,2.1150989906640765e-08
S05058120_20220627,Good,Good,0.999919030977717,6.950202273500066e-05,1.1367630029935144e-05,9.936951813611245e-08
S05058600_20070727,Good,Good,0.9999670518502796,1.7913260018408896e-05,1.4728832718592587e-05,3.060569834376555e-07
S05058600_20080722,High,High,8.680009424953493e-05,0.9999131730772565,2.6311926149018745e-08,5.165678299908989e-10
S05058600_20100716,High,High,1.5791119549784452e-07,0.999999841836912,2.4670866143601775e-10,5.183846427149629e-12
S05058600_20110907,Good,Good,0.7579579904883567,0.24200089591008012,4.094698613550449e-05,1.6661542763190408e-07
S05058600_20120719,High,High,9.342512647359671e-08,0.9999999060930757,4.5384640836681674e-10,2.7951470957578472e-11
S05058600_20130730,High,High,8.876145362208645e-07,0.9999991119565735,3.062766698148277e-10,1.226136937285581e-10
S05058600_20140612,High,High,2.5805565243908958e-05,0.999974188559649,4.771632745911514e-09,1.1034744086500087e-09
S05058600_20160927,High,High,9.316911132763424e-09,0.9999999863143223,4.258465844273283e-09,1.1030080498424451e-10
S05058600_20171005,High,High,0.009895186328380327,0.9901044132241861,3.9305706409444893e-07,7.390369385203035e-09
S05058600_20180921,High,High,8.29582961523283e-08,0.9999999155948898,1.4348363418083459e-09,1.19777250273435e-11
S05058600_20200720,High,High,1.4248253464367848e-09,0.9999999985350487,2.344993981083928e-11,1.6675986547512693e-11
S05058600_20210830,High,High,2.691278439443122e-09,0.9999999972903576,1.7170195311763953e-11,1.1938604903668988e-12
S05058600_20220711,High,High,1.0214373800061608e-07,0.9999998963340843,1.5034289706990793e-09,1.8748843398479443e-11
S05058918_20210810,Good,Good,0.9999237895199923,3.633139051282811e-05,3.986052339207288e-05,1.8566102818271935e-08
S05058918_20220620,Good,Good,0.9999992253241898,4.944526185952913e-07,2.784650278403223e-07,1.758163707730753e-09
S05058922_20130731,Good,Good,0.9996747418116856,0.0002843127643649381,4.081605047593318e-05,1.2937347356405605e-07
S05058922_20140612,High,High,0.00018762607509900856,0.9998123700609838,3.73939129254467e-09,1.245259140322834e-10
S05058922_20150623,High,Good,0.999898271765179,0.0001012097824705796,5.156562191243575e-07,2.796131320483862e-09
S05058922_20171004,Good,Good,0.997513504618889,0.0024808095909602764,5.670406031008467e-06,1.5384119659056976e-08
S05058922_20200526,High,Good,0.765096272408035,0.23490235631807108,1.3252438894626575e-06,4.6030004417504476e-08
S05058922_20220627,High,High,1.0708326780960652e-05,0.99998929078365,7.968784381103026e-10,9.269072541981367e-11
S05058935_20070905,Good,Good,0.9988650898160448,9.899394296473102e-07,0.0011337094381007199,2.1080642481294108e-07
S05058935_20080731,Good,Good,0.9999438850805366,3.711244823811045e-05,1.9000217029360918e-05,2.2541958540254635e-09
S05058935_20090818,Poor,Moderate,0.0003023303673011033,1.3327126793948698e-07,0.9996110790371434,8.645732428757228e-05
S05058935_20100722,Good,Good,0.8627113622284125,9.666871066800128e-05,0.13706250196480183,0.0001294670961176486
S05058935_20110825,Good,Good,0.9997492899755196,1.0464409874003625e-05,0.00023985286178789377,3.9275281869674635e-07
S05058935_20130731,Good,Good,0.9999276755188032,2.0545389099156104e-06,7.024154808072725e-05,2.8394206049622332e-08
S05058935_20140612,Good,Good,0.9996738542342369,1.8758605017471332e-05,0.0002740685608319064,3.33185999137319e-05
S05058935_20150623,Good,Good,0.9999810660717985,1.2894886001099212e-05,5.924424855653135e-06,1.146173447640279e-07
S05058935_20160927,Moderate,Good,0.9989179265931791,7.481109279474946e-06,0.0010743312544837455,2.6104305755809565e-07
S05058935_20180917,Good,Good,0.9998652636548644,2.670566323539969e-05,0.00010763369484923204,3.969870510578686e-07
S05058935_20190822,Good,Good,0.9966553875347718,9.618584706562237e-05,0.0032447078822141645,3.7187359483925337e-06
S05058935_20210830,High,High,0.0003648179357824725,0.9996351626360124,1.7325478850040773e-08,2.1027263516299523e-09
S05058935_20220711,Good,Good,0.9881269026089374,0.011867546527320185,5.462583508542825e-06,8.828023394054372e-08
S05058938_20190624,High,Good,0.6602914442079317,0.3396972502680693,1.1217723678859638e-05,8.780032020826732e-08
S05059000_20070727,High,High,1.5523659653939473e-08,0.9999999842641112,2.1039306174217174e-10,1.836096395355171e-12
S05059000_20080721,High,High,1.593803619204175e-09,0.9999999982416983,1.6024780594319723e-10,4.250328945077341e-12
S05059000_20090721,High,High,0.00017835792177168912,0.9998213428271641,2.9901973114517887e-07,2.313330579211077e-10
S05059000_20100716,High,High,0.00033101108513925755,0.9996627998374018,6.158983219503144e-06,3.00942394580793e-08
S05059000_20130730,High,High,0.00022015969329500814,0.9997790866216779,7.441415782262071e-07,9.543448868462335e-09
S05059000_20140612,High,Good,0.6818986047316784,0.31621369208089045,0.0018815724442560308,6.130743175144024e-06
S05059000_20150623,High,High,1.8362390311810522e-05,0.9999775495927588,4.070487297077479e-06,1.7529632399479003e-08
S05059000_20160927,Good,Good,0.7649239403611068,0.22257929484250802,0.012492034235784337,4.730560600955042e-06
S05059000_20171005,Good,Good,0.9749927684033461,0.003575925555861598,0.02087546233128637,0.0005558437095059619
S05059000_20180921,Good,Good,0.6189445486226933,0.36634679920990537,0.014688823485464766,1.982868193669675e-05
S05059000_20200720,Good,Good,0.7437214863139976,0.2552195148816374,0.0009899282829619735,6.907052140316197e-05
S05059000_20210830,Good,Good,0.7237999407635173,0.2683289733918098,0.007694909778954048,0.0001761760657188294
S05059000_20220711,Good,Good,0.9965696530367969,0.00012792724436394727,0.0032946806452523215,7.73907358689967e-06
S05060000_20070727,Good,Good,0.9999433820753884,1.1333515991837724e-06,5.5440731162539135e-05,4.384184976084454e-08
S05060000_20090721,Good,Good,0.999886446770255,8.505569213507227e-06,0.00010498052216081075,6.713837069863821e-08
S05060000_20100716,Moderate,Good,0.9997055740790008,1.8184459028200663e-06,0.0002924826978898234,1.2477720652699816e-07
S05060000_20110907,Good,Good,0.9996245291643715,5.777567370371412e-08,0.0003751218616584558,2.9119829637271866e-07
S05060000_20120718,Good,Good,0.9999748874493891,2.1335654636668885e-06,2.294685298219879e-05,3.213216504090075e-08
S05060000_20130730,High,High,0.16775648473799998,0.832236764439792,2.855933878770286e-06,3.894888329355561e-06
S05060000_20150623,Good,Good,0.9906107995952224,9.318921235705251e-07,0.009376343256229745,1.1925256424366372e-05
S05060000_20160927,Good,Good,0.9999998864714645,1.8680481205083383e-08,9.393553549681472e-08,9.125188007827603e-10
S05060000_20190820,Good,Good,0.9999898120084756,8.366159438884913e-07,9.304139554026175e-06,4.7236026564010396e-08
S05060000_20200720,Good,Good,0.9973742237468833,5.365473130440788e-06,0.0026196029609008332,8.078190854022435e-07
S05060000_20220711,Good,Good,0.999997672871577,9.291459319991465e-07,1.3909236657151815e-06,7.058825392541786e-09
S05060200_20090721,High,High,1.5611837706224325e-07,0.9999998437453911,1.2567802853013413e-10,1.0553730664899067e-11
S05060200_20100716,Good,Good,0.9999323485392652,5.58647285028203e-05,1.1785702162960691e-05,1.030069023230432e-09
S05060200_20110907,Good,Good,0.9999937763767557,4.632112760546514e-06,1.5833492847831988e-06,8.161198881758408e-09
S05060200_20130730,Good,Good,0.9999940085528601,2.318023500094699e-06,3.656456776472542e-06,1.696686335068896e-08
S05060200_20140619,Good,Good,0.9999898931200674,9.789782837241214e-06,3.167078518844284e-07,3.892435659550635e-10
S05060200_20150622,Good,Good,0.9999686910488316,2.5932054623995372e-05,5.376556505309436e-06,3.400391441210202e-10
S05060200_20160928,Good,Good,0.9999995761196658,8.411804965977657e-08,3.386197627016872e-07,1.1425218997847615e-09
S05060200_20171005,Good,Good,0.99996034240544,1.9311589794976027e-05,2.0132987306735834e-05,2.1301745834620582e-07
S05060200_20180920,Good,Good,0.9999718627869912,2.6193628310770696e-06,2.547508720816016e-05,4.276296947718868e-08
S05060200_20190820,Good,Good,0.9999952825801426,4.437150550375781e-07,4.268679821862908e-06,5.024980436062944e-09
S05060200_20200721,Good,Good,0.9999935989771752,6.285258848808707e-06,1.1491425057990803e-07,8.497253638288959e-10
S05060200_20210831,Good,Good,0.9999897525358957,2.9958295297767826e-06,7.147371811654895e-06,1.0426276285071672e-07
S05060400_20070727,High,Good,0.8853475967234227,0.11382981057992751,0.0008222646344151739,3.2806223476380825e-07
S05060400_20080722,High,High,7.030855889170599e-06,0.9999926948648973,2.741903354966201e-07,8.887804929167782e-11
S05060400_20090721,High,High,2.8903471552165792e-05,0.9999710905961057,5.773562998466222e-09,1.5877918402298933e-10
S05060400_20100716,High,High,2.1180905293769107e-08,0.9999999785451262,2.528686019118415e-10,2.1099925498170702e-11
S05060400_20110907,Good,Good,0.9983627319547709,0.0008983805230794736,0.0007385563619287704,3.311602209454833e-07
S05060400_20120719,High,High,9.05900497643798e-05,0.9999093916784624,1.8044443482717888e-08,2.273296553309632e-10
S05060400_20130730,High,High,0.0005222835448928488,0.9994764732364654,1.2415342613694427e-06,1.684380360860638e-09
S05060400_20140619,High,High,3.5872782119150295e-08,0.999999964093388,3.331169465082642e-11,5.182952201922286e-13
S05060400_20160928,High,High,0.4433806321571514,0.5558842910884858,0.0007342627203817392,8.140339810904943e-07
S05060400_20171005,Moderate,Good,0.7190271668516977,0.019318857006531808,0.261547672873088,0.0001063032686826181
S05060400_20180920,Good,Good,0.6970309580976063,0.2816013985138704,0.021358038351512273,9.605037010956559e-06
S05060400_20190819,Good,Good,0.987272079668697,0.003562957435836363,0.009158128560034388,6.8343354322323265e-06
S05060400_20200721,Good,Good,0.9862061958438653,0.0023490203846028264,0.011361351868604843,8.34319029271344e-05
S05060400_20210831,Good,Good,0.9889207439537693,0.0015171641944325264,0.009536308430085513,2.5783421712726e-05
S05060500_20130730,Good,Good,0.9999220566799416,4.486532377408254e-05,3.3071172884684706e-05,6.82339956199516e-09
S05060500_20140619,Good,Good,0.999995237091257,4.5152213416292e-06,2.473728605984751e-07,3.1454073273504946e-10
S05060500_20150622,Good,Good,0.9999965977412681,3.2754664367451375e-06,1.2618492292221056e-07,6.073720895184873e-10
S05060500_20160927,Good,Good,0.9999800873089184,7.038247552948121e-06,1.2866773428750795e-05,7.670099842098506e-09
S05060500_20171005,Good,Good,0.9999616082289804,2.2746571375227018e-06,3.605867933374028e-05,5.8434548397377866e-08
S05060500_20180920,Good,Good,0.9999937285541661,9.216328843064217e-07,5.311890002744105e-06,3.7922946874290326e-08
S05060500_20190820,Good,Good,0.9999929363830832,4.932809982369612e-07,6.5501317205930095e-06,2.0204197966783163e-08
S05060500_20200721,Good,Good,0.9999953886299829,1.048554174304151e-06,3.5599612744229804e-06,2.8545683386596577e-09
S05060500_20210831,Good,Good,0.9999801126764408,5.3394475659454e-06,1.4541764363048077e-05,6.111630109683108e-09
S05060900_20070727,High,High,0.0005539873049901824,0.9981466495035092,0.0012957164629764195,3.6467285242080045e-06
S05060900_20080722,High,High,2.5646833694369817e-10,0.9999999997408305,2.6557145270326316e-12,4.545109359005566e-14
S05060900_20090721,High,High,1.7393953015570447e-06,0.9999970016994479,1.258828660523621e-06,7.658996438868225e-11
S05060900_20100716,High,High,3.039754947350232e-07,0.9999996295190633,6.643407757516266e-08,7.136437152342134e-11
S05060900_20110907,Good,Good,0.9897653822265559,0.008045981520270477,0.002188316536889583,3.197162841053817e-07
S05060900_20120718,High,High,3.195374498577857e-05,0.999968024447985,2.172700670922822e-08,8.002237987639131e-11
S05060900_20130730,High,High,0.00010249750701667926,0.9998974892125422,1.2934191770656137e-08,3.462495549113415e-10
S05060900_20140612,High,High,0.00015457357482626577,0.9998448141184558,6.079342061875671e-07,4.372511712938671e-09
S05060900_20160928,High,High,0.28325879996496894,0.7165597702476431,0.00018111732505482004,3.12462333265779e-07
S05060900_20171005,Good,Good,0.9277554712587903,0.009598774253537654,0.06262052943760629,2.5225050065726934e-05
S05060900_20180920,High,High,1.638454702108668e-05,0.9999835355454858,7.933065277280327e-08,5.768402557719127e-10
S05060900_20190819,High,Good,0.9931486136392725,0.006621486571872157,0.00022945054705059424,4.4924180478551104e-07
S05060900_20200721,High,Good,0.5699617609490284,0.42996493824917664,7.309211740757446e-05,2.0868438748555684e-07
S05060900_20210831,High,Good,0.9909964802342968,0.008611514547529581,0.00039194786403990014,5.735413368094965e-08
S05060900_20220712,Good,Good,0.9883565595992284,0.005748639235520622,0.005888998523810385,5.802641440591139e-06
S05060920_20130730,High,High,3.267038458712843e-07,0.9999996719523317,1.2962111739217262e-09,4.761123918780784e-11
S05060920_20140612,High,High,1.4184707922378096e-08,0.9999999857803419,3.488538515758282e-11,6.463404832896462e-14
S05060920_20150622,High,High,9.72013992414457e-08,0.9999999026051208,1.0062950505181524e-10,9.285045630982383e-11
S05060920_20160629,High,High,3.1980778090399655e-07,0.9999996801388078,5.043767867144301e-11,2.9737270559048712e-12
S05060920_20180710,High,High,9.381666140555264e-07,0.9999990618187486,1.2792946251813768e-11,1.8443369031723774e-12
S05060920_20190605,High,High,0.00018940200133761744,0.9998105879331979,8.700544342590727e-09,1.3649201425696598e-09
S05060920_20200525,High,High,4.160751241156078e-08,0.9999999583008781,7.630722082740048e-11,1.5302274427882836e-11
S05060920_20210610,High,High,1.0698776604491029e-08,0.9999999892751145,1.9176318588581375e-11,6.932671182983868e-12
S05060920_20220517,High,High,1.4408493242131436e-06,0.9999985572784793,1.7886509936535367e-09,8.354557184462945e-11
S05060926_20170620,High,High,9.480068172803194e-07,0.9999990515025368,1.7225539054236495e-10,3.183904880139542e-10
S05060926_20200525,High,High,0.00046979709422307275,0.9995301396703559,5.106950323071335e-08,1.2165917787978356e-08
S05060926_20210609,High,High,5.35550508425338e-09,0.9999999943810031,2.518768970801411e-10,1.1615023531332014e-11
S05060926_20220516,High,High,1.4582016818335909e-08,0.9999999854031574,1.290630550155452e-11,1.919457919921489e-12
S05060930_20160926,High,Good,0.8904363607152712,0.107795640110849,0.0017606137126269209,7.3854612529559515e-06
S05060930_20171005,High,High,0.13582297540393232,0.8502673027725408,0.013908585633241047,1.1361902858359214e-06
S05060930_20200721,Good,Good,0.8953680136571649,0.0981106986095911,0.006520495754831349,7.919784126886046e-07
S05060930_20210901,High,High,5.260397522937315e-05,0.999946588236848,8.033956005621239e-07,4.392322050807017e-09
S05060930_20220712,Moderate,Good,0.9815565131461803,0.010539842573957325,0.0077815449741585425,0.00012209930570380892
S05060950_20070905,Good,Good,0.9999424840599,1.4635098485980264e-07,5.736365092149725e-05,5.938193651829568e-09
S05060950_20080806,Good,Good,0.9994929418234185,0.0004904066413518215,1.66145132987935e-05,3.702193082102974e-08
S05060950_20090703,High,High,1.8013676425278323e-08,0.9999999811976873,7.875507032847798e-10,1.0856359526698867e-12
S05060950_20100722,Good,Good,0.999495210434941,0.0003965815753556049,0.00010676420186109202,1.443787842228257e-06
S05060950_20110822,Good,Good,0.9999768130477329,7.063921796203447e-06,1.5412567036916e-05,7.104634339430232e-07
S05060950_20120816,Good,Good,0.9999777552529703,6.023346556425898e-06,1.6212406508326454e-05,8.993965029350113e-09
S05060950_20130730,Good,Good,0.999997695886743,4.2870295044583857e-07,1.8730137721136975e-06,2.396534331685787e-09
S05060950_20140612,Good,Good,0.9999989825830311,9.587390956587084e-07,5.8653040724947324e-08,2.483241150149484e-11
S05060950_20150622,Good,Good,0.9999677135003733,3.171025217950535e-05,5.753477543136409e-07,8.996928450034108e-10
S05060950_20160926,Good,Good,0.9999587113895151,4.582770783487719e-06,3.655960869793588e-05,1.4623100332631557e-07
S05060950_20171005,Good,Good,0.9958506236874963,0.004147605308146272,1.7688872604064238e-06,2.1170969636945614e-09
S05060950_20181015,Good,Good,0.9999985708344592,3.0425482925733685e-07,1.1247500483059173e-06,1.6066328050063424e-10
S05060950_20190819,Good,Good,0.9999146519651488,4.159478740578302e-05,4.3731581449165906e-05,2.166599626717965e-08
S05060950_20200721,Good,Good,0.9999710176266945,2.894276481604818e-05,3.9376876324857645e-08,2.3161317998678495e-10
S05060950_20210901,Good,Good,0.9999968944496088,6.505636625436339e-07,2.448725335211801e-06,6.2613935145488045e-09
S05060950_20220712,Good,Good,0.999998138087626,1.0999188968280755e-06,7.516177336632164e-07,1.0375743399991668e-08
S05061000_20160926,High,High,0.3449422617099884,0.650749701187444,0.0042946325528602745,1.3404549707448097e-05
S05061000_20171004,High,High,5.568545111649007e-05,0.9999442507292152,6.31149232951348e-08,7.047449966318023e-10
S05061000_20181015,High,High,0.0002871608363829816,0.9997097874234745,3.0448993816625263e-06,6.840760817501223e-09
S05061000_20190819,High,Good,0.9920316689019707,0.00712159012538133,0.0008434681613687611,3.272811279250377e-06
S05061000_20200722,Good,Good,0.8918504470263806,0.10786608745356226,0.0002490016277779961,3.446389227918331e-05
S05061000_20210901,Good,Good,0.9410830744846861,0.058573017181101195,0.00034300741780842316,9.009164043637064e-07
S05061000_20220712,Good,High,0.33292576285655273,0.6635602571294033,0.003506576750570592,7.403263473452828e-06
S05061050_20100712,High,High,2.3316453428398164e-06,0.9999976597202508,8.507934427013877e-09,1.2647199031884835e-10
S05061050_20110608,High,High,3.216591303653956e-07,0.9999996779706495,3.693049733443654e-10,9.152544950017118e-13
S05061050_20120606,Moderate,High,0.14902555108849527,0.7973279289935763,0.053436528006506286,0.0002099919114220891
S05061050_20130710,High,High,0.00015594826366122902,0.9998440076612501,4.271230658020006e-08,1.3627820932487795e-09
S05061050_20140710,High,High,3.1809113942422183e-06,0.9999968083123364,1.0750449032256652e-08,2.582027734703253e-11
S05061050_20150716,High,High,1.1136217103254228e-07,0.9999998882482752,3.2414978599479815e-10,6.54039550965934e-11
S05061050_20160705,High,High,4.486884142108851e-05,0.9999551191287549,1.1565155093534471e-08,4.64668867548771e-10
S05061050_20181015,High,Good,0.8656252605031111,0.13370365399888062,0.0006404697119972272,3.061578601094804e-05
S05061050_20190828,Good,Good,0.984232461042407,0.015268186445812864,0.0004985747362213824,7.777755587345532e-07
S05061050_20200722,Good,Good,0.8134757951973838,0.18640409719363873,0.00011624441641688476,3.863192560707807e-06
S05061050_20210901,Good,Good,0.9990222849701088,0.0009491831606093777,2.8426996464882557e-05,1.0487281693436842e-07
S05061050_20220712,High,High,1.8295108029651e-05,0.9999816826262803,2.1752147259939114e-08,5.135427799460182e-10
S05061090_20170601,Good,Good,0.983616859653442,0.015765002645049934,0.0006168720391239931,1.2656623839696378e-06
S05061090_20210608,Good,Good,0.985774995819469,0.0006635932858826117,0.013332345282606278,0.00022906561204208244
S05061100_20080731,Moderate,Good,0.9997692819690218,2.4752706014110645e-06,0.00022824176592649024,9.944503540951614e-10
S05061100_20120816,Moderate,Good,0.9608519506744307,0.0001300346256615364,0.03898766835319728,3.0346346710385764e-05
S05061100_20170601,Good,Good,0.9999784588931728,2.1157075999908147e-05,3.836650001662168e-07,3.658271403445866e-10
S05061100_20220517,Good,Good,0.9994994940873937,0.0004996814904989179,8.225153650280338e-07,1.9067422685141164e-09
S05061110_20100712,Good,Good,0.9994692056833215,3.834894789364665e-05,0.0004924076495398164,3.771924491049037e-08
S05061110_20110607,Good,Good,0.9621689421773054,0.03783043527561874,6.202120800522972e-07,2.33499589478129e-09
S05061110_20120606,Good,Good,0.9994414567557732,0.0003010262980758747,0.000252606612021046,4.910334129915184e-06
S05061110_20130718,Good,Good,0.9983927549051094,0.0005199698840307049,0.0010872010049664143,7.420589357493995e-08
S05061110_20140612,Good,Good,0.9995239656448031,0.0004646908356895444,1.134296550541523e-05,5.540019212061172e-10
S05061110_20150622,Good,Good,0.999605423084467,2.1040151777949443e-05,0.0003734439384897318,9.282526539442921e-08
S05061110_20160913,Good,Good,0.9993803284795031,0.00022592237192613823,0.00039337602645925045,3.731221116498199e-07
S05061110_20170928,Good,Good,0.9995112004624696,7.871507445008119e-06,0.00048088603148147745,4.199860407554063e-08
S05061110_20181015,Good,Good,0.9994847469864817,1.1314957129383632e-05,0.0005039272184322282,1.0837956699879768e-08
S05061110_20200722,Good,Good,0.9996879603187853,3.848638529641756e-05,0.0002734139275589305,1.393683593054155e-07
S05061110_20211011,Good,Good,0.9998867262818897,0.00010458189998973612,8.652240260983453e-06,3.9577859520692954e-08
S05061110_20220721,Good,Good,0.9993088316358171,5.0443462284420926e-05,0.0006405682654817708,1.5663641673894869e-07
S05061130_20110720,Good,Good,0.9413719102729151,0.012571488749542614,0.04601603746469881,4.05635128433898e-05
S05061130_20120604,High,High,1.9767011892850508e-07,0.9999998020179536,2.7305971290013905e-10,3.886774819018087e-11
S05061130_20130718,Good,Good,0.999941319809324,5.090246448519499e-05,7.774579144034376e-06,3.147046754623693e-09
S05061130_20140612,Good,Good,0.9967302860028903,0.0032533517600050145,1.626971649401409e-05,9.252061077820196e-08
S05061130_20150622,Good,Good,0.9992217878162485,0.0007756295144493196,2.541854460564321e-06,4.081484156516613e-08
S05061130_20160628,Moderate,Good,0.99954586015462,6.892301919978604e-05,0.000382426935607641,2.7898905725943222e-06
S05061130_20170601,Good,Good,0.9999552075162702,3.207104074763198e-05,1.271934496630259e-05,2.098015778485886e-09
S05061130_20180711,Good,Good,0.9994978921197019,0.0003360932390074429,0.00016303000516447824,2.984636126212611e-06
S05061130_20200527,Good,Good,0.9998817977223158,0.0001066163757882498,1.1581666364006007e-05,4.235531815173944e-09
S05061130_20210608,Good,Good,0.9998716771366667,0.00012529009446555684,3.0299644550235697e-06,2.8044127440638573e-09
S05061130_20220517,High,High,1.0677667436241467e-06,0.9999989305049011,1.2842434678935792e-09,4.4411182245414155e-10
S05061200_20100719,Good,Good,0.9999929551908227,1.790674691473288e-06,5.237420263307165e-06,1.6714222523925663e-08
S05061200_20110608,Good,Good,0.9999947778989159,2.200475127592831e-06,3.0211073735256027e-06,5.185830619804539e-10
S05061200_20120606,Good,Good,0.9996777955656649,2.2318437635002248e-05,0.0002998352692306052,5.07274694783859e-08
S05061200_20120813,Good,Good,0.9999973025359538,1.3209516417465782e-06,1.3760798248047498e-06,4.325797825136438e-10
S05061200_20130703,Good,Good,0.999930431485928,1.3184585800569486e-06,6.824825324730748e-05,1.8022446865485558e-09
S05061200_20130730,Good,Good,0.9999969292721118,1.0358474832087492e-06,2.034213641314487e-06,6.667636874933425e-10
S05061200_20140616,Good,Good,0.9999940485453002,2.276404589494685e-06,3.6743092526950145e-06,7.408575424911889e-10
S05061200_20140710,Good,Good,0.9999984615366738,5.639149527462679e-07,9.737022110942857e-07,8.46162297197568e-10
S05061200_20150622,Good,Good,0.999983024488513,1.4776027913754428e-05,2.1947883967711655e-06,4.695176461180087e-09
S05061200_20160914,Good,Good,0.9999339604109427,1.9709739078020122e-05,4.6282616599227855e-05,4.723337996235936e-08
S05061200_20170904,Good,Good,0.9999990928583179,6.859293214567878e-07,2.082496673295999e-07,1.2962693323930246e-08
S05061200_20181017,Good,Good,0.9999579546874788,5.650501889916868e-07,4.144756443739071e-05,3.2697894813375734e-08
S05061200_20190828,Good,Good,0.9999907353268179,5.741242027896436e-07,8.66447718930776e-06,2.6071790064172225e-08
S05061200_20200723,Good,Good,0.999999539538248,1.0002355617802466e-07,3.5726883335464795e-07,3.16936236357155e-09
S05061200_20210901,Good,Good,0.9999472391543508,4.5718829603680426e-07,5.224607978365174e-05,5.757756955762259e-08
S05061228_20200709,Good,Good,0.9999938518975743,4.379162597714777e-06,1.6616260076154657e-06,1.0731382039379444e-07
S05061229_20170904,Good,Good,0.9987948151844046,2.1253799062774306e-06,0.0012024253870096422,6.340486794724274e-07
S05061229_20181018,Moderate,Good,0.9981132845630301,3.7633163551252065e-06,0.0018826569151306509,2.95205484124321e-07
S05061229_20190829,Moderate,Good,0.957348853553353,1.3140873428869408e-05,0.04253785858209649,0.00010014699112178345
S05061229_20200724,Moderate,Moderate,0.4254896419900909,2.2958850398701862e-05,0.5744839775153734,3.4216441370312465e-06
S05061229_20210902,Good,Good,0.9984034491089651,0.0001158746650870695,0.0014805958691521868,8.035679565892243e-08
S05061229_20220713,Good,Good,0.9997238393157591,3.577573845399611e-05,0.00023400020198433518,6.384743802451653e-06
S05061230_20110720,High,High,2.9150820827841836e-07,0.9999997076134179,8.601946634931691e-10,1.8179104859211355e-11
S05061230_20120604,High,High,9.827229193577197e-06,0.9999901716377233,9.609661571725789e-10,1.721169509497097e-10
S05061230_20130730,High,High,0.004259992456514527,0.9957399617032998,4.521016393222293e-08,6.300217884556885e-10
S05061230_20140616,Good,Good,0.9997378498095694,0.00026161209720984357,5.32126758096795e-07,5.966462765576928e-09
S05061230_20150622,High,Good,0.967636988828418,0.03236099240097003,1.9516715700355765e-06,6.709904200172827e-08
S05061230_20161020,Good,High,0.0047525762482299215,0.995246888435158,5.279383442924729e-07,7.378267845021795e-09
S05061230_20170904,Good,Good,0.9998642089680732,0.00013535281314965182,4.362392158389889e-07,1.9795613421453937e-09
S05061230_20181017,Good,Good,0.999956034880379,4.5594080833924834e-06,3.9395225738816445e-05,1.0485798815764827e-08
S05061230_20190829,High,High,0.02755211698063064,0.9724474963509286,3.798526991811995e-07,6.815741461174045e-09
S05061230_20200724,High,High,0.021207094315462516,0.9787928909739948,1.3166855506346098e-08,1.5436871685722886e-09
S05061230_20220713,Good,Good,0.9998989020840718,0.00010099935727014481,9.825958286226914e-08,2.99075187534097e-10
S05061240_20070801,High,High,0.0001374395594513506,0.9998591411526367,3.4127436332664386e-06,6.544278690136168e-09
S05061240_20120912,High,High,0.00012027310132700822,0.9998796758784624,3.4819849385426836e-08,1.6200361251477553e-08
S05061240_20130711,High,High,4.4232763630968823e-07,0.9999995545552373,2.578881768953528e-09,5.382447742351047e-10
S05061240_20140616,High,High,1.1027159964124172e-06,0.9999988970892955,1.844536557440478e-10,1.0254419038804193e-11
S05061240_20150622,High,Good,0.9373178416796033,0.06267286438080301,9.197183027356702e-06,9.675656627284386e-08
S05061240_20160615,High,High,4.979864178421307e-07,0.9999995006004992,1.4071307828770442e-09,5.9521659391977645e-12
S05061240_20180625,High,High,6.337090169891647e-05,0.9999362017594798,4.142209415493096e-07,1.3117879619310766e-08
S05061240_20190604,High,High,1.4498786320003999e-06,0.9999985500031432,1.0731044896634729e-10,1.0914252588052438e-11
S05061240_20200616,High,High,6.22434398362263e-07,0.999999376360979,9.185418567386218e-10,2.8608077284023085e-10
S05061240_20210607,High,High,0.0011575994380272658,0.9988404748000663,1.8169634676963063e-06,1.0879843875952065e-07
S05061240_20220624,High,High,7.686027950825044e-07,0.9999992022417709,2.7079802557262908e-08,2.075631544717044e-09
S05061245_20200709,Good,Good,0.9997216705517801,3.8937775973218336e-05,0.0002386330664947902,7.58605751968311e-07
S05061300_20070906,Good,Good,0.9480716441977436,2.3110299536857836e-05,0.05190225856985654,2.986932863031766e-06
S05061300_20080731,Moderate,Good,0.6840174314770626,4.60039244244449e-06,0.31597248463393746,5.483496557651358e-06
S05061300_20090818,Good,Good,0.9751170563934138,9.505142542737018e-05,0.024786220468296084,1.67171286291137e-06
S05061300_20100723,Moderate,Good,0.8758245951477159,2.3864529497022024e-06,0.12416959550867189,3.4228906624938055e-06
S05061300_20110822,Good,Moderate,0.49108976991338726,1.27262209630496e-06,0.5089069184018195,2.039062696989059e-06
S05061300_20120813,Moderate,Good,0.7848075608897187,6.821460753598226e-05,0.21510804316913,1.6181333615263575e-05
S05061300_20130730,Good,Good,0.9934848872281956,5.452679536954921e-06,0.006509498125889758,1.6196637769375847e-07
S05061300_20140616,Good,Good,0.9983284261973797,1.4595101452192431e-05,0.001656957294581988,2.140658599627919e-08
S05061300_20150622,Good,Good,0.9986985536511471,6.709179276507154e-07,0.0013004269523296795,3.484785954923112e-07
S05061300_20170601,Good,Good,0.9335307545979236,2.678895364124805e-05,0.06643933627051979,3.1201779153757864e-06
S05061300_20200525,Moderate,Good,0.9647337450339522,0.0002486032269648057,0.03480240082942117,0.00021525090966186786
S05061300_20210607,Good,Good,0.9996300943449186,2.7166931611976744e-05,0.0003422602201129438,4.785033565170468e-07
S05061300_20220518,Good,Good,0.9994483276772244,2.3976054427542966e-06,0.0005489212103303193,3.53507002553615e-07
S05061400_20100712,Good,Good,0.9997963546939762,2.7198721527304774e-05,0.00017635616044406528,9.042405236591522e-08
S05061400_20110608,Good,Good,0.998884169877775,0.00111493508485171,8.941908646474433e-07,8.465086898212778e-10
S05061400_20130703,High,High,3.4164284238025513e-07,0.9999996581065992,2.41477769582697e-10,9.080732564846036e-12
S05061400_20140710,Good,Good,0.9999972518871973,1.7698697696676431e-06,9.77050024470053e-07,1.1930085546480002e-09
S05061400_20150716,Good,Good,0.9999837531324024,1.5376023722391195e-05,8.704929802959716e-07,3.508949411566005e-10
S05061400_20180619,Good,Good,0.9999982538091691,9.884395111084876e-07,7.574757717082751e-07,2.755480437523349e-10
S05061400_20200709,Good,Good,0.9999919685951494,2.1212258178246616e-06,5.909892571504263e-06,2.8646129742462617e-10
S05061400_20210811,Good,Good,0.9997956202100152,1.1812513337533039e-06,0.00020319513820080012,3.4004503250921536e-09
S05061400_20220621,Good,Good,0.9952273533065885,0.004769754694822374,2.8892956125193966e-06,2.7029766621601294e-09
S05061500_20070906,High,High,0.0005435939667288853,0.9994445684795953,1.181943645299678e-05,1.8117222912319663e-08
S05061500_20080805,High,High,6.922843953332512e-06,0.9999930558586285,2.126877645348843e-08,2.8641736408346254e-11
S05061500_20090703,Good,High,0.006160208714816731,0.9936304207021072,0.00020933343076959696,3.715230653726466e-08
S05061500_20100723,High,High,0.00018375038752651098,0.9998160210464675,2.1866639349453415e-07,9.899612390926141e-09
S05061500_20110822,High,High,0.0002590067989742391,0.9997408407139776,1.5207549248192575e-07,4.1155556563375514e-10
S05061500_20120813,High,High,0.0009357416135643226,0.9990640242388982,2.2905645523267264e-07,5.091082249790962e-09
S05061500_20130730,High,High,0.00017330744403417291,0.9998263590113088,2.89583101283837e-07,4.396155572678111e-08
S05061500_20140617,High,High,0.015727570964714995,0.9842613045178851,1.1027835552030871e-05,9.668184783801356e-08
S05061500_20150622,High,High,0.1584877717895433,0.8414478866440179,6.380502309683971e-05,5.36543341899131e-07
S05061500_20160926,High,High,0.0033874662108221063,0.9966103861029366,2.1165144386782392e-06,3.1171802604513894e-08
S05061500_20170905,High,High,0.0005664653343741724,0.9994333644079046,1.68589615572405e-07,1.6681055166977755e-09
S05061500_20181017,High,High,5.101668820886662e-05,0.999948456324093,5.151479550538514e-07,1.1839743038951146e-08
S05061500_20190718,High,High,0.0001140653886008956,0.9998849973257857,9.284734892057539e-07,8.812124172986202e-09
S05061500_20200723,Good,Good,0.9804256306721196,0.019374454773726162,0.0001920339363324455,7.880617821706291e-06
S05061500_20220923,Good,Good,0.8155721089714068,0.18436943595756744,5.814481110325459e-05,3.102599224561562e-07
S05061900_20070906,Moderate,Moderate,3.0365473045502348e-05,2.8877195136005327e-07,0.9997851897053447,0.00018415604965847098
S05061900_20080805,Moderate,Moderate,0.02205643684401296,9.459746579760133e-06,0.9778759402106624,5.8163198744990434e-05
S05061900_20090703,Moderate,Moderate,0.010816848524989963,2.395174942629482e-07,0.9891786357520351,4.276205480560255e-06
S05061900_20100723,Moderate,Moderate,0.00030734253795408297,1.4443764974306373e-06,0.998028949090285,0.0016622639952635267
S05061900_20110823,Good,Good,0.7340013010997777,0.23731720839550607,0.028583916370323197,9.75741343930448e-05
S05061900_20120814,Moderate,Moderate,1.8262220852110818e-06,3.62322923732725e-08,0.9999970916765266,1.045869095814119e-06
S05061900_20130730,High,Good,0.9964581523565833,0.0004377947978927453,0.0031008557021194295,3.197143404568496e-06
S05061900_20140617,Moderate,Moderate,0.012356345703209816,8.657530881395925e-06,0.9848167584823827,0.00281823828352614
S05061900_20150622,Good,Moderate,0.029143283988446747,0.023079676070942346,0.9467607414271089,0.001016298513501954
S05061900_20160914,Good,Good,0.9502923115190103,7.111875265167249e-05,0.049534306993351644,0.00010226273498643986
S05061900_20170905,Good,Good,0.9964634931130826,2.3056626716963996e-06,0.0035341672664251115,3.3957820684024654e-08
S05061900_20181017,Moderate,Moderate,0.18845572519025436,0.0011194759341697207,0.8104239470219883,8.518535876798725e-07
S05061900_20190827,High,Good,0.9516249309788025,0.036481973801748876,0.011889137439616625,3.9577798320798025e-06
S05061900_20200723,Good,Good,0.8831556410630081,7.442849737792804e-05,0.11676813812529295,1.7923143210583694e-06
S05061900_20210902,Moderate,Moderate,0.45788011405113427,2.1810414635525345e-06,0.5421123994821464,5.305425255936557e-06
S05061900_20220712,Good,Good,0.9951714468806484,0.0025211745043528344,0.002302538825839783,4.839789159026288e-06
S05061915_20190625,Good,High,0.20766434396073447,0.7504948102607225,0.0418392475528075,1.5982257356261126e-06
S05061915_20210811,Moderate,Moderate,0.0025439720990111992,1.808211913647353e-07,0.9974553137116962,5.333681013354247e-07
S05061915_20220621,Good,Good,0.9835274876947172,7.030537250076499e-05,0.01639281141750622,9.395515275706869e-06
S05061980_20170717,Moderate,Moderate,0.4114233010470142,1.4979770341358226e-05,0.5853433896476088,0.003218329535035761
S05063000_20070906,Good,Good,0.8623122755458211,0.1318682359280827,0.005664430814257136,0.00015505771183901322
S05063000_20080805,Good,Good,0.8800576014314494,0.0003827465291930368,0.11936956427721956,0.00019008776213798125
S05063000_20090703,Moderate,Good,0.999686274181122,2.5456273100141194e-05,0.0002881128714698958,1.5667430792915204e-07
S05063000_20100723,Good,Moderate,0.48748629707383134,0.00012065674940274893,0.5117206319103281,0.0006724142664378328
S05063000_20110823,High,Good,0.9811744013722369,0.016357868053004904,0.0024676381084522948,9.246630599259251e-08
S05063000_20120813,Good,Good,0.8854766430427694,0.00021436263756532056,0.113923744984961,0.00038524933470415165
S05063000_20130711,Moderate,Moderate,0.004038228955177084,0.008255214994070621,0.9873222286768123,0.0003843273739400272
S05063000_20140617,Good,Good,0.7327512788037326,0.00037050309926858066,0.26685009772862517,2.812036837360566e-05
S05063000_20150622,Good,High,0.21423810533083654,0.7827002646509628,0.0030607705742648687,8.59443935751086e-07
S05063000_20170905,High,High,0.0015602813585868774,0.9984337244532765,5.977000782805311e-06,1.7187353841089073e-08
S05063000_20181017,High,High,0.02650748236861615,0.9733644824753418,0.00012760396715650671,4.3118888560800196e-07
S05063000_20190723,Moderate,Moderate,0.12602760787376288,0.001560028251242498,0.8721599328005776,0.00025243107441713213
S05063000_20211007,Good,Good,0.9994518610892846,0.0003007181894545904,0.0002472984507932647,1.2227046755691646e-07
S05063000_20220825,Good,Good,0.9780761478436463,0.02048651830813086,0.0014315292694262957,5.804578796655605e-06
S05087400_20070725,Good,Good,0.9999589518979262,3.7815347829173134e-05,3.2240798251532886e-06,8.674419490386515e-09
S05087400_20080722,Good,Good,0.9986017296122259,0.0013957708488043317,2.4543815249754784e-06,4.5157444622817934e-08
S05087400_20090701,High,High,0.0027037691212158706,0.9972960441856563,1.8398793715887816e-07,2.7051907114573557e-09
S05087400_20100716,High,High,0.1711783141941341,0.828820386158095,1.2963542897820855e-06,3.2934811593722777e-09
S05087400_20110906,Good,High,0.005432409501174446,0.9945675390712956,5.119564022970625e-08,2.318897241902624e-10
S05087400_20140703,Good,Good,0.999975433777352,2.4505382088533667e-05,6.081315974420573e-08,2.7399761031185657e-11
S05087400_20150708,Good,Good,0.9999913657120486,8.46446139899476e-06,1.689248114961103e-07,9.017408690928452e-10
S05087400_20160804,Good,Good,0.9999931714222124,5.562941784947499e-06,1.26374825982851e-06,1.8877427839535953e-09
S05087400_20170802,Good,Good,0.9999949404533864,4.262717261907941e-06,7.965455998129591e-07,2.8375178667706554e-10
S05087400_20180704,Good,Good,0.997455020738588,0.002543479486343537,1.4620966312308498e-06,3.767843710799094e-08
S05087400_20190806,Good,Good,0.9999710292288626,7.624621010240324e-06,2.134172326850292e-05,4.426858669516306e-09
S05087400_20200901,Good,Good,0.9999739359162059,2.5399765067281322e-05,6.642429579951417e-07,7.576884475055799e-11
S05087400_20210713,High,High,0.0036691372929970414,0.9963302954385863,5.525525359307378e-07,1.471588062870891e-08
S05087400_20220719,Good,Good,0.9999960035420331,2.283304708363241e-06,1.7129493395968803e-06,2.039189080390618e-10
S05088120_20070725,Good,Good,0.9502222177311928,0.01469117806118674,0.03504208161170101,4.4522595919613756e-05
S05088120_20080722,Good,Good,0.9926568668182514,0.00018061871478164092,0.0071605853515852615,1.92911538176722e-06
S05088120_20090701,Good,Good,0.9957110552048316,0.00012169495369948121,0.004167118820699302,1.3102076965225208e-07
S05088120_20100716,Good,Good,0.9954373053510914,0.004156858934740894,0.00040511901228958917,7.167018779566593e-07
S05088120_20110901,Good,Good,0.9990685514048577,2.8600751425346734e-05,0.000902711078551411,1.367651654810814e-07
S05088120_20130731,Moderate,Moderate,0.11939528511134234,3.184410618517122e-05,0.8805728488133194,2.1969153088231077e-08
S05088120_20140630,Good,Good,0.9982947881582329,0.00010881993197186614,0.0015961540947898273,2.3781500535047093e-07
S05088120_20150709,Moderate,Moderate,0.0012648775767942896,5.643784831594549e-06,0.9987294604161129,1.8222261235897663e-08
S05088120_20160804,Moderate,Moderate,2.3590168332787687e-05,4.104297138447899e-07,0.9999759971861959,2.2157574907138238e-09
S05088120_20170802,High,Good,0.6681314122025015,0.33186580100956,2.4912506618719842e-06,2.9553727664651534e-07
S05088120_20180730,Moderate,Moderate,0.014166675736426437,1.6361519304204835e-06,0.9858316089689305,7.91427126143038e-08
S05088120_20190806,Good,Good,0.9465671388121226,0.05339105438516704,4.0714673143754994e-05,1.0921295667125845e-06
S05088120_20200901,High,High,0.3251402608419919,0.6748316779039664,2.7898293762952125e-05,1.629602788634324e-07
S05088120_20210713,Good,Good,0.9977590700708302,0.0005054321618009662,0.0017354010730960185,9.66942727944667e-08
S05088130_20070909,Good,Good,0.9600219161928846,0.03989618759800737,8.186755339948194e-05,2.8655708680438625e-08
S05088130_20090702,Good,Good,0.6898553866890248,0.30995433610443085,0.00019005840550257455,2.1880104171502738e-07
S05088130_20100722,Good,Good,0.9659885845283688,0.03395919955111543,5.1586782929529954e-05,6.291375861454966e-07
S05088130_20110824,High,High,2.5808535189009057e-05,0.9999741631426909,2.8263426196121105e-08,5.869396859336788e-11
S05088130_20120815,Good,High,0.0017364610618276538,0.9982632523565609,2.846479919406049e-07,1.933619555590537e-09
S05088130_20130731,High,Good,0.9740777545987993,0.025906503716371872,1.5681116150487616e-05,6.056867835250964e-08
S05088130_20140703,High,High,1.4082904181108263e-06,0.9999985911429845,5.425886317294468e-10,2.400881554920722e-11
S05088130_20150629,High,High,8.899515425216761e-07,0.9999991078365237,2.1857054543833766e-09,2.6228181270132705e-11
S05088130_20160804,High,High,4.4031147264977755e-06,0.9999955954965376,1.2867999906087963e-09,1.0193592940268456e-10
S05088130_20170803,High,High,2.588478468097068e-07,0.999999740961951,1.8464536717656775e-10,5.55670820961335e-12
S05088130_20180731,High,High,3.4553604059041664e-05,0.9999654405384713,5.786844507960656e-09,7.062515689542913e-11
S05088130_20190711,High,High,5.275089748589145e-06,0.9999947247923622,1.1625795839720523e-10,1.6311712045119904e-12
S05088130_20200831,High,High,0.0007157623581864696,0.9992840879062859,1.4805383586562714e-07,1.6816917863064034e-09
S05088130_20210712,High,High,0.0004292292476681712,0.999570729824564,4.0348803324008955e-08,5.789645294867146e-10
S05088130_20220719,High,High,0.10490045399422829,0.8950828606235791,1.661084046000759e-05,7.454173251137037e-08
S05088382_20140707,Good,Good,0.9888375537560865,0.011158408747785358,4.024702538902783e-06,1.2793589219698289e-08
S05088382_20150716,Good,Good,0.9999911571565481,2.661632936450068e-06,6.172399135746564e-06,8.811379806181027e-09
S05088382_20160704,High,High,0.14852421521373027,0.8514755867836871,1.9141025686170128e-07,6.592325827396617e-09
S05088400_20080806,Good,Good,0.9980182628608524,0.0003222971309846348,0.0016591558836434599,2.841245193868184e-07
S05088400_20090702,Moderate,Good,0.9925919219498703,1.4928563179609071e-05,0.007393147668234213,1.8187158958056112e-09
S05088400_20110824,Good,Good,0.9908364772289344,0.008834082628024304,0.00032904464758040907,3.9549546081705773e-07
S05088400_20120815,Good,Good,0.9960349645646823,0.0001418965883202857,0.0038230599982475044,7.884874980187786e-08
S05088400_20130731,Good,Good,0.9985328392000018,0.0014497725052690646,1.735016467231681e-05,3.813005675909538e-08
S05088400_20150720,Good,High,0.19302142250676865,0.806953502623856,2.5043369384715934e-05,3.1499990724999356e-08
S05088400_20160804,Moderate,Good,0.9929904690743411,1.7568808748109023e-06,0.007007764203988846,9.840795264097418e-09
S05088400_20170803,Good,Good,0.8909116496927528,0.10815817965714021,0.0009297045356306936,4.6611447633616543e-07
S05088400_20180731,Moderate,Moderate,0.007721527381505321,5.304757937211301e-06,0.992273154529709,1.3330848373386149e-08
S05088400_20190711,Moderate,Moderate,0.013247617159281065,1.8060110125961766e-05,0.986734278175287,4.4555305783279575e-08
S05088400_20200831,Good,Good,0.95539945386136,0.0002264141243404204,0.044373911079995276,2.209343041826867e-07
S05088400_20210712,Moderate,Good,0.9974781085882011,2.1717389402831407e-05,0.002500138354624526,3.5667771692472505e-08
S05088400_20220719,Moderate,Moderate,0.36047182825440593,0.0008199556894727011,0.6387075287998413,6.872562802509989e-07
S05088433_20140707,High,High,1.658928961755302e-05,0.9999834097813299,9.058700764655391e-10,2.318242866303836e-11
S05088433_20150716,Good,Good,0.9953911427999949,0.00457333003222579,3.5522954717816085e-05,4.213061520574802e-09
S05088433_20160704,High,High,2.1128001974877856e-06,0.9999978408384157,4.617657687840474e-08,1.8480999373590976e-10
S05088450_20070909,High,High,0.06102807833490897,0.9389696240747372,2.2775086163192367e-06,2.0081737526877568e-08
S05088450_20080806,High,High,0.005553847356511451,0.9944459867151391,1.6397256328572678e-07,1.955786250686313e-09
S05088450_20090702,High,High,0.4786921504415074,0.5170844458092799,0.004223283166853886,1.2058235875648546e-07
S05088450_20100722,High,Good,0.9961212800693827,0.0038672450750566684,9.413806745343451e-06,2.061048815302914e-06
S05088450_20110824,High,High,0.002259464566164755,0.9977388519283584,1.6795897951732412e-06,3.91568163650872e-09
S05088450_20120815,High,High,0.002061113677401012,0.9979386741818974,2.0936164781203697e-07,2.7790537323562406e-09
S05088450_20130731,Good,Good,0.9107612170082298,0.08921131853733141,2.7448188253678144e-05,1.6266185078088647e-08
S05088450_20150629,Good,Good,0.9802739577501985,0.019725896555611237,1.4512918420859955e-07,5.65006097933865e-10
S05088450_20160804,Good,Good,0.9826436887734592,0.017347131441494,9.178035788967407e-06,1.7492578678153978e-09
S05088450_20170803,High,High,0.13474352646665716,0.8652560526720442,4.178766794709596e-07,2.984619190843378e-09
S05088450_20180731,Good,Good,0.9962865703535678,0.0037127531276321263,6.670434044582772e-07,9.475395585375904e-09
S05088450_20190711,Good,High,0.2862199330341461,0.7137795024459895,5.456383638112624e-07,1.8881500495349866e-08
S05088450_20200831,High,High,0.025356584772853186,0.9746430652809739,3.046840940812534e-07,4.526207888214268e-08
S05088450_20210712,High,High,0.00021050317703647168,0.9997894951974376,1.5502390032602812e-09,7.528666582620634e-11
S05088450_20220719,Good,High,0.2329093107513298,0.767089608187202,1.0619924262041754e-06,1.906904203389183e-08
S05088452_20200710,Good,Good,0.9999805334274943,1.9357095215643263e-05,1.0829736013885226e-07,1.1799299734037518e-09
S05088452_20210810,High,Good,0.9999605033951287,3.915327745195915e-05,3.368299381783693e-07,6.497481229550899e-09
S05088452_20220620,Good,Good,0.9999513181438557,4.8044384630064434e-05,6.35424619592768e-07,2.0468946576517387e-09
S05088470_20190624,Good,Good,0.9999399580067365,1.356163269819244e-05,4.52976186650837e-05,1.1827419002012384e-06
S05088490_20150716,High,High,0.2183044844655495,0.7816191319187351,7.632607850257182e-05,5.753721267991357e-08
S05088490_20160704,High,High,8.514386307925414e-08,0.9999998958247258,1.8977379246159908e-08,5.4031856187940125e-11
S05089000_20080730,Moderate,Moderate,0.05716695027993479,6.139596602215132e-06,0.9428267657446308,1.4437883222683547e-07
S05089000_20090818,Good,Good,0.9997990189478898,2.2753996212150306e-05,0.00017812440181314798,1.026540849351055e-07
S05089000_20100722,Good,Good,0.9876325045498298,0.00040888020542535335,0.011955219062590193,3.3961821546032798e-06
S05089000_20110824,Good,Good,0.997191013836904,0.0028075845278813065,9.900291859483065e-07,4.1160602865271433e-07
S05089000_20120815,Good,Good,0.999633202910686,1.689346014938096e-05,0.00034987633765238185,2.7291512094937782e-08
S05089000_20130731,Good,Good,0.9395891381540253,0.0011917130772504203,0.059219037609098635,1.1115962566764426e-07
S05089000_20140703,Good,Good,0.9548614912855413,0.00027282952307729446,0.04486513050540143,5.486859799652566e-07
S05089000_20150720,Good,Good,0.975473978792473,0.023814363167594624,0.0007115071070038802,1.509329285934087e-07
S05089000_20160804,Moderate,Good,0.9623571941693232,3.931287456027805e-05,0.037603416504049705,7.645206673884461e-08
S05089000_20170803,Good,High,0.3296459965088671,0.6702738605627911,8.007170722089593e-05,7.12211207245356e-08
S05089000_20180731,Good,Good,0.9978362813969311,0.00020269719920603947,0.001960911401006978,1.1000285581268191e-07
S05089000_20190711,Good,Good,0.9999660367955856,1.644966403028638e-05,1.7508813537397092e-05,4.726846792669078e-09
S05089000_20200709,Good,Good,0.9896147165518464,0.00022711731268854984,0.010158036195628006,1.2993983700139176e-07
S05089000_20210927,Good,Good,0.9979163204433263,0.0005573840227122498,0.0015250214695818832,1.2740643795566466e-06
S05089000_20220718,Good,Good,0.9995822905055316,0.00013530653374286696,0.00028226558622771033,1.373744979449291e-07
S05089050_20100713,Moderate,Moderate,0.023781604339991082,8.451666450884883e-06,0.9762099257873796,1.8206178493942507e-08
S05089050_20110609,Moderate,Good,0.7818677236393515,0.0007463636198803536,0.21737957784175813,6.334899010015868e-06
S05089050_20120605,Good,Good,0.9982201290209902,0.0004913824129745005,0.0012879775841812444,5.109818540027827e-07
S05089050_20130710,Good,Good,0.9986530947945967,0.000498347052716308,0.0008477740344516244,7.841182352314147e-07
S05089050_20140707,Good,Good,0.9998049732207838,0.00017025926739960178,2.4764559280180675e-05,2.9525366014029243e-09
S05089050_20150716,Moderate,Moderate,0.0029454728599702003,9.830183880074283e-06,0.997043336489473,1.3604666768032978e-06
S05089050_20160704,Good,Good,0.9879949797000154,0.00038748623054933834,0.011617361717247142,1.7235218819547644e-07
S05089050_20180619,Moderate,Moderate,0.01823671519193389,1.3864227042950251e-07,0.9817630526974896,9.346830609506006e-08
S05089050_20210810,Good,Good,0.9946399456320109,0.005217022387506193,0.00014274249325522568,2.8948722779585064e-07
S05089050_20220620,Good,Moderate,0.08793586825816313,0.00011565276492015271,0.911948450853373,2.812354362237544e-08
S05089060_20160913,High,High,0.13672355645353354,0.862952956933187,0.00032275179799535927,7.348152841824501e-07
S05089060_20171002,High,High,1.1297195419567337e-05,0.999988653140426,4.2288708768076905e-08,7.3754457307186545e-09
S05089060_20180918,High,High,0.013423706890460782,0.9865753566026841,9.303588662958918e-07,6.147988729931455e-09
S05089060_20190711,High,High,8.132060313542725e-08,0.9999999186638082,1.4793159369769443e-11,7.954338959702733e-13
S05089060_20200710,High,High,3.72272108478511e-07,0.9999996246895856,3.000545192408035e-09,3.776073290155275e-11
S05089060_20210927,High,High,1.5440307514328986e-06,0.9999984263404935,2.936603876261038e-08,2.627163567558583e-10
S05089080_20070905,High,High,1.4935450434502459e-06,0.9999985062151382,2.3897360819572036e-10,8.447968451053336e-13
S05089080_20090818,High,High,7.379317828054477e-07,0.9999992618503126,1.3856840295073672e-10,7.93362282709812e-11
S05089080_20100722,High,High,3.453722231684653e-05,0.999965450894989,1.1757724751450204e-08,1.2496942670464244e-10
S05089080_20110825,Good,Good,0.9991740231352721,0.0008187825725322807,6.99118084133896e-06,2.0311135414482216e-07
S05089080_20130801,Good,Good,0.9948748486075188,0.005122560627525739,2.532464645641611e-06,5.830030981229842e-08
S05089080_20140703,High,High,7.831216072199695e-07,0.9999992043209184,1.2221780312220536e-08,3.356940275239274e-10
S05089080_20150721,High,High,0.3313159290656298,0.6686633208691086,2.0498303611266156e-05,2.517616502358277e-07
S05089080_20160913,High,High,1.4183599607428215e-06,0.9999985689287173,1.2637095422640522e-08,7.422667795507002e-11
S05089080_20171003,High,High,1.4822545970602154e-08,0.999999985062388,1.1174779955306029e-10,3.318258457988968e-12
S05089080_20180917,Good,Good,0.9975061456291328,0.002493431272097728,4.0951045182105885e-07,1.3588317696867413e-08
S05089080_20190611,High,High,2.165479360508263e-08,0.9999999783380638,6.80283025715937e-12,3.397928729556524e-13
S05089080_20210927,High,High,5.438513260884403e-07,0.9999994529664621,3.028334859786419e-09,1.5387691422705038e-10
S05089080_20220909,High,High,1.6621066262489964e-06,0.9999983368795706,9.878101694103113e-10,2.5992990701594646e-11
S05089090_20130709,High,High,0.14722834829377612,0.8527413391415195,3.0191858805003386e-05,1.207058992755951e-07
S05089090_20140603,High,High,1.3893423535782136e-07,0.9999998606912824,3.6571547805072214e-10,8.766800791916902e-12
S05089090_20150603,High,High,4.0062504702412026e-07,0.9999995932403158,5.1596040068261234e-09,9.750332735558364e-10
S05089090_20160615,High,High,1.2055288917518905e-08,0.9999999879307769,1.3595675463124842e-11,3.3840521925928137e-13
S05089090_20170619,High,High,1.949689145096737e-08,0.9999999804853195,1.492602999922132e-11,2.8630446048187876e-12
S05089090_20180710,High,High,1.2535456160965559e-06,0.9999987453509215,8.566274843514821e-10,2.468350350054569e-10
S05089090_20190611,High,High,6.050540992825739e-10,0.9999999993920707,1.493513588374915e-12,1.381579845105526e-12
S05089090_20200616,High,High,3.07911547308969e-07,0.9999996908658442,1.19599863715664e-09,2.6609947930868653e-11
S05089090_20210602,High,High,9.492725042619703e-07,0.9999990502477886,4.778079011718213e-10,1.899240187027218e-12
S05089090_20220608,High,High,2.1398127073346105e-06,0.9999978504149462,9.579597985739475e-09,1.9274850246482743e-10
S05089990_20130806,High,High,2.916895531968217e-07,0.999999704255332,3.931923743952615e-09,1.231909947083385e-10
S05089990_20140715,High,High,2.4369976956225978e-08,0.999999975347085,2.726665680248242e-10,1.0271534304075445e-11
S05089990_20150721,High,High,0.0044682552109348295,0.9955248357317721,6.844036294141002e-06,6.502099881391713e-08
S05089990_20160912,High,High,6.307143580727383e-07,0.9999993670180903,1.9935626514532164e-09,2.739889112087457e-10
S05089990_20171003,High,High,2.2972641718939356e-08,0.9999999769643221,6.130166378414486e-11,1.734564708573295e-12
S05089990_20180917,High,High,6.153774964125725e-06,0.9999936942390316,1.454560345551446e-07,6.529969698376053e-09
S05089990_20190710,High,High,7.332871911981582e-08,0.9999999255053793,1.1300877847249866e-09,3.581377706755506e-11
S05089990_20200709,High,High,2.7146545543710183e-05,0.9999728176968993,3.522464763631231e-08,5.329092745098368e-10
S05089990_20210928,High,High,2.987942385477578e-07,0.9999996999539986,1.0300343271001617e-09,2.2172848131185054e-10
S05089990_20220718,High,High,5.292012318886437e-08,0.9999999423872491,4.509378200283337e-09,1.832495206489791e-10
S05090000_20070905,Moderate,Moderate,0.0027053817797858615,1.4137297617182128e-06,0.9972925134427337,6.910477186813977e-07
S05090000_20080806,Good,Good,0.9952038575620713,3.492108655007448e-05,0.004761210943387358,1.0407991286963175e-08
S05090000_20100721,High,High,6.314107245886116e-05,0.9999368242195139,3.246127811973099e-08,2.2467491971321537e-09
S05090000_20110824,Moderate,Good,0.9894306043817224,2.8262457397150698e-05,0.010537237606419548,3.895554460853e-06
S05090000_20120814,High,High,0.00158891545527067,0.9979068821002718,0.0005029758482924749,1.2265961651041901e-06
S05090000_20130806,Moderate,Moderate,0.07060917373769579,2.788147341270065e-07,0.929389882293168,6.651544021527429e-07
S05090000_20140807,Good,High,0.32057461885652033,0.6792782282596989,0.0001433897338762698,3.763149904568645e-06
S05090000_20150721,Moderate,Moderate,0.4223534537753596,0.00019131358724314517,0.5772072789298146,0.0002479537075825271
S05090000_20160912,Moderate,Moderate,0.015292699503315991,2.52799853129439e-05,0.9841432770386862,0.000538743472684982
S05090000_20171003,Poor,Moderate,0.0011857314683058895,3.866076608970817e-06,0.9987999160927682,1.0486362316835599e-05
S05090000_20180918,Moderate,Moderate,0.012603557351151914,3.916684850091787e-05,0.9873546765105002,2.5992898468252033e-06
S05090000_20190710,Good,Good,0.9991370715016783,1.4627960588946084e-05,0.0008481828008605406,1.1773687226713887e-07
S05090000_20200709,Good,Moderate,0.4813467332211469,0.02732687373037112,0.49018981024150515,0.0011365828069767755
S05090000_20210928,Good,Good,0.9160666631654367,0.0008269915729070199,0.08310618991052508,1.5535113119305604e-07
S05090000_20220718,Good,Good,0.8265853207071129,4.73321400022382e-06,0.17340869090872713,1.25517015984264e-06
S05090050_20080731,Moderate,Moderate,0.004114074742700087,1.7618755596605595e-05,0.9958036231052109,6.468339649254743e-05
S05090050_20100721,High,High,0.00013363779459621807,0.9997745592781773,9.155477713855153e-05,2.481500880700551e-07
S05090050_20110823,Moderate,Good,0.5530992498548382,0.0005431714014333481,0.4460292680525718,0.0003283106911567076
S05090050_20120814,Good,High,0.0070222105124949025,0.9929295768772249,4.7849054063885186e-05,3.6355621636573564e-07
S05090050_20130801,Good,Good,0.5588637619370347,0.0001745319188237906,0.440425458853831,0.0005362472903106069
S05090050_20140715,Good,High,0.031990545404554094,0.9656525138974136,0.0023536095954063917,3.331102626013168e-06
S05090050_20150721,Good,Good,0.5465992676156046,3.563303470035217e-06,0.4533581238380038,3.904524292162012e-05
S05090050_20160912,Moderate,Moderate,0.2875821579814296,0.0005649805928594888,0.7114376101705182,0.0004152512551927513
S05090050_20171003,Moderate,Moderate,0.40793550699104797,0.002743414535900502,0.5615876685126684,0.027733409960383305
S05090050_20180918,Moderate,Moderate,0.20895355481460956,0.39304485313769494,0.3936286090456484,0.00437298300204719
S05090050_20190710,Good,Good,0.9891374879314522,0.00012072876045743909,0.009554428025349466,0.001187355282740949
S05090050_20200709,Good,Good,0.9538161417662586,0.002121876050192544,0.04405733610164111,4.646081907747587e-06
S05090050_20210928,High,Good,0.653527891941531,0.002508278125207996,0.3436757109302612,0.00028811900299978026
S05090050_20220908,Moderate,Good,0.5775391592098358,0.00010238953708745747,0.42232640245823705,3.204879483969638e-05
S05091000_20070905,Moderate,Moderate,0.4801404110119815,0.0039340600022776855,0.4960791831500025,0.01984634583573834
S05091000_20080731,Good,Good,0.9448891384461846,6.591633102713426e-05,0.05502038897034147,2.4556252446821348e-05
S05091000_20090819,Moderate,Moderate,0.34160220310234746,3.31027367009429e-05,0.6582182157949789,0.0001464783659727644
S05091000_20100721,Poor,Moderate,0.0480339732149851,0.002243692023346095,0.9423444401685166,0.007377894593152263
S05091000_20110823,Poor,Good,0.7973742427890029,0.005057621208177816,0.1975224170599178,4.571894290157285e-05
S05091000_20120814,Moderate,Moderate,0.006499651513399171,6.611120152668805e-07,0.9932195938391427,0.00028009353544290624
S05091000_20130802,Moderate,Moderate,0.02298817232481449,2.613328344827779e-06,0.9769640409962017,4.517335063909226e-05
S05091000_20140718,Good,Moderate,0.4276101765680605,4.9604594595202706e-05,0.5722836917031185,5.652713422578221e-05
S05091000_20150722,High,High,0.01660181990694342,0.9832073180709124,0.00019049198178666137,3.7004035739543354e-07
S05091000_20160718,Moderate,Moderate,0.015646577736398,0.0002363631408641076,0.9839450943148131,0.0001719648079248376
S05091000_20170904,Moderate,Good,0.9991601181043946,0.00012247482627269904,0.0006934242773277571,2.398279200489934e-05
S05091000_20190904,Good,High,0.03956456887162741,0.9588675612180512,0.0015648223937856605,3.0475165358175507e-06
S05091000_20200708,High,Good,0.5952947202733043,0.40467968204409455,2.555293049121056e-05,4.4752109904494935e-08
S05091000_20210928,High,High,0.0017108998182380005,0.998272588104649,1.6479703040953266e-05,3.237407190527182e-08
S05091020_20100713,Good,Good,0.9574106803162502,0.0016327232867503448,0.04090274463003379,5.385176696566119e-05
S05091020_20110607,Good,Good,0.9985174383408839,3.6809579441460165e-05,0.0014454355624759676,3.1651719872249034e-07
S05091020_20120607,Moderate,Good,0.5530966905637851,2.231630222070528e-06,0.44687522660194995,2.585120404297688e-05
S05091020_20130709,Good,Good,0.9999628434641504,5.65363662376323e-06,3.1500743182442426e-05,2.1560433464388028e-09
S05091020_20140708,Good,Good,0.999955180694291,2.2709477661581857e-05,2.188014155482147e-05,2.296864926466146e-07
S05091020_20150716,High,High,0.4086524797658962,0.591271990815347,7.188643595164312e-05,3.6429828051515764e-06
S05091070_20150716,High,High,0.00010786589148860632,0.9998893348568527,2.004612099610027e-06,7.946395591061199e-07
S05091070_20160706,Moderate,Moderate,0.00011210654805708681,2.065683208216123e-05,0.9993014327586145,0.0005658038612463576
S05091070_20170717,Moderate,Moderate,0.00020085825946296944,1.0627015051958972e-06,0.9983856851952608,0.001412393843771027
S05091070_20190625,High,High,0.009636832453178834,0.9903613877188092,1.6973447230672266e-06,8.24832889564884e-08
S05091070_20210810,Good,Good,0.9567458261395815,0.017237401811594753,0.025959081931154763,5.7690117669066566e-05
S05091070_20220621,High,Good,0.5644478925536126,0.42326911974747183,0.012209692234412588,7.329546450287633e-05
S05092000_20070905,Moderate,Moderate,0.09746994217269767,2.9997671063106258e-05,0.9024990806470161,9.795092231879575e-07
S05092000_20080731,Good,Good,0.6638528336259751,0.33613858936007324,8.51100832125033e-06,6.600563047632402e-08
S05092000_20090818,Good,Good,0.9977273914509209,1.508592091348795e-05,0.0022574323878957548,9.024026985794864e-08
S05092000_20100721,Moderate,Moderate,0.3270361051870369,1.1408652607807921e-06,0.6729623656852489,3.882624534218789e-07
S05092000_20110823,Good,Good,0.9727283775727181,0.027258929733138676,1.2335429003570664e-05,3.572651396857641e-07
S05092000_20130801,Good,Good,0.9984937145969793,0.0012698391029092228,0.0002364148533334099,3.1446778122092016e-08
S05092000_20150721,Good,Good,0.8468880339482358,0.0003656490585731331,0.15274407262616876,2.2443670223677547e-06
S05092000_20160912,Good,Good,0.9913842191949708,0.008149274529681371,0.00045444010136988587,1.206617397806087e-05
S05092000_20180918,High,Good,0.9415416108259532,0.006234003604550085,0.05222388685166313,4.987178335963165e-07
S05092000_20190710,High,Good,0.7940635725487208,0.20342226634551624,0.002505822759098633,8.338346664225521e-06
S05092000_20210927,Moderate,Moderate,0.47578553774055987,2.369358895971278e-05,0.5241904702220268,2.9844845359338007e-07
S05092000_20220908,Moderate,Moderate,0.0015173476145228545,1.7643296300938825e-06,0.998480858898938,2.9156908969536568e-08
S05092060_20160912,Good,Good,0.9994288820291773,0.00026136825675824265,0.0003096146460632946,1.350680012049023e-07
S05092060_20171002,Moderate,Good,0.998340463725026,0.00014007271980005017,0.0015078763070657964,1.1587248107987523e-05
S05092060_20190710,Good,Good,0.7294701126826595,0.00014672269704298682,0.270382979475838,1.8514445957749463e-07
S05092060_20200709,Good,Good,0.9996570567734993,0.0001281316818913122,0.0002147921514357322,1.939317377667248e-08
S05092060_20210927,Good,Good,0.9952505497711006,0.004200565661929151,0.0005485377888151637,3.4677815510716255e-07
S05092060_20220908,Good,Moderate,0.4055317261065078,0.0009609936148559148,0.5935067715765833,5.087020530352247e-07
S05092200_20070814,Moderate,Moderate,0.49306087637312607,0.0003933499547746072,0.5065368991882265,8.874483872930014e-06
S05092200_20080806,Moderate,Good,0.8875528745976886,4.191933079502674e-06,0.11243763388142008,5.299587811838223e-06
S05092200_20090702,Moderate,Moderate,0.45916531982104064,0.00012076979579119484,0.5407107106382977,3.1997448705225164e-06
S05092200_20100721,Good,Good,0.9914318374938315,0.0005229736229456713,0.00804447466956884,7.142136541584949e-07
S05092200_20110727,High,Good,0.88869644104098,0.11116263475097439,0.0001034621374460899,3.746207059951813e-05
S05092200_20120723,Good,Good,0.973771562905794,0.00042935315930789857,0.025783627294564484,1.5456640333479914e-05
S05092200_20130802,High,Good,0.8455696836445958,0.15399517916370567,0.00043497870326804654,1.5848843054597246e-07
S05092200_20140715,High,Good,0.9939924456354912,0.004780979485413402,0.0012240759500141936,2.4989290811184858e-06
S05092200_20150721,Good,High,0.4540167025965276,0.4967002673689033,0.04927099807499619,1.203195957295676e-05
S05092200_20160718,Good,Good,0.5971181743049453,0.002742631968220164,0.40012580063335573,1.3393093478931522e-05
S05092200_20170904,Good,Moderate,0.06199411758084769,0.01387892268454725,0.9240081608144951,0.00011879892010997345
S05092200_20181005,Good,Good,0.9274146822097027,0.06917402599634798,0.003410367468523693,9.243254255042118e-07
S05092200_20190710,High,Good,0.9859495737122127,0.013961330099630258,8.905471681817391e-05,4.1471338844340544e-08
S05092200_20200709,Good,Good,0.9321004762562485,0.0001765596046530778,0.06772145585393892,1.5082851595382112e-06
S05092200_20210928,Moderate,Good,0.9998803312046264,8.575588388967443e-05,3.3699117625601645e-05,2.1379385836477884e-07
S05092200_20220908,Moderate,Good,0.9849177216402769,3.0432477791497467e-05,0.015050958579910161,8.873020215141925e-07
S05092975_20110719,Good,Good,0.9996148730895004,8.245757950689557e-07,0.0003842855663541299,1.6768350443523608e-08
S05092975_20120814,Good,Good,0.9999938776197901,1.6310206370438271e-06,4.461674171999155e-06,2.9685400946616294e-08
S05092975_20130820,Good,Good,0.9999990762698685,7.203466741985542e-07,2.0320309878269628e-07,1.803585650069887e-10
S05092975_20140716,Good,Good,0.9998856509332967,2.2189043463401918e-05,9.213871699724665e-05,2.1306242692160987e-08
S05092975_20150722,Good,Good,0.9997172887854271,0.00025829581380440084,2.4361643842159182e-05,5.3756926347219934e-08
S05092975_20160718,Good,Good,0.9999484108800907,3.192682974073519e-05,1.9656820844465874e-05,5.469324104004749e-09
S05092975_20181005,Good,Good,0.999442981236837,1.6425461051951577e-05,0.0005404401223245594,1.5317978648248685e-07
S05092975_20190611,Good,Good,0.999844185553925,0.00015463457594089305,1.1793764807768608e-06,4.936533096530974e-10
S05092975_20200709,Good,Good,0.9999974642649583,9.952291317409034e-07,1.5395990911618551e-06,9.06818719101754e-10
S05092975_20210929,Good,Good,0.9963772169184533,3.3898273140649014e-05,0.0035886845279144578,2.002804916500188e-07
S05092975_20220908,Good,Good,0.9999639395995747,8.71104534251382e-06,2.7293644813246107e-05,5.571026941224754e-08
S05120015_20140724,Good,Good,0.9978948919223515,0.002050699807376083,5.425058760878101e-05,1.5768266379554742e-07
S05120015_20160628,Good,Good,0.9983752746876018,2.4985760725661143e-05,0.0015965722707210303,3.1672809515630564e-06
S05120015_20180717,Good,Good,0.9999690468771435,1.6050718548642456e-06,2.917170424550897e-05,1.7634675607992812e-07
S05120015_20190624,Moderate,Good,0.9999563936123885,3.6252219801634114e-07,4.310879067882412e-05,1.350747346776335e-07
S05120015_20210726,Moderate,Good,0.999959946741431,8.215944676672044e-08,3.9885032750547176e-05,8.606637172603606e-08
S05120070_20160627,Moderate,Good,0.9164152302102012,6.285021514164895e-07,0.08355859653880769,2.5544748839754316e-05
S05120070_20170613,High,High,0.007774558737276187,0.9922252452022934,1.8739440952440333e-07,8.666020875014442e-09
S05120070_20180716,Moderate,Moderate,0.03175245681084311,5.55306577069503e-05,0.9678585865451104,0.0003334259863395877
S05120070_20200818,Moderate,Moderate,0.000267695222792757,7.265986716645895e-08,0.9997317948188167,4.372985233702834e-07
S05120070_20211012,Good,Good,0.9990854778312448,1.402961659178836e-05,0.0009002128166928185,2.7973547052143657e-07
S05120070_20220908,Moderate,Good,0.5021844697590658,1.1686992304931105e-05,0.49774067605407485,6.316719455434113e-05
S05120143_20170614,High,High,1.7781597177931206e-08,0.9999999822024627,6.1574685107816235e-12,9.782663558716781e-12
S05120143_20180717,High,High,3.4833372259672473e-06,0.9999965133154968,2.8914351504511218e-09,4.558420723221837e-10
S05120143_20190605,High,High,3.284856337958142e-07,0.9999996669247686,2.514488032231462e-09,2.07510955829854e-09
S05120143_20200709,High,High,4.1383480851797125e-07,0.9999995699414497,1.503413084617801e-08,1.1896109316656262e-09
S05120143_20210610,High,High,2.065375857578866e-08,0.9999999792289347,9.140422864739071e-11,2.5902578409322634e-11
S05120143_20220614,High,High,2.8452784952226797e-07,0.9999997101184523,5.23877721887388e-09,1.1492100943449419e-10
S05120150_20140821,Good,Good,0.9999910934892848,5.794729069999416e-07,8.318902245885368e-06,8.135562302205292e-09
S05120150_20150707,Good,Good,0.9999991850244261,5.19708260825603e-07,2.77190987809948e-07,1.807632527707881e-08
S05120150_20160628,Good,Good,0.9999996390252601,1.6664308546126157e-07,1.807648742712336e-07,1.3566780092997823e-08
S05120150_20170614,High,High,0.01818138335212743,0.9818183296096207,2.6775605165073034e-07,1.9282200299204014e-08
S05120150_20180717,Good,Good,0.9999951058949115,4.189622976512416e-06,6.95461687626856e-07,9.020424507264825e-09
S05120150_20190725,Good,Good,0.9996499439596398,0.00010504557956130781,0.00021897109992746015,2.6039360871496567e-05
S05120150_20200817,Good,Good,0.999994338837392,7.330461665094577e-07,4.899445922653633e-06,2.8670518832317018e-08
S05120150_20220908,Good,Good,0.9999524284120263,9.500551893849349e-06,3.776407355664788e-05,3.0696252323501743e-07
S05121000_20070907,Moderate,Moderate,0.0043859949721771615,5.525060229442268e-07,0.9956130904545674,3.620672324736649e-07
S05121000_20090629,Moderate,Moderate,0.013222849185134044,0.0008000759166844537,0.9701656816618661,0.01581139323631546
S05121000_20100805,Moderate,Good,0.9897234394258175,0.00015460985254293444,0.010116760059480808,5.190662158715926e-06
S05121000_20110808,Moderate,Moderate,0.35801991443531245,3.8865802320580875e-06,0.6419733688105695,2.830173885982402e-06
S05121000_20120719,Moderate,Moderate,0.10993457421272591,2.5233678754211884e-05,0.8897797332877232,0.00026045882079675677
S05121000_20140821,Good,Good,0.9995370607188748,7.7769955467685e-07,0.00046198902004711544,1.7256152347631508e-07
S05121000_20150707,Moderate,Good,0.8328212298800076,0.10816850401434944,0.05899824900192658,1.2017103716294188e-05
S05121000_20160628,Moderate,Moderate,0.08039939748172806,1.7663804675996032e-05,0.9193992546016622,0.0001836841119337895
S05121000_20170614,Moderate,Good,0.7985898270313667,0.009871433669416554,0.19141738314324228,0.00012135615597444563
S05121000_20180717,Moderate,Moderate,0.4224631840556202,0.0003064873366819784,0.5735298131252635,0.003700515482434347
S05121000_20190724,Poor,Moderate,0.0004644581561474368,4.4092819729177224e-07,0.9994318031707161,0.00010329774493913228
S05121000_20200818,Moderate,Moderate,0.01435603517429981,2.1088917474546953e-05,0.9834941778407826,0.0021286980674429775
S05121000_20210902,Good,Good,0.7838852675600427,0.0012316608734086085,0.2148516923841174,3.1379182431268225e-05
S05121350_20070907,Good,Good,0.9999695970595031,2.9383575300498185e-05,1.0163772253365037e-06,2.9879710813168304e-09
S05121350_20080707,Good,Good,0.9999285068685142,7.10445033577392e-05,4.4586343513653845e-07,2.764692830246847e-09
S05121350_20090629,Good,Good,0.9998154794686716,0.00013589651303568104,4.850005838986941e-05,1.239599029808794e-07
S05121350_20110808,High,High,0.43079564651655305,0.5691999764025802,4.352114441092734e-06,2.496642556835014e-08
S05121350_20120719,Good,Good,0.9919228804203156,0.008064869900131316,1.2241315007886282e-05,8.364545261517655e-09
S05121350_20130725,Good,Good,0.9999983730661189,1.3093568661863974e-06,3.171582119709825e-07,4.1880298710913815e-10
S05121350_20140827,Good,Good,0.9999915957382243,6.773859639727443e-06,1.6259374505249557e-06,4.4646854540706985e-09
S05121350_20150708,Good,Good,0.9999744788157607,2.4896995579771984e-05,6.229745722118611e-07,1.214087269056703e-09
S05121350_20160629,Good,Good,0.9999954593698281,4.453153296732861e-06,8.668850655139245e-08,7.883684785582593e-10
S05121350_20170615,High,High,0.002631052296524974,0.9973689307773872,1.3976291955455336e-08,2.9497959832236885e-09
S05121350_20180718,High,High,0.07989598367805999,0.9201028674762293,1.1001283254753297e-06,4.871738535218974e-08
S05121350_20190604,High,High,2.314199888098084e-06,0.9999976798174153,5.881651386368775e-09,1.0104538928763848e-10
S05121350_20210610,High,High,2.1046977726671687e-05,0.9999788365746184,1.1504761224006222e-07,1.4000427081451938e-09
S05121350_20220613,High,High,0.009786012085025504,0.9902139011483384,8.479993439241645e-08,1.9667016471307966e-09
S05121400_20160629,Good,Good,0.999824396241234,0.00017319651856134846,2.4003582188530695e-06,6.881985856409383e-09
S05121400_20170614,High,High,1.9441103984923447e-05,0.9999805575576577,1.2575097616786573e-09,8.084768124205914e-11
S05121400_20180717,Good,Good,0.9999688758594409,2.1911540238943185e-05,9.047017900311348e-06,1.6558241986528893e-07
S05121400_20190704,High,High,6.468305371511215e-06,0.9999935309459027,7.349929163238837e-10,1.373269131145934e-11
S05121400_20200709,High,High,0.0003332096314220142,0.9996667809207733,9.244467100056023e-09,2.0333766894680788e-10
S05121400_20210727,Good,Good,0.9864227938383492,0.013576643296678357,5.584725497483834e-07,4.392422630464692e-09
S05121400_20220802,Good,Good,0.745412200658717,0.2545727573570454,1.5019336015791464e-05,2.2648221836236903e-08
S05122000_20080707,Good,Good,0.999973484511866,5.02607399565306e-07,2.6007967998041976e-05,4.912736362947299e-09
S05122000_20090629,Good,Good,0.9972237927346623,6.624507825980225e-07,0.002775476373387563,6.844116750306885e-08
S05122000_20121002,Moderate,Good,0.6579407280575439,7.947739173571186e-07,0.34205556957677447,2.9075917643376944e-06
S05122000_20130725,Good,Good,0.997954644368094,4.489056794252086e-07,0.002044794467732076,1.1225849451428228e-07
S05122000_20140821,Good,Good,0.9994524011895228,3.632344319976695e-07,0.0005471834835994093,5.209244575563952e-08
S05122000_20150810,Good,Good,0.9982687001090316,1.4243093231105782e-07,0.001731135131179147,2.2328857068956726e-08
S05122000_20160628,Good,Good,0.9984046023969304,1.0491480996295146e-05,0.00158458351682564,3.226052476346297e-07
S05122000_20170614,Good,Good,0.9986209158858854,7.682229499899628e-06,0.0013713002034059102,1.0168120876946324e-07
S05122000_20180717,Moderate,Good,0.9992373651561445,1.3356539955949854e-07,0.0007625006278973445,6.50558667767952e-10
S05122000_20190710,Good,Good,0.9908372616030198,6.815774953608538e-07,0.009161383683441401,6.731360435026178e-07
S05122000_20200709,Moderate,Good,0.9867545217176841,3.116356695960321e-06,0.013239540225356177,2.8217002637938094e-06
S05122000_20210728,Good,Good,0.9043866058060882,1.2604020465624378e-05,0.09560011885011131,6.713233347640975e-07
S05122000_20220803,Moderate,Moderate,0.45410813109380793,2.640659082979279e-06,0.5458859944159012,3.233831207955792e-06
S05126050_20110718,Good,Good,0.9998040214335466,2.8564447378111245e-06,0.0001926401853380903,4.819363775750758e-07
S05126050_20120724,Good,Good,0.9999923253312776,8.853945335018097e-07,6.752135981185508e-06,3.713820770808778e-08
S05126050_20130702,Good,Good,0.9999671836756889,6.610468805630167e-07,3.2153543831844516e-05,1.7335986508639007e-09
S05126050_20150709,Good,Good,0.9999902670223693,5.7577968975932215e-06,3.974015290548314e-06,1.1654426462666194e-09
S05126050_20160629,Good,Good,0.9164214599508177,6.89381983307778e-07,0.08357734554372108,5.051234778915339e-07
S05126050_20180718,Good,Good,0.9960236600474823,9.404959439995054e-06,0.0039664009158802745,5.340771974236566e-07
S05126050_20190708,Good,Good,0.9880056100558003,0.011981941942303872,1.0810701557497219e-05,1.637300338259609e-06
S05126050_20200805,Good,Good,0.9999965880415213,2.681229817792003e-06,7.232206469285585e-07,7.508014076632735e-09
S05126050_20220906,Good,Good,0.9999768685259323,2.133517252682147e-05,1.7960555953845614e-06,2.4594563067276707e-10
