SamplingOperations_code,IBD_pred,region
977,14.209007268060937,18
978,15.27660495209981,18
979,13.765104998377103,18
980,15.03475922417746,18
981,15.92230694655174,18
982,14.045739691206727,18
983,14.229930732280025,18
984,13.97550103679388,18
985,10.37146141757025,18
986,12.569731957964411,18
987,14.677781187752718,18
988,15.184764062118271,18
989,15.684059445609318,18
990,14.568631915670814,18
991,15.165050717555959,18
992,15.519613971590774,18
993,14.952993326240648,18
994,15.726013262953028,18
995,15.143478040691802,18
996,16.750717183049606,18
997,17.58387802681672,18
998,17.560737008186898,18
999,15.823453369689604,18
1000,15.210647615708709,18
1001,14.959299553106167,18
1002,13.408025052935326,18
1003,15.251630763808501,18
1004,15.378691558793632,18
1005,17.32673009616634,18
1006,15.430036548836,18
1007,15.62527193175515,18
1008,12.411957669258062,18
1009,8.321073200573766,18
1010,15.231313436507655,18
1011,14.286491876696608,18
1012,10.381451289089817,18
1013,11.903863763861477,18
1014,8.133849809584301,18
1015,9.944057251655257,18
1016,15.46505690721254,18
1017,13.569255338546073,18
1018,6.8185812584125705,18
1019,12.705386895528223,18
1020,13.824844563493176,18
1021,12.255205834611505,18
1022,13.237502957686516,18
1023,14.847133007083846,18
1024,13.677344179986974,18
1025,14.1257582146312,18
1026,15.371087915500768,18
1027,14.453814809669183,18
1028,12.397321073459262,18
1029,11.790210147415271,18
1030,16.94808266881244,18
1031,17.455576597940365,18
1032,14.280328781873887,18
1033,14.795042119718246,18
1034,11.36673961618154,18
1035,11.826745417184672,18
1036,15.822626651499496,18
1037,9.068688768831688,18
1038,6.670171654067007,18
1039,13.942888417259374,18
1040,12.678791932509927,18
1041,11.055003051510868,18
1042,10.64859743525167,18
1043,12.809664132799785,18
1044,5.753820167068302,18
1045,12.091152311638602,18
1046,13.88028393279597,18
1047,12.780343258983912,18
1048,11.136679543901423,18
1049,15.00920254511808,18
1050,10.60335108773299,18
1051,10.164149874828862,18
1052,13.500326172078392,18
1053,14.896345810032326,18
1054,14.278758221865463,18
1055,13.321416947616736,18
1056,12.659499034212233,18
1057,15.806564768791654,18
1058,15.95395172200876,18
1059,11.531624715905652,18
1060,12.291159344825013,18
1061,10.376939519685113,18
1062,9.03258432635813,18
1063,14.715556000904233,18
1064,15.513403437264333,18
1065,14.179210478333639,18
1066,14.334061225045671,18
1067,13.261080384023638,18
1068,13.504315804136924,18
1069,9.814656831407902,18
1070,11.88371414650665,18
1071,8.642989986802906,18
1072,16.479653351415415,18
1073,12.921386186299939,18
1074,13.266566928516804,18
1075,12.544670810447288,18
1076,13.110010353934575,18
1077,20.087163870587244,18
1078,16.824480189863834,18
1079,19.777039777464687,18
1080,15.553255858306654,18
1081,15.89248032800193,18
1082,14.381608948801528,18
1083,13.87977859330319,18
1084,13.245949335217096,18
1085,14.642643486912355,18
1086,12.996957248963698,18
1087,11.837656469333616,18
1088,13.97382139981147,18
1089,13.239573580428441,18
1090,13.770435168426873,18
1091,13.967152694673214,18
1092,14.241453333285476,18
1093,11.962877589392189,18
1094,14.44267040934959,18
1095,13.926095678932057,18
1096,13.234916611889517,18
1097,14.14841118345052,18
1098,13.621108059824525,18
1099,14.157582343314356,18
1100,8.074355453588055,18
1101,11.480063259400739,18
1102,12.983335907855569,18
1103,13.065126855770085,18
1104,14.137813822584803,18
1105,10.678652883653005,18
1106,14.00677414735404,18
1107,12.63152622150767,18
1108,14.744079826719778,18
1109,10.982922303789763,18
1110,13.528299647068879,18
1111,13.891484831669556,18
1112,13.340756384382946,18
1113,11.506288696253856,18
1114,11.748213758443729,18
1115,14.529937316116637,18
1116,13.285610951405824,18
1117,15.010582226372854,18
1118,14.981797448416083,18
1119,13.067251309176461,18
1120,12.467026110645117,18
1121,12.898864260044212,18
1122,12.51392486125924,18
1123,13.728913685019515,18
1124,12.320435581398328,18
1125,13.05470715611548,18
1126,11.632104182530204,18
1127,12.207541435851823,18
1128,13.791890715167684,18
1129,12.866437373465562,18
1130,14.096882783091207,18
1131,14.13811650354272,18
1132,14.244045916679596,18
1133,12.873080348712447,18
1134,14.454930475913933,18
1135,14.048571202519204,18
1136,14.03265755465394,18
1137,13.443009996837,18
1138,10.230808126313624,18
1139,10.924668147030593,18
1140,14.38898864419558,18
1141,14.545272740984135,18
1142,13.269921192707239,18
1143,13.094207054724114,18
1144,13.77084607895241,18
1145,12.826547448788409,18
1146,13.823946248543356,18
1147,12.934765151749282,18
1148,13.380434307868356,18
1149,13.630445333038887,18
1150,13.565055716684187,18
1151,13.394294213394561,18
1152,14.817351153760677,18
1153,14.630799881617573,18
1154,17.10101072596479,18
1155,15.707104370229459,18
1156,14.776720651288969,18
1157,12.149925454729619,18
1158,14.85124800993134,18
1159,12.762545783457165,18
1160,12.982737035692926,18
1161,11.440810694397962,18
1162,13.600799059233896,18
1163,12.901908288668654,18
2069,15.303250818645108,5
2070,15.380303634571417,5
2071,10.853845917452038,5
2072,20.022958461588974,5
2073,20.139659478938103,5
2074,20.24959539090059,5
2075,19.9349886376584,5
2076,18.88634930544345,5
2077,17.911475040592684,5
2078,16.443111785900335,5
2079,14.825002167307089,5
2080,15.82733623601876,5
2081,18.03551043219395,5
2082,18.50876902305349,5
2083,18.043202589756845,5
2084,16.727287227960623,5
2085,15.381311859312694,5
2086,15.756765077391568,5
2087,18.383198297244256,5
2088,19.607258788906883,5
2089,19.513927646773556,5
2090,19.933296260141073,5
2091,16.089033643304713,5
2092,19.947092639406854,5
2093,13.716991410623416,5
2094,13.672848192332129,5
2095,14.291029024494582,5
2096,14.670906982863047,5
2097,15.66652017409775,5
2098,16.911950725017128,5
2099,14.08535824263305,5
2100,14.08167098696854,5
2101,15.309504188962944,5
2102,15.803024275532652,5
2103,19.758386582283364,5
2104,19.920901202545256,5
2105,20.026993527264423,5
2106,20.092789062429052,5
2107,19.4890892533724,5
2108,16.120141109388413,5
2109,20.028874562646475,5
2110,14.505473565129773,5
2111,13.513169394652202,5
2112,15.527335796395564,5
2113,20.194961703090502,5
2114,20.038208012094266,5
2115,18.84151468904806,5
2116,10.784775714169985,5
2117,19.60712761856648,5
2118,19.956964676870626,5
2119,19.624831374158624,5
2120,19.364587998950192,5
2121,20.025190378945947,5
2122,17.238670539678438,5
2123,10.60335269211624,5
2124,19.708807099355262,5
2125,19.826037322594285,5
2126,15.156404803990505,5
2127,16.6816871356522,5
2128,15.703369912289947,5
2129,10.995280825878293,5
2130,15.743072360046288,5
2131,14.014975212260275,5
2132,12.991011797666786,5
2133,15.140321312122513,5
2134,20.06659948749414,5
2135,19.154091704932746,5
2136,17.550619660797476,5
2137,19.238161250861456,5
2138,16.055197950878053,5
2139,20.010793979861443,5
2140,19.405768410653316,5
2141,19.600490996270064,5
2142,15.252199066891391,5
2143,17.070100878260856,5
2144,16.105524608123,5
2145,16.674811548077663,5
2146,20.01185062741237,5
2147,19.775583063564508,5
2148,15.28582231758989,5
2149,15.736693292541636,5
2150,13.34131553569831,5
2151,17.95982403991325,5
2152,18.327083834422712,5
2153,18.787903665226494,5
2154,19.863312977893994,5
2155,19.836264307882292,5
2156,20.282033781480994,5
2157,20.073726910121763,5
2158,19.93291750171029,5
2159,17.035286413985805,5
2160,19.928099219002114,5
2161,19.159891804759926,5
2162,14.95799027973485,5
2163,20.0628385066791,5
2164,19.036188670512757,5
2165,19.8275098735684,5
2166,18.60208528461461,5
2167,19.679647233968595,5
2168,20.11780462544756,5
2169,18.287314627378095,5
2170,17.906787632472714,5
2171,14.623112477559486,5
2172,15.197880738880503,5
2173,14.992426258695208,5
2174,14.068883589302803,5
2175,15.320098975562802,5
2176,13.754156530403446,5
2177,15.27479784946533,5
2178,12.428619715042874,5
2179,10.086364400570169,5
2180,15.737466727118312,5
2181,17.285376006868365,5
2182,16.351978439610846,5
2183,9.251021319931901,5
2184,13.249457839807201,5
2185,12.40405511033357,5
2186,12.742800061908568,5
2187,19.973530658119238,5
2188,20.015554471944515,5
2189,19.948576112496177,5
2190,15.08013926120642,5
2191,19.780227181329483,5
2192,20.30847371619779,5
2193,18.165515417675387,5
2194,19.149489218313214,5
2195,20.222945952563226,5
2196,20.072486906689193,5
2197,14.298108094839034,5
2198,19.94238895904249,5
2199,16.658672439177263,5
2200,11.464449641864647,5
2201,18.91261602703792,5
2202,16.606530031607946,5
2203,17.919321802694473,5
2204,16.417562461034425,5
2205,19.33730591036931,5
2206,20.237094618691593,5
2207,20.096170771505708,5
2208,17.374721591421814,5
2209,18.923992743998983,5
2210,17.314205262131086,5
2211,14.516819643857414,5
2212,19.831635637251782,5
2213,20.152602340855125,5
2214,19.34490932846032,5
2215,18.543787834033807,5
2216,16.50546015482987,5
2217,16.134158478025828,5
2218,15.892194676796326,5
2219,15.626944556574452,5
2220,16.66071059002579,5
2221,18.239051348360185,5
2222,16.560498120121586,5
2223,19.467847751917695,5
2224,16.12332648557079,5
2225,20.079651918523844,5
2226,17.267041421535374,5
2227,17.506226268201797,5
2228,20.151426805530903,5
2229,19.801670773036896,5
2230,20.05031047931954,5
2231,19.799497244786114,5
2232,19.922888768303316,5
2233,15.810234372329559,5
2234,17.28235372396747,5
2235,19.481733913618786,5
2236,19.196739756683062,5
2237,14.34185920883568,5
2238,14.215423121381944,5
2239,16.481593976420733,5
2240,17.738665531835576,5
2241,10.296648826015357,5
2242,16.14354852803893,5
2243,19.867511637858737,5
2244,19.946441825668504,5
2245,15.577491278152868,5
2246,15.449808588364085,5
2247,18.341552850093265,5
2248,17.673448205517126,5
2249,18.361433939872363,5
2250,20.098201570751797,5
2251,19.780835517411184,5
2252,19.927043272279796,5
2253,19.993524345551247,5
2254,19.97654937694976,5
2255,18.434696262883023,5
2256,19.32686172565131,5
2257,13.963014963383626,5
2258,15.7474676682929,5
2259,16.921909623014283,5
2260,15.795272830135943,5
2261,15.753809263525433,5
2262,20.154702393675677,5
2263,20.0583792063759,5
2264,15.939482320559149,5
2265,17.81015861343797,5
2266,19.96960207503257,5
2267,16.656683881281875,5
2268,19.15734766871181,5
2269,20.18289103201045,5
2270,17.808246927276524,5
2271,16.304783457112343,5
2272,19.90602337195356,5
2273,18.466169238976534,5
2274,17.04360827284609,5
2275,17.218706532458103,5
2276,18.901741334246317,5
2277,17.700625646066342,5
2278,16.472004154918984,5
2279,16.149588278701934,5
2280,19.97952130469603,5
2281,18.30878775142113,5
2282,19.007517330084923,5
2283,20.047366176389723,5
2284,20.140119685216412,5
2285,17.599601590351096,5
2286,16.699586024358855,5
2287,19.96365851077479,5
2288,15.876482366917083,5
2289,15.071171807330442,5
2290,11.81188001153399,5
2291,17.19530947615642,5
2292,11.590498023057666,5
2293,16.043279913599257,5
2294,14.692461691413545,5
2295,14.590130188688814,5
2296,16.421058505828668,5
2297,15.383637605422512,5
2298,19.82790933780494,5
2299,20.134026371069833,5
2300,14.483574256427044,5
2301,15.832848734960278,5
2302,17.640150742018143,5
2303,19.133460075944726,5
2304,16.737946511864763,5
2305,18.373866829453075,5
2306,17.946924062504895,5
2307,18.225350300112098,5
2308,16.616763512665568,5
2309,16.027871278247122,5
2310,20.057927033714464,5
2311,20.190097316347046,5
2312,19.892824330236614,5
494,18.763473985056127,4
495,19.39943737682244,4
496,13.866815078641077,4
497,15.81449511332437,4
498,17.95545872578495,4
499,17.243840878431673,4
500,19.280334481562072,4
501,18.340280339782854,4
502,15.120883917136169,4
503,13.199566819552356,4
504,12.274191013980158,4
505,14.900037307284002,4
506,14.526713500096886,4
507,13.440368514657226,4
508,13.011037469773425,4
509,10.380675334076038,4
510,13.580342698310695,4
511,13.142837755384575,4
512,13.946405203956859,4
513,11.371548171328996,4
514,14.712588276900807,4
515,13.924122171958475,4
516,18.750279037845303,4
517,16.78865044862984,4
518,19.980219065012584,4
519,16.458036025369736,4
520,14.185615217237226,4
521,14.53675557178623,4
522,16.429518561049388,4
523,18.66243682168996,4
524,14.55412864692869,4
525,14.620837134987607,4
526,10.475246031842945,4
527,15.029003807332014,4
528,20.065266601583865,4
529,19.527457957737663,4
530,14.299808474538692,4
531,19.507245857114633,4
532,18.9838800849021,4
533,16.780692258006166,4
534,17.924392564775136,4
535,15.007964212540184,4
536,17.24686139521976,4
537,16.618828343993687,4
538,15.611839698611538,4
539,15.544137214914496,4
540,16.450004435410673,4
541,14.640654846879,4
542,17.624298645823195,4
543,17.375518151058518,4
544,18.133346982219635,4
545,19.33736260352133,4
546,19.409914936362203,4
547,18.349306859019478,4
548,11.6352312800656,4
549,13.81289528981177,4
550,17.794893158235087,4
551,15.78818294482607,4
552,16.876044803317136,4
553,15.480105298621329,4
554,18.174856384415683,4
555,18.361408042146422,4
556,17.744945751563236,4
557,15.613047425874479,4
558,12.688945897850582,4
559,16.370801726769944,4
560,18.120132541148635,4
561,16.55125573085411,4
562,17.488056957561277,4
563,17.890688969413524,4
564,17.318605812658,4
565,18.226196889341196,4
566,13.078658795792734,4
567,14.193797808633143,4
568,13.80653982280363,4
569,13.448570200817393,4
570,14.405973340652459,4
571,14.84856853847336,4
572,17.16057704277506,4
573,15.117934999381779,4
574,16.496400142813204,4
575,18.244499788308744,4
576,15.340292232783389,4
577,17.113612065003657,4
578,12.78165025399904,4
579,13.483147769505784,4
580,13.309048015003686,4
581,16.04066867492539,4
582,16.951241905094577,4
583,18.537916336591795,4
584,20.10103141749979,4
585,19.488219651606443,4
586,19.854807496500257,4
587,14.300095968389634,4
588,11.802173353767495,4
589,13.678682262660335,4
590,17.82234608546338,4
591,14.493442424223883,4
592,12.996447944646924,4
593,15.630063193486684,4
594,17.84609742238257,4
595,15.672263614869829,4
3389,19.161003092623712,10
3390,16.817079200388868,10
3391,12.596075733445272,10
3392,15.198627541674798,10
3393,17.449979733673242,10
3394,12.953669884526533,10
3395,11.33090880800873,10
3396,16.023057496131763,10
3397,10.157271967808125,10
3398,11.488350774889796,10
3399,13.56518342660077,10
3400,11.249071965594785,10
3401,14.184388392332684,10
3402,14.580682239541604,10
3403,6.310734074636088,10
3404,7.657748998992744,10
3405,6.2938416169989715,10
3406,12.248174114084957,10
3407,14.126318793912807,10
3408,13.884690014862072,10
3409,11.716649906708692,10
3410,14.64912658821542,10
3411,13.357513543309759,10
3412,14.748465889418831,10
3413,14.097618715553578,10
3414,8.741416817956019,10
3415,13.741143789512318,10
3416,14.9428315479199,10
3417,15.005218490917528,10
3418,13.799302635827411,10
3419,14.485430141470736,10
3420,14.684374151729862,10
3421,15.200053812047898,10
3422,14.7140858553889,10
3423,14.789395136967244,10
3424,12.278213275967099,10
3425,15.140286660470975,10
3426,14.34643484524031,10
3427,14.369680747119306,10
3428,17.737813829124324,10
3429,12.42141051179767,10
3430,12.859968502681276,10
3431,14.595723115522919,10
3432,19.13053760861641,10
3433,12.666955639373857,10
3434,11.502257147569944,10
3435,13.030817098084865,10
3436,12.806806146260396,10
3437,14.08421675299629,10
3438,11.238525573091088,10
3439,12.26493817851678,10
3440,13.24693431308206,10
3441,12.564533511048703,10
3442,14.36323124674799,10
3443,13.245859931683459,10
3444,14.135960189284896,10
3445,14.984384548749787,10
3446,11.051518263822796,10
3447,11.509325094243943,10
3448,14.141122171062833,10
3449,12.877558159464408,10
3450,10.796418873759624,10
3451,12.447147067366366,10
3452,9.178253570268026,10
3453,14.424926180097396,10
3454,13.903496454999772,10
3455,8.75748415360869,10
3456,10.509178838629504,10
3457,10.396543655269172,10
3458,11.265143176524317,10
3459,11.26462893696465,10
3460,11.497796233144,10
3461,10.602765511058253,10
3462,13.536467689567342,10
3463,11.784065097772348,10
3464,11.060828893021696,10
3465,8.91049606931805,10
3466,7.124481446901619,10
3467,15.601792099360821,10
3468,13.401121795825444,10
3469,14.223105796560128,10
3470,13.134953531709165,10
3471,14.489409193346106,10
3472,14.896283513253584,10
3473,15.350962577875046,10
3474,14.160918207049003,10
3475,13.055127872219813,10
3476,11.003226246035942,10
3477,12.601804892497423,10
3478,11.38329122409232,10
3479,11.735942487818303,10
3480,13.019367801766743,10
3481,12.986180987933588,10
3482,13.314234898859567,10
3483,16.242941940298806,10
3484,12.046370954037007,10
3485,16.371660812055506,10
3486,12.570934837731302,10
3487,18.750101263917394,10
3488,15.24835028409244,10
3489,10.207606337242119,10
3490,11.530812319635832,10
3491,13.297776740546585,10
3492,12.171186298549307,10
3493,12.478291666277803,10
3494,15.882561668530203,10
3495,14.831789809867947,10
3496,14.845431092859371,10
3497,15.108348758356154,10
3498,9.407766228100982,10
3499,9.10974885997846,10
3500,12.511103906946541,10
3501,13.681157944867383,10
3502,12.894788839190637,10
3503,9.975567591629694,10
3504,14.719041538623046,10
3505,13.242487923008545,10
3506,12.021952066605873,10
3507,14.158530126358961,10
3508,13.948752968728261,10
3509,13.787405486847561,10
3510,15.013715002274761,10
3511,13.282897749893609,10
3512,14.494290742230891,10
3513,12.418553593006688,10
3514,14.17713211021846,10
3515,9.231038497012312,10
3516,14.915430115977584,10
3517,13.36496771113647,10
3518,15.876268818781663,10
3519,14.764227517945374,10
3520,14.62009156446241,10
3521,14.759175995830729,10
3522,14.103580785910474,10
3523,6.221044641463385,10
3524,10.5504816748862,10
3525,12.91569700919904,10
3526,14.059222825038402,10
3527,14.584896956769343,10
3528,6.662331487931162,10
3529,8.704332450649797,10
3530,11.466809408286275,10
3531,13.200082830202584,10
3532,12.98256629187937,10
3533,13.234128277501487,10
3534,16.958223982882867,10
3535,13.083935880944496,10
3536,13.78399153709853,10
3537,13.251492191552057,10
3538,14.197326094460433,10
3539,14.309311238633285,10
3540,10.18997865534973,10
3541,8.256003671301933,10
3542,12.391712354923072,10
3543,11.358660737616741,10
3544,12.974135981634864,10
3545,11.368427847558644,10
3546,13.404092885517342,10
3547,14.866517060098884,10
3548,11.158083321062648,10
3549,15.408332365293882,10
3550,14.39380209043577,10
3551,15.03937272184143,10
3552,14.074684748638818,10
3553,13.743683915096797,10
3554,12.300304792516098,10
3555,15.194128694753017,10
3556,15.113510283161215,10
3557,12.87812355749859,10
3558,14.986736787174058,10
3559,10.911250365401045,10
3560,9.851261371431573,10
3561,13.822100912412587,10
3562,13.49845465307411,10
3563,12.512513733697038,10
3564,11.487747521333816,10
3565,15.149570849684194,10
3566,14.393974872082852,10
3567,17.143821909442394,10
3568,14.0597878712232,10
3569,14.322236399680492,10
3570,13.633415365074894,10
3571,13.633728120643875,10
3572,14.037427703110158,10
3573,13.092377336253042,10
3574,13.029487378167598,10
3575,13.335647468912006,10
3576,10.438858377888593,10
3577,13.476165653785715,10
3578,8.871278967929623,10
3579,14.932912729779124,10
3580,12.792272162276742,10
3581,12.656596806892997,10
3582,13.659508107113215,10
3583,14.537253257146443,10
3584,14.419929213502964,10
3585,8.636666854980334,10
3586,14.667827866061652,10
3587,12.802470666364492,10
3588,13.03154754142212,10
3589,14.83142592191263,10
3590,14.90685528013037,10
3591,14.919275737046114,10
3592,14.321544468781093,10
3593,14.587404782097535,10
3594,14.437946493043873,10
3595,14.630856776175284,10
3596,15.208909815502128,10
3597,13.586033412735217,10
3598,14.676619705478435,10
3599,15.014970488068514,10
3600,14.436035766946834,10
3601,15.110858258356696,10
3602,14.960829536474359,10
3603,15.7096973813325,10
3604,12.206178220199638,10
3605,13.707034847122383,10
3606,8.666712660683189,10
3607,15.319188778525413,10
3608,10.926431415031413,10
3609,14.054025993262696,10
3610,13.161471552509893,10
3611,12.26971277881302,10
3612,14.387809128700797,10
3613,15.511379956934363,10
3614,14.460134792660924,10
3615,14.11293974429597,10
3616,14.567990007201665,10
3617,15.492554273710018,10
3618,15.313000034273426,10
3619,15.645596420171557,10
3620,18.29582299554065,10
3621,16.53906825528183,10
3622,16.20475273477369,10
3623,16.957572377398517,10
3624,19.403087561707224,10
3625,17.3645146769513,10
3626,20.215860882196,10
3627,20.262223626727117,10
3628,20.11592345358148,10
3629,16.974331379817396,10
3630,17.0136178232408,10
3631,16.414382019632455,10
3632,16.607769210421313,10
3633,16.005651179382,10
3634,16.224970462788736,10
3635,14.502955751235246,10
3636,15.069960971996831,10
3637,15.639573457782149,10
3638,15.886548860976065,10
3639,16.68424972783023,10
3640,15.938658179596997,10
3641,15.806085339429892,10
3642,14.529967878103065,10
3643,14.872695138386737,10
3644,15.506505258884566,10
3645,14.746994410956555,10
3646,7.160439903709787,10
3647,10.210750502271708,10
3648,19.030713502168677,10
3649,16.19435483431137,10
3650,11.46662784279803,10
3651,14.284641970196189,10
3652,19.00236285749302,10
3653,8.825440527878651,10
3654,13.769885067962527,10
3655,14.339604602519154,10
3656,14.375453460250311,10
3657,16.405326807942497,10
3658,14.794222545521299,10
3659,16.278048242775945,10
3660,16.839612499402946,10
3661,16.72101179707206,10
3662,15.3275312857754,10
3663,17.54064083211678,10
3664,14.53368145247601,10
3665,15.75588214296951,10
3666,16.320944652841053,10
3667,14.537465712145016,10
3668,13.75495532566822,10
3669,15.757884313427072,10
3670,16.434809445097034,10
3671,14.536983871304532,10
3672,14.97766453500106,10
3673,19.07763923199423,10
3674,16.362073066172208,10
3675,14.40243641876127,10
3676,14.55551568613075,10
3677,15.195371546502276,10
3678,15.0283907569776,10
3679,14.69176397138299,10
3680,16.138550182531993,10
3681,19.705860195179113,10
3682,20.04310001412224,10
3683,16.927220064699718,10
3684,20.050040170160482,10
3685,19.980331661506412,10
3686,19.956361458298826,10
3687,17.47094989611865,10
3688,19.925958414402025,10
3689,19.91808935257042,10
3690,19.42176115956654,10
3691,19.55692318355257,10
3692,20.04675851513833,10
3693,20.104452110486996,10
3694,14.545903598880793,10
3695,16.022584727456326,10
3696,19.75454209484568,10
3697,19.11628233567019,10
3698,15.436728604257828,10
3699,16.142352491240008,10
3700,17.615915350154452,10
3701,15.209403443260339,10
3702,19.959303622395698,10
3703,19.909578276307005,10
3704,19.683328560113726,10
3705,19.455624917553806,10
3706,18.364963352133014,10
3707,19.01127089797944,10
3708,19.601090834764175,10
3709,19.657197246279388,10
3710,20.23996810739778,10
3711,19.865897035855905,10
3712,20.031469557279795,10
3713,19.877294660262518,10
3714,19.81362776259107,10
3715,19.458096679015842,10
3716,19.732018815892395,10
3717,19.801809862878283,10
3718,19.84071826920835,10
3719,20.33807829939695,10
3720,20.34962962142808,10
3721,18.658584849869783,10
3722,17.518435058905556,10
3723,20.67937756612887,10
3724,19.188757466631763,10
3725,19.964813910665395,10
3726,15.907902355013094,10
3727,19.54207830765665,10
3728,19.40570317426929,10
3729,20.22440798354535,10
3730,20.83740576549191,10
3731,13.234177969788231,10
3732,12.578148003440159,10
3733,14.959267097551436,10
3734,18.04208003823264,10
3735,17.667822158987505,10
3736,16.240042043434098,10
3737,19.603513674673984,10
3738,19.61241763336367,10
3739,18.855493343429167,10
3740,18.09756250886568,10
3741,18.43045663516453,10
3742,15.025096494071745,10
3743,15.206357133527705,10
3744,15.511355337010635,10
3745,18.259941434847573,10
3746,19.99890267537456,10
3747,19.97501252253079,10
3748,18.873130547626147,10
3749,18.599799778803938,10
3750,19.189669284800512,10
3751,15.11144747253952,10
3752,14.961988992311127,10
3753,15.973889950684715,10
3754,15.122803309231845,10
3755,13.032651595580509,10
3756,11.48947333147466,10
3757,15.850578840576452,10
3758,15.030973342349826,10
3759,14.81364482454023,10
3760,16.12728904825888,10
3761,15.457518878258831,10
3762,16.421248891623666,10
3763,18.04193843933989,10
3764,16.741688884511756,10
3765,15.123981021988621,10
3766,15.551541545413256,10
3767,14.541283723910999,10
3768,15.074246314546837,10
3769,16.35411873597577,10
3770,15.410586540053439,10
3771,16.393473705592655,10
3772,16.957442985152753,10
3773,17.188662839434798,10
3774,14.504920473143882,10
3775,15.741593176481606,10
3776,14.672795163162315,10
3777,15.43470775925452,10
3778,14.537593286204315,10
3779,16.221097131750795,10
3780,15.977190507811171,10
3781,17.45696991006926,10
3782,18.663141666246702,10
3783,9.997279979904544,10
3784,15.877125297678756,10
3785,16.38392522129815,10
3786,15.70356109253714,10
3787,14.6065359783077,10
3788,14.728362468288967,10
3789,15.177267521254702,10
3790,18.27043939743486,10
3791,19.262497145396367,10
3792,17.72838395624665,10
3793,14.192958734305806,10
3794,14.748439346794866,10
3795,14.743668650106612,10
3796,15.73176845980424,10
3797,13.133363753854878,10
3798,16.348213665285993,10
3799,17.31248764630648,10
3800,16.9152588643569,10
3801,16.09656602659695,10
3802,15.69720287138418,10
3803,16.082560950237635,10
3804,19.798943611788996,10
3805,19.869499231990464,10
3806,20.1318800494799,10
3807,15.0300424312982,10
3808,11.03669382479097,10
3809,15.131277710429492,10
3810,13.46042006179164,10
3811,17.348793719223558,10
3812,18.54159161756334,10
3813,18.753177996503457,10
3814,14.684278494173892,10
3815,15.173668368312137,10
3816,20.59572595906286,10
3817,20.262552065383836,10
3818,18.611536812091757,10
3819,20.24894097293445,10
3820,17.174769803432365,10
3821,16.06760412751075,10
3822,19.471465400859767,10
3823,15.56505923813055,10
3824,17.207290309714026,10
3825,18.269843707310894,10
3826,16.3151615101035,10
3827,16.391283399205086,10
3828,18.17958955875943,10
3829,17.758705530298556,10
3830,19.6257810251836,10
3831,17.5715407425501,10
3832,15.810905573977948,10
3833,15.811576873033061,10
3834,14.112369445747541,10
3835,13.560939028964485,10
3836,14.810780960774316,10
3837,12.998389800232149,10
3838,18.000416542338137,10
3839,18.967107668162264,10
3840,15.287456220557852,10
3841,11.037532040424184,10
3842,11.239846261477016,10
3843,14.41081977576683,10
3844,12.901965477217836,10
3845,15.774391065447867,10
3846,16.8385465829211,10
3847,15.075031991904027,10
3848,14.712663597069511,10
3849,13.4701403717483,10
3850,15.110603729318724,10
3851,14.676083882917096,10
3852,15.674495454415439,10
3853,14.832245781101339,10
3854,12.15556567538573,10
3855,13.822665912377259,10
3856,12.61505625845498,10
3857,14.428837652350254,10
3858,13.007582408222383,10
3859,15.292807785833714,10
3860,14.52982506153756,10
3861,12.68607914477034,10
3862,15.857790052274078,10
3863,14.855142718339245,10
3864,15.433767043851578,10
3865,19.099751284257255,10
3866,14.744327359515248,10
3867,15.250061277815977,10
3868,15.691147142243151,10
3869,16.82325630100895,10
3870,14.938988942133538,10
3871,18.570376884549578,10
3872,16.479883135056543,10
3873,19.390640241518827,10
3874,19.842920245966607,10
3875,17.028952039524643,10
3876,19.891819275838394,10
3877,19.60233227839732,10
3878,15.422829205705536,10
3879,18.128625771695596,10
3880,16.290147428229673,10
3881,14.763261341213196,10
3882,14.234758573307076,10
3883,14.635500935647485,10
3884,17.39503586506475,10
3885,15.879217184745492,10
3886,13.186017776537184,10
3887,19.963605085671865,10
3888,14.342540003055623,10
3889,11.60311606955906,10
3890,15.580007304807632,10
3891,13.796162727265267,10
3892,18.31461394918183,10
3893,18.76123546663781,10
3894,18.494586475431923,10
3895,15.962278852083237,10
3896,14.60596642697295,10
3897,11.357864053175343,10
3898,13.740656390988235,10
3899,18.613070659626953,10
3900,11.51968544330554,10
3901,14.806956402193027,10
3902,12.905880357527401,10
3903,15.047033650749928,10
3904,14.816049133840895,10
3905,14.211991614385907,10
3906,14.241608593813826,10
3907,16.969196233202094,10
3908,17.444267268179424,10
3909,18.141511515681444,10
3910,16.946667905615094,10
3911,15.384857627788755,10
3912,15.25125586330404,10
3913,13.843870800232247,10
3914,14.207865530004403,10
3915,18.019635613689356,10
3916,15.478306163942502,10
3917,15.760613181809266,10
3918,14.851609259456005,10
3919,15.284210062883085,10
3920,16.212541721833766,10
3921,12.685445647895701,10
3922,12.717753715269822,10
3923,19.382675309821728,10
3924,16.464892302891503,10
3925,15.059381280615872,10
120,17.169591689366367,22
121,17.76722969460446,22
122,11.839285092937347,22
123,13.485564888980374,22
124,14.230238543171618,22
125,14.260777279894672,22
126,13.03390896705737,22
127,15.477574339566587,22
128,13.057872638808382,22
129,13.434942423731435,22
130,11.730887069797545,22
131,19.351744794278613,22
132,19.571250994414807,22
133,13.229645201599352,22
134,15.173618200489534,22
135,14.255634812668717,22
136,16.112031244995155,22
137,15.597897462327417,22
138,16.37941949765986,22
139,17.673991714816648,22
140,16.721680835424365,22
141,12.789990049256279,22
142,15.148624051075128,22
143,14.287033779025407,22
144,19.147819629504074,22
145,17.072009423234107,22
146,14.67820868088533,22
147,12.710813983079102,22
148,12.626982851410974,22
149,14.061582157295692,22
150,13.8899899060491,22
151,19.175834249503954,22
9136,15.534263605119989,9
9137,14.47694600130978,9
9138,14.110492578881027,9
9139,15.440983329337401,9
9140,15.55642335096474,9
9141,19.5884664985217,9
9142,15.228112905237435,9
9143,15.877074437253137,9
9144,16.114732252437584,9
9145,15.317135289840582,9
9146,12.897793160898738,9
9147,15.353763043381614,9
9148,15.263599552475524,9
9149,17.068912582575233,9
9150,16.29194347007768,9
9151,18.6329856006059,9
9152,19.07832998682776,9
9153,14.305719647352717,9
9154,15.424732530887516,9
9155,14.963248026701555,9
9156,17.33577245492604,9
9157,15.339413250081991,9
9158,15.73742123478462,9
9159,15.926126509672896,9
9160,15.306701388744596,9
9161,15.577458907457428,9
9162,16.278091117867426,9
9163,16.53107565143064,9
9164,17.888406792106995,9
9165,15.514468802656435,9
9166,15.827708431711796,9
9167,14.755967514371559,9
9168,15.303491740510292,9
9169,15.846672808367403,9
9170,16.392867732549128,9
9171,14.691407146112317,9
9172,13.644514557799333,9
9173,16.067610806903907,9
9174,15.826950933985009,9
9175,16.43599330052186,9
9176,10.667220583582536,9
9177,15.365159265921738,9
9178,17.900733890585013,9
9179,15.652193692085055,9
9180,17.459779888311566,9
9181,15.163194977113204,9
9182,15.499286082168808,9
9183,15.42214955305712,9
9184,16.128987969612822,9
9185,18.813663943948896,9
9186,14.353210882599738,9
9187,11.543903886345085,9
9188,15.940362345146287,9
9189,15.48619318925825,9
9190,7.9069384749518195,9
9191,9.10412700363781,9
9192,7.761517695513283,9
9193,14.258929462722401,9
9194,12.840644551497357,9
9195,13.364625704782565,9
9196,15.26721383815679,9
9197,15.722362869261872,9
9198,13.420864105390525,9
9199,14.581275827840983,9
9200,15.953352863827568,9
9201,14.917806822899644,9
9202,15.014365454402233,9
9203,15.720074175075947,9
9204,15.485155468410582,9
9205,13.924500873043229,9
9206,18.04373176822637,9
9207,16.598321969093107,9
9208,16.658440488893643,9
9209,15.904373622244947,9
9210,16.165738835162113,9
9211,15.649358749352004,9
9212,17.026559034015893,9
9213,16.797654760965916,9
9214,13.713854097172195,9
9215,13.549574913832355,9
9216,15.82667249721164,9
9217,18.540241162252048,9
9218,17.965360233426978,9
9219,15.575233318509135,9
9220,15.113543560065938,9
9221,15.253201551281263,9
9222,15.666068191552323,9
9223,16.119892974657322,9
9224,16.258395711322095,9
9225,15.997205684969408,9
9226,16.53596095303177,9
9227,15.471652579430845,9
9228,14.320057792619192,9
9229,10.412727019447658,9
9230,12.56178850314109,9
9231,15.397930227038344,9
9232,14.278104775732041,9
9233,16.820919055474228,9
9234,15.136047454966079,9
9235,14.702565283352532,9
9236,13.181008383914293,9
9237,12.69547264077151,9
9238,16.406612753279074,9
9239,15.962214298776471,9
9240,15.016735393257996,9
9241,15.447518275980046,9
9242,12.117478537343649,9
9243,15.42468167110757,9
9244,15.548333176477538,9
9245,15.34886081378844,9
9246,20.362430296780925,9
9247,16.080306615689324,9
9248,14.180059432900796,9
9249,15.626956277468087,9
9250,13.536154255152095,9
9251,14.876745753441426,9
9252,16.088630416320516,9
9253,13.37756473963823,9
9254,15.460832903284157,9
9255,14.96054574461954,9
9256,13.820390930258613,9
9257,14.426996453536058,9
9258,13.004206209162824,9
9259,15.227233717327344,9
9260,14.752015896597644,9
9261,17.535257000217204,9
9262,14.973483370457355,9
9263,13.87220265478223,9
9264,13.649068353509621,9
9265,13.933760826179089,9
9266,14.62443236488588,9
9267,13.80619171366155,9
9268,14.35527198688016,9
9269,13.740196841221408,9
9270,14.873158322989488,9
9271,14.064332975623254,9
9272,14.52102694951433,9
9273,14.721877834831345,9
9274,14.260519627584978,9
9275,14.672372965382984,9
9276,12.363475766332161,9
9277,13.426835695728759,9
9278,13.154794422436645,9
9279,14.967292296554607,9
9280,15.809110123391777,9
9281,14.738600443590546,9
9282,14.507201919271528,9
9283,14.890204993049062,9
9284,15.091479308415053,9
9285,13.266057754438844,9
9286,13.100208148502286,9
9287,14.03337779835632,9
9288,13.663929154658438,9
9289,14.123000158764562,9
9290,12.981289855509232,9
9291,14.832928425714057,9
9292,11.404859695554311,9
9293,13.654536307272013,9
9294,15.356047910035311,9
9295,6.246150944797771,9
9296,9.129273412179668,9
9297,14.5147415849866,9
9298,13.35320699269999,9
9299,13.73420218020063,9
9300,16.88551752424859,9
9301,17.812735252412864,9
9302,17.541215242689905,9
9303,18.56244674069695,9
9304,15.602463382844919,9
9305,15.561496203367723,9
9306,19.19100174246101,9
9307,16.193338749862498,9
9308,17.931321190006067,9
9309,17.87700391125465,9
9310,15.72160128930423,9
9311,16.46719975661896,9
9312,15.630484745811458,9
9313,19.042583526443565,9
9314,15.77582591021831,9
9315,16.251912083513144,9
9316,18.342759485852238,9
9317,16.601445342005665,9
9318,16.12830017060207,9
9319,17.109898459534044,9
9320,16.087021162428705,9
9321,19.401431815726045,9
9322,19.195330709813163,9
9323,18.85837130440331,9
9324,21.194312211050036,9
9325,19.58891625287325,9
9326,15.91567880900087,9
9327,14.668465983695276,9
9328,17.438333186228313,9
9329,15.673614130250861,9
9330,15.6978883367346,9
9331,14.644490407615995,9
9332,17.65125378743688,9
9333,14.649324846299237,9
9334,14.83771731800504,9
9335,16.600695187823536,9
9336,6.421746992620928,9
9337,15.858480146031365,9
9338,15.207571454491704,9
9339,15.595792278009823,9
9340,16.48847878573123,9
9341,15.189937717749906,9
9342,15.348043273202514,9
9343,15.520986728034975,9
9344,15.252826691669007,9
9345,15.032420344483265,9
9346,15.229498461230984,9
9347,15.869570122960141,9
9348,14.422190087733906,9
9349,15.401807079344685,9
9350,14.980217219561679,9
9351,13.192487522313767,9
9352,9.824588124769104,9
9353,15.264595733276245,9
9354,15.218674928025358,9
9355,14.188675230749432,9
9356,14.706192671437371,9
9357,15.15915887314417,9
9358,15.459562655757106,9
9359,15.367148044800967,9
9360,15.456784124889726,9
9361,15.323956295640533,9
9362,14.699570317566643,9
9363,14.900154577936215,9
9364,15.60931083894113,9
9365,18.208053170897262,9
9366,15.259555655323398,9
9367,15.719609849664913,9
9368,10.111617121283874,9
9369,12.252465082554533,9
9370,18.133487982293513,9
9371,14.582011603572266,9
9372,14.645158010303316,9
9373,15.011398966061774,9
9374,14.300051757848596,9
9375,14.912269049711998,9
9376,14.763232225978802,9
9377,14.95405734398184,9
9378,11.361636428070089,9
9379,13.57495863652679,9
9380,14.731469438544238,9
9381,13.560444273126205,9
9382,15.738670832899597,9
9383,14.811019536758447,9
9384,14.26461766293004,9
9385,16.079746038602764,9
9386,14.460795134159191,9
9387,13.803527122102167,9
9388,14.176830225199396,9
9389,14.640768519093342,9
9390,15.220444570332273,9
9391,13.933659183065181,9
9392,12.941198300389631,9
9393,12.897662925322857,9
9394,12.857708303181322,9
9395,12.738061695415254,9
9396,14.467860150882403,9
9397,14.165296703867723,9
9398,13.406851486637905,9
9399,12.67190194602328,9
9400,11.82539433769797,9
9401,15.983105784045957,9
9402,11.710168227067046,9
9403,15.457033777928654,9
9404,15.296528093526444,9
9405,16.22257719567361,9
9406,15.252642161950515,9
9407,15.108913015080214,9
9408,14.52566528062564,9
9409,14.572562259828821,9
9410,13.71401894881493,9
9411,15.781016264579666,9
9412,15.3444842365638,9
9413,15.073489050811144,9
9414,15.291353184064283,9
9415,14.624327387725462,9
9416,14.438809999475634,9
9417,15.72531263281541,9
9418,16.157405504002313,9
9419,13.573068764492088,9
9420,15.933762938145389,9
9421,15.13886036129042,9
9422,14.611571141671774,9
9423,14.535314954164186,9
9424,11.763734987527062,9
9425,14.253324406680301,9
9426,14.22806026854413,9
9427,13.652331907356936,9
9428,15.253086691146668,9
9429,15.247921691050434,9
9430,15.32722487382804,9
9431,14.846631149202805,9
9432,14.453173549130854,9
9433,14.965827176085675,9
9434,15.122299219946397,9
9435,15.307883585761957,9
9436,14.221169875959173,9
9437,15.675107200555885,9
9438,14.988768188680973,9
9439,15.355547470623291,9
9440,16.362411547423584,9
9441,15.049008557918635,9
9442,14.570894834456176,9
9443,14.007273731387704,9
9444,14.208848729862748,9
9445,14.903677090874421,9
9446,14.532355735289551,9
9447,14.78014527649124,9
9448,12.87487814570057,9
9449,13.397456153421768,9
9450,14.618521635706749,9
9451,14.183352446633583,9
9452,13.709527951747159,9
9453,14.392661712013135,9
9454,14.937239763886272,9
9455,14.163463588235722,9
9456,12.964798296555559,9
9457,15.098382483767228,9
9458,15.121474690432875,9
9459,15.918540323773348,9
9460,15.176595741297005,9
9461,10.277886864949318,9
9462,14.718641421529593,9
9463,15.062007042336045,9
9464,15.179076973335782,9
9465,15.33998456432907,9
9466,16.963790885710555,9
9467,14.814465504135946,9
9468,15.638034790907247,9
9469,17.149085963630384,9
9470,15.143837882128421,9
9471,14.849911439735774,9
9472,16.129587855037933,9
9473,15.511439322962161,9
9474,16.247430403512293,9
9475,17.73196388235547,9
9476,13.799688013873514,9
9477,13.975965141565647,9
9478,8.995677757039202,9
9479,16.4141391298586,9
9480,15.809945702972408,9
9481,15.70731141029922,9
9482,12.398780041244942,9
9483,13.813804049593891,9
9484,14.456360369069998,9
9485,14.478606818030736,9
9486,15.278728876693513,9
9487,14.074175719911956,9
9488,15.021525695954958,9
9489,15.12692196920035,9
9490,11.903308148514562,9
9491,15.03403690037246,9
9492,14.234346860670664,9
9493,16.89608826015979,9
9494,15.688079804182161,9
9495,15.697290631386409,9
9496,15.159358794986279,9
9497,15.428640156281626,9
9498,17.53333711985463,9
9499,15.584913646856528,9
9500,15.191659648348681,9
9501,16.72864422307326,9
9502,14.871940116803298,9
9503,14.37408714283133,9
9504,15.258882969107914,9
9505,13.60227277481399,9
9506,13.338064326078506,9
9507,16.23161724187645,9
9508,14.004621870508592,9
9509,15.122785941448745,9
9510,15.812823684500348,9
9511,13.366881035145376,9
9512,15.241953787020638,9
9513,15.105928642041512,9
9514,14.14153114902681,9
9515,15.287374701481268,9
9516,15.983654059126764,9
9517,13.745284652319109,9
9518,14.121253725670883,9
9519,14.165593704431316,9
9520,14.976242371032017,9
9521,14.970713012924854,9
9522,15.353380633074025,9
9523,14.232774546052086,9
9524,13.743887711286686,9
9525,15.403618237896652,9
9526,14.929050228864607,9
9527,15.408038869381905,9
9528,11.230290523948243,9
9529,15.766531262291178,9
9530,15.057098793370374,9
9531,13.926490619477985,9
9532,17.032874615116093,9
9533,14.91780010300724,9
9534,15.408290342727703,9
9535,14.7526121110125,9
9536,15.114207495930085,9
9537,14.939573345990008,9
9538,15.920366313552265,9
9539,13.990729470398447,9
9540,16.07232793845731,9
9541,16.08885158103898,9
9542,15.221522094826652,9
9543,16.342398638706005,9
9544,17.547466078334605,9
9545,14.053282954365304,9
9546,15.111202326099276,9
9547,17.463542214583345,9
9548,14.250195634946888,9
9549,13.427393653649624,9
9550,15.389054933975615,9
9551,15.413471214035905,9
9552,15.582642668296469,9
9553,14.935912724488661,9
9554,15.238565693905976,9
9555,15.501467621293521,9
9556,15.266335377063035,9
9557,14.97021578977616,9
9558,14.866272513532994,9
9559,15.114740798147363,9
9560,14.64946911872069,9
9561,14.346414715288743,9
9562,14.959360469342046,9
9563,15.658880357745595,9
9564,15.462152985880842,9
9565,13.569886803667726,9
9566,15.950208834735747,9
9567,15.739403545821514,9
9568,13.94663467377792,9
9569,14.496734250879172,9
9570,13.457072780119097,9
9571,16.560615295887683,9
9572,14.53103374801262,9
9573,15.141826454663954,9
9574,15.618871708701398,9
9575,17.964953335140205,9
9576,14.884176561801151,9
9577,14.954248933385198,9
9578,14.373095026129109,9
9579,15.623151112765637,9
9580,15.397776083048491,9
9581,13.499314276517886,9
9582,14.468178553629658,9
9583,14.388159035376145,9
9584,13.70184559565093,9
9585,6.922672204551447,9
9586,11.387121987468168,9
9587,14.215505792439425,9
9588,15.88144851526261,9
9589,15.504687032070912,9
9590,15.368354822065891,9
9591,17.949063893283412,9
9592,16.436415124587164,9
9593,15.861156809167554,9
9594,13.574358537705065,9
9595,12.193537359085939,9
9596,15.751433309497815,9
9597,13.949267356907953,9
9598,14.689005711111339,9
9599,14.987204255563038,9
9600,14.588673785749327,9
9601,10.124425858303045,9
9602,15.236079017583748,9
9603,16.479430152937198,9
9604,14.199287342234,9
9605,15.263312180903625,9
9606,16.316352228894065,9
9607,15.366107682330874,9
9608,14.920685525208293,9
9609,15.108413160902739,9
9610,14.268290159538191,9
9611,15.992243347806427,9
9612,9.729335184022258,9
9613,16.066728213715358,9
9614,13.992765195057233,9
9615,15.185607526273175,9
9616,16.652817875759098,9
9617,13.324745797782596,9
9618,14.301817844457192,9
9619,11.002827190264636,9
9620,17.718679878488484,9
9621,18.819468885028332,9
9622,14.697626359077102,9
9623,13.708664587506474,9
9624,13.310340673816329,9
9625,14.912682453578672,9
9626,15.234055678656144,9
9627,14.092449222822989,9
9628,14.765220916528245,9
9629,14.776128959629196,9
9630,13.469027137813393,9
9631,12.18626683003574,9
9632,12.472909203436641,9
9633,15.946479527762321,9
9634,13.534574953784787,9
9635,15.618133717350483,9
9636,14.360303264585816,9
9637,15.704093527785403,9
9638,14.933459939746246,9
9639,13.720444944154986,9
9640,14.465643532436127,9
9641,13.672567518288767,9
9642,13.284599797515819,9
9643,15.525410356067484,9
9644,15.354868165665627,9
9645,14.651023075556804,9
9646,14.544071391420786,9
9647,15.613617557196179,9
9648,15.050808759184164,9
9649,15.66843037175612,9
9650,16.029994484346762,9
9651,15.051538107685046,9
9652,14.356525714810894,9
9653,12.94642426825904,9
9654,13.877586749290936,9
9655,18.065474502676505,9
9656,15.031870051411985,9
9657,10.539644316992925,9
9658,15.357426297867322,9
9659,13.911815768298776,9
9660,14.92051829589682,9
9661,16.703153847158323,9
9662,16.270636172906293,9
9663,15.044560859197343,9
9664,16.02742850001521,9
9665,15.30854578617811,9
9666,15.901935022823812,9
9667,15.125117509393185,9
9668,15.478032417789066,9
9669,15.972204065666334,9
9670,13.095380241153233,9
9671,14.694242906600357,9
9672,12.78187994997426,9
9673,12.704252083397762,9
9674,15.448671537910293,9
9675,15.258228189631579,9
9676,15.562980422763754,9
9677,14.98875629331015,9
9678,14.393172283475511,9
9679,14.781133283489543,9
9680,15.12390662009731,9
9681,13.529136695251495,9
9682,12.73827946229149,9
9683,15.817340625894381,9
9684,15.137879634378487,9
9685,15.11599899510223,9
9686,15.44314087329355,9
9687,15.424879061618727,9
9688,15.604389561935138,9
9689,15.62114141040856,9
9690,15.398134304157717,9
9691,15.409773905517659,9
9692,14.774197807611381,9
9693,14.580006751474922,9
9694,15.65537243648581,9
9695,17.070824910813887,9
9696,15.697030890013952,9
9697,15.821846239682825,9
9698,15.798800761197427,9
9699,15.47924015579883,9
9700,14.44160049463515,9
9701,15.320188029623965,9
9702,15.769176268335045,9
9703,13.125839832327824,9
9704,16.250402050937797,9
9705,15.32284088432031,9
9706,16.711501777694068,9
9707,16.38564025000326,9
9708,15.901508478337979,9
9709,14.812915833957987,9
9710,15.523874352286748,9
9711,14.795094316866948,9
9712,17.163350470690627,9
9713,15.321513211938367,9
9714,15.217801804439206,9
9715,14.032903627244028,9
9716,13.812305042205727,9
9717,14.663572267501657,9
9718,15.938600890738112,9
9719,15.670669472016996,9
9720,15.060075723698313,9
9721,17.36497143808782,9
9722,14.987292676722378,9
9723,14.609585939128703,9
9724,12.824393074370457,9
9725,14.240377082486871,9
9726,14.319631041901493,9
9727,15.256208327753814,9
9728,14.863571648444456,9
9729,15.32303287244504,9
9730,15.289305797960933,9
9731,14.25138547422077,9
9732,16.9861423490404,9
9733,15.662373275960602,9
9734,15.833441588655495,9
9735,15.221694709338992,9
9736,13.880347489742343,9
9737,14.295431021133767,9
9738,14.581518876302546,9
9739,13.631452134994452,9
9740,14.688080000813867,9
9741,15.653134993992909,9
9742,15.823851440300738,9
9743,15.839362141605296,9
9744,15.55789957377353,9
9745,14.622440815348366,9
9746,15.173946156273633,9
9747,10.61881110527845,9
9748,12.136464863009264,9
9749,15.065786784847786,9
9750,16.482561759036535,9
9751,15.64229734694786,9
9752,15.831968881782974,9
9753,15.76638970072569,9
9754,15.32482035164936,9
9755,14.861922534854866,9
9756,16.45787998247358,9
9757,15.66589780383414,9
9758,15.187162791554703,9
9759,16.34697100691126,9
9760,16.111813040724698,9
9761,13.539493303381997,9
9762,15.263472552600332,9
9763,15.619143830571993,9
9764,17.431025207082094,9
9765,12.898692330411219,9
9766,15.740281060168055,9
9767,11.098097492159184,9
9768,14.90898455368481,9
9769,14.671177371037137,9
9770,14.768008220870305,9
9771,17.75856536935948,9
9772,15.198966193997052,9
9773,15.68985223389813,9
9774,13.685882734772832,9
9775,13.932884215824235,9
9776,14.366608720509712,9
9777,12.171795963778528,9
9778,13.2749119099488,9
9779,15.144906885054507,9
9780,16.633450748845675,9
9781,15.537075544966608,9
9782,15.715478232705676,9
9783,13.295629371259649,9
9784,11.299470006037856,9
9785,11.968594473978683,9
9786,14.190498746642142,9
9787,14.683597031406618,9
9788,14.07211379777085,9
9789,18.247346988705203,9
9790,13.459354502547797,9
9791,14.253752656005652,9
9792,12.818033903563176,9
9793,11.32715220917267,9
9794,13.62720407462527,9
9795,11.627786219680193,9
9796,12.254537778622144,9
9797,11.229475737185174,9
9798,12.543081317738897,9
9799,12.551631166149768,9
9800,13.503248147836022,9
9801,12.446885032625701,9
9802,9.469192439059727,9
9803,10.850292124736669,9
9804,13.703158984881085,9
9805,13.188556901902118,9
9806,13.122687628435777,9
9807,12.471520213175653,9
9808,16.81704999752383,9
9809,16.37132346578864,9
9810,14.925850109151837,9
9811,15.313605287688919,9
9812,13.749020935428998,9
9813,17.86435978169231,9
9814,14.413215564131729,9
9815,15.411781665184865,9
9816,15.964678653125222,9
9817,15.095382199812018,9
9818,20.017954743307794,9
9819,16.28636523351116,9
9820,18.58651005775378,9
9821,8.414226522600986,9
9822,14.451857653693242,9
9823,15.69582247526158,9
9824,15.389494923326154,9
9825,5.171187259593749,9
9826,8.6085978983568,9
9827,10.403982870208784,9
9828,10.852004561994399,9
9829,10.089457531119308,9
9830,16.206536778659398,9
9831,17.607695960548025,9
9832,15.400296177752313,9
9833,14.623321088351664,9
9834,14.83418197162823,9
9835,14.523835371065017,9
9836,13.236601051820013,9
9837,14.860630193343267,9
9838,14.291560890368226,9
9839,15.416531320583587,9
9840,12.938364654434988,9
9841,17.688100240858816,9
9842,11.451468461148103,9
9843,10.474101911070376,9
9844,20.04551550733166,9
9845,15.366827116649956,9
9846,15.66567956385735,9
9847,15.632016729139396,9
9848,16.287101258706276,9
9849,17.417734737424723,9
9850,14.89773119795097,9
9851,14.034404611191388,9
9852,14.710346044021433,9
9853,14.350132660929555,9
9854,15.830815161162027,9
9855,15.902099934424465,9
9856,16.021843248971148,9
9857,16.84425736969502,9
9858,14.4119827380383,9
9859,14.104695271212496,9
9860,13.931774844952358,9
9861,12.43910688997412,9
9862,19.346065407738266,9
9863,15.181997215352597,9
9864,15.347991536981755,9
9865,15.334993906670967,9
9866,14.987741936954427,9
9867,14.86707961455855,9
9868,15.61435643451121,9
9869,8.600329216971367,9
9870,15.228431784721003,9
9871,13.312865075767636,9
9872,13.943255857296814,9
9873,16.485979563470217,9
9874,15.298865224258645,9
9875,14.060672176731345,9
9876,13.192504399575746,9
9877,15.071207148358852,9
9878,14.929703232538547,9
9879,15.03287359943079,9
9880,16.55005736621713,9
9881,14.524089021497115,9
9882,15.077320283731282,9
9883,14.249523123265337,9
9884,15.055268575332065,9
9885,14.056278183135044,9
9886,14.776856426128395,9
9887,14.796457005471302,9
9888,14.835917380767865,9
9889,14.789532009333152,9
9890,14.189796809436647,9
9891,14.517243879730293,9
9892,14.33660931184517,9
9893,13.354665400751696,9
9894,14.587218634215107,9
9895,14.92794514641223,9
9896,15.17554883178091,9
9897,14.69289994377461,9
9898,16.902424641742275,9
9899,13.466101703922252,9
9900,15.251811457940335,9
9901,14.871415174758612,9
9902,16.0546782505807,9
9903,12.385564610971128,9
9904,16.208895032199152,9
9905,12.588626385955632,9
9906,15.874104295075977,9
9907,14.333265580079521,9
9908,15.576376200142729,9
9909,14.503225485559824,9
9910,12.746733973022842,9
9911,12.711405338493549,9
9912,13.98088631957107,9
9913,14.729448437913431,9
9914,12.708752093893679,9
9915,15.707388371374373,9
9916,12.687546850566372,9
9917,13.794596701900728,9
9918,14.457835413300185,9
9919,13.875244760420962,9
9920,14.754426966219544,9
9921,14.874638709095182,9
9922,14.494543843009088,9
9923,16.14170325550428,9
9924,15.158648404425717,9
9925,12.493487085132909,9
9926,15.153852969020535,9
9927,14.79288218617985,9
9928,9.712058542793612,9
9929,8.77449254061066,9
9930,15.480956022061983,9
9931,12.004115599546624,9
9932,17.59274609658023,9
9933,14.414952127311972,9
9934,12.786269606096845,9
9935,12.41693009906822,9
9936,15.087139711697954,9
9937,16.094114039046705,9
9938,15.383618065288458,9
9939,14.119390239953361,9
9940,15.067124674575235,9
9941,12.993553060516623,9
9942,14.91100312205879,9
9943,17.885439639608837,9
9944,17.67524777252487,9
9945,14.026173207154162,9
9946,14.173743029029733,9
9947,15.520996993125575,9
9948,14.311100066618833,9
9949,13.868393507173304,9
9950,15.285202525160678,9
9951,11.46422698550026,9
9952,14.527994293504241,9
9953,14.760507667256372,9
9954,13.989956208566893,9
9955,14.044011401640079,9
9956,13.889386560346747,9
9957,14.567870276915102,9
9958,12.96678977774259,9
9959,14.796774130039836,9
9960,14.75896827093974,9
9961,14.600713830543432,9
9962,16.317414423153366,9
9963,16.32120449516804,9
9964,14.735942731554006,9
9965,14.628893830994441,9
9966,14.449908838623237,9
9967,14.69146744848743,9
9968,20.066660864402053,9
9969,14.190984175577785,9
9970,13.193526121243988,9
9971,13.957437105566225,9
9972,15.62714577131662,9
9973,12.020858689704188,9
9974,14.52213716797589,9
9975,14.671392928214779,9
9976,14.043252131283307,9
9977,15.068964415721238,9
9978,14.743840297460936,9
9979,14.63261919022265,9
9980,13.562971549603937,9
9981,15.510328293306737,9
9982,15.597602424587445,9
9983,14.549417704739673,9
9984,12.027765221603673,9
9985,16.10390951515435,9
9986,11.857124265757179,9
9987,14.668009982342111,9
9988,14.562975244547204,9
9989,14.933398623725386,9
9990,12.67577461145852,9
9991,13.228981650942313,9
9992,14.81195438110028,9
9993,15.765645975151408,9
9994,15.22403744904511,9
9995,13.134785355033515,9
9996,15.20850308413497,9
9997,14.437769321030272,9
9998,14.97083210278257,9
9999,15.372338551618704,9
10000,15.129976743164757,9
10001,11.092946709486998,9
10002,15.221610512922744,9
10003,14.467220898240353,9
10004,14.50022071390479,9
10005,14.825129219981976,9
10006,14.316949042301921,9
10007,12.529922830387275,9
10008,15.048924818304224,9
10009,14.603528703254876,9
10010,14.63927295756175,9
10011,14.584410155180448,9
10012,13.962934712785984,9
10013,15.236544009487197,9
10014,14.039012880797626,9
10015,17.177503476090603,9
10016,15.629244832612216,9
10017,15.918260408775959,9
10018,15.631860668743606,9
10019,15.823635180884692,9
10020,15.299727966153027,9
10021,20.24989826781613,9
10022,14.591396585459515,9
10023,15.572991882606784,9
10024,14.504815467505562,9
10025,16.080612622709484,9
10026,16.841878539899476,9
10027,19.726899083525364,9
10028,15.353449700298414,9
10029,14.45578860584083,9
10030,14.11550484152266,9
10031,15.1044504777989,9
10032,12.661148205376419,9
10033,16.10924200261149,9
10034,15.030842494298646,9
10035,18.843496217510705,9
10036,14.319524203836098,9
10037,14.748665362306077,9
10038,15.248668170086775,9
10039,15.148089070596978,9
10040,13.764366666904449,9
10041,13.905730914598553,9
10042,15.15423249003329,9
10043,15.167945549426161,9
10044,14.212393096976822,9
10045,15.200660576928332,9
10046,14.478084077161164,9
10047,12.55965417352893,9
10048,15.353076247329776,9
10049,15.483243754324995,9
10050,14.628922601848906,9
10051,14.27423479549051,9
10052,14.196435107982715,9
10053,15.731205470711915,9
10054,17.820732189590924,9
10055,15.05581713589281,9
10056,15.29889238960299,9
10057,14.907130950181182,9
10058,16.660884264012616,9
10059,13.929862753739927,9
10060,15.316036176373869,9
10061,15.787364984206787,9
10062,10.305655954752572,9
10063,13.233612200803098,9
10064,14.464805052221063,9
10065,15.36951982851431,9
10066,19.661907651467864,9
10067,17.478392366448045,9
10068,16.347220802059304,9
10069,14.817994351246245,9
10070,13.361687482563413,9
10071,14.215511837855242,9
10072,13.627884571931219,9
10073,14.379013205875568,9
10074,14.765953508487188,9
10075,15.280736306192654,9
10076,15.18063373314252,9
10077,11.55028364322308,9
10078,15.227029468398095,9
10079,13.3933535471846,9
10080,14.971849751918773,9
10081,10.701651089308378,9
10082,15.062926299189296,9
10083,14.057176051370558,9
10084,13.614824497995281,9
10085,14.932125754316703,9
10086,15.467643713773894,9
10087,14.59213978960092,9
10088,12.984332455013105,9
10089,15.365134033906296,9
10090,12.188211824879048,9
10091,19.44126406151344,9
10092,15.902850239550883,9
10093,17.075229489363352,9
10094,14.703817082017778,9
10095,16.925768436237206,9
10096,14.177281790784987,9
10097,14.399083815526978,9
10098,13.97670108661293,9
10099,17.747675949072867,9
10100,15.794344410710634,9
10101,17.762817864338327,9
10102,17.205859577521167,9
10103,13.490362366002767,9
10104,15.891201812086717,9
10105,14.902902110703598,9
10106,16.051407053632182,9
10107,13.787891883149141,9
10108,13.569268119748797,9
10109,16.01637274837171,9
10110,17.661131781119657,9
10111,16.525714234892057,9
10112,15.860357031398241,9
10113,14.82571937655174,9
10114,15.263342298529903,9
10115,13.330229553884777,9
10116,13.108635736270664,9
10117,14.901276331193198,9
10118,14.656480388577984,9
10119,9.88881912029049,9
10120,10.74039742948488,9
10121,10.251702279409706,9
10122,15.434884511571346,9
10123,14.991953763069658,9
10124,14.75357044912939,9
10125,15.237784498067311,9
10126,16.207198405583593,9
10127,18.944006068038952,9
10128,15.595890572837446,9
10129,15.126253465863206,9
10130,14.552012206599281,9
10131,13.851740671680425,9
10132,16.104701153232206,9
10133,15.112704960629708,9
10134,14.303445496285262,9
10135,15.459931830498439,9
10136,14.949392048440561,9
10137,15.58154847722746,9
10138,15.979694468647097,9
10139,16.553976386012224,9
10140,16.34235565319518,9
10141,14.27608250122627,9
10142,14.568097993472934,9
10143,13.417427251714672,9
10144,14.313020047180977,9
10145,15.390574667053873,9
10146,15.51412749945032,9
10147,15.170626303735766,9
10148,15.44904539905529,9
10149,14.813123613975668,9
10150,15.282519092897074,9
10151,15.535835116669874,9
10152,15.18216331283129,9
10153,15.499223530567065,9
10154,16.9298841315675,9
10155,14.486432942883638,9
10156,15.278204670574759,9
10157,16.265338793974184,9
10158,17.457460112699025,9
10159,15.435437501335128,9
10160,16.61231810075106,9
10161,15.062832442612072,9
10162,14.402290098372717,9
10163,15.394373635833434,9
10164,15.622325621148347,9
10165,19.33097847883105,9
10166,18.62567463855723,9
10167,20.05215365343059,9
10168,14.613133529841601,9
10169,15.704565045577045,9
10170,15.82318296473248,9
10171,15.390659997621572,9
10172,16.196293901572112,9
10173,15.518015343462606,9
10174,13.880152370137058,9
10175,14.819190620244047,9
10176,16.121081943309104,9
10177,15.232152071805208,9
10178,16.94109347438096,9
10179,12.793433319771035,9
10180,13.646418647444994,9
10181,15.82803868851619,9
10182,15.719838692396019,9
10183,18.203034302336206,9
10184,17.464526187498272,9
10185,15.048604911601561,9
10186,15.289151049205081,9
10187,17.36616409956787,9
10188,17.88189762501394,9
10189,15.055548836437191,9
10190,15.185784436809213,9
10191,16.08119318139637,9
10192,13.653919838870243,9
10193,15.798206353424668,9
10194,15.257561543741035,9
10195,16.254408269418683,9
10196,17.45826410254972,9
10197,14.484410283643887,9
10198,15.830308007525561,9
10199,13.606187437966527,9
10200,16.23353329769237,9
10201,16.21461805899823,9
10202,15.393030301479596,9
10203,16.5433582340553,9
10204,16.71631992221036,9
10205,15.629021418012995,9
10206,17.491286749655444,9
10207,17.70678324402789,9
10208,16.22360762557569,9
10209,16.254661283627847,9
10210,17.015554019128263,9
10211,13.04540280891435,9
10212,16.511071101582537,9
10213,17.926385950400075,9
10214,14.250794959619725,9
10215,13.42717276973997,9
10216,13.431534694074172,9
10217,15.10320789452152,9
10218,13.436856722507793,9
10219,15.006968141611083,9
10220,16.72052390332141,9
10221,10.2727344262982,9
10222,14.282239365947875,9
10223,16.140622647114753,9
10224,15.0612436172555,9
10225,14.38278344782009,9
10226,13.2757182137923,9
10227,14.319848459548597,9
10228,14.538598481522017,9
10229,13.245592918369715,9
10230,14.53274819349177,9
10231,18.430642574178563,9
10232,17.881348693556458,9
10233,15.767905920516098,9
10234,17.418687015154873,9
10235,17.245523651045605,9
10236,16.62330234962563,9
10237,15.462260116643536,9
10238,14.539398399495036,9
10239,15.338504057369244,9
10240,16.897511334116423,9
10241,13.887865114289983,9
10242,13.230412281349965,9
10243,13.746197674537761,9
10244,15.552400032328478,9
10245,16.174689239324938,9
10246,15.949610452892038,9
10247,13.731280326916089,9
10248,15.41767633918979,9
10249,14.819510193440303,9
10250,13.133923710610976,9
10251,17.29811608748946,9
10252,16.623673830035052,9
10253,14.721531061406901,9
2332,16.970655115821607,21
2333,16.32484985689054,21
2334,19.83017907198853,21
2335,18.145576502287742,21
2336,17.748317290584538,21
2337,18.509575915777614,21
2338,15.37501760347746,21
2339,18.054685522376207,21
2340,15.875465600628537,21
2341,14.25588450744514,21
2342,16.03897160614174,21
2343,18.478062065106005,21
2344,16.034982179917375,21
2345,15.420112398580589,21
2346,17.166807339481032,21
2347,18.164143024932525,21
2348,14.24221439115777,21
2349,18.397188764046575,21
2350,17.325111223007966,21
2351,18.805489259825627,21
2352,18.164438044685813,21
2353,19.45810683456848,21
2354,17.746815779839526,21
2355,19.13145389107011,21
2356,16.178730368860563,21
2357,18.197933716938866,21
2358,17.44906093953101,21
2359,18.421037157904802,21
2360,18.922468677807625,21
2361,17.42691205313898,21
2362,10.178800874727063,21
2363,10.57607377222319,21
2364,13.160485117523704,21
2365,15.815122662558135,21
2366,16.2032132708979,21
2367,15.69241416873986,21
2368,15.40859899564995,21
2369,14.233563045331783,21
2370,13.95944045561215,21
2371,10.097366225736021,21
2372,11.995200523521495,21
2373,14.389055881650929,21
2374,17.294082208792183,21
2375,16.887984561933706,21
2376,17.004309247464167,21
2377,8.689953858804989,21
2378,18.31704775105566,21
2379,18.27060315288026,21
2380,18.375781506140942,21
2381,18.39205654215801,21
2382,13.399852591323885,21
2383,11.895014941074152,21
2384,15.182864214796204,21
2385,13.380229664113118,21
2386,11.850106241431714,21
2387,8.658594739881972,21
2388,13.016150781656885,21
2389,11.320264303228456,21
2390,12.133334773480902,21
2391,12.219100574041518,21
2392,14.480809475359559,21
2393,15.628060790122579,21
2394,15.745695161214085,21
2395,14.492710459748132,21
2396,15.13226148061853,21
2397,14.037639631529396,21
2398,15.286602959922591,21
2399,15.483181613917912,21
2400,12.096803678810696,21
2401,18.746256903877402,21
2402,16.541921234082384,21
2403,16.325637739057,21
2404,14.272867649289672,21
2405,15.996563388868424,21
2406,14.227929296793207,21
2407,13.722423184429562,21
2408,14.356404202724164,21
2409,15.607507986533648,21
2410,16.063830331015232,21
2411,11.782241300472254,21
2412,12.875958838635043,21
2413,13.589120719011973,21
2414,13.363455831278442,21
2415,13.163795130519235,21
2416,12.426665655685532,21
2417,12.56186089416054,21
2418,14.540703148173101,21
2419,13.139391450754136,21
2420,14.009675011768131,21
2421,12.462131033017675,21
2422,14.617454771599448,21
2423,12.267197223025796,21
2424,7.713691318839523,21
2425,13.68048292833085,21
2426,11.87114702278543,21
2427,12.702766963512786,21
2428,8.68240000578568,21
2429,12.197340095199138,21
2430,12.193885330181248,21
2431,11.5581520521295,21
2432,12.565182920831985,21
2433,15.04550725670614,21
2434,12.836106104012396,21
2435,12.634080189529122,21
2436,15.001338824434756,21
2437,17.846346046880804,21
2438,17.912133781064092,21
2439,18.55934487014695,21
2440,18.60001277498215,21
2441,19.99663993763118,21
2442,16.50193542760548,21
2443,18.88532350428109,21
2444,20.63293687769003,21
2445,18.460314030510283,21
2446,18.551309000133397,21
2447,18.316545134443807,21
2448,18.30346900733178,21
2449,17.853978944485064,21
2450,18.28519216777154,21
2451,19.395337021267423,21
2452,18.794823296692474,21
2453,17.644348374776715,21
2454,18.70595389538101,21
2455,15.851593006417128,21
2456,18.619987803647742,21
2457,15.324271298046613,21
2458,17.126998736570613,21
2459,16.979299286157605,21
2460,15.303492816562645,21
2461,15.320810691106178,21
2462,14.038095788915813,21
2463,19.253628062409874,21
2464,19.447856584236426,21
2465,13.327321117627221,21
2466,18.114474980353094,21
2467,15.846177513752727,21
2468,15.399118991579465,21
2469,16.064710926795556,21
2470,16.529131074674126,21
2471,15.959945828475261,21
2472,15.168376601200238,21
2473,12.950612540090896,21
2474,15.634937025627536,21
2475,13.945999569158257,21
2476,14.645264883889295,21
2477,15.795933096198889,21
2478,17.59983059869303,21
2479,14.442084013644132,21
2480,14.489225448597889,21
2481,15.406625586617384,21
2482,12.180165810818387,21
2483,13.852818953018971,21
2484,14.406098990252504,21
2485,13.986203378958642,21
2486,14.837382820273113,21
2487,14.892150555290197,21
2488,17.208706880838953,21
2489,16.093974866685127,21
2490,16.237344605613337,21
2491,15.171705459899561,21
2492,15.116562454474545,21
2493,14.262461166990304,21
2494,15.88431431177283,21
2495,14.118467647581625,21
2496,14.81167591036758,21
2497,14.200487708740116,21
2498,15.07611824901201,21
2499,13.327251281572508,21
2500,14.021069888875703,21
2501,14.966818327404665,21
2502,14.573741394230694,21
2503,14.920240628519991,21
2504,11.561578291138607,21
2505,14.887405975860323,21
2506,15.41570719916392,21
2507,17.56686716361241,21
2508,13.450190461364034,21
2509,13.210422397082976,21
2510,12.539368087220222,21
2511,17.053479561184616,21
2512,14.931936788207997,21
2513,18.106333138673797,21
2514,16.715358989108022,21
2515,15.490455027421387,21
2516,14.457759922721836,21
2517,14.009562381025933,21
2518,14.845106124645154,21
2519,12.43392389527232,21
2520,14.910279962658603,21
2521,15.282284009762868,21
2522,18.45876281523866,21
2523,16.64693477557952,21
2524,16.91210430705172,21
2525,16.926670734384853,21
2526,16.672804534521468,21
2527,13.999917701779815,21
2528,13.937462245910137,21
2529,15.669372140298309,21
2530,14.657964521254758,21
2531,14.18684143512534,21
2532,15.643488717094824,21
2533,13.156322274914706,21
2534,18.05432487711064,21
2535,16.324184758469936,21
2536,15.051163859809616,21
2537,19.439772357967804,21
2538,18.15572486042076,21
2539,18.344808306608357,21
2540,19.563228491692758,21
2541,16.970727604420453,21
2542,17.42012346956885,21
2543,16.27463368500403,21
2544,18.837559121482528,21
2545,16.440044903286246,21
2546,18.428692526033267,21
2547,17.975101337683682,21
2548,15.21867663955317,21
2549,13.667597419701028,21
2550,15.123433051211917,21
2551,13.582257420320722,21
2552,14.234346118761655,21
2553,15.106883460916603,21
2554,15.585661686144192,21
2555,16.820745530503423,21
2556,14.865076742541936,21
2557,15.969489248701743,21
2558,15.905668738260227,21
2559,15.949870546629452,21
2560,16.155016992652953,21
2561,17.568673906015082,21
2562,17.50331210651091,21
2563,18.025418602353042,21
2564,15.843663987872096,21
2565,15.006032844744988,21
2566,14.574239152606468,21
2567,14.383828457738035,21
2568,14.790748827563693,21
2569,15.234061344140342,21
2570,15.58493994195955,21
2571,14.259291826888424,21
2572,14.291343481554605,21
2573,13.784581427780644,21
2574,19.466702019435623,21
2575,14.90611580135004,21
2576,18.47674999301626,21
2577,16.56243675715129,21
2578,15.158309158932218,21
2579,14.192406628647134,21
2580,15.522935236794469,21
2581,8.320921650697713,21
2582,10.651109225083228,21
2583,17.579884706711017,21
2584,17.31559000853406,21
2585,17.88308846629025,21
2586,19.15171892977423,21
2587,19.907736258927162,21
2588,20.136270711409935,21
2589,19.847830789647936,21
2590,20.15717740311922,21
2591,20.3057380981492,21
2592,19.358657009676403,21
2593,19.78576166660136,21
2594,19.35203540320925,21
2595,20.243778442550166,21
2596,20.38325030761347,21
2597,19.73412702002257,21
2598,19.921610411207155,21
2599,17.16213137166713,21
2600,13.509410066265236,21
2601,15.927202540775726,21
2602,13.967923907254734,21
2603,11.130351224007715,21
2604,14.367522908074761,21
2605,15.78355107422141,21
2606,16.306779220866883,21
2607,16.411790145108423,21
2608,17.135907789016056,21
2609,17.215429307364428,21
2610,15.835033098264677,21
2611,17.382448447107546,21
2612,19.55449578656003,21
2613,15.845725365885336,21
2614,15.6231410490314,21
2615,15.253588403527445,21
2616,18.28695232746049,21
2617,18.661632587872166,21
2618,17.77578261523233,21
2619,16.68719121931947,21
2620,18.97707035128179,21
2621,18.798070093114628,21
2622,16.658858446970576,21
2623,16.325090375913142,21
2624,16.7135398487209,21
2625,18.927164059909686,21
2626,19.71519809144377,21
2627,18.32369319889874,21
2628,19.32501523910477,21
2629,20.14755767022934,21
2630,19.123860527533036,21
2631,20.165918739663105,21
2632,20.346644921580097,21
2633,19.812931775338708,21
2634,20.355935334432527,21
2635,20.02585064925503,21
2636,20.010965522987163,21
2637,20.039463616639114,21
2638,18.841388960284675,21
2639,19.474880968430128,21
2640,19.033183837237186,21
2641,19.69613528121212,21
2642,19.66820772270301,21
2643,20.03717163542365,21
2644,18.70681000132659,21
2645,17.91555821465923,21
2646,18.167262342785097,21
2647,20.424510410690445,21
2648,13.471586681863934,21
2649,15.611073988258374,21
2650,13.18519014746528,21
2651,17.813809676807605,21
2652,19.081917522058117,21
2653,18.07382640000303,21
2654,18.027005004854068,21
2655,19.33861419842625,21
2656,15.26059740849219,21
2657,17.84705773976126,21
2658,17.014942876642877,21
2659,18.299256798059712,21
2660,18.17627170515774,21
2661,14.295478059543594,21
2662,12.67937302948135,21
448,13.169527206577202,20
449,11.591943455253029,20
450,11.973822946557174,20
451,16.095299501362017,20
452,12.6549976949262,20
453,10.955775374253754,20
454,11.769913663571518,20
455,11.372637624765265,20
456,9.058966187818335,20
457,16.620879587743005,20
458,15.475326862757766,20
459,13.284771718952468,20
460,15.670577397523253,20
461,14.375088706897794,20
462,17.249597064564234,20
463,14.002605981278165,20
464,12.564169301899971,20
465,12.902255424040453,20
466,13.430095192771613,20
467,11.766396975595857,20
468,11.876071505124276,20
469,10.651786564035957,20
470,11.789535942728806,20
471,12.763691189325735,20
472,13.354137080866717,20
473,9.379796655987754,20
474,9.692115541715319,20
475,14.716318003609148,20
476,13.971431078846955,20
477,13.834353245977594,20
478,14.222555899972864,20
479,12.41551371972235,20
480,14.02888542221857,20
481,17.554096003055577,20
482,15.401441267241916,20
483,16.63806720699984,20
484,12.64299373964867,20
485,14.288345625568285,20
486,10.94843044457715,20
487,9.505126622743232,20
488,19.808355086201942,20
489,17.812115659452598,20
490,11.62406745019234,20
491,12.770864962301122,20
492,13.707643157655221,20
493,12.726911175782057,20
494,13.536932992437757,20
495,15.256442027420373,20
496,13.219423756792532,20
497,13.70044160067289,20
498,12.312613029293002,20
499,10.5236737444875,20
500,18.531908948208798,20
501,16.72818583573632,20
502,17.211701370029953,20
503,14.86240758532199,20
504,13.819001511138454,20
505,13.085409345871852,20
506,14.148282084995223,20
507,15.071465874272,20
4188,16.852729611652354,12
4189,15.448543332652518,12
4190,15.48439247367892,12
4191,15.428028860144288,12
4192,14.709616667385529,12
4193,14.720462328096952,12
4194,14.453586643761978,12
4195,15.535510664459265,12
4196,13.557033441652315,12
4197,15.019712990172653,12
4198,17.08858115630348,12
4199,12.41557979529164,12
4200,13.593640942487438,12
4201,13.023604115318227,12
4202,15.085315623074901,12
4203,15.022736476502779,12
4204,12.49091049203192,12
4205,7.567794623949698,12
4206,15.200800465532065,12
4207,15.99799698942537,12
4208,12.969722433404035,12
4209,13.336530814312743,12
4210,12.234454828568921,12
4211,13.904666969264543,12
4212,14.194170201918775,12
4213,11.754376118038811,12
4214,7.591799067138198,12
4215,12.353953694199596,12
4216,12.003474710392961,12
4217,15.015831214278021,12
4218,12.665152175260316,12
4219,13.29216495951785,12
4220,14.9405778421572,12
4221,15.317171061294854,12
4222,13.721203663494215,12
4223,12.989003255123267,12
4224,15.391189532428317,12
4225,14.340092501888067,12
4226,14.7367034017357,12
4227,13.887305877422929,12
4228,14.25209951769655,12
4229,14.944551585946787,12
4230,12.159507787720097,12
4231,14.26423245978697,12
4232,13.349312380584701,12
4233,13.647792782212646,12
4234,12.952056822777426,12
4235,12.734166062122572,12
4236,12.460242914810973,12
4237,15.265701836706041,12
4238,11.809228844724139,12
4239,12.53269650746171,12
4240,16.816826000663916,12
4241,13.067649477592772,12
4242,9.684726566227598,12
4243,12.000143081996326,12
4244,16.37519487880305,12
4245,12.427470985124836,12
4246,11.163481886806622,12
4247,12.546537881588419,12
4248,15.251063844034881,12
4249,16.47793032703696,12
4250,12.983522242993576,12
4251,13.664126960375159,12
4252,10.266635948830356,12
4253,13.85296648635398,12
4254,10.403920436780298,12
4255,12.770499832735851,12
4256,13.756645572603755,12
4257,15.519378068417634,12
4258,13.280976307978477,12
4259,14.000919146917896,12
4260,13.638708107477092,12
4261,12.477171500357354,12
4262,9.761468113318372,12
4263,14.449402863144181,12
4264,11.360279052069405,12
4265,13.483015255740936,12
4266,10.786717077305092,12
4267,12.155564368178219,12
4268,13.917052526673498,12
4269,14.890568330753236,12
4270,12.8277931908647,12
4271,13.413460121442595,12
4272,13.5640233641278,12
4273,13.601222840183873,12
4274,14.634518499136167,12
4275,14.157255435689018,12
4276,14.245255815876673,12
4277,14.876370145673404,12
4278,14.658223394576723,12
4279,15.225528317755781,12
4280,14.899285941192032,12
4281,15.106182722191154,12
4282,15.483523022036017,12
4283,13.09983042308851,12
4284,15.098957164658342,12
4285,10.363226983283102,12
4286,13.39268151003848,12
4287,14.449676409683443,12
4288,10.597001585973759,12
4289,11.161619179276467,12
4290,14.158606368917841,12
4291,12.604944928789546,12
4292,13.656099677617764,12
4293,11.864942708515143,12
4294,14.634029146109624,12
4295,12.345841448028953,12
4296,12.640282723502505,12
4297,11.593875623882012,12
4298,13.85139853282496,12
4299,14.44739716065952,12
4300,11.80085312907827,12
4301,14.638939519507613,12
4302,9.03780539495386,12
4303,15.166514485947705,12
4304,13.883665800438848,12
4305,11.159454011195086,12
4306,12.968515857839876,12
4307,13.254337463992886,12
4308,13.898099690968245,12
4309,14.003447952763208,12
4310,12.553954016533693,12
4311,12.515722740087043,12
4312,15.454137737894062,12
4313,14.614450425777619,12
4314,13.15075244245698,12
4315,12.817139330888883,12
4316,13.867328024539553,12
4317,12.273635665168692,12
4318,13.280788109466632,12
4319,11.773580603636079,12
4320,12.270789431959013,12
4321,13.869546682276262,12
4322,13.8421199734173,12
4323,12.342232236997635,12
4324,12.773020137663629,12
4325,13.314659196847392,12
4326,17.113804458097647,12
4327,12.375250747024158,12
4328,15.969138069377538,12
4329,13.141015026947917,12
4330,13.980368013739033,12
4331,13.116957629910958,12
4332,13.622623516272204,12
4333,8.886628969874163,12
4334,13.196511539556262,12
4335,11.79020737807222,12
4336,14.28921703469485,12
4337,12.832037627098122,12
4338,7.61613208259222,12
4339,10.912492294751104,12
4340,9.688186289324852,12
4341,11.932744463232881,12
4342,13.113861869891977,12
4343,12.672947546518577,12
4344,11.1645147860063,12
4345,12.751723195555096,12
4346,13.188708201252497,12
4347,12.872211188097019,12
4348,13.888257143155558,12
4349,13.340055680907547,12
4350,10.916377747751719,12
4351,11.02458076091699,12
4352,12.391028337207786,12
4353,11.01930286186493,12
4354,10.140422495880376,12
4355,12.106970027395118,12
4356,12.012620086704462,12
4357,13.963425979970848,12
4358,12.106665549219398,12
4359,12.99087696290342,12
4360,12.260003677091033,12
4361,13.180923621904721,12
4362,12.284795434757061,12
4363,12.580123400691154,12
4364,12.188966975088059,12
4365,12.714855811055958,12
4366,10.045335329098451,12
4367,10.656228760439765,12
4368,12.506805706428448,12
4369,11.890527799313306,12
4370,12.814317103500526,12
4371,11.855314183863907,12
4372,13.126673043911273,12
4373,11.80499222981827,12
4374,17.845867415229854,12
4375,16.048130468491507,12
4376,10.604061539659856,12
4377,12.99101560032412,12
4378,13.372345436846926,12
4379,12.926016523713969,12
4380,13.93451007059557,12
4381,12.299414019649497,12
4382,11.815468365733308,12
4383,12.540501697168926,12
4384,11.863271044468274,12
4385,11.638941871409648,12
4386,9.442244875591971,12
4387,11.046583353815013,12
4388,12.97149730962441,12
4389,11.507301151657682,12
4390,13.625058762137838,12
4391,12.255546118976985,12
4392,12.213600592582084,12
4393,12.66647932090755,12
4394,13.025817744204549,12
4395,14.585571490355681,12
4396,12.348200373198189,12
4397,14.272346506135332,12
4398,12.877966251536792,12
4399,10.032001650521156,12
4400,11.121271044397247,12
4401,11.176303811333302,12
4402,12.703357235184319,12
4403,5.4808034248277,12
4404,11.967142966883934,12
4405,12.156575981234221,12
4406,13.11363635747701,12
4407,11.008622429455883,12
4408,13.459765772789373,12
4409,15.58471978077349,12
4410,16.20934985579863,12
4411,15.315295039460077,12
4412,14.346618319229718,12
4413,17.754507820444385,12
4414,16.117357456147776,12
4415,13.509580326097678,12
4416,14.112556156519698,12
4417,16.294131697222298,12
4418,13.172694479026596,12
4419,13.20828836618433,12
4420,10.651389088548596,12
4421,13.446795062823506,12
4422,13.943447143525852,12
4423,13.413188838023006,12
4424,12.654149107283612,12
4425,14.895151792468855,12
4426,12.269637471254706,12
4427,10.937009751239597,12
4428,13.468527732135819,12
4429,13.835271433212792,12
4430,15.11231865837601,12
4431,14.131506419906444,12
4432,13.966021765610996,12
4433,14.451801868182942,12
4434,14.36562178096113,12
4435,18.163401185814383,12
4436,14.56063344345227,12
4437,13.463324456131572,12
4438,11.451779359790766,12
4439,14.600496862407844,12
4440,11.620720920022995,12
4441,14.03753384587866,12
4442,15.944290485778634,12
4443,17.047470211019203,12
4444,15.706607156229452,12
4445,15.130835643585543,12
4446,13.314526211157236,12
4447,14.287675584700393,12
4448,16.639987163573817,12
4449,16.550877353408318,12
4450,12.985974848478,12
4451,11.754370120648373,12
4452,11.750639348468866,12
4453,13.503744609574811,12
4454,14.949528028876657,12
4455,14.06907869044157,12
4456,12.138407639295085,12
4457,8.586974241723516,12
4458,11.020309243660062,12
4459,12.183088984453633,12
4460,17.243369907325484,12
4461,16.420311755100784,12
4462,10.071375234625563,12
4463,15.194025768648396,12
4464,18.769348663462676,12
4465,19.51263309891508,12
4466,19.02484146886987,12
4467,19.313462267617318,12
4468,13.440007330346017,12
4469,14.758197010972653,12
4470,18.027102847037643,12
4471,17.643638463020544,12
4472,18.105641990951444,12
4473,14.817846142623251,12
4474,16.0764475777476,12
4475,15.59268552344672,12
4476,12.809813649185113,12
4477,14.774518188725745,12
4478,16.881208648916765,12
4479,18.095717192275174,12
4480,18.475982734243402,12
4481,16.965523988095324,12
4482,14.466088979140729,12
4483,15.06217073011198,12
4484,17.083342497379242,12
4485,15.312756525708618,12
4486,17.50138557519808,12
4487,15.039961638968096,12
4488,17.76339028567303,12
4489,16.291563649752824,12
4490,19.526112715919517,12
4491,18.86239349768651,12
4492,16.35908611759649,12
4493,14.537934904384787,12
4494,12.748885524487669,12
4495,16.904178862578128,12
4496,13.75782407219034,12
4497,11.008150656023169,12
4498,17.43424576339423,12
4499,12.452148087806295,12
4500,16.69433709867044,12
4501,11.547156474716878,12
4502,16.01119013092308,12
4503,13.728625410743238,12
4504,15.752456205046261,12
4505,18.121395885788893,12
4506,14.445683767783898,12
4507,14.869819808886342,12
4508,16.25107282569643,12
4509,14.247059280208473,12
4510,13.48530916016449,12
4511,18.516249996608032,12
4512,17.647733905766408,12
4513,18.369194583372504,12
4514,14.927168291015974,12
4515,17.823567067514485,12
4516,15.435211907836788,12
4517,13.78200815763038,12
4518,18.127692072180942,12
4519,16.919976841271627,12
4520,13.07532473432773,12
4521,12.516268482973453,12
4522,15.277276167433557,12
4523,12.718547747197988,12
4524,11.8611689342654,12
4525,13.735889874189546,12
4526,15.631296879098322,12
4527,15.673288493688512,12
4528,14.703627469155148,12
4529,13.005388488988674,12
4530,19.37983890463966,12
4531,20.49598715697578,12
4532,14.747392963248117,12
4533,17.479237425345623,12
4534,11.17509560699094,12
4535,11.725862187891364,12
4536,13.97944292318773,12
4537,13.97792565190739,12
4538,13.13745697160864,12
4539,14.55190869054906,12
4540,10.050892099856064,12
4541,12.894876556881188,12
4542,10.705779020783066,12
4543,12.912092134021076,12
4544,13.18502413559315,12
4545,10.468499154669388,12
4546,14.558746769832556,12
4547,14.64814782045784,12
4548,9.820142387921729,12
4549,12.553214930337656,12
4550,12.683672905411678,12
4551,11.233343775874452,12
4552,11.651562610203607,12
4553,11.308102771653447,12
4554,12.468180862434217,12
4555,10.987643775897864,12
4556,11.565141551528646,12
4557,12.19319872209912,12
4558,11.948216179948524,12
4559,13.429135603175176,12
4560,11.610693798749836,12
4561,7.160893446743619,12
4562,14.198546403546365,12
4563,11.045095029818834,12
4564,11.473746068809168,12
4565,12.172500593045896,12
4566,11.432791402172047,12
4567,13.8166276755548,12
4568,11.927803158151159,12
4569,9.649289364314823,12
4570,9.80457919287077,12
4571,12.706700838027583,12
4572,14.698675723956283,12
4573,13.866453731603873,12
4574,13.198878622109842,12
4575,11.817402304612125,12
4576,13.110551065624914,12
4577,11.759600585700662,12
4578,13.517160494591453,12
4579,12.95707466277982,12
4580,13.329948702877104,12
4581,12.276903565098408,12
4582,12.527809312001517,12
4583,13.75341915365062,12
4584,13.719269508193745,12
4585,15.052256574513654,12
4586,12.334955322860209,12
4587,10.779771963472665,12
4588,11.070212148548539,12
4589,16.90808811113446,12
4590,15.019115556390684,12
4591,15.956727078244258,12
4592,19.386389046276562,12
4593,19.445371740836695,12
4594,20.276877345310297,12
4595,19.264814179253193,12
4596,19.838577611887626,12
4597,13.201301725931176,12
4598,11.447600973886626,12
4599,17.35021485127085,12
4600,15.358772411649236,12
4601,12.89078941271403,12
4602,14.266891475874283,12
4603,18.69050891399821,12
4604,12.893002104177116,12
4605,15.164122726701939,12
4606,16.84307120406084,12
4607,15.903517983562251,12
4608,14.501066191383215,12
4609,19.437792521402553,12
4610,15.25930662525924,12
4611,18.12268521937618,12
4612,19.447932263601135,12
4613,13.027427246222153,12
4614,18.394918028014068,12
4615,18.02320064023385,12
4616,12.762186643824753,12
4617,12.592118547413255,12
4618,12.531225046359934,12
4619,13.4239015816004,12
4620,14.562091990068048,12
4621,13.847128488499413,12
4622,13.76295823305043,12
4623,12.849834863661707,12
4624,19.052316464110252,12
4625,18.58541468311077,12
4626,12.461469324802255,12
4627,10.617574992790617,12
4628,9.183985376575738,12
4629,11.784820500087616,12
4630,12.164065353148596,12
4631,14.171406149560285,12
4632,14.959117947787574,12
4633,10.081468579222681,12
4634,12.288632853517287,12
4635,13.608037004483256,12
4636,13.928720495515797,12
4637,19.67255385870237,12
4638,12.69997600952627,12
4639,12.609217580663026,12
4640,13.729486854130686,12
4641,11.963270047145802,12
4642,15.481605253835685,12
4643,15.887270466982564,12
4644,11.874550812885548,12
4645,11.696280341466462,12
4646,13.25823152243341,12
4647,12.688292337056074,12
4648,14.000247279370974,12
4649,14.510840518217604,12
4650,15.315779719073616,12
4651,13.406300997642898,12
4652,11.748966466700573,12
4653,11.382630694549471,12
4654,10.59948239132895,12
4655,10.821471864208844,12
4656,7.994592408394093,12
4657,13.252760118058537,12
4658,11.178253842001046,12
4659,10.592183916827704,12
4660,12.401953093823707,12
4661,13.438097644461807,12
4662,11.62953135083474,12
4663,13.315370298165456,12
4664,10.247392178928663,12
4665,10.267683586461875,12
4666,11.407343941041962,12
4667,11.135043418765873,12
4668,11.131703274227196,12
4669,11.441155967712662,12
4670,10.447327346335287,12
4671,11.586711848979823,12
4672,11.58323080041585,12
4673,14.676998618967577,12
4674,15.843677923595187,12
4675,14.793703505410985,12
4676,13.686741518393186,12
469,19.71991886406222,8
470,18.993034238625064,8
471,18.8207450425419,8
472,20.0818050383935,8
473,19.217058919801094,8
474,19.880007483637048,8
475,19.599946746611344,8
476,19.814537030015398,8
477,19.818807329412365,8
478,19.945008898425794,8
479,17.32692283672427,8
480,16.41638590485771,8
481,17.005215538240684,8
482,17.008607751367165,8
483,17.81296310563333,8
484,17.94684532057799,8
485,19.546241974999525,8
486,19.604239232087725,8
487,19.336768749496994,8
488,19.990035262698253,8
489,18.952159855932386,8
490,20.100916718387552,8
491,19.992789489942908,8
492,20.19930915723217,8
493,20.081905975442968,8
494,19.950929651210675,8
495,20.036192298545018,8
496,19.297499909847804,8
497,19.8797619025337,8
498,19.936311988911147,8
499,20.020169511763118,8
500,18.66104080078311,8
501,18.459806381444437,8
502,19.07793621042657,8
503,19.95378887949687,8
504,19.942343223888326,8
505,20.13373946455006,8
506,20.016457561270244,8
507,20.267740264027747,8
508,18.76536980584452,8
509,19.92563569540411,8
510,19.958748732065548,8
511,20.01545199222231,8
512,19.02765736690967,8
513,19.192617290672878,8
514,19.697009181554154,8
515,19.664076340928602,8
516,15.12821226404107,8
517,17.31140349610469,8
518,13.181860303814453,8
519,18.324596857901614,8
520,13.595600040173874,8
521,16.25748437512729,8
522,14.525076082327951,8
523,14.54526257505523,8
524,19.619602358585368,8
525,20.057106930577223,8
526,16.82608510219529,8
527,18.371198120502388,8
528,20.138145094876364,8
529,18.993309817510337,8
530,20.12334737538159,8
531,19.89998552001284,8
532,19.30471321580807,8
533,18.778797545485187,8
534,18.644488039968227,8
535,17.883826187607998,8
536,15.989462084828258,8
537,15.25676689758064,8
538,18.23839968952099,8
539,17.32934268156968,8
540,17.862065283303625,8
541,17.96622791382416,8
542,19.01766140566497,8
543,16.64351531327937,8
544,20.042342769314946,8
545,15.61527529806306,8
546,16.927387004061313,8
547,15.758506354888972,8
4430,19.75234988300183,3
4431,19.061138323401423,3
4432,17.14208142589528,3
4433,16.71061097463424,3
4434,16.866397636689584,3
4435,15.402281419152187,3
4436,17.56607095710534,3
4437,18.56832432124452,3
4438,11.345789073287374,3
4439,10.309346068747354,3
4440,13.973371971646053,3
4441,15.842133711222035,3
4442,15.487473445979148,3
4443,15.711180258917832,3
4444,11.775800260825008,3
4445,13.283340017881214,3
4446,8.411803997143876,3
4447,14.596140497556167,3
4448,8.58634306682996,3
4449,10.637443428444882,3
4450,8.909163956324287,3
4451,13.487126194658277,3
4452,14.311913181767096,3
4453,11.095956257930649,3
4454,9.799966951117856,3
4455,17.27864996575398,3
4456,17.24213318449309,3
4457,19.380715106424045,3
4458,15.105063473529098,3
4459,19.291693948419184,3
4460,15.886560893209937,3
4461,17.789387538363123,3
4462,17.858375768088155,3
4463,12.684497886512474,3
4464,18.360087975074872,3
4465,18.48877546568223,3
4466,17.595930751559784,3
4467,18.29304067625569,3
4468,15.704215199636334,3
4469,17.05545383642388,3
4470,15.456297729733464,3
4471,18.141651808921285,3
4472,16.8774587611166,3
4473,15.568090882181705,3
4474,15.482733172341392,3
4475,18.635417596683986,3
4476,17.29246430088217,3
4477,11.209194633233707,3
4478,6.966225668898295,3
4479,12.823731161010144,3
4480,15.248134953254542,3
4481,15.803251744319068,3
4482,14.266077622967288,3
4483,17.787582318331427,3
4484,16.215203411012347,3
4485,18.02900786305748,3
4486,12.264469225660786,3
4487,13.73825413643172,3
4488,19.333509841374358,3
4489,18.698981823986426,3
4490,13.641580263021215,3
4491,15.369570978933968,3
4492,17.3079537598478,3
4493,17.083751221765233,3
4494,18.802276392040334,3
4495,13.352003184872236,3
4496,13.037259241002936,3
4497,18.031508636537794,3
4498,13.087929488195776,3
4499,16.958885041730955,3
4500,15.380376180132147,3
4501,17.142613301194583,3
4502,19.10455554753848,3
4503,18.71711020287017,3
4504,14.103077496068657,3
4505,19.91091390664347,3
4506,17.47574823847031,3
4507,19.44691694922617,3
4508,18.147942434096723,3
4509,18.125930838873497,3
4510,19.171537179512622,3
4511,16.156987254374503,3
4512,18.96264813686842,3
4513,13.684116679271023,3
4514,17.504994006639887,3
4515,12.19256723409044,3
4516,17.22051811417996,3
4517,19.252993416253705,3
4518,19.24696752057323,3
4519,19.22776347798343,3
4520,17.10022337491262,3
4521,17.754727515211794,3
4522,16.065380582170157,3
4523,16.897264154167036,3
4524,20.206464935556355,3
4525,20.144265702311486,3
4526,15.45823952913811,3
4527,18.06129676112738,3
4528,17.133729506332923,3
4529,16.046629492657082,3
4530,15.513203103447408,3
4531,15.115568779826797,3
4532,16.308684388383305,3
4533,16.562350629434164,3
4534,13.163843232192946,3
4535,14.12765061289678,3
4536,13.754788002972528,3
4537,19.25994269331352,3
4538,16.919601401044535,3
4539,14.53988593631639,3
4540,12.495045898455796,3
4541,20.563901082477734,3
4542,18.265282352712184,3
4543,11.697202393577989,3
4544,13.82659354332716,3
4545,11.250648773292145,3
4546,14.14429329989368,3
4547,14.023138567935566,3
4548,14.904214540900929,3
4549,13.986625311378154,3
4550,14.262363831603105,3
4551,9.982770254229958,3
4552,15.766234588000692,3
4553,16.71132218766749,3
4554,11.342910341507263,3
4555,10.140715607335324,3
4556,16.684427834640584,3
4557,15.15407470245735,3
4558,11.124291602856509,3
4559,13.846017023121956,3
4560,17.275302836607246,3
4561,16.914325299615246,3
4562,16.725391231621167,3
4563,12.60928623388643,3
4564,16.601452178593888,3
4565,19.944050166053227,3
4566,17.511535631583378,3
4567,14.634290228538905,3
4568,14.95262487056305,3
4569,16.81168873245779,3
4570,16.221887569409375,3
4571,20.768314147827688,3
4572,13.817585708650956,3
4573,16.048396054598538,3
4574,18.408076062889883,3
4575,15.518175783097721,3
4576,10.605646816039716,3
4577,15.869376422820185,3
4578,12.925375678109638,3
4579,10.246607251627701,3
4580,14.287552049553552,3
4581,15.540844729687025,3
4582,17.787907019059602,3
4583,16.42496024568738,3
4584,16.966950977548628,3
4585,19.700980126697388,3
4586,16.515691884417176,3
4587,17.06720770089129,3
4588,19.225287958327048,3
4589,19.049210744281247,3
4590,16.782035764791633,3
4591,18.036703857456317,3
4592,16.94725134715263,3
4593,17.874349820781205,3
4594,17.912865086772566,3
4595,18.840235737912995,3
4596,19.06213610588471,3
4597,19.601483178499045,3
4598,19.332254494932194,3
4599,18.10063033481477,3
4600,17.67172884467694,3
4601,16.27395279486045,3
4602,16.056671878661195,3
4603,15.614787258462453,3
4604,16.71845997400292,3
4605,15.137604027764917,3
4606,16.493686635788944,3
4607,15.926217130394873,3
4608,15.973726255926362,3
4609,14.699325019336895,3
4610,15.24308567640253,3
4611,16.145610205489177,3
4612,19.77756980153059,3
4613,20.045835441724265,3
4614,19.432411461972656,3
4615,18.73620706386046,3
4616,18.34049925963191,3
4617,19.798632622170146,3
4618,19.69361434395271,3
4619,19.369520476828946,3
4620,20.21776360623049,3
4621,20.17478116939167,3
4622,20.935090607480788,3
4623,20.748013721778158,3
4624,20.564605224672995,3
4625,16.737313325892156,3
4626,15.032529732085914,3
4627,19.85254681996645,3
4628,17.163124266430014,3
4629,18.899323586288478,3
4630,17.80015252450406,3
4631,16.50723074578525,3
4632,19.47922419049943,3
4633,19.351865535223546,3
4634,20.673927441526146,3
4635,19.783219123765043,3
4636,19.15182544259271,3
4637,19.987708514153034,3
4638,18.100395735669174,3
4639,14.494522047643029,3
4640,14.331840268396686,3
4641,11.612974041041102,3
4642,14.434023863413152,3
4643,14.843670544559147,3
4644,15.472573527691,3
4645,13.693552346831625,3
4646,12.262951113440874,3
4647,11.767260705932848,3
4648,15.083880125356329,3
4649,19.54331262506655,3
4650,15.808725070577378,3
4651,20.38032085140791,3
4652,19.983506400434834,3
4653,19.083322111159035,3
4654,20.052397719450276,3
4655,20.669946630641217,3
4656,21.652401511942358,3
4657,13.368727286832968,3
4658,16.16539562831803,3
4659,19.16855273532849,3
4660,17.66385949691556,3
4661,19.51581349847381,3
4662,19.696887981805986,3
4663,19.12863759044746,3
4664,18.96842721512639,3
4665,18.438517177458667,3
4666,15.519688942056856,3
4667,18.713796726396424,3
4668,18.47268458352999,3
4669,18.92553151379789,3
4670,18.135124506574016,3
4671,18.564828043852035,3
4672,17.674498726977397,3
4673,18.50526160337459,3
4674,18.181462776446416,3
4675,19.620126166942274,3
4676,16.24550728291866,3
4677,15.238565993344954,3
4678,16.390987410614702,3
4679,19.016911097520865,3
4680,17.07190582728978,3
4681,16.326213466212653,3
4682,19.73269997224016,3
4683,18.223055566112205,3
4684,18.824437479610594,3
4685,19.27452133152237,3
4686,18.841045217828498,3
4687,19.048430415144985,3
4688,18.474195431619844,3
4689,20.51371581934705,3
4690,20.96836359401192,3
4691,19.276739485677837,3
4692,20.353628927636922,3
4693,18.7299365750725,3
4694,17.19396896742058,3
4695,18.02313020543006,3
4696,17.976420932995094,3
4697,18.219541004245215,3
4698,17.930203645759892,3
4699,19.716467931753783,3
4700,19.70687342928496,3
4701,19.607619250174622,3
4702,20.70114212570234,3
4703,18.989022547248222,3
4704,18.471044302977656,3
4705,14.763760832921925,3
4706,15.82120218198394,3
4707,15.866113930682692,3
4708,15.568533023365354,3
4709,18.999056441555407,3
4710,20.10099660441632,3
4711,14.535024969041455,3
4712,20.80780861568568,3
4713,18.202110294002313,3
4714,19.555477171971788,3
4715,16.70680704659809,3
4716,14.567196802955403,3
4717,16.830179207593844,3
4718,17.815279648516253,3
4719,18.006600811692003,3
4720,18.094398933520466,3
4721,19.637718660609252,3
4722,14.310221923685317,3
4723,16.349890447256193,3
4724,15.721786441776839,3
4725,17.435911363875896,3
4726,17.06969786654473,3
4727,18.35883541766379,3
4728,18.173720017746355,3
4729,17.811592574892508,3
4730,14.966104588306775,3
4731,17.406321592910583,3
4732,18.583461599080053,3
4733,18.431497608354384,3
4734,15.679945352639118,3
4735,13.824232972245277,3
4736,15.406517414846295,3
4737,19.259436397818163,3
4738,17.378544114587726,3
4739,16.397588001879978,3
4740,19.10993875770073,3
4741,18.79514549160419,3
4742,19.785784890342967,3
4743,20.11475044700596,3
4744,19.029036804285173,3
4745,20.348168656186274,3
4746,19.072511922234202,3
4747,19.158321362911536,3
4748,19.997282093929304,3
4749,13.32048882530587,3
4750,14.509591136540498,3
4751,18.57433771687463,3
4752,17.764613885089574,3
4753,17.13543831549519,3
4754,17.146032383110036,3
4755,17.763856924785916,3
4756,16.9990339261715,3
4757,15.604068770465332,3
4758,15.96315557159111,3
4759,15.098627584916867,3
4760,17.746088124438597,3
4761,17.726820828868615,3
4762,16.276261523325136,3
4763,16.902349682064482,3
4764,15.473190027315312,3
4765,14.429333292590854,3
4766,14.716280752390004,3
4767,18.22207005708899,3
4768,19.268281128218238,3
4769,17.22743417303978,3
4770,13.715766101959728,3
4771,14.267773895636555,3
4772,15.288507648000794,3
4773,14.547897399006931,3
4774,10.22925988945655,3
4775,10.123548168953572,3
4776,15.390587117555175,3
4777,16.587356014576333,3
4778,15.547468435541635,3
4779,15.981649946645167,3
4780,15.022027090454866,3
4781,16.81355720591355,3
4782,14.791693916716314,3
4783,15.444001848753999,3
4784,15.099545205885313,3
4785,13.81499574982966,3
4786,14.887045830130937,3
4787,14.322194879304686,3
4788,17.457185269256943,3
4789,15.531033159359092,3
4790,16.992988149998666,3
4791,17.665359854137645,3
4792,15.165862715243135,3
4793,15.46140132529631,3
4794,15.43969114334979,3
4795,17.204817949082834,3
4796,18.505219048409025,3
4797,18.409290670045817,3
4798,17.23508369628946,3
4799,16.07454181507708,3
4800,15.921294486312974,3
4801,16.754209959915144,3
4802,16.875989386477382,3
4803,17.622025574592808,3
4804,16.54408703381805,3
4805,16.361354766045558,3
4806,16.489687254510226,3
4807,15.351118708535425,3
4808,17.131768439549962,3
4809,17.47404727004959,3
4810,19.348853300995266,3
4811,18.258775999107357,3
4812,17.76817551569841,3
4813,16.13181149497355,3
4814,17.13966692047727,3
4815,17.344372571112224,3
4816,20.022267074936643,3
4817,15.555345426828447,3
4818,15.257431075996312,3
4819,12.703204518233893,3
4820,18.398802736771284,3
4821,11.077665834791087,3
4822,16.9137596110644,3
4823,16.54650594694296,3
4824,15.305473895570316,3
4825,15.949024259488347,3
4826,14.935725094271405,3
4827,15.0971094339084,3
4828,16.841256970687443,3
4829,17.38623048167485,3
4830,18.161236894742377,3
4831,17.273742983994048,3
4832,15.051816223673516,3
4833,15.01588543550738,3
4834,14.35265161251732,3
4835,14.735496744563005,3
4836,18.25112380062794,3
4837,15.796828929698156,3
4838,19.354418870652044,3
4839,18.956599658330884,3
4840,19.649725321802247,3
4841,16.922703326256766,3
4842,13.83586585413283,3
4843,17.380328214423436,3
4844,18.93339701081985,3
4845,19.666980675185084,3
4846,17.22351637167085,3
4847,17.80588729556063,3
4848,17.326982912854877,3
4849,17.40953694882162,3
4850,13.012583426039733,3
4851,18.237662632188634,3
4852,16.85541009820769,3
4853,15.878277426987973,3
4854,15.29395737457536,3
4855,12.375453002224553,3
4856,12.909922541805845,3
4857,11.681495001389374,3
4858,14.598028900636665,3
4859,14.60337326795481,3
4860,14.037165007214076,3
4861,15.453203800776375,3
4862,13.550919508278609,3
4863,15.960398103267034,3
4864,10.767517355416302,3
4865,17.097362926985067,3
4866,15.11126015445846,3
4867,17.221315223097182,3
4868,16.423164959529316,3
4869,12.456153617889399,3
4870,12.967107523879008,3
4871,15.451628724335444,3
4872,11.895156200376501,3
4873,14.514388472650905,3
4874,15.739147443524466,3
4875,17.012129455764207,3
4876,12.47137220232284,3
4877,13.043764500890468,3
4878,15.660809376673551,3
4879,16.199508509210617,3
4880,14.674251330693973,3
4881,16.06560353159584,3
4882,12.381499201011074,3
4883,11.835830552812423,3
4884,13.825948524427325,3
4885,9.623466959456067,3
4886,14.832033389091327,3
4887,16.485806903815654,3
4888,16.819338013653343,3
4889,17.997620303280712,3
4890,18.683271555990917,3
4891,18.4595275062225,3
4892,16.56670429050089,3
4893,14.983646903016156,3
4894,12.946616302997148,3
4895,13.155510839651246,3
4896,13.628179779643695,3
4897,7.977351002232073,3
4898,12.67043516492968,3
4899,13.340814553198548,3
4900,12.998387447256349,3
4901,14.479069864923364,3
4902,14.276990166284419,3
4903,15.841164958409673,3
4904,16.988056733566427,3
4905,14.822967852648935,3
4906,15.846753955738219,3
4907,16.07380459614162,3
4908,17.258404706543164,3
4909,12.135777006274207,3
4910,10.088941979479422,3
4911,13.869404728968602,3
4912,15.300609294533766,3
4913,13.269308950618822,3
4914,15.67625443401019,3
4915,17.63565386701137,3
4916,17.224842995750333,3
4917,19.59695472490956,3
4918,19.119326483852355,3
4919,19.087999000786947,3
4920,19.900575483415857,3
4921,18.75105067672389,3
4922,17.252205718921367,3
4923,16.898555754069978,3
4924,18.468270987332055,3
4925,18.21510550848116,3
4926,20.758234065533983,3
4927,18.650248428081735,3
4928,18.231648448139907,3
4929,20.11604967601934,3
4930,16.98802628259588,3
4931,14.432443433128084,3
4932,13.582254544635504,3
4933,16.29674678673631,3
4934,16.61705376209203,3
4935,18.66867417568023,3
4936,19.770614573848388,3
4937,18.54180235826114,3
4938,15.842915038573375,3
4939,15.587401973706541,3
4940,13.432409634676826,3
4941,16.003806306640303,3
4942,15.107293490817653,3
4943,16.05824537781843,3
4944,15.607256591897324,3
4945,18.718081728887093,3
4946,20.136655138326073,3
4947,17.48174931000826,3
4948,15.284724154695065,3
4949,16.659392444295595,3
4950,14.840971521684704,3
4951,16.85717393705258,3
4952,15.678227776800234,3
4953,17.97144569315871,3
4954,17.321733279642505,3
4955,15.884700838539569,3
4956,14.704875572067687,3
4957,14.454681962990126,3
4958,14.905026792756678,3
4959,19.69778460158589,3
4960,14.870789082762633,3
4961,13.767784997272658,3
4962,16.1259143048886,3
4963,13.056334391121085,3
4964,13.449636103556381,3
4965,13.593849305617063,3
4966,13.926151359701981,3
4967,15.115087407392265,3
4968,11.544933928648614,3
4969,14.319798915097891,3
4970,13.158535864900891,3
4971,15.070540312796085,3
4972,4.548751794193853,3
4973,8.61806048099887,3
4974,18.895026565261997,3
4975,19.56777494401902,3
4976,19.13507686540284,3
4977,18.54559586255965,3
4978,14.79688065363806,3
4979,15.920767874175953,3
4980,15.709552567871746,3
4981,16.502671672864665,3
4982,15.163904299807026,3
4983,12.924679228628545,3
4984,14.17872653889608,3
4985,16.77971457490719,3
4986,13.606440158293582,3
4987,19.38102240803753,3
4988,12.29339602354982,3
4989,13.525677188911407,3
4990,11.792711136072857,3
4991,14.050743928752713,3
4992,11.872455328147119,3
4993,11.286880107682535,3
4994,14.350682882006383,3
4995,14.535109058354593,3
716,9.501900907870443,17
717,12.029476163497034,17
718,12.143223262671054,17
719,13.634051689204709,17
720,15.662168180816849,17
721,9.364300771330797,17
722,11.860661917732177,17
723,13.356941562869642,17
724,13.61794911018709,17
725,9.740313805708247,17
726,12.451000913502417,17
727,11.513260766928203,17
728,10.675363266713108,17
729,15.510528633642437,17
730,13.786445652777045,17
731,12.58356947315611,17
732,15.150529802770397,17
733,11.01716132824546,17
734,11.77303746597469,17
735,13.660854663439302,17
736,12.12547082379283,17
737,13.536647093283486,17
738,14.933398124947553,17
739,11.75470449111973,17
740,6.356425920453899,17
741,13.325086947513736,17
742,10.151803249664063,17
743,12.461690634050406,17
744,10.00015694816803,17
745,13.29395846709209,17
746,13.101774470359235,17
747,7.67386002402293,17
748,12.528248199567702,17
749,11.175686802253706,17
750,10.812431753263384,17
751,13.239088330004641,17
752,11.595073042177294,17
753,17.807390361516944,17
754,17.77234864309233,17
755,11.04629772345337,17
756,11.35228072846912,17
757,13.7899306402073,17
758,12.936637695090706,17
759,14.787480170083596,17
760,13.749622685040865,17
761,10.390945229009736,17
762,9.94340679494734,17
763,12.355605194286156,17
764,13.17212992972033,17
765,13.63342718202954,17
766,6.421087591799491,17
767,9.01078693744111,17
768,14.375254646245855,17
769,13.979205772583729,17
770,15.225357145641409,17
771,14.280382529976208,17
772,13.624831357008619,17
773,11.949403579428273,17
774,13.820678422515567,17
775,14.999081075170182,17
776,13.918653537527296,17
777,13.6673060662982,17
778,9.584115245781849,17
779,13.685555011560828,17
780,5.20837258084256,17
781,7.423824279718513,17
782,14.03130810253792,17
783,8.259363273282183,17
784,11.582152309105062,17
785,13.701842439136477,17
786,13.69986682224794,17
787,14.158711972855306,17
788,13.616524713812112,17
789,13.5809686869709,17
790,14.944970950187837,17
791,11.843846003633184,17
792,12.7107747709497,17
793,13.583444306528929,17
794,12.481871140877029,17
795,14.956734594268564,17
796,15.08973068435996,17
797,14.300277686915159,17
798,11.366805504926107,17
799,12.168225620008375,17
800,14.02202266079974,17
801,13.034870339317147,17
802,11.352225774225916,17
6916,15.160143498493627,14
6917,16.766617864476373,14
6918,14.798812939266599,14
6919,14.83645249041289,14
6920,18.107611694527595,14
6921,11.346259985984016,14
6922,13.475410381043488,14
6923,13.975803394051667,14
6924,14.340115318680304,14
6925,15.577787992871379,14
6926,12.85218094770983,14
6927,13.529587371180327,14
6928,13.505150174724273,14
6929,11.310743619306084,14
6930,14.986109575371396,14
6931,14.403793163757834,14
6932,13.84693896895531,14
6933,15.665912204440328,14
6934,13.29077598161343,14
6935,18.74824259794169,14
6936,15.366549060404203,14
6937,17.574579278645356,14
6938,14.504111395491552,14
6939,14.769893439807394,14
6940,13.97705523399925,14
6941,13.199561501976515,14
6942,16.64683409744696,14
6943,17.937065520223392,14
6944,18.140034318421282,14
6945,14.773454279237267,14
6946,12.364096283566393,14
6947,14.8288346511945,14
6948,19.3614885520725,14
6949,15.414422653688908,14
6950,14.30129868333448,14
6951,16.781034726357586,14
6952,15.73369488649275,14
6953,15.597408300966961,14
6954,16.9445540377427,14
6955,17.06790412258652,14
6956,14.94533093845905,14
6957,16.008375873335936,14
6958,16.027559640069992,14
6959,15.946391183062941,14
6960,16.481090688859023,14
6961,14.963129527968885,14
6962,15.932053673844866,14
6963,16.992121648305897,14
6964,16.28582613631584,14
6965,16.496792133025753,14
6966,18.804242058120224,14
6967,14.40551051049953,14
6968,16.50964579596152,14
6969,15.601988929244163,14
6970,15.645465158163578,14
6971,15.204327038918104,14
6972,15.314093421798121,14
6973,17.18435343404881,14
6974,16.97649362104036,14
6975,17.19413101064425,14
6976,16.94753380474993,14
6977,13.785503531716362,14
6978,12.95890670125715,14
6979,11.08956574238318,14
6980,14.61263818502824,14
6981,14.073541194212426,14
6982,13.60585160106845,14
6983,13.53174415620469,14
6984,13.998086274462251,14
6985,13.283556161546596,14
6986,15.632462710753181,14
6987,14.869201175991625,14
6988,18.64430771501413,14
6989,14.110978804722018,14
6990,14.773248287083785,14
6991,15.348228127035593,14
6992,15.67296426080367,14
6993,15.443168851277141,14
6994,13.125284546723005,14
6995,16.127394382841597,14
6996,15.290200765295854,14
6997,12.985151726248969,14
6998,13.08018776492586,14
6999,13.758515258618104,14
7000,16.100142577471445,14
7001,15.359901300713304,14
7002,16.388292608090822,14
7003,18.620268709234708,14
7004,11.107926294045098,14
7005,13.7094652507981,14
7006,16.453910076326167,14
7007,15.577008630077692,14
7008,15.548129846464292,14
7009,16.370441595182456,14
7010,18.890143412271758,14
7011,4.608065167520394,14
7012,13.253320160193239,14
7013,12.679331346769548,14
7014,15.094865650652395,14
7015,16.83378218774813,14
7016,9.828106969402842,14
7017,15.194257783195546,14
7018,14.945519096017001,14
7019,13.543979134573068,14
7020,15.468205926340842,14
7021,15.189926313372187,14
7022,14.494566347996782,14
7023,15.471450440311203,14
7024,15.06771551970975,14
7025,15.241447202733205,14
7026,14.92516914183343,14
7027,16.09127882999448,14
7028,15.952819296723709,14
7029,16.10576522876287,14
7030,14.858861952290548,14
7031,15.20640093271271,14
7032,15.402531263362542,14
7033,15.491684702803749,14
7034,15.127384956540286,14
7035,17.502852582315505,14
7036,12.95748670560839,14
7037,16.09383044766995,14
7038,14.459271401684067,14
7039,15.491564179732517,14
7040,16.011572980589317,14
7041,14.51389689094062,14
7042,14.633988754530534,14
7043,15.40736562375651,14
7044,15.345383229288776,14
7045,16.352755851841565,14
7046,14.128094334058735,14
7047,14.477182963036295,14
7048,15.378186678321013,14
7049,14.932018139112392,14
7050,14.270127997762,14
7051,15.991886208811936,14
7052,14.94418297004266,14
7053,15.195210253529853,14
7054,13.265546473077245,14
7055,14.380518377962858,14
7056,15.106681677259036,14
7057,15.514061085097355,14
7058,13.391790574710217,14
7059,14.879019803718117,14
7060,8.771808848254809,14
7061,15.215438174074064,14
7062,15.38644082856409,14
7063,15.272950995507363,14
7064,15.783978631660998,14
7065,15.107255822006485,14
7066,13.597212226284316,14
7067,15.508024903396967,14
7068,11.580457212180649,14
7069,15.46701280773404,14
7070,15.258124641844399,14
7071,15.637405282629338,14
7072,11.841905662386253,14
7073,13.769300872699432,14
7074,11.686601206573613,14
7075,13.636992267478426,14
7076,14.339649859944972,14
7077,7.848473426464507,14
7078,14.134135642818004,14
7079,9.856114608793659,14
7080,7.089575725568467,14
7081,14.337423853029058,14
7082,15.327121664565787,14
7083,14.903453602797441,14
7084,15.02233042144944,14
7085,14.52357943759309,14
7086,12.168380297035876,14
7087,15.642933928292939,14
7088,13.739303982553384,14
7089,13.566878377518668,14
7090,15.711645846281073,14
7091,15.95243756464318,14
7092,14.319331248322003,14
7093,19.668504152755872,14
7094,14.695271773067015,14
7095,12.602091534797857,14
7096,15.30293938715713,14
7097,15.952343338141938,14
7098,16.277859313299338,14
7099,16.145538849717255,14
7100,14.175367208879479,14
7101,12.647614233773385,14
7102,16.313617376883435,14
7103,17.453143899754068,14
7104,13.74440647724974,14
7105,12.513188243409152,14
7106,16.729088414195026,14
7107,13.139460238041044,14
7108,14.110078777988376,14
7109,14.915574787312009,14
7110,15.198809863748197,14
7111,13.581936528146294,14
7112,12.538081907472181,14
7113,15.315869953871601,14
7114,14.640545742644585,14
7115,15.907546471119899,14
7116,13.835898970072456,14
7117,14.975097552714566,14
7118,14.36047544401054,14
7119,12.713457236799595,14
7120,12.863775002938098,14
7121,12.329408235663724,14
7122,15.575832412923125,14
7123,16.021980793887224,14
7124,11.359875673218589,14
7125,13.571248355060906,14
7126,13.702082227878483,14
7127,12.507664299044583,14
7128,15.31783078643693,14
7129,13.312565918107557,14
7130,18.162647538274022,14
7131,19.508160639394525,14
7132,19.311942146955715,14
7133,12.86121357550135,14
7134,17.690589621629005,14
7135,17.71843361135807,14
7136,16.98323561685101,14
7137,18.395366801654056,14
7138,16.932568122051883,14
7139,10.90073645616297,14
7140,17.10805818111411,14
7141,11.507759644371905,14
7142,15.279972158338827,14
7143,16.185125571776247,14
7144,15.417477160377066,14
7145,15.610960346919956,14
7146,13.3108763249707,14
7147,15.744597580535228,14
7148,14.720216588117161,14
7149,15.812714358333698,14
7150,16.16485260546262,14
7151,15.39308201380045,14
7152,14.978799589949404,14
7153,14.887968055600584,14
7154,15.844182717711586,14
7155,10.676876487922161,14
7156,15.848472436407466,14
7157,14.440497252656618,14
7158,9.15376399462114,14
7159,14.08107297989583,14
7160,14.949107254474306,14
7161,14.763712380186558,14
7162,15.313570942729012,14
7163,12.17610516731186,14
7164,13.55829692677225,14
7165,15.069395626437817,14
7166,13.75250690675132,14
7167,15.664996289811027,14
7168,11.378412325325872,14
7169,18.210116082285644,14
7170,15.299851045790982,14
7171,15.194670397192152,14
7172,14.42812391872434,14
7173,15.865923476695208,14
7174,16.733450171397706,14
7175,10.404638435007307,14
7176,15.295409335832272,14
7177,15.418097934839803,14
7178,15.030666250529082,14
7179,15.798158789102684,14
7180,15.34561803077511,14
7181,12.778980864201724,14
7182,12.980061082472771,14
7183,14.498847754737364,14
7184,14.042130332211753,14
7185,9.983904728309573,14
7186,15.661928293513228,14
7187,16.11171255827233,14
7188,15.775767469943215,14
7189,13.863795204670858,14
7190,15.200697594971109,14
7191,16.202448605512878,14
7192,16.229821603408336,14
7193,16.684960503002717,14
7194,14.544718228952917,14
7195,14.957975197931798,14
7196,13.535480762868696,14
7197,13.687710545597405,14
7198,14.329365849632357,14
7199,15.590696721796341,14
7200,15.321485205947454,14
7201,18.060891585885887,14
7202,17.313416355042165,14
7203,15.196087469403045,14
7204,14.794478128563416,14
7205,15.6816663501533,14
7206,15.304150710202414,14
7207,15.99043439752728,14
7208,15.25769660342768,14
7209,15.838924538786475,14
7210,15.184998372341528,14
7211,6.71553247855314,14
7212,15.28934316722577,14
7213,15.766034012120041,14
7214,15.667458026630555,14
7215,14.735369192302917,14
7216,16.742128526333087,14
7217,16.590206751646836,14
7218,14.66044415633274,14
7219,14.559142531920887,14
7220,13.397097140161101,14
7221,12.034988993583784,14
7222,13.126053696381714,14
7223,11.93134699425597,14
7224,14.693943427265038,14
7225,11.499441332695172,14
7226,13.647872200711774,14
7227,16.883436646265192,14
7228,14.497568951890322,14
7229,15.91791904395897,14
7230,17.27360362033446,14
7231,11.598245851381705,14
7232,15.767557646949312,14
7233,16.32705345355975,14
7234,14.70385291554659,14
7235,15.578026270482239,14
7236,16.18607048542681,14
7237,15.261454071658234,14
7238,15.957532403132365,14
7239,18.208239158090688,14
7240,15.644868045076985,14
7241,15.625909306851607,14
7242,16.11022918122896,14
7243,15.8331839591358,14
7244,14.574813216585955,14
7245,15.290546695666574,14
7246,13.197205335250786,14
7247,12.175048339977405,14
7248,13.79823713712066,14
7249,14.465467588312869,14
7250,14.532350889145306,14
7251,14.299336977651073,14
7252,15.816876655930846,14
7253,15.66418695895387,14
7254,14.313156709777799,14
7255,13.22503503780824,14
7256,11.890277639037935,14
7257,12.630493305140359,14
7258,12.16669622500611,14
7259,11.176337330530513,14
7260,9.929847566714116,14
7261,12.32417695008775,14
7262,18.252740074331903,14
7263,12.117435990852595,14
7264,12.300705411020688,14
7265,14.05892863100902,14
7266,20.144582295573283,14
7267,14.142216054612986,14
7268,14.781390015574523,14
7269,11.81213272969685,14
7270,19.156248378606637,14
7271,12.169128894873122,14
7272,9.626921497520321,14
7273,13.96840396397686,14
7274,15.056838740869447,14
7275,15.068227251436651,14
7276,15.176179538964412,14
7277,13.701765576662476,14
7278,14.155460518242867,14
7279,15.094996162764769,14
7280,14.563315038145287,14
7281,14.012868387866112,14
7282,12.377857363247594,14
7283,12.033676616365069,14
7284,12.598888312371084,14
7285,13.875964303462188,14
7286,14.238610494750851,14
7287,13.624359893704735,14
7288,18.697137965149754,14
7289,12.651138167371272,14
7290,16.35928150974918,14
7291,13.751965932185287,14
7292,15.133818996274838,14
7293,15.974272851086802,14
7294,17.6189265809517,14
7295,15.386628462971341,14
7296,15.029350803759488,14
7297,15.549672637528158,14
7298,14.907844108206715,14
7299,14.65682741887658,14
7300,18.269907361190626,14
7301,16.731491438078187,14
7302,18.741891132633278,14
7303,13.901801766506049,14
7304,17.146937254100045,14
7305,13.981946564117061,14
7306,16.555917915396332,14
7307,18.073661829882653,14
7308,13.335057613209514,14
7309,12.90888699068788,14
7310,17.63296433325847,14
7311,18.11980728465426,14
7312,15.34582046666003,14
7313,17.349605636510024,14
7314,17.588294970447393,14
7315,14.844033133999767,14
7316,14.1571704452247,14
7317,15.127735946137113,14
7318,13.837584563246756,14
7319,13.828079813448761,14
7320,12.325898635317557,14
7321,14.326808802051497,14
7322,15.007458791300467,14
7323,14.6350693946797,14
7324,14.585344653174298,14
7325,10.769939479442842,14
7326,15.146891545769073,14
7327,13.793644041978313,14
7328,15.750620734133406,14
7329,15.124087963199617,14
7330,14.946706232782615,14
7331,15.739407502302045,14
7332,15.412597996611302,14
7333,15.209739073259069,14
7334,14.029875635150729,14
7335,15.352926402737522,14
7336,15.350063408055716,14
7337,14.779405120064254,14
7338,16.101039928868126,14
7339,9.078936558857876,14
7340,8.511893866017319,14
7341,16.570416898324424,14
7342,14.869047210394806,14
7343,15.732722583340978,14
7344,11.121731332286206,14
7345,15.886795938206133,14
7346,11.933282005223969,14
7347,14.432340533509098,14
7348,14.17544905181314,14
7349,15.300425024390528,14
7350,15.42915979233391,14
7351,17.612156047036894,14
7352,14.029835622570099,14
7353,14.684310013852011,14
7354,16.97193692029122,14
7355,12.82727302727995,14
7356,13.39194305685809,14
7357,16.47404463949849,14
7358,11.861064715974068,14
7359,13.699536124170523,14
7360,12.997575155680686,14
7361,14.758380684416887,14
7362,13.206690891564389,14
7363,18.13926945189576,14
7364,14.922961627959241,14
7365,14.202681359331185,14
7366,8.636616499914666,14
7367,14.183621156181822,14
7368,15.471860101770227,14
7369,14.039164570735474,14
7370,15.362236184768836,14
7371,15.108462930233928,14
7372,15.834190025523462,14
7373,13.316180512525253,14
7374,14.828305626078034,14
7375,14.617454142403234,14
7376,15.461092299975963,14
7377,15.724622577071571,14
7378,14.487360955660096,14
7379,14.303333994267392,14
7380,14.308337114849241,14
7381,15.30050684558066,14
7382,15.355351369594272,14
7383,14.82389508132121,14
7384,15.996307093225603,14
7385,15.150080470912751,14
7386,14.90936060146088,14
7387,6.662636368227194,14
7388,9.833655829630962,14
7389,13.712657930168588,14
7390,11.405622291671426,14
7391,14.512447443396036,14
7392,14.112147186725414,14
7393,11.126925324811397,14
7394,10.743664746721265,14
7395,13.76139473197603,14
7396,13.192033777178343,14
7397,13.670803165470833,14
7398,11.874438654853634,14
7399,16.765206096773962,14
7400,11.926018290632474,14
7401,13.53034177535054,14
7402,16.489413991449577,14
7403,15.229279484963552,14
7404,15.387489109123882,14
7405,18.804800843003658,14
7406,12.66181268320487,14
7407,11.969100052758174,14
7408,10.868641903022215,14
7409,16.9054304786411,14
7410,14.264840120096169,14
7411,14.053717297945395,14
7412,11.497601050757263,14
7413,12.686054642023544,14
7414,12.051493093721575,14
7415,11.400213422080995,14
7416,12.715586771163103,14
7417,16.64082546841612,14
7418,10.357215227452249,14
7419,15.924364354819435,14
7420,15.330119874908481,14
7421,15.497740514300629,14
7422,14.783735153986047,14
7423,14.986926524280225,14
7424,13.87639520346624,14
7425,12.166155664868052,14
7426,15.471837228407269,14
7427,15.670869413980022,14
7428,15.507164737248575,14
7429,16.382830974778052,14
7430,18.569051923245972,14
7431,19.21481286741473,14
7432,15.992767330221715,14
7433,14.816488962867275,14
7434,14.37734400822594,14
7435,14.061826330115013,14
7436,13.840561236594684,14
7437,15.762007738144685,14
7438,14.089225830774463,14
7439,15.528721190552254,14
7440,19.67934088151408,14
7441,15.98770883056072,14
7442,15.741149357298987,14
7443,16.549228136662457,14
7444,20.43505975850459,14
7445,10.304669288975886,14
7446,15.963481410264766,14
7447,14.916266122437444,14
7448,19.624513857285574,14
7449,6.9967443454317895,14
7450,19.64587395735606,14
7451,19.19954516909202,14
7452,19.674728579472024,14
7453,16.181599122286368,14
7454,18.092694472891885,14
7455,16.68003043428538,14
7456,19.39934523112912,14
7457,20.274709241748287,14
7458,19.800606411964072,14
7459,18.098300906895297,14
7460,19.457248003103494,14
7461,20.01697071267622,14
7462,17.549795758182018,14
7463,20.13845270040236,14
7464,14.141905961776299,14
7465,14.769364954950182,14
7466,21.006192166815143,14
7467,15.538452818674774,14
7468,15.40440508077407,14
7469,17.86908776330132,14
7470,16.13837232705575,14
7471,13.34529365698643,14
7472,17.295030059655904,14
7473,17.22095590577851,14
7474,18.075367067664782,14
7475,15.159408686675349,14
7476,19.452430866755183,14
7477,16.808433902725085,14
7478,15.704142969854773,14
7479,16.790616965953628,14
7480,19.585600011807664,14
7481,16.904418191236807,14
7482,16.204910163435972,14
7483,17.88838541480836,14
7484,18.73696856338704,14
7485,19.291376147345844,14
7486,16.035470296317623,14
7487,20.028049195072857,14
7488,14.821717364378982,14
7489,16.56760844768732,14
7490,20.216271120824214,14
7491,20.170484412293142,14
7492,14.248137247218807,14
7493,14.737507085794578,14
7494,14.774824013198822,14
7495,16.56015020166905,14
7496,15.625245885877462,14
7497,15.04725601490541,14
7498,15.803496835012428,14
7499,15.50418720332273,14
7500,15.011301357644502,14
7501,19.243542718324672,14
7502,13.354827049554567,14
7503,17.014749662796387,14
7504,12.786444629460107,14
7505,11.356444874153913,14
7506,19.160268990516144,14
7507,19.881592922895678,14
7508,17.87269725926614,14
7509,19.6973825047235,14
7510,18.845091623659993,14
7511,20.03692753444981,14
7512,19.6283867216236,14
7513,19.952455286583042,14
7514,20.048587413488146,14
7515,19.06277886652659,14
7516,10.670776726502698,14
7517,16.173883744393834,14
7518,12.172359183198033,14
7519,14.033480804088697,14
7520,7.052322137495972,14
7521,12.28166547000761,14
7522,14.97609464570909,14
7523,18.092833017168985,14
7524,17.8127802832492,14
7525,16.07736442052717,14
7526,11.599215022270606,14
7527,14.977964397386195,14
7528,15.406830984496104,14
7529,17.101869195251382,14
7530,15.447156623774802,14
7531,19.490609242234513,14
7532,15.364378621598716,14
7533,15.419825379586808,14
7534,10.36819531346831,14
7535,9.795080934601323,14
7536,18.598958702509893,14
7537,13.207429204445601,14
7538,15.43961556395974,14
7539,9.608215407050832,14
7540,10.50433465368382,14
7541,13.69821677637318,14
7542,17.327978514958925,14
7543,19.868887592247297,14
7544,15.256466293387478,14
7545,20.51425794051717,14
7546,17.476655318600244,14
7547,19.204361417342025,14
7548,11.935171590334274,14
7549,19.391694844614634,14
7550,15.33051047272357,14
7551,17.20703224868656,14
7552,12.756447133991072,14
7553,13.832280068411361,14
7554,13.462226869031252,14
7555,15.135283240276369,14
7556,13.477579301542864,14
7557,8.878059989464457,14
7558,15.23489232477493,14
7559,15.591485421027794,14
7560,12.55376432980241,14
7561,13.642197304970612,14
7562,15.402948731442564,14
7563,14.365258440411866,14
7564,14.86392133804004,14
7565,14.765679344480313,14
7566,13.358722720930883,14
7567,14.112642970172626,14
7568,13.502176677504858,14
7569,15.160375176174883,14
7570,13.490363946217348,14
7571,14.12679144072856,14
7572,14.32433340275621,14
7573,15.684323932553218,14
7574,10.56122075527187,14
7575,11.454653901283002,14
7576,12.666465378297799,14
7577,13.518502851298795,14
7578,11.189959171980346,14
7579,10.131854323284585,14
7580,12.257814027208665,14
7581,9.28861039672146,14
7582,11.417748834692445,14
7583,12.968346811088956,14
7584,9.387823618753615,14
7585,12.649227658666522,14
7586,13.584248015509589,14
7587,15.147977401554897,14
7588,12.365396510746494,14
7589,14.197212561623084,14
7590,13.687553165937823,14
7591,14.398765296397634,14
7592,17.316913772939692,14
7593,14.727779786281852,14
7594,16.238737398443668,14
7595,14.445188525841804,14
7596,14.36193232011293,14
7597,13.983383331591213,14
7598,15.084306395418206,14
7599,12.357845179846205,14
7600,12.83200476042455,14
7601,13.098430130153405,14
7602,12.034048419608705,14
7603,12.913891720631536,14
7604,14.875326305252777,14
7605,11.88778625359835,14
7606,14.061870878954696,14
7607,14.329592551755153,14
7608,14.176908944375986,14
7609,13.658276565117344,14
7610,13.599405368089624,14
7611,19.067719197122937,14
7612,18.27829038433478,14
7613,17.268789169556776,14
7614,18.032380600110233,14
7615,11.395060708077645,14
7616,9.877845762092498,14
7617,13.2297598917699,14
7618,11.187547984160936,14
7619,7.293808488263511,14
7620,6.613573628221186,14
7621,10.217718979645024,14
7622,12.1365556381026,14
7623,10.577139753234892,14
7624,10.856640890106203,14
7625,13.699522150421094,14
7626,13.957711076317816,14
7627,14.529262453036107,14
7628,12.555252784476753,14
7629,14.75834770021968,14
7630,15.684708790757075,14
7631,13.753427895882865,14
7632,16.267457442585428,14
7633,14.378471903957692,14
7634,15.109379585165248,14
7635,11.804644101149309,14
7636,11.397843769178811,14
7637,11.162672184938202,14
7638,11.821070782223105,14
7639,13.502393073372701,14
7640,11.884261014155438,14
7641,7.381927376035088,14
7642,13.043645747435258,14
7643,12.905018511386302,14
7644,8.145593014520767,14
7645,12.438059578305062,14
7646,13.168869529496284,14
7647,15.036797756888904,14
7648,14.018990999609057,14
7649,14.619955017773089,14
7650,14.943610765873832,14
7651,15.761775620482567,14
7652,14.277969433135,14
7653,14.821293767851937,14
7654,16.615371157354275,14
7655,15.385896456779598,14
7656,13.47287992954236,14
7657,18.431314899349385,14
7658,19.216962739335873,14
7659,19.436566129670936,14
7660,13.276275055453958,14
7661,13.847901678422469,14
7662,14.240319387967544,14
7663,7.421090194821823,14
7664,14.532988152205986,14
7665,15.208816963115135,14
7666,14.664442652551863,14
7667,14.66511951650147,14
7668,14.447443603815831,14
7669,16.839183860688884,14
7670,14.706341819460294,14
7671,18.740023296190152,14
7672,20.02237301681849,14
7673,18.94702703508034,14
7674,20.20011059079742,14
7675,14.740228548235267,14
7676,19.20216800856152,14
7677,17.258799697003596,14
7678,17.057456350829604,14
7679,16.994526005120555,14
7680,14.366130496947173,14
7681,17.108090673384353,14
7682,15.042372880187,14
7683,14.239313291861448,14
7684,19.676042632987926,14
7685,21.807547244604685,14
7686,17.570469269144343,14
7687,19.577385663065932,14
7688,19.17079082630555,14
7689,19.233292737853855,14
7690,20.11414866660003,14
7691,19.281305070831603,14
7692,19.828443990836796,14
7693,16.417464270826628,14
7694,15.071990879635049,14
7695,12.86890973382671,14
7696,13.319825053415583,14
7697,20.0807144728054,14
7698,16.752985529285194,14
7699,17.924380075173403,14
7700,16.12051689886123,14
7701,15.605242715271046,14
7702,15.6311013385826,14
7703,15.71743166739169,14
7704,19.78139041995514,14
7705,11.53443417364314,14
7706,15.518711025154968,14
7707,18.13710379774122,14
7708,17.492011385548253,14
7709,14.236314890240667,14
7710,14.331064474736433,14
7711,13.142410506497741,14
7712,14.506471451619298,14
7713,13.09182175082262,14
7714,12.56402942909913,14
7715,10.42556182273661,14
7716,12.231584063876522,14
7717,17.426021337970724,14
7718,10.838651081182267,14
7719,10.698444460941765,14
7720,9.465496108860927,14
7721,15.077131007298826,14
7722,15.535326772165472,14
7723,17.280550475450266,14
7724,13.283212390716153,14
7725,10.662729907624596,14
7726,13.428992819195255,14
7727,14.633834185537872,14
7728,15.233955859405931,14
7729,15.300422134990669,14
7730,12.3710419456603,14
7731,14.180295726966953,14
7732,10.20723652196078,14
7733,15.077571512235945,14
7734,16.431917201008744,14
7735,14.81132761420067,14
7736,17.897131134632456,14
7737,13.318154848629408,14
7738,15.091280182955355,14
7739,17.030391547393833,14
7740,12.314849375912111,14
7741,16.358147594432435,14
1141,15.206328808741933,11
1142,16.10757407938703,11
1143,17.186587580952942,11
1144,17.14672424957958,11
1145,15.58313819634848,11
1146,16.143854276079963,11
1147,16.103737738132,11
1148,15.734541365796334,11
1149,16.700952901364563,11
1150,14.945605085616133,11
1151,15.749339969088098,11
1152,14.738031198310486,11
1153,15.906973460796003,11
1154,11.376687808398806,11
1155,12.967919716204609,11
1156,15.424374477279477,11
1157,15.382290898386383,11
1158,15.484851943162004,11
1159,18.326193892481356,11
1160,18.260011436262587,11
1161,15.818410497825282,11
1162,13.722133653290737,11
1163,14.453907736237335,11
1164,17.164516511641754,11
1165,14.89472983732077,11
1166,15.982428489737204,11
1167,12.313296768730162,11
1168,15.411189671471268,11
1169,15.378234043215693,11
1170,17.497129742767786,11
1171,15.745754968817021,11
1172,13.037744180399704,11
1173,16.222980691240565,11
1174,14.39481198944034,11
1175,12.740811356514232,11
1176,16.439450509914302,11
1177,19.54218237361968,11
1178,19.37968937112576,11
1179,18.890378873714667,11
1180,19.84608510938808,11
1181,15.57739492768871,11
1182,15.522059643252193,11
1183,13.263574302331643,11
1184,14.936228875722183,11
1185,15.361141779862594,11
1186,19.013118867732842,11
1187,12.830538534009102,11
1188,17.465625066751517,11
1189,16.005128311603322,11
1190,18.485232056906405,11
1191,16.756669196567003,11
1192,18.258748082648562,11
1193,16.54325727414039,11
1194,18.038140476486852,11
1195,18.298789289465535,11
1196,18.26793965594717,11
1197,13.687312029304753,11
1198,16.947747664087494,11
1199,18.17648979684912,11
1200,18.036591679526914,11
1201,18.67811350402292,11
1202,16.9191691381072,11
1203,19.981585128139354,11
1204,15.54030525077862,11
1205,14.997660896231647,11
1206,17.002248558455825,11
1207,16.47602775018738,11
1208,16.528771894766685,11
1209,15.770143098331483,11
1210,14.478270503662008,11
1211,15.328471388063006,11
1212,15.401589665012036,11
1213,15.455117267352492,11
1214,16.467756270091833,11
1215,15.97979403910117,11
1216,17.800302345261265,11
1217,14.712359641061719,11
1218,15.691559735263075,11
1219,19.8466878147499,11
1220,18.52770025622735,11
1221,18.9810139920765,11
1222,17.967659765282434,11
1223,19.665752063658893,11
1224,19.32820721970116,11
1225,14.008668173874852,11
1226,14.970883030964615,11
1227,17.41915859683506,11
1228,16.019052282853753,11
1229,15.94551220466477,11
1230,16.146952872577607,11
1231,14.559486506195189,11
1232,16.237787525819567,11
1233,16.981733968953318,11
1234,20.225828370798517,11
1235,15.036025959029987,11
1236,12.512343749633844,11
1237,15.550401790160944,11
1238,16.152846788700685,11
1239,14.520409982613636,11
1240,14.852093859139092,11
1241,17.381391355311848,11
1242,16.323634878401695,11
1243,16.111924452998437,11
1244,14.904128561060286,11
1245,19.8544138923724,11
1246,17.002016326097813,11
1247,14.235193869160437,11
1248,14.799576368166852,11
1249,15.247756595739364,11
1250,17.206272493299075,11
1251,16.08264699761048,11
1252,13.57214975992986,11
1253,14.589016680987815,11
1254,19.689672237907683,11
1255,20.191761695556366,11
1256,19.884751352814796,11
1257,20.325443869334723,11
1258,17.276051496426547,11
1259,17.48803242488672,11
1260,19.510336059736407,11
1261,15.347465668716598,11
1262,13.42427214381269,11
1263,11.743411700831215,11
1264,18.687703620982255,11
1265,16.380679330766785,11
1266,16.39399528413878,11
1267,16.63597506312546,11
1268,16.128668304103904,11
1269,13.826170990487848,11
1270,15.219292302510027,11
1271,14.572556857832211,11
1272,14.782855280129898,11
1273,15.762812495413568,11
1274,14.479525637061585,11
1275,11.811116965890559,11
1276,19.89637343370078,11
1277,15.344265089508067,11
1278,11.698204776253343,11
1279,12.801924729041797,11
1280,13.245462592414968,11
1281,15.815403732440172,11
1282,18.47571386686947,11
1283,14.147124053526984,11
1284,14.890561432942985,11
1285,13.194156304290459,11
1286,14.94631309015194,11
1287,15.577182372330212,11
1288,16.298336979694323,11
888,15.807830142779324,13
889,14.84907919839359,13
890,15.044108615118727,13
891,14.190787609763929,13
892,12.36369454689368,13
893,19.348080159665262,13
894,15.376215045437528,13
895,20.16387625584274,13
896,19.81713222971608,13
897,18.799976524526464,13
898,16.122672629743327,13
899,18.25901259878218,13
900,14.242366809144464,13
901,20.40102649766054,13
902,19.259281208780035,13
903,19.850887645355215,13
904,14.098748275072392,13
905,12.495281538708996,13
906,13.270288379747974,13
907,15.539283932823956,13
908,15.51101547100468,13
909,17.946076902675028,13
910,16.580648384882387,13
911,17.521385943946417,13
912,13.561145546179137,13
913,14.914507211255907,13
914,19.08345891452012,13
915,19.13217471875165,13
916,15.175076659269859,13
917,16.297163142779862,13
918,16.79178711710948,13
919,19.137954245707995,13
920,19.772756718025356,13
921,17.429790984665406,13
922,17.335540399032556,13
923,15.738898810689173,13
924,19.708068482014717,13
925,17.822789065782665,13
926,16.898350943645557,13
927,19.901058285014816,13
928,19.84397242152903,13
929,16.958216166195736,13
930,19.303563587702993,13
931,19.475041787287967,13
932,19.726382478682478,13
933,16.153628287988276,13
934,20.548669816686626,13
935,20.29215521208962,13
936,19.95555035979909,13
937,18.165834112864374,13
938,18.998261315195894,13
939,17.997983849396924,13
940,15.648251086206189,13
941,16.206372615272894,13
942,18.95365831692694,13
943,16.41017807357514,13
944,17.399235879402372,13
945,17.29659892979771,13
946,19.13412819890936,13
947,19.365077664896322,13
948,19.472227102127263,13
949,11.634530076687497,13
950,17.026686290836075,13
951,15.450548648261863,13
952,16.30690444069602,13
953,19.981172729907254,13
954,18.849273929162205,13
955,16.065127420262392,13
956,16.823282880592643,13
957,12.516820944335457,13
958,16.16424796092334,13
959,18.76996762566275,13
960,13.703147643859573,13
961,16.163628444827957,13
962,17.746248377502766,13
963,20.182774999265483,13
964,20.157451109252,13
965,18.7359852221905,13
966,18.767547485449935,13
967,17.04631911576106,13
968,4.646169564362243,13
969,11.849758428616637,13
970,16.562206921749,13
971,19.998322640475976,13
972,15.112206610558276,13
973,14.30830279242639,13
974,11.268648646164381,13
975,16.231000091832186,13
976,16.045059060260897,13
977,18.756452839596733,13
978,12.850926507092947,13
979,13.997150460211483,13
980,10.456074407349428,13
981,11.32958002468025,13
982,19.207786393148712,13
983,17.450236223519607,13
984,17.096591176533522,13
985,17.83928444301305,13
986,16.381087371348457,13
987,14.533082811105341,13
988,15.51703992053662,13
989,12.658359924834567,13
990,14.07148993870029,13
991,14.887965522666569,13
992,13.982897742173648,13
993,13.662506549279295,13
994,13.001726528469678,13
995,20.349029889745143,13
996,13.305009123972578,13
997,11.120891308517546,13
998,9.947239009417192,13
999,11.013792536291824,13
1000,14.668790928859442,13
1001,18.186514893569356,13
1002,17.762180523393315,13
440,15.356273558761057,19
441,16.48210800691985,19
442,12.982069191828518,19
443,18.367009756987535,19
444,14.373407794413927,19
445,14.892831363184285,19
446,16.958022699097004,19
447,16.607274914186156,19
448,19.209407666173288,19
449,17.32996196998709,19
450,14.908897128075923,19
451,19.15400381445383,19
452,19.11341196957924,19
453,15.678358322199257,19
454,15.621027513864096,19
455,15.305312098649518,19
456,16.09296516523722,19
457,12.809472103609654,19
458,18.749281411097066,19
459,19.929563192479666,19
460,20.07771646637385,19
461,20.453223733217342,19
462,20.034552966176363,19
463,19.594844405228514,19
464,17.85092155206732,19
465,17.927500608422644,19
466,18.436949239543882,19
467,15.281680770382684,19
468,14.486958163935014,19
469,15.5719948688553,19
470,18.98827575746117,19
471,20.253711951279897,19
472,20.215994442841072,19
473,18.190567109032237,19
474,20.0746319136313,19
475,19.327976827372563,19
476,20.568836292144944,19
477,19.331374704389006,19
478,19.972246618337884,19
479,19.704591913417328,19
480,17.851029080516494,19
481,19.031771579431826,19
482,20.02069951069536,19
483,18.822104978816217,19
484,19.862412062795492,19
485,19.870233611744446,19
486,20.03358654351819,19
487,16.81983286201041,19
488,20.33713453935525,19
489,19.798901083435627,19
490,20.0741361154352,19
491,17.194109603561053,19
492,19.974424041208675,19
493,19.233471318645286,19
494,19.979848954250162,19
495,19.81919608881543,19
496,19.341815259099224,19
497,18.268178320945303,19
498,20.258620117199754,19
499,18.63429880335389,19
1313,19.95699471451737,1
1314,19.133366803097346,1
1315,17.87893603650641,1
1316,14.384098776294582,1
1317,20.14713776318626,1
1318,19.09162236814182,1
1319,18.793365451468677,1
1320,19.182111029134425,1
1321,20.08326141599074,1
1322,20.01945963887558,1
1323,20.016082806581984,1
1324,20.07220185149671,1
1325,20.09761610495992,1
1326,19.78696224374076,1
1327,19.635658727731577,1
1328,19.52679996894307,1
1329,19.665614688821496,1
1330,19.66978018698375,1
1331,19.89976369211584,1
1332,16.569638769293483,1
1333,19.93737544438002,1
1334,18.70876775615353,1
1335,19.07959183294223,1
1336,19.88942334979344,1
1337,20.33740083330986,1
1338,19.974952003622143,1
1339,20.04765725920518,1
1340,19.19802208425442,1
1341,19.725636023744404,1
1342,19.307701397283175,1
1343,19.13550841926507,1
1344,16.11169702031329,1
1345,18.738725017547438,1
1346,18.345129348706873,1
1347,20.066993660449803,1
1348,18.495184398579703,1
1349,16.44571651654492,1
1350,16.164283482079682,1
1351,17.747776232881446,1
1352,20.048685274271797,1
1353,18.10929631084276,1
1354,20.14337962644525,1
1355,20.121674082927765,1
1356,19.98463659985735,1
1357,19.97815937558704,1
1358,19.733472272783633,1
1359,19.829303964834867,1
1360,20.27892663387191,1
1361,19.975306889821994,1
1362,19.87193229384914,1
1363,19.989812552843514,1
1364,19.98361755558334,1
1365,19.984389484276864,1
1366,20.048465535461304,1
1367,20.016282088780496,1
1368,20.103322964052058,1
1369,19.87773297634344,1
1370,20.08094052178046,1
1371,17.659852172967447,1
1372,18.144120587012782,1
1373,18.90068698332798,1
1374,18.951997893684844,1
1375,19.970938217536084,1
1376,19.931229080539627,1
1377,19.84911544101696,1
1378,19.998539578620615,1
1379,20.01190142584173,1
1380,19.723509243602248,1
1381,20.03939267854364,1
1382,18.933698220321798,1
1383,20.125629148892358,1
1384,20.12315005691991,1
1385,19.84360130640794,1
1386,20.061862255482463,1
1387,19.590808092265487,1
1388,17.684730766610965,1
1389,19.349327367552668,1
1390,17.578545120831464,1
1391,20.09181078571868,1
1392,20.01998265798732,1
1393,18.338441405349037,1
1394,19.87245788022145,1
1395,20.102715299093052,1
1396,19.95426144257249,1
1397,15.499244169341463,1
1398,17.086115148519582,1
1399,18.248245423591804,1
1400,18.616899860249934,1
1401,17.67001963504878,1
1402,19.59781979992413,1
1403,18.377975881716807,1
1404,15.846320914347144,1
1405,15.231502253520492,1
1406,19.162788797087796,1
1407,19.650958845357316,1
1408,19.15769210990978,1
1409,17.98901261705532,1
1410,19.92384018309416,1
1411,15.846719682167762,1
1412,18.258643288095303,1
1413,19.78126415008414,1
1414,16.40725403734799,1
1415,16.75948359021024,1
1416,17.49573717887758,1
1417,19.99227856228695,1
1418,19.781029520280406,1
1419,20.048112293975798,1
1420,19.856699415463147,1
1421,20.02484246532078,1
1422,20.044228988812566,1
1423,19.57701479455533,1
1424,20.06119958437559,1
1425,18.93944983394483,1
1426,19.073156109301525,1
1427,18.842793779175715,1
1428,19.229521773329445,1
1429,19.976553844338035,1
1430,20.15580005246829,1
1431,19.027761704994226,1
1432,19.355935461655502,1
1433,13.864567903051709,1
1434,20.00522619375049,1
1435,19.752021525376282,1
1436,19.984981804023896,1
1437,16.02317573738917,1
1438,19.953472261323604,1
1439,19.73910814895086,1
1440,17.474059019233376,1
1441,20.181702387816575,1
1442,19.942722493154218,1
1443,19.444971696385352,1
1444,19.892428407764665,1
1445,19.997373239781982,1
1446,20.1062056799197,1
1447,20.216580358177993,1
1448,19.969279618215637,1
1449,19.982813855163954,1
1450,19.495923192487773,1
1451,19.935413218902063,1
1452,20.075446830354846,1
1453,19.977738274508376,1
1454,20.170893151849544,1
1455,19.115001587777005,1
1456,18.73131587271774,1
1457,20.034118197794974,1
1458,20.09461480882375,1
1459,18.966878877939703,1
1460,18.227786048594712,1
1461,19.75443542877531,1
1462,20.12446003137623,1
1463,20.014084163300254,1
1464,19.975496600873132,1
1465,16.904816494157956,1
1466,17.941864406059068,1
1467,19.99969905755357,1
1468,17.09672414751962,1
1469,19.382903439619138,1
1470,19.953333321493286,1
1471,19.807210086696692,1
1472,20.296808995046245,1
1473,19.186795925774575,1
1474,17.78971031642671,1
1475,20.107656072879244,1
1476,20.19554868030367,1
1477,19.99028720445547,1
1478,18.3687312249509,1
1479,19.655252740476662,1
1480,19.95945314126833,1
1481,19.68751365317146,1
1482,19.570648355926906,1
1483,19.832593147494297,1
1484,18.205549087060994,1
466,20.043462873177063,7
467,17.375900044186782,7
468,19.981228690701894,7
469,20.069218289934334,7
470,19.888215592492188,7
471,19.971085560434847,7
472,20.023400471759846,7
473,19.958036882817957,7
474,19.982854391214968,7
475,19.9613761838372,7
476,19.84200665263667,7
477,20.058614550961856,7
478,20.002911685228888,7
479,20.009770428265895,7
480,19.824521385110053,7
481,19.885291672177598,7
482,19.963354126125935,7
483,17.386834030109956,7
484,20.111543706408845,7
485,20.032363950926623,7
486,15.762276942331807,7
487,17.304417847236035,7
488,19.313159710283404,7
489,18.443818056152974,7
490,18.643326031215473,7
491,13.133200359718359,7
492,8.986020255527064,7
493,20.109647949818516,7
494,19.896469842913092,7
495,19.669688000741246,7
496,17.173018234299228,7
497,18.22269896931085,7
498,20.074849569623353,7
499,20.08932234531974,7
500,20.095004070592285,7
501,19.99880025047627,7
502,17.871240190844095,7
503,20.104383768064437,7
504,20.037145009931265,7
505,19.900894047676783,7
506,20.011854042119502,7
507,19.571558267707058,7
508,19.968653348036806,7
509,20.098113833626165,7
510,19.349861422159183,7
511,18.80804320174543,7
512,20.077218504035198,7
513,20.276455429983923,7
514,20.03459555902406,7
515,20.0970126425642,7
516,20.061741158293213,7
517,19.506665111697338,7
518,18.365384266297273,7
519,15.837823124067626,7
520,17.727008986388608,7
521,17.384800278835808,7
522,19.371592346646803,7
523,19.509011129241532,7
1898,15.209997745879585,6
1899,14.485351483294076,6
1900,13.635969689686767,6
1901,14.941497678154835,6
1902,17.62548489907329,6
1903,16.84048605280688,6
1904,16.802857381825582,6
1905,15.964875617073014,6
1906,14.580082544626501,6
1907,14.20943091095196,6
1908,12.766008938389856,6
1909,19.562891244328053,6
1910,20.2509088709011,6
1911,15.980878819099548,6
1912,20.412703106019404,6
1913,19.87576290604754,6
1914,16.106948646807023,6
1915,15.674607349299452,6
1916,13.518716932553026,6
1917,14.608472905114965,6
1918,15.361997251316886,6
1919,17.09708156692754,6
1920,19.289657357066112,6
1921,15.266182706288198,6
1922,17.166555622153087,6
1923,17.61588061059308,6
1924,19.77821361710616,6
1925,16.762230260553306,6
1926,20.60441108321593,6
1927,19.24106842582739,6
1928,18.862858772411464,6
1929,17.816243353999134,6
1930,13.488833673547036,6
1931,14.557890377356944,6
1932,15.091645123249684,6
1933,14.866294772969049,6
1934,16.134802255749108,6
1935,15.04371393506974,6
1936,16.06659679530518,6
1937,15.117543990600893,6
1938,16.1501027904215,6
1939,19.994693229505245,6
1940,16.30310735071139,6
1941,16.336820110959493,6
1942,15.669407663830935,6
1943,13.954550879129943,6
1944,14.486816744410326,6
1945,14.241504233125816,6
1946,11.045015511069478,6
1947,17.76469241693429,6
1948,15.149230790457755,6
1949,14.961194237953025,6
1950,17.097733364618584,6
1951,17.541926255695582,6
1952,15.614407567468238,6
1953,15.089871460530569,6
1954,12.782595327770208,6
1955,11.287063683799701,6
1956,11.147337801502538,6
1957,11.324531543450327,6
1958,12.676047453079763,6
1959,18.200165217884607,6
1960,14.940670043920582,6
1961,16.42141108198817,6
1962,20.314660595316454,6
1963,20.315302105570588,6
1964,16.876509567418108,6
1965,16.434343950304843,6
1966,15.067518263869168,6
1967,16.23460532432723,6
1968,16.259779464515557,6
1969,16.035099672090062,6
1970,14.722377109003858,6
1971,10.966638568950447,6
1972,11.274391602743457,6
1973,14.01165721587982,6
1974,12.993722165272146,6
1975,11.44024982177788,6
1976,8.917022490169138,6
1977,11.776066593993086,6
1978,18.274577808978236,6
1979,20.0155593712536,6
1980,17.432936145385604,6
1981,15.825315334409828,6
1982,15.762465826169795,6
1983,17.168488757734075,6
1984,16.44097961830633,6
1985,20.01022650986333,6
1986,19.26616410939032,6
1987,16.014969893865,6
1988,14.52318150061905,6
1989,19.096509002178088,6
1990,10.854243736204324,6
1991,14.201262404819383,6
1992,16.516565357522023,6
1993,17.576560375158373,6
1994,20.211581051199666,6
1995,19.603028716762626,6
1996,18.745555592639594,6
1997,20.28873394556014,6
1998,15.980451429020555,6
1999,19.463501578967247,6
2000,20.468717054039164,6
2001,20.046322017965686,6
2002,15.033981717443757,6
2003,12.854675455291975,6
2004,10.50754071263331,6
2005,7.267941057914907,6
2006,18.345358995263258,6
2007,18.699191383070946,6
2008,16.542973775943192,6
2009,18.566736216469483,6
2010,16.332945032653992,6
2011,13.389629053684605,6
2012,17.281180924911578,6
2013,17.83577073392051,6
2014,13.417837794768047,6
2015,13.312134988864294,6
2016,9.650090573141451,6
2017,11.690372201647342,6
2018,12.877022400028649,6
2019,14.245635132974426,6
2020,12.432170361189128,6
2021,12.458270351153013,6
2022,11.792609242848293,6
2023,14.648813775062585,6
2024,10.034052441244413,6
2025,9.625692695966661,6
2026,17.794558070914842,6
2027,16.16755474983903,6
2028,16.53821176671566,6
2029,17.43590109956847,6
2030,16.52994517970601,6
2031,15.61385279875817,6
2032,7.678149103819599,6
2033,16.300492522300992,6
2034,15.638716390162184,6
2035,15.970367899503819,6
2036,12.413757290984968,6
2037,17.14618547771399,6
2038,17.96203681020348,6
2039,9.45233042932869,6
2040,13.533841177300271,6
2041,17.29321468169404,6
2042,10.602710291858608,6
2043,12.322509209251125,6
2044,15.547014465188898,6
2045,15.632602945970847,6
2046,14.619393092891222,6
2047,12.847445491697352,6
2048,15.49439582594094,6
2049,14.697530031387531,6
2050,13.509777153583855,6
2051,13.659535537869498,6
2052,14.884496917278334,6
2053,14.46447056576454,6
2054,9.988376306862047,6
2055,19.544671533026765,6
2056,19.86928199950443,6
2057,13.238384742867499,6
2058,9.246572852423977,6
2059,17.922208255053135,6
2060,15.963717162423697,6
2061,9.838341498427821,6
2062,10.659044759999825,6
2063,8.497707610363344,6
2064,13.72484319948531,6
2065,13.874712792553742,6
2066,8.884759758265993,6
2067,12.819600967004423,6
2068,14.566912552524322,6
2069,13.229647602380483,6
2070,10.837211896146865,6
2071,11.704932923536582,6
2072,13.796558159662151,6
2073,12.071168757262928,6
2074,13.472379481117708,6
2075,15.518021238054803,6
2076,19.69653365251231,6
2077,19.514190442054627,6
2078,16.16662880922725,6
2079,18.663532367982995,6
2080,16.112260531433495,6
2081,13.977615021155922,6
2082,14.76452184295394,6
2083,16.149193868852997,6
2084,15.725109465147746,6
2085,12.238349291674318,6
2086,14.609313972090177,6
2087,17.513963134026344,6
2088,9.162239550129666,6
2089,13.2483826743296,6
2090,14.387949762305592,6
2091,16.185055125001526,6
2092,6.7275825026188905,6
2093,15.418254560379193,6
2094,15.114110057916406,6
2095,8.322886267605174,6
2096,13.213756824937416,6
2097,19.41306850206829,6
2098,19.985741513695885,6
2099,20.469315811393408,6
2100,20.263253337021837,6
2101,20.35377346284293,6
2102,12.767675593432584,6
2103,11.381033059964771,6
2104,18.178064335165665,6
2105,17.794672863636293,6
2106,13.991024047456143,6
2107,7.450037231578011,6
2108,5.996985468996563,6
2109,14.968651268791854,6
2110,14.45546571910502,6
2111,12.241669474877892,6
2112,15.655084434114684,6
2113,14.915815891761786,6
2114,14.939007181944795,6
2115,8.060724069774158,6
2116,14.890078986169229,6
2117,15.523955223006006,6
2118,17.338919556109264,6
2119,17.67713146730142,6
2120,16.599465718602243,6
2121,14.619886662361246,6
2122,12.44905275257316,6
2123,19.23390571820473,6
2124,18.484070769456473,6
2125,15.505115651422585,6
2126,14.052887251680158,6
2127,14.911864394240146,6
2128,14.440707701151435,6
2129,15.719069599002665,6
2130,13.932713994137206,6
2131,14.949936514587568,6
2132,15.091189883205717,6
2133,15.950206097524134,6
331,12.97023545406606,16
332,16.67037253886183,16
333,17.77323993145998,16
334,17.36621073035078,16
335,19.097474772400826,16
336,18.679006158147704,16
337,19.956000448591407,16
338,18.05853838693114,16
339,18.75514251891783,16
340,20.048655434500958,16
341,19.99738949964024,16
342,20.03314759299187,16
343,19.79842887486474,16
344,19.61263033114389,16
345,18.08766628775975,16
346,18.45116096775062,16
347,14.347455075371347,16
348,10.608955070340404,16
349,19.275543178917903,16
350,19.690781382594835,16
351,19.455121035329977,16
352,19.067714767399647,16
353,19.88943516964585,16
354,16.69307691101065,16
355,17.88623345799009,16
356,19.08076079261284,16
357,18.180177117801755,16
358,17.931734331883856,16
359,18.840495124509115,16
360,19.020853926248524,16
361,16.307564549007708,16
362,19.986908697567475,16
363,19.727844612108623,16
364,19.96265072059735,16
365,19.550203229904547,16
366,20.18410443132462,16
367,16.39881403817831,16
368,17.14355701008796,16
369,11.902664957397352,16
370,13.330872584893912,16
371,14.267138515051375,16
372,19.4714638678189,16
373,19.93138300523631,16
374,19.881600882372343,16
375,17.238759547387943,16
376,14.673402801204844,16
377,18.074581735425646,16
378,18.794331243958812,16
1099,13.945978716021623,15
1100,14.812125747813578,15
1101,15.784074694928009,15
1102,14.38017160934788,15
1103,15.45157510544297,15
1104,14.529426908342472,15
1105,12.050065740595755,15
1106,15.35898968831631,15
1107,15.192029661174004,15
1108,14.752969808741588,15
1109,15.308732607863409,15
1110,14.747030067923234,15
1111,16.407617992320333,15
1112,15.31704969682248,15
1113,14.434415220258352,15
1114,15.135572547867689,15
1115,16.015317845709223,15
1116,15.139809372204823,15
1117,15.018971563118031,15
1118,15.770988372477104,15
1119,15.803203683092951,15
1120,16.67054842291796,15
1121,15.101556145949418,15
1122,14.19831181293296,15
1123,20.105844471995844,15
1124,14.919645342170298,15
1125,15.592707803348336,15
1126,12.311727244519274,15
1127,12.118568215720178,15
1128,14.030837978078377,15
1129,16.4776283415287,15
1130,15.297121906522156,15
1131,14.351796612899822,15
1132,15.412039082750807,15
1133,15.421546542119977,15
1134,7.036436534835299,15
1135,15.12257142854204,15
1136,16.088937976968282,15
1137,18.24544377268034,15
1138,18.627222837032004,15
1139,12.80331791627474,15
1140,13.419692911800173,15
1141,12.372445192667492,15
1142,15.459668394260241,15
1143,12.69868587515214,15
1144,14.441253613998029,15
1145,16.549777759656347,15
1146,15.273342535750853,15
1147,14.146169887029114,15
1148,13.690288970148494,15
1149,13.740216652302097,15
1150,13.431041458380275,15
1151,13.317143333096654,15
1152,14.75403801458149,15
1153,15.077921062212438,15
1154,15.04070988262007,15
1155,12.312412604440754,15
1156,16.98037928274648,15
1157,10.61518683633354,15
1158,14.832948978384678,15
1159,12.897414163492957,15
1160,12.523821127003792,15
1161,11.690890895853824,15
1162,12.954837783329141,15
1163,15.97190811494848,15
1164,14.880593821736344,15
1165,13.415716809855692,15
1166,8.242764591504194,15
1167,11.8608423380518,15
1168,13.90210731857554,15
1169,13.13898665779117,15
1170,14.028010612782282,15
1171,14.027942375406955,15
1172,13.73674750817455,15
1173,10.834224908533814,15
1174,10.135887617424492,15
1175,13.546989965153395,15
1176,13.752492365343583,15
1177,11.02897402972332,15
1178,9.317261683884754,15
1179,12.74797224041489,15
1180,15.067765389975603,15
1181,7.983473979060015,15
1182,12.48688903496233,15
1183,14.067707384767298,15
1184,11.84906975272524,15
1185,16.908497959384167,15
1186,16.061898057113623,15
1187,14.639648379180672,15
1188,14.47014194193531,15
1189,13.287668561519032,15
1190,12.322889732769015,15
1191,18.157767518648146,15
1192,14.146780054931622,15
1193,14.048759823027053,15
1194,12.185923194017429,15
1195,11.146990950930928,15
1196,14.2206212822456,15
1197,12.836256378995078,15
1198,15.430816929759404,15
1199,14.330142477593059,15
1200,11.617958735803658,15
1201,19.788872348871237,15
1202,14.627821135355472,15
1203,15.803546290020247,15
1204,17.93346716983328,15
1205,16.259080472242555,15
1206,16.004109565749395,15
1207,16.039601246130132,15
1208,14.729225214345513,15
1209,15.781578576671501,15
1210,15.065446514795667,15
1211,15.004946640329937,15
1212,14.154383744641065,15
1213,14.347481158255059,15
1214,17.705221230070944,15
1215,18.833110645464863,15
1216,13.860275327554268,15
1217,15.340542105967383,15
1218,13.559021241997655,15
1219,12.173293779956037,15
1220,17.49220200654926,15
1221,16.66609896154462,15
1222,18.252323637956668,15
308,20.034573018540048,2
309,19.621352881651507,2
310,19.98122506069476,2
311,19.984071086959766,2
312,20.009680388976975,2
313,19.89710921022075,2
314,19.788459084706535,2
315,19.993993271526584,2
316,19.84072370999098,2
317,18.09423664198147,2
318,18.453712433029217,2
319,17.931316796491014,2
320,16.272858881002136,2
321,14.189746953825061,2
322,17.43379225012613,2
323,17.376409278924207,2
324,20.00498319952007,2
325,19.979598829993602,2
326,19.965427088676154,2
327,20.013005588790893,2
328,19.84570066200521,2
329,19.991479426576365,2
330,19.999527563072085,2
331,20.010492924394867,2
332,20.007090332181022,2
333,20.0185450591425,2
334,20.0063822965318,2
335,20.022148452633033,2
336,20.017906455493577,2
337,17.62198701067421,2
338,19.191993087962796,2
339,19.80673839112085,2
340,19.943472900997783,2
341,19.990825963707916,2
342,19.801787533198482,2
343,19.995425568265684,2
344,19.820991131985068,2
345,19.482825520538025,2
346,20.003169445767526,2
347,19.974251069934883,2
348,18.181384268622217,2
349,17.951633198950688,2
350,19.81640528203433,2
351,19.998259643323774,2
