SamplingOperations_code,IBD_EQR_Status
S05235850_20070709,20.759504286470115
S05113000_20070723,8.609470304693804
S05082000_20070724,14.303835785885358
S05111500_20070724,10.720911670826379
S05086000_20070725,14.894403860105975
S05030000_20070725,14.524051120872578
S05025600_20070725,11.345310000721549
S05048000_20070726,15.558371101886316
S05035200_20070726,19.119214448971185
S05077950_20070727,12.983557738570834
S05111620_20070727,15.500314631472062
S05191000_20070727,12.560075292893202
S05153950_20070727,15.634642521851362
S05225100_20070727,13.719972154902848
S05031850_20070728,16.2259485646953
S05041000_20070728,14.17668389188527
S02115660_20070730,18.736421170795015
S02115725_20070730,16.014155352815756
S05192320_20070731,19.03851803838285
S02115800_20070731,15.377699168992095
S02106430_20070801,15.041539186255733
S02124000_20070801,12.802846717482499
S05214320_20070801,9.80722828522876
S05089090_20070801,17.53119608382811
S05230500_20070801,18.38088176979941
S05109020_20070802,15.798208801613125
S05111000_20070802,17.897909189595936
S02115685_20070802,16.305636100421516
S02115675_20070802,14.144746878585924
S05220920_20070802,15.155359519357186
S05204200_20070802,19.83513366753548
S05206000_20070802,20.071663761036064
S05174000_20070803,14.42727721989653
S05151000_20070803,19.57419034484431
S05200050_20070803,19.212938651058714
S05164000_20070803,10.745964408492666
S02041750_20070804,11.887783647440072
S05165255_20070806,12.679589104795989
S05176000_20070806,14.980444674514573
S05175800_20070806,16.464822313308403
S05145410_20070806,19.00037330973216
S05181600_20070807,19.443310283869017
S05181000_20070807,19.82389400391615
S02032000_20070807,14.490281319008623
S05076000_20070807,11.195961010882293
S05026000_20070807,9.82702785261211
S02017000_20070808,14.583204204423955
S05173150_20070808,19.861404000827548
S05167950_20070809,7.4046414556071785
S05167450_20070809,10.874143340194749
S05171900_20070810,19.63445122439684
S05096050_20070811,16.162880586434344
S05158150_20070813,14.445139301826694
S05145300_20070813,19.05307592679379
S05156950_20070814,10.982694930511663
S05159000_20070814,11.570302277286038
S05130000_20070814,13.057534124142862
S05068020_20070814,15.40733212337183
S05093300_20070815,15.331968497037355
S02094920_20070821,15.337402135789679
S05142100_20070823,15.014562265867902
S05135100_20070824,15.472703653339696
S05140000_20070824,18.280855454034736
S05135000_20070824,17.877144245331355
S05132000_20070825,12.69357296751723
S05125000_20070825,15.52235015407102
S05124000_20070825,14.526515091053795
S05131200_20070825,12.008583771827048
S05123000_20070825,11.894857196225814
S05120085_20070825,15.484650784057902
S05122000_20070826,14.217523406090956
S02059500_20070827,12.588647073970852
S05022450_20070828,17.145680865650945
S05015100_20070828,15.092834068149159
S02057000_20070829,12.313853408320904
S02070000_20070829,10.438082360609728
S05013100_20070830,15.005178179125858
S02067400_20070830,13.119500952315802
S05001600_20070830,13.51750306258348
S05000150_20070830,16.011972836639902
S02085325_20070831,9.956258984407956
S02085600_20070831,8.370389727300001
S02079000_20070831,8.40153915529415
S02088000_20070903,10.365440578100827
S05230990_20070903,9.186374959752907
S05223130_20070903,10.61992184175223
S05226030_20070903,13.62727923684377
S05223160_20070903,12.65876798857086
S02110600_20070904,16.088461258572092
S05192305_20070904,18.37141141697698
S05192200_20070904,16.47757108350846
S05227240_20070904,13.706308341692447
S05053100_20070904,17.640785652801533
S05055950_20070905,17.081034258520354
S05090050_20070905,13.805046669809183
S05053000_20070905,14.280709835367073
S05129070_20070907,14.615219971849001
S05042080_20070907,14.301265297628092
S05055940_20070907,17.630382994590683
S05044300_20070907,15.97759172368753
S02001500_20070907,16.642698616791407
S05119065_20070908,15.324002691682036
S05089000_20070908,14.667510642782876
S05088400_20070908,14.619749557838801
S05119080_20070909,15.970687008257363
S02044000_20070910,12.949723859458372
S05056900_20070912,16.995622531130046
S05057150_20070913,20.274683582862014
S05055550_20070914,20.308400488823693
S05055600_20070917,19.67188060704508
S05068850_20070917,19.704114148379013
S05068355_20070927,19.559293342329447
S05055150_20070927,21.004458835297783
S06580839_20080304,20.029605123413376
S06168250_20080623,13.943542511933694
S06300072_20080625,11.295256398094573
S06185500_20080702,15.39263920301341
S06580816_20080702,15.611037825575455
S06580150_20080702,15.069807503226077
S06187100_20080707,16.57422677181344
S05121000_20080707,9.070794375515307
S06175500_20080708,17.476011185638725
S05133100_20080708,18.15611415208233
S05137000_20080709,20.157433887386325
S05134310_20080709,13.603532156745704
S05134000_20080709,11.696004816267136
S06183850_20080709,7.237288967664265
S06179200_20080709,15.150397140885964
S06222390_20080709,12.405228477455484
S06830800_20080709,14.153469843603506
S06178935_20080710,17.232287796434875
S05154500_20080710,15.540726502045654
S05117000_20080710,12.040591350746393
S05057150_20080710,20.242336873942882
S05117500_20080711,16.055845755388816
S05068355_20080716,19.112913915702613
S05068020_20080716,18.00269915533461
S06108000_20080716,20.08281224534623
S06425800_20080716,14.334468272931007
S06044900_20080718,11.62864300691147
S06020500_20080719,19.32082541593818
S06084360_20080721,19.948221167357225
S06129550_20080721,14.801341126828705
S05049950_20080722,19.123705223691946
S06183800_20080722,16.98334145466823
S06183900_20080722,16.95842921503499
S06130500_20080722,17.452673075533227
S05060000_20080722,14.481008172395242
S05046000_20080723,18.14865961393266
S05045250_20080723,14.600572173954165
S02107870_20080723,16.66878506359614
S05068470_20080723,15.266159979973988
S05068400_20080723,18.76231041301625
S06006550_20080723,15.557314528627106
S05107000_20080724,14.327248614824864
S06097000_20080724,5.616065759135301
S05033500_20080724,14.468790028039985
S05111650_20080725,16.05304108645366
S05022000_20080725,12.857544000955356
S05003000_20080726,13.264619971745834
S05191200_20080727,16.376293827946743
S05074000_20080727,14.164341385663398
S05081000_20080728,12.165861505628875
S05132600_20080729,14.287377218849986
S02115725_20080729,16.19437130760187
S05149600_20080729,16.396063237429935
S06710030_20080729,19.21203572472381
S05112210_20080729,16.269011762217474
S05228500_20080729,14.290615246004078
S02093100_20080729,12.468343445447662
S05096100_20080729,17.75489263687927
S05148150_20080730,20.158384266634034
S05145900_20080730,19.410597726578786
S05021650_20080730,13.473769128219825
S05217150_20080730,19.23049875456242
S05035300_20080730,18.03614768133567
S06003805_20080730,15.835275194465268
S06003945_20080730,15.597455563167944
S02123000_20080730,14.511927737131
S06179800_20080730,16.948142127226856
S02115775_20080730,14.535984518625607
S06117580_20080730,15.91628027165618
S02106600_20080730,7.3029857341143565
S02116500_20080731,19.126632464420087
S05183000_20080731,20.864915192328798
S02117350_20080731,15.201124433031213
S02070750_20080731,14.30308313563732
S02072600_20080731,15.214306293139714
S02070250_20080731,11.009560942264244
S06411350_20080731,14.493441501786807
S05055150_20080731,20.32444744243349
S05089080_20080731,20.36866606632878
S05054600_20080731,15.792809009100585
S05067000_20080801,19.002972192519614
S05068270_20080801,18.538934712115925
S05067950_20080801,19.952967955410273
S05068300_20080801,19.72922388505883
S02051000_20080801,14.215037788562121
S02057400_20080801,7.044738935003052
S02067400_20080804,14.26769938156826
S05149000_20080804,19.987979293665816
S05147000_20080804,20.218432254233534
S05158200_20080805,14.842638897406026
S05158150_20080805,14.95982736414166
S02065090_20080805,16.05036437499927
S05007600_20080805,14.742995255401961
S05170900_20080805,19.63832130905303
S02001500_20080805,17.90551359543349
S02045500_20080806,13.87751503397843
S05088130_20080806,19.791030878475762
S02025100_20080806,11.644533959586083
S05011730_20080806,18.169368262947607
S05015100_20080806,15.050998449120536
S02021000_20080806,8.905523673432723
S06580178_20080806,9.489930614122187
S02036000_20080807,10.912038769072657
S05018950_20080807,17.159491174571464
S05125860_20080807,18.637824981651328
S02020000_20080807,14.075857175211274
S05230990_20080807,13.351987933013877
S02030500_20080807,13.880245811542789
S02019500_20080807,11.422141399638965
S05018800_20080807,17.87018503566638
S02079000_20080808,8.95070612909836
S02003200_20080808,12.643352752890495
S02010000_20080808,8.737019975113025
S02001016_20080811,12.205762024470623
S02003100_20080811,14.262084867391446
S02000010_20080811,13.599235361120929
S05068700_20080813,18.320347970759677
S05068760_20080813,14.284109226301062
S05069000_20080813,18.95841549292912
S05069900_20080813,18.68145149598395
S05053100_20080814,17.551195569540226
S05056000_20080814,18.16513610943665
S05055000_20080814,20.038086341342158
S02082970_20080814,14.491407230539636
S05053975_20080814,17.789497595414357
S05057050_20080814,19.448168579352004
S06153070_20080818,14.893389896111167
S06820850_20080819,12.25309076433689
S05234980_20080819,19.522007194490705
S05231500_20080820,10.157424940862818
S05227000_20080820,14.597516897513188
S05192018_20080820,19.724771498359555
S05229000_20080820,14.225773853321115
S05189000_20080821,18.96850152616398
S05046700_20080821,15.214142793243122
S05224000_20080821,8.045296181726638
S05217400_20080822,15.625890064732886
S05220920_20080822,14.924488392339953
S05076800_20080825,18.084073781795478
S06098700_20080827,12.141218144847919
S02082350_20080829,7.938198604307235
S05150600_20080903,19.76484355686121
S05151000_20080903,18.21363946082784
S05098800_20080904,15.364970147225455
S05171900_20080908,17.172979640095587
S05055900_20080909,14.162263276515489
S05183970_20080909,18.539880227851427
S05055940_20080909,16.259771204588247
S02108700_20080909,17.85047934988691
S02109000_20080909,16.909524858846346
S05042080_20080909,14.080575596843866
S05042085_20080909,15.318247908673928
S05044300_20080909,16.176482154776448
S05158000_20080910,13.656604436451747
S05162980_20080910,12.382144390408483
S06217500_20080911,18.6945797908578
S05139230_20080915,15.37171113826424
S06215800_20080917,18.749249342657407
S06215000_20080922,17.602418199778423
S06065700_20080930,12.298430119999534
S06106600_20081002,15.053808304192398
S06580362_20081014,20.06740195662477
S06149500_20081014,12.511868454962698
S06820126_20081105,17.738935601838794
S06135600_20081110,20.367358618079383
S06830152_20081215,15.56126421525224
S06063500_20081215,20.539440034443416
S06090600_20081216,19.872400150498457
S06135600_20090216,20.411299036297294
S06139500_20090319,14.838511314500593
S06154250_20090324,19.897101205879487
S06115080_20090505,20.573629060777723
S06108000_20090513,20.08660603506538
S06174950_20090528,18.949248116369052
S06120560_20090529,16.41952966521063
S06180500_20090602,13.374288698984362
S06178042_20090604,14.339201288724144
S06205435_20090616,12.407554296085301
S05130000_20090617,12.075048406124118
S06193500_20090617,14.086072155438934
S06035690_20090618,14.490980962903928
S06580318_20090622,14.29715575857683
S06107760_20090623,15.95194987020632
S05068400_20090623,19.760822324199225
S06178070_20090624,15.878091026764487
S06150820_20090624,14.802100437097785
S06094150_20090624,13.624371875330475
S06175840_20090624,17.848374315170535
S05181600_20090625,19.977932511256412
S05181800_20090626,19.897180112377313
S06175540_20090629,20.298902178793444
S06176950_20090629,19.43278701842067
S06094230_20090630,11.276394526611302
S06175320_20090630,19.470419435118703
S05145600_20090630,18.3555243912789
S06176000_20090630,20.158773466054967
S06710038_20090701,14.179711809669513
S02100600_20090701,11.882596312717034
S06830550_20090701,12.27925918890188
S05086280_20090701,15.973068839259017
S05173150_20090701,20.100229029743673
S05090000_20090702,14.651254406757328
S06250270_20090702,13.203826378063749
S05084000_20090702,13.981284803900381
S06000980_20090702,13.230893180011908
S06106030_20090702,12.275111375548168
S05081000_20090702,14.308895014742191
S06121020_20090702,12.962239617377543
S06216160_20090702,8.89800207795175
S06166990_20090702,20.20215113655426
S05179500_20090702,20.185569144912847
S05129000_20090703,12.054507273130543
S05218850_20090706,13.401461359043413
S05192100_20090707,16.008791548443632
S05197900_20090707,12.8634735802609
S06177980_20090707,10.218483347495635
S05223145_20090708,8.510487968144364
S05101420_20090708,18.34649586777403
S05139230_20090708,17.12998750502723
S06188785_20090708,17.155329178250337
S05024000_20090708,12.93137401143849
S05223170_20090708,8.747864381812361
S05229250_20090709,17.637174005232698
S05011600_20090709,17.313234956036524
S05033200_20090709,18.635263783334473
S05134300_20090709,14.036729459273259
S05132000_20090709,14.302538385741364
S05000150_20090710,17.22033324709469
S05007600_20090710,14.477455457181847
S05025000_20090710,16.586357678185077
S05228000_20090711,14.954342975450013
S05005950_20090711,15.509426518040936
S05032800_20090716,16.175812265947837
S05033800_20090716,15.514133678351559
S05038000_20090716,14.49286783931138
S05044200_20090717,16.782114825900194
S05021800_20090717,15.938455159344393
S06206000_20090720,13.996984118528395
S06006900_20090720,14.800728785947177
S06043875_20090721,12.857242809622196
S06405950_20090721,19.96895302372936
S06016940_20090721,16.861101968592866
S06000890_20090721,14.401692208480263
S06211700_20090721,17.539561661470934
S02011000_20090722,11.332216590602963
S06425800_20090722,14.268352868156274
S06440445_20090723,14.412880638205845
S02013000_20090723,13.75812584758917
S06435450_20090723,16.72496419992175
S06018200_20090724,16.80567857178211
S06020100_20090724,15.714187661928321
S06084000_20090724,20.114546887622407
S02106500_20090727,12.789741878579921
S02106750_20090727,13.337814567809135
S05155300_20090727,15.054965300001388
S05153940_20090728,14.967927810776306
S02054500_20090728,11.969499403918839
S05108000_20090728,12.942864572716974
S06003805_20090728,16.162314841477507
S06003550_20090728,15.726796766224666
S02068800_20090728,9.11457340430496
S02103950_20090729,14.608508026844067
S02075300_20090729,13.292147476902095
S05233500_20090730,11.949421367993425
S02090000_20090730,8.56560042697473
S05230500_20090731,19.13186974940808
S02076180_20090803,16.123893595893808
S02024000_20090803,11.04261660321337
S02038000_20090803,14.239761891078047
S02025150_20090803,11.772766356078463
S02045160_20090804,7.9280475829207635
S02025500_20090804,12.864520926365792
S05031300_20090804,14.985844144595413
S02030500_20090804,14.110353006392025
S02117000_20090804,14.519092653686574
S02116600_20090804,15.508862651224767
S05218700_20090804,19.294106167548623
S02115000_20090804,14.474653679599477
S02036265_20090805,9.655053046101832
S02035000_20090805,14.077286909980419
S02032000_20090805,13.222271807171667
S02041000_20090805,10.74216092619756
S02084900_20090805,4.910934348557683
S05005610_20090805,8.496957202909321
S02120000_20090805,13.061849614392884
S05234015_20090805,19.13911833931847
S02121050_20090805,9.553695133074843
S02048980_20090806,14.856953454924671
S02067000_20090806,14.419731820075464
S05011000_20090807,14.917999324665583
S06830079_20090813,20.092473813991532
S05067800_20090818,19.311732530930158
S05090050_20090818,10.83033059849939
S02061500_20090820,12.562760578487415
S05064750_20090821,12.381567556215117
S06700070_20090825,19.067751654344985
S06300010_20090825,18.97482792415062
S02106815_20090826,14.102325016447148
S02107400_20090826,18.365660941200943
S06222600_20090902,19.671829622612577
S06044900_20090902,9.795098162741057
S06470900_20090909,15.049884522459099
S06104000_20090923,13.391717767339882
S06830152_20091215,15.198130785416208
S06139500_20100317,14.14916431307083
S06209970_20100531,15.43093809846237
S06109050_20100601,20.08886672137217
S06101000_20100602,17.22980139191618
S05056000_20100602,18.779528732107714
S03134730_20100603,15.4033145402049
S06178050_20100607,15.310327693546697
S06177750_20100608,14.104202658483139
S03006590_20100610,19.892466278674956
S03001000_20100610,19.829458072994438
S03006271_20100610,19.413860891743916
S03002100_20100610,20.164265613897417
S03006268_20100610,20.106335732831432
S06580150_20100614,15.280206062463728
S06091600_20100614,20.015731682555728
S05166000_20100628,16.283501967032713
S06830550_20100628,14.56216673352066
S05180800_20100630,19.951117672080372
S06175540_20100701,20.509523485148137
S05176000_20100702,19.552109190926718
S05029500_20100703,19.312044996739747
S06416910_20100706,12.263784893325184
S06039960_20100706,14.17774040055428
S06045750_20100706,17.348284932940008
S06116720_20100706,19.759171024423978
S06004870_20100706,15.199343710725529
S05046000_20100707,13.927577444773181
S03036510_20100707,15.08730463172071
S06147215_20100708,19.0917021284254
S06147655_20100708,14.641405902645364
S06074500_20100708,13.767152916399272
S06940940_20100708,16.01781077982206
S06310200_20100708,11.882305345288055
S06033000_20100708,18.630144464707865
S05130000_20100708,12.55894943064812
S05083000_20100708,14.161262318722567
S06085500_20100709,20.13268555295218
S03055000_20100712,15.481356332695816
S05091210_20100712,17.41467876874054
S03189975_20100713,14.846097943882086
S03189900_20100713,13.457503675866851
S05058100_20100716,13.91378155706268
S03082000_20100716,12.83909237289408
S03084470_20100716,13.359502338800814
S06300600_20100716,19.95059473945062
S05048000_20100717,15.300066969014056
S05074000_20100717,14.931631504488154
S05029500_20100719,15.796741498965826
S02000010_20100719,15.45033384270025
S03156580_20100719,15.824720387904932
S05125780_20100719,16.708544078047115
S02000011_20100719,14.627470927547861
S03277658_20100720,15.003780152504216
S02010000_20100720,4.9664843941799965
S05024200_20100720,13.54096434021331
S06051550_20100720,11.51701867673206
S06204550_20100721,14.971466592760375
S05035300_20100721,19.744384647368413
S02052500_20100721,16.378465631745932
S03129440_20100721,6.915485070779628
S05095000_20100721,15.013893162124306
S02009000_20100721,15.936320059802801
S02020000_20100722,12.656262626688351
S02019950_20100722,11.963939889403033
S02018500_20100722,13.593729738389069
S05088400_20100722,14.67742444013928
S05116650_20100722,15.898515510355136
S02022760_20100722,14.38261039560264
S05049950_20100723,19.301882096757346
S05061942_20100723,16.435519984577837
S03153139_20100723,15.144080404020077
S05067800_20100723,20.08081377685272
S05096100_20100724,16.544160526080123
S03005200_20100726,15.313495410398087
S05106820_20100726,18.26420787764093
S03078510_20100726,13.433524151131472
S02001046_20100726,15.156267075131233
S05106400_20100727,14.97022291382252
S03011300_20100727,15.476039708372433
S05153940_20100727,15.403857903744797
S02030350_20100727,13.343631685714898
S03085805_20100728,15.269270488537387
S03085730_20100728,14.616711282334947
S03092811_20100728,11.826618311430272
S05057150_20100728,19.66643325872099
S02067150_20100728,12.510413195809438
S05097750_20100728,11.678360241225366
S05096400_20100728,17.89944923366326
S03004280_20100728,16.069361126326434
S03008505_20100728,13.327232000985292
S02076180_20100729,12.18709007177376
S03093445_20100729,13.819674902784456
S02056200_20100729,5.9222701503201005
S06215900_20100729,19.731590824754182
S05091560_20100729,14.133843486601684
S03094356_20100729,14.393940390674803
S02057600_20100729,14.592898372536034
S03088800_20100729,17.018060660655074
S03088410_20100729,15.146315151188393
S05065000_20100730,15.82136741892597
S05068645_20100730,18.000533918992666
S03149081_20100730,14.074296194528753
S05119050_20100802,15.22521268594199
S05120010_20100802,17.109865714853054
S02093100_20100803,11.307850896042702
S05154500_20100803,11.909349166055835
S02063000_20100803,13.460342745063441
S06153070_20100803,14.794490982103593
S06005550_20100803,15.055104119600474
S02116000_20100804,14.727012121740982
S05140500_20100804,19.12736517769737
S05069900_20100804,19.391679804830908
S05218000_20100804,19.788284303790856
S03231260_20100804,13.182655931693919
S05137000_20100804,19.53565771022072
S02054100_20100804,14.477883912098076
S03267530_20100804,15.03569921259445
S02057400_20100804,13.568947159295291
S03269000_20100804,11.942552730353066
S05125000_20100805,12.973324998365726
S05234020_20100805,8.195574614336998
S06169880_20100805,17.73687946737421
S05121350_20100805,16.139501078934455
S05122000_20100805,15.236624002625895
S03165020_20100805,14.499548400581876
S05220950_20100806,13.560234352400567
S05226500_20100808,13.84309481967913
S05225300_20100808,15.787319434297011
S05192024_20100809,15.006027965298893
S05191800_20100809,20.347487916601903
S03026179_20100809,19.591388621695316
S06217000_20100809,19.161436485663778
S02106410_20100809,13.1866838177023
S06468450_20100809,15.057835285871406
S06147130_20100810,10.90184698398387
S03033000_20100810,13.957331868284367
S06147840_20100810,19.98900692498029
S06035330_20100811,12.124430815792987
S05209000_20100811,14.366790795247343
S05209500_20100811,18.032378187427316
S05202950_20100811,19.720209503883968
S05201050_20100811,15.211144171568566
S05201055_20100811,15.803095542943037
S06037085_20100811,14.262231705954276
S03053750_20100812,15.886202997331484
S03068950_20100812,17.829796827887606
S02089000_20100812,13.4345135035747
S06494595_20100813,15.899797935969772
S03137570_20100817,14.393130702655155
S03215470_20100817,15.059426824112233
S03025919_20100818,18.404268850076765
S03024245_20100818,17.953450801952222
S03221625_20100819,15.54951254427208
S03189545_20100819,13.781329790541465
S03221795_20100819,15.11091700772833
S03033240_20100819,17.562045619600383
S06151000_20100823,19.020306637254393
S03162365_20100824,14.263146717178525
S06110110_20100824,14.825903598177323
S03190725_20100824,13.692519203635955
S06012055_20100824,16.816376018921773
S06212600_20100825,20.02775042395523
S06710010_20100825,19.612392624942487
S03115990_20100825,13.463148228728691
S03149487_20100825,15.58080906794336
S06210850_20100825,17.25223822942672
S06710110_20100825,15.75309430039928
S03115616_20100825,14.887731035281087
S03114395_20100826,14.67450395316586
S03113040_20100830,14.695966313903535
S03081016_20100831,12.200791149923326
S05068600_20100831,14.376858295085091
S03214000_20100831,12.88815087496064
S05055000_20100901,19.86523863680691
S03027549_20100901,9.59002015227038
S03190300_20100901,15.62291704973314
S03126704_20100901,13.96358379905421
S06300073_20100903,18.60464676216189
S06175000_20100903,14.286023867431044
S02096900_20100903,13.298018020229964
S02094970_20100903,15.738249051140182
S02047000_20100906,15.060880267069276
S02038000_20100906,13.823615739816677
S02115762_20100906,15.577753733167462
S06026000_20100906,13.82946732841691
S06040400_20100915,14.670110211088524
S06041800_20100915,16.63510786858525
S06029000_20100916,14.949781756515534
S02041950_20100921,12.16251491677409
S02099550_20100922,14.476600524232381
S02095500_20100923,10.292311295428574
S03265600_20100927,14.018058396290463
S03271965_20100927,13.407232332073363
S03227100_20100928,16.59855769767963
S03255180_20100928,14.635264638420413
S06113000_20101006,14.646196934646895
S03219000_20101011,13.891318874683583
S04009430_20101012,13.968004670501912
S03208483_20101013,15.768902020556784
S03208000_20101014,15.60301217328708
S06189500_20101022,12.801222398109351
S06188900_20101204,9.102073850833207
S06133560_20110209,20.11828295565532
S06154250_20110309,20.029354514744494
S06300046_20110419,20.261012027916664
S03266975_20110502,12.271751964804633
S06175320_20110503,18.388350660352035
S06106030_20110519,15.630108587106779
S06166990_20110525,19.945536929320852
S03024245_20110525,16.148932247169252
S05016100_20110527,16.103801459379014
S05120095_20110527,15.846654342596961
S05134900_20110528,15.847843199680234
S03024560_20110607,16.01104228743315
S05091210_20110607,17.823300426778435
S03026382_20110608,18.253687847375325
S03035000_20110609,14.532238887087765
S06830129_20110614,16.020883578810878
S06016940_20110614,14.951592608328664
S03029500_20110616,15.236462217104258
S06176620_20110627,16.204393902284544
S06053500_20110627,16.41830851889931
S06176680_20110627,15.208407821662465
S06053940_20110628,12.653981731828093
S06173460_20110628,19.868944271899984
S06173250_20110628,18.08444425302015
S06580341_20110629,15.636373780632525
S06083925_20110630,18.659129606488648
S05074750_20110630,14.896703293110981
S05118706_20110704,14.539656404748357
S06147210_20110704,17.720686984071705
S05111950_20110704,9.79707536888932
S05234007_20110705,15.107204902131915
S06118600_20110706,16.677068194099355
S05228290_20110706,14.589742682510805
S06468450_20110706,15.886978233013881
S03186700_20110707,15.126640513195351
S05142520_20110708,16.469456406571
S03189828_20110708,16.122601898046106
S03189315_20110708,14.254991205604153
S03189398_20110708,14.640657792501779
S06250250_20110708,15.444922916806718
S03088890_20110711,16.95885244771727
S03145290_20110711,15.273871573154082
S05074580_20110711,14.277169987872321
S05074700_20110712,12.342080818109388
S06195820_20110712,15.668591792669048
S02098800_20110718,10.08588623477287
S06123500_20110718,14.995807711140218
S03137290_20110718,14.43816002473967
S05125900_20110718,12.80775611586747
S03013300_20110718,15.45507341872581
S03174825_20110718,10.714497165969213
S06710039_20110719,20.249488288615126
S03133435_20110719,14.908079758782463
S03133140_20110719,14.520902238351212
S03132615_20110719,13.763781813656795
S06118000_20110719,14.028106359620208
S03132620_20110720,14.671081957952687
S02044000_20110720,14.925078468821573
S02001700_20110720,16.23409638373278
S06439900_20110720,14.321260826349238
S05127470_20110720,13.780183705669389
S06161400_20110720,16.372983203532552
S06111555_20110721,20.12682644250329
S05018400_20110721,16.196526331836658
S05020000_20110721,13.494896126057867
S05101600_20110721,16.822820872213118
S06710100_20110721,19.478560781971463
S02003400_20110722,13.903972562602092
S02003800_20110722,15.139364128296373
S02007000_20110722,15.326515019971616
S02018500_20110722,14.466580172371572
S02001025_20110723,15.39113237852164
S02004000_20110723,15.301097125223741
S02106600_20110725,15.575490254214298
S02106850_20110725,15.743855339856669
S03134730_20110725,15.05414955640589
S03228690_20110725,13.456426140340602
S02069100_20110726,9.699579165823671
S02067000_20110726,11.540498475581195
S02060500_20110726,12.572980089138174
S06151000_20110726,20.29178413979211
S05096100_20110726,16.45163900197851
S05151000_20110726,17.452206190483878
S05015320_20110726,15.754199252617076
S05015800_20110726,16.22821196386357
S05017060_20110726,16.441288953809234
S05018000_20110726,16.361322918594517
S05044200_20110726,15.202779543496476
S05044300_20110726,16.32971793165986
S03237800_20110726,12.067716150263228
S05022080_20110727,13.218707272403249
S05016100_20110727,16.966539547857764
S05019000_20110727,14.67652886837762
S05018800_20110727,18.278944519980534
S06580318_20110727,8.310733237153725
S03221795_20110727,13.839564137666514
S03250975_20110727,13.926416041965727
S05033500_20110728,16.385652139471368
S05019930_20110728,13.206083459554778
S05020200_20110728,16.69762869934077
S06204550_20110728,15.584651038874053
S06208900_20110728,6.140747499352226
S06190070_20110728,15.259896673269226
S05134300_20110728,13.929676471412938
S05018750_20110728,16.097749906346447
S06217000_20110728,18.568460510910654
S03052245_20110728,15.069875334268545
S05018950_20110728,13.861429681246108
S03166490_20110728,15.286931160278176
S03233896_20110728,14.099897087371387
S03141730_20110801,15.043320517437657
S05120020_20110801,10.408042435290332
S02085600_20110801,8.410398010434502
S06193700_20110801,10.781962629686042
S05237000_20110801,20.0165775308703
S03258000_20110801,12.348196415063116
S05192050_20110801,17.39383006847509
S02117575_20110801,15.57335340761626
S02115200_20110802,6.337459246081577
S05144250_20110802,15.97582929357119
S05226030_20110802,14.459613849970019
S05125780_20110802,16.588998017813157
S02123000_20110803,15.762537046326392
S02124000_20110803,15.737885701298243
S03156940_20110803,14.528265585507622
S05207150_20110803,11.037227308802247
S02118750_20110803,11.163526054140391
S05223210_20110803,19.142617513366737
S06017000_20110804,14.192103169826304
S03269295_20110804,13.20415979813507
S03272235_20110804,9.168193710631453
S03098000_20110804,18.24375235685708
S02115650_20110804,10.674444761057867
S05148000_20110804,19.92909284417744
S03096650_20110804,16.667240136281055
S05147000_20110804,20.278550779192656
S05191000_20110804,15.061670381863067
S05192024_20110804,19.960568577197833
S05013900_20110805,13.294873089659767
S03270390_20110805,11.516400672726622
S03102000_20110805,15.820355355142938
S03190790_20110808,13.444433049474972
S03189490_20110809,14.735881590506082
S05129150_20110809,14.110182877347986
S05154400_20110811,15.14501544168597
S03075000_20110811,14.90349864340027
S05218500_20110812,20.043435082403732
S06049010_20110816,14.087776072798732
S05029500_20110816,17.977267837067394
S03012100_20110816,15.535823351759504
S05005605_20110816,13.887308630628366
S03138800_20110817,15.011672741047164
S05111000_20110817,19.722191533557584
S03105285_20110817,15.104853452702748
S05004500_20110817,14.581035030912286
S05234280_20110817,17.01057128078975
S05216210_20110817,19.138878566311327
S05012500_20110817,14.663460726535826
S05001800_20110818,17.669579626659935
S05213000_20110818,9.054280131433805
S05025000_20110818,14.331656544220799
S03156350_20110819,15.223672952713859
S05006880_20110819,14.94292790120834
S05127900_20110819,15.59177801671583
S03156580_20110819,15.147894572771534
S05003000_20110819,13.469424298937488
S05166000_20110822,15.295747948764252
S05061200_20110822,15.823383151280645
S06405950_20110822,18.324007918132164
S02081000_20110823,12.985327060871555
S03212150_20110823,17.219151281980032
S03213000_20110823,15.763663465982415
S05165900_20110823,19.067056216807686
S05157800_20110824,15.50004968739669
S05177000_20110824,16.71184302033305
S03127370_20110825,13.054116350877276
S05176000_20110825,16.332147856116244
S05175100_20110825,17.869722689651486
S05120005_20110826,14.879001995623335
S05097500_20110831,14.844920630331242
S05101200_20110831,12.754277758868533
S05101500_20110831,17.76489937882893
S05102010_20110831,19.675522135798293
S05102150_20110831,12.799621700651599
S05064750_20110831,15.059670504751312
S05116600_20110901,15.44342417523039
S05086000_20110901,13.287495142329004
S05130500_20110901,11.207408981131437
S06001890_20110905,15.158806313712253
S05050800_20110906,15.84701623028883
S05051200_20110906,13.551430344848905
S05233500_20110907,13.829160016623188
S05059000_20110907,17.122437819179158
S05048210_20110908,11.667425073443797
S06404800_20110908,15.12016480472769
S05047500_20110910,15.634438369974283
S03014130_20110912,19.85462032002194
S06000950_20110912,14.91176208859487
S03085608_20110912,15.233987206787988
S03093145_20110912,15.264095113429644
S03094405_20110913,15.842405821142581
S03088345_20110913,20.02499701947045
S03086340_20110913,15.846313586807941
S05138900_20110913,16.433564075827448
S03002900_20110914,16.44164079177944
S05153000_20110914,14.037600233234613
S05119902_20110915,14.661797071346381
S03018675_20110915,15.336801418749378
S03088800_20110916,17.626858806859687
S03226300_20110916,15.778776754653183
S03185950_20110919,17.702820356510433
S06130500_20110920,18.14505166673668
S05078900_20110921,14.64318734246196
S05122000_20110922,11.586486885563364
S05066000_20110927,13.26631850461578
S05204000_20110927,20.000036058811567
S03009000_20110928,18.687444291951298
S06077500_20110928,15.776276360664996
S03030000_20110928,15.28584889874738
S06580789_20110928,12.86014779284775
S05068645_20110929,18.53143535262301
S06071900_20110929,15.886181816597382
S03036030_20110929,18.446794364334433
S03038700_20110929,15.734647589288922
S03027490_20110929,15.606118543390124
S03219550_20111006,13.015774385301452
S04009330_20111012,18.087915358752223
S03193441_20111101,15.056857194256494
S06820089_20120217,19.638585250995746
S06137020_20120221,19.468560474747555
S06592020_20120222,20.028219848490096
S06135600_20120227,20.248423985950044
S06134300_20120228,19.875748351297254
S04066730_20120524,15.789500043636803
S03128190_20120530,18.272640029319007
S05018900_20120604,16.34258406411691
S05002610_20120604,16.110810859960306
S06440445_20120604,14.84385550184301
S06468450_20120605,14.940067158601195
S06216100_20120605,18.943291624355577
S06439900_20120605,13.088563946773593
S05074580_20120605,16.929131796389917
S04179160_20120605,17.445407129021415
S06404800_20120605,11.211012432882086
S05234082_20120605,19.477218786357152
S06005550_20120605,14.819025016160097
S06000980_20120605,15.057231423176185
S06464850_20120605,14.803099253658486
S06003805_20120606,15.229062501655681
S05061400_20120606,15.907165261225444
S06250270_20120606,17.741111737251906
S04178490_20120606,19.628138473473825
S06411350_20120606,10.970534522304932
S06710020_20120606,19.836605065182503
S04140100_20120606,11.900799161001782
S05072140_20120606,16.539532993593447
S05157620_20120607,13.34335940848107
S05234007_20120607,15.167786096242711
S04158860_20120607,17.228756180518232
S05074100_20120607,12.462141499708455
S06005400_20120607,15.137824738308314
S05061942_20120607,15.298491291607712
S04099600_20120608,15.256601527676825
S04099560_20120608,14.089023596102937
S06700075_20120611,20.194518415864383
S03079270_20120612,13.942750781165142
S04168250_20120612,13.617366627193551
S03012100_20120614,16.11465197260964
S06710030_20120615,18.679840579442534
S06215850_20120616,20.446099021478066
S06217500_20120620,19.234109856685166
S06120560_20120621,19.97447827492941
S06168200_20120621,10.768197741031864
S06178014_20120621,15.320975827196897
S06148850_20120625,16.37594118186318
S06082260_20120626,12.724508389924067
S05118703_20120626,13.84322228525808
S03040250_20120626,18.845172479715625
S03036510_20120626,16.076854105190048
S06005700_20120626,16.72387681175447
S06300005_20120627,18.189780888880303
S03081000_20120627,14.674596765528305
S06017000_20120627,15.2280014757109
S06108000_20120628,20.474920458714255
S05228350_20120628,16.718459056873193
S05069250_20120628,19.428289897011865
S06580362_20120628,19.88576548480401
S03001000_20120628,20.08702212184713
S03002100_20120628,18.785131450707308
S03006268_20120628,20.06562353467231
S04200595_20120628,13.919124983816403
S03006590_20120628,19.895542804053978
S03006271_20120628,19.66157567749609
S04161575_20120628,11.273210855005306
S04123785_20120628,10.518307312499264
S03125000_20120629,13.627900431138075
S04072000_20120702,13.219127455797842
S05077995_20120702,15.266762415931007
S06146500_20120702,19.857841974327318
S04085180_20120702,13.111809479138927
S03014140_20120702,20.403050725642384
S05020900_20120703,16.086222146566033
S03014030_20120703,19.69963948695471
S05035300_20120703,16.888594641606016
S05079200_20120704,14.972740712486733
S03138550_20120704,14.166641410786063
S06300250_20120704,6.720047357525818
S03088345_20120704,19.877231538455096
S04082450_20120705,15.178148887585849
S03149162_20120705,14.452746343059573
S04082700_20120705,16.78324531407051
S03145847_20120705,16.62855821115544
S05012550_20120705,15.774779446543533
S06710040_20120705,14.306568187414587
S03156175_20120705,17.864563146185215
S04570004_20120705,15.772012329475402
S03160000_20120709,14.552443968626577
S03020145_20120709,16.912681949765094
S03024300_20120709,19.466874607794082
S03020000_20120710,15.612657506012823
S05085050_20120710,13.642435445337334
S06590550_20120710,18.338430719795337
S04016800_20120711,17.63035721959068
S04160190_20120711,16.81717811846115
S06300046_20120711,19.973592516352845
S03033240_20120711,18.79150530722376
S03024392_20120711,17.614974761286398
S04113800_20120711,15.000457476420255
S04002870_20120711,17.965700206156274
S03024245_20120711,19.703322290085225
S03033306_20120712,17.37670839889637
S03032675_20120712,18.09746961960667
S03025919_20120712,19.718593741463025
S03024560_20120712,14.06203487650762
S03024840_20120712,14.930425945451974
S03025238_20120712,17.44960292778094
S03025368_20120712,19.605881375981856
S03034720_20120712,15.375971474353998
S03033200_20120712,19.585157098872568
S03033660_20120712,15.97032761513333
S04010200_20120713,10.951462414274847
S03165200_20120713,15.621802171928653
S04015100_20120713,16.66215265416644
S04033300_20120713,14.214865364959156
S04010410_20120716,13.66184714641094
S05151100_20120716,20.07235465098931
S03272685_20120716,13.829884045361283
S02105000_20120716,14.402045214939925
S02061970_20120716,18.21742640861801
S02061500_20120716,15.24112853421874
S06120500_20120716,20.16961737567803
S05226050_20120716,20.092801766775075
S05042060_20120716,19.36985290725572
S04009420_20120717,13.08208006731455
S06830550_20120717,14.53760070246337
S05103000_20120717,19.197840904975273
S06016000_20120718,12.934788280850137
S05049950_20120718,19.672253079487458
S05223170_20120718,12.84483474655101
S03039940_20120718,15.974679041123917
S02001050_20120718,15.791973033113713
S06205955_20120718,17.866431699954084
S02037500_20120718,12.791228094450563
S04601001_20120718,19.83594257276911
S02029000_20120718,14.715908633479877
S02001700_20120718,14.874148693123622
S04216050_20120718,16.794323155434622
S04068440_20120719,18.5770833817266
S03149172_20120719,17.3459282489564
S03036070_20120719,17.756601105251743
S03035455_20120719,16.116906187794196
S05060200_20120719,16.312775553775523
S02071050_20120719,14.285462481817923
S03027000_20120719,19.71230175124276
S02094979_20120719,20.07831419750048
S04025570_20120719,14.612787471088382
S06194800_20120719,14.274477260137198
S03037650_20120719,16.351959292458314
S03037480_20120719,16.658764498291106
S03149859_20120719,15.374563630578276
S03151800_20120719,12.53682133882967
S04428003_20120720,16.99955179648827
S06710038_20120723,15.93527072051074
S03027490_20120723,15.090499319508872
S03029000_20120723,12.253861053765998
S02055580_20120723,11.725520618025788
S05119080_20120723,15.850117142756705
S03029530_20120723,13.18770905439819
S02057250_20120723,14.446465935534029
S03128987_20120723,15.182698090502825
S03039000_20120723,17.096726338514028
S03044580_20120723,15.168939702295496
S03128500_20120723,13.251741742066773
S05094810_20120724,14.84353954158244
S05053085_20120724,14.00348322131481
S02094000_20120724,10.889547382147985
S04091400_20120724,13.168710657496757
S04092000_20120724,13.216854160632835
S03059000_20120724,14.798940661788283
S05097900_20120724,16.230665185060747
S03149487_20120725,15.600698229903243
S04009050_20120725,14.596513374427627
S03008483_20120725,15.402664583619977
S05098000_20120725,16.69052334051156
S03018531_20120725,11.20232799926772
S05134600_20120725,15.677052746425641
S02119000_20120725,15.148477195985215
S05139000_20120725,16.32268323708166
S02120000_20120725,14.409841540042322
S05139350_20120725,14.996690175256173
S02076800_20120725,10.307425180492222
S04052800_20120725,10.409960894917742
S05095170_20120725,17.85414234530592
S04052590_20120725,14.899269431832224
S04465003_20120725,13.774561488580623
S05125863_20120725,15.123601731462061
S03137830_20120725,13.196632429460408
S04070215_20120726,15.05534784894048
S05167000_20120726,15.851977179202738
S05095110_20120726,13.909332703091337
S03145985_20120726,14.175976748381668
S03156150_20120726,19.817681963168326
S06094039_20120726,15.071821718236325
S03145290_20120726,14.967497588972984
S03156350_20120726,15.306254500256522
S02094800_20120726,12.394020742014437
S03156580_20120726,13.945576931198747
S03119590_20120726,14.556234510135553
S05125500_20120726,12.084058810692426
S05111000_20120727,19.34849587277871
S03098695_20120727,18.604355086260366
S03096025_20120727,20.26808459968563
S03255650_20120730,13.818157731803385
S02060500_20120730,12.026416681519555
S05201400_20120730,17.360278101359693
S05144500_20120731,15.05035511237979
S02018500_20120731,14.322155171636737
S03266920_20120731,12.832855558315995
S04449005_20120731,13.347317165630237
S04064720_20120731,10.96743009936638
S02013000_20120731,12.956206504318356
S03254920_20120731,12.411398596686563
S06020100_20120801,15.384852787142798
S02011000_20120801,9.044110457841827
S05229125_20120801,11.58514479527389
S05229145_20120801,14.510141955338781
S05231850_20120801,14.27910122368425
S03108890_20120801,14.279474832652792
S04023200_20120801,12.680838709331228
S06018150_20120801,17.368390377838494
S02002000_20120801,15.199721269518282
S05012200_20120802,16.279692738764236
S02107000_20120802,15.19771673621789
S03079850_20120802,13.770873073053426
S03014130_20120802,20.20613310340264
S02054100_20120802,16.178505588312266
S02051000_20120802,16.464701628473023
S03112805_20120802,15.324454464252598
S04099650_20120802,17.430172739211418
S05013100_20120802,15.6479904725193
S04068410_20120802,13.809842487791508
S04031000_20120803,13.563338510127835
S04160160_20120803,14.635970026016736
S02106600_20120803,10.593579933425024
S04433002_20120806,15.651964960737558
S05048000_20120806,17.038865901014336
S04046590_20120807,16.39856620757114
S04043100_20120807,9.495602185376345
S04056000_20120808,13.110639613155152
S05038100_20120809,13.243933352782012
S03171880_20120809,16.09281625825905
S05033400_20120809,16.983431561178726
S06037300_20120809,13.778448083181608
S04015970_20120811,9.51351258633747
S03161695_20120813,14.532994987606116
S03233795_20120813,14.725693181739615
S03159118_20120813,16.09019724287011
S03151910_20120813,14.259920763304269
S03227100_20120813,15.410079462584754
S03233896_20120813,14.571649442393303
S03095400_20120814,15.969622269784232
S03227296_20120814,15.25315450057176
S05089080_20120814,20.535338336531197
S03160360_20120814,14.042237615108956
S05092000_20120814,17.034948031138775
S03151139_20120814,14.27173599649449
S05058935_20120815,15.559107608547741
S06053000_20120815,7.918492187631076
S04041750_20120816,16.632309832330556
S03146715_20120817,15.851309211332055
S06180860_20120817,12.721536288859749
S05173200_20120817,19.630580483366323
S05173450_20120817,19.924431077302216
S04135000_20120820,13.201975645032581
S04160200_20120820,17.311554124524346
S04090400_20120820,14.175029206805082
S04154200_20120820,15.052126269280947
S03168690_20120820,14.526891942691572
S03244000_20120820,13.950015612625874
S03014927_20120821,17.64898483169673
S04108500_20120821,14.322440842138619
S04108285_20120821,14.795667985200804
S04023450_20120822,11.876291373481553
S03190725_20120822,14.198063302918607
S03227623_20120822,16.029978803203942
S04604001_20120823,13.405551912761581
S04054990_20120823,14.287992261790837
S03152000_20120823,15.226402811107636
S04023135_20120823,12.057759708052817
S04137995_20120824,11.131799277936388
S05172350_20120827,20.057546527610306
S03241231_20120827,12.141885005477764
S04051345_20120828,14.930469643311488
S04057750_20120828,12.904873127362926
S06580178_20120829,15.954192389341834
S03235690_20120829,15.224160481518282
S03201650_20120829,15.601492028151032
S03168995_20120829,13.589656867416544
S05226030_20120829,7.165145954148466
S03171770_20120829,14.597926386286764
S03234215_20120830,16.880187201192008
S03134000_20120830,15.029562962217536
S04173000_20120831,15.824343731586804
S03206000_20120831,15.846756578277837
S03014986_20120903,20.270201890335724
S05126000_20120903,12.990850255628313
S05234017_20120903,13.799949707205988
S04178250_20120903,14.927844363144814
S03020591_20120903,14.945622784702028
S04003645_20120904,16.765328293818953
S05120010_20120904,14.87432074309057
S04003900_20120905,18.88251256694489
S03269250_20120905,16.693366143957007
S04039200_20120905,14.579408872577455
S05075650_20120905,19.006897163054855
S04079820_20120906,18.66694465736868
S05149850_20120906,19.321249482830083
S05225340_20120906,16.80251271246811
S05101900_20120906,14.45231129921582
S05211550_20120907,15.383843389427785
S05206500_20120907,19.0473393730232
S05181200_20120908,18.63835672102991
S04094200_20120910,15.53658122422641
S06178011_20120910,15.025461915441976
S05170800_20120910,16.354066259508723
S05180700_20120910,20.26990355539993
S04019700_20120911,6.798329339291685
S05139310_20120912,17.939951068727584
S04139280_20120912,11.06946041774744
S03215470_20120913,15.707650034441585
S04107200_20120913,12.642936780205766
S05221600_20120913,15.295519815954659
S03128837_20120913,15.519613847372781
S03218150_20120913,15.059006114189192
S04108150_20120913,16.38677282810899
S04457000_20120914,14.657874794443128
S06187450_20120914,6.5899004022060215
S03203750_20120917,15.297376468272756
S04097550_20120917,15.2920818459203
S04103480_20120918,18.135059744219916
S04103600_20120918,14.15053114744389
S04067300_20120918,14.743866061472978
S03191700_20120918,15.573239362746317
S05199800_20120919,18.04273119416114
S04456000_20120919,14.982206226194066
S04614000_20120919,15.19458722177041
S04108000_20120919,14.181552435040356
S03041000_20120919,14.619978970805892
S04108685_20120919,12.054715701621433
S04096360_20120920,14.981137237473625
S06131900_20120920,11.437268217525872
S04070290_20120921,15.318199301593143
S04082090_20120924,13.941612421676224
S06179500_20120925,13.237993359401983
S04001940_20120925,15.521476777986994
S04061300_20120925,8.783743031641876
S03178835_20120926,16.129151058759376
S04128230_20120926,14.610288736407815
S06176950_20120926,20.013614199290252
S04057740_20120928,13.800712866860422
S04159900_20121001,14.517851678474646
S04158900_20121001,16.024488940151034
S03177400_20121003,16.318030655092695
S05131200_20121004,18.41015990267507
S04078100_20121005,18.719916417599364
S04002300_20121008,13.860424478203822
S05013900_20121009,13.48501811540066
S04014096_20121009,13.568881486472987
S04428002_20121011,16.927299263578945
S04403004_20121011,10.294957123602941
S06181210_20121012,17.897679092699615
S04016555_20121015,10.936180108768205
S05204000_20121016,18.302593803518963
S04015390_20121016,14.71058594673228
S04027950_20121023,15.663961673199083
S04014050_20121024,13.40810459439103
S04016500_20121025,11.977250514155307
S04002945_20121031,17.789184108314313
S04003010_20121115,19.5123637599218
S04003160_20121115,18.90698440594034
S04060995_20121116,11.144295079797025
S04150970_20130110,11.27527398583015
S06135600_20130219,19.649843658111454
S06135350_20130307,20.980775048788036
S06150795_20130314,20.068182876206055
S03128837_20130425,16.324833709343427
S05024250_20130514,17.328042275800485
S06222390_20130606,12.23301495744857
S04199078_20130611,15.998077203549329
S04194665_20130612,14.488881919096945
S04059200_20130613,11.888907264052289
S06120000_20130614,17.5814791879297
S03013930_20130617,14.903873130519642
S04160300_20130617,14.907816818672082
S06094150_20130617,14.353378818125917
S06580890_20130618,20.380596043294275
S06215790_20130618,19.958009777961085
S06215850_20130618,20.053424619839
S03132054_20130618,16.409291585419325
S06148850_20130618,16.17898075427603
S04143150_20130619,12.416876175225259
S03012310_20130619,16.577611323031007
S04143000_20130619,12.697964571561215
S06168250_20130619,13.488992957350597
S04214295_20130620,13.117102840370269
S03254770_20130621,10.9103394912313
S06180550_20130621,14.556882670330335
S06131550_20130624,15.127356403024507
S06126600_20130624,16.80614568853123
S03032675_20130624,16.38545670189517
S03231740_20130625,15.682336570121876
S04009250_20130625,18.293973890859693
S04465003_20130625,15.09259003609587
S06428800_20130625,17.98864608720423
S04016900_20130625,19.112976684817387
S06008000_20130625,16.16289340023141
S06077000_20130625,19.839414374500173
S04010350_20130625,18.511394993765002
S04060800_20130625,13.08323460839408
S04087300_20130626,15.019066099345938
S04003700_20130626,15.72809715389734
S03109935_20130626,15.235103932866082
S04066730_20130626,16.55459287120454
S06178056_20130626,12.164524492107153
S04066975_20130626,17.90015725958117
S06300005_20130626,16.882759169780112
S03037650_20130626,15.554392883631245
S06106250_20130627,17.500897863208863
S04175100_20130627,14.34577451479599
S04175450_20130627,12.93386164321965
S04040300_20130627,15.157399694966193
S04058250_20130627,13.341731959910566
S06005400_20130627,16.082629165391335
S06217470_20130627,19.483582960681005
S03093900_20130627,17.105202431504377
S04028450_20130627,20.013996436820236
S03094700_20130627,20.012500265148148
S04131300_20130627,12.668647195456717
S04044600_20130628,14.14805042608723
S04130500_20130628,12.994528712725984
S04079480_20130701,16.142838992795475
S04160250_20130701,14.320244197395274
S05053060_20130701,16.418887597388572
S03144325_20130701,14.956885805633256
S04112200_20130701,14.841711549351368
S03053710_20130702,16.520430970881392
S03165200_20130702,18.151795715162503
S05055555_20130702,20.637442438459342
S06455950_20130702,15.267326126494913
S05068475_20130702,18.86828264723895
S05055150_20130702,21.048636377990768
S05057150_20130702,20.460296310063963
S04113100_20130702,14.779478911511806
S04119160_20130702,12.613186904638006
S06580274_20130702,15.550059459216865
S03149104_20130702,15.255914809809841
S05068850_20130702,19.487738936425682
S04636007_20130702,11.558670861031441
S05071300_20130702,17.795100170743428
S05231650_20130703,13.18168182008008
S06455640_20130703,18.738652720361745
S05068369_20130703,20.795052228510833
S05068367_20130703,20.358213296457613
S05125510_20130703,15.544888506108425
S04196655_20130703,15.151390062394496
S03168035_20130704,15.268632851727977
S06456620_20130704,14.938863116962448
S05010850_20130704,13.963209472381983
S04075883_20130704,18.641502574771657
S03138390_20130704,13.952387649927697
S05145440_20130704,20.473917143530894
S05170800_20130704,18.975169158525947
S05064750_20130704,18.916755496853828
S03134000_20130704,14.892351605766228
S03136840_20130705,14.345027011624648
S03189168_20130708,13.380709896134409
S03156350_20130708,11.387246063044252
S05091090_20130708,18.402280104055983
S02115775_20130708,13.649563435524676
S04733000_20130708,11.684820032561387
S06830800_20130709,14.806086027133986
S03024294_20130709,17.75879795722699
S03032731_20130709,18.314636865972478
S05077000_20130709,14.029175279650348
S03066000_20130709,15.165873751386318
S04417004_20130709,15.275492450921755
S04415010_20130709,20.352970300581653
S04415011_20130709,17.567423153242608
S04099550_20130709,11.951694070300825
S05148200_20130709,20.107115142836264
S05075650_20130710,20.3439942009835
S03233740_20130710,17.337294221868795
S04014900_20130710,11.651964999180928
S05111000_20130710,12.566161102865138
S05111360_20130710,17.26327998187835
S02115625_20130710,18.895712833687362
S05064000_20130710,15.047884205803516
S05061950_20130710,20.11909138352991
S04153010_20130710,11.496779375448074
S05148700_20130711,19.33440374935493
S05145750_20130711,14.301516293638077
S06178010_20130711,16.761044167370844
S04097200_20130711,14.70504933025154
S04097050_20130711,15.28027220386815
S04097000_20130711,12.890904836321639
S02072700_20130711,11.40653089633602
S03146890_20130711,11.798284615327171
S06051550_20130711,11.094588428256632
S04117450_20130711,14.800436952130013
S03233700_20130711,14.798305715139891
S05053960_20130711,17.855136803007824
S05054030_20130711,17.57137262934602
S02107900_20130711,20.224531365846865
S03078110_20130711,14.763289904827797
S04074647_20130711,14.370072942257837
S05051120_20130712,15.024447786073619
S06192985_20130713,7.637876783204004
S04106800_20130715,14.52297571245728
S03134800_20130715,14.899516503706536
S05009000_20130715,13.445206037727617
S05007935_20130715,16.56087482846203
S04152500_20130715,12.672444362520187
S05018800_20130716,16.281680502345022
S03154470_20130716,14.019934798027393
S02067000_20130716,11.968101600352107
S05018150_20130716,16.22851466902324
S05018000_20130716,13.427852643906288
S05106760_20130716,15.764364912795838
S05229140_20130716,13.353218409374428
S05105800_20130716,13.107622422144836
S05015000_20130716,15.131282582983895
S05014100_20130716,15.671062274172762
S04196095_20130716,13.218868457341669
S04052520_20130716,9.17535293634582
S05228280_20130717,12.323695711004927
S05114800_20130717,14.791228236267735
S04141295_20130717,13.938095454482486
S03171880_20130717,15.307891484817713
S05010950_20130717,15.232713421763904
S04134890_20130717,14.217450447552945
S04041675_20130717,16.45792510088185
S04672001_20130717,13.533390021107934
S04671001_20130717,13.207955471546239
S04134900_20130717,13.615891191141317
S04051650_20130717,12.546241905476341
S05002500_20130717,12.601000562200522
S05004000_20130717,15.87028224950403
S04052265_20130718,12.112120963706744
S03132000_20130718,15.349844442509333
S04011700_20130718,17.64526077259959
S04012180_20130718,12.772309347397783
S04105680_20130718,14.48210794935899
S03128640_20130718,12.597185268748374
S04068927_20130719,12.422635812669856
S04195420_20130719,18.865765557169073
S04615008_20130719,13.694192437608706
S05080850_20130719,15.140043687100674
S04173200_20130722,17.07862907123242
S04107500_20130722,14.90383523315263
S03242800_20130722,12.819474801023498
S03002310_20130722,16.758118726064968
S06202860_20130722,16.172579102608406
S03194540_20130722,17.815004537829466
S05125910_20130722,13.686467320572449
S03132615_20130722,15.866358621799332
S05125990_20130722,13.710252594011584
S04214495_20130722,11.605677039185554
S06001250_20130722,12.43351158535274
S05125950_20130722,13.268649095851208
S06000980_20130723,14.796444813393572
S02043600_20130723,12.975242248981811
S04108900_20130723,14.08213342541395
S02018000_20130723,11.131686033241824
S04208350_20130723,11.238359502000522
S04132800_20130723,13.561007005385257
S06123500_20130724,16.05392005089522
S04172570_20130724,11.733010324225202
S05120095_20130724,14.931502840344145
S05120013_20130724,16.307699685670336
S06416910_20130724,15.21688728810155
S06001480_20130724,14.298681565591808
S03276988_20130724,14.760906683221236
S04016800_20130724,16.99213615825596
S04161500_20130725,11.038040999348048
S06116620_20130725,19.931059191741838
S03002100_20130725,19.51142801506955
S03276786_20130725,18.04302025937768
S04172060_20130725,11.374840517460237
S04205605_20130726,9.908267601987236
S05131200_20130729,12.025547565747374
S04092500_20130729,12.77208425070356
S03264375_20130729,14.155190280733772
S06404800_20130729,16.92248019115295
S05068030_20130729,17.409575723998028
S03039000_20130730,16.762410430073956
S05021650_20130730,15.318566311706627
S04070500_20130730,14.56401963579685
S04184195_20130730,16.929737142491668
S05022000_20130730,14.263890196088703
S05039200_20130731,15.491843399508927
S04184950_20130731,14.62846331244776
S04059350_20130731,13.074011712819278
S05053000_20130731,19.863231592999817
S03128745_20130731,11.820830560825287
S05119902_20130731,14.35093355106576
S05052000_20130731,18.584771836998407
S05031380_20130801,16.13342247651707
S05087400_20130802,16.288428749842534
S05029960_20130802,19.184994439242114
S05192008_20130805,19.7913637790276
S05097750_20130805,17.208056383094934
S04116400_20130805,11.73577308344912
S04179690_20130806,15.631718695587587
S04086550_20130806,19.782068741885123
S06175540_20130806,18.26277667456121
S04174770_20130806,13.660665723430704
S05125540_20130806,15.911816185528085
S03125000_20130806,12.46640316917857
S04076100_20130806,19.269393611954317
S04067400_20130806,15.880958874608382
S03255920_20130806,9.757059818997444
S03179000_20130807,14.273177333667507
S05027010_20130807,15.005842101421873
S05025835_20130807,12.838937523265132
S04179678_20130807,15.713156410973326
S04130000_20130807,10.784601292071965
S04115525_20130807,15.2501660886159
S03200070_20130807,15.926948569218258
S06300073_20130808,17.659694228612782
S05046700_20130808,13.836474134493718
S06462950_20130808,20.095870946170184
S06173460_20130808,17.618847649855343
S04179350_20130808,17.423735225135946
S05192320_20130808,20.15964552671887
S04073500_20130808,16.397368463913626
S05192315_20130808,19.180221781025093
S05049000_20130809,13.604899529373625
S06177000_20130809,19.729197726852085
S04207000_20130812,10.548224851635307
S04206300_20130812,10.572587511256941
S04211950_20130813,12.007436425423613
S04209995_20130813,14.433975960142298
S06209970_20130813,7.348989232895539
S05197220_20130813,15.303473497984303
S05222980_20130813,20.2564460527986
S05197100_20130814,17.984142947687182
S05207150_20130814,16.944817988806452
S03269000_20130814,12.648179706119983
S06212500_20130815,20.158005518497962
S06159550_20130819,16.673925096247345
S03006272_20130819,19.868455501482234
S06146500_20130819,16.72506694236083
S05228000_20130819,11.306254503180385
S05125860_20130820,16.466434889184438
S04166850_20130820,14.029108653683679
S04092800_20130820,17.837194403839604
S04070350_20130820,14.097364940914261
S05234025_20130820,14.960850710174059
S04051600_20130820,11.97483714338539
S02029160_20130821,19.34786723853111
S04025040_20130821,18.069325754083284
S05230200_20130821,13.860596273510705
S02028000_20130821,18.59860439692629
S04025100_20130821,15.54556978314945
S04000948_20130821,18.00162916649142
S04053800_20130821,14.397524128189485
S02045000_20130821,13.24193428826412
S02045050_20130821,10.516054268171256
S02032000_20130821,14.614078970536983
S03149906_20130822,16.786236716578248
S04148587_20130822,13.200881856001434
S03160000_20130822,17.526744738554715
S03012100_20130822,15.536178159703933
S04055810_20130822,15.524182956560374
S03128270_20130822,19.76200369195363
S03112565_20130822,15.152834003046854
S03012450_20130822,17.877476459938396
S05231900_20130822,15.13078782508791
S02041650_20130822,14.840438558318949
S05165760_20130826,15.473134560545017
S05165000_20130826,15.309978318065127
S03088800_20130826,17.658154125184776
S05134550_20130826,16.745678041404922
S04204000_20130826,9.8118862743172
S03090470_20130826,18.778386203658517
S04168210_20130826,13.397925026791691
S06189500_20130826,15.86238877666468
S05074000_20130826,15.57140656309827
S03086100_20130827,17.202231101929446
S05073100_20130827,5.508216969982117
S05025800_20130827,13.969151914313034
S03095000_20130827,18.767093118739716
S03174795_20130827,14.570139217286163
S03174712_20130827,14.640006819109786
S06190070_20130827,7.902177230486069
S04050000_20130827,8.25790176540781
S04046800_20130827,8.187751367544614
S05175800_20130827,17.60004476254806
S03018675_20130827,18.191142502508733
S03236690_20130828,14.947649847556558
S05140065_20130828,19.079707187451216
S05077700_20130828,14.563243392347491
S03094660_20130828,20.657074121334375
S05096410_20130828,19.617968346907368
S05173400_20130828,18.52549895356222
S05173260_20130828,19.96687076492401
S05102030_20130828,16.462064833515377
S04172578_20130828,14.068852005377195
S04072000_20130829,14.673255382279097
S06580362_20130829,19.853035712354224
S04003645_20130830,15.606123625883656
S04146000_20130902,9.807638972728412
S03056105_20130902,16.500903359936224
S03014130_20130902,19.946245428895793
S06183900_20130902,15.279904192286761
S05150000_20130902,19.714597828959306
S06182460_20130902,18.827537513828037
S03105790_20130903,15.466373037023288
S06035500_20130903,13.702544527787431
S03085730_20130903,14.908019078379377
S03103370_20130904,16.151798546989365
S05078900_20130904,14.581134696027785
S04026950_20130904,18.023763163686006
S06180500_20130904,10.058110212942488
S03041247_20130905,15.465771555909985
S05077950_20130905,14.45860537811034
S05095100_20130905,15.430610754920739
S05095110_20130905,15.104960134441384
S06027000_20130905,15.020024076867038
S03157485_20130910,15.936850826675059
S03149900_20130910,15.571898444426811
S05183970_20130910,20.251442669346375
S04077500_20130910,17.565916374542063
S04089450_20130911,18.014581452784935
S05121000_20130911,12.329909502722835
S05180820_20130911,19.92741641202167
S05180550_20130911,19.705756977440615
S05169000_20130911,19.766951861523527
S05120000_20130912,12.119365188094683
S05129070_20130912,13.52588892893344
S03128190_20130912,17.547063720978525
S04057700_20130917,16.141055199663043
S05199100_20130918,14.11936603369459
S03116600_20130918,14.778279900105343
S05210000_20130918,16.422832836528546
S04402002_20130918,14.231664270477403
S03219000_20130918,13.589093989319538
S05201060_20130919,15.652746135443973
S04027380_20130919,18.961836663611756
S03133670_20130919,15.195104182807118
S05200050_20130919,18.112048407339547
S05200115_20130919,19.883820686601513
S04108800_20130920,14.66003111091684
S05217150_20130921,18.920354530636597
S05068660_20130923,14.059329152656591
S05125500_20130923,13.444520651709968
S05235850_20130924,17.64921870027663
S05091450_20130924,15.140412702823491
S03014907_20130925,18.635893670785876
S05234005_20130927,15.579277222907535
S03182446_20130927,14.571055259097303
S04101700_20130930,16.185148645615723
S04136400_20131004,12.60730570120294
S04096665_20131004,14.81228307302744
S03133040_20131008,11.703819753418415
S03129053_20131008,15.113602483063492
S04401000_20131010,13.046119808038455
S04402000_20131011,14.095911251567735
S04027670_20131017,17.221782291359233
S04082540_20131022,14.525564012404981
S05158700_20131022,10.239632170662205
S05155300_20131023,16.050634382284574
S05155800_20131023,13.192240008908678
S05155230_20131023,14.677199660597442
S05157645_20131024,14.786070049017354
S05163290_20131024,17.052094509972918
S05225080_20131024,17.72718612197584
S05157800_20131024,13.876685422109004
S05163800_20131024,12.364300387108042
S05157680_20131024,9.260294544109048
S05158150_20131025,15.402692877515838
S04003160_20131025,15.73631960518615
S06133560_20140210,20.03444321052635
S06135600_20140210,20.231930243190877
S06150795_20140212,20.363563901191515
S06035450_20140422,14.9883063635832
S03056030_20140507,19.764058597026164
S04076420_20140512,18.35669655583804
S06190111_20140515,19.859178212630717
S03153363_20140516,16.401622509299163
S03133435_20140520,15.109773274599375
S03277420_20140520,13.641800464443236
S06095000_20140521,13.485527264939574
S06168200_20140521,11.487618805613657
S06053000_20140521,12.41631983562424
S04371007_20140522,12.890058468335644
S04167750_20140522,12.617461502452706
S06177500_20140523,18.11529425740453
S06177988_20140523,15.363132566209888
S04111000_20140526,15.586028780545872
S04205500_20140602,15.234737406597667
S04164758_20140602,16.250180514676785
S03113895_20140603,9.741779488336476
S04167815_20140603,15.287085983739246
S05142520_20140604,13.776612406210667
S06001180_20140604,14.963638974017986
S06175000_20140604,16.083140977393082
S04423000_20140604,20.099845500304397
S05144520_20140605,18.116787383742416
S05143990_20140605,17.400714157699102
S06041665_20140605,14.515169863173579
S06179200_20140605,16.63292099921583
S06190700_20140606,13.483820304542292
S04407009_20140609,18.38443002617508
S04026420_20140610,18.49754236029957
S04208350_20140610,11.945216486932555
S04011700_20140610,16.98573233838531
S04215520_20140610,12.807077542953962
S05048210_20140610,16.80734811988429
S04000300_20140610,20.13929980674105
S04150970_20140610,11.464294494209764
S05047720_20140610,14.456380790031318
S04206300_20140611,12.070148218262236
S04153200_20140611,12.666027207639399
S04205620_20140611,12.566124549880602
S04078050_20140611,19.19466629568837
S03117302_20140611,15.654315673449872
S05030700_20140611,16.3214075222047
S05176100_20140611,18.3389554815061
S06456450_20140611,14.805923707230663
S06006220_20140611,15.673901405441029
S06017000_20140611,15.368211376154765
S05046000_20140612,14.947209221810642
S05027010_20140612,14.172410907615063
S04166095_20140612,13.319666159563457
S05060000_20140612,15.148855304831656
S05061100_20140612,13.749012005167298
S04123760_20140612,13.973524757355573
S03117905_20140612,14.704124314139483
S04057200_20140613,14.35328247960624
S05134350_20140616,13.883802293434586
S05042080_20140616,15.138264431713846
S05042050_20140616,17.18838627030818
S05125410_20140616,14.584327611219898
S05055900_20140616,16.688434880576647
S04160260_20140616,13.191764577786737
S05053920_20140616,18.89042482101065
S05053100_20140616,17.985550908787353
S06035690_20140616,13.225104193617977
S04098950_20140616,11.342951676546456
S05191200_20140616,19.52415360415203
S05125255_20140616,16.107570099577245
S05068270_20140617,17.211838909828426
S05068020_20140617,18.66505512724637
S05068367_20140617,20.100994230421342
S05012550_20140617,15.226616126241112
S05042072_20140617,18.582653807846782
S05055940_20140617,16.80360332699176
S05129000_20140617,13.876662211171212
S05044300_20140617,17.309223711868402
S05042085_20140617,15.462210827293315
S06129950_20140617,14.797770905617067
S05055550_20140618,20.168579711411848
S05055150_20140618,20.773891838411547
S05119902_20140618,13.483949811331295
S05068470_20140618,16.525853675479997
S05068420_20140618,19.040707629502755
S05115000_20140618,14.98718575539533
S04021000_20140618,12.073527860006648
S05118710_20140618,15.478038148191597
S05119030_20140618,15.600725637310887
S05055105_20140618,19.68470781492823
S05054600_20140618,15.585305787438578
S05053975_20140618,17.96543037376575
S04194665_20140618,14.930723685370868
S05055000_20140618,19.58631339399713
S06128860_20140618,15.050172669928344
S06580075_20140618,14.88186538583723
S04201185_20140619,13.12446388208508
S05064000_20140619,15.166681576624605
S05114490_20140619,15.168838780030907
S05111620_20140619,14.91413767650633
S04015400_20140619,9.701540222656206
S03085651_20140619,18.96123699768381
S06053500_20140619,12.636214787144402
S05106000_20140619,14.481615426433002
S05066000_20140619,15.614982479334419
S03033038_20140620,17.208024507010844
S03033050_20140620,18.896553534989508
S05077995_20140620,15.130804885999702
S05077970_20140620,14.630024996680797
S05024994_20140623,15.588355558946446
S05072140_20140623,14.536218866615862
S06008000_20140623,17.98708688137088
S03012310_20140623,16.307979502035266
S06161400_20140623,15.295313533851818
S05118900_20140623,15.177208272814717
S04032100_20140623,13.219746789487049
S04039160_20140623,13.94891510789138
S04125450_20140623,12.962726177841109
S04196449_20140624,11.96227555355696
S04022150_20140624,17.22091163245119
S05001600_20140624,18.09016691634101
S04052590_20140624,14.195125025321694
S05000250_20140624,16.397827304888914
S04068970_20140624,12.29751949493033
S05135100_20140624,15.157057778496222
S05117530_20140624,15.875212927814122
S06440370_20140624,18.531419899085403
S05117110_20140624,14.257664015432198
S05111500_20140625,17.31545816352841
S05005950_20140625,14.894381702906252
S04190550_20140625,14.504667423596272
S05107000_20140625,12.632040822093762
S04195790_20140625,17.81008885029786
S05018950_20140625,16.29572871428591
S05111602_20140625,15.415966827586562
S05024300_20140626,17.686385703061703
S05142120_20140626,13.575420646001811
S06464800_20140626,15.635515762457537
S05141780_20140626,14.810485202408424
S05142150_20140626,14.326000506894243
S06464775_20140626,15.477888330929161
S05141800_20140626,14.479658465999023
S05142900_20140627,15.02916086066998
S05192200_20140630,17.028972448930542
S05040100_20140630,19.564976078509286
S05086280_20140630,15.821783337142183
S05039000_20140630,14.360919736861867
S05103000_20140701,18.53698236643582
S06153900_20140701,17.577260767920965
S04122300_20140701,14.993778327916164
S06413240_20140701,18.26014000123412
S04058400_20140701,14.126280723573554
S04058500_20140701,13.235202187666049
S05033520_20140701,16.913351862151025
S05033515_20140701,14.483287861124353
S05031850_20140701,15.61833720693123
S03241170_20140702,17.166177237935415
S04023000_20140702,10.510286269434882
S06003500_20140702,15.305124060533085
S03020650_20140702,15.431609936497136
S06045000_20140702,17.21931781413426
S04068440_20140702,17.28247197153051
S05022100_20140702,17.653332010354227
S05022080_20140702,14.18085001776235
S05021100_20140702,14.999264477263278
S04068550_20140703,10.869732710313537
S05088400_20140703,15.177682972176083
S05081000_20140703,12.169720091438286
S06084360_20140703,20.142106931724754
S05088450_20140703,17.537638462511875
S03156000_20140703,13.682838624186886
S03044170_20140703,15.797134983678966
S05080700_20140704,8.851964319454956
S04022150_20140704,19.429514751656352
S03133000_20140704,14.868407261688661
S06131900_20140704,11.420054574236584
S05011400_20140707,14.765560249853369
S03108647_20140707,15.902767728793542
S06166990_20140707,19.850001487327106
S04208590_20140707,11.638335286570975
S03024245_20140707,18.106658264981256
S04633009_20140708,15.502555128096482
S03003790_20140708,19.112821224093135
S04051900_20140708,15.0042974266877
S05007100_20140708,15.046460602442934
S04212200_20140708,12.206737436635867
S04146600_20140709,12.997092145505212
S04050100_20140709,13.711892898012543
S05015100_20140709,16.01169248449363
S03047445_20140710,16.36526547655502
S03151800_20140710,16.36920862524771
S04150850_20140711,12.726606297875561
S06179490_20140715,19.574033139294514
S05092000_20140715,16.429434263674402
S05153000_20140715,15.835632792806928
S05154450_20140715,11.29953911918542
S05223210_20140715,18.940152948523956
S02051000_20140715,16.7789235822831
S03252500_20140716,12.663732279171793
S04082720_20140716,14.455564798032993
S05151990_20140716,14.715412862740013
S03213185_20140716,15.765473723646917
S05167010_20140716,19.939996403685743
S05168000_20140716,18.521287222940963
S05153945_20140716,13.519102961340245
S06209970_20140716,13.426500427438073
S02056200_20140716,7.595233026800793
S06052435_20140717,10.853630126858484
S05044300_20140717,17.40417775529554
S03033306_20140717,17.359681030366282
S05162520_20140717,13.684334941682646
S02066000_20140717,12.292902026318014
S04606002_20140717,13.869129106517697
S04604004_20140717,14.716774281675374
S05158160_20140717,14.559370596293476
S05158200_20140717,15.936789322654537
S04022050_20140717,13.506791867223344
S02070000_20140717,13.515374383391947
S05173450_20140717,20.041435111487367
S06053940_20140717,13.10717981383389
S05173180_20140717,19.974134480703714
S02064770_20140717,14.11466308507628
S04158990_20140718,15.568601480047658
S04417000_20140718,13.038262958022983
S05197220_20140718,20.086919841053327
S04174770_20140721,14.896872352785326
S04174760_20140721,11.769429930919342
S05173270_20140722,19.719299135585516
S02107900_20140722,20.16605894336674
S05091725_20140722,14.95181396087148
S05149520_20140722,19.994745766780312
S04173100_20140722,16.06200677750843
S03095000_20140722,19.759217484532343
S05180700_20140722,20.06918909078088
S04009350_20140723,13.163762207595585
S04524002_20140723,16.971833450617808
S04009000_20140723,11.860665730587893
S04171450_20140723,14.091866760358734
S03099445_20140723,16.44253358505182
S03007383_20140723,15.570473862872912
S03088255_20140723,19.776356647881354
S05165760_20140724,15.6710863609667
S05165250_20140724,15.061085772616902
S05165000_20140724,15.793422915354771
S05077370_20140724,20.24493722139517
S05148200_20140724,20.12128340805316
S03097552_20140724,15.417650752618032
S05148080_20140724,19.436839791631524
S05096060_20140724,15.919592797986912
S02078000_20140724,14.644445419516678
S03095300_20140724,17.368890965406578
S05077600_20140725,19.695423957483765
S06175500_20140728,18.04093688705999
S03082758_20140728,5.529557654257063
S04114100_20140729,14.672310778671417
S03140400_20140729,15.062807340311071
S05183710_20140729,20.102223269258793
S03190870_20140729,13.526545651812043
S03137570_20140729,12.587614544351865
S05145200_20140730,15.448698710300622
S03235690_20140730,15.363865714166923
S03021000_20140730,15.25489273653178
S06175540_20140730,19.760419320938333
S04600012_20140730,15.188837570688264
S04217400_20140730,19.981694729702525
S03191700_20140731,14.80742942324214
S05234017_20140731,14.448876028873176
S03233980_20140731,15.274095226896687
S04195300_20140731,12.829369931089076
S05230600_20140801,17.473365904331796
S04082390_20140801,14.995139286488449
S04411005_20140804,11.923709895190616
S03032000_20140804,14.84878199702574
S04054000_20140804,14.352827620449826
S04028400_20140805,16.9740966866529
S05099170_20140805,19.185931557085496
S03057720_20140805,12.887968714905996
S03247405_20140805,11.367003440804439
S04019350_20140805,13.331497705235563
S04179500_20140805,17.630329225501807
S04063525_20140806,13.25924204585949
S04061400_20140806,12.055489920610313
S04139100_20140806,13.299861963680414
S03189300_20140806,15.003600670064618
S03118000_20140806,14.124973266275404
S04215500_20140807,12.715453889535976
S04215600_20140807,15.39423918941208
S04146670_20140807,13.573670767533603
S04024515_20140808,14.589568034697164
S03027000_20140811,14.62814069386682
S03000100_20140812,19.730300439032472
S03254870_20140812,11.659123275893126
S03167000_20140812,15.18937457225108
S04107500_20140812,14.702210721462901
S06178010_20140813,15.398084108395128
S06170180_20140813,19.920654010683087
S05229100_20140818,14.01953081140321
S05227240_20140818,12.116704704867884
S05140000_20140818,20.058192244499295
S05229140_20140819,11.56949004247842
S03165020_20140819,15.011992403328644
S05126150_20140819,17.29967271167413
S03079850_20140819,14.12325999310542
S03271820_20140819,16.188147026813247
S04003200_20140819,18.020321236896763
S03163000_20140819,15.041910500181102
S05172900_20140820,20.028868468849872
S05197500_20140820,19.308173125822417
S04077200_20140820,17.719257388996667
S03233795_20140820,15.706819856606437
S03036710_20140820,16.090731815438772
S05151150_20140821,20.080368780566115
S05150900_20140821,20.125467794647996
S03036496_20140821,15.129932425595143
S03174712_20140821,14.697982268934666
S05219900_20140821,12.50718314610807
S04067350_20140821,14.138376807718423
S05151100_20140822,19.86838195440845
S05057150_20140825,20.169369631552023
S05055600_20140825,20.698878023084657
S04109605_20140825,15.050216440472617
S04637001_20140825,13.889347637801192
S04015160_20140826,14.466105176749004
S05096100_20140826,16.571035289292745
S06178500_20140826,14.316792328679433
S05068850_20140826,19.17979291541204
S04015100_20140826,15.075639074727178
S05069350_20140826,20.48026301786348
S04146500_20140826,12.064429169799762
S03138800_20140826,14.36763325759628
S04041675_20140826,13.839997799289018
S05126050_20140827,16.14178716033732
S04016980_20140827,18.181944526201598
S05068760_20140827,16.96660050736073
S05069250_20140827,19.55660566893387
S05068700_20140827,18.038047186221387
S04023520_20140827,14.104692493263414
S06179155_20140828,18.49133972867746
S05097900_20140829,14.770509673709185
S06710010_20140901,19.955894812501406
S04067210_20140902,14.134897292097698
S04457000_20140902,14.943353183818129
S06063450_20140902,19.67324383622418
S05101200_20140902,19.436466893082574
S04134010_20140903,13.617368894466392
S04133550_20140904,14.083537580793697
S04159100_20140904,15.874645345626167
S04102330_20140904,13.704898854501277
S04142300_20140905,11.731916903356918
S04134895_20140905,12.980443748166412
S04134800_20140905,12.782953200836936
S04087700_20140905,15.859263968623733
S04029625_20140908,17.711137439397483
S03171085_20140908,11.771740586166153
S05216140_20140909,18.569091162411866
S04182000_20140909,17.43179333581237
S04153500_20140909,12.97799754365528
S05218630_20140909,19.8257810927772
S04017000_20140910,14.220614922691082
S04119300_20140910,14.623296761641292
S05214000_20140910,17.705120376578712
S06830152_20140910,10.119367006598342
S05209500_20140910,17.802983092055204
S05202000_20140910,19.067935418146124
S04017595_20140911,12.826831649182036
S04184950_20140911,17.13830434316346
S04017620_20140911,15.429538758450441
S03202250_20140911,12.651849993552549
S04416008_20140911,11.645365528337763
S04174660_20140912,11.861562319967785
S04000850_20140912,17.36039814041412
S05204880_20140912,19.944865338253543
S04023135_20140912,12.011136799113476
S05206500_20140912,18.93070650824235
S05211930_20140913,16.534456331939236
S05207030_20140913,19.655216341673643
S05207070_20140913,20.246801109450892
S03006272_20140915,19.579119022206037
S06165190_20140915,20.235093561896953
S05068850_20140915,20.109053773804757
S02118000_20140916,14.994171448689206
S04023140_20140916,13.69105029000604
S04024660_20140916,12.779075962414701
S03225062_20140917,15.495739988209728
S04066700_20140917,15.702305580607035
S03207220_20140918,14.930190102508714
S04132000_20140918,13.45076747027402
S05051500_20140919,15.347235401289982
S06067760_20140922,19.99779138173514
S05229050_20140922,14.699707204326364
S03097690_20140923,16.274091073661182
S04052300_20140923,12.757696505751277
S04052420_20140923,9.052099575597495
S03090010_20140924,15.16156564266435
S02023000_20140924,14.331472388257929
S02076180_20140924,16.227212334409128
S03276025_20140924,14.939915414272718
S06113000_20140925,14.242059415806008
S04072875_20140929,15.076443398553184
S02044000_20140930,14.225737389181548
S02097000_20140930,13.229310705517092
S04143000_20140930,13.457373950114967
S04473014_20140930,14.403130749846692
S02123000_20140930,13.982447868275385
S04103600_20141001,14.22356828371409
S02089000_20141001,13.953091130167392
S04074450_20141001,14.961151548075211
S04052800_20141002,10.90907306132528
S02115200_20141002,10.42797875575781
S02094800_20141003,14.980366368700341
S04087000_20141003,15.315364761522696
S02055500_20141003,11.655585831346714
S03148220_20141006,13.722190624463337
S05224000_20141006,11.451330738490181
S05229200_20141007,11.587873721107119
S03265996_20141008,13.684839409944207
S06212100_20141009,19.77366438438204
S04074000_20141009,14.096583360429047
S05231370_20141010,7.006643999800643
S03250975_20141014,14.184881865141467
S03264000_20141015,14.421053657575131
S03041285_20141016,19.291231333753025
S04423004_20141020,15.79225598721667
S04103910_20141020,15.138162172604071
S04422004_20141021,17.56349617440899
S04027850_20141022,18.033516555980647
S05218250_20141023,15.545982967908486
S04096345_20141027,13.890201886121524
S04088200_20141028,15.140448656769959
S04088500_20141029,13.084740556096872
S04423001_20141029,13.789748184919741
S06178800_20141113,20.494248542359717
S06132900_20150216,19.77323225790695
S06063600_20150219,18.883118580209548
S06188740_20150421,13.225751847863672
S06048480_20150428,11.905087516125253
S06091610_20150512,15.519914122141305
S03277728_20150512,15.265770266205521
S06049010_20150518,14.205845220721276
S03154745_20150519,13.936478234153459
S03142025_20150520,9.979326551323915
S03057720_20150526,15.018569489930782
S04010250_20150526,18.967097221019074
S06196185_20150527,19.640207214686356
S04059200_20150527,14.51013972750828
S04060500_20150528,6.95834382971586
S04217400_20150528,19.633291340375
S04162958_20150528,11.873645661907101
S06198503_20150528,20.44577415892757
S06129000_20150528,13.448074768986285
S04162300_20150528,5.832899363547805
S04009415_20150529,8.574859085430251
S04009440_20150529,9.410933935996322
S06970900_20150601,19.977590114539726
S05052100_20150601,14.6447485588801
S06076420_20150602,20.106466985248446
S04179690_20150602,12.960311036936558
S05030700_20150602,15.228486858078119
S05124940_20150602,14.065332883721778
S04052750_20150602,12.315672355634563
S06085270_20150602,18.340940517028223
S06083580_20150602,17.471878827269013
S04052600_20150602,6.321645123274822
S06580184_20150602,19.961864459716853
S05123950_20150602,12.12601170847141
S03264965_20150603,12.481613174599781
S04023130_20150603,11.481043747363032
S06084770_20150603,20.012271889833272
S04137993_20150603,13.036934547865041
S04023680_20150603,14.668480452926888
S06005695_20150604,14.840473077232875
S06069650_20150604,20.00264674359113
S05047500_20150604,16.339848361891807
S06830246_20150604,15.88476895647893
S04023350_20150605,15.262317087084938
S04199078_20150605,13.832388089542103
S04379000_20150605,12.490158436566647
S05135300_20150608,17.81053894670587
S06001890_20150608,14.52626595044828
S06031200_20150608,15.591514924744542
S05138900_20150608,18.822467749824696
S05138000_20150608,19.08837392933271
S04022210_20150608,17.759331099056688
S05170800_20150608,20.058369337794765
S05025000_20150608,15.472875666601443
S05007300_20150608,15.83517625038915
S04022150_20150608,19.00201397996195
S06464775_20150609,16.228085498415425
S04116400_20150609,14.938956029087782
S05136200_20150609,20.17340833299411
S03113340_20150609,15.752279970370687
S05004230_20150609,16.54942691164494
S05176900_20150609,19.91759612691436
S05006900_20150609,15.282131065868542
S05054600_20150609,15.927175715287976
S06468000_20150609,20.08119578135632
S04030000_20150609,15.54437966176586
S02107890_20150609,19.099008754898087
S06003500_20150609,16.008092580257532
S04041100_20150609,14.53377757538312
S05178200_20150609,16.573376954334936
S06177500_20150609,17.77392393154144
S05139220_20150610,17.247799725217593
S02045350_20150610,13.096344549316465
S06426000_20150610,14.051070463134042
S04015050_20150610,15.332603953442703
S05134300_20150610,15.220488335508588
S06029100_20150610,15.308548542933263
S05020100_20150611,16.45228358748196
S05025680_20150611,13.617694214575396
S04036300_20150611,18.94454023088575
S06180500_20150611,11.980516765139665
S06439900_20150611,15.114379891111229
S03043280_20150615,17.516498034628572
S03025368_20150616,19.767464184452667
S03025440_20150616,14.888152621893635
S03093900_20150616,18.298968079035443
S03025551_20150616,15.823289165890785
S06014970_20150617,17.789283108737333
S04210020_20150617,11.65227744772716
S04210050_20150617,11.782435748398395
S04052265_20150618,10.940294029650886
S03189975_20150618,14.34604636044751
S04052650_20150618,13.829485873061143
S03193520_20150619,15.590897439123268
S05052540_20150622,19.16096396137191
S05127000_20150622,9.784625874620453
S05060400_20150622,18.572615179761375
S04153100_20150622,13.494351182865595
S03004280_20150622,17.50835710484524
S05060900_20150622,18.94311584765187
S05061950_20150622,19.57299990796482
S05061942_20150622,19.213726835001196
S05089090_20150623,18.780855005233096
S06215900_20150623,19.80412990245917
S05055940_20150623,17.191734675439942
S05058600_20150623,19.672632568804243
S05055950_20150623,19.233583874888026
S05056600_20150623,18.850427609251497
S04002530_20150623,10.663219192849716
S06070465_20150623,19.710688285238447
S05044300_20150623,17.848935554122367
S05126150_20150623,15.197679486059489
S03007023_20150623,20.09310831012024
S03008505_20150623,15.501367161564776
S03136000_20150623,14.124510118430269
S05055105_20150624,19.699774107175635
S05118000_20150624,15.014952123445362
S05116100_20150624,16.792875897045377
S05115950_20150624,15.376741025289379
S05112210_20150624,14.239729412207733
S05055555_20150624,20.54557900721114
S05055150_20150624,21.103259496276763
S04154060_20150624,11.984361695378338
S05142150_20150624,12.860122593862068
S05055550_20150624,19.890356717763208
S04022180_20150624,16.912999838866533
S03246300_20150624,18.077494094259478
S03127001_20150624,14.016201389202273
S04003340_20150624,15.618690146703655
S05036500_20150624,14.124564945486746
S03109000_20150624,14.834202052427294
S05184200_20150624,11.402810743750324
S03065050_20150624,12.358180824828702
S03047445_20150624,16.2427054271705
S03134000_20150624,15.156999547130061
S05134250_20150624,14.034154064669638
S03069000_20150624,14.827200052916302
S05051120_20150625,19.137078436653546
S06120560_20150625,19.40660109954858
S06120750_20150625,17.96647636655326
S05074500_20150625,12.853131979761287
S05074000_20150625,14.567559680146164
S03225015_20150625,14.842595522257998
S05118760_20150625,15.153979166785533
S06013100_20150625,15.013036078391082
S03237050_20150625,14.104276916402053
S06175355_20150625,15.919687673557426
S06222410_20150625,14.618731484252898
S04165225_20150625,13.377928880211607
S04068800_20150625,10.086145482700028
S03085945_20150626,16.8922122252114
S06178006_20150626,19.755577754615178
S05120015_20150629,16.258319080618968
S06070100_20150629,17.61746364994203
S06012585_20150629,20.015335186118843
S05011600_20150629,14.617385633481492
S06700020_20150629,17.27862482841306
S03032780_20150630,14.41468960786834
S05077650_20150630,15.829315835623682
S06217910_20150630,19.97595172536032
S06088800_20150630,20.088919324782324
S03129170_20150630,19.69679472443447
S06110900_20150630,20.100002071965523
S05192040_20150630,19.9294888012414
S05075800_20150630,14.239350182004799
S05008000_20150630,14.171088137222085
S04100980_20150701,13.100293783417605
S05108180_20150701,10.075635358243005
S04101400_20150701,13.376464956206183
S03039110_20150701,14.231633939337328
S03039673_20150701,15.899048617205267
S05114400_20150701,14.891485317564442
S05114500_20150701,13.103021483325534
S06181950_20150702,18.76883513481606
S03040791_20150702,15.577683733365557
S03039240_20150702,13.664849106630985
S03039130_20150702,16.53255184466187
S03036332_20150702,15.373203677150986
S03006354_20150702,20.11431656214813
S03102000_20150702,16.74382354382222
S03178319_20150702,14.81697217130916
S03172150_20150702,17.606815176920023
S03104528_20150702,15.412131058332731
S05074600_20150703,15.231279276312382
S03036630_20150703,15.354767134641559
S03034813_20150703,15.244503803076427
S05075250_20150703,16.141157001271694
S03034254_20150703,8.651045479027104
S03032550_20150703,16.30309898653529
S05075700_20150703,14.68454944358276
S03107000_20150706,16.1316618497214
S05084000_20150706,11.864602868565413
S05040100_20150706,20.241715715868022
S05041000_20150706,14.016925677485132
S05042000_20150706,15.015296178170496
S03274000_20150706,12.425057868014052
S03274420_20150707,9.571712192072061
S06041250_20150707,15.377006512686734
S04173100_20150707,15.162379567926099
S05122000_20150707,14.867449140423432
S05120085_20150707,16.171024038382537
S04216000_20150707,10.844320750685178
S04200499_20150707,9.946454888503034
S05226150_20150707,16.696595611447215
S05068020_20150707,18.73287969304208
S05222000_20150707,10.822661546674034
S05067950_20150707,19.35744640791291
S04454018_20150707,12.494510582939657
S05033380_20150707,15.494971544869923
S06013800_20150707,15.533306616084456
S06017000_20150707,6.51440077329732
S05197600_20150708,12.130407532494191
S05021500_20150708,17.0469843857877
S05021700_20150708,14.44632825110094
S05197900_20150708,16.963030069144608
S04201170_20150708,13.317746670545619
S05234000_20150708,13.191167735245639
S04201990_20150708,12.732651121105658
S03180100_20150708,15.236022428394659
S03161881_20150708,15.26099862347451
S03161695_20150708,15.256687450129188
S05068920_20150708,14.219781537992679
S04159150_20150708,15.027441839489878
S04172060_20150708,14.472666975877104
S05068371_20150708,17.62241108344781
S06178043_20150708,15.744058737791615
S05068400_20150708,19.581164796972303
S04046150_20150708,13.598496290336552
S05116050_20150709,15.333269040500483
S05232980_20150709,14.344032758498496
S04089300_20150709,15.41208958180072
S04208395_20150709,11.995647824733531
S05065500_20150709,20.204392127503233
S04090500_20150709,13.849484477682779
S05087000_20150709,14.69734410408897
S06129900_20150710,18.281421256562822
S06176680_20150710,15.432503882535775
S04153200_20150710,11.971734519489061
S04148575_20150710,12.969081597767193
S04215500_20150710,12.497843729395761
S03146715_20150710,15.92306708489918
S05135100_20150713,15.0790830564868
S05135000_20150713,15.847814810314112
S05139390_20150715,15.93066726952131
S03251190_20150715,11.11026331779225
S02020750_20150715,11.949748477184908
S02019950_20150716,14.065417778286044
S03254035_20150716,12.809188611494935
S03108890_20150716,15.481936758214976
S04119220_20150716,15.077021726123679
S05139310_20150716,17.894482739584575
S03031191_20150716,15.54131917654131
S05223130_20150716,12.155972981954474
S04070300_20150716,13.242123185725834
S05133280_20150716,19.61938587557418
S03056024_20150717,15.433773853788836
S06042000_20150717,10.280590688860741
S03105380_20150720,14.739105318096222
S05088450_20150720,16.03137126873415
S05088130_20150720,18.107673102789494
S04115900_20150720,15.110036049214926
S03114395_20150720,14.624340813291848
S06182000_20150720,17.309342208622105
S04108285_20150721,14.748087974766317
S04115760_20150721,15.3390360981791
S03018342_20150721,15.897767517668914
S05172800_20150721,19.531930893571918
S03023000_20150721,15.656158227445253
S05173150_20150721,20.15154224741255
S05173350_20150721,19.779675332061487
S04085180_20150721,15.806627998251468
S03163300_20150721,15.371434291543029
S03105946_20150721,15.11369541560154
S03164330_20150721,16.643941055128398
S03105585_20150721,7.177700730086345
S06174960_20150721,11.138998896556302
S04159250_20150721,19.510382910063505
S03256600_20150721,13.65517087984813
S02048960_20150722,19.573524499046513
S03112875_20150722,15.012827154900663
S03113040_20150722,14.609399913699225
S03168035_20150722,13.050625525916583
S05153980_20150722,15.065713452417178
S05093000_20150722,11.863275077074396
S05180295_20150722,19.858432990679987
S05051000_20150722,12.896745494849732
S04105680_20150722,13.901802295333123
S05180210_20150722,20.219099877676847
S03027549_20150722,8.007613140907809
S04570000_20150722,14.862593322344306
S05181100_20150722,19.891521166065072
S04041710_20150723,17.887048952713634
S03258850_20150723,15.99496998865246
S03115950_20150723,14.829905835949562
S05101600_20150723,15.956702405112143
S05101000_20150723,18.518370748661514
S05181900_20150723,19.88439272885492
S02065090_20150723,16.032726400699843
S05182200_20150723,20.275115405590373
S05176000_20150724,15.312670054501867
S06041700_20150724,11.692612610694205
S03016840_20150727,16.060190757690048
S05098000_20150727,17.96540824155135
S03029798_20150727,15.144908546029686
S03177760_20150727,15.31043763692076
S06175540_20150728,20.031017167078147
S03175000_20150728,15.247260327244216
S06580871_20150728,18.654288939397542
S05096805_20150728,17.33505340255035
S04016650_20150728,15.043159703323228
S05096480_20150729,15.850616067165749
S03212090_20150729,15.791105978255356
S03029500_20150729,15.907694474314216
S03210572_20150730,14.686212031044919
S06179700_20150730,13.299577546689394
S04037300_20150730,14.213750335235405
S04045900_20150730,11.320393941416476
S06830142_20150803,16.677988360963923
S04082340_20150803,14.14465378549763
S06139405_20150803,17.32701931572928
S06139700_20150803,15.264804563465294
S04082375_20150803,14.768156633245228
S06139400_20150803,16.633616114434993
S05236000_20150804,20.051039008697863
S05145410_20150804,19.85173747691888
S04426029_20150804,9.220806858245687
S05234290_20150804,18.3469308406545
S04082800_20150804,13.426756999001839
S06710010_20150804,20.297686558589238
S05235850_20150804,19.184071322631365
S04057700_20150804,11.765026499983348
S04124875_20150804,11.831140730799463
S05152550_20150804,15.124480314746307
S04127970_20150805,14.518969382744004
S06089175_20150805,16.837197625723224
S05236100_20150805,18.68613989955063
S06710110_20150805,18.194060394312064
S05145200_20150805,14.678919531204295
S03213505_20150805,15.562104667591623
S05145750_20150805,15.63760811274825
S05175200_20150806,16.67918648832245
S06068400_20150806,18.50803001933772
S05142520_20150806,15.942623872807282
S05143000_20150806,16.281159811630168
S03213230_20150806,15.252807806816882
S03216130_20150806,14.717876004821987
S04127000_20150806,14.474049955258508
S04077000_20150806,18.5316030875789
S05234028_20150806,19.358717472401107
S03216180_20150806,15.277000674889733
S05234012_20150806,16.702390284279517
S03216150_20150806,17.23521099949587
S05234015_20150806,19.687936538267714
S06455150_20150807,17.79796839741521
S05234287_20150807,13.462022186116563
S06460650_20150810,12.33214112104305
S03002100_20150810,19.967160781119333
S04195680_20150810,15.107765211973195
S03221560_20150810,15.100309535751615
S05191000_20150811,16.49493117294041
S02000010_20150811,12.986988049049126
S04164550_20150811,17.800165894696026
S05158170_20150811,15.143182252446852
S03221860_20150811,16.880627155132075
S04134700_20150812,16.328123708707416
S05157680_20150812,14.449498668392827
S05164000_20150813,16.188297932148835
S05165850_20150813,16.31221830654642
S02094700_20150813,14.851932516450885
S05234004_20150813,15.078343035358028
S06580075_20150813,12.682390728758403
S02058000_20150815,13.830428350116385
S02076800_20150817,12.000066503257157
S02106410_20150818,14.425666319932695
S03071080_20150818,13.845749925208747
S02118300_20150818,14.81891967239084
S02046000_20150818,13.644634350994167
S06081990_20150819,16.069063994451252
S04051400_20150819,17.08658008590242
S05154250_20150819,9.165398727120937
S03109660_20150820,13.332603222960099
S02059800_20150820,14.957238486034601
S05079100_20150820,9.474611155481627
S02106230_20150821,15.008787483790048
S02041230_20150822,14.451148898391553
S05151150_20150824,20.030846127049806
S04074790_20150824,14.412045848277296
S05177600_20150824,19.503267946902163
S05230020_20150825,14.28155139201616
S06205960_20150825,8.895356527018798
S06205955_20150825,17.66707934319828
S06113285_20150825,20.01132739159868
S05151100_20150825,19.95761716253442
S05149520_20150825,19.84421706374465
S05148200_20150825,20.135186146332273
S06173550_20150826,19.775932602030917
S06113320_20150827,19.894593243307696
S06113360_20150827,19.97668733828188
S06113370_20150827,15.410583038105827
S06175345_20150827,19.953430078993915
S05145650_20150827,18.69433720480134
S05145600_20150827,18.12078796543642
S05230600_20150827,16.240600070667476
S06180800_20150828,12.587198760670418
S06179999_20150828,17.389873944300582
S05221600_20150828,13.513896736329148
S05083586_20150831,14.613290673192418
S05150900_20150831,19.890913154165055
S05191200_20150901,18.082818628294387
S04550001_20150902,18.064917367669857
S03149158_20150903,14.910605184015274
S04075882_20150903,18.242632761412104
S06128860_20150904,18.54085020405618
S06079161_20150907,20.057170678171246
S06149500_20150907,18.641886406040488
S03201260_20150907,16.348017110093995
S06079170_20150907,19.85463808519669
S04079820_20150908,15.670975117302813
S05095170_20150908,14.910225000138038
S04110000_20150909,14.713153448251063
S06076442_20150909,19.571670331520664
S06076760_20150909,19.49834016658612
S06710036_20150909,15.296981661470802
S04403005_20150909,16.210754251486883
S03219030_20150910,15.718908145198682
S06126600_20150910,14.209007767849496
S04000850_20150910,16.238809503179084
S04114500_20150910,15.287707314577077
S06131550_20150911,12.622157876021184
S03014000_20150914,13.09267308449284
S03264250_20150914,14.164216581039343
S04067700_20150915,16.53976302906614
S04201550_20150915,10.807048380488617
S04171400_20150915,13.65659571299275
S04092000_20150916,15.957338926867653
S04117450_20150916,15.225048584136236
S04096645_20150916,14.821228572667518
S04085500_20150917,14.567999467833445
S04064000_20150918,11.258961692551111
S04027290_20150921,19.452593058490656
S03219263_20150921,14.864065148369903
S03219420_20150922,15.006727255786497
S04030025_20150922,17.170020942132698
S03222327_20150922,15.486320510752371
S03219550_20150923,13.74436971287891
S04027610_20150923,12.37229157376343
S03182415_20150924,13.121656303958012
S05163290_20150925,14.499978002926479
S04630007_20150928,19.994747298820787
S03024840_20150928,18.701472658535454
S04631005_20150928,14.137193076093336
S05217310_20150928,20.007377669573437
S03027697_20150929,14.482194041286412
S05218450_20150929,20.09201639129084
S05218620_20150929,20.08929501539791
S05218700_20150929,20.258721725900493
S04173130_20150929,13.112146187872717
S03199200_20150929,16.119049491660842
S05216135_20150929,20.21313848650879
S04178750_20150930,14.688413213665989
S03242520_20150930,14.53937787003472
S03056740_20150930,15.56967627132822
S04036500_20151001,8.852682630628625
S05199600_20151001,16.400817767863394
S03073000_20151001,13.811670614101768
S03071550_20151001,13.908867541750887
S05063900_20151002,15.044201958373087
S04135000_20151002,7.442431463032822
S05211650_20151002,19.463366236889627
S05057150_20151007,20.412635609039018
S05068850_20151007,19.151843170769098
S05055600_20151007,20.324631836214333
S05069400_20151008,13.366620430518667
S05069900_20151008,18.226866595491295
S04082000_20151014,18.309714428012175
S04003353_20151016,16.151802889001075
S03233896_20151020,12.239268899044934
S05162624_20151109,14.858662278395538
S06150820_20160420,12.827338345652517
S06820240_20160521,14.91031512975762
S04374005_20160524,14.645217009141824
S03098845_20160524,18.412023488268552
S04143700_20160526,12.128450373895037
S05236950_20160527,18.650887533917484
S06194000_20160531,10.755187248059327
S03264560_20160531,14.479129572130445
S03257800_20160602,9.97404695597515
S06117850_20160606,13.395950139605155
S06580318_20160606,14.27335878355295
S04217100_20160606,15.254186698744759
S06300046_20160606,20.032484949306166
S03270390_20160608,15.720390856693898
S06580300_20160613,20.215947095265193
S03243000_20160614,8.135477166184826
S05170800_20160614,20.137699998870687
S06155975_20160615,20.227888813613905
S05176100_20160615,19.491052843740402
S03247160_20160615,13.026627258354795
S04160070_20160616,15.6432169449921
S03215193_20160617,16.866674475489145
S06190700_20160620,10.59388333868415
S06700070_20160620,19.87263452645246
S04217400_20160621,19.956289693661287
S04377001_20160621,18.99200184831094
S06213400_20160621,16.336418266316194
S06177988_20160621,15.338532954626645
S04034650_20160621,5.155652081455484
S06217465_20160621,18.63424379191408
S05000250_20160621,13.833834883576907
S05001600_20160621,15.600385819972404
S05145410_20160622,19.829412381952626
S05145440_20160622,20.133593934115442
S06700260_20160622,20.150885073299467
S05012700_20160622,19.157883027308117
S06222195_20160622,20.06153171471311
S04010410_20160622,15.268148048753877
S05004230_20160622,15.887624672426263
S04137900_20160622,12.89289312084151
S06820073_20160623,19.984247769437218
S06217000_20160623,19.956885030978416
S06213310_20160623,14.91095828302015
S05020000_20160623,14.98215791279586
S05022450_20160623,16.79072500176156
S06820138_20160623,19.807571911758775
S05020990_20160623,15.739609105427459
S05108100_20160624,15.623363890227118
S05007920_20160624,16.233181368278903
S05013200_20160624,14.657953548992083
S05119030_20160627,15.242007406050817
S05061950_20160627,20.34332802332126
S05120143_20160628,19.708790272125338
S05119105_20160628,16.36638772067891
S05119056_20160628,15.936651146020285
S06579000_20160628,17.560462170550853
S06148850_20160628,15.595353434780545
S05089090_20160628,19.632063077642513
S06960950_20160629,19.882475029921284
S05061240_20160629,16.777358358208776
S06119000_20160629,16.209257990564
S05051500_20160630,15.121556691748825
S04196300_20160630,16.961021383896522
S05133280_20160630,19.501888145653737
S04099400_20160630,13.571437071314374
S06181210_20160630,18.0769855530776
S06178006_20160630,18.852632641357662
S05227000_20160630,13.350039814242308
S06189500_20160630,17.354172570599268
S06129550_20160630,14.809718736832771
S06193500_20160701,9.096695417479118
S05120085_20160701,15.190920855239693
S05019940_20160701,15.097870626010621
S04100980_20160701,13.199793066714882
S04164200_20160704,14.195248025976374
S04126800_20160704,14.019638322531604
S04163465_20160704,14.808878458661486
S05139215_20160704,17.59697258059839
S05148020_20160704,20.107144772471656
S05111530_20160705,15.150427203338861
S06181150_20160705,10.94901118077997
S05061400_20160705,15.937321343112917
S06116620_20160705,20.224470674003456
S05176090_20160705,16.671109582187537
S05061945_20160705,16.552731751949697
S05149520_20160705,20.03703736803908
S03219450_20160705,14.685707495927202
S03223200_20160705,14.736849684151863
S03222327_20160705,15.529290706051647
S05149000_20160705,20.230444366981484
S03222275_20160705,13.228565640485137
S05021900_20160706,14.650469606260476
S03085929_20160706,16.476847226595954
S03222228_20160706,14.090625578009753
S03222135_20160706,14.150612155600673
S06110900_20160706,20.06145064449146
S05176900_20160706,18.218406770503346
S05143200_20160706,20.222379833284936
S05074840_20160706,20.29221052116629
S04136600_20160706,12.261630458118848
S05080960_20160706,15.345882821316888
S05148700_20160706,19.62652962554515
S05091760_20160707,19.422492893164836
S05061950_20160707,19.66127511730482
S04075882_20160707,18.783722879342427
S03013740_20160707,15.46169308124855
S05076600_20160707,16.171353687313687
S05178200_20160707,16.091782605586364
S04338000_20160707,16.66332543370347
S04210020_20160707,12.687483105001444
S03233896_20160707,13.34634349009557
S06176680_20160707,15.629343639280531
S03221860_20160707,15.679571973796556
S04416011_20160707,12.285007662813776
S03223240_20160707,9.706845584028759
S05080742_20160708,15.168974913999183
S05075200_20160708,15.4386858619586
S04215195_20160708,13.084194752659073
S06177956_20160708,10.845958565749404
S04213000_20160708,10.948131990312248
S03056260_20160711,14.251696537192785
S06193660_20160711,13.407205835309288
S06054265_20160711,11.404124417170683
S06464775_20160712,17.595403518418557
S04134890_20160712,13.193002309574549
S04173083_20160712,16.954769487873243
S04133000_20160712,13.540408765677201
S03085730_20160712,14.828692986005727
S04322000_20160712,18.55641051393807
S05128020_20160712,14.194763351735123
S05223210_20160712,16.776028927727495
S05233500_20160712,10.269209083146256
S05234000_20160712,12.427786896652956
S05125780_20160713,18.536364111640285
S03194415_20160713,12.928024697901908
S04636002_20160713,12.359385597385401
S04043100_20160713,13.464292210246434
S05197500_20160715,14.584800937461749
S05197900_20160715,18.217416590480596
S02082330_20160718,14.120716536294797
S02082710_20160718,15.56323401462181
S05022000_20160718,14.33502722322234
S05021500_20160718,17.231577148527254
S05011710_20160718,16.06323927020175
S05167950_20160718,20.15647237729303
S02057350_20160719,14.763752582234225
S02007000_20160719,11.542333601338996
S05024000_20160719,13.864951241505452
S05024180_20160719,13.562256084609363
S02057250_20160719,13.298303903244287
S05172800_20160719,18.304273646220263
S03195417_20160719,10.146492311983549
S02007300_20160719,15.175755286984923
S02000011_20160719,13.74616329985762
S04115580_20160719,14.031411696916997
S02021000_20160719,14.452730628912043
S02054500_20160719,18.262176277043494
S02021700_20160719,15.046897916086671
S02054300_20160719,13.279200836107414
S02054100_20160719,18.034098103473227
S02011000_20160719,13.823049513448282
S04044400_20160719,14.497404243156305
S05077600_20160719,20.20345697233712
S02054000_20160719,18.46040731061805
S05077970_20160719,12.711599607840089
S04074200_20160719,15.051838660272214
S02018500_20160719,12.59803168089341
S04070215_20160719,14.91845596228524
S02010000_20160719,14.749319926655136
S05091520_20160719,16.95764850327101
S06002081_20160719,13.252108248951103
S02054550_20160719,10.313462637465129
S06172930_20160719,20.187375265888846
S02051820_20160720,17.731951410129774
S02051600_20160720,13.976234700407723
S06580601_20160720,13.879452006716756
S02067000_20160720,12.83284269723272
S02051000_20160720,17.152184615433335
S03033306_20160720,18.159952556986756
S02024000_20160720,15.750163873563526
S05005605_20160720,14.083417743329763
S02022000_20160720,14.4533792060179
S04143500_20160720,12.510604244731233
S02001000_20160720,9.804417221868874
S02001025_20160720,16.028597057395235
S02020000_20160720,13.3212868692288
S02019500_20160720,15.98264679094882
S05218850_20160720,13.640681631487201
S02052000_20160720,17.630845186976664
S03051395_20160720,12.495872114893523
S02004000_20160720,14.080370638768953
S05180700_20160720,19.814379871118973
S02005700_20160720,12.014002048779894
S02052500_20160720,19.264928009769314
S05230200_20160720,13.751445037558177
S05068850_20160721,20.08469410129618
S04543001_20160721,14.75712559911815
S06491950_20160721,17.75127918266453
S03197000_20160721,14.077872216247615
S06106935_20160721,19.536655673497634
S02064000_20160721,14.66900315284169
S02064770_20160721,15.629224755333546
S02003200_20160721,7.552056106718081
S02003100_20160721,9.467580741753954
S05014100_20160721,18.835957938469985
S02019000_20160721,15.889321962625623
S02001895_20160721,13.01213396940511
S02063000_20160721,15.663284019105586
S05013700_20160721,15.727522949912498
S02061970_20160721,18.34185158665558
S02018000_20160721,9.843204445256148
S02003800_20160721,13.878919577838246
S02013000_20160721,12.36940509372127
S02061500_20160721,18.70410606365575
S05007900_20160721,15.098653000829742
S05012000_20160721,15.391438744134256
S03033273_20160721,15.89786777137059
S02049500_20160722,15.958780913873646
S05011500_20160722,15.284981962036788
S02003350_20160722,9.067354052974117
S02003400_20160722,5.522431962917452
S02016050_20160722,18.70904612008018
S02009000_20160722,16.87156090878637
S02001750_20160722,15.010062035493661
S03198750_20160722,14.884468115724797
S02049900_20160722,16.44046234843799
S04426012_20160722,15.798054156343197
S02050000_20160722,14.180185528102134
S04108530_20160725,14.084557520038755
S05047000_20160725,13.732312530453159
S05047200_20160725,16.38072166911761
S02115625_20160726,15.92060540501063
S04025040_20160726,19.113478277851073
S02078900_20160726,15.527254847722139
S02085600_20160726,11.89955808425012
S02077200_20160726,15.951607629604814
S02078000_20160726,14.65978365845131
S06044900_20160726,12.592835396022679
S05163860_20160726,12.823903075661455
S05099150_20160726,16.8124551631384
S05099170_20160726,19.27386270363666
S06580640_20160726,13.330787690185469
S05125700_20160726,14.764960363802018
S02085325_20160727,13.379711681211685
S04128050_20160727,8.482028325911246
S04090000_20160727,14.90265545022115
S02060750_20160727,12.40724491046489
S02060500_20160727,13.219392704842976
S04123800_20160727,11.613813490612127
S05125280_20160727,12.255971319012772
S02112000_20160727,15.562781330773646
S02111000_20160727,15.517944625617835
S06494200_20160727,19.773231534034732
S05139000_20160727,19.763977554362892
S03034720_20160727,15.741746511831211
S02076800_20160727,12.700546863683194
S02076180_20160727,12.762155598791708
S02107900_20160727,19.848769807580048
S02107890_20160727,17.150192317946487
S05230020_20160727,14.405836247817229
S03189652_20160727,12.777953910081763
S03189675_20160727,12.576849463449655
S02106900_20160728,14.690889083619089
S02018780_20160728,19.63752520294298
S02106750_20160728,12.106116338048931
S02115675_20160728,14.475376707583301
S02107000_20160728,15.089635341075274
S05093750_20160728,14.902201178634574
S04406006_20160728,16.076222281922075
S02086500_20160728,18.94173537970415
S02089000_20160728,14.32285242099319
S02088000_20160728,12.6732081830537
S02106600_20160729,13.884316422441035
S04139050_20160729,10.845427132419392
S02084000_20160729,13.746525723229338
S02082900_20160729,14.85812030702574
S04131200_20160729,13.952887617304462
S02092000_20160729,11.037171259475027
S02089900_20160729,10.42856602992746
S05093550_20160729,8.416977673657994
S06209945_20160801,15.237634722523811
S05044310_20160801,15.293956473184986
S05044300_20160801,15.643351209614492
S06076420_20160801,19.276104193716968
S05057050_20160801,19.555784752974237
S05056850_20160801,16.594697351123553
S06150795_20160801,20.044400839605434
S04475002_20160802,15.468147233486818
S05222000_20160802,11.907483549230772
S04194500_20160802,16.180304823854257
S05054030_20160802,17.11055922364927
S05054020_20160802,19.48899750177095
S06154000_20160802,13.050734708975522
S04217445_20160802,19.65666107251315
S02004300_20160803,18.986023810936967
S05053060_20160803,15.019120091470299
S05054200_20160803,17.22477404056385
S05054600_20160803,14.36507926514482
S02048960_20160803,19.79697219811994
S02049000_20160803,17.967034066276987
S02048980_20160803,19.593351078228245
S05192063_20160804,17.39295248641485
S05183862_20160804,19.308037914662343
S05053920_20160804,18.96226933089429
S05055000_20160804,18.548139737390045
S04175100_20160805,12.13309425369164
S05086270_20160805,15.190280293795752
S03134790_20160806,16.393463674983675
S03133140_20160808,14.070295714864153
S05106820_20160808,16.942737337056162
S06104000_20160808,11.87059776389345
S05096085_20160809,17.03910371917089
S06581665_20160809,16.47592701801494
S06820164_20160809,20.089286453289578
S04040400_20160809,13.895736290676819
S03132615_20160809,15.02717994149167
S05033510_20160809,15.722544034863667
S06149500_20160809,15.245771612895812
S05137000_20160809,16.668239761940097
S02095600_20160809,13.099622022627477
S05116650_20160809,15.04936089058982
S02057760_20160809,14.890573388933438
S02057600_20160809,14.855398291464322
S02057557_20160809,14.920676321033483
S02057525_20160809,14.52642893631676
S02059500_20160810,13.299314058809331
S02072700_20160810,11.315812940619843
S06147650_20160810,18.473982926179108
S06147840_20160810,19.74765470311348
S05054020_20160810,19.45353999275321
S02095500_20160810,13.159902932946343
S02056200_20160810,6.778395370522199
S02096000_20160810,12.957093229747793
S02057000_20160810,12.710419177331453
S02094979_20160810,19.492251962805557
S02094973_20160810,19.660294193904406
S05099120_20160810,18.460387577208337
S05134550_20160810,18.2486689547548
S02055500_20160810,13.531594851377935
S02055580_20160810,13.526089347476557
S04068990_20160810,13.770846102719553
S02094970_20160810,16.69984412687598
S06580839_20160811,20.113448370098588
S02074000_20160811,12.853789029352466
S02068500_20160811,11.741359009512882
S02070900_20160811,15.645881263948205
S02070250_20160811,9.548623690228688
S02070000_20160811,11.938707297352845
S02069100_20160811,11.320308959210035
S02071050_20160811,12.338283939923329
S02072400_20160811,11.341639221100749
S06540210_20160811,19.258067281433586
S02068800_20160811,10.809709219830902
S04013000_20160811,10.733127542795334
S04172030_20160811,13.392653867636668
S05133100_20160811,18.97226980164834
S02096500_20160811,15.051116489408269
S02096750_20160811,17.478549231042496
S02096900_20160811,13.956730672293629
S02097000_20160811,12.687729422939908
S02098200_20160811,14.229942891407514
S02098800_20160811,13.175361631454926
S02098900_20160811,15.020833504728422
S02099500_20160811,13.063278402966025
S03118300_20160811,14.601960087991783
S02067150_20160811,14.772360796772919
S04096105_20160811,16.785284423625672
S02067400_20160812,15.019474466902153
S05220950_20160812,14.26351896553237
S03194080_20160812,15.051605622730488
S02067600_20160812,11.134618282099721
S02065500_20160812,18.225460344534614
S06172100_20160812,8.809425500036696
S02066000_20160812,13.739524464911224
S06123100_20160812,15.429413215422404
S03209000_20160816,15.28462171275157
S05192014_20160816,16.849477660348114
S04028500_20160816,15.286219094125073
S05069245_20160816,18.98969894594005
S05150900_20160816,20.13761280423575
S02082000_20160816,14.323845595322467
S02104000_20160816,12.840466316535888
S02104400_20160816,14.630442707125765
S02112150_20160817,16.960502067762427
S02056020_20160817,14.745315423595091
S02081000_20160817,12.928186878804837
S02041000_20160817,11.490745441322765
S05069230_20160817,20.2047788313144
S06092000_20160817,17.592447971632144
S02081100_20160817,15.000809137469162
S06139500_20160817,17.921624894191062
S02081300_20160817,13.351202097530912
S02041950_20160817,12.761355444408482
S06078560_20160817,16.18275918569844
S04187500_20160817,17.41919186477195
S02042000_20160817,14.017009041665505
S04187600_20160817,19.444587935872814
S02107845_20160817,15.879796345583433
S03207285_20160817,15.91727523766843
S02060100_20160817,19.968117988881346
S02070750_20160817,13.439688721297426
S05075650_20160817,18.966076827944086
S05055940_20160817,15.644724047044214
S05151150_20160817,19.966694851504833
S02058000_20160817,13.870608394344943
S05151100_20160818,20.053784158380132
S05055950_20160818,15.702069961556784
S03176470_20160818,14.524209099618647
S06076650_20160818,15.751224852642881
S05069310_20160818,18.424976853321454
S04065800_20160818,19.73926961196017
S03207335_20160818,14.648972760276841
S05148200_20160818,20.143990535748387
S02043450_20160818,11.600891318395082
S02043500_20160818,14.236168118768463
S02043600_20160818,13.980236504534343
S05069400_20160819,15.751399211668769
S05234030_20160819,19.552910201945362
S05071300_20160819,18.00890234653172
S03129380_20160819,12.61714895539853
S02042900_20160819,13.892183289528532
S03177889_20160819,15.12558365818498
S02045050_20160822,14.333838612998958
S02030200_20160822,14.25484469752942
S05068655_20160822,19.603624587225863
S03149104_20160822,11.773190138873968
S06135350_20160822,19.121981023652683
S05068485_20160823,20.552499608346388
S02028500_20160823,14.055417451488728
S02038000_20160823,13.610765532109943
S02042500_20160823,13.21797311380555
S03101140_20160823,15.99980028796831
S06070465_20160823,19.66075580683391
S04026420_20160823,19.150590986451768
S02045000_20160823,9.597967439234873
S04173370_20160823,13.138938725005895
S02044000_20160823,13.56890414074795
S02001700_20160823,14.505875526941104
S02026500_20160823,15.127346539653743
S02029160_20160824,16.9858308339344
S05068660_20160824,16.74988031334079
S02028000_20160824,17.469506555086667
S02041650_20160824,14.350273739803699
S02041750_20160824,11.367743275015702
S04190750_20160824,13.620082958682254
S02041575_20160824,13.727610993188543
S02037500_20160824,14.636317683838326
S02107400_20160824,16.802693079022475
S04053800_20160824,14.62574032357189
S05069220_20160824,19.764287058233407
S05068890_20160824,18.768158390879535
S05068850_20160824,19.47432248378339
S04168990_20160824,15.23544038881535
S05057098_20160824,17.826893053303976
S05057150_20160824,19.92921797535484
S02045200_20160824,13.44689631234549
S06063600_20160824,15.614564981655096
S02045350_20160824,13.665005461281362
S02045170_20160824,15.124573522850437
S02045160_20160824,12.841804166190336
S02025700_20160825,19.76073856944694
S02022730_20160825,13.160567823576148
S02023000_20160825,13.749801635514716
S05055150_20160825,20.15396148225923
S05055600_20160825,20.205554754524737
S02025500_20160825,13.232344461760999
S05055550_20160825,19.86795908656428
S04096430_20160825,14.70821282496357
S02043780_20160825,14.694102642144635
S05068640_20160825,17.206001945165134
S02045283_20160825,13.00190172342638
S05069400_20160825,12.442302075168541
S02000010_20160825,14.562620355974271
S02036250_20160825,13.271014931329596
S02001200_20160825,15.415420449813823
S02001715_20160825,15.44782640514665
S02001717_20160825,15.896859921203514
S02032800_20160825,13.8789803405487
S06002013_20160825,16.317332641297636
S03103440_20160825,18.973676774642577
S06177965_20160826,16.936832329041863
S02046000_20160826,13.824163078232647
S02047000_20160826,14.889137088827672
S02022700_20160826,14.345057314399057
S02036000_20160826,12.306817999017277
S02001050_20160826,15.186371282183703
S02001500_20160826,16.973128043331343
S05117430_20160829,15.903739006690184
S05117530_20160829,16.694500314653922
S02001725_20160829,15.774439442046782
S02122200_20160830,20.04933317581282
S05158200_20160830,14.979565446799292
S02116570_20160830,17.208288221547008
S02120400_20160830,11.965763673315791
S02118750_20160830,14.55539172752395
S02029000_20160830,12.031992763388953
S02030500_20160830,12.045086003317465
S02037000_20160830,14.293256400486765
S04053000_20160830,16.510125224250054
S05234280_20160830,16.719254088237047
S02045500_20160830,13.975142392574584
S02115725_20160830,16.593825480115918
S06140010_20160830,20.109483823367526
S02094950_20160830,10.710303308339258
S02115650_20160830,14.448084079031862
S02113000_20160831,14.986174853451566
S03245840_20160831,15.071755187375892
S02114500_20160831,15.87978857343321
S03105918_20160831,14.827082447962841
S02094800_20160831,14.906807126555108
S02094900_20160831,13.01059647094236
S02027000_20160831,14.560857873134736
S02117000_20160831,14.716941294466514
S05163800_20160831,11.373622038581956
S02094500_20160831,14.43933479762984
S02094700_20160831,14.162360101521646
S02093600_20160901,14.701237636147338
S02094000_20160901,15.225821715001658
S05108000_20160901,12.224400222300787
S06175517_20160901,20.168051287209693
S02093100_20160901,13.056567158992785
S04056000_20160901,17.012049618591405
S02105000_20160901,14.292807069025532
S02106430_20160901,15.088055169694982
S05068410_20160901,19.294479041444166
S05031000_20160901,17.299282418511172
S02065280_20160901,15.88105441001034
S02031650_20160901,15.506868434247387
S05154400_20160901,15.617512442835007
S02031400_20160901,14.46007165578974
S02115820_20160901,16.451810479768792
S02115762_20160901,16.41137802804908
S02115750_20160901,14.782632048810996
S05052540_20160901,16.881955577445787
S02065090_20160901,16.346844566199415
S05234025_20160901,15.118842227233303
S05068420_20160901,18.48971884117992
S02106410_20160901,14.880757606486847
S04125400_20160902,11.973531113608022
S02067800_20160902,13.263084142046969
S02082350_20160902,14.67786180825789
S05053010_20160902,18.660279828322288
S02079000_20160902,12.247416530870272
S05167008_20160905,16.307170329279568
S05166900_20160905,14.243164057247146
S05074710_20160906,14.606609713759006
S05199600_20160906,17.597056919225743
S03127001_20160906,13.606698377252304
S03075860_20160907,13.902554164460378
S06003000_20160907,19.998835378008298
S06000998_20160907,12.690853311719788
S06000997_20160907,15.455839699674856
S05111360_20160907,16.928306196022916
S06098000_20160907,14.205587117087505
S06580965_20160908,19.928976890152555
S05199800_20160908,16.84218070973538
S04119750_20160908,14.828194829484811
S05150400_20160908,17.852568025112394
S03122008_20160908,14.02853327883429
S03128935_20160908,14.58796131425532
S04031000_20160908,13.945310650494612
S03011175_20160908,14.22799348985693
S03008267_20160909,16.2093599892395
S05096445_20160912,17.591222433571144
S06212400_20160913,20.725841274530868
S03114000_20160913,12.867930029839886
S05027010_20160913,13.680127357982784
S05217350_20160913,20.171369707566488
S05202150_20160913,12.29092113842973
S05179000_20160913,16.83183563901916
S05035200_20160914,17.554095536906118
S04076100_20160914,20.61345706675126
S05211500_20160914,14.922735849838457
S06580616_20160914,19.109415610156223
S05211550_20160914,16.77117234792745
S05234026_20160914,14.556455796211818
S05221600_20160914,14.790175925020058
S05061229_20160914,13.73272266343128
S03032695_20160915,17.56466799584098
S05207000_20160915,19.7372280314407
S06004995_20160915,15.109576412458015
S06016000_20160916,12.242246037664588
S03022000_20160916,19.781820111655637
S03105946_20160919,15.493703313253647
S03105125_20160919,16.24411240702606
S04074300_20160919,13.676407989436642
S02058990_20160920,18.370606960108883
S04070211_20160920,15.431538658181442
S03112710_20160920,15.35158672965149
S02057520_20160920,14.47617918874458
S05167550_20160920,15.033057591057858
S03105902_20160920,15.991913932512112
S05137090_20160920,19.915685843229227
S02057400_20160920,14.672215366649006
S05137050_20160920,19.59300183624823
S06070800_20160921,15.191162266693187
S05200115_20160921,16.750732353871943
S05203058_20160922,20.024037606381683
S04087700_20160922,17.085691982408804
S05178000_20160923,19.928991516815614
S03115915_20160923,14.862457676370555
S05006200_20160923,15.805184330327233
S03277563_20160923,17.794663637437388
S03219000_20160923,14.486656893262197
S03150000_20160924,14.713647461328442
S03277173_20160924,14.882592997715507
S05063000_20160926,18.821285676899883
S05151975_20160926,14.981012552100378
S06820350_20160926,11.773317584717482
S05061050_20160926,19.342336436696847
S06097000_20160926,9.808171951342851
S06462700_20160927,19.92525918526354
S05058922_20160927,16.731838243031923
S05183930_20160927,18.132055484356986
S05068020_20160927,17.99287507836144
S05153942_20160927,15.130944295223946
S05155300_20160927,17.48295318616099
S05068355_20160927,18.662253877652084
S04124985_20160928,14.162453512149224
S03000456_20160928,16.491994393743823
S06052930_20160928,15.198481870280247
S05144520_20160928,16.87187315445146
S05218700_20160928,20.30450493125916
S06457310_20160928,12.204766053765704
S03153000_20160929,14.709526471499874
S06471450_20160929,11.394973214233346
S06091600_20160930,17.952190812045405
S05181200_20161003,19.225679817181817
S04473009_20161003,15.266243673819734
S05165250_20161003,15.120105008019877
S05114910_20161004,13.568834235962598
S05180900_20161004,16.526576634006748
S05180850_20161005,20.109673708082003
S05180820_20161005,19.913722201209055
S06110110_20161005,14.526083635512176
S05218450_20161006,19.941390628596267
S04422006_20161006,15.771933604067135
S05235850_20161007,19.35282919757799
S05218700_20161007,20.571235228658974
S04003160_20161012,17.6726470181843
S04001940_20161013,14.746231646018213
S04093200_20161014,16.401710270591593
S04068470_20161020,13.921381407048543
S03025368_20161026,19.01031265097207
S06133000_20170222,20.063352748393466
S03118270_20170503,16.092281167785753
S06173563_20170504,19.28525532195041
S06300250_20170516,7.70743057771431
S06189678_20170516,15.325503737908441
S04301000_20170516,13.179465362556833
S06202750_20170517,18.59018957716763
S06202860_20170517,13.602759085600727
S06150820_20170518,12.75483531976776
S03115860_20170529,14.386220407703862
S05220190_20170531,15.207393406606862
S06147130_20170531,18.98323570865285
S03096332_20170531,15.641995970833811
S06195000_20170531,12.69601663587509
S03194415_20170601,13.696176942135699
S06580498_20170601,20.189453140984046
S04325000_20170601,13.060022477330389
S05083587_20170602,14.9301819702885
S06107980_20170605,19.81076097356005
S04046621_20170607,18.995922498032584
S05002500_20170607,15.214533612542162
S04072840_20170607,15.288282757573226
S05019000_20170608,13.250564272018458
S05018950_20170608,17.65604911265549
S04472007_20170608,14.459470571912238
S04602011_20170608,14.429946675059298
S05013900_20170609,15.702913877774215
S06106250_20170609,16.118049775922284
S05007920_20170610,16.44642623289548
S04405002_20170612,17.49083131707799
S05157820_20170612,15.803447577044949
S05227260_20170612,20.225958617301437
S05111610_20170613,15.603549064154379
S05106430_20170613,15.067265525408894
S05111550_20170613,15.757484426381087
S05114400_20170613,14.57260213067368
S05142200_20170613,14.189671602610884
S05025835_20170613,13.11893879996821
S05120005_20170613,11.107936221582607
S05129074_20170613,16.03468215916
S05074700_20170614,15.40386854565832
S04601001_20170614,19.672767845648192
S05119065_20170614,6.6457676475345995
S05120015_20170614,14.175912838580835
S05226150_20170614,14.564791845695051
S05125960_20170615,8.40699440361181
S05126040_20170615,14.625332425059998
S05148180_20170615,19.895134721967747
S05148080_20170615,19.92030765404786
S03052094_20170616,16.9932443093212
S05148020_20170616,19.299284097480438
S05120091_20170616,18.499328193866443
S05124270_20170616,14.72007559560703
S06098700_20170619,8.735678280181872
S05125300_20170619,14.617605312911332
S04030020_20170619,16.03724615866915
S05061240_20170619,19.471641453496854
S06463600_20170620,20.603112265712586
S05077700_20170620,14.888306078825536
S03119560_20170620,13.628645081420133
S05060920_20170620,19.06821843513924
S05127400_20170620,15.351475216373345
S03096706_20170620,19.063453734405748
S05128020_20170620,16.12441450168112
S05125280_20170620,13.027169968911107
S04012050_20170621,13.30621915239555
S05052000_20170621,16.638674554265478
S03226488_20170621,15.70488466350838
S03077596_20170621,14.625445276546396
S06217000_20170621,18.09205956467349
S05125235_20170621,17.676740567998074
S04123300_20170621,10.444361485753564
S06216800_20170621,19.992642519223356
S03036030_20170622,16.65119407937708
S03035570_20170622,15.882857305365075
S06179000_20170622,14.266360739162991
S03055369_20170622,15.91514012210061
S04500004_20170622,15.04618873354927
S06580812_20170622,17.308449432207727
S04102070_20170622,15.451906081131732
S04010130_20170622,12.426818710175969
S03109935_20170622,15.068711921320217
S06219590_20170622,19.84095608197774
S06215850_20170622,20.163782972803933
S04134920_20170623,14.227829265001024
S03113280_20170623,15.296604976270833
S05191100_20170623,20.110524010111984
S06840540_20170626,14.652878378821052
S03239010_20170626,10.956360161866183
S05021650_20170626,14.443358668887841
S03006354_20170627,19.71220952257634
S03000890_20170627,20.09204092089761
S04339003_20170627,14.996334186646667
S04043200_20170627,5.377301619542495
S03006271_20170627,18.695683862106904
S05219170_20170627,15.297787631421166
S03000033_20170627,19.90392079689051
S05022440_20170627,16.13944754587022
S03186682_20170627,19.30202790977006
S06215000_20170628,17.30317842832266
S05013100_20170628,15.397721916089244
S05004500_20170628,15.27451412332601
S05005950_20170628,14.96980049876567
S06035325_20170628,12.720297005322017
S04524000_20170629,15.043427869678228
S06440370_20170630,15.240937942314687
S02005700_20170703,16.756479799077027
S02000010_20170703,15.790690682848648
S03082805_20170703,8.779669861850376
S02003397_20170703,15.48531704213963
S04068483_20170703,19.675417952882864
S02001150_20170704,16.058207874296237
S06172930_20170704,20.036607901424276
S06212100_20170704,20.039872633264984
S02016050_20170704,17.32496371803407
S03163300_20170704,15.375783739586925
S04201000_20170705,14.052034092442828
S04201170_20170705,14.66327220944718
S03025368_20170705,18.44595282844536
S03033306_20170705,19.29857758022134
S03034465_20170705,12.537036734817574
S03034720_20170705,14.256989384652131
S02022800_20170705,6.914853680883532
S03133690_20170705,14.878270249344398
S03162240_20170705,15.460202934181122
S03134730_20170705,15.211265877776384
S06710010_20170706,19.55524772336706
S02026250_20170706,16.32022756509703
S03168230_20170706,14.548499579869443
S02025500_20170706,13.586127707142287
S03178660_20170706,16.27749145720631
S05120094_20170706,15.965062612934908
S05120093_20170706,15.633305584039771
S06106670_20170707,15.603787832745653
S02035000_20170707,5.482833589340544
S03269438_20170707,10.13227261630677
S04364001_20170707,18.67411237607275
S03262780_20170710,14.197518578896581
S04130500_20170711,13.174313934577405
S04128050_20170711,14.953325758921364
S05110000_20170711,14.719596403390799
S04023680_20170711,13.162838521924709
S05234013_20170712,15.906387892138941
S05134375_20170712,12.64019367737732
S06173650_20170712,15.700969488108083
S03251190_20170713,7.831979461948375
S04412010_20170713,15.09421257131962
S05075250_20170713,15.717321313511324
S04015000_20170717,6.509723013312387
S05007900_20170717,15.837350640811344
S05143000_20170717,16.00649386773562
S05058938_20170717,16.343613749820843
S02082160_20170717,14.669258994115655
S05091063_20170717,14.660695609762328
S05116600_20170718,15.22542265965495
S05117000_20170718,12.217354813723496
S04059000_20170718,14.215497580588114
S05117110_20170718,12.590524024473075
S06114295_20170718,18.532927828219297
S02081300_20170718,11.794768651956272
S02096950_20170718,13.61874478648168
S04604000_20170718,14.25356334204016
S05111620_20170719,14.596626679559181
S04104200_20170719,14.697098610480074
S04504000_20170719,15.62118561832241
S03001000_20170719,17.315275513603183
S05134300_20170719,14.163079752922968
S02102000_20170719,8.327093894252826
S05134260_20170719,15.079237493481859
S04023700_20170719,9.606352047407366
S05033505_20170719,15.621272602910217
S04082930_20170719,14.785977711629961
S02096500_20170719,14.312675900258126
S02098800_20170719,6.883637991307214
S05055550_20170719,20.308725763892078
S03035840_20170720,16.933863061362118
S05111608_20170720,14.115988981257
S05183860_20170720,19.77580537096123
S03029530_20170720,14.56953877134021
S05157800_20170720,15.613835604070369
S03017000_20170720,19.57855247352921
S05111602_20170720,12.884263412791945
S04115200_20170720,13.149468749352398
S03207235_20170720,12.730145468383817
S03176470_20170720,15.456250531451797
S05157650_20170720,13.962023315941861
S03207710_20170721,15.492332906141204
S03225030_20170721,16.659769371239666
S04152000_20170724,8.513269443961569
S02082878_20170724,14.964618831374741
S05232220_20170725,14.77022416376798
S05118990_20170725,15.878683518658411
S06193660_20170725,14.390824682071383
S04217100_20170725,16.096817081245838
S03215000_20170725,15.187259643448382
S05232290_20170725,14.001369093652766
S05104325_20170725,17.240079038671137
S02090000_20170725,11.757806304508286
S04199078_20170725,12.758918689325963
S04133000_20170725,10.532336865946366
S02085600_20170726,13.082217131425065
S04133600_20170726,13.864365665100802
S03085855_20170726,13.062687143936245
S06182050_20170726,15.784295768233005
S05106330_20170727,13.381008138057243
S02076195_20170727,14.93088872679424
S04146000_20170801,9.922127577813901
S03076443_20170801,13.65199575393753
S06152700_20170801,20.193339681634136
S03272685_20170801,14.899248337216104
S05234290_20170801,19.03697284132619
S03272060_20170801,13.430548273117648
S05173420_20170802,19.842399424236508
S03271615_20170802,12.352870368228498
S04026500_20170802,20.111163005020547
S03271565_20170802,11.320416353489243
S05234082_20170802,17.29947007711802
S03076002_20170802,15.038217569139912
S03071080_20170802,14.733551982568118
S04476000_20170802,16.179369278295443
S03190895_20170803,15.394606506548506
S06100970_20170803,15.70336384897367
S04041675_20170803,14.994332645269132
S03144735_20170804,14.910102695439729
S03189000_20170804,13.565627256594023
S03153139_20170804,14.22856667557894
S05086270_20170804,15.644921668204887
S03128907_20170805,14.398676065432376
S06850166_20170807,16.406897397078147
S03050000_20170807,15.66510589393761
S06580819_20170807,15.827170577621981
S02057453_20170807,14.770283648450082
S02003610_20170807,13.922977185100175
S04500006_20170807,18.09439427603575
S05192018_20170807,19.838627919307836
S02057000_20170808,13.717312807824165
S05108200_20170808,13.066431498117677
S05218850_20170808,13.12794319580388
S02068500_20170808,12.900018884100541
S05042930_20170808,14.728452657690932
S05044232_20170809,15.239307001165248
S03161695_20170809,15.49461638584192
S03161540_20170809,15.368581886297708
S05111360_20170809,19.048298238778806
S05068020_20170809,18.908512700612977
S04067400_20170810,15.832528217921125
S05159468_20170810,8.67417403780091
S02052500_20170810,17.750004785214205
S04196449_20170810,11.723749062763371
S05111100_20170810,17.507597773800832
S02061500_20170810,16.26701178457644
S04134000_20170811,13.86367973491962
S02100603_20170811,13.102333925900925
S03128837_20170811,15.197939227899735
S03129020_20170811,15.12372820853296
S03125000_20170815,12.83258779095259
S03105946_20170816,15.330841466140182
S05220000_20170816,13.476051290889707
S05149600_20170816,19.43686471141199
S02036250_20170816,14.452743653829419
S04070211_20170817,15.298064066335705
S05151200_20170817,19.588357669982056
S05150000_20170817,20.12765398542774
S02045283_20170817,13.835821166944061
S03277600_20170817,14.501118236794593
S05219000_20170817,13.431922402227611
S02042000_20170818,12.508942762637899
S02041500_20170818,13.161681048045384
S02003617_20170818,11.256801649634887
S02117575_20170821,14.355327984495629
S04422000_20170821,15.264109856450935
S06407150_20170822,16.32611245528154
S04178000_20170822,9.010923453006509
S04615011_20170822,14.966804807175526
S05068480_20170822,13.014740737789033
S06178035_20170822,18.954744149854193
S05135300_20170822,14.282851842362126
S02123300_20170822,15.343815282953708
S05214310_20170822,13.745289103237521
S05049860_20170822,19.32949148591104
S05214320_20170823,9.969511024237963
S04108285_20170823,14.236532861003845
S02112170_20170823,15.91786674342757
S05218460_20170823,18.957670505436578
S03128935_20170823,13.404090257139949
S04000600_20170824,18.76610016514596
S05217800_20170824,19.892227368220404
S05233500_20170824,6.660201403055444
S02115685_20170824,14.72434302737275
S02115725_20170824,15.305488950374732
S05052540_20170824,18.49434083437293
S04027810_20170825,17.048069259942405
S05232000_20170825,12.512122757891945
S05167450_20170828,15.969200659347653
S05167020_20170828,20.11432851877467
S04208395_20170828,13.586051051015613
S05069975_20170829,17.690266728841188
S03098000_20170829,17.11399927594149
S04545004_20170829,15.02367530713266
S03096650_20170829,15.858874357456845
S05166850_20170829,14.618505103630657
S05069970_20170829,19.438454122441186
S04175100_20170829,8.277887066631754
S04630002_20170830,13.816372056572547
S05068660_20170830,15.604747255698467
S03112710_20170830,15.381278694304601
S03103370_20170830,20.177813334330455
S05225100_20170830,13.70252801704504
S05207050_20170830,19.057213951285416
S04632011_20170831,11.5654939293788
S03155600_20170831,15.636890343857921
S05069310_20170831,18.891473846642853
S04050000_20170901,17.111442233764578
S03144675_20170901,16.803861246848133
S05093000_20170904,14.302035929635998
S05092975_20170904,14.305950213106449
S06031400_20170904,19.99634802002932
S05131000_20170904,11.216696749981189
S06175600_20170904,18.930677590716535
S05163000_20170905,11.763127569826406
S06300300_20170906,13.556140372110322
S05155230_20170906,14.429157292840383
S03266920_20170906,12.693389270185536
S06003500_20170906,14.77069980727734
S05095150_20170907,15.210240708271439
S06114850_20170907,18.88580359126157
S05057150_20170907,19.807305109767455
S06026000_20170907,13.766499794866057
S04684000_20170907,6.377560160228082
S04137025_20170908,11.251706411110378
S06021500_20170908,16.101326313320996
S04002010_20170912,8.460215391306027
S05096030_20170912,16.95241193003632
S03173273_20170912,15.925278198277038
S05076050_20170912,15.967353873737459
S05083586_20170912,15.511027769044297
S06010000_20170912,14.314786657560592
S06439900_20170912,14.08092482183748
S04002800_20170913,10.207773119381768
S05102000_20170913,16.539044842197782
S05100000_20170913,14.236330845765966
S06004995_20170913,14.692235504020182
S06049010_20170913,13.481799199265716
S05068369_20170914,17.29959179702433
S05068368_20170914,20.119295953689104
S04145000_20170914,12.92512294536304
S04206000_20170918,9.814791840548807
S05159260_20170919,14.660848075593343
S05096810_20170919,20.057921532486034
S04040355_20170919,14.144255096654813
S04023000_20170919,12.10007859516997
S04003900_20170919,17.24619566874502
S04074350_20170920,14.924056659641618
S03203472_20170921,15.761226010322101
S03184850_20170921,11.155709948770607
S04027430_20170921,13.387248929172257
S04027360_20170921,15.418040922895527
S05068920_20170925,15.88641532481245
S05054190_20170925,15.638942100405677
S05056850_20170925,16.19040069748433
S05145687_20170925,15.38803469966016
S04103480_20170926,17.9518479364615
S04433002_20170926,17.163882541765332
S03193000_20170926,15.584698216634877
S03149900_20170927,14.774739330720855
S03073000_20170927,14.62743587939705
S03157485_20170927,14.542135838985711
S03149077_20170927,15.181438542693586
S05201060_20170927,16.665426776937334
S05042080_20170927,13.744955370393626
S03051590_20170928,14.602161619507111
S05053910_20170928,17.2914684877586
S05183600_20170928,20.18253186996592
S05063985_20170928,14.28792867946198
S05199700_20170928,18.155158494106452
S05096360_20170928,15.536621726229662
S03144945_20170929,15.809686152204318
S05199450_20171002,14.727865495483616
S05226102_20171002,16.612656543631132
S05092000_20171002,13.908608089933649
S05221600_20171003,15.121483789371872
S04003500_20171003,18.046470618172165
S04195400_20171003,17.45840178514477
S05061050_20171004,19.18235131435615
S05201000_20171004,14.371770826221157
S05058935_20171004,14.733106879152777
S04062000_20171004,11.480704518023888
S05200190_20171005,14.350227283197643
S05060000_20171006,15.0635974185579
S05203060_20171010,19.547369527710096
S04053400_20171010,15.29376296566703
S05216130_20171010,15.292129867197037
S05216140_20171010,19.708060891643875
S03152000_20171011,15.699294197120995
S04205605_20171012,12.596176650996593
S04163050_20171012,16.006412486726962
S04212390_20171012,14.145553643910418
S04091400_20171013,13.742899848258462
S05216210_20171013,14.22801906255469
S03152830_20171018,12.993172964479816
S03174000_20171019,12.535079819450342
S03151300_20171019,15.35160486313621
S03142520_20171019,14.646746264963818
S05056000_20171020,17.611887122204507
S05238500_20171102,17.950619771086867
S06175400_20171207,20.126120546259028
S03113040_20180404,15.618731335816957
S06067802_20180425,19.978972785968658
S06035450_20180426,11.671719596899333
S06076720_20180504,19.86903309167296
S03015000_20180514,18.513900142604616
S04371000_20180516,17.8680781498039
S02020000_20180517,10.024402927688156
S06063600_20180522,19.54600340624258
S04475000_20180522,12.38639802019059
S04392001_20180523,8.585808730215827
S04441005_20180524,15.153887212694087
S03078110_20180524,14.334779469910696
S04199370_20180524,20.521223821947103
S04212390_20180524,12.882347857736555
S05014195_20180528,17.864440565412583
S05170750_20180529,18.666059065605953
S05025835_20180604,13.271852035342336
S05029820_20180605,19.347770683002214
S05058105_20180611,18.24947956597998
S05184900_20180618,14.45839681292492
S05031350_20180619,15.852555237074224
S06216100_20180620,19.39176137483865
S05163860_20180620,16.385400575377542
S03202250_20180621,14.409827902416655
S05075700_20180621,15.353917922488115
S06035500_20180621,16.72813785320037
S03178660_20180621,9.40903792651805
S05048010_20180621,16.292217842940314
S05085545_20180622,15.894231842854975
S05033400_20180622,14.866763696611654
S06190045_20180622,15.162553721047262
S04044800_20180625,13.5022521838799
S05148020_20180625,20.08611163325847
S06177949_20180626,13.471256916756076
S06850166_20180626,17.301160361168854
S03231740_20180627,10.2278519170287
S04096430_20180627,14.934862815302278
S06003550_20180627,14.649945223812804
S05116055_20180628,14.676977608380628
S03115986_20180628,10.95981034788882
S06048480_20180628,14.17325170387955
S06471450_20180628,14.7241688315929
S03104543_20180628,15.40262864062703
S04187525_20180628,17.19121894355998
S05022285_20180628,17.36876962811886
S06178056_20180628,13.963104552858715
S04014500_20180628,15.169164693534139
S05078910_20180628,14.992308776521357
S06426000_20180629,17.83213789380999
S06027000_20180629,15.256436078091857
S04456002_20180629,18.854642784247847
S05028110_20180629,13.143393514101389
S06179615_20180702,19.479551138194104
S05013175_20180702,13.865867590073416
S05085000_20180702,15.926239127002995
S05025055_20180702,13.20239478477798
S05234007_20180703,14.738690686430576
S04165800_20180703,14.519740659284578
S06117220_20180703,20.02053868086584
S04137993_20180703,12.998088300719104
S06107980_20180703,20.08271777490447
S04462000_20180703,13.108007358241096
S05000250_20180703,14.198935962789621
S03109805_20180703,10.105810586323443
S05080725_20180703,15.301566329462839
S03071017_20180704,13.434113448756445
S06190020_20180704,13.356004286766023
S04440002_20180704,14.637805179976613
S03273800_20180704,13.77231844363919
S05085950_20180704,20.009547582984865
S06580890_20180704,17.211769912138102
S06110900_20180704,20.20604064152359
S06106100_20180704,14.607772782291821
S04521000_20180704,17.390210136375135
S05234013_20180704,13.951708228014807
S05097650_20180704,18.424428386915785
S06014955_20180704,15.476672767571955
S04097200_20180704,9.124643364836974
S06101000_20180705,16.670974200704165
S06594800_20180705,16.615082821645018
S05057150_20180705,20.085274532191864
S05097760_20180705,15.450998661559412
S04604004_20180705,15.362532497547079
S05015300_20180706,13.387607711503222
S05029800_20180709,13.034732674546618
S05011500_20180709,15.551354501473732
S05036500_20180709,13.250173394616846
S05030000_20180709,12.813194088757701
S05134430_20180709,16.20537909448116
S05031050_20180710,15.839738304245657
S03006271_20180710,19.422619788555654
S04057800_20180710,12.474669390589451
S03002100_20180710,20.13480525457806
S05020100_20180710,14.69130095979892
S05021500_20180710,17.187283933905107
S04524000_20180710,15.683269397867694
S05013150_20180710,16.186395412705274
S05011725_20180710,14.687736597030312
S05023050_20180711,15.644003679971895
S04083000_20180711,16.456299389829162
S05023960_20180711,16.867034623615133
S04089300_20180711,13.771724735878841
S05005610_20180711,11.019553842673982
S03076220_20180711,12.535392580168967
S05080960_20180711,15.196971195156731
S05061100_20180711,14.996789441839333
S04022050_20180712,12.33871950017911
S05022705_20180712,17.39401351886589
S04601001_20180712,19.8100011665296
S05061300_20180712,14.686028180564588
S06580341_20180712,15.9662231418965
S04178650_20180712,19.02086037898497
S05226030_20180712,10.433843276065966
S05012550_20180712,18.602484109872425
S05033300_20180712,16.577579258427708
S03050000_20180712,14.637946626973843
S04113720_20180712,14.578472060057685
S06193250_20180713,13.478804839677103
S05082000_20180713,7.829851577042106
S02001750_20180716,15.577189649822923
S05046800_20180716,13.166151119944605
S04178750_20180716,14.967935994719745
S05120005_20180716,14.272822222436576
S03226720_20180717,15.392509018947006
S03013677_20180717,15.438168803085281
S02003620_20180717,13.100328636193684
S03155600_20180717,14.6026488912003
S05047720_20180717,15.320378820123224
S06580789_20180717,15.897973716203044
S04196095_20180717,18.055473663768844
S04195950_20180717,15.448544807582469
S04074290_20180717,15.21017006419441
S04426073_20180717,15.409288611550412
S03021000_20180717,15.921503164570812
S04050000_20180717,15.466650981796985
S03079850_20180717,12.971610754687575
S05080850_20180717,14.07426522203539
S03227010_20180717,15.28494974192876
S03240100_20180717,15.518536887541323
S02001915_20180717,7.882006710014166
S03227495_20180717,16.723981072755137
S03234215_20180717,15.46380604204668
S03241957_20180717,13.283844470848315
S05048000_20180718,16.083598207779175
S05125200_20180718,10.606273278120108
S05125000_20180718,15.90325026075605
S04075887_20180718,19.823066919315117
S05228280_20180718,14.028187980861546
S05005950_20180718,15.061001823429248
S02052500_20180718,18.093478005054788
S02106410_20180718,14.490506988176024
S03051580_20180718,15.1039019501663
S04081300_20180718,17.050703750248456
S04734002_20180718,14.504139341819354
S06162350_20180718,15.999796097087327
S06960950_20180719,20.05304957395659
S05126100_20180719,15.925888724730102
S04201170_20180719,9.84555302429207
S06710039_20180719,20.026172642969
S03051250_20180719,9.90828362491071
S03112000_20180719,14.256705316325458
S04196950_20180719,12.381147984710895
S03170100_20180719,5.008707310691323
S03078385_20180719,15.024226400819543
S02115725_20180719,16.936466913228454
S05122950_20180719,15.286678663911992
S04712000_20180719,10.065933243847617
S04733000_20180720,11.67331181117935
S05077900_20180720,15.596141161636897
S06494595_20180720,17.19016878226437
S05038000_20180720,14.415780220157618
S05120085_20180720,15.403091793051598
S03155290_20180720,14.81649924300954
S05228100_20180720,10.221802818203958
S05157622_20180723,19.5178326663161
S04051400_20180723,14.696757783240516
S05125230_20180723,17.137645679170898
S03105285_20180723,17.936983525409396
S02106850_20180724,14.363067733611189
S03119560_20180724,14.249547821129449
S05099170_20180724,19.933517218488618
S04630011_20180724,12.772495122604766
S02066000_20180724,13.084320587573803
S02068790_20180724,14.220946998465127
S04162958_20180724,13.128050293817317
S03105455_20180724,14.886320127766565
S03215193_20180724,16.75525758684732
S05068995_20180725,18.83915374081982
S02051500_20180725,13.176741632659407
S05032100_20180725,16.01487503997734
S04583011_20180725,11.599529099786077
S04301001_20180725,11.212083570513386
S03119670_20180725,15.155363189008987
S03114350_20180725,16.659659100544687
S04023130_20180726,8.659899188674098
S03214240_20180726,16.411048188177904
S05033515_20180726,15.408400141350267
S03144945_20180726,18.323759301577844
S02107000_20180726,15.663738616516904
S02025125_20180726,16.965978448407007
S06040740_20180726,15.030553128913894
S02051000_20180726,18.9660929200965
S02020750_20180726,9.676130155502554
S04210800_20180726,13.972479239361476
S04119220_20180726,14.178607464260217
S04443001_20180727,10.90365127100506
S04044700_20180730,8.021906761152028
S05226102_20180730,17.1953229330421
S04123825_20180730,14.216169585471366
S02031650_20180731,16.27839288803544
S05117110_20180731,9.114237229448516
S04475003_20180731,15.539970833409019
S06152700_20180731,20.102336134742636
S04136300_20180731,11.595960698287751
S04115750_20180731,15.019472107213371
S04009250_20180801,16.271654598741513
S02043690_20180801,13.63232408430521
S05135300_20180801,16.70218501360656
S05111600_20180801,15.346604376923501
S04089500_20180801,14.333857440567748
S02065090_20180801,17.94457492284074
S05233000_20180801,10.738206435662265
S02030350_20180801,13.532485908318778
S02029000_20180802,11.563692868704106
S04103950_20180802,14.356808440474463
S05106000_20180802,15.076051695172485
S05109000_20180802,12.543867443023391
S06070100_20180802,9.105205315183339
S05134310_20180802,12.620532817061065
S04134000_20180803,12.776475902563211
S02028500_20180803,13.264370152214635
S04049800_20180806,10.543281118899195
S05069975_20180806,17.10321970019273
S04553000_20180806,16.62425807512947
S06710036_20180806,14.13970035269287
S04093500_20180806,16.139880507685447
S06580582_20180807,17.84406436388058
S05183710_20180807,20.057233697001536
S04140100_20180807,11.917865107979633
S05219000_20180808,8.735108305484111
S02046000_20180808,13.366115213921441
S05069230_20180808,19.14431118954162
S05183860_20180808,17.92663799616187
S05176170_20180808,16.20039957002994
S06069650_20180808,19.61239376024631
S04134900_20180808,12.275294835393652
S06580362_20180808,19.950021089980044
S06147650_20180808,18.95353774125074
S04652005_20180808,13.674608592231078
S05150000_20180808,19.811818093219568
S04109605_20180809,14.771722925935356
S04122100_20180809,12.881472996940444
S05234015_20180809,14.16583060503358
S05234033_20180809,15.209576865612423
S04615012_20180810,14.47262627137746
S04102990_20180810,12.641678757183843
S04417009_20180813,14.59562446175146
S03136000_20180813,14.008148892251189
S05231450_20180814,8.99954334788401
S03133850_20180814,14.611767922306743
S04420002_20180815,14.260038905431125
S04028450_20180815,19.863513660797665
S05180850_20180816,19.939716206964505
S04190655_20180816,17.36385462348594
S06840225_20180816,19.902131384561823
S04054000_20180816,13.481826531980207
S06148355_20180816,19.33560489099082
S05172800_20180816,19.205756219471446
S04171550_20180817,18.6152715268669
S03070440_20180819,13.93196772506742
S04108500_20180820,12.892899776687916
S04061400_20180820,11.777399559411188
S04415003_20180820,13.623213956838693
S04426062_20180820,14.295929788376073
S03027000_20180820,11.640245985944048
S04113800_20180820,12.516317619159842
S03055000_20180820,11.904911949511241
S02123300_20180821,8.813414525912243
S04603002_20180821,13.117388534826038
S02104400_20180821,14.79517162259937
S04034600_20180821,13.09317437061794
S02122200_20180821,19.703416860886815
S05065500_20180821,19.184469463743937
S04003200_20180821,17.914063714237773
S04332001_20180821,15.418112346817635
S03032000_20180822,13.653576301484218
S03145931_20180822,13.71401679449151
S02114000_20180822,14.782319242153015
S04175100_20180822,11.011498313000992
S05221650_20180822,16.698299873907402
S02115675_20180823,14.288511340341078
S04026900_20180823,20.029174305943165
S02094979_20180824,19.309122188688065
S05217310_20180824,19.816089161445085
S02120000_20180824,13.898198686845113
S02070500_20180824,13.775165678302805
S05171900_20180827,19.791351112681035
S05170000_20180827,20.01847777428758
S05034700_20180827,9.874768445000695
S04041755_20180828,16.085349013477572
S04614000_20180828,9.058747414821594
S02076800_20180828,12.349695295413921
S05044310_20180828,14.943307601788348
S05200135_20180828,19.724457067581532
S02085600_20180828,12.909143567801618
S02104800_20180828,14.630920946152136
S05145200_20180828,13.988006665153707
S06300010_20180828,19.780585534327134
S04430009_20180828,13.711803551226872
S04209000_20180829,7.337290930933092
S06710010_20180829,19.16383594489271
S04013000_20180829,11.903987270080012
S05042072_20180829,18.004547036049463
S02070750_20180829,14.104953807008467
S02081620_20180829,13.765955461697676
S06153200_20180830,18.991949234295326
S06181945_20180830,20.19747988417169
S04020010_20180830,11.026795608930135
S04431006_20180830,16.606864703111814
S04411004_20180830,11.696421091830235
S05145000_20180830,18.0827697255848
S04212700_20180830,12.93353211842834
S05055930_20180903,15.800161766796649
S03059000_20180904,14.166999623522816
S05142495_20180904,15.514008498798855
S05211650_20180904,19.718804109077784
S04412012_20180904,14.597197430094626
S05183480_20180904,20.26428215267106
S05118785_20180905,17.70151748423221
S05141000_20180905,17.940663717401353
S05068470_20180905,15.411466171012837
S05204880_20180906,19.65055975635845
S04377001_20180906,18.295332772136867
S05068410_20180906,19.844137455622796
S05055900_20180906,13.669946051647681
S03131000_20180906,14.78177976339915
S05051350_20180907,15.689274144090039
S05076050_20180912,14.309056473698814
S03141820_20180912,15.36086032542551
S06189500_20180912,14.963359912401856
S05154100_20180912,15.920544779390887
S05162800_20180912,15.659856240558884
S05218700_20180912,20.08283597817814
S05228250_20180912,15.055731687082814
S03008671_20180912,16.328711808928286
S05161000_20180913,10.772421046166647
S06005695_20180913,15.46904216329348
S05163000_20180913,10.130424144349938
S03044170_20180913,15.232061266333158
S04070500_20180913,13.455250217828617
S05161900_20180913,13.791304332042564
S03044580_20180914,15.60279607003583
S04404014_20180918,13.754942657759537
S06045750_20180918,16.05388605660833
S04404006_20180918,14.690410117785103
S04079210_20180918,19.078182385005732
S04079050_20180918,17.763607230243572
S04428000_20180918,17.37989867526148
S04003170_20180918,12.687838687992853
S03196000_20180919,15.486662209120947
S04037300_20180919,11.964290921072406
S04003160_20180919,17.076169527424636
S04376006_20180919,12.853302748887442
S05139310_20180920,19.739252933236767
S05134000_20180920,9.95994229159553
S04429015_20180921,19.181073002419872
S05183920_20180925,19.989906910813964
S04075000_20180925,12.913692703455414
S05099000_20180926,14.325022896277178
S06175600_20180926,19.341704959591215
S04310000_20180926,13.198210940475047
S06170000_20180926,17.082266017443963
S03257800_20180926,13.816563224299909
S06177000_20180927,12.860633175159084
S06178000_20180927,13.220454566221182
S05210000_20180927,12.797286627974584
S05201055_20180927,15.066296482561953
S05095000_20180928,15.383415660059923
S03025492_20181001,15.7068846356916
S04001005_20181001,10.095174860711642
S04123980_20181001,12.586252352932432
S04001900_20181002,10.209584088888391
S04100000_20181002,12.73964689842915
S05063980_20181002,14.616298680743936
S05231370_20181003,6.839089408157696
S05091520_20181003,15.947978814424722
S05093300_20181004,14.368799541458465
S06190040_20181005,11.953526086479414
S05091000_20181005,19.365171145032907
S03024300_20181008,15.39993414176326
S03151300_20181009,13.632511207490431
S05054600_20181009,15.180234374922554
S05055000_20181009,18.34819597763184
S03024736_20181011,12.58497654431818
S03156724_20181011,15.28066754671832
S03128640_20181011,13.8974888852465
S03128220_20181011,15.523034933979403
S05101500_20181015,13.633356856179876
S05063150_20181016,18.979629133379547
S05061942_20181016,16.92441702303004
S05067950_20181018,18.526899455722678
S05068300_20181019,18.62512384346626
S05092060_20181026,13.220452396476919
S05060930_20181026,19.32609979413391
S05097750_20190115,16.632941623627747
S06152400_20190207,19.86639497448396
S06159385_20190320,19.847937372437986
S04407009_20190417,14.042505092092066
S06094097_20190419,15.057347407686354
S04663025_20190423,13.473177098535203
S06052435_20190424,9.712323382110885
S04150690_20190429,13.979912262977725
S03029630_20190509,16.264193209897392
S03052338_20190509,13.575024640606085
S04140020_20190514,10.317500133599125
S06190111_20190514,19.94352119895156
S06173500_20190514,16.263316379214938
S06113270_20190515,20.080333792782152
S04652004_20190515,14.665201715589848
S04148525_20190515,10.336260602340605
S04654000_20190515,11.33706970646718
S04662015_20190516,10.46803532679833
S04046545_20190516,19.793335525417877
S05175010_20190516,14.994552708004807
S04135900_20190516,9.958970574330337
S03014550_20190520,20.23675021296723
S03022790_20190521,11.449016065241219
S04108290_20190521,20.299324153980578
S04364000_20190522,12.974458451136176
S04197600_20190522,11.621456222062534
S06581665_20190522,13.915946994734174
S05011724_20190522,15.002728719319288
S06830800_20190528,16.34236193185383
S06580184_20190528,20.052709228084222
S04086100_20190528,15.632700324218412
S06035325_20190528,13.472376553919192
S04041950_20190528,14.40131893819499
S04604008_20190529,15.295320719207865
S04113720_20190529,14.587441571915576
S03164178_20190530,15.73764579686247
S03176360_20190531,16.50977812075209
S05228800_20190603,16.00267475111304
S06101145_20190603,9.118424237642559
S03011080_20190603,19.26771296972677
S03091000_20190603,17.4545460247702
S03022840_20190604,15.926063762718284
S05155300_20190604,14.130355703432896
S03023025_20190604,8.942415255542713
S05061300_20190604,10.841232713689251
S04182000_20190604,18.88923747826312
S03113248_20190605,18.23621382381352
S03146579_20190605,16.501385525908855
S04146840_20190605,18.122556942572302
S04374000_20190605,12.61301187920213
S05120040_20190605,16.436076417191885
S04433010_20190605,12.054250295273354
S03022589_20190606,19.447786931365858
S05065500_20190606,20.196284922134264
S06106935_20190606,19.82779425929855
S04660001_20190606,11.526896903023122
S05163800_20190607,12.307855893168313
S03021588_20190607,19.61176596475736
S06179615_20190607,19.675273104361516
S05093700_20190610,15.102348347292338
S06416450_20190611,12.06114636567426
S05129086_20190611,15.653538111708833
S03159795_20190611,17.566490370800658
S06012055_20190612,19.719010689157955
S05134351_20190613,13.661219163882187
S05134365_20190613,18.830549631432167
S06005780_20190613,15.202275319976023
S04614003_20190613,14.979266563025543
S06004870_20190613,16.644977669791885
S05158314_20190614,6.1414926837405215
S06001995_20190614,13.247967539688492
S04099960_20190618,14.66248303448419
S06118000_20190619,15.361920239369391
S05192155_20190620,19.29199682410604
S05075200_20190620,15.12015052806683
S05220190_20190621,14.09542286771789
S05232220_20190621,13.902588815936875
S06219000_20190625,19.887415204548407
S05167010_20190625,15.86877783740108
S03198750_20190625,16.703837701370773
S05061980_20190625,15.151193926455438
S06215000_20190625,20.127946420185516
S04209995_20190625,11.316036394718111
S05025000_20190625,14.157508523796126
S06456610_20190626,11.783729235034809
S05095980_20190626,15.185384807974355
S05096410_20190626,18.962625050514056
S05004100_20190626,19.48222003439943
S06222600_20190626,20.065278759579545
S05096010_20190626,18.398839863924444
S05095120_20190626,17.267184169087376
S05095110_20190626,14.128451624942997
S06458050_20190626,11.806742081611283
S05145280_20190627,18.72691647300627
S05096080_20190627,16.670096762799506
S04635011_20190627,15.622010796368373
S05048010_20190627,18.913307420850284
S06078500_20190627,17.680579939219495
S04606026_20190627,13.352261643975606
S06471450_20190627,14.02945698153945
S06190700_20190627,18.084247281622286
S05016100_20190627,13.765379590650294
S06931250_20190627,16.10383317308337
S04721000_20190628,13.215182468917764
S03253250_20190628,14.977723152772889
S05095995_20190628,17.04727953968385
S05125780_20190701,19.054553936705773
S06830239_20190701,12.512255779291285
S05125545_20190701,12.717342451412993
S04027200_20190701,19.79591334376545
S04542008_20190701,12.612168406547674
S02106500_20190702,13.853015462623318
S04052350_20190702,14.082048264667261
S02054000_20190702,17.896780862355886
S06300250_20190702,15.117420027575674
S04068470_20190702,13.55217940756548
S05125510_20190702,16.095556103452974
S04066200_20190702,15.134559559981067
S05234030_20190702,19.18718501705392
S05234013_20190702,18.981250363354242
S04096360_20190702,14.018073466273144
S02004300_20190703,19.917462024698512
S02069100_20190703,11.373523677254795
S04187600_20190703,18.74491064967489
S05125600_20190703,10.2751998279073
S03105760_20190703,15.89756577960528
S04074647_20190703,14.704488385869432
S04048550_20190703,15.834875031404628
S04002100_20190704,13.441736727688834
S02057650_20190704,12.158803641529001
S04070211_20190704,15.229217090973975
S05127500_20190704,16.05861500996443
S05125420_20190704,16.151778933038695
S05132600_20190704,15.282903395393316
S04462001_20190704,16.00362706119375
S04049500_20190705,16.81858103212255
S02057350_20190705,13.864722622763976
S02049000_20190705,13.800092553514759
S05126500_20190705,12.04599087748341
S05015060_20190708,17.313596720630503
S04570019_20190708,10.948673805687047
S06580863_20190709,16.089721323470943
S05093550_20190709,9.334666949594862
S04027210_20190709,18.18405289296672
S04091400_20190709,14.884405857011213
S04142300_20190709,12.9579633234571
S04134895_20190709,9.00976486745935
S04199865_20190710,17.17225941111323
S05023100_20190710,15.208347569482083
S05005605_20190710,15.168493789860245
S03199200_20190710,14.987754858437238
S05007600_20190711,15.330500594181348
S05012550_20190711,18.38084867909571
S05165900_20190711,19.640938193226354
S05133500_20190711,17.57846623356046
S05133300_20190711,19.38702551137078
S05165250_20190712,14.101165522335451
S06435450_20190712,15.37082746427706
S06094470_20190715,13.673492647271832
S04426007_20190715,10.801002162237843
S04162000_20190716,11.029104988972861
S05097550_20190716,12.707822584765271
S05054600_20190716,15.553288674129544
S02061500_20190716,16.970097354599098
S03149487_20190716,15.234660232384446
S04008000_20190716,9.558092296912022
S04354003_20190717,19.650476087628874
S04166800_20190717,13.646313862320008
S04043200_20190717,7.289001036070216
S04166095_20190717,10.472255021092927
S02005700_20190717,19.04142501744112
S05091760_20190717,17.5327659227868
S02001025_20190717,15.764221668342682
S02019200_20190718,12.7853181652414
S03078510_20190718,14.011136066221862
S02011000_20190718,5.627013099320742
S05167000_20190718,14.81165061615624
S05068530_20190718,16.33954681230326
S04146350_20190718,12.228831043319065
S06106655_20190718,17.222926086621367
S03213480_20190719,14.782235192758346
S06118500_20190719,20.311868132348216
S05067000_20190722,18.022105129167116
S06086100_20190722,14.750086220523535
S05192018_20190722,19.787696889636763
S06088800_20190722,20.024143119475355
S05234003_20190722,13.198040258127529
S04046500_20190722,15.213060471459602
S06840600_20190722,15.719388236468582
S04044400_20190723,14.358777498749294
S05225300_20190723,16.34761249024232
S05207150_20190723,11.657493523994363
S05031850_20190723,15.517832562651032
S05031900_20190723,16.902967555256595
S05180850_20190723,19.98991547288405
S04113800_20190723,13.318191264814647
S04113250_20190723,11.992038999442897
S06179999_20190724,13.397850133295023
S06179155_20190724,17.72367212728234
S06071900_20190724,10.599168280157693
S06470005_20190724,14.280155561564438
S04014090_20190724,13.607996036292537
S06069650_20190724,19.437248144835365
S05197600_20190724,16.580302470342474
S05197500_20190724,17.609531393877642
S04401005_20190725,13.732110555715039
S04097600_20190725,11.640840003271606
S02099500_20190725,12.542268951496403
S05120070_20190725,11.870930399552037
S03167740_20190725,15.529523544175706
S05145300_20190725,19.583944746023832
S05044000_20190725,12.81802380397794
S06094039_20190725,15.160014941391438
S06004750_20190726,18.526902229766193
S06440370_20190726,16.23240440121257
S02097000_20190726,13.778438748680738
S06464775_20190726,16.82655286540355
S05068170_20190726,15.55145658209651
S05232350_20190726,16.391374124048617
S04097200_20190726,8.795734745658473
S03219015_20190729,15.734922450727847
S04111000_20190730,14.974434039309767
S04615011_20190730,15.389330498995786
S05049000_20190730,13.217972010472966
S05050010_20190730,15.471322268061819
S03190300_20190730,15.021662376955799
S03207020_20190730,14.394135831934971
S05051200_20190731,18.547356679621352
S06217490_20190731,17.41424913710781
S02094700_20190731,13.89642677145309
S04068800_20190731,9.276971707721513
S04068440_20190731,16.861317090810942
S04103950_20190731,14.158495833719885
S04104200_20190731,14.726852942976233
S05157200_20190801,13.50229514832137
S02085600_20190801,13.075091676168302
S03276495_20190801,16.754147217577625
S05040100_20190801,15.995258794013964
S03025919_20190801,19.597306486886456
S05133000_20190801,12.904724017816898
S06177980_20190801,8.594274209047256
S03025368_20190801,18.43647597934866
S06178007_20190802,19.10388839619973
S05039150_20190802,15.17228741613571
S05038000_20190802,13.830635306714722
S06181150_20190802,8.976514539234454
S05129060_20190805,14.501142722747653
S05069972_20190805,15.303058834678735
S03211000_20190805,14.509926727040735
S04076400_20190805,18.235347745106218
S04077000_20190805,18.31068574970665
S04016840_20190805,8.487699346362952
S03207220_20190805,13.053503279975317
S03011300_20190805,15.301156873137904
S02116570_20190806,18.170291975189066
S03223200_20190806,15.197170800420974
S04004100_20190806,10.033037186220472
S03174615_20190806,15.59772707677004
S03223240_20190806,11.97267555709449
S03222000_20190806,15.258240673555113
S03222275_20190806,15.02554185431319
S05134310_20190806,12.109606811003566
S05134432_20190807,14.228189261429131
S05234005_20190807,14.15772076232096
S03157950_20190807,16.335773061640023
S03231065_20190807,17.497943809435434
S03231740_20190808,14.44141179341624
S04086320_20190808,14.248794724388869
S04099400_20190808,11.012844384621413
S05222000_20190808,10.296140970536186
S02031650_20190808,17.83718996110195
S05175300_20190809,17.15170580742766
S05047510_20190809,11.133982336857809
S02123500_20190812,17.03438441590796
S02106220_20190812,14.897692419534602
S02123300_20190812,15.224575380595217
S02118750_20190813,15.398451202990207
S03116720_20190813,14.243379542793601
S04044700_20190813,11.26617325265586
S03105946_20190813,15.296287931976863
S04030020_20190814,16.11689384513879
S04432000_20190815,14.866058233167168
S06147525_20190819,19.9912109295985
S05060930_20190819,17.55712475255918
S06710110_20190820,17.52959224313765
S06710010_20190820,20.162672954555994
S04053000_20190820,18.074035008459557
S05058600_20190820,18.968207607900435
S05059000_20190820,15.68988205352773
S05149000_20190820,20.03567790998491
S03138800_20190820,13.020876030414481
S04162958_20190821,11.049496331939444
S05148850_20190821,18.117068575690876
S04163050_20190821,16.438116142445715
S03254035_20190821,13.264516170637451
S05148080_20190822,18.950877862842162
S06491950_20190822,18.78126018073796
S04195000_20190826,15.74629465367142
S03086100_20190827,15.841540779291378
S03093900_20190827,18.795273015935507
S06830071_20190827,15.960860814275659
S05102000_20190827,15.997952976533647
S04604006_20190827,10.810332808992115
S05100080_20190827,17.636097278462376
S03252763_20190828,13.428516796168843
S06031200_20190828,15.677072173837665
S05205000_20190828,18.56990007106214
S06186000_20190828,20.122227039320578
S03252755_20190828,11.925924515357396
S05061110_20190828,15.420836244064121
S06110110_20190828,13.509237104300773
S02024000_20190829,13.472794314658483
S04215520_20190902,13.281485383773413
S06149500_20190902,15.473992545146103
S05108150_20190902,11.71810158726105
S04000920_20190902,14.952948072050855
S05080700_20190902,15.343559231354261
S05158170_20190903,15.320934057560592
S05149500_20190903,17.014969482717426
S05083580_20190903,5.523556785066587
S04003200_20190903,18.098099844939426
S05235850_20190903,19.73783694452333
S04606015_20190904,10.04662836175397
S05161950_20190904,13.619519463051034
S06176000_20190904,16.88423046239184
S06341510_20190905,15.773995551258583
S05068955_20190905,17.27496895911809
S04004825_20190905,13.229233642470295
S05068960_20190905,16.316831945304607
S05154280_20190905,16.555486005417663
S05068912_20190905,15.66612088053455
S04128050_20190906,14.007575816948767
S05077970_20190909,14.17347354875429
S05077945_20190909,16.34079839065261
S05183000_20190910,20.11499697702203
S05192100_20190910,15.945509299597596
S05191150_20190910,17.723294396440433
S03148650_20190911,14.684261004245418
S03156995_20190911,15.033397203546004
S05074580_20190911,9.718053706061877
S03265600_20190911,13.52074800182487
S05074700_20190911,14.893516763474047
S05075700_20190911,15.43222865916738
S03161258_20190912,15.219520698893335
S03161090_20190912,13.103632570897524
S03156151_20190912,15.152317587222907
S05080890_20190913,12.308517259494405
S05045128_20190913,16.28966414347838
S04404000_20190916,16.156581436761794
S03006000_20190917,15.098302114317633
S06017097_20190918,17.635819191520255
S06017200_20190918,18.610793416739348
S05068369_20190918,18.006057679322762
S03271920_20190918,13.116279660087036
S05211900_20190918,15.092063108555301
S05215120_20190918,18.956226892567592
S06159470_20190918,19.7335052372732
S04171450_20190919,13.998309725579922
S05068470_20190919,15.122131404203941
S04002010_20190919,11.13630804703193
S05117450_20190919,15.687380624365595
S03029000_20190919,13.591985898471592
S03143225_20190919,15.05708915348357
S05174000_20190920,14.96662468280573
S05177000_20190920,17.319008005646605
S03039000_20190920,13.969088718228365
S05199800_20190921,15.211043656135985
S04027500_20190923,17.87184922639485
S05183848_20190923,19.997652416709084
S05183850_20190924,17.838636036805088
S05053960_20190924,17.283599579442395
S05054550_20190924,15.343201150328628
S05053085_20190924,15.321180062324123
S04402004_20190925,15.470555180045498
S04402005_20190925,13.999076712049469
S05173200_20190925,19.462861519040885
S05218500_20190925,20.04172678620599
S05173420_20190926,20.181866865934637
S05044300_20190926,14.960514864669687
S05217150_20190927,11.8257382473878
S06172100_20190930,11.457890273740489
S03245840_20191002,14.518971693113826
S05203060_20191003,20.010064818916327
S05180220_20191008,19.878332189329853
S03174000_20191010,12.509031942893367
S04338002_20191015,15.54578231671718
S04338006_20191015,18.817705095009554
S03241957_20191024,15.507929609392953
S06159930_20200218,20.172295880404096
S06439460_20200422,14.386684426048898
S06027700_20200424,16.618702303961424
S06437950_20200424,15.766012945513271
S06052435_20200427,12.412578643656097
S04712008_20200504,11.86208067447312
S06179200_20200506,11.627444391839962
S03088800_20200507,18.435337124371937
S04011700_20200507,18.458990970106857
S06190700_20200510,15.445227216647007
S03145865_20200512,17.577942929300605
S03149859_20200514,17.767411192460006
S03159915_20200515,14.030475353279297
S05068475_20200518,20.133417474083494
S04012050_20200519,13.35981150346176
S04374000_20200520,12.209527428248002
S02025100_20200520,8.375683265350762
S04211950_20200520,9.668418452198459
S05065500_20200520,20.235370622031983
S05033560_20200525,16.824208802782838
S05013880_20200525,15.06785272574069
S03090470_20200525,16.073709615845296
S03011740_20200525,17.632147893388982
S05018650_20200525,16.328606073021554
S05077850_20200526,15.440907496491276
S06464800_20200526,17.584996102807274
S05085350_20200526,16.016206410815514
S05046700_20200527,15.9481429785745
S04735000_20200527,15.517047893776382
S04735002_20200527,14.946048163722914
S03167249_20200527,14.509699117204484
S05029730_20200529,14.40163341505008
S04096400_20200602,14.776095517058772
S04405008_20200602,17.332420989394137
S04636007_20200602,13.479105644801415
S04710002_20200602,11.664737940109301
S04615007_20200602,14.241767375413874
S04431018_20200603,12.203613768686068
S04057730_20200603,13.713866621638005
S04112200_20200603,14.197510837804188
S04089300_20200603,14.654656825830788
S04201990_20200603,12.994308300584102
S03219780_20200603,14.107704123082936
S03194350_20200604,14.406439342002098
S03011840_20200604,15.307741968609417
S06078500_20200604,15.959418925020675
S05011722_20200604,16.63333773266685
S04163025_20200605,13.602976916434798
S03052825_20200605,13.399560878964536
S04419004_20200608,16.694437805759257
S04304011_20200608,15.003438455616191
S05120100_20200609,15.189273526463406
S03128270_20200609,19.94025943898059
S06007000_20200609,19.056643323498122
S04162000_20200609,12.925893603434059
S05121350_20200610,18.614950762619323
S05120040_20200610,14.990336876441418
S03145290_20200610,15.988887965768797
S05119105_20200610,16.71119179236214
S06189678_20200610,14.836820701220294
S06038900_20200610,12.901970821997915
S03040450_20200610,17.075993279782118
S04375008_20200610,13.56671208989279
S04052265_20200610,11.444130241614786
S06580318_20200610,15.667034180087587
S03036475_20200611,15.340867613683148
S05120016_20200611,16.686934463714707
S06122790_20200616,14.63343852965988
S04068470_20200616,13.081114737266548
S03128745_20200616,15.417440909061273
S05024994_20200616,16.19666999927621
S04470004_20200616,17.825422326656483
S04067283_20200616,12.698213105297834
S03128845_20200616,15.112622953102624
S05176050_20200617,16.350626501076576
S06065700_20200617,14.930491460476574
S06580171_20200617,16.494663110123497
S03172380_20200617,16.592282242972157
S03182100_20200618,16.635635731958143
S03148220_20200618,14.142891195038583
S03156995_20200618,15.472298705253904
S04068918_20200618,19.810215956047426
S04173160_20200619,14.551861250607184
S06179615_20200619,15.751089525440115
S03085669_20200622,17.7790305589281
S03085630_20200622,18.549445627604875
S04604003_20200623,15.275955240576339
S06160700_20200624,19.343127415260845
S03040250_20200624,9.394520539444866
S03034370_20200624,9.282180517965834
S06850166_20200624,17.452846773984348
S03189300_20200624,15.010947239510083
S03057650_20200624,15.867164945746953
S06180900_20200624,14.114044242830584
S06045000_20200625,15.145130724307565
S03039940_20200625,17.515696075890528
S04146920_20200625,17.49749676589408
S04192550_20200625,16.778891514066324
S04187500_20200625,15.584957564710773
S05229130_20200625,12.361142770338192
S04461009_20200625,15.366178378901902
S04461007_20200625,15.369797206333907
S03052760_20200626,12.621151008255092
S04086980_20200629,18.49822911391119
S04131470_20200629,12.363593104382705
S04019700_20200629,12.199846779770482
S04019350_20200629,13.046213745863188
S04160200_20200629,18.984690880844372
S04150830_20200629,12.035115248918537
S05074500_20200630,13.395339240462892
S04015190_20200630,13.32030935906439
S06127050_20200630,19.843137602744775
S05074600_20200630,14.945293630275149
S06213290_20200630,15.11555204358856
S05075900_20200630,16.926265624123154
S03193880_20200630,16.075281819851266
S04660001_20200701,11.069473258088342
S04410006_20200701,13.860575566280218
S02042500_20200701,11.507295253494501
S05178900_20200701,20.652830495678753
S02026250_20200701,19.589802626142323
S02099500_20200701,14.643328391401543
S04100900_20200701,11.982023054731616
S04014090_20200701,12.123646535808104
S04023700_20200701,9.252592379983339
S04042100_20200702,13.867135431157081
S05134260_20200702,15.138155336878118
S05135000_20200702,15.968119426221646
S05135100_20200702,18.42263803510982
S04215520_20200702,13.639091588286416
S04046960_20200702,14.428521265482914
S02023750_20200702,13.630414455439233
S06216600_20200702,19.3650171752838
S06190900_20200702,9.73484072719102
S02096750_20200702,14.286610223527209
S04199401_20200702,14.900530201450701
S04075000_20200703,14.710237981963669
S05155300_20200703,15.183402354936389
S05162800_20200703,18.647342707151996
S02001715_20200703,17.830478623247956
S05162605_20200703,16.44057297085471
S02026500_20200703,15.68256164020598
S05231450_20200706,13.027361510666989
S04741001_20200706,15.404172308101508
S05232980_20200706,14.721939291807612
S04403004_20200706,15.68088264157798
S05229140_20200706,12.96025578025073
S04184830_20200707,14.567200839336598
S02104400_20200707,14.88211676616837
S04119750_20200707,14.952985143052121
S04041675_20200707,14.886498630719178
S05226102_20200707,17.570326944351265
S06206000_20200707,16.090271910083732
S02076800_20200707,13.002228238120809
S05091520_20200707,16.731238996041842
S02048980_20200707,18.084133519855815
S02001016_20200707,14.752831676660621
S02049900_20200707,15.790956494720781
S02082350_20200707,11.242090082196725
S02004000_20200707,12.758772831863366
S05091070_20200708,16.501744631041188
S04132800_20200708,12.598027456311044
S05093750_20200708,15.87488017311444
S05119902_20200708,11.807339210556593
S04001950_20200708,7.349449543211273
S04001945_20200708,11.1712893227316
S03272235_20200708,12.572080970144444
S05145440_20200708,19.31419408546519
S06300250_20200708,14.296841883787954
S04090500_20200708,13.92623668846035
S02011000_20200708,12.452126392386482
S06001399_20200708,15.298076242050278
S02003400_20200708,13.063694813054353
S05234030_20200709,19.51978435780177
S05089080_20200709,19.87133290112006
S02106430_20200709,15.771301754610207
S05091310_20200709,15.580602391604796
S05092000_20200709,15.568190290879409
S03202250_20200709,12.058998359880366
S04119205_20200709,14.920145064811807
S04113205_20200709,14.646248968138895
S05147000_20200709,19.4332407469429
S02109000_20200709,16.791715135326825
S04096645_20200709,15.658000707829085
S05061915_20200709,14.692428070756893
S02063000_20200710,14.888413405177644
S06450600_20200710,20.29500265895138
S05089050_20200710,14.913090984387608
S06213590_20200710,15.687483724611155
S02006450_20200710,13.933961396854453
S04054400_20200710,15.000151542331238
S05098000_20200713,18.072147218351013
S05096805_20200714,17.651690185003748
S03103816_20200714,18.32181497082272
S05011720_20200715,15.155001823664467
S05011490_20200715,15.585426756387275
S05011400_20200715,14.795908066674162
S02106850_20200715,14.16016248110094
S06047940_20200715,13.232310877570367
S05024300_20200716,16.419917452423725
S04067625_20200716,16.33452681506912
S02067600_20200716,14.0609432610023
S03149081_20200716,15.349699936968964
S05021800_20200716,12.43654662968403
S04093500_20200716,14.938202987225383
S06195330_20200716,12.642125023232143
S05021500_20200716,14.117987477050292
S02052500_20200717,14.62706600584115
S06129950_20200717,15.5860218358096
S06580300_20200720,20.192855587902343
S06128860_20200720,15.671523551484448
S05047600_20200720,13.462718685013199
S03273345_20200720,14.041155551018903
S04146690_20200720,12.241397130662932
S05047710_20200721,16.027750690393646
S05058935_20200721,17.278963744881136
S02115670_20200721,8.934704318402115
S04123750_20200721,13.710071542358836
S02085325_20200721,14.187079579231405
S04000920_20200721,17.66563649067802
S03250797_20200722,13.287563934380948
S06048900_20200722,13.014965768886631
S05068938_20200722,19.38420263970591
S05051000_20200722,14.917967353589074
S03038630_20200722,16.011820606059082
S02118300_20200722,16.23643683225051
S06154000_20200722,7.831593473058902
S06458450_20200723,13.71040044352395
S05167010_20200723,15.638523256719688
S05151150_20200723,19.022658150230647
S02070370_20200723,15.866550829421412
S06120560_20200723,19.407810073364686
S03037576_20200724,15.342300888939954
S03037480_20200724,16.67147965365207
S02112050_20200724,16.552245882816866
S02111500_20200724,15.08854418400027
S02069100_20200724,11.421589065988403
S03041000_20200727,15.657949480578166
S06123500_20200727,14.840402662073936
S05002500_20200727,14.819609617484005
S04016300_20200728,11.35894002168437
S06162350_20200728,16.171290601078336
S04072150_20200728,14.920548002929413
S05013000_20200728,14.863801223334232
S05012500_20200728,14.040586757135532
S02057000_20200728,11.441054031218302
S04411003_20200728,14.91376243691275
S06000699_20200728,12.969193614879838
S06202150_20200729,16.446052455676824
S04165800_20200729,16.841173471737477
S05010950_20200729,15.585680245155444
S05015900_20200729,15.448480131451234
S05013150_20200729,15.360137305874538
S05145200_20200729,14.656960763834585
S05153940_20200730,15.535614445006164
S03033306_20200730,18.08156926389855
S05125545_20200730,11.231194021318236
S02019500_20200730,16.578450145840975
S02018780_20200730,18.7362710394616
S02051000_20200730,18.25389827472415
S05024200_20200731,15.609921506618718
S05133100_20200731,19.13225659807904
S03257335_20200803,13.466060818489858
S05234000_20200803,7.085176820297667
S02082160_20200803,12.89468224636013
S05126150_20200803,16.030732329137408
S03234215_20200804,15.616752768099193
S05162505_20200804,11.453433424870997
S03015000_20200804,20.00449373486017
S05106350_20200804,12.891077643267565
S03257800_20200804,13.766097615203257
S05225095_20200804,20.433076069494263
S05222980_20200804,20.204830974768505
S05068485_20200804,18.529904195247084
S06222100_20200804,19.873135936916814
S04016980_20200804,18.734837312606764
S04016800_20200804,17.00240235692891
S03240100_20200804,13.86590135494626
S05144520_20200804,18.197553107012823
S05229250_20200804,18.319420512704966
S05068371_20200805,17.956865732779047
S03244460_20200805,15.037760376355727
S03234620_20200805,13.280926459717534
S04215750_20200805,12.275064365736498
S06710029_20200805,20.16742724240328
S05218980_20200805,15.193658301145806
S04153700_20200805,14.351286327842162
S04152000_20200805,11.964767617252676
S05100000_20200806,13.865832045123359
S05101400_20200806,19.71638529706354
S05223170_20200806,13.619547501980387
S03156580_20200810,17.710190465989534
S04006000_20200810,14.959938806306674
S04005530_20200810,14.93434219369531
S04036300_20200810,16.863048720705386
S06830122_20200811,20.146800327644392
S06147650_20200811,18.02084797507966
S03157485_20200811,16.097147332184388
S05128020_20200811,10.084741694554186
S06000418_20200811,20.204890594396026
S05236000_20200811,20.027986352247456
S05063000_20200811,16.329501714637438
S05148180_20200811,19.67696835945793
S06416550_20200811,14.628878035620605
S06429845_20200812,17.584466694004874
S03133140_20200812,13.429383570203345
S05111360_20200812,17.46644334766248
S05068660_20200812,17.763667916213507
S05230980_20200812,11.974778065232446
S05118700_20200813,13.324007018048679
S05118785_20200813,17.7370225708629
S06003770_20200813,15.880222004347033
S05127000_20200813,13.993220083047747
S06001470_20200814,13.843086710129164
S06001480_20200814,12.79327765021592
S05119080_20200818,14.707606363149157
S03144595_20200818,15.858652123417068
S03087000_20200819,16.384276249255592
S05169000_20200819,18.638012422579408
S06093050_20200819,14.354400435831352
S05175200_20200819,13.803065966789259
S06000401_20200820,19.95457490519245
S04562009_20200820,13.674482157647695
S05068170_20200824,16.197729555381983
S04162300_20200824,11.763211020414152
S05068145_20200825,16.217123683743687
S05106820_20200825,17.523219671038124
S05079450_20200826,13.221627385792834
S05077950_20200826,15.530440005583976
S03255650_20200826,12.877290844806428
S05079200_20200826,15.590890683168766
S05063400_20200826,20.080471747010932
S05173200_20200826,19.74601516708399
S03141984_20200826,15.241661353238259
S05068355_20200826,19.066682659053
S06710100_20200826,18.44386960343233
S04190650_20200826,12.735409675055164
S05068080_20200827,18.553348072419027
S05075250_20200827,16.261876381629197
S05031100_20200827,16.320571463591065
S05074710_20200828,15.189986798635838
S04405013_20200828,17.06376511799551
S04522002_20200828,12.05129209349606
S05158160_20200828,14.502138740255546
S05158150_20200828,15.724542711683881
S03012100_20200831,15.897029809983287
S05153960_20200831,15.449952478991426
S06216100_20200831,12.499182540145512
S05101500_20200901,18.247802356367348
S04110700_20200901,15.64868169101958
S05101200_20200901,11.438603914713537
S05087000_20200901,12.239837262920469
S04075850_20200901,17.479044157529778
S03057000_20200902,13.603986287930946
S05159260_20200902,13.998337038413446
S05123000_20200902,12.753343740991868
S05161900_20200902,13.28724894178065
S04178650_20200902,19.423551231435994
S06820083_20200903,16.97974283990944
S03004280_20200903,15.507023492436378
S05085000_20200903,15.093336935171578
S04049800_20200903,11.045317400255579
S05163290_20200903,13.586000147978023
S03066000_20200903,14.885215441878675
S05068890_20200903,18.291242928641466
S05052540_20200907,18.40465256365218
S06020460_20200907,18.731868325579224
S06147130_20200907,16.52267037405416
S04027730_20200907,19.311834074457515
S05053086_20200907,6.877394201811017
S05053000_20200907,15.529373925570981
S04197700_20200908,13.853371681712524
S05183710_20200908,19.79050135739236
S05054060_20200908,16.07743433511514
S05054190_20200908,15.329845475800433
S03138390_20200908,13.732924042805156
S04195190_20200909,14.87364197741288
S05055910_20200909,13.825908644400625
S05055970_20200910,14.803846596612871
S05055960_20200910,15.170750906413845
S05042071_20200910,17.028949422723144
S06080000_20200911,14.625294672916024
S03047445_20200914,16.911601474636406
S05214310_20200914,15.431420727652043
S06113000_20200914,13.29693095471951
S05213100_20200914,10.336377113648906
S05201030_20200915,16.15091406995694
S05202150_20200915,10.476257966079011
S04423015_20200915,18.939438703310927
S03071080_20200915,13.772180072528283
S04175450_20200915,17.538281770154867
S04082920_20200916,15.079819326925854
S04426016_20200916,8.680626205637985
S05178200_20200916,17.381041605362828
S02112150_20200917,15.80548563632594
S05199250_20200917,19.790713105680595
S03039000_20200917,12.140057569586036
S05199800_20200917,18.52008520102968
S06169950_20200917,19.956315536726976
S05206880_20200918,19.69547608450499
S03013660_20200921,15.855919445212397
S04465008_20200921,15.485283511388428
S05056000_20200922,16.204478154308028
S05189000_20200922,20.274594452809357
S03164218_20200922,14.793499289662424
S03078060_20200923,16.107077846863824
S04103960_20200929,12.024845825696755
S04475029_20201001,14.008282983275251
S04402004_20201005,15.738026584365688
S04003400_20201006,15.23375363245395
S04712021_20201008,11.460468681527033
S03055000_20201008,15.357765054396934
S06820118_20210223,19.56371808513317
S06320220_20210402,11.317979219587846
S06820087_20210409,17.070742053575785
S06440445_20210421,16.302988923338592
S06029100_20210421,15.776818967043745
S04671004_20210422,11.426120747941376
S03194620_20210423,15.30692884269115
S06012080_20210427,19.966035862596026
S03207020_20210427,15.483853831169993
S03206000_20210427,14.817655920834904
S06205415_20210428,16.217109094708906
S04010200_20210428,10.500434082665278
S03201650_20210429,15.661845165163822
S06003500_20210429,15.619100392834671
S03201250_20210430,15.170751721307116
S03201260_20210430,15.163789566125942
S04133200_20210430,11.843780813820162
S04131550_20210503,14.753987532352426
S04158860_20210505,15.45893620122163
S03222780_20210506,15.620265754652674
S04721002_20210511,11.1724227704917
S04101400_20210512,13.494282411765987
S06175275_20210518,16.662414028702916
S05011710_20210518,17.56788363188544
S04084650_20210521,16.516222033540924
S05025055_20210525,17.386929865904555
S03032675_20210525,15.971014593316696
S03013740_20210525,16.204792134330432
S05013880_20210525,16.847417952464607
S05015055_20210525,17.565638659529153
S05000249_20210526,14.935963769547303
S04217400_20210526,19.648692065377443
S02020300_20210526,11.202674759801152
S03104528_20210526,17.864560942595407
S03005284_20210527,18.851412129959545
S04199370_20210527,20.298432451732737
S06175308_20210527,20.39476063451248
S04051250_20210528,14.863614482641683
S03022718_20210528,14.127456015762544
S04010130_20210531,13.309488225672672
S05093700_20210601,15.769101375262714
S03004232_20210601,15.095793580018547
S06213310_20210601,16.740485724851187
S03044690_20210601,16.29740074792615
S04150830_20210601,12.039255308477543
S04096400_20210601,13.637948454969814
S05095150_20210602,17.693533267659316
S03004985_20210602,14.011475411360937
S03008505_20210602,15.470545118224589
S04052600_20210602,8.426547089550315
S05095980_20210603,15.708915691503822
S04100900_20210603,15.393382577304937
S06213290_20210603,16.853573693762385
S03003790_20210603,19.073256598733767
S06000221_20210603,15.528564429652167
S03008950_20210603,16.294185024497025
S03022000_20210604,20.76293320093085
S04009415_20210607,12.335316294298433
S06710040_20210607,14.790223113294461
S06109050_20210607,19.960666276231567
S04001945_20210608,12.672197959335705
S05058922_20210608,19.85915023390752
S05061100_20210608,18.29139392487547
S05155300_20210608,16.834050093089846
S05162500_20210608,16.497880905147245
S04040895_20210608,11.794054010106526
S06205960_20210608,12.386848511139089
S04086550_20210609,19.284586931722867
S04375008_20210609,13.446832051002088
S04400000_20210609,19.46626159793476
S06105568_20210609,10.694430574508633
S04662009_20210609,11.211411010896668
S04023130_20210609,14.082001427236191
S04108530_20210610,15.980029601640233
S05155890_20210611,16.911111564419553
S06213480_20210611,11.191805210029518
S05033530_20210614,16.957980212750428
S04184950_20210615,14.932228761344259
S04455013_20210615,16.06175123595496
S04424000_20210615,15.313316179360566
S05176050_20210615,19.143473718859386
S04090800_20210615,15.069847591837764
S04089500_20210615,14.672535861972786
S05234027_20210615,17.056788730756484
S06038110_20210616,13.235563390399214
S04090100_20210616,11.543372753150777
S05046700_20210616,15.288052467837002
S04371008_20210616,12.204938827733482
S05027040_20210616,15.475226177988887
S06040400_20210616,14.41036967271813
S05047500_20210616,18.544321543877288
S04096100_20210616,13.623640461943605
S05078900_20210616,16.054163422324457
S05080850_20210616,15.445301067602255
S05111610_20210616,16.0332790901096
S06130500_20210617,15.79585074578143
S05191000_20210617,18.489128386673734
S04030100_20210617,12.727030189003134
S06117360_20210617,15.793002346778255
S06580353_20210617,17.66358209370042
S06580358_20210617,18.524494063331744
S04179690_20210617,14.575281185524023
S04013975_20210617,18.018993917389647
S06182050_20210621,16.556198052432485
S05068367_20210621,20.445684247335528
S03172000_20210622,15.427909447614681
S05095995_20210623,18.745984056270537
S06222600_20210623,19.985629869140656
S04049800_20210624,11.32034149477131
S06001470_20210625,12.206148679723583
S06405950_20210625,19.39607130675722
S04070230_20210625,15.375623330871573
S06193660_20210628,13.11654486509186
S06940040_20210629,19.018411562708952
S06033000_20210629,18.320044581977097
S06011760_20210629,19.993463380301964
S06820141_20210629,12.1668178971547
S04190000_20210629,16.17507651498881
S06210850_20210630,18.38371039031794
S03018342_20210630,16.024191983273006
S03054000_20210630,14.829899964997141
S06185500_20210630,12.79588802899821
S04187525_20210701,16.226921297018528
S04114100_20210701,15.784843340800013
S06005695_20210701,15.686459653611411
S04171670_20210701,14.495800114601922
S04190842_20210702,17.44642387313914
S04190780_20210702,10.691003688622342
S06178065_20210705,15.213275867764489
S04127000_20210705,11.981930316686935
S05030500_20210705,19.846809967330806
S06090600_20210705,18.30958040012319
S03013660_20210706,15.10652277726524
S02050260_20210706,17.052374911928954
S02051000_20210706,18.676251492938192
S03078110_20210706,15.027724197710102
S05029960_20210706,18.48281943813179
S06177906_20210706,14.63317984683454
S05029730_20210706,13.99360552818005
S06177949_20210706,12.484501461893437
S06850166_20210706,18.923090612888984
S02052000_20210706,16.96046677151002
S05175000_20210707,15.197723314786256
S05176170_20210707,18.657550652670544
S05176150_20210707,19.504711321422427
S05165770_20210707,15.548955482290538
S06179640_20210708,20.07364129212715
S02111500_20210708,15.625971411220124
S02111000_20210708,16.155299790147502
S06173460_20210709,15.658207799879401
S05228000_20210712,10.170384117527778
S05151200_20210712,20.07450300369655
S05226150_20210712,15.117007862525128
S05151120_20210712,18.949427153925285
S04024050_20210714,13.74159176420812
S05081000_20210714,13.908040272635704
S04192950_20210715,12.14109508127575
S04194500_20210715,13.726848076570315
S04070425_20210715,16.6285352902365
S04103950_20210715,15.297679004278969
S05232980_20210715,11.509948172351324
S04417001_20210715,15.151718251781483
S04137993_20210715,13.534536145810108
S05079450_20210715,15.747939350631402
S05219170_20210715,15.51583399125974
S05139900_20210715,16.657443312577534
S05229120_20210715,15.054845174564619
S04206000_20210716,11.647100476199306
S03271730_20210719,16.093014119656434
S05151100_20210720,20.15146460230632
S04215500_20210720,10.87247797226952
S05083650_20210720,14.95789662221664
S05005605_20210721,14.566715944270818
S05074900_20210721,14.934590920580902
S05075700_20210721,15.707392181394974
S03163300_20210721,13.299742709392909
S03254929_20210721,13.537913061467219
S05015800_20210721,16.92492478620166
S06710036_20210721,14.893050503515296
S05011000_20210722,15.52223960926949
S05192050_20210722,19.84252343347287
S05134350_20210723,14.287373455692972
S04148590_20210723,12.771205785423827
S04630019_20210723,12.30310076843891
S06179500_20210726,10.681643369000346
S04111500_20210726,16.085281279916522
S05015000_20210726,15.060893912291572
S03234346_20210726,15.887406755788666
S06181990_20210727,17.148742337063464
S05120150_20210727,15.673587449439133
S05015980_20210727,15.274912101341517
S05138000_20210727,14.21677028817857
S05135300_20210727,14.104885384394487
S05018400_20210727,15.9236924918707
S06176950_20210727,20.565724838602506
S05091450_20210727,18.462521808389077
S05135100_20210728,16.59960862864194
S05134310_20210728,12.533730401086586
S05020890_20210728,11.06746651102446
S04431029_20210728,13.248947232883342
S04431028_20210728,14.71698908530108
S04108736_20210728,14.47848608418814
S05125990_20210728,13.007091184867418
S05024305_20210728,15.187581424501202
S04037800_20210728,20.621395342257514
S05097900_20210728,15.407071011769352
S02070250_20210729,6.683088899826915
S02076180_20210729,18.58025794806965
S04068925_20210729,17.654327144195978
S04524000_20210729,14.998241826813718
S05101420_20210729,17.182518592706764
S02068500_20210729,9.485697784406414
S06830193_20210729,17.17791094220379
S04052590_20210729,14.898845081694397
S04068598_20210730,14.316113118569953
S02070900_20210730,15.41408494652631
S02096000_20210730,11.884346046178855
S06580130_20210802,19.41060123671505
S04039160_20210802,13.319793900850335
S05115600_20210802,18.707580217292765
S06156230_20210802,20.10052209918893
S05234287_20210802,16.651748062239548
S06840225_20210802,20.162706131265207
S04033300_20210803,15.616990853591076
S03126511_20210803,13.102279688380701
S03247275_20210803,12.423449761346726
S02068790_20210803,13.696723228507139
S04041770_20210803,15.697991247407934
S04041760_20210804,14.126442476436132
S02057480_20210804,12.90058747974265
S03247140_20210804,14.126532918437608
S03207285_20210804,15.142093211910709
S04106065_20210804,14.31477310611524
S06580619_20210804,15.158574901356006
S05128000_20210804,15.464599966181805
S04215750_20210804,10.652632897085127
S04082000_20210804,15.775616396310278
S02010000_20210805,12.934145765877858
S02001500_20210805,17.87018286619661
S02037500_20210806,10.58320975475242
S03210327_20210806,15.607006045598872
S03246920_20210809,13.574951148115554
S02007000_20210809,10.628176073953213
S03096156_20210809,15.70714866660612
S04412011_20210809,14.796624900863815
S06147220_20210810,20.290060119333784
S02123500_20210810,11.359848678745752
S02124000_20210810,14.547499804330636
S05099300_20210810,16.82869710349828
S02030500_20210811,13.92700342159311
S02096750_20210811,13.35069638417374
S06820073_20210811,17.763980687962036
S02001750_20210811,10.22165251013757
S02001700_20210811,15.12814874617705
S05091210_20210811,17.546291401768155
S02081300_20210811,14.283209051194806
S02081030_20210811,10.382712500926601
S02081620_20210811,13.418823511716695
S04086500_20210811,12.150285734907145
S04074300_20210812,14.773021765634086
S02061970_20210812,18.021066987214645
S02073700_20210813,12.7303439832794
S05172000_20210813,18.01999381821112
S02116000_20210813,15.407966801684545
S04117800_20210813,14.623346370636936
S04112200_20210816,14.279932005632713
S06098000_20210816,13.094717253638569
S04132500_20210816,13.087198836041761
S06104000_20210816,13.144563391273898
S06153900_20210816,20.324581470448752
S05117430_20210816,15.991560227417903
S05068110_20210817,19.869169977668328
S05111602_20210817,15.67223144574531
S05116070_20210817,15.716063179919157
S05116600_20210817,14.883241583991053
S03128732_20210817,13.606472433656727
S05218560_20210817,20.064314204358098
S04173200_20210817,16.204945509910182
S02100100_20210817,14.728255406759803
S05183500_20210817,19.41805115709748
S05226500_20210817,14.429971263348977
S05231500_20210818,10.648841924302497
S04026000_20210818,10.353143314574115
S02085325_20210818,14.685346910520241
S03174695_20210818,13.943148632399033
S05104000_20210818,12.336853032276203
S05223000_20210818,11.232633161196034
S05207000_20210818,19.916629904633197
S05111500_20210818,11.100440531509804
S06446330_20210818,16.844831754477667
S06217500_20210818,15.368885268710164
S02082000_20210818,13.61322907555717
S06217470_20210818,16.33391063195485
S04051850_20210818,12.267690348966504
S04606008_20210818,14.95239804831434
S05103990_20210818,14.052430385528417
S05218630_20210818,19.928858497841446
S02104000_20210819,13.283308670719515
S05106855_20210819,14.87199909245259
S03164180_20210819,13.885334536984288
S05207050_20210819,19.638278952142176
S04405027_20210819,12.896208263728063
S05072000_20210819,13.508649031545259
S06167000_20210819,16.034890812592586
S04004805_20210819,7.161653371873621
S06026000_20210819,13.952876736812133
S06139080_20210819,18.787830446879756
S02048980_20210820,18.22903652209869
S03178348_20210820,14.567846863141707
S05216150_20210820,12.130806940102303
S06710014_20210823,19.391010465154586
S05114500_20210823,13.431688603025036
S03254510_20210823,12.04864762447622
S04200499_20210823,11.471497370963014
S02000011_20210823,14.824589402142799
S05172050_20210824,13.582287682273495
S06820350_20210824,13.962785267298733
S03250952_20210824,12.778649502852875
S03161335_20210824,15.75266179168465
S03146498_20210824,8.37810295928619
S03156695_20210824,15.117050205645338
S05034700_20210825,13.186948154052264
S05177600_20210825,16.488021070323935
S05125420_20210825,17.201453673583355
S06700148_20210825,12.208691153107237
S06070800_20210826,16.641850468354928
S05125545_20210826,14.282687987169487
S05174000_20210826,20.151032420497717
S04108285_20210826,14.877823208063443
S05042050_20210826,15.634459083905035
S02003800_20210826,14.095848728205238
S02067505_20210826,10.740361814918302
S04431023_20210827,12.650840841442212
S05033220_20210827,16.195779333304337
S04118000_20210827,14.536333454348902
S06700094_20210830,16.56227713124071
S03145290_20210830,15.443962162529349
S05055700_20210830,17.053658948668122
S05053086_20210830,9.013879406030878
S05052540_20210830,17.903370700997616
S05031050_20210830,15.379552729890225
S06700590_20210830,18.84334324028807
S04027730_20210830,20.13901726534027
S03136840_20210830,14.943529057162138
S06114820_20210830,19.770921947171225
S03158900_20210831,15.43482734425178
S06404800_20210831,13.645640954594972
S06114870_20210831,20.138261427026563
S05053930_20210831,17.363812041242255
S05053975_20210831,18.990857080812876
S05060000_20210831,15.073344838364257
S03138000_20210831,15.025537706410262
S04179645_20210831,14.481955335445715
S06000568_20210831,16.855211783277795
S04096175_20210831,14.241215571551685
S05119902_20210831,12.959360251921098
S05181130_20210831,17.313391439268752
S06830139_20210831,20.348502364827418
S06700007_20210831,20.12598208764265
S06065700_20210901,14.890185990442049
S04094200_20210901,14.013795281140577
S04011100_20210901,16.632127472946067
S05156950_20210901,13.767591504905518
S05055550_20210901,20.49803758533833
S05057180_20210901,19.597545415832688
S04167000_20210901,13.910279459470594
S04168050_20210901,12.31876905738865
S03105462_20210901,16.556471893924435
S06085500_20210902,18.65317776360652
S05061230_20210902,16.06249755891742
S04442002_20210902,12.933378223120801
S04442017_20210902,13.500191934911953
S03072200_20210902,14.73313555103896
S03222000_20210903,13.985148176549082
S05042095_20210903,15.522232882523479
S04500012_20210903,16.571025303767506
S03077000_20210903,12.772647713553003
S04012200_20210906,15.435183593640371
S04194600_20210906,18.31809270963411
S06210640_20210906,16.84093734393654
S03037550_20210906,14.976324107548798
S03005200_20210907,15.574389009699328
S03212150_20210907,15.852928021979931
S04000850_20210907,16.87803807035998
S05068660_20210907,16.730111277582907
S05068630_20210907,16.249912176278865
S05126050_20210907,16.106218687417268
S06051550_20210907,14.352146099360688
S06052410_20210907,15.517188972936387
S06020460_20210907,19.378277668018246
S05056800_20210907,18.052479693209534
S03161850_20210907,15.537236570584101
S03231748_20210908,14.626759468984137
S04001990_20210908,14.287996080306824
S04002010_20210908,9.869255445952938
S05126150_20210908,15.776203602177084
S06438710_20210908,20.2865319402053
S05047000_20210908,13.91292602893412
S05069230_20210909,19.872771463580946
S04403009_20210909,11.195257759086592
S05049220_20210909,16.277178914473467
S04029050_20210909,18.71881253466119
S06182600_20210910,15.272489795739483
S05215100_20210913,17.14466905899385
S05097500_20210913,15.053635767517665
S05201400_20210913,14.1340358944686
S05201050_20210914,15.62561081496607
S04312009_20210914,14.372606921297237
S05207150_20210914,14.16349215841635
S05199800_20210915,19.68697106349659
S05200115_20210915,16.77222437653803
S05199750_20210915,19.42317064206873
S04103200_20210915,14.589001197532758
S04102400_20210915,15.13661715258728
S04134700_20210915,13.629258967392365
S05085600_20210916,14.71989613334281
S04027670_20210916,19.125592665129986
S05183600_20210916,19.34234852980503
S03228880_20210916,15.22830411512167
S03114825_20210921,14.95214687046172
S03082000_20210922,15.226041360511129
S03112480_20210922,14.39304569178092
S06438600_20210922,13.16635373428095
S04475027_20210923,14.316824932222483
S03155345_20210923,15.164570377308348
S04591001_20210923,14.249928647697178
S03154640_20210923,14.027322532019724
S06072300_20210924,15.720008920832257
S03153139_20210924,15.446077007716234
S05173350_20210927,18.62262298578655
S05183710_20210928,20.060025314226785
S05063800_20210929,17.406294715248457
S05094810_20210929,16.757052443336804
S05091725_20210930,18.195909951366126
S05117450_20211004,14.27542738024378
S05063980_20211005,12.141693969709738
S05214320_20211008,14.18643264281712
S05061942_20211011,18.873532710915594
S04003060_20211013,16.007981998391692
S04003170_20211014,18.16086506755118
S05163440_20211018,11.00960202607856
S05064120_20211022,13.956917413387554
S05046100_20211027,15.288791924263556
S06000610_20211108,19.28406825755779
S06580347_20211108,17.10491524280509
S06341300_20211110,19.91610500856896
S06135350_20220207,19.869956770182664
S06159930_20220221,20.810032324434918
S06062400_20220302,19.89077976606703
S06177760_20220419,14.106292511847336
S04735002_20220419,13.560809968637995
S04682003_20220419,10.313152849249693
S04070000_20220426,11.622533950377122
S04781000_20220426,7.20132033201668
S04052220_20220427,11.541529476697352
S04108050_20220427,19.062410934053897
S04445000_20220428,19.817856516943607
S04049625_20220428,12.878929147042548
S06006720_20220428,16.233033838941054
S06048300_20220428,7.494252091999318
S04443002_20220429,10.389867181790912
S04205500_20220502,14.24133798771321
S03091000_20220504,18.14790827200104
S03103370_20220504,18.124567059391556
S05018650_20220504,16.639147810338724
S03001000_20220505,20.06390063474382
S03103440_20220505,19.99030610425287
S05007290_20220505,13.932258095318481
S05144250_20220509,15.49550345322575
S05128950_20220510,12.546100173330057
S03219780_20220511,15.405445972612782
S05139000_20220511,13.174278555638935
S04074380_20220511,15.05047805098123
S04782005_20220511,19.61752822268116
S04660012_20220512,8.128016315118611
S04660011_20220512,10.988942946110388
S06820156_20220512,13.60357971634878
S04652000_20220512,14.373040922185247
S03219263_20220512,17.545417532430086
S04660013_20220512,12.694249937997384
S05031120_20220516,17.073828448929525
S03230790_20220517,15.43458294104145
S06300620_20220518,14.370789259038304
S03036070_20220518,16.84387958602387
S03233825_20220518,14.115287853371788
S03215193_20220519,16.315263080649316
S05065000_20220519,20.11954347236056
S05065500_20220519,20.733294243578626
S06820043_20220519,17.877971280924633
S06095000_20220520,14.566416175503928
S05033570_20220520,17.117547116226962
S04413008_20220524,16.048415275905874
S04584000_20220524,13.063375390418896
S04440003_20220527,14.206722915599858
S06003500_20220527,14.369422214954707
S03128935_20220530,15.71097069188323
S03207610_20220530,15.527343657629697
S06083580_20220531,17.991784306925656
S05080745_20220531,15.71139170137526
S04604005_20220531,15.240594259104933
S06020500_20220531,20.29891700030461
S04131200_20220531,14.186837240573599
S04137993_20220531,13.609598594723376
S04304000_20220531,17.156447025949085
S05078900_20220601,15.934417817965763
S05108145_20220601,16.02450753035851
S05079100_20220601,14.428695687299175
S04613024_20220601,13.130879467732672
S04016980_20220601,18.177351376243642
S06021500_20220601,20.30168848260947
S04453029_20220602,12.641197099509018
S04453027_20220602,14.093305287566556
S05167800_20220602,19.48452524903106
S06035500_20220602,14.50233232758867
S04041200_20220602,14.838015429050401
S04123980_20220602,13.516624474292556
S05106245_20220602,15.253274034577945
S04083000_20220603,11.553095730278276
S04126295_20220603,11.313921422646565
S06830800_20220603,15.87887150285972
S05006200_20220606,18.9040908449539
S05125387_20220607,11.775356228360188
S03234346_20220607,15.267445196122571
S05132130_20220607,19.909259669998928
S04027210_20220608,18.165315567881663
S05151982_20220608,14.96311014767102
S06580713_20220608,20.232415510556297
S06028100_20220609,13.694313713350798
S05101400_20220609,17.20567907005227
S04057730_20220609,12.897090508427532
S04636007_20220609,12.584779351727502
S04088000_20220609,15.639957401051976
S06105568_20220609,16.286230507313377
S04153300_20220609,12.552665880551299
S06074500_20220610,12.23563039356496
S05098850_20220610,15.010130438407337
S04086950_20220613,13.055099951512869
S05098000_20220613,16.751927125500238
S06148430_20220614,18.744522132894268
S05025830_20220614,15.360963208094658
S06113270_20220615,15.949635186865944
S06040400_20220615,14.74998370377732
S05119070_20220615,15.316098684128939
S06580333_20220615,17.01922122439736
S04089400_20220615,16.179230014462625
S06118600_20220615,19.27358862630405
S06580458_20220615,17.891311828120664
S06470900_20220615,14.406379259726414
S04541003_20220615,14.970076315400398
S06000890_20220616,15.006609115536056
S06043869_20220616,14.628262925971148
S05119030_20220616,16.120448729864744
S03191700_20220616,14.574934534948692
S06069650_20220616,20.033922360216973
S06038110_20220616,13.09785573197074
S03040250_20220616,16.22808634092797
S05096360_20220617,17.128814876106578
S05025600_20220620,13.500625211973578
S06850166_20220620,17.756683422170475
S04061000_20220620,12.37863923508884
S04061600_20220620,11.41023734889998
S05091090_20220621,18.04624103276599
S03270450_20220621,11.684951894466476
S04131250_20220621,12.968060261430345
S06590210_20220621,19.969283583051286
S06195330_20220621,16.735393394557065
S04029625_20220621,16.702837072153972
S06215000_20220621,19.260646001960062
S05001600_20220621,17.939076199558542
S05170800_20220622,18.054947364668077
S05091310_20220622,15.570397351068577
S05091280_20220622,17.00348480540083
S06222370_20220622,15.911497569759266
S06222380_20220622,17.512629125973312
S05005610_20220622,10.32132034979298
S06182062_20220622,17.443237678147014
S04135000_20220622,10.71501331990954
S03273266_20220623,12.669432766024569
S06446401_20220623,17.433876538237392
S06169100_20220624,11.884454288273389
S05037000_20220627,11.209338106072135
S05234027_20220627,14.66974708579433
S03163742_20220627,15.871566074789891
S06001219_20220627,12.031002891403663
S05030000_20220627,14.721958132397155
S05029650_20220627,13.870038460804489
S03164285_20220628,13.56523077006225
S03222345_20220628,15.95258862297877
S06195000_20220628,13.306670488368951
S03083450_20220628,14.773209119285958
S03104000_20220628,15.98314418938358
S05229080_20220629,14.037529965973
S03162000_20220629,15.124104222751114
S03202250_20220629,12.485009530969503
S03221940_20220629,17.144415737200873
S06177956_20220629,12.646108265510826
S06180500_20220629,13.526808583137417
S03063650_20220629,14.12583870999401
S03134708_20220629,14.541631336725473
S06620810_20220629,19.8052211018298
S05234026_20220630,14.518004495117541
S03213480_20220630,15.352342886190758
S05234011_20220630,14.638428022973304
S05166900_20220630,14.145750165419162
S04119750_20220630,14.935737275409918
S03162325_20220630,15.487608641973837
S06215790_20220701,17.381443570319124
S05148000_20220704,19.493406748812124
S05234024_20220704,14.569636289912305
S05225100_20220705,10.614693178687553
S06173460_20220705,15.534519573125914
S06300010_20220705,20.058629538216394
S05230020_20220705,14.28208755162756
S05228280_20220706,13.932778839160015
S06189500_20220707,13.444241926909342
S04506017_20220707,14.184141791001633
S04506022_20220707,13.590644645796196
S06176120_20220708,19.07227864561182
S04211950_20220708,9.238375892153428
S05058100_20220711,16.6243817059137
S05060400_20220711,14.828210316699536
S05060500_20220711,15.744145587483683
S05132800_20220711,17.00428665130804
S05139335_20220711,17.66345858451437
S05061200_20220712,16.137046306749312
S05023960_20220712,13.546522912989468
S05158160_20220712,14.431034510223778
S05060200_20220712,15.797159431445472
S06580171_20220712,18.366008290913996
S05023050_20220712,14.413998582283547
S05137090_20220712,20.129102754323995
S04134000_20220712,12.24337018768935
S04057200_20220712,15.250957855554258
S05139355_20220712,13.918810078157797
S05157800_20220712,15.11263889302328
S03240320_20220712,15.035276198343826
S05139112_20220713,12.65616445673254
S03105865_20220713,15.533968971074142
S05158294_20220713,14.755783690534638
S05157250_20220713,14.618443209166292
S04041700_20220714,12.137156542178436
S05138100_20220718,18.356831535447107
S04154200_20220718,13.98031953673748
S04033300_20220719,16.34189429507294
S05087000_20220719,15.33985888668327
S05087880_20220719,17.9462235346205
S03052245_20220719,13.487554648696708
S06179500_20220719,6.763804329407288
S05068080_20220719,18.234231987688446
S06149070_20220719,15.979659793576147
S04110000_20220719,13.652744906907136
S06010000_20220719,13.72469140302367
S05116530_20220719,10.636155551063348
S05088120_20220719,14.410424712374677
S05007985_20220719,13.58281727360768
S05114000_20220719,14.360937404844904
S05135900_20220719,18.104221480406103
S03057000_20220719,15.132168549422712
S06000868_20220720,17.559712205408687
S06000425_20220720,20.0182151273662
S05068355_20220720,18.332918547775712
S05061942_20220720,17.678855388392453
S06180860_20220720,13.48460290964778
S03257800_20220720,13.106804313514807
S04076000_20220720,16.675771594124377
S05046100_20220720,15.356693402283899
S04096400_20220721,13.654448859711124
S05134260_20220721,15.022755603871968
S03255180_20220721,15.446048945837878
S03033000_20220721,11.19071592869077
S05064120_20220722,12.204128073953651
S06580960_20220725,20.19198754624101
S06820316_20220725,16.529344648835615
S05068270_20220725,16.538491704926653
S06580980_20220726,13.872743727339472
S06178000_20220726,10.784582585136405
S05117450_20220726,14.965117481765894
S05162450_20220726,12.095229954547348
S06117380_20220726,15.496593044310703
S05015800_20220726,17.102608385692218
S04009480_20220726,11.375737902042882
S04111000_20220726,12.497694702577025
S04165800_20220727,13.50248527335026
S05011600_20220727,15.158303840881945
S05179500_20220727,20.170814303087067
S05176160_20220727,18.950141969090303
S05176170_20220727,18.29208794296136
S05118000_20220727,15.230150923894765
S06147210_20220727,16.449205216258736
S06177000_20220727,15.818087533966361
S03244910_20220728,15.794098513989091
S04096175_20220728,13.773866714711687
S04090500_20220728,14.520446393631309
S05115000_20220728,11.141958610983224
S05234000_20220801,12.27979722031573
S05133000_20220801,18.434523750900347
S06300250_20220801,11.754351037742143
S04192100_20220801,12.451155579744977
S06710110_20220802,20.210381392174337
S05197010_20220802,10.826704221761393
S05197600_20220802,19.108724823220818
S05235850_20220802,20.033091324837635
S05052700_20220802,14.270028726467855
S05222995_20220803,14.192841485591819
S05099300_20220803,13.75397506868086
S05106850_20220803,13.751218132097804
S04392002_20220803,9.294181517883754
S03071080_20220803,14.466334749128574
S05121000_20220803,10.577188951978387
S05220950_20220803,12.928503437222883
S04146600_20220803,13.209292744984237
S03024510_20220803,13.52448018027069
S05234900_20220804,15.406240914079437
S03127550_20220804,16.157081206792608
S05233000_20220804,10.440811400932189
S05054020_20220804,19.652459133542123
S05120092_20220804,15.668633347653927
S03241330_20220804,13.720764725828017
S05234287_20220805,14.866058380913055
S03033030_20220805,18.358825258649723
S05143120_20220805,18.489644913986005
S05154250_20220808,9.32647586872413
S05197100_20220808,15.355825238158346
S05207150_20220808,6.706710619430437
S05151200_20220808,19.325891163311084
S05230990_20220808,10.271397756355224
S05152000_20220808,10.750043307859205
S05153000_20220808,14.69845152728196
S05223145_20220808,11.697341197624038
S05155800_20220809,13.15575640170787
S04082000_20220809,15.860045253546552
S06580640_20220809,12.504873853096912
S06175645_20220809,19.72224538895498
S04024300_20220810,12.913574723967903
S05203060_20220810,19.548767387980853
S05125510_20220810,14.815716459924413
S06167000_20220810,14.832683122924925
S04180100_20220810,16.901660817171663
S05148150_20220810,17.38864828554864
S05207030_20220811,19.357190719159547
S04338003_20220811,14.330692191646143
S04178455_20220812,17.28148379724161
S05158700_20220812,13.286296829524662
S04011100_20220817,13.09837713550608
S05177000_20220818,18.47835918392167
S03236690_20220822,14.580941311287647
S04354000_20220822,19.27684521328736
S06166990_20220822,17.5097137623585
S05069940_20220822,18.327498348558652
S04195400_20220822,17.022523322298913
S05131000_20220823,10.135431360283789
S04070230_20220823,9.54361523622049
S03127370_20220823,12.300322518021026
S04068200_20220824,14.746577329341806
S04074200_20220824,14.340634650220082
S05170000_20220824,15.725981700858805
S03084470_20220824,13.763191587471315
S03018431_20220825,16.41941056836732
S04194500_20220825,16.55831873048726
S03271965_20220825,9.80549305286483
S04067200_20220825,14.505110097025181
S03131000_20220829,14.579337041278537
S04197818_20220829,16.6254009898596
S04009000_20220829,12.06639250461909
S06139750_20220830,14.595763134325093
S03025238_20220830,16.26902589477019
S04134700_20220830,15.730144322485646
S06137250_20220830,20.30189121861739
S03033120_20220830,17.94583896384676
S04175500_20220830,16.912095824614028
S05172920_20220830,20.008308985778363
S05080960_20220830,15.386131544420437
S05083400_20220830,6.739922694052952
S06053000_20220831,13.956397982677533
S06462300_20220831,16.65719705146464
S05076050_20220831,15.364583213981632
S04606025_20220831,11.324489407799916
S06830110_20220831,17.919957865051998
S05167010_20220831,17.352801056304724
S05068505_20220901,19.432685798882513
S05191200_20220901,17.3233661511738
S05192024_20220901,20.44152319555944
S04021000_20220901,10.492964843985996
S05191150_20220901,16.484695377354537
S05091540_20220905,15.472990862454225
S04000580_20220905,19.678834308898544
S05044300_20220906,14.434622100158997
S05126150_20220906,17.161648406430192
S05126060_20220906,14.311850848930831
S05125230_20220906,15.374509554688718
S05068700_20220906,18.088359004021775
S04404007_20220906,10.914589098676544
S05055900_20220907,11.047222382153747
S04009350_20220907,15.67500138352164
S05091000_20220908,16.89381018125299
S05120020_20220908,15.593314509500509
S04475026_20220908,13.880434230944404
S05055600_20220908,20.13014582354285
S05089060_20220909,19.882059701783053
S04052600_20220909,9.42658772054428
S05173280_20220912,16.611627440975838
S04063420_20220912,14.463017178167174
S04168140_20220912,10.377069204495958
S05031380_20220913,15.732494241093608
S04171450_20220913,14.090076600195648
S06330110_20220913,19.66131414953646
S05033590_20220914,16.006753266535437
S05033800_20220914,15.94510560613617
S05034700_20220915,15.444286126714687
S05041000_20220915,17.07991961405557
S05039000_20220916,13.050520953118664
S05207150_20220919,12.499363401842615
S05201030_20220919,15.56829815916586
S05237000_20220920,16.942654971094345
S06003005_20220920,17.677340594812353
S05199700_20220920,16.623884169246363
S05201060_20220921,17.218000469903377
S05099000_20220921,14.77402839727159
S05204880_20220921,19.349014482172237
S05206180_20220922,19.974875848554312
S06001289_20220922,17.166582509415615
S06106600_20220928,12.955102609092632
S05216210_20220930,17.534829882650182
S04403008_20221005,11.977732079065383
S04001900_20221006,14.051943556847753
S05180880_20221007,14.875502580119553
S04401005_20221011,12.825051198526001
S06001769_20221011,13.873399828266148
S04001940_20221011,15.424983290493653
S06462100_20221103,19.303181129821553
S06154250_20230207,20.003190392896116
S06159930_20230214,20.45902433071615
S06069600_20230228,19.286350331219367
S06129600_20230404,9.167205888335596
S06178057_20230411,7.995410641394699
S06177988_20230412,17.12027641947345
S06177760_20230412,13.03243510664729
S06179665_20230413,16.75551262739225
S06580075_20230419,14.337193025272017
S06000520_20230509,14.511093459260238
S06113260_20230511,19.931065273303744
S06300121_20230522,14.17191037278927
S06300620_20230523,13.831438065824527
S06084770_20230523,19.962624772952413
S06455050_20230524,10.678897664167213
S06016500_20230524,14.533862892496824
S06262450_20230525,19.225159319624915
S06850166_20230530,18.341346888917712
S06074500_20230601,14.76651880287828
S06069050_20230602,9.719945185740798
S06131900_20230607,11.830908524318925
S06190900_20230608,11.155362320993797
S06173460_20230612,17.10422852417477
S06187100_20230619,18.726608787659845
S06000580_20230620,16.528003143416285
S06000579_20230621,15.409428638248515
S06090600_20230621,19.35655325569511
S06940940_20230623,15.362705231319072
S06126600_20230626,15.619057329754318
S06474920_20230627,14.040457404293416
S06014990_20230630,15.839766428572492
S06411400_20230704,13.552462890640836
S06108500_20230704,19.894034013963164
S06580458_20230704,16.609614690417796
S06405950_20230705,16.45839822803817
S06003500_20230705,12.534010570409688
S06119000_20230705,17.049145714013168
S06094039_20230711,14.289575242523153
S06177972_20230712,10.66621777967378
S06000401_20230717,19.96757088845927
S06300056_20230717,13.250150748401296
S06182062_20230718,16.273176816271
S06830119_20230718,18.793743792577178
S06195330_20230719,16.12825392956961
S06173650_20230720,14.755152550505615
S06076420_20230726,17.23659645882758
S06830139_20230818,17.390866887894358
S06178000_20230822,13.364984892540484
S06830142_20230830,19.921450091898404
