SamplingOperations_code,IBD_EQR_Status
S05235850_20070709,21.031416407747578
S05113000_20070723,8.648779046325696
S05082000_20070724,14.312204298334064
S05111500_20070724,10.515085107373087
S05086000_20070725,14.839561659365891
S05030000_20070725,14.501169303330645
S05025600_20070725,11.422902047730418
S05048000_20070726,15.488295941704102
S05035200_20070726,19.04260399725107
S05077950_20070727,13.051589755269184
S05111620_20070727,15.528729727101508
S05191000_20070727,12.24281839363804
S05153950_20070727,15.460833913923251
S05225100_20070727,13.603733203989057
S05031850_20070728,16.0924546064812
S05041000_20070728,14.029175188825493
S02115660_20070730,18.73956536199678
S02115725_20070730,16.14761241116151
S05192320_20070731,18.996601918210153
S02115800_20070731,15.402333781772631
S02106430_20070801,14.998020495451694
S02124000_20070801,12.788542954080516
S05214320_20070801,9.702635666042688
S05089090_20070801,17.488903222090485
S05230500_20070801,18.27328039769742
S05109020_20070802,15.780223799344467
S05111000_20070802,17.79468845331477
S02115685_20070802,16.150156681614448
S02115675_20070802,14.227708421705605
S05220920_20070802,15.200197829321828
S05204200_20070802,19.84139839774965
S05206000_20070802,20.04314389288561
S05174000_20070803,14.317607967314814
S05151000_20070803,19.4052415028029
S05200050_20070803,19.196781868229095
S05164000_20070803,11.166080024075177
S02041750_20070804,11.768597070821434
S05165255_20070806,12.668476314492718
S05176000_20070806,15.097186608980287
S05175800_20070806,16.44490577036398
S05145410_20070806,19.0490868046981
S05181600_20070807,19.321820590272665
S05181000_20070807,19.79443275779291
S02032000_20070807,14.34368198014421
S05076000_20070807,11.003739842148484
S05026000_20070807,10.054210288236465
S02017000_20070808,14.44355225154036
S05173150_20070808,19.931024955751532
S05167950_20070809,7.364929711063992
S05167450_20070809,10.879320913636937
S05171900_20070810,19.641097102830045
S05096050_20070811,16.225520286438183
S05158150_20070813,14.43992523336728
S05145300_20070813,19.12671778076254
S05156950_20070814,11.010418047374124
S05159000_20070814,11.396651506306984
S05130000_20070814,12.991203474346342
S05068020_20070814,15.217955413960633
S05093300_20070815,15.39085584351536
S02094920_20070821,15.313145972173476
S05142100_20070823,15.018002056704626
S05135100_20070824,15.37704241017152
S05140000_20070824,18.35414001825311
S05135000_20070824,18.028658240914723
S05132000_20070825,12.904278611615123
S05125000_20070825,15.834211655150435
S05124000_20070825,14.4162816748249
S05131200_20070825,11.906961257042983
S05123000_20070825,11.959529608171387
S05120085_20070825,15.430446318097902
S05122000_20070826,14.234978909881326
S02059500_20070827,12.75213856119029
S05022450_20070828,16.82624072216504
S05015100_20070828,15.162574608384976
S02057000_20070829,12.337442092243723
S02070000_20070829,10.234627572482795
S05013100_20070830,14.77998210436183
S02067400_20070830,13.081715892535335
S05001600_20070830,13.439890691177633
S05000150_20070830,15.758469773355705
S02085325_20070831,10.082671831232119
S02085600_20070831,7.860605149574365
S02079000_20070831,7.402592879865589
S02088000_20070903,9.967880904915852
S05230990_20070903,9.24196042356544
S05223130_20070903,10.612037634873593
S05226030_20070903,13.49092532078597
S05223160_20070903,12.789340229671495
S02110600_20070904,16.13970989325209
S05192305_20070904,18.2541046221749
S05192200_20070904,17.006042247914195
S05227240_20070904,13.794055616920181
S05053100_20070904,17.792397329543476
S05055950_20070905,17.118322208173268
S05090050_20070905,13.698710248021541
S05053000_20070905,14.416975206124818
S05129070_20070907,14.5174704811011
S05042080_20070907,14.624635240192175
S05055940_20070907,17.379728491520623
S05044300_20070907,16.09030962857177
S02001500_20070907,16.60555176203537
S05119065_20070908,15.354693318387264
S05089000_20070908,14.651462009446005
S05088400_20070908,14.645089831301869
S05119080_20070909,16.076443598033947
S02044000_20070910,13.116173016260184
S05056900_20070912,17.073437066664066
S05057150_20070913,20.315263932283393
S05055550_20070914,20.150420745442567
S05055600_20070917,19.7506356805074
S05068850_20070917,19.97734883755758
S05068355_20070927,19.340723151705678
S05055150_20070927,20.42998915991858
S06580839_20080304,20.031732319385192
S06168250_20080623,14.033954362258866
S06300072_20080625,10.951723532786836
S06185500_20080702,15.22596270260846
S06580816_20080702,15.702268011201527
S06580150_20080702,14.876694693088094
S06187100_20080707,16.50206113521345
S05121000_20080707,9.288373947383702
S06175500_20080708,17.153580220708708
S05133100_20080708,18.114773253435203
S05137000_20080709,20.205315906762962
S05134310_20080709,13.651666647893052
S05134000_20080709,11.759193092239475
S06183850_20080709,7.333488110583177
S06179200_20080709,15.260569439575528
S06222390_20080709,12.232410987346453
S06830800_20080709,14.326360924244662
S06178935_20080710,17.245026129350816
S05154500_20080710,15.598512729686417
S05117000_20080710,12.082472603390823
S05057150_20080710,20.297630362616932
S05117500_20080711,16.02550281685733
S05068355_20080716,19.136784417315592
S05068020_20080716,17.992487017254337
S06108000_20080716,20.28796004850019
S06425800_20080716,14.283246638664798
S06044900_20080718,11.576575790996369
S06020500_20080719,19.32336032593389
S06084360_20080721,19.892289582008893
S06129550_20080721,15.025389434655962
S05049950_20080722,19.175110061875028
S06183800_20080722,16.718337318128132
S06183900_20080722,16.861393456543738
S06130500_20080722,17.335061247440652
S05060000_20080722,14.311749590399378
S05046000_20080723,18.257986855792062
S05045250_20080723,14.705546205674581
S02107870_20080723,16.551830170105845
S05068470_20080723,15.666745244801016
S05068400_20080723,18.67280419865961
S06006550_20080723,15.492345721970455
S05107000_20080724,14.25417803616619
S06097000_20080724,5.606502162458691
S05033500_20080724,14.522905243331586
S05111650_20080725,16.001935954429182
S05022000_20080725,12.952500676846881
S05003000_20080726,13.205432055987025
S05191200_20080727,16.29325992411521
S05074000_20080727,14.584140265629562
S05081000_20080728,12.147881274283739
S05132600_20080729,14.236534483014038
S02115725_20080729,16.23440040492084
S05149600_20080729,16.38285891439
S06710030_20080729,19.372233026467313
S05112210_20080729,16.29407461667397
S05228500_20080729,14.20241946817738
S02093100_20080729,12.25685248388552
S05096100_20080729,17.856716803305414
S05148150_20080730,20.120967581004805
S05145900_20080730,19.438465025134754
S05021650_20080730,13.5695845216097
S05217150_20080730,19.259505877710723
S05035300_20080730,18.103885961681282
S06003805_20080730,15.86027452680005
S06003945_20080730,15.587123016321312
S02123000_20080730,14.537231167619186
S06179800_20080730,16.974922202645644
S02115775_20080730,14.545279720218574
S06117580_20080730,15.925089039443156
S02106600_20080730,7.530706969946949
S02116500_20080731,19.180310420221893
S05183000_20080731,20.818493305620937
S02117350_20080731,15.279709440721394
S02070750_20080731,14.284085881098672
S02072600_20080731,15.239198060141836
S02070250_20080731,11.055248236314123
S06411350_20080731,14.517543611711966
S05055150_20080731,20.247602432565948
S05089080_20080731,20.371468619834616
S05054600_20080731,15.9199395823025
S05067000_20080801,18.844105259661863
S05068270_20080801,18.541631571081908
S05067950_20080801,19.96042058503685
S05068300_20080801,19.65393333292711
S02051000_20080801,14.281663556093498
S02057400_20080801,6.909054436030493
S02067400_20080804,14.136320303603236
S05149000_20080804,19.983849454238815
S05147000_20080804,20.206569614169787
S05158200_20080805,14.829280722361137
S05158150_20080805,14.857639040591373
S02065090_20080805,16.209948413633214
S05007600_20080805,14.812673264190986
S05170900_20080805,19.64862847030168
S02001500_20080805,17.956016087669227
S02045500_20080806,14.027687157334137
S05088130_20080806,19.839256352608594
S02025100_20080806,11.805410639208336
S05011730_20080806,18.371586861970627
S05015100_20080806,15.059845434231933
S02021000_20080806,9.057875024142428
S06580178_20080806,9.477037038662683
S02036000_20080807,11.131692407434658
S05018950_20080807,17.030863894039655
S05125860_20080807,18.61008647310633
S02020000_20080807,14.050426852439509
S05230990_20080807,13.403545950793733
S02030500_20080807,13.869273130720158
S02019500_20080807,11.466679953341337
S05018800_20080807,17.959200914081055
S02079000_20080808,8.39413777197747
S02003200_20080808,12.534587441150524
S02010000_20080808,8.664323677994544
S02001016_20080811,12.263626048860527
S02003100_20080811,14.23803680191358
S02000010_20080811,13.729458880367217
S05068700_20080813,18.265409640453917
S05068760_20080813,14.210890240427966
S05069000_20080813,19.123677345779402
S05069900_20080813,18.620388314702858
S05053100_20080814,17.684984257968544
S05056000_20080814,18.356323533383303
S05055000_20080814,19.974412383024436
S02082970_20080814,14.575164840630428
S05053975_20080814,17.712607598217787
S05057050_20080814,19.49843761572116
S06153070_20080818,14.707055277265017
S06820850_20080819,12.23292565707154
S05234980_20080819,19.4224937387929
S05231500_20080820,10.07401494202963
S05227000_20080820,14.500931783155862
S05192018_20080820,19.591909368929663
S05229000_20080820,14.162166228805518
S05189000_20080821,19.720869791900203
S05046700_20080821,15.178442201524105
S05224000_20080821,7.336598919303819
S05217400_20080822,15.503408656237193
S05220920_20080822,14.983540339276814
S05076800_20080825,18.175695990894603
S06098700_20080827,12.144824037247181
S02082350_20080829,6.525431004131553
S05150600_20080903,19.652259251337675
S05151000_20080903,18.08120365825161
S05098800_20080904,15.308918161220358
S05171900_20080908,16.975736529855343
S05055900_20080909,13.957415816014194
S05183970_20080909,18.59352417046759
S05055940_20080909,16.28443546744254
S02108700_20080909,17.806268768647698
S02109000_20080909,16.97769216644259
S05042080_20080909,13.963759669247239
S05042085_20080909,15.482309518574379
S05044300_20080909,16.07418798102634
S05158000_20080910,13.686182365567772
S05162980_20080910,12.422545235746513
S06217500_20080911,18.944942033424326
S05139230_20080915,15.325370272638798
S06215800_20080917,18.609263867284945
S06215000_20080922,17.56582473610966
S06065700_20080930,12.324209822650285
S06106600_20081002,15.076830355851131
S06580362_20081014,20.122820257728215
S06149500_20081014,12.56481299000831
S06820126_20081105,17.618747963968268
S06135600_20081110,20.223308334818363
S06830152_20081215,15.638658624796086
S06063500_20081215,20.507851772120155
S06090600_20081216,19.945558218868538
S06135600_20090216,20.35925445889542
S06139500_20090319,15.02524134334632
S06154250_20090324,19.998137474553204
S06115080_20090505,20.556417896657344
S06108000_20090513,20.105034163956045
S06174950_20090528,19.012962430461908
S06120560_20090529,16.474692077662862
S06180500_20090602,13.433960413681667
S06178042_20090604,14.319230319803768
S06205435_20090616,12.4808397888104
S05130000_20090617,12.070252122295862
S06193500_20090617,14.004247766088877
S06035690_20090618,14.535969633328731
S06580318_20090622,14.286452714105012
S06107760_20090623,15.828155127687243
S05068400_20090623,19.701651253147286
S06178070_20090624,15.93521945238651
S06150820_20090624,14.82043635974183
S06094150_20090624,13.839516745230775
S06175840_20090624,18.064325485340166
S05181600_20090625,19.880804792179084
S05181800_20090626,19.749721294197826
S06175540_20090629,20.202864554914182
S06176950_20090629,19.823871325374324
S06094230_20090630,11.243372365007831
S06175320_20090630,19.778847000059898
S05145600_20090630,18.32615871472507
S06176000_20090630,20.2507690206393
S06710038_20090701,14.240555978426515
S02100600_20090701,11.842250237015925
S06830550_20090701,12.27266183736311
S05086280_20090701,15.882182592799134
S05173150_20090701,20.088585110109072
S05090000_20090702,14.539801671303993
S06250270_20090702,13.144257648242606
S05084000_20090702,13.94541371747327
S06000980_20090702,13.260942113866314
S06106030_20090702,12.380967470397156
S05081000_20090702,14.256425155072717
S06121020_20090702,13.100038001846752
S06216160_20090702,8.692434752633591
S06166990_20090702,20.219736719731685
S05179500_20090702,20.08704767374074
S05129000_20090703,12.195962967766164
S05218850_20090706,13.506601945986723
S05192100_20090707,16.088473397805608
S05197900_20090707,12.938395606844502
S06177980_20090707,10.217092971016472
S05223145_20090708,8.61500164992512
S05101420_20090708,18.16050862945374
S05139230_20090708,17.018291387718254
S06188785_20090708,17.194937811732824
S05024000_20090708,12.922480100721593
S05223170_20090708,8.880082757121864
S05229250_20090709,17.588743756408682
S05011600_20090709,17.272102121999566
S05033200_20090709,18.517228106530876
S05134300_20090709,14.202345983623962
S05132000_20090709,14.13019460311592
S05000150_20090710,17.314206798227875
S05007600_20090710,14.518480164850647
S05025000_20090710,16.761870664616872
S05228000_20090711,14.750716672527302
S05005950_20090711,15.454049378172568
S05032800_20090716,16.16718255344774
S05033800_20090716,15.603799516005305
S05038000_20090716,14.581053107829984
S05044200_20090717,16.684120017477188
S05021800_20090717,16.001032463016482
S06206000_20090720,14.059121488086687
S06006900_20090720,14.703549220121891
S06043875_20090721,13.033624030802912
S06405950_20090721,20.25084678098805
S06016940_20090721,16.86457218460097
S06000890_20090721,14.401869497584011
S06211700_20090721,17.551831601706635
S02011000_20090722,11.334953635522393
S06425800_20090722,14.192799922289066
S06440445_20090723,14.553312077686718
S02013000_20090723,13.797124380803742
S06435450_20090723,16.877281096945747
S06018200_20090724,16.774346121016073
S06020100_20090724,15.752846262552929
S06084000_20090724,20.036900851399693
S02106500_20090727,12.882750180081832
S02106750_20090727,13.498918236642092
S05155300_20090727,15.039524345252266
S05153940_20090728,15.015825471299088
S02054500_20090728,11.914179913010837
S05108000_20090728,12.867790222950742
S06003805_20090728,16.076640360804472
S06003550_20090728,15.675342799049517
S02068800_20090728,9.030981038193243
S02103950_20090729,14.646656823093679
S02075300_20090729,13.252747453298555
S05233500_20090730,11.975002400654759
S02090000_20090730,7.884861589425669
S05230500_20090731,18.917795181741727
S02076180_20090803,16.150899333829447
S02024000_20090803,11.117215657596544
S02038000_20090803,14.11293265706822
S02025150_20090803,11.819001885512913
S02045160_20090804,7.973642309111855
S02025500_20090804,12.74765203115847
S05031300_20090804,14.927634027349612
S02030500_20090804,14.147091733275957
S02117000_20090804,14.505996123520179
S02116600_20090804,15.498860371765065
S05218700_20090804,19.403296603840033
S02115000_20090804,14.492782886475789
S02036265_20090805,9.86473388751537
S02035000_20090805,14.085468281226703
S02032000_20090805,13.265742944686203
S02041000_20090805,10.743209988867676
S02084900_20090805,4.842819190244777
S05005610_20090805,8.516016896187853
S02120000_20090805,13.053697195585752
S05234015_20090805,19.161811695788025
S02121050_20090805,9.409021628677998
S02048980_20090806,14.855294986571664
S02067000_20090806,14.432309086065663
S05011000_20090807,14.950493848338931
S06830079_20090813,20.195567675561854
S05067800_20090818,19.30358113419344
S05090050_20090818,10.796155896118572
S02061500_20090820,12.714937057419316
S05064750_20090821,12.096966420559633
S06700070_20090825,19.010216249173656
S06300010_20090825,19.032373705182536
S02106815_20090826,14.12908264115197
S02107400_20090826,18.4546741323091
S06222600_20090902,19.532025218183428
S06044900_20090902,9.855635328229088
S06470900_20090909,15.071383667286813
S06104000_20090923,13.362889471079075
S06830152_20091215,15.1880768752976
S06139500_20100317,14.402719287725791
S06209970_20100531,15.440035317403234
S06109050_20100601,20.01255623670227
S06101000_20100602,17.20720314685847
S05056000_20100602,18.88107901002863
S03134730_20100603,15.381859077471514
S06178050_20100607,15.316761374671827
S06177750_20100608,14.113001672262879
S03006590_20100610,19.985670030507677
S03001000_20100610,19.801511870742612
S03006271_20100610,19.55538940165509
S03002100_20100610,20.104825542179775
S03006268_20100610,20.249702444350884
S06580150_20100614,15.366776881138344
S06091600_20100614,20.048333356877833
S05166000_20100628,16.327641675559587
S06830550_20100628,14.570861093162934
S05180800_20100630,19.976573657736658
S06175540_20100701,20.502380478000745
S05176000_20100702,19.654895207735933
S05029500_20100703,19.275028242159294
S06416910_20100706,12.299385056901324
S06039960_20100706,14.173871836263542
S06045750_20100706,17.239205800113066
S06116720_20100706,19.66613518479013
S06004870_20100706,15.19605296022975
S05046000_20100707,13.987712926140453
S03036510_20100707,15.107995318925315
S06147215_20100708,19.127835740254774
S06147655_20100708,14.737285307163688
S06074500_20100708,13.775530089885375
S06940940_20100708,16.031778246140846
S06310200_20100708,11.800510525543807
S06033000_20100708,18.807044292794544
S05130000_20100708,12.446942944400954
S05083000_20100708,14.261647608654002
S06085500_20100709,20.039912995378167
S03055000_20100712,15.456250735395505
S05091210_20100712,17.196237015216827
S03189975_20100713,14.884792929980827
S03189900_20100713,13.34332288474518
S05058100_20100716,13.800124392200622
S03082000_20100716,12.98655359015456
S03084470_20100716,13.427588517786074
S06300600_20100716,19.964140242010252
S05048000_20100717,15.246249901452845
S05074000_20100717,14.886743171336867
S05029500_20100719,15.748357398912466
S02000010_20100719,15.548669212713895
S03156580_20100719,15.747337105573296
S05125780_20100719,16.838236414545833
S02000011_20100719,14.577264734519133
S03277658_20100720,14.95378001952319
S02010000_20100720,5.144718677268086
S05024200_20100720,13.557084338457138
S06051550_20100720,11.380669769937096
S06204550_20100721,14.829055823564138
S05035300_20100721,19.610612317206183
S02052500_20100721,16.289088872343818
S03129440_20100721,5.960307383928516
S05095000_20100721,15.065584476046627
S02009000_20100721,15.967801441869717
S02020000_20100722,12.653125119767779
S02019950_20100722,11.889336411057737
S02018500_20100722,13.531806841330752
S05088400_20100722,14.636307225162328
S05116650_20100722,15.821050245109905
S02022760_20100722,14.416943126162417
S05049950_20100723,19.290654601065356
S05061942_20100723,16.419805808229157
S03153139_20100723,15.173008830978613
S05067800_20100723,20.02806248471242
S05096100_20100724,16.53912220943907
S03005200_20100726,15.273186497097495
S05106820_20100726,18.28006664296545
S03078510_20100726,13.470643849586406
S02001046_20100726,15.065498301704705
S05106400_20100727,15.037880920685422
S03011300_20100727,15.500158771677482
S05153940_20100727,15.431722259713698
S02030350_20100727,13.363863227596848
S03085805_20100728,15.311063172723598
S03085730_20100728,14.628659809595073
S03092811_20100728,12.01998746461627
S05057150_20100728,19.712410751018986
S02067150_20100728,12.713024977579176
S05097750_20100728,11.88777268453877
S05096400_20100728,17.70208628186732
S03004280_20100728,16.10488854149136
S03008505_20100728,13.46940441429265
S02076180_20100729,12.10245467475892
S03093445_20100729,13.758929509871567
S02056200_20100729,5.98492358519591
S06215900_20100729,19.62409381134686
S05091560_20100729,14.203188985573828
S03094356_20100729,14.385416869644638
S02057600_20100729,14.593301073850837
S03088800_20100729,16.981937853872207
S03088410_20100729,15.088023360305044
S05065000_20100730,15.940990080556997
S05068645_20100730,18.163163174076587
S03149081_20100730,14.166581141770337
S05119050_20100802,15.105890142748136
S05120010_20100802,17.119890855381563
S02093100_20100803,11.30626804537045
S05154500_20100803,11.850843834239395
S02063000_20100803,13.564878864568804
S06153070_20100803,14.929403948129448
S06005550_20100803,15.11771373928164
S02116000_20100804,14.780087015259612
S05140500_20100804,18.860834576031074
S05069900_20100804,19.273066850509828
S05218000_20100804,19.644075690337424
S03231260_20100804,13.335383185844536
S05137000_20100804,19.52520190650459
S02054100_20100804,14.618122067222238
S03267530_20100804,14.91886035605576
S02057400_20100804,13.584789651563009
S03269000_20100804,11.844616047917185
S05125000_20100805,12.87634377816239
S05234020_20100805,8.395483563625797
S06169880_20100805,17.73154524630802
S05121350_20100805,15.98212348962221
S05122000_20100805,15.226853698978658
S03165020_20100805,14.514691512391689
S05220950_20100806,13.61583572436359
S05226500_20100808,13.754400135871037
S05225300_20100808,15.59426192222006
S05192024_20100809,14.939876154168244
S05191800_20100809,20.235007232853953
S03026179_20100809,19.49043674275388
S06217000_20100809,19.13141334406285
S02106410_20100809,13.313967809321216
S06468450_20100809,15.063561489222362
S06147130_20100810,10.792287638821913
S03033000_20100810,14.11793261320367
S06147840_20100810,19.93590688943563
S06035330_20100811,12.249897351161238
S05209000_20100811,14.114581361914704
S05209500_20100811,18.09110019542088
S05202950_20100811,19.69714261070406
S05201050_20100811,15.10044575298491
S05201055_20100811,15.74439206286238
S06037085_20100811,14.140265641625355
S03053750_20100812,15.88357674512319
S03068950_20100812,17.787564149805142
S02089000_20100812,13.329936952446978
S06494595_20100813,16.02077328732974
S03137570_20100817,14.43764687389379
S03215470_20100817,15.060787948842808
S03025919_20100818,18.460626008037618
S03024245_20100818,18.03691273003666
S03221625_20100819,15.489147188793675
S03189545_20100819,13.825199699004955
S03221795_20100819,15.142175393741105
S03033240_20100819,17.43838312699826
S06151000_20100823,19.094815692539527
S03162365_20100824,14.173646334521747
S06110110_20100824,14.900046560330573
S03190725_20100824,13.815955286992185
S06012055_20100824,16.787953390657215
S06212600_20100825,20.1271915025332
S06710010_20100825,19.46812721948021
S03115990_20100825,13.45848041082847
S03149487_20100825,15.553961675852786
S06210850_20100825,17.273989216236295
S06710110_20100825,15.830233101135555
S03115616_20100825,14.937403291985945
S03114395_20100826,14.659828978725768
S03113040_20100830,14.771389550402771
S03081016_20100831,12.056341286516759
S05068600_20100831,14.641335713480997
S03214000_20100831,13.028574684210628
S05055000_20100901,19.896951862364045
S03027549_20100901,9.552666724725281
S03190300_20100901,15.602494873764712
S03126704_20100901,13.782495266762572
S06300073_20100903,18.43099011898311
S06175000_20100903,14.258276908783998
S02096900_20100903,13.256102883340935
S02094970_20100903,15.6979243141569
S02047000_20100906,15.019117740051009
S02038000_20100906,13.809266466996528
S02115762_20100906,15.557360717858776
S06026000_20100906,13.940543859761995
S06040400_20100915,14.700850540830016
S06041800_20100915,16.714171312569103
S06029000_20100916,14.551754970284174
S02041950_20100921,12.263209912894382
S02099550_20100922,14.510424148083624
S02095500_20100923,9.974960258074649
S03265600_20100927,14.01777341362871
S03271965_20100927,13.511714841048027
S03227100_20100928,16.583548146702974
S03255180_20100928,14.742921690351759
S06113000_20101006,14.561036978577247
S03219000_20101011,13.98837731166584
S04009430_20101012,14.0377350006886
S03208483_20101013,15.83437230570455
S03208000_20101014,15.691287497156738
S06189500_20101022,12.572804515596196
S06188900_20101204,9.215445566077126
S06133560_20110209,20.078733326538696
S06154250_20110309,19.99359847766332
S06300046_20110419,20.34923736123074
S03266975_20110502,12.165632204740678
S06175320_20110503,18.38964679773632
S06106030_20110519,15.855220211508657
S06166990_20110525,19.968277601710874
S03024245_20110525,16.078105380658094
S05016100_20110527,16.185935052487004
S05120095_20110527,15.818593645030784
S05134900_20110528,15.822894377230623
S03024560_20110607,15.626348017235106
S05091210_20110607,18.025992575993993
S03026382_20110608,18.46033426837161
S03035000_20110609,14.511890199189002
S06830129_20110614,15.989182760345551
S06016940_20110614,15.085636502474982
S03029500_20110616,15.158842215304757
S06176620_20110627,16.111916125250726
S06053500_20110627,16.34837312357763
S06176680_20110627,15.228924221471408
S06053940_20110628,12.761767575263715
S06173460_20110628,20.013295909465143
S06173250_20110628,18.087571764150862
S06580341_20110629,15.669101455214795
S06083925_20110630,18.698253507708497
S05074750_20110630,14.876182120308162
S05118706_20110704,14.704209888406428
S06147210_20110704,17.839820950311644
S05111950_20110704,9.966401100782477
S05234007_20110705,15.128908985446351
S06118600_20110706,16.699521108049378
S05228290_20110706,14.580501105504132
S06468450_20110706,15.959481248078358
S03186700_20110707,15.199177047377582
S05142520_20110708,16.423169178156684
S03189828_20110708,16.110977683544004
S03189315_20110708,14.430703638177448
S03189398_20110708,14.62202295004671
S06250250_20110708,15.606811612136172
S03088890_20110711,17.064826635398596
S03145290_20110711,15.181058807853518
S05074580_20110711,14.126210216975887
S05074700_20110712,12.182219465589327
S06195820_20110712,15.737072123707986
S02098800_20110718,10.031116418168548
S06123500_20110718,15.086802656966757
S03137290_20110718,14.43239661467354
S05125900_20110718,13.06153537014148
S03013300_20110718,15.443420572171117
S03174825_20110718,10.927262369882325
S06710039_20110719,20.137257426975378
S03133435_20110719,14.93641564165798
S03133140_20110719,14.621701897298557
S03132615_20110719,13.76809347150719
S06118000_20110719,14.006088586785722
S03132620_20110720,14.872122649812916
S02044000_20110720,14.933466732345703
S02001700_20110720,16.0922832551026
S06439900_20110720,14.257741322322723
S05127470_20110720,13.831584673470793
S06161400_20110720,16.335856818756746
S06111555_20110721,20.12313428363019
S05018400_20110721,16.220879589665323
S05020000_20110721,13.701032174020645
S05101600_20110721,16.71046938132037
S06710100_20110721,19.4892760045136
S02003400_20110722,13.951756715967377
S02003800_20110722,15.136014718911575
S02007000_20110722,15.354525718302295
S02018500_20110722,14.509730484525655
S02001025_20110723,15.435665423182956
S02004000_20110723,15.331187902353708
S02106600_20110725,15.569442518056183
S02106850_20110725,15.828060369390691
S03134730_20110725,15.056907644202038
S03228690_20110725,13.545802810684021
S02069100_20110726,9.55711121019592
S02067000_20110726,11.602297289073238
S02060500_20110726,12.671892378179255
S06151000_20110726,20.297700285930887
S05096100_20110726,16.45882473232571
S05151000_20110726,17.44431405874802
S05015320_20110726,15.843131030313993
S05015800_20110726,15.91898608840602
S05017060_20110726,16.541502417786536
S05018000_20110726,16.4525409080095
S05044200_20110726,15.276927115121909
S05044300_20110726,16.175193600249894
S03237800_20110726,12.019445309364748
S05022080_20110727,13.424422298188402
S05016100_20110727,16.869495455371275
S05019000_20110727,14.760419089004403
S05018800_20110727,18.617285317461647
S06580318_20110727,8.29273541352216
S03221795_20110727,13.812715654686585
S03250975_20110727,14.016704453424946
S05033500_20110728,16.289378024674967
S05019930_20110728,13.133076330180927
S05020200_20110728,16.930578759907718
S06204550_20110728,15.640860549317672
S06208900_20110728,6.191314930882351
S06190070_20110728,15.334839085820164
S05134300_20110728,13.785077183613732
S05018750_20110728,16.050033040850742
S06217000_20110728,18.613570647146187
S03052245_20110728,15.03310392198531
S05018950_20110728,13.616909809272183
S03166490_20110728,15.27522260636057
S03233896_20110728,14.167005264406571
S03141730_20110801,15.04358527689338
S05120020_20110801,10.368686298960167
S02085600_20110801,8.545729921378884
S06193700_20110801,10.656477084862075
S05237000_20110801,19.950000924900237
S03258000_20110801,12.47080762053438
S05192050_20110801,17.40391104515094
S02117575_20110801,15.575567330899752
S02115200_20110802,6.292647349901662
S05144250_20110802,15.849947104410887
S05226030_20110802,14.649360631776764
S05125780_20110802,16.553538041857667
S02123000_20110803,15.872294018549445
S02124000_20110803,15.810215618119514
S03156940_20110803,14.626732419325197
S05207150_20110803,11.005455762480054
S02118750_20110803,11.054609811750185
S05223210_20110803,18.75727253520706
S06017000_20110804,14.25205396444964
S03269295_20110804,13.075350851830088
S03272235_20110804,9.43884652674604
S03098000_20110804,18.222772473782857
S02115650_20110804,10.890640319654906
S05148000_20110804,19.97687204806853
S03096650_20110804,16.62270093438946
S05147000_20110804,20.239566344571838
S05191000_20110804,15.165434654407047
S05192024_20110804,19.99056928539939
S05013900_20110805,13.1529734462408
S03270390_20110805,11.669804880303792
S03102000_20110805,15.94724988569217
S03190790_20110808,13.303725736572316
S03189490_20110809,14.741534832660301
S05129150_20110809,14.111404293019723
S05154400_20110811,15.116219716961174
S03075000_20110811,14.858524903517587
S05218500_20110812,20.133098289713857
S06049010_20110816,14.030436027605914
S05029500_20110816,17.948317778575372
S03012100_20110816,15.460295466144874
S05005605_20110816,13.888299423959879
S03138800_20110817,14.994518475068121
S05111000_20110817,19.80431948320833
S03105285_20110817,15.081628462080971
S05004500_20110817,14.739044328562095
S05234280_20110817,16.96827518826143
S05216210_20110817,19.318953769156536
S05012500_20110817,14.808439601937222
S05001800_20110818,17.580305388068027
S05213000_20110818,9.31607263119499
S05025000_20110818,14.268095985009909
S03156350_20110819,15.095490976794553
S05006880_20110819,15.061810161769154
S05127900_20110819,15.621748868130668
S03156580_20110819,15.129728690452355
S05003000_20110819,13.633096072820393
S05166000_20110822,15.25528782393355
S05061200_20110822,15.812240412659992
S06405950_20110822,18.445890297235838
S02081000_20110823,12.921809654979004
S03212150_20110823,17.189348135806263
S03213000_20110823,15.755884362110661
S05165900_20110823,19.212650011916832
S05157800_20110824,15.51696677736635
S05177000_20110824,16.588974054245835
S03127370_20110825,12.990360810060166
S05176000_20110825,16.434978124932755
S05175100_20110825,18.0527435953058
S05120005_20110826,14.924305845361168
S05097500_20110831,14.838229313755745
S05101200_20110831,12.853101473048996
S05101500_20110831,17.723348597987943
S05102010_20110831,19.74851019511177
S05102150_20110831,13.143865219786074
S05064750_20110831,15.116450474683658
S05116600_20110901,15.464164016464087
S05086000_20110901,13.30158063134807
S05130500_20110901,11.194338952922857
S06001890_20110905,15.130107383014034
S05050800_20110906,15.903667958094712
S05051200_20110906,13.416378070710689
S05233500_20110907,13.913696568125955
S05059000_20110907,17.118908333316234
S05048210_20110908,11.784537240158699
S06404800_20110908,15.22477849027402
S05047500_20110910,15.69730869314518
S03014130_20110912,19.893487804106176
S06000950_20110912,15.102928940781215
S03085608_20110912,15.272545959991396
S03093145_20110912,15.333053286139883
S03094405_20110913,15.89742085621628
S03088345_20110913,19.878283706252724
S03086340_20110913,15.759416825803479
S05138900_20110913,16.302914067627725
S03002900_20110914,16.422568758439542
S05153000_20110914,14.072272526721257
S05119902_20110915,14.764720631401303
S03018675_20110915,15.343592592701896
S03088800_20110916,17.632517291433363
S03226300_20110916,15.77361970668862
S03185950_20110919,17.76209034233216
S06130500_20110920,18.248762849233135
S05078900_20110921,14.79992854252993
S05122000_20110922,11.76610473088607
S05066000_20110927,13.215754749555135
S05204000_20110927,20.05947039377044
S03009000_20110928,18.69592688064187
S06077500_20110928,15.847193845583728
S03030000_20110928,15.242102071375925
S06580789_20110928,12.971137649567256
S05068645_20110929,18.459181034318416
S06071900_20110929,15.901771521186765
S03036030_20110929,18.527124811884327
S03038700_20110929,15.75868452599624
S03027490_20110929,15.58095080682879
S03219550_20111006,13.15080879321087
S04009330_20111012,18.080053871506287
S03193441_20111101,15.03648848293762
S06820089_20120217,19.786415513841753
S06137020_20120221,19.456596543864293
S06592020_20120222,20.031159692464385
S06135600_20120227,20.331714030064308
S06134300_20120228,19.881506394111945
S04066730_20120524,15.828233302973853
S03128190_20120530,18.197937406746835
S05018900_20120604,16.33655923246802
S05002610_20120604,16.102705043777426
S06440445_20120604,14.937550014555624
S06468450_20120605,14.982428969945614
S06216100_20120605,18.912328138240653
S06439900_20120605,12.997215916433056
S05074580_20120605,16.667446868979408
S04179160_20120605,17.448282948193857
S06404800_20120605,11.266726623614963
S05234082_20120605,19.60346403691533
S06005550_20120605,14.783826446736292
S06000980_20120605,15.090489205038008
S06464850_20120605,14.787680926942881
S06003805_20120606,15.239671407185579
S05061400_20120606,15.731713448936395
S06250270_20120606,17.8428168496565
S04178490_20120606,19.688567405508863
S06411350_20120606,10.856729260597003
S06710020_20120606,20.138871118527554
S04140100_20120606,11.875375403471438
S05072140_20120606,16.496890448307234
S05157620_20120607,13.340867353505054
S05234007_20120607,15.2129265049899
S04158860_20120607,17.371704457012278
S05074100_20120607,12.590884180328906
S06005400_20120607,15.103523228306836
S05061942_20120607,15.101289096211879
S04099600_20120608,15.22503429000067
S04099560_20120608,14.14600176333096
S06700075_20120611,20.24614807239285
S03079270_20120612,14.013318035996406
S04168250_20120612,13.493020525834602
S03012100_20120614,16.023749447845535
S06710030_20120615,18.781168916828964
S06215850_20120616,20.44146353719151
S06217500_20120620,19.202474249142462
S06120560_20120621,20.102034152104352
S06168200_20120621,10.832974467233791
S06178014_20120621,15.405678733735932
S06148850_20120625,16.437477828695645
S06082260_20120626,12.876234253975298
S05118703_20120626,13.813384786283855
S03040250_20120626,18.790726039744314
S03036510_20120626,16.099338283377303
S06005700_20120626,16.748382849667735
S06300005_20120627,18.174202979953044
S03081000_20120627,14.55759454029465
S06017000_20120627,15.22987373596621
S06108000_20120628,20.390704046106805
S05228350_20120628,16.75333428560564
S05069250_20120628,19.438314256479025
S06580362_20120628,19.835010233845743
S03001000_20120628,20.079416676761838
S03002100_20120628,18.822748059050284
S03006268_20120628,20.111825873897114
S04200595_20120628,13.850681596340637
S03006590_20120628,19.963677334962323
S03006271_20120628,19.69805089867893
S04161575_20120628,11.336260121543624
S04123785_20120628,10.505803948033595
S03125000_20120629,13.614248845961555
S04072000_20120702,13.330811818573718
S05077995_20120702,15.161545282477674
S06146500_20120702,19.810281752737218
S04085180_20120702,13.037462649447297
S03014140_20120702,20.355005274444746
S05020900_20120703,15.936674328515231
S03014030_20120703,19.911792577587867
S05035300_20120703,16.621248894187744
S05079200_20120704,14.982542182746675
S03138550_20120704,14.120772113932803
S06300250_20120704,5.622117984031503
S03088345_20120704,19.80612702727756
S04082450_20120705,15.19381306523366
S03149162_20120705,14.903871562967558
S04082700_20120705,16.746022266432135
S03145847_20120705,16.512979513395777
S05012550_20120705,15.787112969566008
S06710040_20120705,14.329667512776563
S03156175_20120705,17.88301175472517
S04570004_20120705,15.762300743905776
S03160000_20120709,14.60300114395212
S03020145_20120709,16.782724784493713
S03024300_20120709,19.4395501481546
S03020000_20120710,15.634851126821426
S05085050_20120710,13.591924384309232
S06590550_20120710,18.460853791173342
S04016800_20120711,17.6681616530606
S04160190_20120711,16.707516193764263
S06300046_20120711,20.204122577325435
S03033240_20120711,18.735555917065454
S03024392_20120711,17.733399818233984
S04113800_20120711,14.942039074332584
S04002870_20120711,18.013603471448832
S03024245_20120711,19.78029569743042
S03033306_20120712,17.535942157374357
S03032675_20120712,18.203128822967503
S03025919_20120712,19.587085916004064
S03024560_20120712,14.151098589352456
S03024840_20120712,15.159955490760282
S03025238_20120712,17.34452001124502
S03025368_20120712,19.413490892749202
S03034720_20120712,15.346966184002522
S03033200_20120712,19.56789718176757
S03033660_20120712,15.937882066672337
S04010200_20120713,10.932343086308332
S03165200_20120713,15.53695456093592
S04015100_20120713,16.538875216825193
S04033300_20120713,14.35651828597931
S04010410_20120716,13.605637792517413
S05151100_20120716,20.06245113782863
S03272685_20120716,13.710498022493844
S02105000_20120716,14.40476845494307
S02061970_20120716,18.494528529364473
S02061500_20120716,15.252004770456448
S06120500_20120716,20.287733016848385
S05226050_20120716,19.72158499355494
S05042060_20120716,19.398332351883347
S04009420_20120717,13.013960685322564
S06830550_20120717,14.591279791388475
S05103000_20120717,19.160716369579074
S06016000_20120718,12.877929607000704
S05049950_20120718,19.608576398204534
S05223170_20120718,12.728723987059865
S03039940_20120718,15.981456346169304
S02001050_20120718,15.816313597781432
S06205955_20120718,18.0345629231182
S02037500_20120718,12.578988135297525
S04601001_20120718,19.80651135301569
S02029000_20120718,14.758787471358936
S02001700_20120718,14.988653816226037
S04216050_20120718,16.755615802029528
S04068440_20120719,18.559795304833475
S03149172_20120719,17.20091250539371
S03036070_20120719,17.640449989352366
S03035455_20120719,16.101731358757817
S05060200_20120719,16.294377241895436
S02071050_20120719,14.344106127910646
S03027000_20120719,19.58392119593142
S02094979_20120719,19.95372951201389
S04025570_20120719,14.462672518787773
S06194800_20120719,14.315686385057173
S03037650_20120719,16.36173676810368
S03037480_20120719,16.737930866371347
S03149859_20120719,15.361928487195865
S03151800_20120719,12.852178330689092
S04428003_20120720,16.92553497111337
S06710038_20120723,15.901744509526017
S03027490_20120723,15.007873088034119
S03029000_20120723,12.202329542400662
S02055580_20120723,11.768402497176737
S05119080_20120723,15.777357359088029
S03029530_20120723,12.933160162093547
S02057250_20120723,14.503372005822575
S03128987_20120723,15.243768454982007
S03039000_20120723,17.21175055130188
S03044580_20120723,15.146721978529534
S03128500_20120723,13.191665469111214
S05094810_20120724,14.79419973119623
S05053085_20120724,14.016782538963014
S02094000_20120724,10.955978167100971
S04091400_20120724,13.262031330988375
S04092000_20120724,13.308265354210935
S03059000_20120724,14.796870661554395
S05097900_20120724,16.275699719310577
S03149487_20120725,15.659540509722301
S04009050_20120725,14.637577809023439
S03008483_20120725,15.33319367885383
S05098000_20120725,16.6547659997517
S03018531_20120725,11.228749042911183
S05134600_20120725,15.568108813271616
S02119000_20120725,15.076990472800345
S05139000_20120725,16.359892845112206
S02120000_20120725,14.49779078076919
S05139350_20120725,14.834990904970564
S02076800_20120725,10.232345999696353
S04052800_20120725,10.261868788905723
S05095170_20120725,17.784295233483455
S04052590_20120725,14.800862891252702
S04465003_20120725,13.797959926845156
S05125863_20120725,15.121883851352882
S03137830_20120725,13.25264955545125
S04070215_20120726,14.994850466238336
S05167000_20120726,15.917804001136705
S05095110_20120726,13.904265697891594
S03145985_20120726,14.097771269898297
S03156150_20120726,19.8047801335708
S06094039_20120726,15.122122258110702
S03145290_20120726,14.887293294813496
S03156350_20120726,15.242952660813753
S02094800_20120726,12.564740747299474
S03156580_20120726,13.821674731908775
S03119590_20120726,14.442067387542794
S05125500_20120726,12.052346961126666
S05111000_20120727,19.54698929581093
S03098695_20120727,18.720437125829438
S03096025_20120727,20.268751557396204
S03255650_20120730,13.811752136990343
S02060500_20120730,11.921494380353657
S05201400_20120730,16.99760344252534
S05144500_20120731,15.095902058305036
S02018500_20120731,14.395905757328169
S03266920_20120731,12.83356531494028
S04449005_20120731,13.573125229979373
S04064720_20120731,11.043906151949633
S02013000_20120731,12.854451540155559
S03254920_20120731,12.196870633372862
S06020100_20120801,15.343984486951573
S02011000_20120801,9.31652709424377
S05229125_20120801,11.281120390468935
S05229145_20120801,14.559000639296919
S05231850_20120801,14.13230585440605
S03108890_20120801,14.377362389361451
S04023200_20120801,12.766790840145177
S06018150_20120801,17.16164615810358
S02002000_20120801,15.152688720245035
S05012200_20120802,16.336375656808713
S02107000_20120802,15.238095364304357
S03079850_20120802,13.844936230103665
S03014130_20120802,20.061503146148965
S02054100_20120802,16.138933813716495
S02051000_20120802,16.395754865306525
S03112805_20120802,15.397604610694271
S04099650_20120802,17.38784368478027
S05013100_20120802,15.620994561403116
S04068410_20120802,13.769858239566535
S04031000_20120803,13.640305821842587
S04160160_20120803,14.665151671173
S02106600_20120803,10.574534524336633
S04433002_20120806,15.595239766237244
S05048000_20120806,16.964788733566902
S04046590_20120807,16.403300068207663
S04043100_20120807,9.5479665627366
S04056000_20120808,12.994679219326722
S05038100_20120809,13.341371777237754
S03171880_20120809,16.1006793938445
S05033400_20120809,16.89248255152674
S06037300_20120809,13.76382100939775
S04015970_20120811,9.626001493805653
S03161695_20120813,14.781815963740062
S03233795_20120813,14.783466627753414
S03159118_20120813,16.215739057502866
S03151910_20120813,14.258721988448137
S03227100_20120813,15.423216285114707
S03233896_20120813,14.54096128001643
S03095400_20120814,15.859172764898345
S03227296_20120814,15.250129585084084
S05089080_20120814,20.573192726302935
S03160360_20120814,14.134261194875291
S05092000_20120814,16.922224370924233
S03151139_20120814,14.202357581774661
S05058935_20120815,15.615794858612823
S06053000_20120815,8.036063328997415
S04041750_20120816,16.427765890154816
S03146715_20120817,15.81988300969931
S06180860_20120817,12.681343862528955
S05173200_20120817,19.561448874920664
S05173450_20120817,19.958183341745574
S04135000_20120820,13.080209117790572
S04160200_20120820,17.297083372986
S04090400_20120820,14.334265223336207
S04154200_20120820,15.040995155897015
S03168690_20120820,14.590431609888558
S03244000_20120820,13.945949371738806
S03014927_20120821,17.670498271514553
S04108500_20120821,14.402078850028836
S04108285_20120821,14.79353336501766
S04023450_20120822,12.060810944752598
S03190725_20120822,14.256322080299093
S03227623_20120822,16.11058785109926
S04604001_20120823,13.476509084852704
S04054990_20120823,14.35610071668768
S03152000_20120823,15.244772252083797
S04023135_20120823,12.04825852204071
S04137995_20120824,10.908695483668087
S05172350_20120827,20.05082125129305
S03241231_20120827,12.24556695758914
S04051345_20120828,14.797303849376075
S04057750_20120828,13.21788526664752
S06580178_20120829,15.967450047802364
S03235690_20120829,15.211388156932644
S03201650_20120829,15.63021861463661
S03168995_20120829,13.664427562116469
S05226030_20120829,7.04678343280994
S03171770_20120829,14.578037434906467
S03234215_20120830,16.90997866634004
S03134000_20120830,15.038654013605846
S04173000_20120831,15.771000097906931
S03206000_20120831,15.898233550951783
S03014986_20120903,20.242635882768795
S05126000_20120903,13.073910488438237
S05234017_20120903,13.800955984871296
S04178250_20120903,15.153293675826923
S03020591_20120903,14.891599648880897
S04003645_20120904,16.817949061051547
S05120010_20120904,14.84796614834188
S04003900_20120905,18.903905905467738
S03269250_20120905,16.67248907631387
S04039200_20120905,14.560066036486598
S05075650_20120905,19.02498102630058
S04079820_20120906,18.603658379023305
S05149850_20120906,19.13327109120329
S05225340_20120906,16.925333708300897
S05101900_20120906,14.175722972810155
S05211550_20120907,15.474613972050106
S05206500_20120907,19.292355364535343
S05181200_20120908,18.615038760483394
S04094200_20120910,15.377894277629538
S06178011_20120910,15.013730776362603
S05170800_20120910,16.275280631514654
S05180700_20120910,20.115611167806883
S04019700_20120911,6.825456950986654
S05139310_20120912,17.8302652137417
S04139280_20120912,10.963617136576623
S03215470_20120913,15.693935013627083
S04107200_20120913,12.881169199469593
S05221600_20120913,15.23266331724364
S03128837_20120913,15.506036941343535
S03218150_20120913,15.032757848809094
S04108150_20120913,16.335097078162285
S04457000_20120914,14.533588530502707
S06187450_20120914,7.609348933581618
S03203750_20120917,15.302376859882035
S04097550_20120917,15.327394415815162
S04103480_20120918,18.113157070339746
S04103600_20120918,14.166290554707238
S04067300_20120918,14.72148917414911
S03191700_20120918,15.505589424424237
S05199800_20120919,18.21442983133464
S04456000_20120919,14.82588571289337
S04614000_20120919,15.269026138080815
S04108000_20120919,14.149387658899617
S03041000_20120919,14.504223679751833
S04108685_20120919,11.962872068087105
S04096360_20120920,14.888208651852116
S06131900_20120920,11.34345116064884
S04070290_20120921,15.241098888911122
S04082090_20120924,13.872592428332936
S06179500_20120925,13.239432398712314
S04001940_20120925,15.448768422770392
S04061300_20120925,8.773222909214494
S03178835_20120926,16.03192758346272
S04128230_20120926,14.62362417184943
S06176950_20120926,20.286994991925063
S04057740_20120928,13.788636013326792
S04159900_20121001,14.500197414142365
S04158900_20121001,15.975942833430206
S03177400_20121003,16.26064523562684
S05131200_20121004,18.46838625972496
S04078100_20121005,18.76706147576459
S04002300_20121008,13.997341465210628
S05013900_20121009,13.610098510408235
S04014096_20121009,13.483035041320026
S04428002_20121011,16.615703241009346
S04403004_20121011,10.236605199045103
S06181210_20121012,17.51912817393741
S04016555_20121015,10.77831745231569
S05204000_20121016,18.368571265461448
S04015390_20121016,14.715488246655564
S04027950_20121023,15.763989278180894
S04014050_20121024,13.502960930397872
S04016500_20121025,11.924356924844364
S04002945_20121031,17.58566234984517
S04003010_20121115,19.441659655193842
S04003160_20121115,18.87028595921023
S04060995_20121116,11.188691223403449
S04150970_20130110,11.375936928724276
S06135600_20130219,19.86857234274916
S06135350_20130307,20.856259433294348
S06150795_20130314,20.143962001388246
S03128837_20130425,16.36335579975473
S05024250_20130514,17.20021237338646
S06222390_20130606,12.368857725047233
S04199078_20130611,16.090787668519845
S04194665_20130612,14.417604289303645
S04059200_20130613,11.864609877646519
S06120000_20130614,17.61627953176376
S03013930_20130617,14.76511584120058
S04160300_20130617,14.929530312923358
S06094150_20130617,14.359156678466213
S06580890_20130618,20.2807265241776
S06215790_20130618,20.118704599313332
S06215850_20130618,19.968162079748055
S03132054_20130618,16.356509650382044
S06148850_20130618,16.231632626782314
S04143150_20130619,12.374621389089983
S03012310_20130619,16.550549765342545
S04143000_20130619,12.71866630505124
S06168250_20130619,13.576283117991837
S04214295_20130620,13.166896694863377
S03254770_20130621,11.06505971329911
S06180550_20130621,14.54965647735816
S06131550_20130624,15.246799329177657
S06126600_20130624,16.67883303866355
S03032675_20130624,16.18605578415772
S03231740_20130625,15.645841247758737
S04009250_20130625,18.35874745843017
S04465003_20130625,15.17928926105694
S06428800_20130625,18.120115898233834
S04016900_20130625,19.08020902190688
S06008000_20130625,16.065435923805783
S06077000_20130625,19.738250161702204
S04010350_20130625,18.39842381211653
S04060800_20130625,13.084975555014209
S04087300_20130626,15.184868241217126
S04003700_20130626,15.637422613841485
S03109935_20130626,15.201606331794174
S04066730_20130626,16.534392962040197
S06178056_20130626,12.092435894211594
S04066975_20130626,17.76490462646076
S06300005_20130626,16.680668013044297
S03037650_20130626,15.53923135422683
S06106250_20130627,17.383668911466458
S04175100_20130627,14.178256291061189
S04175450_20130627,12.698731207126322
S04040300_20130627,15.218574338127876
S04058250_20130627,13.377102186633111
S06005400_20130627,15.978375396867552
S06217470_20130627,19.48739973563061
S03093900_20130627,17.14563210982898
S04028450_20130627,19.92581099226979
S03094700_20130627,19.958125033224153
S04131300_20130627,12.545501006395405
S04044600_20130628,14.202452766436268
S04130500_20130628,12.969680382780313
S04079480_20130701,16.176864016942282
S04160250_20130701,14.380164664324809
S05053060_20130701,16.6555503907965
S03144325_20130701,15.001231400522478
S04112200_20130701,14.841916133490114
S03053710_20130702,16.50946798961547
S03165200_20130702,18.06021127525093
S05055555_20130702,20.64880379527579
S06455950_20130702,15.261269625777658
S05068475_20130702,18.860693792504527
S05055150_20130702,20.94688075530054
S05057150_20130702,20.486823518976117
S04113100_20130702,14.867475266889977
S04119160_20130702,12.531200278312276
S06580274_20130702,15.353180506614583
S03149104_20130702,15.257110647853212
S05068850_20130702,19.573816918228715
S04636007_20130702,11.557354827474562
S05071300_20130702,17.907386583007305
S05231650_20130703,13.409573626904754
S06455640_20130703,18.628828210882197
S05068369_20130703,20.445519787610145
S05068367_20130703,20.23719474057927
S05125510_20130703,15.520814579203453
S04196655_20130703,15.143448308213744
S03168035_20130704,15.240039875339436
S06456620_20130704,14.892646417307205
S05010850_20130704,13.909557327580726
S04075883_20130704,18.407349402871986
S03138390_20130704,13.928322225745196
S05145440_20130704,20.44505556171574
S05170800_20130704,19.00501493852945
S05064750_20130704,19.199160355120664
S03134000_20130704,14.916135737656175
S03136840_20130705,14.433473881413462
S03189168_20130708,13.36393150603045
S03156350_20130708,11.478361513499266
S05091090_20130708,18.431019883749595
S02115775_20130708,13.687421146737487
S04733000_20130708,11.588058169597346
S06830800_20130709,14.700061807925339
S03024294_20130709,17.667838279864977
S03032731_20130709,18.34932690448356
S05077000_20130709,14.256250103294906
S03066000_20130709,15.153870639316564
S04417004_20130709,15.284420093948238
S04415010_20130709,20.404770309096314
S04415011_20130709,17.369465553371498
S04099550_20130709,12.108002153764055
S05148200_20130709,20.199818199246437
S05075650_20130710,20.35042414358073
S03233740_20130710,17.242304724378336
S04014900_20130710,11.700654279754678
S05111000_20130710,12.524271281152487
S05111360_20130710,17.347420784338095
S02115625_20130710,18.830630057822976
S05064000_20130710,15.16168560681209
S05061950_20130710,20.026430263680542
S04153010_20130710,11.490394480530824
S05148700_20130711,19.202694243186713
S05145750_20130711,14.320703908713533
S06178010_20130711,16.86612216556236
S04097200_20130711,14.724519972821263
S04097050_20130711,15.21848307951312
S04097000_20130711,12.972759999092787
S02072700_20130711,11.431228467078384
S03146890_20130711,11.627181363201565
S06051550_20130711,11.054718473289144
S04117450_20130711,14.846419406003152
S03233700_20130711,14.83589893541129
S05053960_20130711,18.04714620287185
S05054030_20130711,17.592360446570517
S02107900_20130711,20.13652728185472
S03078110_20130711,14.828345644086003
S04074647_20130711,14.410277904419498
S05051120_20130712,15.204319185837422
S06192985_20130713,7.700961689407986
S04106800_20130715,14.389021169884026
S03134800_20130715,14.840868283105667
S05009000_20130715,13.401748302075857
S05007935_20130715,16.524836196315086
S04152500_20130715,12.589926371265971
S05018800_20130716,16.354661846079892
S03154470_20130716,14.124976273736706
S02067000_20130716,11.891243649527912
S05018150_20130716,16.17867383452965
S05018000_20130716,13.39960285890143
S05106760_20130716,15.86439593115153
S05229140_20130716,13.252898263379633
S05105800_20130716,13.230704157937247
S05015000_20130716,15.042956208029706
S05014100_20130716,15.644218451951732
S04196095_20130716,13.232412092042852
S04052520_20130716,9.583781143816894
S05228280_20130717,12.260082457531592
S05114800_20130717,14.88153424418456
S04141295_20130717,13.909634428268456
S03171880_20130717,15.238152354601507
S05010950_20130717,15.224508621150418
S04134890_20130717,14.262613389375321
S04041675_20130717,16.102052891674568
S04672001_20130717,13.54958999345981
S04671001_20130717,13.19183763195048
S04134900_20130717,13.673633413378731
S04051650_20130717,12.581753351288759
S05002500_20130717,12.765094370952571
S05004000_20130717,15.908323729215766
S04052265_20130718,12.186381812319453
S03132000_20130718,15.363311606995769
S04011700_20130718,17.709909973885665
S04012180_20130718,12.708058407923385
S04105680_20130718,14.416188848651744
S03128640_20130718,12.557948915204108
S04068927_20130719,12.440264851388244
S04195420_20130719,18.681507624353518
S04615008_20130719,13.703053031120604
S05080850_20130719,15.103962759125599
S04173200_20130722,17.06325609717122
S04107500_20130722,14.855133462000842
S03242800_20130722,12.70544194908614
S03002310_20130722,16.50411805536337
S06202860_20130722,16.18828606458453
S03194540_20130722,17.738601889993
S05125910_20130722,13.592189577701372
S03132615_20130722,15.902235589308091
S05125990_20130722,13.733950974652444
S04214495_20130722,11.715450554680118
S06001250_20130722,12.379189549227924
S05125950_20130722,13.129850709827785
S06000980_20130723,14.777437764398334
S02043600_20130723,12.94115696315482
S04108900_20130723,14.018354886417837
S02018000_20130723,11.164615943690988
S04208350_20130723,11.171876601326597
S04132800_20130723,13.596005524335377
S06123500_20130724,16.108704243382242
S04172570_20130724,11.724194179591397
S05120095_20130724,14.879155173649588
S05120013_20130724,16.30954749300252
S06416910_20130724,15.200564654043529
S06001480_20130724,14.35240747611285
S03276988_20130724,14.925909040663702
S04016800_20130724,16.975053860159235
S04161500_20130725,11.153722895424002
S06116620_20130725,19.85894888155528
S03002100_20130725,19.380187062637077
S03276786_20130725,17.782317103193936
S04172060_20130725,11.222012777204968
S04205605_20130726,9.872432195205018
S05131200_20130729,12.086380704103103
S04092500_20130729,12.807249840608705
S03264375_20130729,14.075134453838754
S06404800_20130729,17.094019209999143
S05068030_20130729,17.324470659265423
S03039000_20130730,16.913097356341797
S05021650_20130730,15.17349930710664
S04070500_20130730,14.314027101952256
S04184195_20130730,16.95648920448981
S05022000_20130730,14.289829655292962
S05039200_20130731,15.542735341204153
S04184950_20130731,14.657963122657241
S04059350_20130731,13.032681258255263
S05053000_20130731,19.66547961493377
S03128745_20130731,11.800841575757987
S05119902_20130731,14.32962166307322
S05052000_20130731,18.548838107860938
S05031380_20130801,16.258124483568107
S05087400_20130802,16.343827673147196
S05029960_20130802,19.15344781438524
S05192008_20130805,19.819795989629398
S05097750_20130805,17.198344523411745
S04116400_20130805,11.675288830104826
S04179690_20130806,15.648783078965781
S04086550_20130806,19.87045425895277
S06175540_20130806,18.296107445907346
S04174770_20130806,13.604400320920574
S05125540_20130806,15.984540332534142
S03125000_20130806,12.698071205890969
S04076100_20130806,19.15253950818278
S04067400_20130806,15.814506149331605
S03255920_20130806,10.706281602796953
S03179000_20130807,14.32253406683712
S05027010_20130807,15.04474306591496
S05025835_20130807,12.758003587402237
S04179678_20130807,15.802877822147225
S04130000_20130807,10.5489406417502
S04115525_20130807,15.206146546214699
S03200070_20130807,15.93502596315602
S06300073_20130808,17.623368474298015
S05046700_20130808,13.789671043401594
S06462950_20130808,20.13559171111853
S06173460_20130808,17.487228534045123
S04179350_20130808,17.376005631834452
S05192320_20130808,20.12993054657268
S04073500_20130808,16.431176550582038
S05192315_20130808,19.11718168073269
S05049000_20130809,13.761054188341507
S06177000_20130809,19.781769776413952
S04207000_20130812,10.486276998201802
S04206300_20130812,10.59861205298061
S04211950_20130813,11.991492024459017
S04209995_20130813,14.410034336051377
S06209970_20130813,7.172504666109999
S05197220_20130813,15.79683145023912
S05222980_20130813,20.2916002439138
S05197100_20130814,18.009857009401316
S05207150_20130814,16.797008283724516
S03269000_20130814,12.713054498061434
S06212500_20130815,20.089252753454105
S06159550_20130819,16.5127577444648
S03006272_20130819,19.924794595089146
S06146500_20130819,16.725683568316388
S05228000_20130819,11.357110512282436
S05125860_20130820,16.48820728454005
S04166850_20130820,14.069186210650535
S04092800_20130820,17.844485510888465
S04070350_20130820,14.046758919796932
S05234025_20130820,15.018512176716929
S04051600_20130820,12.002208365123327
S02029160_20130821,19.41193866710131
S04025040_20130821,18.097669719766117
S05230200_20130821,13.740109793960059
S02028000_20130821,18.619452652336484
S04025100_20130821,15.62615024524913
S04000948_20130821,17.994492251964182
S04053800_20130821,14.388477387550786
S02045000_20130821,13.252947455813867
S02045050_20130821,10.624690334409962
S02032000_20130821,14.611165407552342
S03149906_20130822,16.67695968590377
S04148587_20130822,13.09264503463077
S03160000_20130822,17.532019014112493
S03012100_20130822,15.575256768369622
S04055810_20130822,15.54269609153597
S03128270_20130822,19.53166522590264
S03112565_20130822,15.145479797761828
S03012450_20130822,17.89503862287122
S05231900_20130822,14.96395483329901
S02041650_20130822,15.099260197334202
S05165760_20130826,15.418619934795284
S05165000_20130826,15.36715364728712
S03088800_20130826,17.65086422535749
S05134550_20130826,16.789177501995297
S04204000_20130826,9.92469893739253
S03090470_20130826,18.78778570223866
S04168210_20130826,13.455231490874496
S06189500_20130826,15.658999446233826
S05074000_20130826,15.72086251299027
S03086100_20130827,17.17910347548826
S05073100_20130827,5.4039591653371115
S05025800_20130827,13.97736002162108
S03095000_20130827,18.81277003409715
S03174795_20130827,14.572831624269652
S03174712_20130827,14.795012984065986
S06190070_20130827,7.295810944007771
S04050000_20130827,8.39941808142688
S04046800_20130827,8.193801584560267
S05175800_20130827,17.473732361886547
S03018675_20130827,18.24624426401428
S03236690_20130828,15.034833912865539
S05140065_20130828,19.125512349487995
S05077700_20130828,14.652184954407646
S03094660_20130828,20.424159393775902
S05096410_20130828,19.73136835835061
S05173400_20130828,18.55413238594103
S05173260_20130828,19.880744856805478
S05102030_20130828,16.585941169880655
S04172578_20130828,13.943600156359247
S04072000_20130829,14.61367485198094
S06580362_20130829,19.835315891036792
S04003645_20130830,15.535990665121593
S04146000_20130902,9.799520953441128
S03056105_20130902,16.474769948879327
S03014130_20130902,19.93902690665088
S06183900_20130902,15.297896753608084
S05150000_20130902,19.677592817036263
S06182460_20130902,18.69447675528848
S03105790_20130903,15.55314640356172
S06035500_20130903,13.894969316561925
S03085730_20130903,15.015417033564194
S03103370_20130904,16.17798260879053
S05078900_20130904,14.562451948430148
S04026950_20130904,18.209438099566427
S06180500_20130904,10.042705546681608
S03041247_20130905,15.401667274732826
S05077950_20130905,14.412526157803907
S05095100_20130905,15.451558832355067
S05095110_20130905,15.036064773905164
S06027000_20130905,15.061861077055802
S03157485_20130910,16.022108278622056
S03149900_20130910,15.573230948684767
S05183970_20130910,20.14631792967137
S04077500_20130910,17.7881265203497
S04089450_20130911,18.05424294216558
S05121000_20130911,12.426035373814798
S05180820_20130911,19.973458602424287
S05180550_20130911,19.676561414136398
S05169000_20130911,19.804336466576792
S05120000_20130912,12.161260173223429
S05129070_20130912,13.557455153894235
S03128190_20130912,17.7000264745768
S04057700_20130917,16.25677910740007
S05199100_20130918,14.120910681403133
S03116600_20130918,14.676067863611731
S05210000_20130918,16.4276947054009
S04402002_20130918,14.176007096681568
S03219000_20130918,13.523179069421461
S05201060_20130919,15.603349139269717
S04027380_20130919,19.02919576187999
S03133670_20130919,15.188918987235729
S05200050_20130919,18.27156226100604
S05200115_20130919,19.832640877234894
S04108800_20130920,14.622038463661092
S05217150_20130921,18.991378457045663
S05068660_20130923,14.09534935717131
S05125500_20130923,13.412186331873686
S05235850_20130924,17.516432612261646
S05091450_20130924,15.056292406195352
S03014907_20130925,18.61146244403176
S05234005_20130927,15.631212154849676
S03182446_20130927,14.561361928510152
S04101700_20130930,16.14266471481318
S04136400_20131004,12.673692331482172
S04096665_20131004,14.865683692252215
S03133040_20131008,11.619566080130603
S03129053_20131008,15.19922658143521
S04401000_20131010,13.265244106811496
S04402000_20131011,14.009445795955802
S04027670_20131017,17.14546377431849
S04082540_20131022,14.604014829006276
S05158700_20131022,10.223344961798825
S05155300_20131023,16.01788856317957
S05155800_20131023,13.162411146042679
S05155230_20131023,14.674538135713691
S05157645_20131024,14.698296153062923
S05163290_20131024,17.087198177621353
S05225080_20131024,17.77345084168648
S05157800_20131024,13.80249653692283
S05163800_20131024,12.373764023856463
S05157680_20131024,8.970984224335814
S05158150_20131025,15.446256692522082
S04003160_20131025,15.75384681288191
S06133560_20140210,19.944312526713922
S06135600_20140210,20.23434468331729
S06150795_20140212,20.271559681628858
S06035450_20140422,14.836122361911448
S03056030_20140507,19.659612348097795
S04076420_20140512,18.142531449680465
S06190111_20140515,19.842473646299123
S03153363_20140516,16.404391339047496
S03133435_20140520,15.095717145157021
S03277420_20140520,13.569454432990614
S06095000_20140521,13.569693521521987
S06168200_20140521,11.529656822209926
S06053000_20140521,12.419093451661752
S04371007_20140522,12.876398166617701
S04167750_20140522,12.561273744795745
S06177500_20140523,18.23844683541585
S06177988_20140523,15.337134893308141
S04111000_20140526,15.759273537606534
S04205500_20140602,15.321351328427415
S04164758_20140602,16.297887343225288
S03113895_20140603,9.845813312947378
S04167815_20140603,15.235006220166694
S05142520_20140604,13.739903630059766
S06001180_20140604,14.964532980351391
S06175000_20140604,16.073451075166346
S04423000_20140604,20.264842201399105
S05144520_20140605,18.028973293883137
S05143990_20140605,17.378498892166373
S06041665_20140605,14.604242208267515
S06179200_20140605,16.7109595494945
S06190700_20140606,13.496507957921438
S04407009_20140609,18.26561640940739
S04026420_20140610,18.566278865047092
S04208350_20140610,11.968553971709358
S04011700_20140610,16.888390746586918
S04215520_20140610,12.740359115876988
S05048210_20140610,16.740408578579896
S04000300_20140610,20.039637680478712
S04150970_20140610,11.499618811282057
S05047720_20140610,14.416965834887282
S04206300_20140611,12.204848538801
S04153200_20140611,12.660848843156932
S04205620_20140611,12.611427643688348
S04078050_20140611,19.381133628030938
S03117302_20140611,15.628203298424573
S05030700_20140611,16.277566830139488
S05176100_20140611,18.161274297796098
S06456450_20140611,14.878164664230809
S06006220_20140611,15.716281782258989
S06017000_20140611,15.360983354671552
S05046000_20140612,14.996572270931386
S05027010_20140612,14.19185851410488
S04166095_20140612,13.473610141396952
S05060000_20140612,15.073959594897445
S05061100_20140612,13.734405123895591
S04123760_20140612,13.881848679919623
S03117905_20140612,14.739176549151296
S04057200_20140613,14.3729262690188
S05134350_20140616,13.906166600033238
S05042080_20140616,15.112595689000944
S05042050_20140616,17.333028630120065
S05125410_20140616,14.622187150825605
S05055900_20140616,16.739525711122518
S04160260_20140616,13.084304047822854
S05053920_20140616,18.876408162876483
S05053100_20140616,17.963498274827774
S06035690_20140616,13.308868002448733
S04098950_20140616,11.388400480808023
S05191200_20140616,19.48965788594931
S05125255_20140616,16.13599591781529
S05068270_20140617,17.30950203656512
S05068020_20140617,18.61602190406022
S05068367_20140617,20.16204168965037
S05012550_20140617,15.252993726258754
S05042072_20140617,18.435270244082638
S05055940_20140617,16.74596832868617
S05129000_20140617,13.831624035069153
S05044300_20140617,17.1958290966217
S05042085_20140617,15.548275757914064
S06129950_20140617,14.783226530951342
S05055550_20140618,20.129750793536637
S05055150_20140618,20.590214050104933
S05119902_20140618,13.558237502563424
S05068470_20140618,16.377217583523116
S05068420_20140618,19.157557693942085
S05115000_20140618,14.99864864311145
S04021000_20140618,12.011767719856083
S05118710_20140618,15.447749754086525
S05119030_20140618,15.614740083929108
S05055105_20140618,19.739348244261585
S05054600_20140618,15.619152265744544
S05053975_20140618,18.023106894883746
S04194665_20140618,14.862606041156425
S05055000_20140618,19.563913613702038
S06128860_20140618,14.89096910841126
S06580075_20140618,14.90577837470288
S04201185_20140619,13.17952116505643
S05064000_20140619,15.251888526352557
S05114490_20140619,15.165384044852775
S05111620_20140619,14.934197838801085
S04015400_20140619,9.676541380432917
S03085651_20140619,19.038257103942726
S06053500_20140619,12.585921152738344
S05106000_20140619,14.382918981455436
S05066000_20140619,15.48840464909874
S03033038_20140620,16.941458371483122
S03033050_20140620,18.83846956987157
S05077995_20140620,15.249900180604243
S05077970_20140620,14.615367432987503
S05024994_20140623,15.467473416120479
S05072140_20140623,14.570528470739491
S06008000_20140623,18.228658992168555
S03012310_20140623,16.20000613248576
S06161400_20140623,15.231091142648932
S05118900_20140623,15.156501206164398
S04032100_20140623,13.218697715871016
S04039160_20140623,13.900240184495473
S04125450_20140623,12.96430301062778
S04196449_20140624,12.064825632163547
S04022150_20140624,17.00993958599311
S05001600_20140624,18.04605255796954
S04052590_20140624,14.18487699312031
S05000250_20140624,16.486858635157557
S04068970_20140624,12.343183053448808
S05135100_20140624,15.174601307100527
S05117530_20140624,15.885216907371728
S06440370_20140624,18.555023004339446
S05117110_20140624,14.077818744289615
S05111500_20140625,17.373712874769435
S05005950_20140625,14.781308262456122
S04190550_20140625,14.757808944048687
S05107000_20140625,12.734700564682896
S04195790_20140625,18.059307506444913
S05018950_20140625,16.26847697971853
S05111602_20140625,15.408178565548061
S05024300_20140626,17.83854108965098
S05142120_20140626,13.549754505045012
S06464800_20140626,15.775829031908664
S05141780_20140626,14.758189262008317
S05142150_20140626,14.367697246493279
S06464775_20140626,15.593250998432449
S05141800_20140626,14.48467086600684
S05142900_20140627,15.000535952077202
S05192200_20140630,17.162153643540467
S05040100_20140630,19.517987931764328
S05086280_20140630,15.842831972237303
S05039000_20140630,14.365531752032911
S05103000_20140701,18.495202013679663
S06153900_20140701,17.612720157093868
S04122300_20140701,14.987857460715887
S06413240_20140701,18.380475162418843
S04058400_20140701,14.22655438131538
S04058500_20140701,13.193191368250286
S05033520_20140701,16.897102445521394
S05033515_20140701,14.439138444765586
S05031850_20140701,15.629866256020344
S03241170_20140702,17.28090640826705
S04023000_20140702,10.759483022857825
S06003500_20140702,15.238108069571496
S03020650_20140702,15.438170670398373
S06045000_20140702,17.14043045417911
S04068440_20140702,17.210739946710998
S05022100_20140702,17.6373455659419
S05022080_20140702,14.166611077598706
S05021100_20140702,14.964230873078602
S04068550_20140703,10.725399198640929
S05088400_20140703,15.26145915214528
S05081000_20140703,12.137214443646835
S06084360_20140703,20.165024663330108
S05088450_20140703,17.5457747392717
S03156000_20140703,13.57596980452991
S03044170_20140703,15.86460399192452
S05080700_20140704,8.949079144864859
S04022150_20140704,19.352474596829214
S03133000_20140704,14.871248346679739
S06131900_20140704,11.345794900746803
S05011400_20140707,14.71881833405214
S03108647_20140707,15.857899928327143
S06166990_20140707,19.843868069087613
S04208590_20140707,11.690936684517165
S03024245_20140707,18.01648230961402
S04633009_20140708,15.496775069711882
S03003790_20140708,19.189793352789188
S04051900_20140708,14.977892247566883
S05007100_20140708,15.036152463686388
S04212200_20140708,12.233201718330584
S04146600_20140709,13.143153295316651
S04050100_20140709,13.590275819354721
S05015100_20140709,15.94454385469301
S03047445_20140710,16.4320202200541
S03151800_20140710,16.292187408319382
S04150850_20140711,12.626820542842953
S06179490_20140715,19.578262631854987
S05092000_20140715,16.543794043497865
S05153000_20140715,15.859132526385856
S05154450_20140715,11.267498137037826
S05223210_20140715,19.282052784357738
S02051000_20140715,16.79931674890619
S03252500_20140716,12.647134659283136
S04082720_20140716,14.527462080760497
S05151990_20140716,14.606764616808997
S03213185_20140716,15.806188455795226
S05167010_20140716,19.884432745601806
S05168000_20140716,18.48709564765111
S05153945_20140716,13.482063607603644
S06209970_20140716,13.235783087313612
S02056200_20140716,7.583300965978728
S06052435_20140717,10.80293057786794
S05044300_20140717,17.41929247984134
S03033306_20140717,17.388673990334183
S05162520_20140717,13.56857003052921
S02066000_20140717,12.218433271442082
S04606002_20140717,13.997716122477362
S04604004_20140717,14.791868091927189
S05158160_20140717,14.60585917132767
S05158200_20140717,15.870176637624139
S04022050_20140717,13.454384846104698
S02070000_20140717,13.67567556730632
S05173450_20140717,19.97609697977407
S06053940_20140717,13.021223641767225
S05173180_20140717,20.040813474713225
S02064770_20140717,13.997796225339618
S04158990_20140718,15.556872025671419
S04417000_20140718,12.990915679706657
S05197220_20140718,20.03396721048798
S04174770_20140721,14.90525439053848
S04174760_20140721,11.809328284487208
S05173270_20140722,19.69289817352208
S02107900_20140722,20.189816372167098
S05091725_20140722,14.94452249647383
S05149520_20140722,20.03195630132842
S04173100_20140722,16.02488286439705
S03095000_20140722,19.72913454878863
S05180700_20140722,20.167573199982677
S04009350_20140723,13.16708744009396
S04524002_20140723,16.98422948042605
S04009000_20140723,11.923560246401738
S04171450_20140723,14.100789142424055
S03099445_20140723,16.380212634334026
S03007383_20140723,15.607421554936654
S03088255_20140723,19.644084894731744
S05165760_20140724,15.635391813762375
S05165250_20140724,15.02357947787691
S05165000_20140724,15.809279672890868
S05077370_20140724,20.320875323415642
S05148200_20140724,20.055996254862983
S03097552_20140724,15.594571823906106
S05148080_20140724,19.2915615816908
S05096060_20140724,15.960056294609574
S02078000_20140724,14.660271346646478
S03095300_20140724,17.332338654301864
S05077600_20140725,19.58841113014998
S06175500_20140728,18.0133321760894
S03082758_20140728,5.854000676871282
S04114100_20140729,14.64965589984848
S03140400_20140729,15.0812361091805
S05183710_20140729,20.06607917016413
S03190870_20140729,13.665779477313766
S03137570_20140729,12.568828511399136
S05145200_20140730,15.513350156772782
S03235690_20140730,15.250396296305835
S03021000_20140730,15.228758602715972
S06175540_20140730,19.808496280854808
S04600012_20140730,15.13912200720334
S04217400_20140730,20.042756241565982
S03191700_20140731,14.765938641059083
S05234017_20140731,14.460289468058098
S03233980_20140731,15.257058071102389
S04195300_20140731,13.0055981826307
S05230600_20140801,17.49853626076611
S04082390_20140801,15.044330727716885
S04411005_20140804,11.930998290388741
S03032000_20140804,14.882422256751786
S04054000_20140804,14.30802048725757
S04028400_20140805,16.76618667695941
S05099170_20140805,19.2748335124453
S03057720_20140805,12.9085514285562
S03247405_20140805,11.36553676816455
S04019350_20140805,13.355059470956771
S04179500_20140805,17.53567162477038
S04063525_20140806,13.244222632477051
S04061400_20140806,11.924872124874572
S04139100_20140806,13.223999303464037
S03189300_20140806,14.94872838184113
S03118000_20140806,14.096626749783907
S04215500_20140807,12.660684162738292
S04215600_20140807,15.34610378201502
S04146670_20140807,13.786276725031849
S04024515_20140808,14.683231105559365
S03027000_20140811,14.646046138554887
S03000100_20140812,19.823137139706446
S03254870_20140812,11.620929860657348
S03167000_20140812,15.141707712388389
S04107500_20140812,14.642335320825385
S06178010_20140813,15.44085076701281
S06170180_20140813,19.78062250667029
S05229100_20140818,13.972010118997558
S05227240_20140818,12.256925770624212
S05140000_20140818,20.093297904475286
S05229140_20140819,11.631015567847054
S03165020_20140819,15.009871260965703
S05126150_20140819,17.208413975137965
S03079850_20140819,14.036462056016722
S03271820_20140819,16.41015370997444
S04003200_20140819,17.984895585572808
S03163000_20140819,14.991060857045744
S05172900_20140820,19.973154513544515
S05197500_20140820,19.121970578660274
S04077200_20140820,17.71491521581611
S03233795_20140820,15.71869687387775
S03036710_20140820,16.114938626664365
S05151150_20140821,19.984315533206356
S05150900_20140821,20.111847250244715
S03036496_20140821,14.99799601284147
S03174712_20140821,14.662122330660821
S05219900_20140821,12.50476281339494
S04067350_20140821,14.230764918822581
S05151100_20140822,19.8338247480809
S05057150_20140825,20.254103796810966
S05055600_20140825,20.637703512313095
S04109605_20140825,15.019705979711068
S04637001_20140825,13.800881419756719
S04015160_20140826,14.522861137445188
S05096100_20140826,16.65720457091826
S06178500_20140826,14.436127083298434
S05068850_20140826,19.218174992155685
S04015100_20140826,15.250448249609981
S05069350_20140826,20.607420954342906
S04146500_20140826,11.913303038394485
S03138800_20140826,14.323083105431568
S04041675_20140826,13.864920547104372
S05126050_20140827,16.050905887012348
S04016980_20140827,18.207638826795524
S05068760_20140827,16.87991413774593
S05069250_20140827,19.44961856062761
S05068700_20140827,18.035034333829216
S04023520_20140827,14.042045364025224
S06179155_20140828,18.322584786222507
S05097900_20140829,14.807237726564505
S06710010_20140901,20.052474014444506
S04067210_20140902,14.141332837375206
S04457000_20140902,14.976954994142048
S06063450_20140902,20.302527785935034
S05101200_20140902,19.41926817146257
S04134010_20140903,13.64233231108545
S04133550_20140904,13.936766750593154
S04159100_20140904,15.83521004097369
S04102330_20140904,13.836258299749984
S04142300_20140905,11.791823452081175
S04134895_20140905,13.090900508428302
S04134800_20140905,12.828611719138225
S04087700_20140905,16.014722243693445
S04029625_20140908,17.60595567377009
S03171085_20140908,11.64439698301556
S05216140_20140909,18.530693665153017
S04182000_20140909,17.652475185583874
S04153500_20140909,13.208771845651494
S05218630_20140909,19.950408915564168
S04017000_20140910,14.335870202667037
S04119300_20140910,14.720265868744516
S05214000_20140910,17.874499631726742
S06830152_20140910,10.050189913196482
S05209500_20140910,17.719689173794215
S05202000_20140910,18.996152824245254
S04017595_20140911,12.697887423611933
S04184950_20140911,17.258264729010307
S04017620_20140911,15.379574325986908
S03202250_20140911,12.576137970070492
S04416008_20140911,11.633159007793047
S04174660_20140912,11.739762587272361
S04000850_20140912,17.30209171441832
S05204880_20140912,19.943995055388065
S04023135_20140912,12.033958438405701
S05206500_20140912,19.031133033805148
S05211930_20140913,16.571145544149513
S05207030_20140913,19.739968545782737
S05207070_20140913,20.235561133381843
S03006272_20140915,19.67537343562865
S06165190_20140915,20.270168230593114
S05068850_20140915,19.96657209408151
S02118000_20140916,15.082670536825725
S04023140_20140916,13.677922197844067
S04024660_20140916,12.822159822099254
S03225062_20140917,15.633958372836284
S04066700_20140917,15.707731816077334
S03207220_20140918,14.853291849167812
S04132000_20140918,13.844712349565182
S05051500_20140919,15.409319986650829
S06067760_20140922,19.948594082282582
S05229050_20140922,14.719962928630267
S03097690_20140923,16.285607441002558
S04052300_20140923,12.825114484262905
S04052420_20140923,9.019317426703319
S03090010_20140924,15.268199926003314
S02023000_20140924,14.303503987849883
S02076180_20140924,16.27809339066543
S03276025_20140924,14.889672798732455
S06113000_20140925,14.344292070361632
S04072875_20140929,15.001082375299717
S02044000_20140930,14.12174473612387
S02097000_20140930,13.213999544712356
S04143000_20140930,13.47430886182131
S04473014_20140930,14.434854748584394
S02123000_20140930,13.977215824271186
S04103600_20141001,14.251835572835564
S02089000_20141001,13.961454781137702
S04074450_20141001,14.983797258481507
S04052800_20141002,10.76820302939443
S02115200_20141002,10.475160645211826
S02094800_20141003,14.953150867762142
S04087000_20141003,15.298633665630334
S02055500_20141003,11.601563247115763
S03148220_20141006,13.691962370256768
S05224000_20141006,11.452447902462449
S05229200_20141007,11.405297367136875
S03265996_20141008,13.767369626182035
S06212100_20141009,19.88611175449912
S04074000_20141009,14.145062022813729
S05231370_20141010,6.487948630480572
S03250975_20141014,14.179608297703808
S03264000_20141015,14.504202217373004
S03041285_20141016,19.266720811802692
S04423004_20141020,15.772159369853508
S04103910_20141020,15.216072026618988
S04422004_20141021,17.772393866470416
S04027850_20141022,18.158023142475876
S05218250_20141023,15.67409078931104
S04096345_20141027,13.723986319559895
S04088200_20141028,15.01529633039673
S04088500_20141029,13.078224994522557
S04423001_20141029,13.795256608694086
S06178800_20141113,20.841446204533213
S06132900_20150216,19.757105933046113
S06063600_20150219,18.846114292557324
S06188740_20150421,13.216830472115785
S06048480_20150428,11.82390500852173
S06091610_20150512,15.644771739016678
S03277728_20150512,15.241268861948297
S06049010_20150518,14.221950470517005
S03154745_20150519,13.967546368950119
S03142025_20150520,9.865064289488716
S03057720_20150526,14.99794464640355
S04010250_20150526,18.917792609609673
S06196185_20150527,19.64096685707878
S04059200_20150527,14.31960671143206
S04060500_20150528,7.154722497943959
S04217400_20150528,19.514709859254765
S04162958_20150528,11.805626829794452
S06198503_20150528,20.29928161346728
S06129000_20150528,13.314559261891334
S04162300_20150528,5.905185608819464
S04009415_20150529,8.521915543507546
S04009440_20150529,9.411487156638756
S06970900_20150601,19.983678498143057
S05052100_20150601,14.62988633355086
S06076420_20150602,20.037278023578246
S04179690_20150602,12.80587879018857
S05030700_20150602,15.295672093937263
S05124940_20150602,14.208716053493758
S04052750_20150602,12.225489897362852
S06085270_20150602,18.245021927349583
S06083580_20150602,17.354684697783387
S04052600_20150602,6.082904700857819
S06580184_20150602,19.951092063575196
S05123950_20150602,12.04820577326132
S03264965_20150603,12.513701783145965
S04023130_20150603,11.444644215188962
S06084770_20150603,19.969550215823453
S04137993_20150603,13.108753815629068
S04023680_20150603,14.720128614076764
S06005695_20150604,14.824528701451982
S06069650_20150604,19.95793211605229
S05047500_20150604,16.21750456531442
S06830246_20150604,15.870190891889177
S04023350_20150605,15.245152193348101
S04199078_20150605,13.93821507056963
S04379000_20150605,12.50749067880966
S05135300_20150608,17.841137738266276
S06001890_20150608,14.52107969288524
S06031200_20150608,15.665709075730435
S05138900_20150608,18.796460854023238
S05138000_20150608,19.103311027049248
S04022210_20150608,17.719392478209137
S05170800_20150608,20.138928956710593
S05025000_20150608,15.427889487240774
S05007300_20150608,15.89324457707359
S04022150_20150608,19.062999593788774
S06464775_20150609,16.311478669902435
S04116400_20150609,14.956461731189167
S05136200_20150609,20.36214831323827
S03113340_20150609,15.700317962859863
S05004230_20150609,16.562411759939952
S05176900_20150609,19.96727844050568
S05006900_20150609,15.23554323498187
S05054600_20150609,16.009159608641824
S06468000_20150609,20.01451843030113
S04030000_20150609,15.287086356684211
S02107890_20150609,19.186291625248217
S06003500_20150609,15.983426940607547
S04041100_20150609,14.540984700446247
S05178200_20150609,16.59428773693509
S06177500_20150609,17.905299248649953
S05139220_20150610,17.288348292157796
S02045350_20150610,13.108444074378063
S06426000_20150610,13.819377856036477
S04015050_20150610,15.337686497950754
S05134300_20150610,15.056872702354488
S06029100_20150610,15.307632292955441
S05020100_20150611,16.361627121934518
S05025680_20150611,13.588487309191203
S04036300_20150611,19.061737004750768
S06180500_20150611,11.943046246427192
S06439900_20150611,15.078259200244643
S03043280_20150615,17.55372846668078
S03025368_20150616,19.789401502248033
S03025440_20150616,14.748353175972
S03093900_20150616,18.42163251789393
S03025551_20150616,15.772162081527084
S06014970_20150617,17.840551163637194
S04210020_20150617,11.701659381638603
S04210050_20150617,11.775350268422775
S04052265_20150618,11.226257632715097
S03189975_20150618,14.373440301834501
S04052650_20150618,13.682529374149624
S03193520_20150619,15.563677806419403
S05052540_20150622,19.264493743037637
S05127000_20150622,10.036383029968437
S05060400_20150622,18.702014061148795
S04153100_20150622,13.550380340762207
S03004280_20150622,17.471213493403546
S05060900_20150622,18.87732065696595
S05061950_20150622,19.438781204379946
S05061942_20150622,19.27543729628434
S05089090_20150623,18.62446496679156
S06215900_20150623,19.744289815713493
S05055940_20150623,17.168524150271264
S05058600_20150623,19.827694408172
S05055950_20150623,19.278463466118097
S05056600_20150623,18.876650687100152
S04002530_20150623,10.627965695535046
S06070465_20150623,19.675354057794618
S05044300_20150623,17.989243547776866
S05126150_20150623,15.084383974084052
S03007023_20150623,20.078838515149094
S03008505_20150623,15.513585791192702
S03136000_20150623,14.079671566346095
S05055105_20150624,19.652753223890304
S05118000_20150624,15.051833039774943
S05116100_20150624,16.807256921309982
S05115950_20150624,15.358029513239442
S05112210_20150624,14.02893843704489
S05055555_20150624,20.600959392044913
S05055150_20150624,21.165642260266416
S04154060_20150624,12.024023795853243
S05142150_20150624,12.938455659801892
S05055550_20150624,19.857081466616286
S04022180_20150624,16.9988395334886
S03246300_20150624,18.064521747188937
S03127001_20150624,14.075589925148885
S04003340_20150624,15.644967005196646
S05036500_20150624,14.117800648874143
S03109000_20150624,14.78189385375643
S05184200_20150624,11.405405904452412
S03065050_20150624,12.458524028889768
S03047445_20150624,16.257370051888664
S03134000_20150624,15.126612272028066
S05134250_20150624,14.066520613115292
S03069000_20150624,14.817634595120058
S05051120_20150625,19.216731787241503
S06120560_20150625,19.330492915218393
S06120750_20150625,18.057651995879795
S05074500_20150625,12.735347890950015
S05074000_20150625,14.66609721325636
S03225015_20150625,14.797656564198558
S05118760_20150625,15.094179186563963
S06013100_20150625,14.9928434471553
S03237050_20150625,14.0042004560757
S06175355_20150625,15.65265122848991
S06222410_20150625,14.567768668173747
S04165225_20150625,13.442701072847496
S04068800_20150625,10.108199939367864
S03085945_20150626,16.926976801288554
S06178006_20150626,19.82935680941209
S05120015_20150629,16.24542695727341
S06070100_20150629,17.446967183383016
S06012585_20150629,20.065449565988807
S05011600_20150629,14.685414797255424
S06700020_20150629,17.258279493243528
S03032780_20150630,14.592381069997755
S05077650_20150630,15.817026361099249
S06217910_20150630,20.04594726557775
S06088800_20150630,19.96829586612596
S03129170_20150630,19.749244833511636
S06110900_20150630,20.158517010965724
S05192040_20150630,19.952147685576293
S05075800_20150630,14.236946746252155
S05008000_20150630,14.167930087959437
S04100980_20150701,13.057394036651264
S05108180_20150701,9.626796201404703
S04101400_20150701,13.3994632228771
S03039110_20150701,14.258312051400395
S03039673_20150701,15.89205948423291
S05114400_20150701,14.936308791435149
S05114500_20150701,13.098621129076633
S06181950_20150702,18.79190904957909
S03040791_20150702,15.610413530513954
S03039240_20150702,13.655409237310247
S03039130_20150702,16.491073116870876
S03036332_20150702,15.41333747419244
S03006354_20150702,20.081160830010333
S03102000_20150702,16.92436648829781
S03178319_20150702,14.85478172862015
S03172150_20150702,17.607322131071065
S03104528_20150702,15.227300790617068
S05074600_20150703,15.207172885087115
S03036630_20150703,15.346376789114979
S03034813_20150703,15.148472628418409
S05075250_20150703,16.261487538562935
S03034254_20150703,8.796630490410635
S03032550_20150703,16.268254346933215
S05075700_20150703,14.666007933827458
S03107000_20150706,16.065032706539498
S05084000_20150706,11.993113000176109
S05040100_20150706,20.33869008159371
S05041000_20150706,14.062421241856978
S05042000_20150706,15.03404182611671
S03274000_20150706,12.464787881333983
S03274420_20150707,9.492162872323952
S06041250_20150707,15.466788936596116
S04173100_20150707,15.045067191583096
S05122000_20150707,14.870209433931446
S05120085_20150707,16.161795188143792
S04216000_20150707,10.84606883332749
S04200499_20150707,9.937376247892498
S05226150_20150707,16.535106391738424
S05068020_20150707,18.688535375197148
S05222000_20150707,10.556190403646026
S05067950_20150707,19.25053202173208
S04454018_20150707,12.551292213110678
S05033380_20150707,15.492185800799504
S06013800_20150707,15.535983008422402
S06017000_20150707,6.415360313158024
S05197600_20150708,12.395313733687804
S05021500_20150708,16.731284503681124
S05021700_20150708,14.512095192188104
S05197900_20150708,16.814136089593827
S04201170_20150708,13.301326087380374
S05234000_20150708,13.356567337181406
S04201990_20150708,12.642756372771753
S03180100_20150708,15.234705801109646
S03161881_20150708,15.309679632279899
S03161695_20150708,15.238587856233188
S05068920_20150708,14.237936223616337
S04159150_20150708,15.095356146064
S04172060_20150708,14.59434854609411
S05068371_20150708,17.634365260205083
S06178043_20150708,15.763492095913676
S05068400_20150708,19.509662621248786
S04046150_20150708,13.63245474182045
S05116050_20150709,15.28975446319322
S05232980_20150709,14.377307435716894
S04089300_20150709,15.48400446613374
S04208395_20150709,11.990369551620875
S05065500_20150709,20.07359412527603
S04090500_20150709,13.981624348614028
S05087000_20150709,14.689508518381427
S06129900_20150710,18.284527733608826
S06176680_20150710,15.53790603387517
S04153200_20150710,12.001178389126885
S04148575_20150710,12.966563499259347
S04215500_20150710,12.463801671463822
S03146715_20150710,15.884810183846037
S05135100_20150713,15.089916273926335
S05135000_20150713,15.77526905744098
S05139390_20150715,15.995239457048266
S03251190_20150715,11.054022842649811
S02020750_20150715,12.159926137569236
S02019950_20150716,14.02904012483453
S03254035_20150716,12.778913605734534
S03108890_20150716,15.409938884938347
S04119220_20150716,15.040625262995338
S05139310_20150716,17.89428030371499
S03031191_20150716,15.544602481324043
S05223130_20150716,12.16940635273016
S04070300_20150716,13.25755887068452
S05133280_20150716,19.638430963351183
S03056024_20150717,15.435779873256225
S06042000_20150717,10.160899236863166
S03105380_20150720,14.703397044720717
S05088450_20150720,16.10370285189928
S05088130_20150720,18.039816878380467
S04115900_20150720,15.101736276979906
S03114395_20150720,14.536699673207904
S06182000_20150720,17.512495260381705
S04108285_20150721,14.757351753843988
S04115760_20150721,15.302178803013474
S03018342_20150721,15.90190364204639
S05172800_20150721,19.518994580720978
S03023000_20150721,15.546165623609948
S05173150_20150721,20.024380458733248
S05173350_20150721,19.872329079399137
S04085180_20150721,15.787259060526972
S03163300_20150721,15.37013141439758
S03105946_20150721,15.020876297803147
S03164330_20150721,16.640990170920002
S03105585_20150721,7.4934950803481915
S06174960_20150721,11.200650275054922
S04159250_20150721,19.49956943452687
S03256600_20150721,13.580361332027012
S02048960_20150722,19.64822140278386
S03112875_20150722,14.968887079262835
S03113040_20150722,14.602996704469165
S03168035_20150722,12.927836115284153
S05153980_20150722,15.017637246919213
S05093000_20150722,11.920655338275626
S05180295_20150722,19.928668914683705
S05051000_20150722,12.733931023171118
S04105680_20150722,13.868649309136956
S05180210_20150722,20.078057584665054
S03027549_20150722,7.812107218195729
S04570000_20150722,14.863143296509795
S05181100_20150722,19.85392695784207
S04041710_20150723,17.945964613193887
S03258850_20150723,16.309422636934094
S03115950_20150723,14.636724399797894
S05101600_20150723,15.999154673058781
S05101000_20150723,18.417731223293714
S05181900_20150723,19.94541693169943
S02065090_20150723,16.04475504485402
S05182200_20150723,20.303398345363682
S05176000_20150724,15.42041331103593
S06041700_20150724,11.685812448898606
S03016840_20150727,16.05539689284509
S05098000_20150727,18.089615179128167
S03029798_20150727,15.25586800642203
S03177760_20150727,15.330722716384255
S06175540_20150728,20.114496024933345
S03175000_20150728,15.190707966880183
S06580871_20150728,18.742041154279143
S05096805_20150728,17.265627283241987
S04016650_20150728,15.012531592422372
S05096480_20150729,15.765844873959876
S03212090_20150729,15.874393300463431
S03029500_20150729,15.8481099691593
S03210572_20150730,14.648867313185335
S06179700_20150730,13.156557445777837
S04037300_20150730,14.314733395770734
S04045900_20150730,11.371162705784226
S06830142_20150803,16.51690395897468
S04082340_20150803,14.275800780912995
S06139405_20150803,17.28869347802467
S06139700_20150803,15.431991552182836
S04082375_20150803,14.757912059463795
S06139400_20150803,16.525187858903553
S05236000_20150804,19.986097850648036
S05145410_20150804,19.7357684763327
S04426029_20150804,9.586169520715545
S05234290_20150804,18.457521542664264
S04082800_20150804,13.448288233717538
S06710010_20150804,20.560034819710786
S05235850_20150804,19.23912786725423
S04057700_20150804,11.76809517367543
S04124875_20150804,11.858931269988087
S05152550_20150804,15.159367880232406
S04127970_20150805,14.545362424642143
S06089175_20150805,16.77915759331097
S05236100_20150805,18.564782267708367
S06710110_20150805,18.095673122533544
S05145200_20150805,14.629577932340338
S03213505_20150805,15.471437992847852
S05145750_20150805,15.64222665613897
S05175200_20150806,16.627594080775133
S06068400_20150806,18.561449863439776
S05142520_20150806,15.95878880929922
S05143000_20150806,16.23408573573279
S03213230_20150806,15.246349604576093
S03216130_20150806,14.671829433038056
S04127000_20150806,14.498986019304335
S04077000_20150806,18.490126283675384
S05234028_20150806,19.34834097405964
S03216180_20150806,15.210661515824626
S05234012_20150806,16.68588095813625
S03216150_20150806,17.182055347207044
S05234015_20150806,19.624598362794867
S06455150_20150807,17.80631167010824
S05234287_20150807,13.418546873537238
S06460650_20150810,12.433493304931805
S03002100_20150810,19.94129057690784
S04195680_20150810,15.10424999435339
S03221560_20150810,15.137480478507136
S05191000_20150811,16.69871328860908
S02000010_20150811,13.089034148920778
S04164550_20150811,17.47201802963953
S05158170_20150811,15.15153605694878
S03221860_20150811,16.944388835306267
S04134700_20150812,16.274430757003067
S05157680_20150812,14.327691398353002
S05164000_20150813,16.044600998201613
S05165850_20150813,16.323111209864965
S02094700_20150813,14.865049591638257
S05234004_20150813,15.003341390905787
S06580075_20150813,12.893617379429518
S02058000_20150815,13.851067140216434
S02076800_20150817,12.029980294362531
S02106410_20150818,14.362997965554511
S03071080_20150818,13.860744626299034
S02118300_20150818,14.85493784161513
S02046000_20150818,13.61342209141722
S06081990_20150819,16.138370106434763
S04051400_20150819,17.06751866045032
S05154250_20150819,9.356369570228932
S03109660_20150820,13.39075422332065
S02059800_20150820,14.953878457548456
S05079100_20150820,9.332336327219407
S02106230_20150821,14.950626053267019
S02041230_20150822,14.494804296027512
S05151150_20150824,20.033648761108378
S04074790_20150824,14.40768401898766
S05177600_20150824,19.53133364281917
S05230020_20150825,14.305549766846973
S06205960_20150825,8.868426741651398
S06205955_20150825,17.713872706811433
S06113285_20150825,20.008470734731183
S05151100_20150825,20.027432663685936
S05149520_20150825,19.90129693189065
S05148200_20150825,20.130305097437194
S06173550_20150826,19.591754204453512
S06113320_20150827,19.936782057185688
S06113360_20150827,19.932509994198384
S06113370_20150827,15.496933022514598
S06175345_20150827,20.240547685515256
S05145650_20150827,18.595858954886342
S05145600_20150827,17.89780823380182
S05230600_20150827,16.306318403702964
S06180800_20150828,12.574176047160018
S06179999_20150828,17.478027851578165
S05221600_20150828,13.571772092645636
S05083586_20150831,14.555281007135742
S05150900_20150831,19.822099131874523
S05191200_20150901,18.205647498037663
S04550001_20150902,18.228147878020337
S03149158_20150903,14.884368774830044
S04075882_20150903,18.223882991390703
S06128860_20150904,18.242872146683762
S06079161_20150907,20.09297830282216
S06149500_20150907,18.80388122194324
S03201260_20150907,16.399346388625002
S06079170_20150907,19.903266842421125
S04079820_20150908,15.584454494217981
S05095170_20150908,15.070941888740704
S04110000_20150909,14.75012025982143
S06076442_20150909,19.49130038607462
S06076760_20150909,19.554552662017926
S06710036_20150909,15.240755732597007
S04403005_20150909,16.08426101389746
S03219030_20150910,15.721155332840633
S06126600_20150910,14.272928179256922
S04000850_20150910,16.19353160912052
S04114500_20150910,15.256000547840951
S06131550_20150911,12.701973271528225
S03014000_20150914,12.966864416888377
S03264250_20150914,14.187090632180396
S04067700_20150915,16.505928562435003
S04201550_20150915,10.941136951380713
S04171400_20150915,13.705510229789422
S04092000_20150916,16.013594896504316
S04117450_20150916,15.243603465026302
S04096645_20150916,14.925297508854488
S04085500_20150917,14.573092602376052
S04064000_20150918,11.120046445398783
S04027290_20150921,19.105118042939083
S03219263_20150921,14.861574671262632
S03219420_20150922,15.014668712729485
S04030025_20150922,16.98719220525853
S03222327_20150922,15.491558338563165
S03219550_20150923,13.788252247839132
S04027610_20150923,12.210310190989537
S03182415_20150924,13.147453193967074
S05163290_20150925,14.403107981326299
S04630007_20150928,20.14246610880283
S03024840_20150928,18.612417179824103
S04631005_20150928,13.864513097492631
S05217310_20150928,19.960040654531603
S03027697_20150929,14.499865792614067
S05218450_20150929,20.00891729821896
S05218620_20150929,20.028294308189906
S05218700_20150929,20.347837424309688
S04173130_20150929,13.066125762540603
S03199200_20150929,16.225044875714737
S05216135_20150929,20.156658075356617
S04178750_20150930,14.661399169177486
S03242520_20150930,14.112741576571251
S03056740_20150930,15.605755581345866
S04036500_20151001,8.754329403103783
S05199600_20151001,16.511343974880464
S03073000_20151001,13.7195253637046
S03071550_20151001,13.924774778437776
S05063900_20151002,15.06767407957426
S04135000_20151002,7.540191647859794
S05211650_20151002,19.549407948244436
S05057150_20151007,20.395077183070967
S05068850_20151007,19.193442471380912
S05055600_20151007,20.396040188178425
S05069400_20151008,13.270888328088668
S05069900_20151008,18.220544424687002
S04082000_20151014,18.431268013262994
S04003353_20151016,16.176322855431554
S03233896_20151020,12.21479575917595
S05162624_20151109,14.82213677819852
S06150820_20160420,12.949207264081931
S06820240_20160521,15.170156099728652
S04374005_20160524,14.650891591894192
S03098845_20160524,18.33703433950861
S04143700_20160526,12.016703723063927
S05236950_20160527,18.8209884170786
S06194000_20160531,10.522653988483924
S03264560_20160531,14.429522249797138
S03257800_20160602,9.984593891086128
S06117850_20160606,13.361795933337707
S06580318_20160606,14.276204464519134
S04217100_20160606,15.272675654272817
S06300046_20160606,20.1748889257497
S03270390_20160608,15.874093324341391
S06580300_20160613,20.20569155822607
S03243000_20160614,8.335784218341939
S05170800_20160614,20.048568045843815
S06155975_20160615,20.242423645839104
S05176100_20160615,19.559641472397317
S03247160_20160615,13.066535155478974
S04160070_20160616,15.636696396562035
S03215193_20160617,16.78784080638655
S06190700_20160620,10.265901212306321
S06700070_20160620,19.879602239375366
S04217400_20160621,20.05096394377742
S04377001_20160621,18.921144559424278
S06213400_20160621,16.30400820410655
S06177988_20160621,15.287332988529126
S04034650_20160621,4.862571340678327
S06217465_20160621,18.610284884879537
S05000250_20160621,13.731295164286951
S05001600_20160621,15.59539520606708
S05145410_20160622,19.898243516947034
S05145440_20160622,20.075027504056052
S06700260_20160622,20.15434166432319
S05012700_20160622,19.165171091746537
S06222195_20160622,20.186490449738834
S04010410_20160622,15.2996381965681
S05004230_20160622,15.920727281492368
S04137900_20160622,13.016668728708403
S06820073_20160623,20.00780438715181
S06217000_20160623,19.81993879411683
S06213310_20160623,15.14026181750109
S05020000_20160623,14.91990744145732
S05022450_20160623,17.158672908964412
S06820138_20160623,19.802884709519077
S05020990_20160623,15.823232340370883
S05108100_20160624,15.622501102748718
S05007920_20160624,16.182470223265902
S05013200_20160624,14.556454193770287
S05119030_20160627,15.284373517548259
S05061950_20160627,20.542512133386783
S05120143_20160628,19.61266986353471
S05119105_20160628,16.375628693405613
S05119056_20160628,15.863495507720929
S06579000_20160628,17.576957295644746
S06148850_20160628,15.600811496350556
S05089090_20160628,19.631570244749113
S06960950_20160629,19.916310436175593
S05061240_20160629,16.849874618244293
S06119000_20160629,16.584547607048474
S05051500_20160630,15.175582992102646
S04196300_20160630,16.97352428588787
S05133280_20160630,19.52406819777397
S04099400_20160630,13.615978783069094
S06181210_20160630,17.985001741565174
S06178006_20160630,18.760954870377383
S05227000_20160630,13.362736847857533
S06189500_20160630,16.918975568447216
S06129550_20160630,14.808348080353325
S06193500_20160701,8.866914364700508
S05120085_20160701,15.200338243402596
S05019940_20160701,15.09333632921619
S04100980_20160701,13.164337843441901
S04164200_20160704,14.175415008060984
S04126800_20160704,13.93628290873906
S04163465_20160704,14.907944001167651
S05139215_20160704,17.584024423370245
S05148020_20160704,20.106109896303096
S05111530_20160705,15.151735990727182
S06181150_20160705,10.79937640436337
S05061400_20160705,15.994629507318328
S06116620_20160705,20.204870699618894
S05176090_20160705,16.728080122690116
S05061945_20160705,16.434755802414323
S05149520_20160705,20.06597021500968
S03219450_20160705,14.641734103231672
S03223200_20160705,14.726170062177365
S03222327_20160705,15.434398968933143
S05149000_20160705,20.241852856046812
S03222275_20160705,13.195908719310289
S05021900_20160706,14.562454878979832
S03085929_20160706,16.42962040966014
S03222228_20160706,14.213245413331528
S03222135_20160706,14.252215854616772
S06110900_20160706,20.082762093088945
S05176900_20160706,18.278275584016313
S05143200_20160706,20.186851620730895
S05074840_20160706,19.992022744793864
S04136600_20160706,12.255172745234276
S05080960_20160706,15.40382837941303
S05148700_20160706,19.665630195080308
S05091760_20160707,19.38065488685936
S05061950_20160707,19.642642134607833
S04075882_20160707,18.749623312055174
S03013740_20160707,15.639641056918386
S05076600_20160707,16.226147624010235
S05178200_20160707,16.17867287740355
S04338000_20160707,16.730090042583793
S04210020_20160707,12.694819883077887
S03233896_20160707,13.373395788594078
S06176680_20160707,15.708842608658015
S03221860_20160707,15.824890242933286
S04416011_20160707,12.303553049084442
S03223240_20160707,9.916006591638261
S05080742_20160708,15.179056604631699
S05075200_20160708,15.41234696807686
S04215195_20160708,13.191750029318166
S06177956_20160708,10.92126301729525
S04213000_20160708,10.922947543586245
S03056260_20160711,14.356252550735022
S06193660_20160711,13.273579456059801
S06054265_20160711,11.600580671370464
S06464775_20160712,17.57827640310092
S04134890_20160712,13.30381317161017
S04173083_20160712,16.91932817173111
S04133000_20160712,13.385246408434503
S03085730_20160712,14.831355871665076
S04322000_20160712,18.605378285117403
S05128020_20160712,13.990363619826667
S05223210_20160712,16.568350750837258
S05233500_20160712,9.743107967892263
S05234000_20160712,12.531168107247119
S05125780_20160713,18.525854857280756
S03194415_20160713,12.97222307290734
S04636002_20160713,12.41685861897956
S04043100_20160713,13.578125665937263
S05197500_20160715,14.921655956597544
S05197900_20160715,18.241115317998272
S02082330_20160718,14.215600852041517
S02082710_20160718,15.55615137887607
S05022000_20160718,14.309615014604708
S05021500_20160718,17.343427299120542
S05011710_20160718,16.1113544367846
S05167950_20160718,20.036637592975822
S02057350_20160719,14.79286200878112
S02007000_20160719,11.6863865781432
S05024000_20160719,13.89497826098571
S05024180_20160719,13.620586744549307
S02057250_20160719,13.359270723664318
S05172800_20160719,18.231720437471104
S03195417_20160719,10.22578547991085
S02007300_20160719,15.267695540637458
S02000011_20160719,13.740164994045786
S04115580_20160719,14.030078421160376
S02021000_20160719,14.562435102538155
S02054500_20160719,18.32592335200372
S02021700_20160719,15.036705574692148
S02054300_20160719,13.303530836309887
S02054100_20160719,18.004723048008902
S02011000_20160719,14.021801694956299
S04044400_20160719,14.557414417462411
S05077600_20160719,20.232375636207976
S02054000_20160719,18.36435475023213
S05077970_20160719,12.641325469691512
S04074200_20160719,15.020336342950364
S02018500_20160719,12.622972668441555
S04070215_20160719,14.953939957307432
S02010000_20160719,14.895060294683109
S05091520_20160719,17.140848240490566
S06002081_20160719,13.359691624933838
S02054550_20160719,10.432765989646967
S06172930_20160719,20.06828687237015
S02051820_20160720,17.674801580621804
S02051600_20160720,13.855142688256304
S06580601_20160720,13.907762736639794
S02067000_20160720,12.586744050276176
S02051000_20160720,16.996259275369127
S03033306_20160720,18.183619999910704
S02024000_20160720,15.710274017870518
S05005605_20160720,14.005512182500626
S02022000_20160720,14.428523449502215
S04143500_20160720,12.530723533398778
S02001000_20160720,9.301380781732558
S02001025_20160720,15.989831661890706
S02020000_20160720,13.344997441314389
S02019500_20160720,16.037436039256654
S05218850_20160720,13.614144533070734
S02052000_20160720,17.666014782598474
S03051395_20160720,12.523636742104898
S02004000_20160720,14.13825484240054
S05180700_20160720,19.869213072630686
S02005700_20160720,11.997404794582181
S02052500_20160720,19.349000307461793
S05230200_20160720,13.829424602309663
S05068850_20160721,19.993680729350352
S04543001_20160721,14.771976412952169
S06491950_20160721,17.675134835274726
S03197000_20160721,14.302477068677742
S06106935_20160721,19.655794063208916
S02064000_20160721,14.712975848971666
S02064770_20160721,15.555699051304503
S02003200_20160721,7.7811616263965515
S02003100_20160721,9.413889475782522
S05014100_20160721,19.02857302718379
S02019000_20160721,15.853307974608649
S02001895_20160721,13.055120777397537
S02063000_20160721,15.64765215577775
S05013700_20160721,15.695967008791337
S02061970_20160721,18.323247505514765
S02018000_20160721,9.818594622519168
S02003800_20160721,13.921722187915883
S02013000_20160721,12.669312191190913
S02061500_20160721,18.788454191619316
S05007900_20160721,15.168284497760785
S05012000_20160721,15.486929789253244
S03033273_20160721,15.770051054885693
S02049500_20160722,15.993053265685624
S05011500_20160722,15.383184993513767
S02003350_20160722,8.97281753884597
S02003400_20160722,5.3460646907069265
S02016050_20160722,18.56599955394038
S02009000_20160722,17.029751138119508
S02001750_20160722,15.118591390487275
S03198750_20160722,14.905562070005072
S02049900_20160722,16.56648977750428
S04426012_20160722,15.79801103567074
S02050000_20160722,14.201949598438773
S04108530_20160725,14.038198446804843
S05047000_20160725,13.829274722807451
S05047200_20160725,16.262661918775606
S02115625_20160726,15.938536648734091
S04025040_20160726,19.09198514106807
S02078900_20160726,15.557390766965664
S02085600_20160726,11.781771585032505
S02077200_20160726,15.864325171213473
S02078000_20160726,14.598826635194815
S06044900_20160726,12.700982442554334
S05163860_20160726,12.812027079504286
S05099150_20160726,16.814583878909012
S05099170_20160726,19.274495520197213
S06580640_20160726,13.317541079318865
S05125700_20160726,14.792595854534197
S02085325_20160727,13.266165893003105
S04128050_20160727,8.692709793513608
S04090000_20160727,14.912706255592
S02060750_20160727,12.486149480979378
S02060500_20160727,13.336253228901635
S04123800_20160727,11.6671513953346
S05125280_20160727,12.410733270677603
S02112000_20160727,15.555781192795788
S02111000_20160727,15.556032727998142
S06494200_20160727,19.772190220090472
S05139000_20160727,19.744390602561623
S03034720_20160727,15.854794149872822
S02076800_20160727,12.751366162602292
S02076180_20160727,12.727403871041165
S02107900_20160727,19.954567387709567
S02107890_20160727,17.180556684031295
S05230020_20160727,14.514265809860163
S03189652_20160727,12.821307676826192
S03189675_20160727,12.681676252498018
S02106900_20160728,14.641116827904854
S02018780_20160728,19.555738688138796
S02106750_20160728,12.088573900621242
S02115675_20160728,14.466709077309055
S02107000_20160728,15.189779540509685
S05093750_20160728,14.957731887880145
S04406006_20160728,16.1136015619428
S02086500_20160728,18.876339819355707
S02089000_20160728,14.379067233533744
S02088000_20160728,12.756841397306623
S02106600_20160729,13.792925011164956
S04139050_20160729,11.018337454034228
S02084000_20160729,13.74753308768878
S02082900_20160729,14.685903338226856
S04131200_20160729,13.992711552318193
S02092000_20160729,11.086605350120902
S02089900_20160729,10.260908152567518
S05093550_20160729,8.623036624921552
S06209945_20160801,15.17321399891097
S05044310_20160801,15.20438941669451
S05044300_20160801,15.479647346533712
S06076420_20160801,19.22155923129508
S05057050_20160801,19.581865396892958
S05056850_20160801,16.51086478779508
S06150795_20160801,19.993667854581936
S04475002_20160802,15.384985914405632
S05222000_20160802,12.083824177374447
S04194500_20160802,16.247754168015053
S05054030_20160802,17.107401903698502
S05054020_20160802,19.439411299341714
S06154000_20160802,13.165730710948354
S04217445_20160802,19.736544667396842
S02004300_20160803,18.992586723759576
S05053060_20160803,15.147311457532753
S05054200_20160803,17.406046616414173
S05054600_20160803,14.432753736951906
S02048960_20160803,19.712217920453188
S02049000_20160803,18.0474476027322
S02048980_20160803,19.45768638588539
S05192063_20160804,17.442840125887745
S05183862_20160804,19.733956144393005
S05053920_20160804,18.86865962651347
S05055000_20160804,18.631643499185074
S04175100_20160805,12.132956630540006
S05086270_20160805,15.179517709098914
S03134790_20160806,16.410979565587894
S03133140_20160808,14.099638720789732
S05106820_20160808,16.731769042467985
S06104000_20160808,11.70096190113696
S05096085_20160809,16.89104922024492
S06581665_20160809,16.430789082059476
S06820164_20160809,19.99616056916515
S04040400_20160809,13.974461850329693
S03132615_20160809,15.0699335944083
S05033510_20160809,15.784299021127811
S06149500_20160809,15.230613084241934
S05137000_20160809,16.788660911189478
S02095600_20160809,13.103070438264595
S05116650_20160809,14.988080181155254
S02057760_20160809,14.964774027052638
S02057600_20160809,14.829171124600625
S02057557_20160809,14.906954094016331
S02057525_20160809,14.441322102420468
S02059500_20160810,13.454414549280129
S02072700_20160810,11.406856683546177
S06147650_20160810,18.379337485596942
S06147840_20160810,19.821877197219884
S05054020_20160810,19.316576088594275
S02095500_20160810,13.104308051077016
S02056200_20160810,6.760818502131714
S02096000_20160810,13.035662411112824
S02057000_20160810,12.634417003028709
S02094979_20160810,19.465121076908563
S02094973_20160810,19.723596220469037
S05099120_20160810,18.46466957102192
S05134550_20160810,18.2262564585726
S02055500_20160810,13.467255703647945
S02055580_20160810,13.74840296942214
S04068990_20160810,13.876328372830413
S02094970_20160810,16.69185463898468
S06580839_20160811,20.0994731463567
S02074000_20160811,12.970529485031259
S02068500_20160811,11.745116276594757
S02070900_20160811,15.73593903625389
S02070250_20160811,9.682322118457598
S02070000_20160811,12.086843820402025
S02069100_20160811,11.354561740405652
S02071050_20160811,12.454611681183145
S02072400_20160811,11.343923406378979
S06540210_20160811,19.40294325532088
S02068800_20160811,10.786802012655903
S04013000_20160811,10.952044143018652
S04172030_20160811,13.424827576398258
S05133100_20160811,18.953003784338307
S02096500_20160811,15.024939185515702
S02096750_20160811,17.503615578629848
S02096900_20160811,13.83059196106011
S02097000_20160811,12.740752510678202
S02098200_20160811,14.099552787712174
S02098800_20160811,13.179466242720933
S02098900_20160811,14.909080146092428
S02099500_20160811,12.969602350809076
S03118300_20160811,14.595028991023698
S02067150_20160811,14.799968472043753
S04096105_20160811,16.385747841785303
S02067400_20160812,14.97326115899314
S05220950_20160812,14.266289824897127
S03194080_20160812,15.02500530528106
S02067600_20160812,11.18813128771435
S02065500_20160812,18.10496442934524
S06172100_20160812,8.751625122475055
S02066000_20160812,13.51318352299727
S06123100_20160812,15.426919201505864
S03209000_20160816,15.395134528195134
S05192014_20160816,16.776073140453295
S04028500_20160816,15.367684768807699
S05069245_20160816,18.867746640488278
S05150900_20160816,20.187953841716308
S02082000_20160816,14.14425939963423
S02104000_20160816,12.68356814134162
S02104400_20160816,14.65930122499792
S02112150_20160817,16.964136706884382
S02056020_20160817,14.696489284176112
S02081000_20160817,12.884813571114513
S02041000_20160817,11.496188884642926
S05069230_20160817,19.976398340594073
S06092000_20160817,17.804246335625283
S02081100_20160817,14.953202263047466
S06139500_20160817,17.737775851024043
S02081300_20160817,13.356788801440285
S02041950_20160817,12.793176712886345
S06078560_20160817,16.20835670969734
S04187500_20160817,17.458998386350025
S02042000_20160817,14.013513614219029
S04187600_20160817,19.485030860152804
S02107845_20160817,15.802765706679317
S03207285_20160817,15.87441044889412
S02060100_20160817,20.057818496325105
S02070750_20160817,13.395388146187083
S05075650_20160817,18.90413836578891
S05055940_20160817,15.557643012628942
S05151150_20160817,20.016474859628172
S02058000_20160817,13.930353935335155
S05151100_20160818,19.994750803305106
S05055950_20160818,15.812266707147302
S03176470_20160818,14.489685662431956
S06076650_20160818,15.651671211647507
S05069310_20160818,18.399623060237353
S04065800_20160818,19.775999526995548
S03207335_20160818,14.620311502611163
S05148200_20160818,20.152280137305986
S02043450_20160818,11.657117039296743
S02043500_20160818,14.209233651558145
S02043600_20160818,13.901562644845667
S05069400_20160819,15.814653473179748
S05234030_20160819,19.89471193663854
S05071300_20160819,18.111551955730054
S03129380_20160819,12.571836906056664
S02042900_20160819,13.971979491009712
S03177889_20160819,15.15863032833296
S02045050_20160822,14.276754411754489
S02030200_20160822,14.178419058088933
S05068655_20160822,19.587202446356578
S03149104_20160822,11.911798961181578
S06135350_20160822,19.334767517832127
S05068485_20160823,20.71244281200081
S02028500_20160823,14.00845750456895
S02038000_20160823,13.604371362020501
S02042500_20160823,13.276377794556263
S03101140_20160823,16.139630205615383
S06070465_20160823,19.67362222866118
S04026420_20160823,19.124072734369296
S02045000_20160823,9.535604766686545
S04173370_20160823,13.08819557646365
S02044000_20160823,13.442503279685226
S02001700_20160823,14.658106688504247
S02026500_20160823,15.101682138452748
S02029160_20160824,16.931361043789888
S05068660_20160824,16.770825137526856
S02028000_20160824,17.370794650473243
S02041650_20160824,14.36803734079399
S02041750_20160824,11.085552819614632
S04190750_20160824,13.507582266446912
S02041575_20160824,13.710644581576108
S02037500_20160824,14.51139756903548
S02107400_20160824,16.667639983305513
S04053800_20160824,14.628082137661792
S05069220_20160824,19.740815106898744
S05068890_20160824,18.644078710320798
S05068850_20160824,19.560523794268814
S04168990_20160824,15.13548727599356
S05057098_20160824,17.98187780029857
S05057150_20160824,20.067481490042415
S02045200_20160824,13.512858331361773
S06063600_20160824,15.680562130676817
S02045350_20160824,13.720905261457972
S02045170_20160824,15.061916301374666
S02045160_20160824,12.812406422333037
S02025700_20160825,19.732328799572183
S02022730_20160825,13.373431770202352
S02023000_20160825,13.707273867816731
S05055150_20160825,20.020048762179243
S05055600_20160825,20.16714921107227
S02025500_20160825,13.081697636317898
S05055550_20160825,19.83434370269196
S04096430_20160825,14.709816134901203
S02043780_20160825,14.576113773805261
S05068640_20160825,17.193466263896937
S02045283_20160825,13.066294550629415
S05069400_20160825,12.620843551864954
S02000010_20160825,14.516661018751625
S02036250_20160825,13.395887742667167
S02001200_20160825,15.490233022730397
S02001715_20160825,15.471199092797018
S02001717_20160825,15.882374149430863
S02032800_20160825,13.908106320036856
S06002013_20160825,16.425452395578876
S03103440_20160825,18.964815343124624
S06177965_20160826,17.145731450693013
S02046000_20160826,13.800910902585787
S02047000_20160826,14.902411606456754
S02022700_20160826,14.346596149524899
S02036000_20160826,12.280802103136557
S02001050_20160826,15.095139816361211
S02001500_20160826,16.935422788078192
S05117430_20160829,15.900037296005777
S05117530_20160829,16.67108708501596
S02001725_20160829,15.876292277475375
S02122200_20160830,20.065968044774962
S05158200_20160830,15.00544819506675
S02116570_20160830,16.97265664060426
S02120400_20160830,11.591072917312113
S02118750_20160830,14.651973627800043
S02029000_20160830,11.83862628441465
S02030500_20160830,11.910619301554457
S02037000_20160830,14.31891207979337
S04053000_20160830,16.464565454073444
S05234280_20160830,16.74246443478663
S02045500_20160830,14.002145950375683
S02115725_20160830,16.57684426654645
S06140010_20160830,20.068915147555487
S02094950_20160830,10.551430049938377
S02115650_20160830,14.501421038003459
S02113000_20160831,14.822879866154674
S03245840_20160831,15.109839084994224
S02114500_20160831,15.831659950441496
S03105918_20160831,14.879925439240456
S02094800_20160831,14.928817388227355
S02094900_20160831,13.212890809561227
S02027000_20160831,14.547884712156879
S02117000_20160831,14.62564556929753
S05163800_20160831,11.242023079269455
S02094500_20160831,14.411642657988379
S02094700_20160831,14.178677730591646
S02093600_20160901,14.728071843010884
S02094000_20160901,15.199075957777625
S05108000_20160901,12.223952063226754
S06175517_20160901,20.1653903939879
S02093100_20160901,13.059070514241604
S04056000_20160901,16.98637758460572
S02105000_20160901,14.313270664464007
S02106430_20160901,14.98221481961902
S05068410_20160901,19.259111898241922
S05031000_20160901,17.304328150177845
S02065280_20160901,16.094135524987355
S02031650_20160901,15.435019859131684
S05154400_20160901,15.616023561527916
S02031400_20160901,14.506484521432279
S02115820_20160901,16.37074642856606
S02115762_20160901,16.301412075374778
S02115750_20160901,14.817773001144037
S05052540_20160901,16.994653381017873
S02065090_20160901,16.322518748464987
S05234025_20160901,15.001999368053804
S05068420_20160901,18.255364522960225
S02106410_20160901,14.869105282728997
S04125400_20160902,11.930042194534288
S02067800_20160902,13.143163207041551
S02082350_20160902,14.659821279641552
S05053010_20160902,18.74612548989716
S02079000_20160902,12.27494121294465
S05167008_20160905,16.24638695721757
S05166900_20160905,14.302350132800768
S05074710_20160906,14.49093867913831
S05199600_20160906,17.639899023446663
S03127001_20160906,13.550408981076922
S03075860_20160907,14.034479192811064
S06003000_20160907,19.99418673344806
S06000998_20160907,12.70971558223316
S06000997_20160907,15.366138771689988
S05111360_20160907,16.974829139128182
S06098000_20160907,14.146673785363681
S06580965_20160908,19.942276292034634
S05199800_20160908,16.725014703601797
S04119750_20160908,14.821349420293444
S05150400_20160908,18.10867097819631
S03122008_20160908,14.021443461301768
S03128935_20160908,14.603974492816375
S04031000_20160908,13.87063419180125
S03011175_20160908,14.162359208158804
S03008267_20160909,16.14755668689508
S05096445_20160912,17.473519330399736
S06212400_20160913,20.769127240017774
S03114000_20160913,12.953956026897743
S05027010_20160913,13.607606797889076
S05217350_20160913,20.153972980396368
S05202150_20160913,12.196586418006312
S05179000_20160913,16.70495103890888
S05035200_20160914,17.51218138376304
S04076100_20160914,20.439751586805205
S05211500_20160914,14.972637391915583
S06580616_20160914,19.133735433777456
S05211550_20160914,16.82509744161662
S05234026_20160914,14.657234818984488
S05221600_20160914,14.74098758721514
S05061229_20160914,13.470941947606576
S03032695_20160915,17.49495600839938
S05207000_20160915,19.848899296495937
S06004995_20160915,15.14311807045089
S06016000_20160916,12.189597710006215
S03022000_20160916,19.780690762004568
S03105946_20160919,15.469180896085208
S03105125_20160919,16.20839063338504
S04074300_20160919,13.708136488634878
S02058990_20160920,18.199076554477465
S04070211_20160920,15.40244515857364
S03112710_20160920,15.370055065982246
S02057520_20160920,14.41986473550837
S05167550_20160920,15.068453067847853
S03105902_20160920,15.937126685888266
S05137090_20160920,19.685689891874304
S02057400_20160920,14.706765934060266
S05137050_20160920,19.57238265753097
S06070800_20160921,15.304942831241764
S05200115_20160921,16.65207396039636
S05203058_20160922,20.02372194537483
S04087700_20160922,17.071608078984386
S05178000_20160923,19.99247730980833
S03115915_20160923,14.823406419631
S05006200_20160923,15.661310763867432
S03277563_20160923,17.94387901790209
S03219000_20160923,14.4807476451154
S03150000_20160924,14.716986766144197
S03277173_20160924,15.013424493024129
S05063000_20160926,18.64737581581933
S05151975_20160926,14.98307724707004
S06820350_20160926,11.626120381363075
S05061050_20160926,19.27503963383892
S06097000_20160926,9.667337898362103
S06462700_20160927,19.90411151374415
S05058922_20160927,16.72559152661937
S05183930_20160927,17.993932223994232
S05068020_20160927,17.98850831421263
S05153942_20160927,15.083601049657005
S05155300_20160927,17.44054544492778
S05068355_20160927,18.485596696266658
S04124985_20160928,14.230039387904437
S03000456_20160928,16.46954502627104
S06052930_20160928,15.1608466392748
S05144520_20160928,16.929856059472314
S05218700_20160928,20.258016182523416
S06457310_20160928,12.244040641901652
S03153000_20160929,14.840830770910621
S06471450_20160929,11.467482350680406
S06091600_20160930,18.03183216228415
S05181200_20161003,19.548165115126423
S04473009_20161003,15.271942599545527
S05165250_20161003,15.185969373996654
S05114910_20161004,13.579910618990212
S05180900_20161004,16.353900901384687
S05180850_20161005,20.05647619303813
S05180820_20161005,19.880141434997576
S06110110_20161005,14.49080900687898
S05218450_20161006,19.928012722094437
S04422006_20161006,15.814930107832094
S05235850_20161007,19.443025115314164
S05218700_20161007,20.491740253676852
S04003160_20161012,17.537439085632354
S04001940_20161013,14.758180763088358
S04093200_20161014,16.46128242141415
S04068470_20161020,13.772583985673094
S03025368_20161026,19.030083344455353
S06133000_20170222,19.991628490685855
S03118270_20170503,16.086992319030326
S06173563_20170504,19.29302044260211
S06300250_20170516,7.87121353173527
S06189678_20170516,15.328434105397317
S04301000_20170516,13.188322175851152
S06202750_20170517,18.611070017660445
S06202860_20170517,13.619982007568744
S06150820_20170518,12.592522222119047
S03115860_20170529,14.365199867247533
S05220190_20170531,15.361868016829131
S06147130_20170531,18.807594922875893
S03096332_20170531,15.678526968023892
S06195000_20170531,12.634956138313733
S03194415_20170601,13.673660648894254
S06580498_20170601,20.166505393300824
S04325000_20170601,12.914104607346317
S05083587_20170602,14.928239248191836
S06107980_20170605,19.786121497374943
S04046621_20170607,19.00873310805388
S05002500_20170607,15.127420103866331
S04072840_20170607,15.165442108172885
S05019000_20170608,13.215839016456204
S05018950_20170608,17.58642065589069
S04472007_20170608,14.430012417472035
S04602011_20170608,14.514157674659069
S05013900_20170609,15.661773694686975
S06106250_20170609,16.195012436592524
S05007920_20170610,16.408256987089956
S04405002_20170612,17.483670200530334
S05157820_20170612,15.872014096341339
S05227260_20170612,20.34591182089962
S05111610_20170613,15.654975486764576
S05106430_20170613,15.034194418612095
S05111550_20170613,15.769663523259366
S05114400_20170613,14.444694569763307
S05142200_20170613,14.214579530876204
S05025835_20170613,13.15250944596162
S05120005_20170613,11.137466675135022
S05129074_20170613,16.109070652425764
S05074700_20170614,15.433898028170548
S04601001_20170614,19.60618645769231
S05119065_20170614,6.423873325438626
S05120015_20170614,14.232007375984153
S05226150_20170614,14.680236257409577
S05125960_20170615,8.231443930452887
S05126040_20170615,14.666580171794678
S05148180_20170615,19.903323236041643
S05148080_20170615,20.046568781460188
S03052094_20170616,16.94928857481863
S05148020_20170616,19.339860047088372
S05120091_20170616,18.500358252518666
S05124270_20170616,14.703563915042826
S06098700_20170619,8.85678706684985
S05125300_20170619,14.876866241214138
S04030020_20170619,16.204415937887312
S05061240_20170619,19.505449571247137
S06463600_20170620,20.61807199005272
S05077700_20170620,14.85695994070519
S03119560_20170620,13.534309751654783
S05060920_20170620,19.123899108281094
S05127400_20170620,15.353774065213385
S03096706_20170620,18.973868909063118
S05128020_20170620,15.780135577741273
S05125280_20170620,13.086226753801348
S04012050_20170621,13.312192394498187
S05052000_20170621,16.48887773557886
S03226488_20170621,15.741632629837586
S03077596_20170621,14.5336605301166
S06217000_20170621,18.250550230945645
S05125235_20170621,17.56688015409175
S04123300_20170621,10.568088691739902
S06216800_20170621,20.05555327100174
S03036030_20170622,16.50806789108657
S03035570_20170622,16.100046774682124
S06179000_20170622,14.382854721537347
S03055369_20170622,15.878893811829588
S04500004_20170622,14.9825085833266
S06580812_20170622,17.32336522383311
S04102070_20170622,15.499266970982687
S04010130_20170622,12.390710395990032
S03109935_20170622,15.053196172135655
S06219590_20170622,19.850599685889186
S06215850_20170622,20.318626311946915
S04134920_20170623,14.238618479253363
S03113280_20170623,15.394467594395305
S05191100_20170623,20.0553746439365
S06840540_20170626,14.654350896407397
S03239010_20170626,10.402000145064266
S05021650_20170626,14.493004132033384
S03006354_20170627,19.82063307823627
S03000890_20170627,20.07233528200471
S04339003_20170627,14.9785998053662
S04043200_20170627,5.270736643830942
S03006271_20170627,18.69993116353133
S05219170_20170627,15.344010846474534
S03000033_20170627,20.061610468830757
S05022440_20170627,16.102349004397368
S03186682_20170627,19.475605505652318
S06215000_20170628,17.3873140850021
S05013100_20170628,15.473116719079009
S05004500_20170628,15.222409505966098
S05005950_20170628,14.984529250056099
S06035325_20170628,12.499453124447145
S04524000_20170629,15.097782020306072
S06440370_20170630,15.339806846845347
S02005700_20170703,16.67532308764607
S02000010_20170703,15.8018304923439
S03082805_20170703,9.216805956538792
S02003397_20170703,15.485499169934442
S04068483_20170703,19.67797971502411
S02001150_20170704,16.0291451296004
S06172930_20170704,19.92563942445112
S06212100_20170704,19.897601874344492
S02016050_20170704,17.35185692606678
S03163300_20170704,15.454749714108974
S04201000_20170705,14.017783130245995
S04201170_20170705,14.746382121261167
S03025368_20170705,18.486194243535486
S03033306_20170705,19.27842075248553
S03034465_20170705,12.375253451617064
S03034720_20170705,14.270591250829288
S02022800_20170705,6.917964975301485
S03133690_20170705,14.903339137879883
S03162240_20170705,15.505960157617983
S03134730_20170705,15.218404756491763
S06710010_20170706,19.481820067953336
S02026250_20170706,16.231201903621745
S03168230_20170706,14.522990484152336
S02025500_20170706,13.715557464965006
S03178660_20170706,16.248236782510347
S05120094_20170706,15.87098921086605
S05120093_20170706,15.626043736824728
S06106670_20170707,15.51221473827278
S02035000_20170707,5.6149527375592445
S03269438_20170707,10.245494445744697
S04364001_20170707,18.69038106479214
S03262780_20170710,14.239207617330933
S04130500_20170711,13.13900063127328
S04128050_20170711,14.92366379952274
S05110000_20170711,14.821381764431612
S04023680_20170711,13.236747809584749
S05234013_20170712,15.833519045640786
S05134375_20170712,12.682714102930698
S06173650_20170712,15.655043325833221
S03251190_20170713,7.59077095563045
S04412010_20170713,15.077983993505354
S05075250_20170713,15.74676980122187
S04015000_20170717,6.360992634823424
S05007900_20170717,15.715154516769203
S05143000_20170717,16.046874953911324
S05058938_20170717,16.438096419722214
S02082160_20170717,14.880081831737028
S05091063_20170717,14.570630069113886
S05116600_20170718,15.224153205526923
S05117000_20170718,12.318501595337114
S04059000_20170718,14.146506377552315
S05117110_20170718,12.747270215372675
S06114295_20170718,18.382280231458836
S02081300_20170718,11.578179713505488
S02096950_20170718,13.623524127132997
S04604000_20170718,14.145731619790249
S05111620_20170719,14.488410895190405
S04104200_20170719,14.673544302610347
S04504000_20170719,15.476908575892724
S03001000_20170719,17.25164417512714
S05134300_20170719,14.111805777452007
S02102000_20170719,8.225777863776656
S05134260_20170719,15.134671356568157
S04023700_20170719,9.609749429611492
S05033505_20170719,15.48812325088509
S04082930_20170719,14.777749426909573
S02096500_20170719,14.264876757710601
S02098800_20170719,6.836263215195812
S05055550_20170719,20.24233081117807
S03035840_20170720,16.979484244536735
S05111608_20170720,14.245344764329941
S05183860_20170720,19.705055036495438
S03029530_20170720,14.466798031270013
S05157800_20170720,15.53268035920088
S03017000_20170720,19.67335914947118
S05111602_20170720,12.878971806451412
S04115200_20170720,13.080022481957695
S03207235_20170720,12.850427794734053
S03176470_20170720,15.472311513180061
S05157650_20170720,13.986786978053154
S03207710_20170721,15.434409441379241
S03225030_20170721,16.678504871515397
S04152000_20170724,8.833907299699925
S02082878_20170724,14.867888495977647
S05232220_20170725,14.848532369789362
S05118990_20170725,15.722742697423557
S06193660_20170725,14.31281696687099
S04217100_20170725,15.9785924030951
S03215000_20170725,15.22647440048341
S05232290_20170725,13.998697497224065
S05104325_20170725,17.220001660114864
S02090000_20170725,11.787581657083596
S04199078_20170725,12.76633614846956
S04133000_20170725,10.582351129239832
S02085600_20170726,12.969222942807892
S04133600_20170726,13.73772807529719
S03085855_20170726,12.94636884109466
S06182050_20170726,15.459819431691532
S05106330_20170727,13.422810147442624
S02076195_20170727,15.064627300005208
S04146000_20170801,10.068471270721531
S03076443_20170801,13.697703914473266
S06152700_20170801,20.172981258928438
S03272685_20170801,14.656901742485152
S05234290_20170801,18.91235675148171
S03272060_20170801,13.412846052551524
S05173420_20170802,19.85208799390476
S03271615_20170802,12.246795207867683
S04026500_20170802,20.082181426236307
S03271565_20170802,11.438837308788475
S05234082_20170802,17.263420817028056
S03076002_20170802,14.947851672031115
S03071080_20170802,14.665330169430918
S04476000_20170802,16.00824208023599
S03190895_20170803,15.310452328300082
S06100970_20170803,15.700383304559693
S04041675_20170803,14.934122523340783
S03144735_20170804,14.927174377440043
S03189000_20170804,13.495098885010123
S03153139_20170804,14.308972323321782
S05086270_20170804,15.679995786257628
S03128907_20170805,14.489808788221259
S06850166_20170807,16.255654600129507
S03050000_20170807,15.646288017315678
S06580819_20170807,15.794780183635204
S02057453_20170807,14.821085330396745
S02003610_20170807,13.7094505342872
S04500006_20170807,18.082814185546855
S05192018_20170807,19.8613070269249
S02057000_20170808,13.76551671941507
S05108200_20170808,13.209661366879654
S05218850_20170808,13.127473050381075
S02068500_20170808,13.04119495905407
S05042930_20170808,14.76116251432925
S05044232_20170809,15.468764388025031
S03161695_20170809,15.429541956653189
S03161540_20170809,15.281401400865553
S05111360_20170809,19.12140742556183
S05068020_20170809,18.834734202715495
S04067400_20170810,15.87998673821511
S05159468_20170810,9.109943565335556
S02052500_20170810,17.724420187664833
S04196449_20170810,11.529092510412873
S05111100_20170810,17.47205565297788
S02061500_20170810,16.33311660595485
S04134000_20170811,13.794412257214788
S02100603_20170811,13.134748955471549
S03128837_20170811,15.160567450713113
S03129020_20170811,15.147231776998051
S03125000_20170815,13.012721524508036
S03105946_20170816,15.376354404841802
S05220000_20170816,13.525365394942108
S05149600_20170816,19.42933362805723
S02036250_20170816,14.470834525401997
S04070211_20170817,15.238072873999903
S05151200_20170817,19.65037325017569
S05150000_20170817,20.127489039257853
S02045283_20170817,13.69803761210748
S03277600_20170817,14.456683141254539
S05219000_20170817,13.605407059223438
S02042000_20170818,12.550140123630438
S02041500_20170818,13.183623461079788
S02003617_20170818,11.072777340445402
S02117575_20170821,14.353145039904422
S04422000_20170821,15.365065528318667
S06407150_20170822,16.34055414742996
S04178000_20170822,9.2533828751764
S04615011_20170822,14.868383402408453
S05068480_20170822,13.349024559713293
S06178035_20170822,18.75238230027747
S05135300_20170822,14.20069309760261
S02123300_20170822,15.43505421548518
S05214310_20170822,13.756123560210066
S05049860_20170822,19.397122399859278
S05214320_20170823,10.05307562040959
S04108285_20170823,14.339415868419694
S02112170_20170823,15.59471799547118
S05218460_20170823,18.98914702869169
S03128935_20170823,13.473312812990025
S04000600_20170824,18.82163336419819
S05217800_20170824,19.886820881519533
S05233500_20170824,6.648346107003809
S02115685_20170824,14.81776772386554
S02115725_20170824,15.334355726370735
S05052540_20170824,18.602765818460938
S04027810_20170825,17.056304359307326
S05232000_20170825,12.529243287986997
S05167450_20170828,16.027701204655987
S05167020_20170828,20.156191783528946
S04208395_20170828,13.597735766750064
S05069975_20170829,17.690356000893175
S03098000_20170829,17.084366985334785
S04545004_20170829,15.232310459662807
S03096650_20170829,15.85105790108515
S05166850_20170829,14.638918354604415
S05069970_20170829,19.555952636865197
S04175100_20170829,8.262711921210537
S04630002_20170830,13.84357387087086
S05068660_20170830,15.650612138659609
S03112710_20170830,15.365218160992372
S03103370_20170830,20.272956654243863
S05225100_20170830,13.708365290583474
S05207050_20170830,19.21762229898973
S04632011_20170831,11.613489392306
S03155600_20170831,15.58191398081049
S05069310_20170831,18.865489430890516
S04050000_20170901,17.20047074671855
S03144675_20170901,16.783646422310536
S05093000_20170904,14.187760140177293
S05092975_20170904,14.093845171665869
S06031400_20170904,20.044069861011593
S05131000_20170904,11.309489498745354
S06175600_20170904,19.22252068626697
S05163000_20170905,11.721470059301321
S06300300_20170906,13.596610274449953
S05155230_20170906,14.403887960605346
S03266920_20170906,12.733744160570986
S06003500_20170906,14.765661834325538
S05095150_20170907,15.190900088025241
S06114850_20170907,18.832737452840867
S05057150_20170907,19.93396582985118
S06026000_20170907,13.759452155298957
S04684000_20170907,7.441211791521462
S04137025_20170908,11.301247546172284
S06021500_20170908,16.129962031108242
S04002010_20170912,8.593370013021117
S05096030_20170912,16.9302621531602
S03173273_20170912,15.891382240007427
S05076050_20170912,15.86114344835141
S05083586_20170912,15.45554004058278
S06010000_20170912,14.30420222351017
S06439900_20170912,14.028501426141913
S04002800_20170913,10.213953290290467
S05102000_20170913,16.50032545550295
S05100000_20170913,14.320200460500441
S06004995_20170913,14.708975855002626
S06049010_20170913,13.583235719285284
S05068369_20170914,17.28198823671836
S05068368_20170914,20.129661741213063
S04145000_20170914,13.094453843366491
S04206000_20170918,9.840442764775855
S05159260_20170919,14.728715756488828
S05096810_20170919,20.14356862072429
S04040355_20170919,14.100665273840573
S04023000_20170919,11.96928248041202
S04003900_20170919,17.26291708541155
S04074350_20170920,14.850595691213345
S03203472_20170921,15.764167299923294
S03184850_20170921,11.08081174031445
S04027430_20170921,13.250745219894686
S04027360_20170921,15.389541153438639
S05068920_20170925,16.0309076504747
S05054190_20170925,15.590843938068089
S05056850_20170925,16.23756006511815
S05145687_20170925,15.447229593333844
S04103480_20170926,18.001865338766585
S04433002_20170926,17.361076844407233
S03193000_20170926,15.501945278781685
S03149900_20170927,14.875439034994649
S03073000_20170927,14.624074576119952
S03157485_20170927,14.450589676244613
S03149077_20170927,15.20785141587963
S05201060_20170927,16.68254814112551
S05042080_20170927,13.81217280718231
S03051590_20170928,14.499888477413792
S05053910_20170928,17.275799286130482
S05183600_20170928,20.20036571894849
S05063985_20170928,14.65219138887906
S05199700_20170928,18.073635451303623
S05096360_20170928,15.701647567171683
S03144945_20170929,15.78059051210465
S05199450_20171002,14.697478690266596
S05226102_20171002,16.63697340372315
S05092000_20171002,13.85749631778173
S05221600_20171003,14.96803097253329
S04003500_20171003,18.131645256505042
S04195400_20171003,17.5775685269712
S05061050_20171004,19.10073276283171
S05201000_20171004,14.222106235943501
S05058935_20171004,14.588629163346047
S04062000_20171004,11.546959147043168
S05200190_20171005,14.351248245202122
S05060000_20171006,15.166349851058404
S05203060_20171010,19.40926395720271
S04053400_20171010,15.256759101996218
S05216130_20171010,15.335335651007922
S05216140_20171010,19.670704938147068
S03152000_20171011,15.632416153103604
S04205605_20171012,12.735382670095994
S04163050_20171012,16.05710894000974
S04212390_20171012,13.999688826036426
S04091400_20171013,13.78614562497887
S05216210_20171013,13.892442017713002
S03152830_20171018,12.919935972940834
S03174000_20171019,12.251422762410956
S03151300_20171019,15.373765002409122
S03142520_20171019,14.623674816865405
S05056000_20171020,17.603419712085365
S05238500_20171102,18.016597971181078
S06175400_20171207,20.132685114133942
S03113040_20180404,15.62248487764678
S06067802_20180425,20.032307719302153
S06035450_20180426,11.423793880495017
S06076720_20180504,19.880684882870987
S03015000_20180514,18.5412472805854
S04371000_20180516,17.913370170107253
S02020000_20180517,9.898459806120421
S06063600_20180522,19.706196535821952
S04475000_20180522,12.519939142492046
S04392001_20180523,8.563550950208759
S04441005_20180524,15.096250556122957
S03078110_20180524,14.322188107059766
S04199370_20180524,20.436688490682272
S04212390_20180524,13.071434037736404
S05014195_20180528,17.939873628568442
S05170750_20180529,18.696812449597168
S05025835_20180604,13.384224076772659
S05029820_20180605,19.242270615968216
S05058105_20180611,18.11555053493616
S05184900_20180618,14.544110605445375
S05031350_20180619,15.74999799688559
S06216100_20180620,19.405831267136932
S05163860_20180620,16.36076396884934
S03202250_20180621,14.476615007518937
S05075700_20180621,15.338886539242523
S06035500_20180621,16.675778508871222
S03178660_20180621,9.597893538714718
S05048010_20180621,16.334742502850197
S05085545_20180622,15.816989451073072
S05033400_20180622,14.862326194895317
S06190045_20180622,14.991920429583157
S04044800_20180625,13.442823296173547
S05148020_20180625,20.072899739345182
S06177949_20180626,13.47725129068288
S06850166_20180626,18.13630594138702
S03231740_20180627,10.201814501705556
S04096430_20180627,14.903706646599165
S06003550_20180627,14.695599262346922
S05116055_20180628,14.69213635642701
S03115986_20180628,11.282968738213562
S06048480_20180628,14.297360012074872
S06471450_20180628,14.82517817764574
S03104543_20180628,15.39685198038869
S04187525_20180628,17.2148433808458
S05022285_20180628,17.387454082225474
S06178056_20180628,13.89818823168836
S04014500_20180628,15.20028496989693
S05078910_20180628,14.911969867639225
S06426000_20180629,17.99081705035228
S06027000_20180629,15.371389252869308
S04456002_20180629,18.869607148927756
S05028110_20180629,13.30000081846999
S06179615_20180702,19.372406323171077
S05013175_20180702,13.793217554878058
S05085000_20180702,15.857479696624843
S05025055_20180702,13.026851220001117
S05234007_20180703,14.665249439568225
S04165800_20180703,14.674142564843532
S06117220_20180703,20.062955547553216
S04137993_20180703,13.135047890097624
S06107980_20180703,20.039745964419133
S04462000_20180703,13.076974374296846
S05000250_20180703,14.166866529670582
S03109805_20180703,10.26959161161119
S05080725_20180703,15.2578930902032
S03071017_20180704,13.375271212821442
S06190020_20180704,13.388763804328565
S04440002_20180704,14.597510900141652
S03273800_20180704,13.614950822464147
S05085950_20180704,20.09743698598659
S06580890_20180704,17.381640948039454
S06110900_20180704,20.257552257417103
S06106100_20180704,14.59360919820236
S04521000_20180704,17.372474797999214
S05234013_20180704,13.778207358846736
S05097650_20180704,18.684199822262855
S06014955_20180704,15.50351159491455
S04097200_20180704,9.361042146379418
S06101000_20180705,16.774680206192485
S06594800_20180705,16.738387568530143
S05057150_20180705,20.216148962947607
S05097760_20180705,15.618182137177167
S04604004_20180705,15.339637952811726
S05015300_20180706,13.41134256219683
S05029800_20180709,13.13539791084333
S05011500_20180709,15.542213761607778
S05036500_20180709,13.248329598847024
S05030000_20180709,12.773648241224926
S05134430_20180709,16.034316316131257
S05031050_20180710,15.808753753785018
S03006271_20180710,19.427015862405675
S04057800_20180710,12.354456573022757
S03002100_20180710,20.17572631972866
S05020100_20180710,14.623845331344668
S05021500_20180710,17.01690278723241
S04524000_20180710,15.629238266157438
S05013150_20180710,16.16698743925677
S05011725_20180710,14.587375684670194
S05023050_20180711,15.604994200074515
S04083000_20180711,16.39979664630714
S05023960_20180711,16.81223232988517
S04089300_20180711,13.83667901970102
S05005610_20180711,10.86676219336378
S03076220_20180711,12.46689526257573
S05080960_20180711,15.176053790313619
S05061100_20180711,15.051337668198665
S04022050_20180712,12.448027579131022
S05022705_20180712,17.299511447506152
S04601001_20180712,19.968901566352777
S05061300_20180712,14.739832954555226
S06580341_20180712,16.05475381279929
S04178650_20180712,18.879735507722938
S05226030_20180712,10.224023957122244
S05012550_20180712,18.64915998291339
S05033300_20180712,16.483254276199503
S03050000_20180712,14.56772100625854
S04113720_20180712,14.691120507966279
S06193250_20180713,13.43640880357002
S05082000_20180713,8.00112885273192
S02001750_20180716,15.587670586056118
S05046800_20180716,13.162601926790451
S04178750_20180716,14.924384231866744
S05120005_20180716,14.217679782994834
S03226720_20180717,15.394816625896159
S03013677_20180717,15.350224487076533
S02003620_20180717,13.15276961908358
S03155600_20180717,14.580282658311479
S05047720_20180717,15.473109272776052
S06580789_20180717,15.91755834997303
S04196095_20180717,18.106962452201202
S04195950_20180717,15.486394247215186
S04074290_20180717,15.245188142681698
S04426073_20180717,15.410113996033903
S03021000_20180717,15.876209286944013
S04050000_20180717,15.412110521101008
S03079850_20180717,12.976832818030182
S05080850_20180717,14.014225167544138
S03227010_20180717,15.30869383860501
S03240100_20180717,15.402654186587055
S02001915_20180717,7.891396452613957
S03227495_20180717,16.80797060017967
S03234215_20180717,15.461531591315838
S03241957_20180717,13.220631412132406
S05048000_20180718,16.166597041242028
S05125200_20180718,10.53209541012383
S05125000_20180718,15.765937034738412
S04075887_20180718,19.632545330021564
S05228280_20180718,13.897706522190646
S05005950_20180718,15.078860568962758
S02052500_20180718,17.91653938392557
S02106410_20180718,14.459162540796735
S03051580_20180718,15.151414327392425
S04081300_20180718,16.74420610890894
S04734002_20180718,14.722216745885405
S06162350_20180718,16.03033471521223
S06960950_20180719,20.041361314113992
S05126100_20180719,16.036710086605723
S04201170_20180719,9.837936592822732
S06710039_20180719,20.065543778103326
S03051250_20180719,9.93467237033503
S03112000_20180719,14.220408924536907
S04196950_20180719,12.394252293828337
S03170100_20180719,5.0848530908359955
S03078385_20180719,15.001840157097087
S02115725_20180719,16.99494641685952
S05122950_20180719,15.294051274043287
S04712000_20180719,9.952641686296847
S04733000_20180720,11.75028295140953
S05077900_20180720,15.65416695184153
S06494595_20180720,17.154407886128322
S05038000_20180720,14.399379940611446
S05120085_20180720,15.375499038891434
S03155290_20180720,14.7935859693685
S05228100_20180720,10.170297215083504
S05157622_20180723,19.321104809731075
S04051400_20180723,14.653820102047325
S05125230_20180723,17.227682143781752
S03105285_20180723,17.938623116650312
S02106850_20180724,14.349108370266046
S03119560_20180724,14.173538428908925
S05099170_20180724,20.006428004909306
S04630011_20180724,12.779500520008934
S02066000_20180724,13.056052027550805
S02068790_20180724,14.305000406360767
S04162958_20180724,13.049542614432195
S03105455_20180724,14.774287921386978
S03215193_20180724,16.70846718166832
S05068995_20180725,18.86733377802876
S02051500_20180725,13.230137030674737
S05032100_20180725,16.06111079211278
S04583011_20180725,11.676175857638649
S04301001_20180725,11.232274204872642
S03119670_20180725,15.132460335073834
S03114350_20180725,16.553064521800817
S04023130_20180726,8.719897371617291
S03214240_20180726,16.412362838889596
S05033515_20180726,15.432101447985643
S03144945_20180726,18.30515902815996
S02107000_20180726,15.626612823335552
S02025125_20180726,16.866468709645474
S06040740_20180726,14.86960962922608
S02051000_20180726,18.852727703488014
S02020750_20180726,9.655063090337865
S04210800_20180726,13.998099853318891
S04119220_20180726,14.199504841400879
S04443001_20180727,11.295028649565358
S04044700_20180730,8.093644438295797
S05226102_20180730,17.100937426350622
S04123825_20180730,14.339211594900755
S02031650_20180731,16.12313112241821
S05117110_20180731,8.755311103992863
S04475003_20180731,15.554848749704362
S06152700_20180731,20.154024184181146
S04136300_20180731,11.549707137421333
S04115750_20180731,14.883541361324719
S04009250_20180801,16.425225334642803
S02043690_20180801,13.665972405432658
S05135300_20180801,16.86004476221742
S05111600_20180801,15.34359584335678
S04089500_20180801,14.36074724533962
S02065090_20180801,18.002413098959483
S05233000_20180801,10.643532963568667
S02030350_20180801,13.588900333529455
S02029000_20180802,11.775271575000138
S04103950_20180802,14.316049781763214
S05106000_20180802,15.075716783783442
S05109000_20180802,12.59175257297306
S06070100_20180802,8.998024146118807
S05134310_20180802,12.757660894716828
S04134000_20180803,12.827231178791221
S02028500_20180803,13.294413542301678
S04049800_20180806,10.666387176862237
S05069975_20180806,17.141952725075054
S04553000_20180806,16.60029476537642
S06710036_20180806,14.156408214283784
S04093500_20180806,16.219121737143585
S06580582_20180807,17.974519168000047
S05183710_20180807,19.988212829316566
S04140100_20180807,12.0751216230702
S05219000_20180808,8.850663285572017
S02046000_20180808,13.394774382704192
S05069230_20180808,19.093602793765477
S05183860_20180808,17.789612931383854
S05176170_20180808,16.164293313092152
S06069650_20180808,19.624482395630125
S04134900_20180808,12.182769920764002
S06580362_20180808,20.009680841856273
S06147650_20180808,19.041254555832786
S04652005_20180808,13.646023004814648
S05150000_20180808,20.04627956845436
S04109605_20180809,14.795866402427805
S04122100_20180809,12.92006565736857
S05234015_20180809,14.492747503976553
S05234033_20180809,15.336758279949285
S04615012_20180810,14.482999534145783
S04102990_20180810,12.661931230615831
S04417009_20180813,14.50353845898129
S03136000_20180813,14.039418975418375
S05231450_20180814,8.7422550493351
S03133850_20180814,14.633769684520244
S04420002_20180815,14.245080883152996
S04028450_20180815,19.809898454443413
S05180850_20180816,19.92276103256156
S04190655_20180816,17.44950169200399
S06840225_20180816,19.87109993586418
S04054000_20180816,13.485237197691653
S06148355_20180816,19.329265546808248
S05172800_20180816,19.248819914279512
S04171550_20180817,18.630679759008103
S03070440_20180819,14.030451015520168
S04108500_20180820,12.854392273757409
S04061400_20180820,11.604521906512733
S04415003_20180820,13.472635870807803
S04426062_20180820,14.192447005605954
S03027000_20180820,11.37712302166859
S04113800_20180820,12.534801601810399
S03055000_20180820,12.052357791633135
S02123300_20180821,8.882251209802266
S04603002_20180821,13.064861208984603
S02104400_20180821,14.809722558998999
S04034600_20180821,12.975447077573625
S02122200_20180821,19.724214884041942
S05065500_20180821,19.138596330589124
S04003200_20180821,17.806645793639277
S04332001_20180821,15.319585499699853
S03032000_20180822,13.66002851852845
S03145931_20180822,13.557453503709674
S02114000_20180822,14.809322392636403
S04175100_20180822,11.0614031203404
S05221650_20180822,16.511691851057762
S02115675_20180823,14.231492258789597
S04026900_20180823,19.932429445334506
S02094979_20180824,19.417296110217507
S05217310_20180824,19.710129593571153
S02120000_20180824,13.941789450101474
S02070500_20180824,13.706904908687783
S05171900_20180827,19.813058723126538
S05170000_20180827,20.10900637777879
S05034700_20180827,10.01562452256738
S04041755_20180828,16.21321605670256
S04614000_20180828,8.446845586458908
S02076800_20180828,12.37349883256098
S05044310_20180828,14.991541729295763
S05200135_20180828,19.73240465267751
S02085600_20180828,12.94349568422749
S02104800_20180828,14.712692256491394
S05145200_20180828,13.924373704586062
S06300010_20180828,19.781576277337784
S04430009_20180828,13.757143152727469
S04209000_20180829,7.193965302832181
S06710010_20180829,18.921304039763005
S04013000_20180829,11.873853581961873
S05042072_20180829,17.997042512562313
S02070750_20180829,14.154398365918812
S02081620_20180829,13.747160508908982
S06153200_20180830,19.028154970248025
S06181945_20180830,20.140677964371143
S04020010_20180830,11.05295383512842
S04431006_20180830,16.45980589145261
S04411004_20180830,11.463506888973562
S05145000_20180830,18.285978181559607
S04212700_20180830,12.95743435511373
S05055930_20180903,15.89488828771814
S03059000_20180904,14.157018077848717
S05142495_20180904,15.606965725572747
S05211650_20180904,19.742857316318773
S04412012_20180904,14.560694042889383
S05183480_20180904,20.200878388346865
S05118785_20180905,17.68549174043531
S05141000_20180905,17.945071109901765
S05068470_20180905,15.492065368548804
S05204880_20180906,19.669273709575606
S04377001_20180906,18.380611502059985
S05068410_20180906,19.839210979868213
S05055900_20180906,13.634353612823872
S03131000_20180906,14.790145487445526
S05051350_20180907,15.569772858053401
S05076050_20180912,14.231717151783089
S03141820_20180912,15.234415361537796
S06189500_20180912,14.994879887276635
S05154100_20180912,15.993056352405866
S05162800_20180912,15.645199721254084
S05218700_20180912,20.084465662659046
S05228250_20180912,15.120458160802716
S03008671_20180912,16.37559084531604
S05161000_20180913,10.559630450804809
S06005695_20180913,15.461875312779563
S05163000_20180913,10.445117895994503
S03044170_20180913,15.260665860597545
S04070500_20180913,13.435303379481747
S05161900_20180913,13.833519921273629
S03044580_20180914,15.763861574209338
S04404014_20180918,13.71415292642781
S06045750_20180918,16.02957073029488
S04404006_20180918,14.548407607765116
S04079210_20180918,19.074856144781478
S04079050_20180918,17.94724994804033
S04428000_20180918,17.429087139660137
S04003170_20180918,12.434777153661488
S03196000_20180919,15.47944288381674
S04037300_20180919,11.994134339919578
S04003160_20180919,17.009311453038
S04376006_20180919,12.780467309098
S05139310_20180920,19.661885988779986
S05134000_20180920,10.045494323980595
S04429015_20180921,19.338746442258945
S05183920_20180925,20.01117944887345
S04075000_20180925,12.849097643369713
S05099000_20180926,14.285412297758816
S06175600_20180926,19.356026197692884
S04310000_20180926,13.291051797314417
S06170000_20180926,16.766526617490225
S03257800_20180926,13.827111353730931
S06177000_20180927,12.942987845685185
S06178000_20180927,13.114531593263225
S05210000_20180927,11.830834996237119
S05201055_20180927,15.080807096478127
S05095000_20180928,15.38737123005529
S03025492_20181001,15.756405615642777
S04001005_20181001,10.142291411397803
S04123980_20181001,12.579542862725884
S04001900_20181002,10.363893947242403
S04100000_20181002,12.722715603106725
S05063980_20181002,14.66128646460657
S05231370_20181003,6.857113315140191
S05091520_20181003,16.04320280257896
S05093300_20181004,14.330793394596919
S06190040_20181005,12.27238236523369
S05091000_20181005,19.517567495459033
S03024300_20181008,15.31000911318294
S03151300_20181009,13.814952132435481
S05054600_20181009,15.203130294452768
S05055000_20181009,18.357746769010767
S03024736_20181011,12.599154509399476
S03156724_20181011,15.268453178047531
S03128640_20181011,13.974392728241261
S03128220_20181011,15.597233082440981
S05101500_20181015,13.76573745984389
S05063150_20181016,18.984606931026004
S05061942_20181016,16.923145977403575
S05067950_20181018,18.446289628231924
S05068300_20181019,18.742882034622138
S05092060_20181026,13.418934913104009
S05060930_20181026,19.385231045626306
S05097750_20190115,16.68825441896217
S06152400_20190207,19.875547443688507
S06159385_20190320,19.731269324336626
S04407009_20190417,14.015518316611304
S06094097_20190419,15.091610908397483
S04663025_20190423,13.364962007656196
S06052435_20190424,9.782782271282873
S04150690_20190429,14.024737968083961
S03029630_20190509,16.265370710038106
S03052338_20190509,13.399053894807992
S04140020_20190514,10.525074248699116
S06190111_20190514,20.090671959078882
S06173500_20190514,16.326178999024126
S06113270_20190515,20.07219464745784
S04652004_20190515,14.796645284766322
S04148525_20190515,10.431217720729357
S04654000_20190515,11.452129982250984
S04662015_20190516,10.582987478424812
S04046545_20190516,19.838670304507698
S05175010_20190516,14.986012122477765
S04135900_20190516,10.21907655236738
S03014550_20190520,20.12249030674562
S03022790_20190521,11.597770717597061
S04108290_20190521,20.31553178749415
S04364000_20190522,13.210869624864355
S04197600_20190522,11.537137355131787
S06581665_20190522,13.879409399246484
S05011724_20190522,14.980185306565648
S06830800_20190528,16.411482184969163
S06580184_20190528,20.048439780398503
S04086100_20190528,15.607146961546269
S06035325_20190528,13.547633664646257
S04041950_20190528,14.6127461909431
S04604008_20190529,15.251894540676428
S04113720_20190529,14.542120026638868
S03164178_20190530,15.78410836141043
S03176360_20190531,16.469921948036536
S05228800_20190603,15.964596756732298
S06101145_20190603,9.037565921286859
S03011080_20190603,19.30964036585532
S03091000_20190603,17.550275910119407
S03022840_20190604,15.816675619427688
S05155300_20190604,14.298922736129395
S03023025_20190604,8.907560862564132
S05061300_20190604,10.818173221351305
S04182000_20190604,18.91321012162993
S03113248_20190605,18.36550027188999
S03146579_20190605,16.43154729228144
S04146840_20190605,18.064782904805085
S04374000_20190605,12.570453575241118
S05120040_20190605,16.435390277978843
S04433010_20190605,11.993552070080101
S03022589_20190606,19.455848785718686
S05065500_20190606,20.096902580221006
S06106935_20190606,19.63503271535624
S04660001_20190606,11.427624111021817
S05163800_20190607,12.093170109879782
S03021588_20190607,19.618297620589928
S06179615_20190607,19.94944535442024
S05093700_20190610,15.216448277842003
S06416450_20190611,11.9368039441136
S05129086_20190611,15.615175942745493
S03159795_20190611,17.529537176938643
S06012055_20190612,19.759494759537702
S05134351_20190613,13.792417415324781
S05134365_20190613,18.856156700051258
S06005780_20190613,15.263232985486855
S04614003_20190613,14.969011630462253
S06004870_20190613,16.529044662882608
S05158314_20190614,5.832890152900896
S06001995_20190614,13.266220013859417
S04099960_20190618,14.668992188665174
S06118000_20190619,15.38242725311835
S05192155_20190620,19.204153580522995
S05075200_20190620,15.094231378441004
S05220190_20190621,14.041121104298758
S05232220_20190621,13.92794269896917
S06219000_20190625,19.876010556988792
S05167010_20190625,15.77404159647383
S03198750_20190625,16.643360721693053
S05061980_20190625,15.107813012151425
S06215000_20190625,20.292059147756987
S04209995_20190625,11.278793725690953
S05025000_20190625,14.050933549368164
S06456610_20190626,11.7945942728029
S05095980_20190626,15.231790672547843
S05096410_20190626,18.743669376704492
S05004100_20190626,19.338353628587
S06222600_20190626,20.00802783704269
S05096010_20190626,18.402012241388576
S05095120_20190626,17.301023655090557
S05095110_20190626,14.126581043850841
S06458050_20190626,11.40988166733943
S05145280_20190627,18.957900208037575
S05096080_20190627,16.579179638353132
S04635011_20190627,15.641802102463693
S05048010_20190627,18.839147178220358
S06078500_20190627,17.73011896842384
S04606026_20190627,13.286146917240597
S06471450_20190627,13.854181629733406
S06190700_20190627,18.049692676998774
S05016100_20190627,13.964049479247148
S06931250_20190627,16.060958941921477
S04721000_20190628,13.273378849867449
S03253250_20190628,14.889752157018627
S05095995_20190628,17.21288609405157
S05125780_20190701,19.061592784496703
S06830239_20190701,12.551824124394532
S05125545_20190701,12.759679854417195
S04027200_20190701,19.72469753030915
S04542008_20190701,12.54966068017493
S02106500_20190702,13.80832201188071
S04052350_20190702,14.34644162814116
S02054000_20190702,18.03191755972343
S06300250_20190702,15.161945812960381
S04068470_20190702,13.502804637645397
S05125510_20190702,15.988863120913324
S04066200_20190702,15.069675181735166
S05234030_20190702,19.218295561742124
S05234013_20190702,18.935176735909586
S04096360_20190702,14.009571134194763
S02004300_20190703,20.083609221864933
S02069100_20190703,11.302838344041186
S04187600_20190703,18.736339816657168
S05125600_20190703,10.452927214861317
S03105760_20190703,15.931373183343172
S04074647_20190703,14.642254821432374
S04048550_20190703,15.831121544038147
S04002100_20190704,13.464458310426009
S02057650_20190704,11.993815116894549
S04070211_20190704,15.285622597904661
S05127500_20190704,16.094324700721295
S05125420_20190704,16.179177250733954
S05132600_20190704,15.128682935283539
S04462001_20190704,15.92971745524859
S04049500_20190705,16.83168217994721
S02057350_20190705,13.897563980551046
S02049000_20190705,13.94243923293352
S05126500_20190705,11.979801937880854
S05015060_20190708,17.127003304983358
S04570019_20190708,11.022737516609046
S06580863_20190709,16.167845963479923
S05093550_20190709,9.3302865321326
S04027210_20190709,18.210462318420685
S04091400_20190709,14.91978476726416
S04142300_20190709,13.065916009324333
S04134895_20190709,8.998164536494746
S04199865_20190710,17.42279088468045
S05023100_20190710,15.245594603974004
S05005605_20190710,15.122168223504149
S03199200_20190710,14.937668165144938
S05007600_20190711,15.360883358489334
S05012550_20190711,18.43980306493683
S05165900_20190711,19.52259747000912
S05133500_20190711,17.599625734672898
S05133300_20190711,19.639829779072738
S05165250_20190712,14.13573117301822
S06435450_20190712,15.375495391703021
S06094470_20190715,13.583925617188763
S04426007_20190715,10.42283812430749
S04162000_20190716,10.891906137695077
S05097550_20190716,12.724231338048504
S05054600_20190716,15.559929182078195
S02061500_20190716,16.74309392914692
S03149487_20190716,15.222443219047396
S04008000_20190716,9.5729836333302
S04354003_20190717,19.80384337636369
S04166800_20190717,13.606882595586377
S04043200_20190717,7.328297961246209
S04166095_20190717,10.424878318129625
S02005700_20190717,19.244752008479818
S05091760_20190717,17.380236241365566
S02001025_20190717,15.734080002800383
S02019200_20190718,12.624814397276872
S03078510_20190718,14.057059505281241
S02011000_20190718,5.665199124173469
S05167000_20190718,14.848620968876302
S05068530_20190718,16.373349392375744
S04146350_20190718,12.114645088778245
S06106655_20190718,17.094950311972696
S03213480_20190719,14.791587463811632
S06118500_20190719,20.24805883030662
S05067000_20190722,17.93827010567208
S06086100_20190722,14.735358252939687
S05192018_20190722,19.911757709397083
S06088800_20190722,19.944566378515933
S05234003_20190722,13.236397832751171
S04046500_20190722,15.06819696505974
S06840600_20190722,15.714962420680886
S04044400_20190723,14.428198492334941
S05225300_20190723,16.10944455370026
S05207150_20190723,11.562339439703482
S05031850_20190723,15.512645833504534
S05031900_20190723,16.9428284194882
S05180850_20190723,19.962359632835323
S04113800_20190723,13.400092029680142
S04113250_20190723,11.997041746937741
S06179999_20190724,13.377993702369817
S06179155_20190724,17.79179810034597
S06071900_20190724,10.563300623551527
S06470005_20190724,14.336960549398038
S04014090_20190724,13.647745771653877
S06069650_20190724,19.525896387986407
S05197600_20190724,16.48434994749651
S05197500_20190724,17.792705823791533
S04401005_20190725,13.631228143110775
S04097600_20190725,11.531427042479075
S02099500_20190725,12.578519450547244
S05120070_20190725,11.995008352002111
S03167740_20190725,15.498112780519731
S05145300_20190725,19.462877054095422
S05044000_20190725,12.69552687408973
S06094039_20190725,15.174973793057127
S06004750_20190726,18.81028187869769
S06440370_20190726,16.285796441715064
S02097000_20190726,13.728017427642717
S06464775_20190726,16.78640801916691
S05068170_20190726,15.519988262692513
S05232350_20190726,16.36464931457779
S04097200_20190726,8.877904662473279
S03219015_20190729,15.700762784174136
S04111000_20190730,14.93948615331691
S04615011_20190730,15.322375490031538
S05049000_20190730,13.154585284141
S05050010_20190730,15.415450902324574
S03190300_20190730,14.985225213067594
S03207020_20190730,14.429989023221461
S05051200_20190731,18.57981077556674
S06217490_20190731,17.370380734402456
S02094700_20190731,13.897711326259653
S04068800_20190731,9.226346419569904
S04068440_20190731,16.789436724110427
S04103950_20190731,14.151874127500085
S04104200_20190731,14.817536007959418
S05157200_20190801,13.327801850427825
S02085600_20190801,13.068481833217277
S03276495_20190801,16.69836502888809
S05040100_20190801,15.997509999470847
S03025919_20190801,19.625728662983402
S05133000_20190801,12.810498202669667
S06177980_20190801,8.667670104825962
S03025368_20190801,18.498819456346112
S06178007_20190802,19.220924234066075
S05039150_20190802,15.243701081202149
S05038000_20190802,13.740549351891893
S06181150_20190802,9.057874513202574
S05129060_20190805,14.524842289600324
S05069972_20190805,15.066588194340676
S03211000_20190805,14.665847746713546
S04076400_20190805,18.156206774379466
S04077000_20190805,18.180196648509245
S04016840_20190805,8.668407149116641
S03207220_20190805,13.249297095935816
S03011300_20190805,15.295312195017889
S02116570_20190806,18.24115189370958
S03223200_20190806,15.252167191570237
S04004100_20190806,10.191578519161977
S03174615_20190806,15.508720262789915
S03223240_20190806,11.864108497110553
S03222000_20190806,15.211821282534201
S03222275_20190806,15.056114038273172
S05134310_20190806,12.083694356993814
S05134432_20190807,14.302201345481427
S05234005_20190807,14.253467767304018
S03157950_20190807,16.293082069683823
S03231065_20190807,17.459512403082257
S03231740_20190808,14.547891246285632
S04086320_20190808,14.32410043028539
S04099400_20190808,10.997024854900253
S05222000_20190808,10.9097125128308
S02031650_20190808,17.89645587623392
S05175300_20190809,17.204552466915104
S05047510_20190809,10.995103913515061
S02123500_20190812,17.12272943833739
S02106220_20190812,14.90158660669137
S02123300_20190812,15.48197835089254
S02118750_20190813,15.44476348760593
S03116720_20190813,14.511577898898329
S04044700_20190813,11.246923765416447
S03105946_20190813,15.266091440616986
S04030020_20190814,16.250613657924646
S04432000_20190815,14.682527917640103
S06147525_20190819,20.018730861084173
S05060930_20190819,17.83634428949058
S06710110_20190820,17.47535316419867
S06710010_20190820,20.288104814730616
S04053000_20190820,18.22871049450676
S05058600_20190820,18.81640676723196
S05059000_20190820,15.78980399002121
S05149000_20190820,20.076365504791987
S03138800_20190820,13.06405850439302
S04162958_20190821,11.102201062796315
S05148850_20190821,18.11344942763073
S04163050_20190821,16.349232994771636
S03254035_20190821,13.211434980988788
S05148080_20190822,18.913336446380605
S06491950_20190822,18.786365752428836
S04195000_20190826,15.823795837101729
S03086100_20190827,15.803164032131965
S03093900_20190827,18.79919836802998
S06830071_20190827,15.893718755674664
S05102000_20190827,15.851467255564643
S04604006_20190827,10.710096058719497
S05100080_20190827,17.657305246058375
S03252763_20190828,13.422249553669735
S06031200_20190828,15.527235557027248
S05205000_20190828,18.754937806107357
S06186000_20190828,20.21371959539951
S03252755_20190828,12.03482617881638
S05061110_20190828,15.32039786100779
S06110110_20190828,13.483527267743753
S02024000_20190829,13.500544570561399
S04215520_20190902,13.271039514586755
S06149500_20190902,16.131032341217008
S05108150_20190902,11.749249242716878
S04000920_20190902,15.119261423294393
S05080700_20190902,15.406669267618952
S05158170_20190903,15.368439127862745
S05149500_20190903,16.97233099356958
S05083580_20190903,5.6137841386755944
S04003200_20190903,17.96752746469084
S05235850_20190903,19.781265390387833
S04606015_20190904,9.942413007693178
S05161950_20190904,13.886005947598997
S06176000_20190904,16.71843565926308
S06341510_20190905,15.87281661492678
S05068955_20190905,17.32230544910108
S04004825_20190905,13.272262019618694
S05068960_20190905,16.24468448444469
S05154280_20190905,16.509902061422565
S05068912_20190905,15.618375469415147
S04128050_20190906,14.027583835132008
S05077970_20190909,14.145011690959816
S05077945_20190909,16.488391133001645
S05183000_20190910,20.142486103251365
S05192100_20190910,15.773369601752746
S05191150_20190910,17.855388023895284
S03148650_20190911,14.573499867671178
S03156995_20190911,15.061503537136298
S05074580_20190911,9.756153729121948
S03265600_20190911,13.573111249481881
S05074700_20190911,14.874018393763413
S05075700_20190911,15.426262164712407
S03161258_20190912,15.181963831214246
S03161090_20190912,13.17604848057698
S03156151_20190912,15.091587452597585
S05080890_20190913,12.401828308010046
S05045128_20190913,16.280753230166383
S04404000_20190916,16.08527635585244
S03006000_20190917,15.042880324513451
S06017097_20190918,17.686901880036736
S06017200_20190918,18.566019187223144
S05068369_20190918,18.309634362462443
S03271920_20190918,13.09444379066781
S05211900_20190918,15.168134797546555
S05215120_20190918,18.82790394203741
S06159470_20190918,19.754559309230743
S04171450_20190919,14.041724294618648
S05068470_20190919,15.074305833251803
S04002010_20190919,10.98648791956278
S05117450_20190919,15.697461371766995
S03029000_20190919,13.625259134257506
S03143225_20190919,15.024079707024097
S05174000_20190920,14.993019385093715
S05177000_20190920,17.342042571960235
S03039000_20190920,13.995454196375173
S05199800_20190921,15.31212162603429
S04027500_20190923,17.790485058440183
S05183848_20190923,20.03926934902483
S05183850_20190924,17.805389677052627
S05053960_20190924,17.42191626075825
S05054550_20190924,15.223869143375271
S05053085_20190924,15.001822985439363
S04402004_20190925,15.535953497952013
S04402005_20190925,13.842474207267824
S05173200_20190925,19.445164632595482
S05218500_20190925,20.051690592701128
S05173420_20190926,20.20254312412144
S05044300_20190926,14.887052839654656
S05217150_20190927,12.053812674543074
S06172100_20190930,11.45231841588544
S03245840_20191002,14.43254204770245
S05203060_20191003,20.02670987461378
S05180220_20191008,19.922550392463286
S03174000_20191010,12.614189869796029
S04338002_20191015,15.44769096941133
S04338006_20191015,18.816808372424564
S03241957_20191024,15.532374666225342
S06159930_20200218,20.030062840992116
S06439460_20200422,14.327432918789341
S06027700_20200424,16.703807838790798
S06437950_20200424,15.825389431633617
S06052435_20200427,12.498863777594934
S04712008_20200504,11.898498544032606
S06179200_20200506,11.769533988214036
S03088800_20200507,18.354138266160884
S04011700_20200507,18.394310564762208
S06190700_20200510,15.402667677922866
S03145865_20200512,17.684936041962295
S03149859_20200514,17.754368920049863
S03159915_20200515,14.167927209790356
S05068475_20200518,20.130566457662002
S04012050_20200519,13.442115709839355
S04374000_20200520,12.218902482079688
S02025100_20200520,8.576511015843888
S04211950_20200520,9.713596813145106
S05065500_20200520,20.13745498655654
S05033560_20200525,16.8813588432695
S05013880_20200525,15.11303178911125
S03090470_20200525,15.982620847794932
S03011740_20200525,17.44915088889385
S05018650_20200525,16.36410340890948
S05077850_20200526,15.359603230410288
S06464800_20200526,17.74795457453001
S05085350_20200526,15.992371102668457
S05046700_20200527,15.930241911764833
S04735000_20200527,15.843658739413508
S04735002_20200527,14.925867701252582
S03167249_20200527,14.310685183690426
S05029730_20200529,14.365042546306793
S04096400_20200602,14.826717195602848
S04405008_20200602,17.50345658682063
S04636007_20200602,13.513940773985242
S04710002_20200602,11.662646743495412
S04615007_20200602,14.107794924035241
S04431018_20200603,12.121231083389674
S04057730_20200603,13.683233566973003
S04112200_20200603,14.154506417134247
S04089300_20200603,14.677705578472194
S04201990_20200603,12.965526199426664
S03219780_20200603,14.125484417119038
S03194350_20200604,14.334497350863705
S03011840_20200604,15.313795143169937
S06078500_20200604,16.08078579706834
S05011722_20200604,16.581861728518195
S04163025_20200605,13.555664086317616
S03052825_20200605,13.273326921958912
S04419004_20200608,16.630735473631635
S04304011_20200608,15.116864601864533
S05120100_20200609,15.167244235242835
S03128270_20200609,19.79085647470812
S06007000_20200609,18.880588352855575
S04162000_20200609,12.824740221168888
S05121350_20200610,18.65589430489717
S05120040_20200610,14.954992921884243
S03145290_20200610,16.0117456044703
S05119105_20200610,16.61150349254279
S06189678_20200610,14.798587969068098
S06038900_20200610,13.125898063791869
S03040450_20200610,17.04079431335649
S04375008_20200610,13.587015677295977
S04052265_20200610,11.320575405448604
S06580318_20200610,15.675817225158172
S03036475_20200611,15.260274174355375
S05120016_20200611,16.737238009961207
S06122790_20200616,14.606431880568024
S04068470_20200616,13.146808090912003
S03128745_20200616,15.396861782841814
S05024994_20200616,16.18694995230415
S04470004_20200616,17.69365877606774
S04067283_20200616,12.788589528592823
S03128845_20200616,15.065140675484885
S05176050_20200617,16.552675820828583
S06065700_20200617,15.304021770950502
S06580171_20200617,16.397002933979802
S03172380_20200617,16.521510336717395
S03182100_20200618,16.617900675033454
S03148220_20200618,14.088527542750649
S03156995_20200618,15.735445447229164
S04068918_20200618,19.729159644302197
S04173160_20200619,14.579097864573692
S06179615_20200619,15.762102443205276
S03085669_20200622,17.912208275649338
S03085630_20200622,18.579505018589998
S04604003_20200623,15.256177512596556
S06160700_20200624,19.246440360075145
S03040250_20200624,9.345150446103172
S03034370_20200624,9.073966086302963
S06850166_20200624,17.436724569704197
S03189300_20200624,15.030417615050075
S03057650_20200624,15.849081267526996
S06180900_20200624,14.108314571679001
S06045000_20200625,15.074565842532484
S03039940_20200625,17.433592028263092
S04146920_20200625,17.53507711304848
S04192550_20200625,16.85524133733068
S04187500_20200625,15.629265217390513
S05229130_20200625,12.256159613864597
S04461009_20200625,15.430663026294564
S04461007_20200625,15.527880086627212
S03052760_20200626,12.774074683008894
S04086980_20200629,18.462517969091802
S04131470_20200629,12.354419778254794
S04019700_20200629,12.098506568433654
S04019350_20200629,13.020626143901467
S04160200_20200629,19.06731761234837
S04150830_20200629,11.918654685253912
S05074500_20200630,13.422077356526275
S04015190_20200630,13.257992636676773
S06127050_20200630,19.800954845253727
S05074600_20200630,15.015740603577308
S06213290_20200630,15.143801587044495
S05075900_20200630,16.78527065482776
S03193880_20200630,16.04921304527783
S04660001_20200701,11.03735766350729
S04410006_20200701,13.953235560856978
S02042500_20200701,11.501530770130024
S05178900_20200701,20.69480772690067
S02026250_20200701,19.591791292864905
S02099500_20200701,14.637581457792912
S04100900_20200701,12.075850019168609
S04014090_20200701,11.928819138007842
S04023700_20200701,9.239147918202685
S04042100_20200702,13.971059297785203
S05134260_20200702,15.137050495909211
S05135000_20200702,15.84452946474968
S05135100_20200702,18.518390121463515
S04215520_20200702,13.840474701039794
S04046960_20200702,14.151414506600469
S02023750_20200702,13.66714638267984
S06216600_20200702,19.304332409391698
S06190900_20200702,9.532607124839675
S02096750_20200702,14.23814112729407
S04199401_20200702,15.051716735938447
S04075000_20200703,14.647365116032544
S05155300_20200703,15.236216044448808
S05162800_20200703,18.611314625768284
S02001715_20200703,17.79626298790658
S05162605_20200703,16.433925969968282
S02026500_20200703,15.609896724509733
S05231450_20200706,12.972188221730939
S04741001_20200706,15.408741108118765
S05232980_20200706,14.717543452632668
S04403004_20200706,15.582932721646252
S05229140_20200706,13.087474604330925
S04184830_20200707,14.532353227737579
S02104400_20200707,14.906210007810008
S04119750_20200707,14.922905840023486
S04041675_20200707,14.823427368755107
S05226102_20200707,17.43600587357356
S06206000_20200707,16.149386854464836
S02076800_20200707,13.095699978478773
S05091520_20200707,16.804559997690497
S02048980_20200707,18.04686410807474
S02001016_20200707,14.760000788168282
S02049900_20200707,15.870702287493488
S02082350_20200707,11.007004472095222
S02004000_20200707,12.736558627972212
S05091070_20200708,16.522137871517803
S04132800_20200708,12.668269747833964
S05093750_20200708,15.845284481812605
S05119902_20200708,11.753703455059231
S04001950_20200708,7.526394188887638
S04001945_20200708,11.170664552667166
S03272235_20200708,12.565250862470846
S05145440_20200708,19.404378699968753
S06300250_20200708,14.165323927689087
S04090500_20200708,13.896883100196394
S02011000_20200708,12.37179378942115
S06001399_20200708,15.363324489045427
S02003400_20200708,13.06375451480627
S05234030_20200709,19.483565407106756
S05089080_20200709,19.867008046921303
S02106430_20200709,15.767796651897818
S05091310_20200709,15.48580700918553
S05092000_20200709,15.579774352008794
S03202250_20200709,11.985510532699905
S04119205_20200709,14.943646784304761
S04113205_20200709,14.6908707148948
S05147000_20200709,19.391097860734366
S02109000_20200709,16.85159147489506
S04096645_20200709,15.556163337321637
S05061915_20200709,14.929644474414891
S02063000_20200710,14.906871912560181
S06450600_20200710,20.250769530572867
S05089050_20200710,15.090110831172707
S06213590_20200710,15.707502848718326
S02006450_20200710,13.974232267110358
S04054400_20200710,14.997735371519513
S05098000_20200713,18.02379722732586
S05096805_20200714,17.559450084924958
S03103816_20200714,18.311994498378187
S05011720_20200715,15.179676844484232
S05011490_20200715,15.622231511896103
S05011400_20200715,14.913241055822951
S02106850_20200715,14.173725321018377
S06047940_20200715,13.244691666320598
S05024300_20200716,16.561891759643693
S04067625_20200716,16.35889487954312
S02067600_20200716,14.166716687908787
S03149081_20200716,15.252952404419899
S05021800_20200716,12.101462006513817
S04093500_20200716,14.975352636982628
S06195330_20200716,12.75683393569043
S05021500_20200716,14.039724170559056
S02052500_20200717,15.08220428724881
S06129950_20200717,15.669966325629577
S06580300_20200720,20.128765214476086
S06128860_20200720,15.471276297224737
S05047600_20200720,13.598409703899172
S03273345_20200720,14.04794142978221
S04146690_20200720,12.391387048635824
S05047710_20200721,16.02798720163941
S05058935_20200721,17.300195595235824
S02115670_20200721,9.479076269243786
S04123750_20200721,13.728702926050751
S02085325_20200721,14.20206171141118
S04000920_20200721,17.690674147198045
S03250797_20200722,13.284472577626547
S06048900_20200722,13.065087023610094
S05068938_20200722,19.37456556574831
S05051000_20200722,15.062030179872453
S03038630_20200722,16.03731809991936
S02118300_20200722,16.23126883228889
S06154000_20200722,7.874543151242648
S06458450_20200723,13.612014218684124
S05167010_20200723,15.551954466322018
S05151150_20200723,19.39018786049362
S02070370_20200723,15.78848095350242
S06120560_20200723,19.33266693527659
S03037576_20200724,15.319235021190389
S03037480_20200724,16.697178727553847
S02112050_20200724,16.567522785399294
S02111500_20200724,14.899149926124554
S02069100_20200724,11.306644870451201
S03041000_20200727,15.605572309316466
S06123500_20200727,14.762661631684558
S05002500_20200727,14.749401102475122
S04016300_20200728,11.3537962053448
S06162350_20200728,16.243256691188407
S04072150_20200728,14.922003775167681
S05013000_20200728,14.777049741535345
S05012500_20200728,14.002901414554776
S02057000_20200728,11.660245367436744
S04411003_20200728,14.938392078223076
S06000699_20200728,13.049669700480619
S06202150_20200729,16.540719764093733
S04165800_20200729,16.8214264657834
S05010950_20200729,15.586560858793884
S05015900_20200729,15.451617414305783
S05013150_20200729,15.376213544901065
S05145200_20200729,14.681027840056853
S05153940_20200730,15.517572016561408
S03033306_20200730,18.023389068561528
S05125545_20200730,11.344205761113225
S02019500_20200730,16.501397181356477
S02018780_20200730,18.693475971298334
S02051000_20200730,18.10250405268211
S05024200_20200731,15.480721734230453
S05133100_20200731,19.147849157800724
S03257335_20200803,13.603834695916172
S05234000_20200803,7.472345650902831
S02082160_20200803,12.883108993328214
S05126150_20200803,16.075008577386015
S03234215_20200804,15.675044972704391
S05162505_20200804,11.720326946970236
S03015000_20200804,20.021556205550183
S05106350_20200804,12.765949066770048
S03257800_20200804,13.756083487527764
S05225095_20200804,20.69729971510487
S05222980_20200804,20.311923482957262
S05068485_20200804,18.354276038490674
S06222100_20200804,19.787606356335694
S04016980_20200804,18.643490567264895
S04016800_20200804,17.00565364268041
S03240100_20200804,13.903370660632435
S05144520_20200804,18.05597290388349
S05229250_20200804,18.43735256560201
S05068371_20200805,18.096000850846046
S03244460_20200805,14.977309955201914
S03234620_20200805,13.192330371219178
S04215750_20200805,12.356281165295103
S06710029_20200805,20.05834716509237
S05218980_20200805,15.256410190993376
S04153700_20200805,14.320497531711517
S04152000_20200805,11.93370617330336
S05100000_20200806,13.84067070165028
S05101400_20200806,19.427066135936272
S05223170_20200806,13.798819585732952
S03156580_20200810,17.7698033722522
S04006000_20200810,14.919325232871849
S04005530_20200810,14.961983920512955
S04036300_20200810,16.981277237416933
S06830122_20200811,20.15955795423549
S06147650_20200811,17.87971034339469
S03157485_20200811,16.16811862356347
S05128020_20200811,10.241607769512681
S06000418_20200811,20.143155294051034
S05236000_20200811,20.046443692699476
S05063000_20200811,16.306187962437207
S05148180_20200811,19.84876421349429
S06416550_20200811,14.538529315834031
S06429845_20200812,17.52942462767603
S03133140_20200812,13.122840396008215
S05111360_20200812,17.427878953534112
S05068660_20200812,17.896838996952887
S05230980_20200812,11.726380895721288
S05118700_20200813,13.63251219355825
S05118785_20200813,17.561020108811533
S06003770_20200813,15.877819420254678
S05127000_20200813,14.066659849465378
S06001470_20200814,13.845145561236075
S06001480_20200814,12.712183528916963
S05119080_20200818,14.739529580732356
S03144595_20200818,15.86048877735829
S03087000_20200819,16.318224689053874
S05169000_20200819,18.69041234940757
S06093050_20200819,14.26613006802939
S05175200_20200819,13.638247880832054
S06000401_20200820,19.951962610155014
S04562009_20200820,13.755982628795186
S05068170_20200824,16.23308552780465
S04162300_20200824,11.750507080482727
S05068145_20200825,16.257936116674713
S05106820_20200825,17.43349571958373
S05079450_20200826,13.139766500719109
S05077950_20200826,15.541384444283278
S03255650_20200826,12.925046106882675
S05079200_20200826,15.664745793791843
S05063400_20200826,20.024029398464435
S05173200_20200826,19.680992715352602
S03141984_20200826,15.275976778660693
S05068355_20200826,19.134488541689237
S06710100_20200826,18.23642095157716
S04190650_20200826,12.620794807308284
S05068080_20200827,18.599920434393148
S05075250_20200827,16.24514633973482
S05031100_20200827,16.478550872135425
S05074710_20200828,15.16463655679225
S04405013_20200828,16.894138702855855
S04522002_20200828,12.116338611640938
S05158160_20200828,14.540052908094868
S05158150_20200828,15.775220822969912
S03012100_20200831,15.89880812134733
S05153960_20200831,15.415219490644525
S06216100_20200831,12.51338913848824
S05101500_20200901,18.297975619417503
S04110700_20200901,15.616077119457934
S05101200_20200901,11.198523610222171
S05087000_20200901,12.335397572389478
S04075850_20200901,17.523211746271606
S03057000_20200902,13.645499184019524
S05159260_20200902,14.054004549587278
S05123000_20200902,12.750780251774328
S05161900_20200902,13.333864359571011
S04178650_20200902,19.458952913180525
S06820083_20200903,17.103463376708277
S03004280_20200903,15.578467279131551
S05085000_20200903,15.136985783078803
S04049800_20200903,11.116401735790465
S05163290_20200903,13.755849085219952
S03066000_20200903,14.802810809696282
S05068890_20200903,18.3080913383021
S05052540_20200907,18.429939103363097
S06020460_20200907,18.736756517780776
S06147130_20200907,16.508650026008286
S04027730_20200907,19.25846493711787
S05053086_20200907,7.510529131797583
S05053000_20200907,15.485498737467346
S04197700_20200908,13.848352975932569
S05183710_20200908,19.62389314118694
S05054060_20200908,16.03575193070948
S05054190_20200908,15.503358566225328
S03138390_20200908,13.784275089530455
S04195190_20200909,14.686664360699673
S05055910_20200909,13.991764011397457
S05055970_20200910,14.80170513154983
S05055960_20200910,15.10506229327701
S05042071_20200910,16.99744601627475
S06080000_20200911,14.604088147214826
S03047445_20200914,16.897714972337933
S05214310_20200914,15.47327049155773
S06113000_20200914,13.256516013140354
S05213100_20200914,10.615794369646423
S05201030_20200915,16.112410244301607
S05202150_20200915,10.398242290919422
S04423015_20200915,18.474710024323585
S03071080_20200915,13.852615877912239
S04175450_20200915,17.65275705788389
S04082920_20200916,15.258646607384108
S04426016_20200916,8.824882408246545
S05178200_20200916,17.307877618863422
S02112150_20200917,15.894723524402323
S05199250_20200917,19.791897889243153
S03039000_20200917,12.054209244730373
S05199800_20200917,18.646740229947966
S06169950_20200917,19.76876993601519
S05206880_20200918,19.71720633094659
S03013660_20200921,15.866261369993536
S04465008_20200921,15.562864873764338
S05056000_20200922,16.280487237324152
S05189000_20200922,20.309780174624514
S03164218_20200922,14.736709511402749
S03078060_20200923,16.12655046896292
S04103960_20200929,11.98945505251942
S04475029_20201001,14.06505773536046
S04402004_20201005,15.846840736332727
S04003400_20201006,15.111077820715172
S04712021_20201008,11.40316242140884
S03055000_20201008,15.381886853010212
S06820118_20210223,19.528109205013592
S06320220_20210402,11.340862331196739
S06820087_20210409,17.009834209898187
S06440445_20210421,16.35945689803856
S06029100_20210421,15.779802413514446
S04671004_20210422,11.43135918689282
S03194620_20210423,15.262492141200386
S06012080_20210427,19.89984523440407
S03207020_20210427,15.3955272821497
S03206000_20210427,14.74317316449069
S06205415_20210428,16.217983350690417
S04010200_20210428,10.536044241698946
S03201650_20210429,15.775240559793826
S06003500_20210429,15.592200854464206
S03201250_20210430,15.185665971247438
S03201260_20210430,15.304257233007284
S04133200_20210430,11.63398103676936
S04131550_20210503,14.715962398587106
S04158860_20210505,15.35773605523252
S03222780_20210506,15.67807951258411
S04721002_20210511,11.064079039348764
S04101400_20210512,13.59320104558491
S06175275_20210518,16.816781137573397
S05011710_20210518,17.518590583627557
S04084650_20210521,16.527465829956107
S05025055_20210525,17.27458507703789
S03032675_20210525,15.667547849358366
S03013740_20210525,16.06481033777939
S05013880_20210525,16.878159608782997
S05015055_20210525,17.498238295842132
S05000249_20210526,14.987698641007242
S04217400_20210526,19.51396577260584
S02020300_20210526,11.197217563508493
S03104528_20210526,17.577106373269316
S03005284_20210527,18.703710607426785
S04199370_20210527,20.489758813357366
S06175308_20210527,20.153125805439878
S04051250_20210528,14.898372793619085
S03022718_20210528,14.126725630652462
S04010130_20210531,13.384046431381494
S05093700_20210601,15.818701456589007
S03004232_20210601,15.075928500392571
S06213310_20210601,16.729148776096597
S03044690_20210601,16.328421940857826
S04150830_20210601,12.047649333985188
S04096400_20210601,13.461312898312865
S05095150_20210602,17.499874798244694
S03004985_20210602,14.093391361374392
S03008505_20210602,15.359854426008566
S04052600_20210602,8.294302452544184
S05095980_20210603,15.55403255094746
S04100900_20210603,15.39047977314909
S06213290_20210603,16.74892860124022
S03003790_20210603,19.070355806856433
S06000221_20210603,15.356743809637212
S03008950_20210603,16.274340310123915
S03022000_20210604,20.82894286325968
S04009415_20210607,12.332309067054585
S06710040_20210607,14.820115532595581
S06109050_20210607,19.91896472465195
S04001945_20210608,12.825635440278809
S05058922_20210608,19.94016822883563
S05061100_20210608,18.132375943860573
S05155300_20210608,17.063743220719818
S05162500_20210608,16.5852087745279
S04040895_20210608,11.899357367548177
S06205960_20210608,12.464629996197418
S04086550_20210609,19.081342692475936
S04375008_20210609,13.44518032740798
S04400000_20210609,19.525322918898222
S06105568_20210609,10.55499231997742
S04662009_20210609,11.280600924588624
S04023130_20210609,13.957028210719802
S04108530_20210610,15.981941212194666
S05155890_20210611,16.943110146635654
S06213480_20210611,11.468540255470968
S05033530_20210614,16.941541029505572
S04184950_20210615,15.092430365815035
S04455013_20210615,16.12084992417239
S04424000_20210615,15.21607461131814
S05176050_20210615,19.263122857833032
S04090800_20210615,15.059895612421252
S04089500_20210615,14.524736022117368
S05234027_20210615,16.997122253129863
S06038110_20210616,13.220755119038845
S04090100_20210616,11.674161514013917
S05046700_20210616,15.284949997416087
S04371008_20210616,12.197661956700799
S05027040_20210616,15.450870930135055
S06040400_20210616,14.385365859605432
S05047500_20210616,18.44624871098745
S04096100_20210616,13.60386170526655
S05078900_20210616,16.119310091078844
S05080850_20210616,15.474032928510121
S05111610_20210616,16.047116799484385
S06130500_20210617,15.51299248082916
S05191000_20210617,18.632286185386068
S04030100_20210617,12.893109469002365
S06117360_20210617,15.858158281283522
S06580353_20210617,17.659689615838644
S06580358_20210617,18.293459087040052
S04179690_20210617,14.499767130121707
S04013975_20210617,17.98408739173146
S06182050_20210621,16.470984695088074
S05068367_20210621,20.282182291497705
S03172000_20210622,15.461408706302183
S05095995_20210623,18.809594246454516
S06222600_20210623,20.013765914023196
S04049800_20210624,11.288144391301763
S06001470_20210625,12.239431816739657
S06405950_20210625,19.274065877086482
S04070230_20210625,15.390118641317567
S06193660_20210628,12.976732758419905
S06940040_20210629,19.086516099289213
S06033000_20210629,18.290653337653573
S06011760_20210629,20.031374553457823
S06820141_20210629,12.15589594335249
S04190000_20210629,16.40094658062973
S06210850_20210630,18.402629572216718
S03018342_20210630,16.03806718869192
S03054000_20210630,14.888182889948789
S06185500_20210630,12.45070912810354
S04187525_20210701,16.35939033399344
S04114100_20210701,15.742518008613395
S06005695_20210701,15.70185482186266
S04171670_20210701,14.522155287266436
S04190842_20210702,17.51911436020692
S04190780_20210702,10.764925962103757
S06178065_20210705,15.177780801345513
S04127000_20210705,11.897520236677359
S05030500_20210705,19.882186343232544
S06090600_20210705,18.37962706427684
S03013660_20210706,14.995514750927631
S02050260_20210706,16.784802656918863
S02051000_20210706,18.541388037040555
S03078110_20210706,15.002021451853167
S05029960_20210706,18.30161457218231
S06177906_20210706,14.660625645524668
S05029730_20210706,13.952011627148549
S06177949_20210706,12.524303800090856
S06850166_20210706,19.06578046882402
S02052000_20210706,16.994695845887275
S05175000_20210707,15.209882068183509
S05176170_20210707,18.683842099674543
S05176150_20210707,19.545690269124016
S05165770_20210707,15.559667089225245
S06179640_20210708,20.142223104399783
S02111500_20210708,15.668357866556383
S02111000_20210708,16.131598745818152
S06173460_20210709,15.73225174536488
S05228000_20210712,9.913082566395765
S05151200_20210712,19.944372721595954
S05226150_20210712,15.160748325749816
S05151120_20210712,18.988781714418636
S04024050_20210714,13.68878290616988
S05081000_20210714,14.030424237829132
S04192950_20210715,12.113975777699999
S04194500_20210715,13.960897145851122
S04070425_20210715,16.58177175733548
S04103950_20210715,15.325785715561512
S05232980_20210715,11.550522270275323
S04417001_20210715,15.215053672884451
S04137993_20210715,13.59394522516247
S05079450_20210715,15.305751983080722
S05219170_20210715,15.656131879904379
S05139900_20210715,16.776383329192413
S05229120_20210715,15.02972934003473
S04206000_20210716,11.69915447528517
S03271730_20210719,16.056731175096793
S05151100_20210720,20.116612276587027
S04215500_20210720,10.914500853270937
S05083650_20210720,15.002814454045417
S05005605_20210721,14.495843239840896
S05074900_20210721,15.191421339265995
S05075700_20210721,15.636876676407011
S03163300_20210721,13.570397978859905
S03254929_20210721,13.64838982553452
S05015800_20210721,16.87650327835248
S06710036_20210721,14.999413575447434
S05011000_20210722,15.54614546955043
S05192050_20210722,19.761974282921024
S05134350_20210723,14.245149319721584
S04148590_20210723,12.897256129254998
S04630019_20210723,12.299458001385652
S06179500_20210726,10.674863146689587
S04111500_20210726,16.00557300623542
S05015000_20210726,15.112359737425457
S03234346_20210726,15.950538568379706
S06181990_20210727,17.254328657789117
S05120150_20210727,15.69687398501466
S05015980_20210727,15.29390682795472
S05138000_20210727,14.271417451161296
S05135300_20210727,14.157100362045009
S05018400_20210727,15.853795897951635
S06176950_20210727,20.47130815170471
S05091450_20210727,18.56382822586171
S05135100_20210728,16.646415686384078
S05134310_20210728,12.552208167889109
S05020890_20210728,10.917625527439197
S04431029_20210728,13.402725426439773
S04431028_20210728,14.634979914677732
S04108736_20210728,14.511080339335704
S05125990_20210728,13.094289628534131
S05024305_20210728,15.257876168782841
S04037800_20210728,20.604915070031275
S05097900_20210728,15.26633206482013
S02070250_20210729,6.782826389693653
S02076180_20210729,18.56709066150486
S04068925_20210729,17.387014217439734
S04524000_20210729,15.004001923008463
S05101420_20210729,17.232333040486015
S02068500_20210729,9.38771149339115
S06830193_20210729,17.14369365445865
S04052590_20210729,14.896055765413086
S04068598_20210730,14.259694702683106
S02070900_20210730,15.357835553113102
S02096000_20210730,11.769346936341437
S06580130_20210802,19.473588704004143
S04039160_20210802,13.468934897346873
S05115600_20210802,18.701054934103308
S06156230_20210802,20.05304207447776
S05234287_20210802,16.445050502852915
S06840225_20210802,20.107256395136105
S04033300_20210803,15.635821018705043
S03126511_20210803,13.002011192335253
S03247275_20210803,12.408941221341577
S02068790_20210803,13.615788571445156
S04041770_20210803,15.654414496477441
S04041760_20210804,14.19876461505654
S02057480_20210804,12.800057786753445
S03247140_20210804,13.969775855777375
S03207285_20210804,15.13931373749158
S04106065_20210804,14.304679244615988
S06580619_20210804,15.12083498584392
S05128000_20210804,15.46619038425489
S04215750_20210804,10.649894894119086
S04082000_20210804,15.811286249641899
S02010000_20210805,13.018335623970744
S02001500_20210805,17.80133676456343
S02037500_20210806,10.469579350067075
S03210327_20210806,15.63303817136294
S03246920_20210809,13.549549234431822
S02007000_20210809,10.750041849192675
S03096156_20210809,15.721501315269384
S04412011_20210809,14.76356496076492
S06147220_20210810,20.253422932302442
S02123500_20210810,11.418947918660209
S02124000_20210810,14.51637874264367
S05099300_20210810,16.741202880069117
S02030500_20210811,13.996668829966081
S02096750_20210811,13.436494654200839
S06820073_20210811,17.770044432176313
S02001750_20210811,10.048423010193893
S02001700_20210811,15.171992424984756
S05091210_20210811,17.443389244099667
S02081300_20210811,14.20144318713344
S02081030_20210811,10.339774014655614
S02081620_20210811,13.430216806248572
S04086500_20210811,12.348524834856761
S04074300_20210812,14.779629794062226
S02061970_20210812,17.918831661847264
S02073700_20210813,12.767840567643121
S05172000_20210813,18.06647799702275
S02116000_20210813,15.34740626402365
S04117800_20210813,14.634507319537983
S04112200_20210816,14.270101891838486
S06098000_20210816,13.42237207288927
S04132500_20210816,13.04746203932078
S06104000_20210816,13.138948877306994
S06153900_20210816,20.30085893478735
S05117430_20210816,15.97326588834016
S05068110_20210817,19.964669093638964
S05111602_20210817,15.65982571008701
S05116070_20210817,15.736993981118406
S05116600_20210817,14.899010218188177
S03128732_20210817,13.503260768784084
S05218560_20210817,20.076440943834797
S04173200_20210817,16.2633957443186
S02100100_20210817,14.655490496148985
S05183500_20210817,19.5736789839875
S05226500_20210817,14.402680851981597
S05231500_20210818,10.452001861072304
S04026000_20210818,10.329301973828168
S02085325_20210818,14.771151668768162
S03174695_20210818,13.942337445004405
S05104000_20210818,12.15976474544652
S05223000_20210818,11.248780896191505
S05207000_20210818,19.945903869488482
S05111500_20210818,10.877617717013123
S06446330_20210818,16.89682849741517
S06217500_20210818,15.524224017354424
S02082000_20210818,13.580112949885082
S06217470_20210818,16.391691442162536
S04051850_20210818,12.261133855147438
S04606008_20210818,15.015769989047724
S05103990_20210818,14.076959894510644
S05218630_20210818,19.997494275303886
S02104000_20210819,13.316942030442338
S05106855_20210819,14.93550368650589
S03164180_20210819,13.765796868508241
S05207050_20210819,19.636638523497474
S04405027_20210819,12.765017295645578
S05072000_20210819,13.653349980200062
S06167000_20210819,15.788283764110593
S04004805_20210819,6.987321034110879
S06026000_20210819,14.098178759448215
S06139080_20210819,18.860245462855694
S02048980_20210820,18.092723545383752
S03178348_20210820,14.64046192193367
S05216150_20210820,12.456181517421264
S06710014_20210823,19.34343425598853
S05114500_20210823,13.280920506965728
S03254510_20210823,11.981304822916865
S04200499_20210823,11.41289075514768
S02000011_20210823,14.479233971071658
S05172050_20210824,13.103709676939484
S06820350_20210824,14.01445926978331
S03250952_20210824,12.81734758330297
S03161335_20210824,15.747841149851423
S03146498_20210824,8.372223408979606
S03156695_20210824,15.101532349106634
S05034700_20210825,13.225811145496756
S05177600_20210825,16.45032098132454
S05125420_20210825,17.243499207481953
S06700148_20210825,12.169658446834664
S06070800_20210826,16.647770602102533
S05125545_20210826,14.520387780144679
S05174000_20210826,20.29287935919605
S04108285_20210826,14.823788489259526
S05042050_20210826,15.716421025875338
S02003800_20210826,14.09924364340943
S02067505_20210826,10.793581747677505
S04431023_20210827,12.473327158003169
S05033220_20210827,16.17579048491963
S04118000_20210827,14.552655408258829
S06700094_20210830,16.627265768874555
S03145290_20210830,15.505403231302818
S05055700_20210830,16.975523232276732
S05053086_20210830,9.019461122756843
S05052540_20210830,17.92825578791608
S05031050_20210830,15.356453973146124
S06700590_20210830,18.803162103492184
S04027730_20210830,20.009719753115895
S03136840_20210830,14.935098810707938
S06114820_20210830,19.65618398200347
S03158900_20210831,15.397834234478308
S06404800_20210831,13.329797770245502
S06114870_20210831,20.145228861118433
S05053930_20210831,17.485521173631646
S05053975_20210831,18.94801581856639
S05060000_20210831,15.137509902899279
S03138000_20210831,15.017072981006791
S04179645_20210831,14.266671722590322
S06000568_20210831,16.773990558336706
S04096175_20210831,14.364414737089275
S05119902_20210831,13.025224548033014
S05181130_20210831,17.342115992177444
S06830139_20210831,20.464369315981912
S06700007_20210831,20.28008306012616
S06065700_20210901,15.031734881248948
S04094200_20210901,13.796226624133658
S04011100_20210901,16.623432679128406
S05156950_20210901,13.734453371552183
S05055550_20210901,20.555900522420885
S05057180_20210901,19.620530224081797
S04167000_20210901,13.955368909244886
S04168050_20210901,12.387222668576332
S03105462_20210901,16.54767188883501
S06085500_20210902,18.72466062254944
S05061230_20210902,16.033637234062343
S04442002_20210902,13.093162891232037
S04442017_20210902,13.541980898692909
S03072200_20210902,14.734794227170624
S03222000_20210903,14.06504421624501
S05042095_20210903,15.537761045705826
S04500012_20210903,16.625230245264614
S03077000_20210903,12.825751229525231
S04012200_20210906,15.404853735185494
S04194600_20210906,18.26323492699545
S06210640_20210906,16.866072823095134
S03037550_20210906,14.87598338414562
S03005200_20210907,15.549901695307993
S03212150_20210907,15.753564972964345
S04000850_20210907,17.00153364454632
S05068660_20210907,16.589961771114748
S05068630_20210907,16.243122078185174
S05126050_20210907,16.14567736341346
S06051550_20210907,14.435052276715737
S06052410_20210907,15.369710600119047
S06020460_20210907,19.46070480758484
S05056800_20210907,18.14041675730146
S03161850_20210907,15.532347279675992
S03231748_20210908,14.635780248204998
S04001990_20210908,14.336939815757729
S04002010_20210908,9.525376196872962
S05126150_20210908,15.902557893056768
S06438710_20210908,20.20994838283668
S05047000_20210908,14.030634008186496
S05069230_20210909,19.683378674277108
S04403009_20210909,11.14569035815364
S05049220_20210909,16.242958186763193
S04029050_20210909,18.30665498836294
S06182600_20210910,15.189034712910567
S05215100_20210913,17.20444737663638
S05097500_20210913,14.90911183024117
S05201400_20210913,13.926315655877216
S05201050_20210914,15.599275488614149
S04312009_20210914,14.360688517379296
S05207150_20210914,14.261206583513683
S05199800_20210915,19.77272956009425
S05200115_20210915,16.865834080971887
S05199750_20210915,19.475332624183608
S04103200_20210915,14.323497252612983
S04102400_20210915,15.095203853128291
S04134700_20210915,13.734977241378482
S05085600_20210916,14.821502369379445
S04027670_20210916,19.059923527253872
S05183600_20210916,19.156667758559774
S03228880_20210916,15.234069582780137
S03114825_20210921,15.033651443529237
S03082000_20210922,15.247537989132232
S03112480_20210922,14.430011870553455
S06438600_20210922,13.163583511638468
S04475027_20210923,14.451571593603811
S03155345_20210923,15.254148268972529
S04591001_20210923,14.231322441927315
S03154640_20210923,13.935707963254846
S06072300_20210924,15.766496347009337
S03153139_20210924,15.42292832072729
S05173350_20210927,18.678539839145355
S05183710_20210928,19.96306205960294
S05063800_20210929,17.03563638195413
S05094810_20210929,16.593066304608964
S05091725_20210930,18.257723807621517
S05117450_20211004,13.979795052076746
S05063980_20211005,12.11288272991842
S05214320_20211008,14.315863442765327
S05061942_20211011,18.79154097171664
S04003060_20211013,16.051997370929737
S04003170_20211014,18.293938961002127
S05163440_20211018,11.023276833579942
S05064120_20211022,14.067592805268415
S05046100_20211027,15.223350562046642
S06000610_20211108,19.23338275535292
S06580347_20211108,17.04159048439789
S06341300_20211110,19.864280880398667
S06135350_20220207,19.86445252964881
S06159930_20220221,20.813035817137504
S06062400_20220302,19.879829106210437
S06177760_20220419,13.979466223963875
S04735002_20220419,13.248572585117442
S04682003_20220419,10.446140687082936
S04070000_20220426,11.466267346979027
S04781000_20220426,7.086237250703965
S04052220_20220427,11.471271178098027
S04108050_20220427,19.014390145235154
S04445000_20220428,19.94555335720223
S04049625_20220428,12.725083451282206
S06006720_20220428,16.368387949545138
S06048300_20220428,7.52704500937403
S04443002_20220429,10.4419188673151
S04205500_20220502,14.43162869424469
S03091000_20220504,18.1417435594699
S03103370_20220504,18.188355373746056
S05018650_20220504,16.654149069967453
S03001000_20220505,20.10714937010336
S03103440_20220505,20.010119075615997
S05007290_20220505,13.88411478855311
S05144250_20220509,15.2815951450863
S05128950_20220510,12.703678395977072
S03219780_20220511,15.466077221425547
S05139000_20220511,13.066211611299316
S04074380_20220511,15.095893415613205
S04782005_20220511,19.74868409658982
S04660012_20220512,8.028044646798776
S04660011_20220512,11.081653642454743
S06820156_20220512,13.60233834539547
S04652000_20220512,14.322008356233319
S03219263_20220512,17.354430707064033
S04660013_20220512,13.005018528850261
S05031120_20220516,17.073943248725353
S03230790_20220517,15.433549612897032
S06300620_20220518,14.388217045011121
S03036070_20220518,16.816211890899837
S03233825_20220518,14.085037140257038
S03215193_20220519,16.33819465329412
S05065000_20220519,20.467954607342435
S05065500_20220519,20.77692154163866
S06820043_20220519,17.93458944996828
S06095000_20220520,14.633232857645254
S05033570_20220520,17.081836674697936
S04413008_20220524,16.029643738668838
S04584000_20220524,13.037223423074648
S04440003_20220527,14.289601702121708
S06003500_20220527,14.356371815764975
S03128935_20220530,15.763535573279496
S03207610_20220530,15.527930772327618
S06083580_20220531,18.133445383090365
S05080745_20220531,15.727016250542741
S04604005_20220531,15.210540235267974
S06020500_20220531,20.35854526611907
S04131200_20220531,14.194754958327815
S04137993_20220531,13.667785891715988
S04304000_20220531,16.61924170368362
S05078900_20220601,15.890268438546524
S05108145_20220601,16.004381611142612
S05079100_20220601,14.571506299924081
S04613024_20220601,13.341404382147694
S04016980_20220601,18.214231062792596
S06021500_20220601,20.246710104251207
S04453029_20220602,12.457234827512126
S04453027_20220602,14.009619086648307
S05167800_20220602,19.45428798909949
S06035500_20220602,14.570572510229626
S04041200_20220602,14.790116766172297
S04123980_20220602,13.519860760458672
S05106245_20220602,15.180228738251161
S04083000_20220603,11.645709863267761
S04126295_20220603,11.243276492881586
S06830800_20220603,15.972121036864687
S05006200_20220606,18.75289650829528
S05125387_20220607,11.789183269619308
S03234346_20220607,15.311779424138033
S05132130_20220607,19.82212830765024
S04027210_20220608,18.18408444122246
S05151982_20220608,14.925142058205491
S06580713_20220608,20.205888394094785
S06028100_20220609,13.736899768176299
S05101400_20220609,17.19982412371485
S04057730_20220609,13.026760230695986
S04636007_20220609,12.575626295348783
S04088000_20220609,15.759587834831446
S06105568_20220609,16.248920461315624
S04153300_20220609,12.425038977234461
S06074500_20220610,12.29889698865582
S05098850_20220610,14.91266010079104
S04086950_20220613,13.096371624479811
S05098000_20220613,16.738288477795635
S06148430_20220614,18.61446788613629
S05025830_20220614,15.367566471849107
S06113270_20220615,15.978202753823044
S06040400_20220615,14.75860193722933
S05119070_20220615,15.27904311158495
S06580333_20220615,16.999582899551864
S04089400_20220615,16.073767147594324
S06118600_20220615,19.363065813473987
S06580458_20220615,18.036897267120786
S06470900_20220615,14.457740881959019
S04541003_20220615,14.864267408833243
S06000890_20220616,15.027227824708106
S06043869_20220616,14.741390522246725
S05119030_20220616,16.09093816632372
S03191700_20220616,14.473767256467806
S06069650_20220616,20.020893876217883
S06038110_20220616,13.12929050266913
S03040250_20220616,16.25782510323045
S05096360_20220617,17.256345583621435
S05025600_20220620,13.544433196495671
S06850166_20220620,17.899186821608293
S04061000_20220620,12.457939246333233
S04061600_20220620,11.341099351155009
S05091090_20220621,17.78877154297288
S03270450_20220621,11.815239549064707
S04131250_20220621,12.946801504490882
S06590210_20220621,19.924080674861344
S06195330_20220621,16.376063278575515
S04029625_20220621,16.661187487051972
S06215000_20220621,19.08239802713927
S05001600_20220621,17.920407600890055
S05170800_20220622,18.322467209722404
S05091310_20220622,15.717244618942397
S05091280_20220622,16.994072279937274
S06222370_20220622,15.916402389763434
S06222380_20220622,17.54198133317408
S05005610_20220622,10.354200040460567
S06182062_20220622,17.555581862566257
S04135000_20220622,10.873345693887348
S03273266_20220623,12.72956677030896
S06446401_20220623,17.480696487285037
S06169100_20220624,11.98844617956777
S05037000_20220627,11.15524384088574
S05234027_20220627,14.48331188260106
S03163742_20220627,15.944813545880683
S06001219_20220627,11.61184670209757
S05030000_20220627,14.737222274461336
S05029650_20220627,13.987614882963058
S03164285_20220628,13.617161297701191
S03222345_20220628,15.837856412552547
S06195000_20220628,13.32643161295649
S03083450_20220628,14.731702394087911
S03104000_20220628,16.000186176375514
S05229080_20220629,14.058347082995068
S03162000_20220629,15.101601335125038
S03202250_20220629,12.526952893135352
S03221940_20220629,17.13319451698814
S06177956_20220629,12.628463449297323
S06180500_20220629,13.433237109415789
S03063650_20220629,14.16991286153495
S03134708_20220629,14.563693291449221
S06620810_20220629,19.80975093798581
S05234026_20220630,14.466351307383189
S03213480_20220630,15.457691178598274
S05234011_20220630,14.61276180501447
S05166900_20220630,14.200457020861116
S04119750_20220630,15.018176640567365
S03162325_20220630,15.307526593640707
S06215790_20220701,17.37379139244368
S05148000_20220704,19.522057997905584
S05234024_20220704,14.568778930106944
S05225100_20220705,10.517267417234677
S06173460_20220705,15.568134612980367
S06300010_20220705,19.944400612112368
S05230020_20220705,14.25870381213745
S05228280_20220706,13.977086390452728
S06189500_20220707,13.436153512901592
S04506017_20220707,14.156738264431588
S04506022_20220707,13.459051009830182
S06176120_20220708,18.38591049259528
S04211950_20220708,9.05793191408688
S05058100_20220711,16.64843153125332
S05060400_20220711,14.7465577895355
S05060500_20220711,15.748495168160957
S05132800_20220711,16.919236537072457
S05139335_20220711,17.53619116003972
S05061200_20220712,16.265266948381118
S05023960_20220712,13.553975693198998
S05158160_20220712,14.330688432217567
S05060200_20220712,15.759267646877749
S06580171_20220712,18.435560393071093
S05023050_20220712,14.475513243151305
S05137090_20220712,20.06530766423534
S04134000_20220712,12.158353040981279
S04057200_20220712,15.468623503535854
S05139355_20220712,13.850358949846488
S05157800_20220712,15.039800321020675
S03240320_20220712,15.019797565522719
S05139112_20220713,12.433883489608569
S03105865_20220713,15.576359938629174
S05158294_20220713,14.91634126325881
S05157250_20220713,14.586703513085617
S04041700_20220714,11.955298321417633
S05138100_20220718,18.39246613785362
S04154200_20220718,13.960312018867047
S04033300_20220719,16.351727730960008
S05087000_20220719,15.621908244910927
S05087880_20220719,17.914463138881494
S03052245_20220719,13.380535286205676
S06179500_20220719,6.6209095393608575
S05068080_20220719,18.294048793244947
S06149070_20220719,16.00908688549404
S04110000_20220719,13.652529689565162
S06010000_20220719,13.74665946590461
S05116530_20220719,10.742992943642168
S05088120_20220719,14.347461611192312
S05007985_20220719,13.64351278681426
S05114000_20220719,14.289437316571169
S05135900_20220719,18.12663742430977
S03057000_20220719,15.164568090968173
S06000868_20220720,17.52985267811164
S06000425_20220720,20.061186778793576
S05068355_20220720,18.464472418275903
S05061942_20220720,17.724725609628607
S06180860_20220720,13.548020648681126
S03257800_20220720,13.129192294682706
S04076000_20220720,16.64824547725283
S05046100_20220720,15.425006232669668
S04096400_20220721,13.704789752518845
S05134260_20220721,15.044367644055832
S03255180_20220721,15.501497170109888
S03033000_20220721,11.126666094963543
S05064120_20220722,12.343191082182706
S06580960_20220725,20.116720785826683
S06820316_20220725,16.50061806935973
S05068270_20220725,16.621429426428747
S06580980_20220726,13.91142158735995
S06178000_20220726,10.511469709734067
S05117450_20220726,14.981699894971875
S05162450_20220726,12.248428351410425
S06117380_20220726,15.476606970171364
S05015800_20220726,16.988191019183745
S04009480_20220726,11.361100411933027
S04111000_20220726,12.565293769944523
S04165800_20220727,13.500010328675808
S05011600_20220727,15.205501309702846
S05179500_20220727,20.189237489896485
S05176160_20220727,18.921937355581736
S05176170_20220727,18.18196171252908
S05118000_20220727,15.209340259576159
S06147210_20220727,16.445175460824963
S06177000_20220727,15.849785288174992
S03244910_20220728,15.814881232924606
S04096175_20220728,13.758456573573426
S04090500_20220728,14.669267626954891
S05115000_20220728,11.126909623188485
S05234000_20220801,12.416527557001602
S05133000_20220801,18.504747506793233
S06300250_20220801,11.845555015001786
S04192100_20220801,12.587795446785734
S06710110_20220802,20.02548565777198
S05197010_20220802,10.952538667113366
S05197600_20220802,19.26826040495651
S05235850_20220802,19.98180795157652
S05052700_20220802,14.245829347281182
S05222995_20220803,13.983203585230926
S05099300_20220803,13.779223352151952
S05106850_20220803,13.690149310907373
S04392002_20220803,8.986876824571354
S03071080_20220803,14.411805671214575
S05121000_20220803,10.562876250027124
S05220950_20220803,12.90869017246838
S04146600_20220803,12.969733266423049
S03024510_20220803,13.442664006354386
S05234900_20220804,15.257821500245571
S03127550_20220804,16.15521203452169
S05233000_20220804,10.199242367334993
S05054020_20220804,19.670010368567386
S05120092_20220804,15.669684398617784
S03241330_20220804,13.731086944385169
S05234287_20220805,14.671234592803247
S03033030_20220805,18.375064233972584
S05143120_20220805,18.73767382812845
S05154250_20220808,9.506657829017112
S05197100_20220808,15.450049188962872
S05207150_20220808,6.372158486584679
S05151200_20220808,19.21124399214832
S05230990_20220808,10.383309287452867
S05152000_20220808,10.71756122052164
S05153000_20220808,14.743955656189776
S05223145_20220808,11.783193358268676
S05155800_20220809,13.201627922707782
S04082000_20220809,15.748308157935933
S06580640_20220809,12.453613399313205
S06175645_20220809,19.717660109890936
S04024300_20220810,12.904568607562126
S05203060_20220810,19.59899748762068
S05125510_20220810,14.869796174193308
S06167000_20220810,14.877237639133446
S04180100_20220810,16.88794916875706
S05148150_20220810,17.33731832345409
S05207030_20220811,19.253934488495
S04338003_20220811,14.409223856038242
S04178455_20220812,17.254363342726368
S05158700_20220812,13.280235148081173
S04011100_20220817,13.01470574400079
S05177000_20220818,18.65832401625119
S03236690_20220822,14.563166362176291
S04354000_20220822,19.483049314034915
S06166990_20220822,17.40667554720263
S05069940_20220822,18.136320917007303
S04195400_20220822,16.924890848796892
S05131000_20220823,9.92607952535392
S04070230_20220823,9.64072272823449
S03127370_20220823,12.313706336296352
S04068200_20220824,14.757724455466898
S04074200_20220824,14.350062808311664
S05170000_20220824,15.95584413729013
S03084470_20220824,13.913568601838874
S03018431_20220825,16.420510812804707
S04194500_20220825,16.48815617584671
S03271965_20220825,9.900211149567745
S04067200_20220825,14.513826550054176
S03131000_20220829,14.556437845738335
S04197818_20220829,16.665380587000485
S04009000_20220829,12.007941468836531
S06139750_20220830,14.711275815447275
S03025238_20220830,16.285201506497543
S04134700_20220830,15.94795463557417
S06137250_20220830,20.289698881462883
S03033120_20220830,17.917709376037894
S04175500_20220830,16.820527609780164
S05172920_20220830,20.041857286341305
S05080960_20220830,15.289973289882488
S05083400_20220830,6.868126133966985
S06053000_20220831,14.046185911145928
S06462300_20220831,16.57051653626069
S05076050_20220831,15.404036346728978
S04606025_20220831,10.933468908438893
S06830110_20220831,17.95547753166278
S05167010_20220831,17.325394204623752
S05068505_20220901,19.409469331156913
S05191200_20220901,17.077421752447037
S05192024_20220901,20.21661829070569
S04021000_20220901,10.443690698235324
S05191150_20220901,16.33199073492781
S05091540_20220905,15.593600980753509
S04000580_20220905,19.42068299719209
S05044300_20220906,14.336120252116245
S05126150_20220906,17.237785315717677
S05126060_20220906,14.24542514854401
S05125230_20220906,15.39847809401325
S05068700_20220906,18.0225789098328
S04404007_20220906,10.663637804547088
S05055900_20220907,11.268514025944215
S04009350_20220907,15.51934880473101
S05091000_20220908,16.933788151215467
S05120020_20220908,15.83074527963618
S04475026_20220908,13.904397718336599
S05055600_20220908,20.28795848415329
S05089060_20220909,19.858671061934352
S04052600_20220909,9.504141442443606
S05173280_20220912,16.582648366400687
S04063420_20220912,14.598002094303691
S04168140_20220912,10.363368298139779
S05031380_20220913,15.816920707110272
S04171450_20220913,14.000093686418698
S06330110_20220913,19.605259206992706
S05033590_20220914,16.01163591298632
S05033800_20220914,15.933357573611648
S05034700_20220915,15.496329023898147
S05041000_20220915,17.163766429529776
S05039000_20220916,13.045849301815046
S05207150_20220919,12.651310824075644
S05201030_20220919,15.626281566350544
S05237000_20220920,16.591412986057282
S06003005_20220920,17.551548170806015
S05199700_20220920,16.60764895034088
S05201060_20220921,17.211160258783273
S05099000_20220921,14.765481795389384
S05204880_20220921,19.461776165202394
S05206180_20220922,20.045478904049652
S06001289_20220922,17.09643174035009
S06106600_20220928,12.932788117199053
S05216210_20220930,17.513552977255003
S04403008_20221005,11.883625029282008
S04001900_20221006,13.881622224521518
S05180880_20221007,14.731495401594536
S04401005_20221011,12.80233368384356
S06001769_20221011,14.02219171128726
S04001940_20221011,15.425987980204395
S06462100_20221103,19.37352161774245
S06154250_20230207,20.012412186827525
S06159930_20230214,20.471968139678978
S06069600_20230228,19.216584612611648
S06129600_20230404,9.046366075605938
S06178057_20230411,7.752258073439926
S06177988_20230412,17.139044587979008
S06177760_20230412,12.922725245161367
S06179665_20230413,16.83369998954287
S06580075_20230419,14.318889939755062
S06000520_20230509,14.555539684733677
S06113260_20230511,19.90771124896027
S06300121_20230522,14.136911388984279
S06300620_20230523,13.907355470286175
S06084770_20230523,19.810492130089244
S06455050_20230524,11.183575919452396
S06016500_20230524,14.539127166745942
S06262450_20230525,19.23532737848846
S06850166_20230530,18.591486319964677
S06074500_20230601,14.853390271637759
S06069050_20230602,9.782425948974153
S06131900_20230607,12.19716622721737
S06190900_20230608,11.383485648667806
S06173460_20230612,17.10520117126631
S06187100_20230619,18.774189742865467
S06000580_20230620,16.49358511487654
S06000579_20230621,15.379453168807542
S06090600_20230621,19.331232599394475
S06940940_20230623,15.507294037999321
S06126600_20230626,15.731711427692089
S06474920_20230627,13.98957277119697
S06014990_20230630,15.973187671152427
S06411400_20230704,13.625160315995487
S06108500_20230704,19.90401990953501
S06580458_20230704,16.74461782311771
S06405950_20230705,16.669022586903953
S06003500_20230705,12.531713019805014
S06119000_20230705,16.909384103166744
S06094039_20230711,14.322152976802418
S06177972_20230712,10.739827378275642
S06000401_20230717,19.975528809972786
S06300056_20230717,13.225066117688339
S06182062_20230718,16.227315615035028
S06830119_20230718,18.877290758466863
S06195330_20230719,15.975025925614133
S06173650_20230720,14.700130723131373
S06076420_20230726,17.109519468739997
S06830139_20230818,17.468712589527556
S06178000_20230822,13.396121496091169
S06830142_20230830,20.027492859226108
