SamplingOperations_code,IBD_EQR_Status
S05235850_20070709,20.760468181531113
S05113000_20070723,8.663041910996103
S05082000_20070724,14.33877111972592
S05111500_20070724,10.71186035376925
S05086000_20070725,14.799648904126819
S05030000_20070725,14.554323923712106
S05025600_20070725,11.255364941531234
S05048000_20070726,15.65164599714852
S05035200_20070726,19.087592291681755
S05077950_20070727,13.186424541224081
S05111620_20070727,15.462594526167274
S05191000_20070727,11.988052909875453
S05153950_20070727,15.607036434097598
S05225100_20070727,13.448770101541921
S05031850_20070728,15.917886634606807
S05041000_20070728,14.131595074246274
S02115660_20070730,18.425580226496916
S02115725_20070730,16.26416861424695
S05192320_20070731,19.271212790062833
S02115800_20070731,15.507690251638037
S02106430_20070801,15.195062938877697
S02124000_20070801,12.8665017222847
S05214320_20070801,9.800180456449414
S05089090_20070801,17.200883826455094
S05230500_20070801,18.454467987828096
S05109020_20070802,15.610671090874279
S05111000_20070802,17.78604098837898
S02115685_20070802,16.355204975559307
S02115675_20070802,14.2242748977304
S05220920_20070802,15.02458648476714
S05204200_20070802,19.70405560004867
S05206000_20070802,20.004174842994075
S05174000_20070803,14.218422498274524
S05151000_20070803,19.809465296987245
S05200050_20070803,18.578108902102983
S05164000_20070803,10.976020810832392
S02041750_20070804,11.919306449270879
S05165255_20070806,12.390457117330348
S05176000_20070806,15.068638794365167
S05175800_20070806,16.201580843600844
S05145410_20070806,18.82106460168927
S05181600_20070807,19.32741162617019
S05181000_20070807,19.90086672805326
S02032000_20070807,14.381630681196668
S05076000_20070807,10.494015043390633
S05026000_20070807,9.690216528960757
S02017000_20070808,14.435524527578936
S05173150_20070808,19.966348333448142
S05167950_20070809,7.168908589820754
S05167450_20070809,10.824791226796894
S05171900_20070810,19.80650530403779
S05096050_20070811,16.318772691450384
S05158150_20070813,14.293740813026501
S05145300_20070813,19.041605056793717
S05156950_20070814,11.236285502525387
S05159000_20070814,11.444657917747774
S05130000_20070814,13.246410913771703
S05068020_20070814,15.277108069983216
S05093300_20070815,15.198762200213302
S02094920_20070821,15.260439582111484
S05142100_20070823,14.853830956783925
S05135100_20070824,15.330754337057565
S05140000_20070824,18.379267159595017
S05135000_20070824,18.192607443648203
S05132000_20070825,12.769110934077501
S05125000_20070825,15.710560477871772
S05124000_20070825,14.48930113515224
S05131200_20070825,12.096217877648353
S05123000_20070825,11.72265207570779
S05120085_20070825,15.515400099484625
S05122000_20070826,14.309002267095046
S02059500_20070827,12.667389324135385
S05022450_20070828,17.411134460454903
S05015100_20070828,15.089264835525725
S02057000_20070829,12.39816624942639
S02070000_20070829,10.372879913814185
S05013100_20070830,15.082810945421887
S02067400_20070830,12.93933322290781
S05001600_20070830,13.107215414939846
S05000150_20070830,15.565258210207686
S02085325_20070831,10.040565602425904
S02085600_20070831,7.58112912944146
S02079000_20070831,7.248368076497901
S02088000_20070903,9.651878829298134
S05230990_20070903,9.50892885403254
S05223130_20070903,10.544975803427683
S05226030_20070903,13.679946816450657
S05223160_20070903,12.640020258024242
S02110600_20070904,16.346494707159817
S05192305_20070904,17.985435006971212
S05192200_20070904,16.331239380478888
S05227240_20070904,13.689243154086942
S05053100_20070904,17.566735973224723
S05055950_20070905,17.076422269307212
S05090050_20070905,13.890552294429888
S05053000_20070905,14.182395493351788
S05129070_20070907,14.71800219657767
S05042080_20070907,14.451195927960423
S05055940_20070907,17.288273588314087
S05044300_20070907,16.183262532785907
S02001500_20070907,16.472981857557247
S05119065_20070908,15.42163769954106
S05089000_20070908,14.539564651057724
S05088400_20070908,14.445556985104236
S05119080_20070909,16.075284558986915
S02044000_20070910,13.071224166821676
S05056900_20070912,16.674537276658267
S05057150_20070913,20.463082185912654
S05055550_20070914,20.10213175246377
S05055600_20070917,19.242458866818065
S05068850_20070917,19.730941400372032
S05068355_20070927,19.43291328784366
S05055150_20070927,20.771139296768037
S06580839_20080304,20.03570875744055
S06168250_20080623,13.945479321493654
S06300072_20080625,11.052279863458466
S06185500_20080702,15.073463602127482
S06580816_20080702,15.546166284786906
S06580150_20080702,14.907319927137356
S06187100_20080707,16.32159641667621
S05121000_20080707,9.410713427265087
S06175500_20080708,17.20041451346557
S05133100_20080708,18.1977405388364
S05137000_20080709,20.00464189635078
S05134310_20080709,13.6273888698599
S05134000_20080709,11.909443781221633
S06183850_20080709,6.169262358955665
S06179200_20080709,15.525399900467868
S06222390_20080709,12.244102944798023
S06830800_20080709,14.451263868488367
S06178935_20080710,17.36680355519152
S05154500_20080710,15.508755764088562
S05117000_20080710,12.030860514685385
S05057150_20080710,20.209914832506676
S05117500_20080711,16.144645079716106
S05068355_20080716,19.110293527132967
S05068020_20080716,18.10649270482849
S06108000_20080716,20.09908086855068
S06425800_20080716,14.446430040056992
S06044900_20080718,11.568167491740182
S06020500_20080719,19.41606649923414
S06084360_20080721,19.884439061554676
S06129550_20080721,15.057156654034381
S05049950_20080722,18.909038794991577
S06183800_20080722,16.466046211341137
S06183900_20080722,16.92068692777194
S06130500_20080722,17.348837640343103
S05060000_20080722,14.286029799253678
S05046000_20080723,18.63903755640977
S05045250_20080723,14.63019002636922
S02107870_20080723,16.582371022636256
S05068470_20080723,15.259217701899196
S05068400_20080723,18.814883345765274
S06006550_20080723,15.526357257763927
S05107000_20080724,14.087128363306878
S06097000_20080724,5.510405160085172
S05033500_20080724,14.473937406330332
S05111650_20080725,16.00677593054172
S05022000_20080725,12.905667191862253
S05003000_20080726,13.08522347250045
S05191200_20080727,16.43541393479385
S05074000_20080727,13.755916945392881
S05081000_20080728,11.94957965512304
S05132600_20080729,14.279360919467488
S02115725_20080729,16.345098212817494
S05149600_20080729,16.276825235560352
S06710030_20080729,19.363862001766073
S05112210_20080729,16.252589830977822
S05228500_20080729,14.296531151278984
S02093100_20080729,12.410683996078385
S05096100_20080729,17.96572311700605
S05148150_20080730,20.119127042925797
S05145900_20080730,19.38074111159651
S05021650_20080730,13.464755038656477
S05217150_20080730,19.373037392550835
S05035300_20080730,18.019431030583906
S06003805_20080730,15.854957502828686
S06003945_20080730,15.54416315414329
S02123000_20080730,14.426397701741019
S06179800_20080730,17.211982668605096
S02115775_20080730,14.523675998477765
S06117580_20080730,16.163967914781253
S02106600_20080730,7.477434596895037
S02116500_20080731,19.304813917533398
S05183000_20080731,20.811469824925478
S02117350_20080731,15.133938781236655
S02070750_20080731,14.365319582112608
S02072600_20080731,14.990348807343521
S02070250_20080731,11.048787590713252
S06411350_20080731,14.612094100907411
S05055150_20080731,19.97676074149426
S05089080_20080731,19.970563605486976
S05054600_20080731,15.749649381307087
S05067000_20080801,18.913777875548494
S05068270_20080801,18.564548083948942
S05067950_20080801,19.803943370449016
S05068300_20080801,19.5864621826904
S02051000_20080801,14.27012769484568
S02057400_20080801,6.916856472226874
S02067400_20080804,14.31603882665925
S05149000_20080804,20.06982797159536
S05147000_20080804,20.247040437712236
S05158200_20080805,14.858069963325029
S05158150_20080805,14.902221948182726
S02065090_20080805,16.04822755502771
S05007600_20080805,14.854960508271413
S05170900_20080805,19.68372388445152
S02001500_20080805,18.224993349168926
S02045500_20080806,13.805259712304256
S05088130_20080806,20.050236231311146
S02025100_20080806,11.680392735815513
S05011730_20080806,18.26328904829802
S05015100_20080806,14.937087235687907
S02021000_20080806,8.982284895051826
S06580178_20080806,8.565318879222882
S02036000_20080807,11.09100058463983
S05018950_20080807,17.03174786318929
S05125860_20080807,18.747799840884994
S02020000_20080807,13.803986396725687
S05230990_20080807,13.504835590357509
S02030500_20080807,13.936920440643268
S02019500_20080807,11.306410260485166
S05018800_20080807,17.729266036839462
S02079000_20080808,9.326444424277462
S02003200_20080808,12.641080518107692
S02010000_20080808,8.654726107547955
S02001016_20080811,12.430862479096406
S02003100_20080811,14.357782612143035
S02000010_20080811,13.817734519867965
S05068700_20080813,18.295755713928493
S05068760_20080813,14.643548007710566
S05069000_20080813,19.07696998103586
S05069900_20080813,18.658937435328333
S05053100_20080814,17.969087553773353
S05056000_20080814,17.98905176250907
S05055000_20080814,19.90083468108398
S02082970_20080814,14.56683627685896
S05053975_20080814,17.7931942672512
S05057050_20080814,19.384995799941255
S06153070_20080818,14.9224430744672
S06820850_20080819,12.23146961012209
S05234980_20080819,19.63810806499626
S05231500_20080820,10.579441263185473
S05227000_20080820,14.67698920582127
S05192018_20080820,19.866986396257982
S05229000_20080820,14.249923426711703
S05189000_20080821,20.089047545189963
S05046700_20080821,15.228822897158564
S05224000_20080821,8.545985450801183
S05217400_20080822,15.464060584595648
S05220920_20080822,14.957156063445998
S05076800_20080825,18.303290345207795
S06098700_20080827,12.395875870015015
S02082350_20080829,7.497382498707478
S05150600_20080903,19.757337306571483
S05151000_20080903,18.288837227619016
S05098800_20080904,15.391379970290728
S05171900_20080908,16.82234282789146
S05055900_20080909,13.937314551308848
S05183970_20080909,18.694237483721277
S05055940_20080909,16.616342531211437
S02108700_20080909,18.137434653892562
S02109000_20080909,16.936527980433162
S05042080_20080909,13.904805844132937
S05042085_20080909,15.323664374807388
S05044300_20080909,16.1903180963263
S05158000_20080910,13.577553214719964
S05162980_20080910,12.43558053126352
S06217500_20080911,18.833474450566726
S05139230_20080915,15.252855661028155
S06215800_20080917,18.67518695528708
S06215000_20080922,17.772414487767357
S06065700_20080930,12.411079133152791
S06106600_20081002,15.066277595935027
S06580362_20081014,19.984249516913092
S06149500_20081014,12.505157428004066
S06820126_20081105,17.77362267082626
S06135600_20081110,20.119547862391844
S06830152_20081215,15.392056646641715
S06063500_20081215,20.156088570879305
S06090600_20081216,19.8132422058147
S06135600_20090216,20.17540871930934
S06139500_20090319,14.570261017741686
S06154250_20090324,19.952983594066335
S06115080_20090505,20.39351626972251
S06108000_20090513,20.04191156273766
S06174950_20090528,18.945919084709708
S06120560_20090529,16.510404248854922
S06180500_20090602,13.552142314755125
S06178042_20090604,14.304842039785852
S06205435_20090616,12.484218584892126
S05130000_20090617,11.966518600652266
S06193500_20090617,14.063941637638973
S06035690_20090618,14.458007633883392
S06580318_20090622,14.324573644359006
S06107760_20090623,15.878802567330585
S05068400_20090623,19.647958512187735
S06178070_20090624,15.834930142142472
S06150820_20090624,14.903946629342402
S06094150_20090624,13.729157502848008
S06175840_20090624,18.131402281225988
S05181600_20090625,19.88384709652636
S05181800_20090626,19.96284152198483
S06175540_20090629,20.28526407316917
S06176950_20090629,19.308021937564074
S06094230_20090630,11.186890272270304
S06175320_20090630,19.666162812625277
S05145600_20090630,18.19164364650764
S06176000_20090630,20.286863739761074
S06710038_20090701,13.435141482100972
S02100600_20090701,11.740402026644153
S06830550_20090701,11.836492493221119
S05086280_20090701,16.060898377271844
S05173150_20090701,20.087777946793747
S05090000_20090702,14.501781895685012
S06250270_20090702,13.078744001173963
S05084000_20090702,14.079455931451323
S06000980_20090702,13.280004481071641
S06106030_20090702,12.156513304047538
S05081000_20090702,14.310354862659423
S06121020_20090702,13.11854715456804
S06216160_20090702,8.86777069370985
S06166990_20090702,20.179648382035122
S05179500_20090702,20.21827685921256
S05129000_20090703,12.226385621715568
S05218850_20090706,13.307581481993923
S05192100_20090707,16.092227619782776
S05197900_20090707,12.927752826004832
S06177980_20090707,10.233432806861794
S05223145_20090708,8.645547044450392
S05101420_20090708,18.061487468978527
S05139230_20090708,17.117350304845317
S06188785_20090708,17.339194148070014
S05024000_20090708,12.924488426747931
S05223170_20090708,8.718074475772845
S05229250_20090709,17.963425426854567
S05011600_20090709,17.523443210555577
S05033200_20090709,18.733233917243144
S05134300_20090709,14.111767046848424
S05132000_20090709,14.114967243926664
S05000150_20090710,17.39525726305843
S05007600_20090710,14.368310215736646
S05025000_20090710,16.828199805638913
S05228000_20090711,14.944139624275344
S05005950_20090711,15.480437432213327
S05032800_20090716,16.3225489803634
S05033800_20090716,15.670192023877414
S05038000_20090716,14.597914160393302
S05044200_20090717,16.7493833503573
S05021800_20090717,15.426827550988357
S06206000_20090720,14.128205733928388
S06006900_20090720,14.785381533558112
S06043875_20090721,12.95204963445046
S06405950_20090721,19.62153493703369
S06016940_20090721,16.78002371237011
S06000890_20090721,14.38520371094243
S06211700_20090721,17.45507291522876
S02011000_20090722,11.32830498921529
S06425800_20090722,14.208603683648507
S06440445_20090723,14.540721463018674
S02013000_20090723,13.889446093500048
S06435450_20090723,16.81805169763433
S06018200_20090724,16.664427159752474
S06020100_20090724,15.633359874863617
S06084000_20090724,19.953115986788035
S02106500_20090727,12.475424825093816
S02106750_20090727,13.410671709355906
S05155300_20090727,15.00648209524044
S05153940_20090728,14.978957731413997
S02054500_20090728,11.867435364756304
S05108000_20090728,12.651249545203477
S06003805_20090728,16.103703345084607
S06003550_20090728,15.856671590828865
S02068800_20090728,9.098943825638123
S02103950_20090729,14.60390203602002
S02075300_20090729,13.362656395381679
S05233500_20090730,11.795070749201658
S02090000_20090730,8.377594707848456
S05230500_20090731,19.17299742575965
S02076180_20090803,16.226041653980104
S02024000_20090803,11.068362421447777
S02038000_20090803,14.076890906926867
S02025150_20090803,12.090791819063316
S02045160_20090804,7.765394882624504
S02025500_20090804,12.66689242164992
S05031300_20090804,15.10232766581642
S02030500_20090804,14.356114262304246
S02117000_20090804,14.425139889015004
S02116600_20090804,15.692132310487372
S05218700_20090804,18.733245802099354
S02115000_20090804,14.340344539739299
S02036265_20090805,10.301080703058174
S02035000_20090805,13.89452247538509
S02032000_20090805,13.138241903014439
S02041000_20090805,10.917813724300029
S02084900_20090805,4.845030132981858
S05005610_20090805,8.466805443615453
S02120000_20090805,13.075825994220382
S05234015_20090805,19.35156347575562
S02121050_20090805,9.641921463870117
S02048980_20090806,15.031858092856954
S02067000_20090806,14.485860237761981
S05011000_20090807,14.844159015151217
S06830079_20090813,20.04845494593057
S05067800_20090818,19.422506522467003
S05090050_20090818,10.590080423662116
S02061500_20090820,12.870360232248794
S05064750_20090821,12.174620233360585
S06700070_20090825,19.098933327198253
S06300010_20090825,19.15632674559541
S02106815_20090826,14.246181063105237
S02107400_20090826,18.491531025810918
S06222600_20090902,19.749039584419116
S06044900_20090902,9.957750240558141
S06470900_20090909,14.99015483978272
S06104000_20090923,13.330500810780796
S06830152_20091215,15.222141474256743
S06139500_20100317,14.082298457532133
S06209970_20100531,15.403676713385922
S06109050_20100601,20.07469570943486
S06101000_20100602,17.147156585827165
S05056000_20100602,18.84088167994409
S03134730_20100603,15.407387257047272
S06178050_20100607,15.373871519798998
S06177750_20100608,14.213247710173182
S03006590_20100610,19.963799059007584
S03001000_20100610,19.850350045900875
S03006271_20100610,19.47868839452209
S03002100_20100610,20.0881691276796
S03006268_20100610,20.125046070617696
S06580150_20100614,15.528602944883266
S06091600_20100614,20.108503133946687
S05166000_20100628,16.274812692113105
S06830550_20100628,14.415746940444214
S05180800_20100630,19.98627310105085
S06175540_20100701,20.624966990384756
S05176000_20100702,19.488056328586147
S05029500_20100703,19.336128380551244
S06416910_20100706,12.25168157241282
S06039960_20100706,14.164332358722
S06045750_20100706,17.400999157742085
S06116720_20100706,19.852250911975457
S06004870_20100706,15.207243617366972
S05046000_20100707,14.012958942208039
S03036510_20100707,15.102607885331926
S06147215_20100708,19.110083802769232
S06147655_20100708,14.628375125597975
S06074500_20100708,13.752335410953412
S06940940_20100708,16.27992991821841
S06310200_20100708,11.75360453313895
S06033000_20100708,18.886980620083744
S05130000_20100708,12.463009609040089
S05083000_20100708,14.129020900106687
S06085500_20100709,20.04857861774054
S03055000_20100712,15.483971481873937
S05091210_20100712,17.454891973015993
S03189975_20100713,14.93812037531154
S03189900_20100713,13.493373854504455
S05058100_20100716,13.75256113147215
S03082000_20100716,13.065122437454832
S03084470_20100716,13.514397322268934
S06300600_20100716,20.03504954480505
S05048000_20100717,15.249670214841661
S05074000_20100717,14.894160665301658
S05029500_20100719,15.782970485625686
S02000010_20100719,15.530569814817646
S03156580_20100719,15.84081654151929
S05125780_20100719,16.865001694869957
S02000011_20100719,14.717023177405569
S03277658_20100720,15.334331325330767
S02010000_20100720,4.875128666818968
S05024200_20100720,13.401652998381751
S06051550_20100720,11.347771140087644
S06204550_20100721,14.755757349446966
S05035300_20100721,19.66649794653374
S02052500_20100721,16.5590171625932
S03129440_20100721,6.888055115084079
S05095000_20100721,15.129815945118956
S02009000_20100721,16.271412943062
S02020000_20100722,12.595986636984893
S02019950_20100722,11.926165923928526
S02018500_20100722,13.565169929085808
S05088400_20100722,14.691016191058456
S05116650_20100722,15.897327833178013
S02022760_20100722,14.384960486669936
S05049950_20100723,19.415000448395975
S05061942_20100723,16.17705743281521
S03153139_20100723,15.21588377615833
S05067800_20100723,19.932730278906647
S05096100_20100724,16.4866024506204
S03005200_20100726,15.274704879982632
S05106820_20100726,18.220585345138858
S03078510_20100726,13.51229049760153
S02001046_20100726,14.992679098560693
S05106400_20100727,14.862850633345047
S03011300_20100727,15.452358750253575
S05153940_20100727,15.606464576182065
S02030350_20100727,13.442026264022427
S03085805_20100728,15.40191616841361
S03085730_20100728,14.785669587334597
S03092811_20100728,11.81181547251657
S05057150_20100728,19.81865942374978
S02067150_20100728,12.67055470746011
S05097750_20100728,11.895554312236548
S05096400_20100728,17.490939900196423
S03004280_20100728,15.866932157445317
S03008505_20100728,13.541069624734677
S02076180_20100729,11.695581503021963
S03093445_20100729,14.07629352699389
S02056200_20100729,5.792572498619615
S06215900_20100729,19.682663364448985
S05091560_20100729,14.157968948685221
S03094356_20100729,14.670654130110146
S02057600_20100729,14.64660017667109
S03088800_20100729,17.109747709664315
S03088410_20100729,14.960672405836654
S05065000_20100730,15.84036142511461
S05068645_20100730,18.30094809273627
S03149081_20100730,14.220340284118318
S05119050_20100802,15.477911009016019
S05120010_20100802,17.01094563878219
S02093100_20100803,11.341869046002568
S05154500_20100803,11.765835249326605
S02063000_20100803,13.47069038027174
S06153070_20100803,14.845546867270428
S06005550_20100803,15.232074447900677
S02116000_20100804,14.739480062374644
S05140500_20100804,18.65009130183307
S05069900_20100804,19.427272625709122
S05218000_20100804,19.591995242058754
S03231260_20100804,13.18687374112469
S05137000_20100804,19.462554220980362
S02054100_20100804,14.556585637908247
S03267530_20100804,15.046092475486395
S02057400_20100804,13.523155996742153
S03269000_20100804,11.771966029326828
S05125000_20100805,12.695662262339603
S05234020_20100805,8.340424043342658
S06169880_20100805,17.423952502276048
S05121350_20100805,16.101606033109665
S05122000_20100805,15.103430307750855
S03165020_20100805,14.482611178716281
S05220950_20100806,13.672006354855986
S05226500_20100808,13.580352327770681
S05225300_20100808,15.837886036367005
S05192024_20100809,15.099857587619985
S05191800_20100809,20.371976841241604
S03026179_20100809,19.622872528333172
S06217000_20100809,19.30901696440665
S02106410_20100809,13.238164884868885
S06468450_20100809,15.159669876557414
S06147130_20100810,10.786080948143738
S03033000_20100810,14.150844452411617
S06147840_20100810,19.82341462775984
S06035330_20100811,12.019680564880037
S05209000_20100811,14.02060600947761
S05209500_20100811,18.026904439857066
S05202950_20100811,19.669712898125205
S05201050_20100811,15.296546193102877
S05201055_20100811,15.818106930186163
S06037085_20100811,14.17655964286046
S03053750_20100812,15.860312807145762
S03068950_20100812,17.915245176718834
S02089000_20100812,13.432384917384347
S06494595_20100813,16.087544937412137
S03137570_20100817,13.966522306973296
S03215470_20100817,15.071408213797937
S03025919_20100818,18.71528507648133
S03024245_20100818,18.052053693526894
S03221625_20100819,15.495845075769594
S03189545_20100819,13.788912554028624
S03221795_20100819,15.129477578017392
S03033240_20100819,17.429103478531577
S06151000_20100823,19.33237262887876
S03162365_20100824,14.307981895400872
S06110110_20100824,14.838427025580366
S03190725_20100824,13.729188652608322
S06012055_20100824,16.597244237755593
S06212600_20100825,19.991823921132603
S06710010_20100825,19.528083782552613
S03115990_20100825,13.32230575193757
S03149487_20100825,15.618651070796304
S06210850_20100825,17.405537278911297
S06710110_20100825,15.656186447175621
S03115616_20100825,14.97942540006567
S03114395_20100826,14.653529250502412
S03113040_20100830,14.79620777423244
S03081016_20100831,11.858291007327791
S05068600_20100831,14.764138978505292
S03214000_20100831,12.850409011011802
S05055000_20100901,19.85538254196812
S03027549_20100901,9.387084706938982
S03190300_20100901,15.61239307154277
S03126704_20100901,14.024668859159428
S06300073_20100903,18.616352035965786
S06175000_20100903,14.737272329026064
S02096900_20100903,13.45865894820268
S02094970_20100903,15.60434818642781
S02047000_20100906,15.19718171633574
S02038000_20100906,13.978228463555297
S02115762_20100906,15.57602214262689
S06026000_20100906,14.028297397051578
S06040400_20100915,14.689356289281644
S06041800_20100915,16.815976110056525
S06029000_20100916,14.488550881604363
S02041950_20100921,12.418879682467772
S02099550_20100922,14.528034923421174
S02095500_20100923,9.807796623716374
S03265600_20100927,14.15388069973243
S03271965_20100927,13.482224771558752
S03227100_20100928,16.546039084143917
S03255180_20100928,14.683012280207695
S06113000_20101006,14.512204398383808
S03219000_20101011,14.137632124943053
S04009430_20101012,14.050966423868795
S03208483_20101013,15.866583827178083
S03208000_20101014,15.557869684067441
S06189500_20101022,12.897464358755325
S06188900_20101204,9.627388278693736
S06133560_20110209,19.841968633821786
S06154250_20110309,19.96706929047679
S06300046_20110419,20.16210351821343
S03266975_20110502,12.289018918094373
S06175320_20110503,18.223330497883293
S06106030_20110519,15.426017117460397
S06166990_20110525,19.937466282487964
S03024245_20110525,16.403299234739467
S05016100_20110527,16.169211653504796
S05120095_20110527,15.794181213548068
S05134900_20110528,15.896789784124184
S03024560_20110607,15.646845836492645
S05091210_20110607,17.63583035315073
S03026382_20110608,18.092359585153503
S03035000_20110609,14.44832443843438
S06830129_20110614,15.975096810095328
S06016940_20110614,14.786461098771555
S03029500_20110616,15.282952247508739
S06176620_20110627,16.21875365965727
S06053500_20110627,16.31232029186158
S06176680_20110627,15.323409232063048
S06053940_20110628,12.485943133671825
S06173460_20110628,19.86410278065377
S06173250_20110628,18.215937739282534
S06580341_20110629,15.628957494384174
S06083925_20110630,18.75223936797477
S05074750_20110630,14.849438525862382
S05118706_20110704,14.733790059520953
S06147210_20110704,17.83271268694876
S05111950_20110704,9.944441580451741
S05234007_20110705,14.90418905188062
S06118600_20110706,16.75250607727183
S05228290_20110706,14.408621953508622
S06468450_20110706,15.868750474958649
S03186700_20110707,15.430313045025542
S05142520_20110708,16.353100390361163
S03189828_20110708,16.04624971015565
S03189315_20110708,14.476869886046932
S03189398_20110708,14.809826101736716
S06250250_20110708,15.452969562001739
S03088890_20110711,16.825044078426508
S03145290_20110711,15.173103552682294
S05074580_20110711,14.391147759608659
S05074700_20110712,12.122413721571146
S06195820_20110712,15.559567533775109
S02098800_20110718,9.710061181259299
S06123500_20110718,15.007618806502208
S03137290_20110718,14.50369044534288
S05125900_20110718,12.902836285125158
S03013300_20110718,15.52066309243377
S03174825_20110718,10.706197570384681
S06710039_20110719,20.231314470500546
S03133435_20110719,15.099339493468657
S03133140_20110719,14.519780427043967
S03132615_20110719,13.81982708965938
S06118000_20110719,13.832284720025813
S03132620_20110720,14.760360619156177
S02044000_20110720,14.888372296180979
S02001700_20110720,16.309642263967955
S06439900_20110720,14.248644464992795
S05127470_20110720,13.864891720968998
S06161400_20110720,16.287709496991813
S06111555_20110721,20.000583985868438
S05018400_20110721,16.060634588961037
S05020000_20110721,13.66594605741622
S05101600_20110721,16.817775279111487
S06710100_20110721,19.41267889083629
S02003400_20110722,13.915450225723472
S02003800_20110722,15.146058141397607
S02007000_20110722,15.319879548638362
S02018500_20110722,14.496753610175396
S02001025_20110723,15.432392678379166
S02004000_20110723,15.387178893532743
S02106600_20110725,15.533634039130758
S02106850_20110725,15.692348832962173
S03134730_20110725,14.997502779041127
S03228690_20110725,13.530753254550417
S02069100_20110726,9.685417244928647
S02067000_20110726,11.56581386108394
S02060500_20110726,12.712254318181248
S06151000_20110726,20.278141260237028
S05096100_20110726,16.398443549881552
S05151000_20110726,17.31180417696433
S05015320_20110726,15.801056417991733
S05015800_20110726,15.832823346012885
S05017060_20110726,16.514562010349014
S05018000_20110726,16.500959949446276
S05044200_20110726,15.123501142797869
S05044300_20110726,16.1401124138238
S03237800_20110726,11.871855867601914
S05022080_20110727,13.090785346757928
S05016100_20110727,16.870244677291836
S05019000_20110727,14.720929188874978
S05018800_20110727,18.758660485489887
S06580318_20110727,7.913393907395288
S03221795_20110727,13.929543685826946
S03250975_20110727,13.914669250741943
S05033500_20110728,16.438180473808803
S05019930_20110728,13.023081592072957
S05020200_20110728,17.227987085857013
S06204550_20110728,15.384975020972226
S06208900_20110728,5.863344185206769
S06190070_20110728,15.284154805721558
S05134300_20110728,13.617865251194008
S05018750_20110728,16.085212606583354
S06217000_20110728,18.69641025476469
S03052245_20110728,15.079677810443405
S05018950_20110728,14.087077979121549
S03166490_20110728,15.097979665722816
S03233896_20110728,14.107112290511774
S03141730_20110801,14.914457127449138
S05120020_20110801,10.190471751562853
S02085600_20110801,8.35885808529514
S06193700_20110801,10.737854999226204
S05237000_20110801,20.04795461035208
S03258000_20110801,12.4842280944628
S05192050_20110801,17.682258724132435
S02117575_20110801,15.637354431755291
S02115200_20110802,6.414835902651713
S05144250_20110802,15.761468070160817
S05226030_20110802,14.639219174096
S05125780_20110802,16.556356967241108
S02123000_20110803,15.793278917072493
S02124000_20110803,15.79360517416934
S03156940_20110803,14.538188073722639
S05207150_20110803,11.449833479945756
S02118750_20110803,10.609860700768142
S05223210_20110803,18.842905983767757
S06017000_20110804,14.23496286939657
S03269295_20110804,12.676889145705966
S03272235_20110804,9.56047010578127
S03098000_20110804,18.13799096709385
S02115650_20110804,11.012640910731946
S05148000_20110804,19.981381551625777
S03096650_20110804,16.62110927578433
S05147000_20110804,20.30196398297927
S05191000_20110804,15.067958166181938
S05192024_20110804,19.983002253713643
S05013900_20110805,13.262787583141753
S03270390_20110805,11.687201544418315
S03102000_20110805,16.028618097671245
S03190790_20110808,13.510645161636418
S03189490_20110809,14.822092224533273
S05129150_20110809,14.073616713366736
S05154400_20110811,15.07008600875908
S03075000_20110811,14.846065366836378
S05218500_20110812,20.035199746213912
S06049010_20110816,14.11690947841489
S05029500_20110816,18.01009055923624
S03012100_20110816,15.559828677255872
S05005605_20110816,13.979373133157111
S03138800_20110817,15.06237407937368
S05111000_20110817,19.806153851601902
S03105285_20110817,15.068436742013063
S05004500_20110817,14.69459886836243
S05234280_20110817,16.903490209165298
S05216210_20110817,19.353522824986104
S05012500_20110817,14.64597947951489
S05001800_20110818,17.623943144824164
S05213000_20110818,9.322098160797022
S05025000_20110818,14.293128065621627
S03156350_20110819,15.256328137170506
S05006880_20110819,14.98410736391632
S05127900_20110819,15.688295643918739
S03156580_20110819,15.152804435521231
S05003000_20110819,13.52670787540651
S05166000_20110822,15.421566680363094
S05061200_20110822,15.865145550304536
S06405950_20110822,18.357855162202686
S02081000_20110823,13.018814910433937
S03212150_20110823,17.300748522999807
S03213000_20110823,15.80303801757979
S05165900_20110823,18.99539810974442
S05157800_20110824,15.435877780509626
S05177000_20110824,16.442219317947416
S03127370_20110825,13.051506148188409
S05176000_20110825,16.378291549163496
S05175100_20110825,17.822401166330394
S05120005_20110826,14.8835665988712
S05097500_20110831,14.857770196928618
S05101200_20110831,12.70611709752149
S05101500_20110831,17.65222826700423
S05102010_20110831,19.741836660749318
S05102150_20110831,12.807314739466056
S05064750_20110831,15.0335239403296
S05116600_20110901,15.58945090606214
S05086000_20110901,13.012936113037915
S05130500_20110901,11.371781928077692
S06001890_20110905,15.124727476409934
S05050800_20110906,15.892181849380945
S05051200_20110906,13.571249497934692
S05233500_20110907,13.825322900390635
S05059000_20110907,17.052031474132477
S05048210_20110908,11.552981880421253
S06404800_20110908,15.09507718311873
S05047500_20110910,15.794169402869942
S03014130_20110912,19.940354719155845
S06000950_20110912,14.967778839441568
S03085608_20110912,15.266614737216333
S03093145_20110912,15.250244344593854
S03094405_20110913,15.945349332151014
S03088345_20110913,19.987935667887037
S03086340_20110913,15.750161615964064
S05138900_20110913,16.262295645922105
S03002900_20110914,16.396665760807082
S05153000_20110914,14.10628678498806
S05119902_20110915,14.800178966393455
S03018675_20110915,15.27701856477571
S03088800_20110916,17.66365237126629
S03226300_20110916,15.84436528817861
S03185950_20110919,17.632158744201064
S06130500_20110920,18.362170552579304
S05078900_20110921,14.717764063289668
S05122000_20110922,11.81754018708659
S05066000_20110927,13.28698589740174
S05204000_20110927,20.210141982397875
S03009000_20110928,18.823457944589244
S06077500_20110928,15.687491719764065
S03030000_20110928,15.425993800380006
S06580789_20110928,12.863620878410824
S05068645_20110929,18.590350769289792
S06071900_20110929,15.858072269371432
S03036030_20110929,18.503837855022933
S03038700_20110929,15.688490680901312
S03027490_20110929,15.691947660096664
S03219550_20111006,13.039713384217398
S04009330_20111012,18.114735437984944
S03193441_20111101,15.081187449294182
S06820089_20120217,19.854944300435115
S06137020_20120221,19.572264571438293
S06592020_20120222,20.089982305488295
S06135600_20120227,20.44538211049948
S06134300_20120228,19.992224657807473
S04066730_20120524,15.823570887057135
S03128190_20120530,18.21651668494035
S05018900_20120604,16.212123444286007
S05002610_20120604,16.152617926432978
S06440445_20120604,14.87484514538894
S06468450_20120605,14.71777113013686
S06216100_20120605,18.919934934047802
S06439900_20120605,12.819832839605375
S05074580_20120605,16.944234183038418
S04179160_20120605,17.858391065198628
S06404800_20120605,11.115528885298891
S05234082_20120605,19.50094326950699
S06005550_20120605,14.855125163387292
S06000980_20120605,15.017925858238659
S06464850_20120605,15.058312243020916
S06003805_20120606,15.33323924785819
S05061400_20120606,15.68347433080287
S06250270_20120606,18.078729894360357
S04178490_20120606,19.614344407025104
S06411350_20120606,10.903969991531557
S06710020_20120606,20.52451938694237
S04140100_20120606,11.871725511876893
S05072140_20120606,16.605338877806833
S05157620_20120607,13.198836298232886
S05234007_20120607,15.367641247979845
S04158860_20120607,17.496605440766274
S05074100_20120607,12.82980634642563
S06005400_20120607,15.082807894551278
S05061942_20120607,14.629521049906685
S04099600_20120608,15.369203872407935
S04099560_20120608,14.118811774550851
S06700075_20120611,20.294225650945926
S03079270_20120612,13.862888753273255
S04168250_20120612,13.519382441295914
S03012100_20120614,16.090657984337458
S06710030_20120615,18.692704842883767
S06215850_20120616,20.25048583407538
S06217500_20120620,19.247966060805396
S06120560_20120621,19.941403623865213
S06168200_20120621,10.92991852866545
S06178014_20120621,15.291148456872296
S06148850_20120625,16.49212193117965
S06082260_20120626,13.204560774050124
S05118703_20120626,13.833592946287052
S03040250_20120626,18.870729474301594
S03036510_20120626,16.238682446537556
S06005700_20120626,16.702262599188927
S06300005_20120627,18.045031338044975
S03081000_20120627,14.47128208762044
S06017000_20120627,15.209284526412956
S06108000_20120628,20.28476497182375
S05228350_20120628,16.758952589764416
S05069250_20120628,19.62508375685189
S06580362_20120628,19.931794084822098
S03001000_20120628,20.006178163515017
S03002100_20120628,18.771027328038084
S03006268_20120628,20.035974203190403
S04200595_20120628,13.785114897455324
S03006590_20120628,19.92646858407265
S03006271_20120628,19.686211711977784
S04161575_20120628,11.483561252838781
S04123785_20120628,10.65156074416905
S03125000_20120629,13.485005511030797
S04072000_20120702,13.276184547279614
S05077995_20120702,15.166840704057778
S06146500_20120702,19.904100716272648
S04085180_20120702,12.732494725231758
S03014140_20120702,20.35821812319829
S05020900_20120703,16.0870095853499
S03014030_20120703,19.798978760742006
S05035300_20120703,16.87526154659736
S05079200_20120704,15.202645391567508
S03138550_20120704,14.194174258389012
S06300250_20120704,5.6222810774662975
S03088345_20120704,19.991831468743896
S04082450_20120705,15.196888857490181
S03149162_20120705,14.530683192986102
S04082700_20120705,16.689014641217877
S03145847_20120705,16.652412795637446
S05012550_20120705,15.704811295211304
S06710040_20120705,14.270828258599796
S03156175_20120705,17.99475783057539
S04570004_20120705,15.656140923319457
S03160000_20120709,14.673115594199226
S03020145_20120709,16.9488323552857
S03024300_20120709,20.21018720722817
S03020000_20120710,15.666214306273123
S05085050_20120710,13.670956289263744
S06590550_20120710,18.541685748445765
S04016800_20120711,17.56576757878805
S04160190_20120711,16.874255521148616
S06300046_20120711,20.006645235732908
S03033240_20120711,18.89540207180436
S03024392_20120711,17.713009557520298
S04113800_20120711,15.028959892004377
S04002870_20120711,17.913444846140223
S03024245_20120711,19.87688050016885
S03033306_20120712,17.923513447682087
S03032675_20120712,18.295500718474837
S03025919_20120712,19.43998868338005
S03024560_20120712,14.137349827289432
S03024840_20120712,14.877765298342048
S03025238_20120712,17.47860357923488
S03025368_20120712,18.651273782868238
S03034720_20120712,15.423407452276388
S03033200_20120712,19.53303723715385
S03033660_20120712,15.939135173983091
S04010200_20120713,11.081464438268334
S03165200_20120713,15.565807042530361
S04015100_20120713,16.679730424548076
S04033300_20120713,14.274484924953308
S04010410_20120716,13.601971928756681
S05151100_20120716,20.00888301634739
S03272685_20120716,13.72140907967772
S02105000_20120716,14.465581318182862
S02061970_20120716,18.206444684047135
S02061500_20120716,15.36591216458128
S06120500_20120716,20.238717882807812
S05226050_20120716,20.062901333963122
S05042060_20120716,19.262327538013338
S04009420_20120717,13.100058623622598
S06830550_20120717,14.504258965333651
S05103000_20120717,19.114092428605918
S06016000_20120718,12.716235302260891
S05049950_20120718,19.58576022116383
S05223170_20120718,12.667453032557555
S03039940_20120718,16.182938256353715
S02001050_20120718,15.836471562524641
S06205955_20120718,17.600287003889736
S02037500_20120718,12.624975881733452
S04601001_20120718,19.73685678980899
S02029000_20120718,14.66003685577852
S02001700_20120718,14.879475315378537
S04216050_20120718,16.49371273119126
S04068440_20120719,18.779468860752402
S03149172_20120719,16.851204449363088
S03036070_20120719,17.782822064829475
S03035455_20120719,16.164136839517614
S05060200_20120719,16.207795949811256
S02071050_20120719,14.386051414127806
S03027000_20120719,19.84113208700993
S02094979_20120719,20.106042024010375
S04025570_20120719,14.77785559932374
S06194800_20120719,14.214734929550914
S03037650_20120719,16.515152283308446
S03037480_20120719,16.571915725828685
S03149859_20120719,15.228597777444037
S03151800_20120719,13.08175699918045
S04428003_20120720,17.002093608942793
S06710038_20120723,15.909822147960567
S03027490_20120723,15.0621045270293
S03029000_20120723,12.110825461090595
S02055580_20120723,11.808667611468808
S05119080_20120723,15.879418404879479
S03029530_20120723,13.153757544573976
S02057250_20120723,14.457086732309513
S03128987_20120723,15.272327190342406
S03039000_20120723,17.27861613657873
S03044580_20120723,15.16280779582459
S03128500_20120723,13.154365292158365
S05094810_20120724,14.652452798730575
S05053085_20120724,13.924431989411277
S02094000_20120724,11.228608244023025
S04091400_20120724,13.132037343887163
S04092000_20120724,13.245284574998347
S03059000_20120724,14.746485617467277
S05097900_20120724,16.40879964204977
S03149487_20120725,15.605668980668526
S04009050_20120725,14.70742471862376
S03008483_20120725,15.310802575459615
S05098000_20120725,16.767360425510415
S03018531_20120725,11.193766524997333
S05134600_20120725,15.465366110886649
S02119000_20120725,15.131768138913152
S05139000_20120725,16.365838500625706
S02120000_20120725,14.519549164531464
S05139350_20120725,14.714405700891032
S02076800_20120725,10.234591223315002
S04052800_20120725,10.251613027877926
S05095170_20120725,17.822812488465523
S04052590_20120725,15.065085330963331
S04465003_20120725,13.698321766425865
S05125863_20120725,14.913089499648102
S03137830_20120725,13.10328631659961
S04070215_20120726,15.155147903420556
S05167000_20120726,15.747947769075719
S05095110_20120726,13.852306572296248
S03145985_20120726,14.108865663718918
S03156150_20120726,19.695243126524403
S06094039_20120726,15.114117315030681
S03145290_20120726,14.927021667055135
S03156350_20120726,15.29282714561592
S02094800_20120726,12.702589968583395
S03156580_20120726,13.90928619449377
S03119590_20120726,14.378608515798767
S05125500_20120726,11.981492931343904
S05111000_20120727,19.492303160453076
S03098695_20120727,18.566045959923716
S03096025_20120727,20.23170420824511
S03255650_20120730,13.730526375462286
S02060500_20120730,11.980476821844528
S05201400_20120730,17.170607098893285
S05144500_20120731,15.080886198224823
S02018500_20120731,14.41128695023868
S03266920_20120731,12.704301626896225
S04449005_20120731,13.11079681369665
S04064720_20120731,10.595853203948678
S02013000_20120731,12.829772678571818
S03254920_20120731,12.41696706715575
S06020100_20120801,15.405893202492997
S02011000_20120801,9.335195638298877
S05229125_20120801,11.426910820203407
S05229145_20120801,14.543019656085148
S05231850_20120801,14.302066724202088
S03108890_20120801,14.47720547606083
S04023200_20120801,12.685511457600075
S06018150_20120801,17.57151370711259
S02002000_20120801,15.188896828931346
S05012200_20120802,16.258074728682466
S02107000_20120802,15.33308500086819
S03079850_20120802,13.561389700762097
S03014130_20120802,20.08240053828547
S02054100_20120802,16.039910473632663
S02051000_20120802,16.724961443138213
S03112805_20120802,15.394120236685755
S04099650_20120802,17.72981136349328
S05013100_20120802,15.723736967193902
S04068410_20120802,13.866597665106749
S04031000_20120803,13.588772247200406
S04160160_20120803,14.608321798684472
S02106600_20120803,10.360080210420323
S04433002_20120806,15.606648005629262
S05048000_20120806,17.001340387335798
S04046590_20120807,16.344395655999826
S04043100_20120807,9.617395611257763
S04056000_20120808,13.175098011957639
S05038100_20120809,13.320308019647523
S03171880_20120809,16.06660676906196
S05033400_20120809,17.136735894612496
S06037300_20120809,13.774617720251708
S04015970_20120811,9.832281662747281
S03161695_20120813,14.629187309567637
S03233795_20120813,14.625091803289965
S03159118_20120813,16.098631063719147
S03151910_20120813,14.18394011995348
S03227100_20120813,15.4027915317409
S03233896_20120813,14.576952086480427
S03095400_20120814,15.810591499971684
S03227296_20120814,15.22839336990583
S05089080_20120814,20.56271912639477
S03160360_20120814,14.084011456783522
S05092000_20120814,16.898452999693994
S03151139_20120814,14.191440245643395
S05058935_20120815,15.636380796846034
S06053000_20120815,7.812253114877225
S04041750_20120816,16.772134048312033
S03146715_20120817,15.719631159957112
S06180860_20120817,12.754381170021437
S05173200_20120817,19.554652452601566
S05173450_20120817,20.001452364763843
S04135000_20120820,13.24306437106523
S04160200_20120820,17.39360170350469
S04090400_20120820,13.911642241893418
S04154200_20120820,15.092688135979888
S03168690_20120820,14.576776621627808
S03244000_20120820,13.981103618401345
S03014927_20120821,17.474585153546276
S04108500_20120821,14.362120143691653
S04108285_20120821,14.597940817536129
S04023450_20120822,11.962272555993433
S03190725_20120822,14.167707240054854
S03227623_20120822,16.009654733281266
S04604001_20120823,13.554774473245386
S04054990_20120823,14.36923846512915
S03152000_20120823,15.19992494572728
S04023135_20120823,11.84877755550424
S04137995_20120824,10.77549693294894
S05172350_20120827,20.050636470962708
S03241231_20120827,12.321995947297927
S04051345_20120828,14.745185949975678
S04057750_20120828,13.126770570456612
S06580178_20120829,15.912215668934602
S03235690_20120829,15.447656696381197
S03201650_20120829,15.66488864803394
S03168995_20120829,13.567273199213858
S05226030_20120829,6.758228525460453
S03171770_20120829,14.451168188306243
S03234215_20120830,16.695089702628444
S03134000_20120830,15.060522068407002
S04173000_20120831,15.544293266293675
S03206000_20120831,15.84378815331628
S03014986_20120903,20.21380580056516
S05126000_20120903,13.331641367347425
S05234017_20120903,13.733324966330906
S04178250_20120903,14.907710940182684
S03020591_20120903,14.997948234661704
S04003645_20120904,16.632749409005925
S05120010_20120904,14.73730361068381
S04003900_20120905,18.94203373598809
S03269250_20120905,16.767861480058027
S04039200_20120905,14.659755726697151
S05075650_20120905,19.017176319720985
S04079820_20120906,18.886924906811135
S05149850_20120906,19.202536793730534
S05225340_20120906,17.163750258625416
S05101900_20120906,13.992539262899744
S05211550_20120907,15.450169029826785
S05206500_20120907,19.119094217549023
S05181200_20120908,18.380047621010515
S04094200_20120910,15.33156503825336
S06178011_20120910,15.038478052590106
S05170800_20120910,16.226297627539434
S05180700_20120910,19.998241648455146
S04019700_20120911,6.928098862642651
S05139310_20120912,17.94644846374034
S04139280_20120912,11.207292440746059
S03215470_20120913,15.773592560995882
S04107200_20120913,12.831072713957278
S05221600_20120913,15.405950957044372
S03128837_20120913,15.451904607325522
S03218150_20120913,15.112277525708942
S04108150_20120913,16.31837214769305
S04457000_20120914,14.553409332896262
S06187450_20120914,7.118141656872602
S03203750_20120917,15.326019255095092
S04097550_20120917,15.431572259807853
S04103480_20120918,18.01631866423567
S04103600_20120918,14.179217826241262
S04067300_20120918,14.525419459570571
S03191700_20120918,15.549322163464007
S05199800_20120919,18.230956760963682
S04456000_20120919,14.756350952401025
S04614000_20120919,15.052621137606437
S04108000_20120919,14.377471542072081
S03041000_20120919,14.585045756516944
S04108685_20120919,12.041500951859552
S04096360_20120920,14.877704519192879
S06131900_20120920,11.766449140937178
S04070290_20120921,15.231482352695426
S04082090_20120924,13.868967906511628
S06179500_20120925,13.345999710160594
S04001940_20120925,15.806878269135916
S04061300_20120925,8.717598983068104
S03178835_20120926,16.19766910030397
S04128230_20120926,14.665773470220092
S06176950_20120926,20.0627896183383
S04057740_20120928,13.600321895348092
S04159900_20121001,14.48489277864549
S04158900_20121001,16.07930739871338
S03177400_20121003,16.1097209795863
S05131200_20121004,18.72947666347773
S04078100_20121005,18.85838284697318
S04002300_20121008,14.222698535381925
S05013900_20121009,13.65288122024632
S04014096_20121009,13.350299597580012
S04428002_20121011,16.389890780221553
S04403004_20121011,10.311909518180546
S06181210_20121012,17.738759606612305
S04016555_20121015,10.672949380805676
S05204000_20121016,18.23155785228899
S04015390_20121016,14.526344137634108
S04027950_20121023,15.961871601008559
S04014050_20121024,13.643521473154319
S04016500_20121025,11.972031035788012
S04002945_20121031,17.903321419521713
S04003010_20121115,19.259590035404624
S04003160_20121115,18.991133831128117
S04060995_20121116,11.01787704428499
S04150970_20130110,11.490556693256357
S06135600_20130219,19.726304395587075
S06135350_20130307,21.40859613903344
S06150795_20130314,19.994940396895807
S03128837_20130425,16.407397365950832
S05024250_20130514,17.292655895804167
S06222390_20130606,12.836718558958946
S04199078_20130611,16.18545959698606
S04194665_20130612,14.201539222924794
S04059200_20130613,11.822320535606119
S06120000_20130614,17.757878592016656
S03013930_20130617,14.910115585231086
S04160300_20130617,15.129423631661824
S06094150_20130617,14.416427665000773
S06580890_20130618,20.290303681005117
S06215790_20130618,20.17798886634606
S06215850_20130618,20.05785930789388
S03132054_20130618,16.200530537944136
S06148850_20130618,16.179941416324542
S04143150_20130619,12.362128342557645
S03012310_20130619,16.510426307060914
S04143000_20130619,12.678804352618133
S06168250_20130619,13.009256881707206
S04214295_20130620,13.29329316139658
S03254770_20130621,11.17177845498507
S06180550_20130621,14.69761925804642
S06131550_20130624,15.122967179790226
S06126600_20130624,17.260568822754234
S03032675_20130624,16.22901372597746
S03231740_20130625,15.619558936270135
S04009250_20130625,18.389371672323467
S04465003_20130625,15.043914095853328
S06428800_20130625,18.033584538014928
S04016900_20130625,19.044239576826822
S06008000_20130625,16.239419712105242
S06077000_20130625,19.81842057156947
S04010350_20130625,18.719890597160163
S04060800_20130625,12.715523037886898
S04087300_20130626,15.131845328533208
S04003700_20130626,15.423931163198956
S03109935_20130626,15.133957159093828
S04066730_20130626,16.588794295705092
S06178056_20130626,12.291105446249274
S04066975_20130626,17.713975980454716
S06300005_20130626,16.614135332018257
S03037650_20130626,15.59525993911014
S06106250_20130627,17.991893224162464
S04175100_20130627,14.300123331334241
S04175450_20130627,12.804782341413071
S04040300_20130627,15.076646483119893
S04058250_20130627,13.116673119276182
S06005400_20130627,16.077653409562874
S06217470_20130627,19.409080185526243
S03093900_20130627,17.196328744507685
S04028450_20130627,20.03831753298501
S03094700_20130627,19.958438563124442
S04131300_20130627,12.66272705905054
S04044600_20130628,14.08457833520767
S04130500_20130628,12.962151169622945
S04079480_20130701,15.921373843420886
S04160250_20130701,14.381568911369847
S05053060_20130701,16.646896709669115
S03144325_20130701,15.147793269047684
S04112200_20130701,14.864781643142917
S03053710_20130702,16.44096686380822
S03165200_20130702,17.94893032457686
S05055555_20130702,20.490921337120085
S06455950_20130702,15.290509345718712
S05068475_20130702,18.970096006862676
S05055150_20130702,20.90437490162376
S05057150_20130702,20.24493361737406
S04113100_20130702,14.843858562036056
S04119160_20130702,12.662350040188723
S06580274_20130702,15.50538775139935
S03149104_20130702,15.219953214295796
S05068850_20130702,19.485802123102488
S04636007_20130702,11.448288551871293
S05071300_20130702,17.933717299758783
S05231650_20130703,13.494770754864525
S06455640_20130703,18.84098006353466
S05068369_20130703,20.388977150540345
S05068367_20130703,20.087247184121274
S05125510_20130703,15.484890693685276
S04196655_20130703,15.101782652453494
S03168035_20130704,15.28671096965845
S06456620_20130704,14.948875760166468
S05010850_20130704,13.828383036078105
S04075883_20130704,18.404577659431695
S03138390_20130704,14.052823662941949
S05145440_20130704,20.323884475274355
S05170800_20130704,18.993397478416473
S05064750_20130704,18.72276799952938
S03134000_20130704,15.00080526954055
S03136840_20130705,14.423293957836036
S03189168_20130708,13.061942327534952
S03156350_20130708,11.517995159293676
S05091090_20130708,18.380458384078445
S02115775_20130708,13.643151852132569
S04733000_20130708,11.518383639056403
S06830800_20130709,14.87544134978069
S03024294_20130709,17.61820562582884
S03032731_20130709,18.381441668948618
S05077000_20130709,14.148691022425076
S03066000_20130709,15.176602299118006
S04417004_20130709,15.347362195299775
S04415010_20130709,20.410185605994037
S04415011_20130709,17.493490412561318
S04099550_20130709,11.925445979129009
S05148200_20130709,20.164089517204776
S05075650_20130710,20.210061892763846
S03233740_20130710,17.326955055060637
S04014900_20130710,11.807428710449912
S05111000_20130710,12.736179824133565
S05111360_20130710,17.28186004068996
S02115625_20130710,19.061077672825512
S05064000_20130710,15.050056980250199
S05061950_20130710,20.051545821145428
S04153010_20130710,11.626922971779067
S05148700_20130711,19.231639736164386
S05145750_20130711,14.315096076937166
S06178010_20130711,16.87703249648834
S04097200_20130711,14.99633025467009
S04097050_20130711,15.133960161845105
S04097000_20130711,12.914408597886451
S02072700_20130711,11.425708353857178
S03146890_20130711,11.895450222110613
S06051550_20130711,10.932702570464222
S04117450_20130711,14.831796443466974
S03233700_20130711,14.778199343874789
S05053960_20130711,18.017017147575586
S05054030_20130711,17.526860160080105
S02107900_20130711,20.131535706359497
S03078110_20130711,14.783765533848733
S04074647_20130711,14.287431538564324
S05051120_20130712,15.224846164994373
S06192985_20130713,7.553649512258258
S04106800_20130715,14.555112874929256
S03134800_20130715,14.914725260246016
S05009000_20130715,13.507041405215547
S05007935_20130715,16.49505334031283
S04152500_20130715,12.74385285262955
S05018800_20130716,16.191062037063567
S03154470_20130716,14.109673845699746
S02067000_20130716,11.930292076417356
S05018150_20130716,16.1525595145976
S05018000_20130716,13.279412730282349
S05106760_20130716,15.903221858936874
S05229140_20130716,13.288145674772876
S05105800_20130716,13.214303718013342
S05015000_20130716,15.04033251150122
S05014100_20130716,15.656750307376303
S04196095_20130716,13.255313720861338
S04052520_20130716,9.22561772578742
S05228280_20130717,12.293700435047246
S05114800_20130717,14.902954948549407
S04141295_20130717,14.000138953704882
S03171880_20130717,15.19958911251721
S05010950_20130717,15.375721154075231
S04134890_20130717,14.178082296724664
S04041675_20130717,15.613356256966004
S04672001_20130717,13.212781811305467
S04671001_20130717,13.33282258682197
S04134900_20130717,13.551026917979925
S04051650_20130717,12.606737907140612
S05002500_20130717,12.68541077845089
S05004000_20130717,15.840384059667091
S04052265_20130718,12.117686845316637
S03132000_20130718,15.403963076707385
S04011700_20130718,17.695080597473478
S04012180_20130718,12.667384849297653
S04105680_20130718,14.357724058882784
S03128640_20130718,12.648730349985792
S04068927_20130719,12.262130582030625
S04195420_20130719,18.765356399173317
S04615008_20130719,14.139904782543057
S05080850_20130719,15.110918714193554
S04173200_20130722,17.268246098950627
S04107500_20130722,14.808492093824192
S03242800_20130722,12.91048090927879
S03002310_20130722,16.5826537115115
S06202860_20130722,16.447016355590524
S03194540_20130722,17.782448772504836
S05125910_20130722,13.60531407426559
S03132615_20130722,15.856251930779878
S05125990_20130722,13.553880167880838
S04214495_20130722,11.7102174941331
S06001250_20130722,12.583047091210704
S05125950_20130722,13.154803650328718
S06000980_20130723,14.854630852375765
S02043600_20130723,12.978069667894657
S04108900_20130723,14.016929692981785
S02018000_20130723,11.16044995948436
S04208350_20130723,11.267012676533362
S04132800_20130723,13.558280871984914
S06123500_20130724,15.997656458602089
S04172570_20130724,11.642120144937767
S05120095_20130724,14.759700457944335
S05120013_20130724,16.391457409465556
S06416910_20130724,15.13380448178489
S06001480_20130724,14.261003936134841
S03276988_20130724,14.730852014594147
S04016800_20130724,16.948260662794116
S04161500_20130725,11.383949182483722
S06116620_20130725,19.849608415812174
S03002100_20130725,19.32041936454347
S03276786_20130725,17.933333355031007
S04172060_20130725,11.3375158326608
S04205605_20130726,9.762587137435329
S05131200_20130729,12.117529444257917
S04092500_20130729,12.728188045232901
S03264375_20130729,14.312510904256005
S06404800_20130729,16.747098683275674
S05068030_20130729,17.415604581471285
S03039000_20130730,16.786711428434046
S05021650_20130730,15.47926870767777
S04070500_20130730,14.817240899043224
S04184195_20130730,16.804706627928077
S05022000_20130730,14.27342776449438
S05039200_20130731,15.581665239907725
S04184950_20130731,14.64445524293988
S04059350_20130731,13.019051312003068
S05053000_20130731,20.023167357823272
S03128745_20130731,11.682672617437289
S05119902_20130731,14.52938825457953
S05052000_20130731,18.430873664206633
S05031380_20130801,16.170388471257233
S05087400_20130802,16.47129258061191
S05029960_20130802,19.39624606896744
S05192008_20130805,19.77493185117271
S05097750_20130805,17.312981222017665
S04116400_20130805,11.624712094532285
S04179690_20130806,15.754160836433789
S04086550_20130806,19.8948133889701
S06175540_20130806,18.40297479621209
S04174770_20130806,13.673510859076858
S05125540_20130806,15.994889321867376
S03125000_20130806,12.749824572040161
S04076100_20130806,19.364023638356112
S04067400_20130806,15.793490716583811
S03255920_20130806,10.401336354087356
S03179000_20130807,14.02956776145426
S05027010_20130807,15.124566259515358
S05025835_20130807,12.891534975791808
S04179678_20130807,15.937095050828596
S04130000_20130807,10.722124368666421
S04115525_20130807,15.16507521786164
S03200070_20130807,16.104113965928025
S06300073_20130808,17.71470213762626
S05046700_20130808,13.697718936689114
S06462950_20130808,20.162649750482164
S06173460_20130808,17.35830507779488
S04179350_20130808,17.064500630873894
S05192320_20130808,19.96912043688129
S04073500_20130808,16.437457730813186
S05192315_20130808,19.021987886456067
S05049000_20130809,13.87480881338844
S06177000_20130809,19.8881547818686
S04207000_20130812,10.435054043739452
S04206300_20130812,10.430807018202213
S04211950_20130813,12.100243924298256
S04209995_20130813,14.422965013543426
S06209970_20130813,7.048409134816138
S05197220_20130813,15.428873448119576
S05222980_20130813,20.286507669245267
S05197100_20130814,18.20925662803717
S05207150_20130814,16.48693762012902
S03269000_20130814,12.576468272878106
S06212500_20130815,20.092130444532494
S06159550_20130819,16.37067283971824
S03006272_20130819,19.932380358546755
S06146500_20130819,16.64536077416655
S05228000_20130819,10.913024214680465
S05125860_20130820,16.681383233256952
S04166850_20130820,14.129028344215374
S04092800_20130820,18.188122421010615
S04070350_20130820,14.13152035884178
S05234025_20130820,14.881982392403817
S04051600_20130820,11.929873353570681
S02029160_20130821,19.428709418060006
S04025040_20130821,18.064149536432673
S05230200_20130821,13.850526523587902
S02028000_20130821,18.787683404492466
S04025100_20130821,15.672729054439214
S04000948_20130821,18.47743732569716
S04053800_20130821,14.551802694184268
S02045000_20130821,13.190951274515392
S02045050_20130821,10.579624963062207
S02032000_20130821,14.481430195301165
S03149906_20130822,16.743087370010628
S04148587_20130822,13.233544918242913
S03160000_20130822,17.639804267286763
S03012100_20130822,15.469999826336366
S04055810_20130822,15.543407722515477
S03128270_20130822,19.493117707749434
S03112565_20130822,15.124126959843899
S03012450_20130822,18.00466517948815
S05231900_20130822,15.213151402596235
S02041650_20130822,14.947091654481262
S05165760_20130826,15.494883137811973
S05165000_20130826,15.476577108826273
S03088800_20130826,17.525582642928786
S05134550_20130826,17.020350765719506
S04204000_20130826,9.915012656385244
S03090470_20130826,18.845630857091834
S04168210_20130826,13.372707909966293
S06189500_20130826,15.90259986478048
S05074000_20130826,15.78178367908362
S03086100_20130827,16.944415219097884
S05073100_20130827,4.807200595209784
S05025800_20130827,14.086288543355916
S03095000_20130827,18.819891796563134
S03174795_20130827,14.57967405063086
S03174712_20130827,14.660135120284426
S06190070_20130827,7.963345351235788
S04050000_20130827,7.462602761693061
S04046800_20130827,8.082363498175987
S05175800_20130827,17.60096242011204
S03018675_20130827,18.085930654966088
S03236690_20130828,15.077910840739326
S05140065_20130828,18.9785827413462
S05077700_20130828,14.663938722310283
S03094660_20130828,20.471059646026
S05096410_20130828,19.74801523723204
S05173400_20130828,18.679169963595434
S05173260_20130828,19.81009204445569
S05102030_20130828,16.829141388513236
S04172578_20130828,14.28203354248073
S04072000_20130829,14.764626458776263
S06580362_20130829,19.965949323388596
S04003645_20130830,15.471373951946761
S04146000_20130902,9.53926909533268
S03056105_20130902,16.364345890569567
S03014130_20130902,19.949061926169396
S06183900_20130902,15.25800938261804
S05150000_20130902,19.520948346403177
S06182460_20130902,18.485953892214305
S03105790_20130903,15.397400824963233
S06035500_20130903,13.574544000988968
S03085730_20130903,14.905257154037578
S03103370_20130904,16.047055973493986
S05078900_20130904,14.646622210302073
S04026950_20130904,17.72949102957597
S06180500_20130904,10.100406145337697
S03041247_20130905,15.693481931413428
S05077950_20130905,14.363937495652621
S05095100_20130905,15.330368206314825
S05095110_20130905,14.943268192833719
S06027000_20130905,15.122484664837973
S03157485_20130910,16.074253687888532
S03149900_20130910,15.66088303823493
S05183970_20130910,20.21592411408386
S04077500_20130910,17.699116715810906
S04089450_20130911,17.88124963646352
S05121000_20130911,12.451422386061896
S05180820_20130911,19.966452230842
S05180550_20130911,19.777366102293826
S05169000_20130911,19.9415659471008
S05120000_20130912,12.209033414985868
S05129070_20130912,13.655178695306278
S03128190_20130912,17.506509519605924
S04057700_20130917,16.131762322624905
S05199100_20130918,13.907999432740949
S03116600_20130918,14.764430182972111
S05210000_20130918,16.28155559661028
S04402002_20130918,14.182700532809747
S03219000_20130918,13.653392105466672
S05201060_20130919,15.593494536278287
S04027380_20130919,19.021358723931804
S03133670_20130919,15.184809337958198
S05200050_20130919,18.179378870995137
S05200115_20130919,19.873833169942476
S04108800_20130920,14.56774157961371
S05217150_20130921,18.941733574169508
S05068660_20130923,14.12817291789975
S05125500_20130923,13.192913927346522
S05235850_20130924,17.57353134405513
S05091450_20130924,14.976746199459761
S03014907_20130925,18.724338441526896
S05234005_20130927,15.83588060217153
S03182446_20130927,14.529717146074073
S04101700_20130930,16.1669060701358
S04136400_20131004,12.62310340461847
S04096665_20131004,14.74502603940747
S03133040_20131008,11.247530859477202
S03129053_20131008,15.258276239637926
S04401000_20131010,12.878611516837271
S04402000_20131011,14.099606673028674
S04027670_20131017,16.977990715958533
S04082540_20131022,14.701455258148016
S05158700_20131022,10.0863686646044
S05155300_20131023,15.912408460888782
S05155800_20131023,13.174363838119147
S05155230_20131023,14.663686511345125
S05157645_20131024,14.796017029973672
S05163290_20131024,17.146408424166943
S05225080_20131024,18.409063937163385
S05157800_20131024,13.905946338817959
S05163800_20131024,12.259244588267798
S05157680_20131024,9.133601037317757
S05158150_20131025,15.460934644512106
S04003160_20131025,15.779948238049425
S06133560_20140210,20.15721925818298
S06135600_20140210,20.14893890482659
S06150795_20140212,20.115995364469054
S06035450_20140422,14.890777974514691
S03056030_20140507,19.837606635239236
S04076420_20140512,18.203605566565223
S06190111_20140515,19.841188606788847
S03153363_20140516,16.2997019076576
S03133435_20140520,15.143743466272808
S03277420_20140520,13.416018633733803
S06095000_20140521,13.548917179883732
S06168200_20140521,11.213397096812837
S06053000_20140521,12.627262114273304
S04371007_20140522,13.019091879715504
S04167750_20140522,12.524081537427461
S06177500_20140523,18.237055015414196
S06177988_20140523,15.258112099089878
S04111000_20140526,15.461544986599247
S04205500_20140602,15.11700370342162
S04164758_20140602,15.94981723581413
S03113895_20140603,9.781431062833658
S04167815_20140603,15.271207520039356
S05142520_20140604,13.802913369909211
S06001180_20140604,14.894917307111255
S06175000_20140604,16.06474289916502
S04423000_20140604,20.290889847251872
S05144520_20140605,18.088328938575323
S05143990_20140605,17.776208298282594
S06041665_20140605,14.455336463492952
S06179200_20140605,16.754663183023865
S06190700_20140606,13.426208792224308
S04407009_20140609,18.759635396582425
S04026420_20140610,18.693387220529885
S04208350_20140610,12.026603816289462
S04011700_20140610,16.86856055351317
S04215520_20140610,12.829253153247983
S05048210_20140610,16.87155557893388
S04000300_20140610,20.070621118596414
S04150970_20140610,11.578380489918358
S05047720_20140610,14.298673894141078
S04206300_20140611,12.125317156514617
S04153200_20140611,12.707376596571413
S04205620_20140611,12.65978330618964
S04078050_20140611,19.397453245357884
S03117302_20140611,15.618814552750543
S05030700_20140611,16.14870537823374
S05176100_20140611,18.205600457210366
S06456450_20140611,14.759184284662672
S06006220_20140611,15.711427513477412
S06017000_20140611,15.371116973007608
S05046000_20140612,14.883750943609728
S05027010_20140612,14.19209842498343
S04166095_20140612,13.32538252450113
S05060000_20140612,15.032895352020876
S05061100_20140612,13.765646225769823
S04123760_20140612,14.271792459823807
S03117905_20140612,14.677539258071944
S04057200_20140613,14.258528150816515
S05134350_20140616,13.932009619247497
S05042080_20140616,15.00800725934607
S05042050_20140616,17.240462013946736
S05125410_20140616,14.801464664890855
S05055900_20140616,16.46452277054088
S04160260_20140616,13.045975480965419
S05053920_20140616,18.90203473481974
S05053100_20140616,17.796634621867597
S06035690_20140616,13.226559474410209
S04098950_20140616,11.401953881795263
S05191200_20140616,19.520484321043714
S05125255_20140616,16.253559044305025
S05068270_20140617,16.901821453086086
S05068020_20140617,18.372248805771623
S05068367_20140617,20.273406299374432
S05012550_20140617,15.172475714002985
S05042072_20140617,18.579779087050504
S05055940_20140617,16.916095795778784
S05129000_20140617,13.814103895942907
S05044300_20140617,17.25531241292032
S05042085_20140617,15.139762276031616
S06129950_20140617,14.730003423059458
S05055550_20140618,20.000853385414842
S05055150_20140618,20.517291385132815
S05119902_20140618,13.628986877670181
S05068470_20140618,16.453023175951294
S05068420_20140618,19.172893141482366
S05115000_20140618,14.687454896289633
S04021000_20140618,12.095687427749846
S05118710_20140618,15.46505576247852
S05119030_20140618,15.616282134570435
S05055105_20140618,19.80097057975214
S05054600_20140618,15.595407089334836
S05053975_20140618,17.979335175053674
S04194665_20140618,14.816127893977173
S05055000_20140618,19.61371106656289
S06128860_20140618,14.798316650109772
S06580075_20140618,15.06995479590498
S04201185_20140619,13.15738126009373
S05064000_20140619,15.230934332080238
S05114490_20140619,15.105926186688688
S05111620_20140619,14.91089102513574
S04015400_20140619,9.689741032321589
S03085651_20140619,19.02106675232048
S06053500_20140619,12.606362716535815
S05106000_20140619,14.430017524780707
S05066000_20140619,15.728621006170965
S03033038_20140620,17.087997863014074
S03033050_20140620,18.920885052877107
S05077995_20140620,15.09661358461799
S05077970_20140620,14.598526618643909
S05024994_20140623,15.439123778795983
S05072140_20140623,14.654707200480717
S06008000_20140623,17.96367826472284
S03012310_20140623,16.217009302477948
S06161400_20140623,15.050380756301193
S05118900_20140623,15.099500699589976
S04032100_20140623,13.3832577129274
S04039160_20140623,13.94114348878328
S04125450_20140623,13.101965766349633
S04196449_20140624,12.051246046561891
S04022150_20140624,17.07994723771036
S05001600_20140624,17.90648709172803
S04052590_20140624,14.064518574796649
S05000250_20140624,16.656354512111182
S04068970_20140624,12.304499609852954
S05135100_20140624,15.409701443739667
S05117530_20140624,15.943242058912732
S06440370_20140624,18.428129976106163
S05117110_20140624,14.000111377325636
S05111500_20140625,17.312459338980126
S05005950_20140625,14.84727673814676
S04190550_20140625,14.670234179269977
S05107000_20140625,12.723873933954327
S04195790_20140625,18.13803890915839
S05018950_20140625,16.439561953269244
S05111602_20140625,15.471584249454871
S05024300_20140626,17.453172863913977
S05142120_20140626,13.721231022653221
S06464800_20140626,15.679563320940517
S05141780_20140626,14.763628342482379
S05142150_20140626,14.384369112001503
S06464775_20140626,15.334681430816117
S05141800_20140626,14.574514953233694
S05142900_20140627,14.985439318162692
S05192200_20140630,17.45455793268528
S05040100_20140630,19.423043201066946
S05086280_20140630,15.785629962239037
S05039000_20140630,14.159858578134433
S05103000_20140701,18.559872755031865
S06153900_20140701,17.663757040330292
S04122300_20140701,14.920787625903582
S06413240_20140701,18.333036719418946
S04058400_20140701,14.055370728291043
S04058500_20140701,13.128316312944772
S05033520_20140701,16.966636702737976
S05033515_20140701,14.534527998612027
S05031850_20140701,15.787678522671367
S03241170_20140702,17.283931918387097
S04023000_20140702,10.180951291558184
S06003500_20140702,15.37015727459024
S03020650_20140702,15.392876213354581
S06045000_20140702,16.968287726515747
S04068440_20140702,17.267682778731356
S05022100_20140702,17.545464470950662
S05022080_20140702,14.070666906722613
S05021100_20140702,15.029465602935005
S04068550_20140703,11.493106960886234
S05088400_20140703,15.07852853684645
S05081000_20140703,12.169841612551416
S06084360_20140703,20.067915437508766
S05088450_20140703,17.70764257102265
S03156000_20140703,13.63196542423624
S03044170_20140703,15.742423768343684
S05080700_20140704,8.890564059949794
S04022150_20140704,19.32892360198836
S03133000_20140704,14.806523206196662
S06131900_20140704,11.163938935554306
S05011400_20140707,14.901142712542377
S03108647_20140707,15.690277745931914
S06166990_20140707,19.752460218868013
S04208590_20140707,11.7126141136729
S03024245_20140707,17.96327244819043
S04633009_20140708,15.504465271391242
S03003790_20140708,19.285058973738025
S04051900_20140708,14.959362778946444
S05007100_20140708,14.888678401921771
S04212200_20140708,12.4797384594409
S04146600_20140709,12.823983292412876
S04050100_20140709,13.62985575546926
S05015100_20140709,15.95649491860075
S03047445_20140710,16.45339074617635
S03151800_20140710,16.297181085125
S04150850_20140711,12.556267521688527
S06179490_20140715,19.399461567684327
S05092000_20140715,16.38969076789683
S05153000_20140715,15.85979663816242
S05154450_20140715,11.37500387190152
S05223210_20140715,18.74425529030752
S02051000_20140715,16.779766782627473
S03252500_20140716,12.480331309979638
S04082720_20140716,14.506363483683291
S05151990_20140716,14.622019727497992
S03213185_20140716,15.552485118716781
S05167010_20140716,19.773962678683546
S05168000_20140716,18.463323652324267
S05153945_20140716,13.558122994119595
S06209970_20140716,13.05834787015816
S02056200_20140716,7.786603680810518
S06052435_20140717,10.7319566557124
S05044300_20140717,17.409947808112193
S03033306_20140717,17.456183764592392
S05162520_20140717,13.503018356301723
S02066000_20140717,12.239086424064567
S04606002_20140717,13.843595696400719
S04604004_20140717,14.718740313993642
S05158160_20140717,14.876623665568967
S05158200_20140717,15.930897417813215
S04022050_20140717,13.335800937634499
S02070000_20140717,13.56909134517198
S05173450_20140717,20.07500384945171
S06053940_20140717,13.1558747163708
S05173180_20140717,19.895692412668943
S02064770_20140717,14.08835320868292
S04158990_20140718,15.587214437635618
S04417000_20140718,13.146509396987373
S05197220_20140718,20.10138844606352
S04174770_20140721,14.911287696603384
S04174760_20140721,11.7894455349202
S05173270_20140722,19.83830704192874
S02107900_20140722,20.07246809216986
S05091725_20140722,15.15665488734369
S05149520_20140722,20.03824309338947
S04173100_20140722,16.05842227083494
S03095000_20140722,19.76918650410735
S05180700_20140722,20.06664676050044
S04009350_20140723,13.306992032215183
S04524002_20140723,16.779859507501083
S04009000_20140723,12.004757075341775
S04171450_20140723,13.97214263028474
S03099445_20140723,16.24342721720486
S03007383_20140723,15.689078809100124
S03088255_20140723,19.697055057599034
S05165760_20140724,15.660158249585978
S05165250_20140724,15.148958717207183
S05165000_20140724,15.657398134173416
S05077370_20140724,19.926282969295066
S05148200_20140724,20.064769484834123
S03097552_20140724,15.389128122026543
S05148080_20140724,19.46990347267172
S05096060_20140724,16.024991928108797
S02078000_20140724,14.57619071208121
S03095300_20140724,17.088850507303107
S05077600_20140725,19.65612365487161
S06175500_20140728,17.901377574437422
S03082758_20140728,5.802248742059787
S04114100_20140729,14.879400216521704
S03140400_20140729,15.099414895124758
S05183710_20140729,20.032680614966516
S03190870_20140729,13.643642582980382
S03137570_20140729,12.51918861178029
S05145200_20140730,15.519690523783359
S03235690_20140730,15.405101239231971
S03021000_20140730,15.194662173314947
S06175540_20140730,19.767054816309468
S04600012_20140730,15.24746396412748
S04217400_20140730,19.744319211778784
S03191700_20140731,14.738418131931887
S05234017_20140731,14.525893548751455
S03233980_20140731,15.189823535114089
S04195300_20140731,13.218949355829816
S05230600_20140801,17.633237471889494
S04082390_20140801,14.819151852533759
S04411005_20140804,12.109661491597253
S03032000_20140804,15.037401807912579
S04054000_20140804,14.313603090124236
S04028400_20140805,16.89843669630174
S05099170_20140805,19.29499679080717
S03057720_20140805,12.89484571681246
S03247405_20140805,11.35290849512458
S04019350_20140805,13.328814921362705
S04179500_20140805,17.338692614973798
S04063525_20140806,13.252671127724405
S04061400_20140806,12.070711237598093
S04139100_20140806,13.224766954877806
S03189300_20140806,14.962603770023714
S03118000_20140806,13.994743908714097
S04215500_20140807,12.69025863302434
S04215600_20140807,15.335030158857437
S04146670_20140807,13.785386840457939
S04024515_20140808,14.78236462246511
S03027000_20140811,14.664777553080816
S03000100_20140812,19.66836539245818
S03254870_20140812,11.776372595586395
S03167000_20140812,15.196634522707125
S04107500_20140812,14.74316813979081
S06178010_20140813,15.503698475985619
S06170180_20140813,19.813211561201246
S05229100_20140818,14.01647513080279
S05227240_20140818,12.084215841046825
S05140000_20140818,20.122234846393678
S05229140_20140819,11.57163815839076
S03165020_20140819,15.006486319460457
S05126150_20140819,17.41894293905987
S03079850_20140819,14.160550775731958
S03271820_20140819,16.429867103187878
S04003200_20140819,18.11699883935769
S03163000_20140819,14.948643987349776
S05172900_20140820,19.96734257651451
S05197500_20140820,19.147411251858827
S04077200_20140820,17.65621425789559
S03233795_20140820,15.602793918366213
S03036710_20140820,16.188259137806753
S05151150_20140821,20.0474813062487
S05150900_20140821,19.973585151901016
S03036496_20140821,15.139449576480615
S03174712_20140821,14.751644266396982
S05219900_20140821,12.399868649742992
S04067350_20140821,14.216587608103609
S05151100_20140822,19.928181623364136
S05057150_20140825,20.07004670155744
S05055600_20140825,20.670569489298046
S04109605_20140825,15.064214924854628
S04637001_20140825,13.926956110395714
S04015160_20140826,14.564060736950276
S05096100_20140826,16.55644103418199
S06178500_20140826,14.187617487879676
S05068850_20140826,19.030460229612235
S04015100_20140826,15.120301161978459
S05069350_20140826,20.545672149619907
S04146500_20140826,12.05252089735723
S03138800_20140826,14.276312610265716
S04041675_20140826,13.609721431161613
S05126050_20140827,16.132566920770703
S04016980_20140827,18.1894652823315
S05068760_20140827,17.235114895341717
S05069250_20140827,19.445064842316327
S05068700_20140827,18.069266948144833
S04023520_20140827,14.102946609148496
S06179155_20140828,18.61477984168474
S05097900_20140829,14.820020332161242
S06710010_20140901,19.976385761129468
S04067210_20140902,14.22508123965478
S04457000_20140902,15.07405077576732
S06063450_20140902,20.017961292226442
S05101200_20140902,19.644327191325708
S04134010_20140903,13.516154841694071
S04133550_20140904,14.012033500362564
S04159100_20140904,15.848842602754543
S04102330_20140904,13.834403145096486
S04142300_20140905,11.717667709915277
S04134895_20140905,13.023596319451551
S04134800_20140905,13.245800511434654
S04087700_20140905,15.893968221112658
S04029625_20140908,18.073915738913026
S03171085_20140908,11.781236914089583
S05216140_20140909,18.7794956099708
S04182000_20140909,17.76825621247499
S04153500_20140909,13.219814778643858
S05218630_20140909,20.106604286475765
S04017000_20140910,14.239904609656712
S04119300_20140910,14.613293461268547
S05214000_20140910,17.75007983062731
S06830152_20140910,9.71897287335905
S05209500_20140910,17.576905678444387
S05202000_20140910,19.1440657082632
S04017595_20140911,12.65637796633386
S04184950_20140911,17.161524906075844
S04017620_20140911,15.32806441166484
S03202250_20140911,12.963278297811486
S04416008_20140911,11.550236550393807
S04174660_20140912,11.926536548899437
S04000850_20140912,17.43660333914876
S05204880_20140912,19.955350004362526
S04023135_20140912,11.915672561211395
S05206500_20140912,19.08639225016522
S05211930_20140913,16.561756191184845
S05207030_20140913,19.80728651403016
S05207070_20140913,20.158449390543975
S03006272_20140915,19.623482316565134
S06165190_20140915,20.234616768165612
S05068850_20140915,19.98519981442465
S02118000_20140916,15.182884886203
S04023140_20140916,13.712202623711502
S04024660_20140916,12.973901855081463
S03225062_20140917,15.456244819976376
S04066700_20140917,15.555038947499979
S03207220_20140918,14.956947808673071
S04132000_20140918,13.750751215346444
S05051500_20140919,15.387922529421898
S06067760_20140922,19.92127367838304
S05229050_20140922,14.71798882876727
S03097690_20140923,16.418516630003325
S04052300_20140923,12.798445771562744
S04052420_20140923,8.723661970544608
S03090010_20140924,15.114021034619626
S02023000_20140924,14.248480181938813
S02076180_20140924,16.118225486458844
S03276025_20140924,14.773351289595668
S06113000_20140925,14.245735956449847
S04072875_20140929,14.986695332245299
S02044000_20140930,14.001348528676868
S02097000_20140930,13.047170932137941
S04143000_20140930,13.612464979951255
S04473014_20140930,14.38873665967236
S02123000_20140930,13.827320618015074
S04103600_20141001,14.282427434209929
S02089000_20141001,14.08009349040967
S04074450_20141001,14.924936819851467
S04052800_20141002,10.711115740294254
S02115200_20141002,10.374444930915793
S02094800_20141003,14.965112828143427
S04087000_20141003,15.743378474692602
S02055500_20141003,11.61699333861034
S03148220_20141006,13.907669279359897
S05224000_20141006,11.621942348879731
S05229200_20141007,11.578351106668897
S03265996_20141008,13.83371111591159
S06212100_20141009,19.908762484778862
S04074000_20141009,14.213545185426062
S05231370_20141010,6.3323743364685345
S03250975_20141014,14.134247307131941
S03264000_20141015,14.503768452351919
S03041285_20141016,19.16781823680581
S04423004_20141020,15.749762606636159
S04103910_20141020,15.024089829698363
S04422004_20141021,17.48820160200385
S04027850_20141022,17.93873189794582
S05218250_20141023,15.452825992740342
S04096345_20141027,13.91695306534321
S04088200_20141028,15.099735173208673
S04088500_20141029,13.158209380473327
S04423001_20141029,13.52534139637251
S06178800_20141113,20.2941388488733
S06132900_20150216,19.877090157945503
S06063600_20150219,18.919264664995815
S06188740_20150421,13.34993169060725
S06048480_20150428,11.844650055912043
S06091610_20150512,15.592764378930399
S03277728_20150512,15.502804131225648
S06049010_20150518,14.168137983940223
S03154745_20150519,14.013094406431383
S03142025_20150520,9.67611192247045
S03057720_20150526,15.0858529178166
S04010250_20150526,19.360834142978106
S06196185_20150527,19.7904278796236
S04059200_20150527,14.560213112992063
S04060500_20150528,7.198554055206161
S04217400_20150528,19.4462536538468
S04162958_20150528,11.858197809374191
S06198503_20150528,20.244492012754623
S06129000_20150528,13.12527630084436
S04162300_20150528,5.673145770913409
S04009415_20150529,8.6180909973476
S04009440_20150529,9.384659785260617
S06970900_20150601,19.951056112940115
S05052100_20150601,14.630178965211922
S06076420_20150602,20.05295656158397
S04179690_20150602,12.931299851796206
S05030700_20150602,15.494462910652373
S05124940_20150602,14.229364889499962
S04052750_20150602,12.37368049366829
S06085270_20150602,18.792847861504587
S06083580_20150602,17.50649273160899
S04052600_20150602,6.218795971181644
S06580184_20150602,19.986992891462624
S05123950_20150602,12.219885587500213
S03264965_20150603,12.380177997305873
S04023130_20150603,11.47914387521353
S06084770_20150603,19.955962104447995
S04137993_20150603,13.247678322737094
S04023680_20150603,14.703348254420817
S06005695_20150604,14.451162090334872
S06069650_20150604,20.055607088113074
S05047500_20150604,16.08160698006005
S06830246_20150604,15.812190146878907
S04023350_20150605,15.131279001050208
S04199078_20150605,13.893461887183193
S04379000_20150605,12.549895023276706
S05135300_20150608,17.998823496391
S06001890_20150608,14.475521380427566
S06031200_20150608,15.523812409199119
S05138900_20150608,18.605495786531925
S05138000_20150608,18.86016023204578
S04022210_20150608,17.747407902207502
S05170800_20150608,20.079225947938205
S05025000_20150608,15.37815889452325
S05007300_20150608,15.914212441779068
S04022150_20150608,19.052691291381887
S06464775_20150609,16.14271565953093
S04116400_20150609,14.962626330477008
S05136200_20150609,20.261260724171727
S03113340_20150609,15.910626841781582
S05004230_20150609,16.52374037158885
S05176900_20150609,19.998963176282743
S05006900_20150609,15.238781029952017
S05054600_20150609,15.88675861112179
S06468000_20150609,20.203811490971404
S04030000_20150609,15.521446060306571
S02107890_20150609,19.213694600704233
S06003500_20150609,16.002295629367715
S04041100_20150609,14.581505154046269
S05178200_20150609,16.56598703383046
S06177500_20150609,17.750941787163285
S05139220_20150610,17.316157250916596
S02045350_20150610,12.912101412081418
S06426000_20150610,13.68828841348091
S04015050_20150610,15.38498982618498
S05134300_20150610,15.055610400558326
S06029100_20150610,15.275122096307486
S05020100_20150611,16.323751395034776
S05025680_20150611,13.62924159296715
S04036300_20150611,19.034012571322574
S06180500_20150611,11.926637482108847
S06439900_20150611,14.977244621917162
S03043280_20150615,17.619580745355012
S03025368_20150616,19.85639029604123
S03025440_20150616,14.87232371575997
S03093900_20150616,18.45959438969377
S03025551_20150616,15.73374797594491
S06014970_20150617,17.770504895297424
S04210020_20150617,11.636959123947662
S04210050_20150617,11.582264271988032
S04052265_20150618,11.027568911577951
S03189975_20150618,14.316802555903058
S04052650_20150618,13.975449967720985
S03193520_20150619,15.657194185081094
S05052540_20150622,19.34830520644754
S05127000_20150622,9.790485858834819
S05060400_20150622,18.850993878566122
S04153100_20150622,13.558674808646076
S03004280_20150622,17.472367064928118
S05060900_20150622,19.13859812713042
S05061950_20150622,19.544129689159707
S05061942_20150622,19.41614516765742
S05089090_20150623,18.9280735898695
S06215900_20150623,19.81125535240475
S05055940_20150623,17.325692481800225
S05058600_20150623,19.56002939532325
S05055950_20150623,19.454880854839306
S05056600_20150623,19.028183809857428
S04002530_20150623,10.788745989991689
S06070465_20150623,19.72115193097691
S05044300_20150623,18.00101789381425
S05126150_20150623,15.112999126297083
S03007023_20150623,20.07244663722468
S03008505_20150623,15.31395973109181
S03136000_20150623,14.154284164492083
S05055105_20150624,19.717378639336392
S05118000_20150624,14.995177223228728
S05116100_20150624,16.827748365847327
S05115950_20150624,15.466514516847537
S05112210_20150624,13.769075170164065
S05055555_20150624,20.37604394687767
S05055150_20150624,21.085994683688888
S04154060_20150624,12.085322708211512
S05142150_20150624,12.836363030400507
S05055550_20150624,19.893638681279857
S04022180_20150624,17.15325527961381
S03246300_20150624,18.080839997379133
S03127001_20150624,14.144408167237238
S04003340_20150624,15.614559941708325
S05036500_20150624,13.954901435281531
S03109000_20150624,14.777461015852952
S05184200_20150624,12.06660995484985
S03065050_20150624,12.420116018254397
S03047445_20150624,16.074449537577575
S03134000_20150624,15.053236979031198
S05134250_20150624,14.087318093669298
S03069000_20150624,14.873658009794491
S05051120_20150625,19.74993919534259
S06120560_20150625,19.35713531520279
S06120750_20150625,17.728266288812815
S05074500_20150625,12.744364634538279
S05074000_20150625,14.519922664596555
S03225015_20150625,14.704939812487206
S05118760_20150625,14.912401681177089
S06013100_20150625,15.123876086846465
S03237050_20150625,14.268132004930834
S06175355_20150625,15.955916876102538
S06222410_20150625,14.716397510281386
S04165225_20150625,13.428817045507898
S04068800_20150625,10.199525988745176
S03085945_20150626,16.961512743418815
S06178006_20150626,19.956922296677515
S05120015_20150629,16.13005657599187
S06070100_20150629,17.230953709503595
S06012585_20150629,20.010685005724476
S05011600_20150629,14.598626187160132
S06700020_20150629,17.468221368290767
S03032780_20150630,14.731098590509049
S05077650_20150630,15.919492216553737
S06217910_20150630,20.07081017879087
S06088800_20150630,19.926855451522698
S03129170_20150630,19.700117129529684
S06110900_20150630,20.16340266793166
S05192040_20150630,20.284034079301385
S05075800_20150630,14.44702034295943
S05008000_20150630,14.218008395405999
S04100980_20150701,13.073337541159463
S05108180_20150701,10.548538375323602
S04101400_20150701,13.368079946211807
S03039110_20150701,14.207836060222435
S03039673_20150701,15.946849930313777
S05114400_20150701,14.91969202489075
S05114500_20150701,12.9449636175811
S06181950_20150702,18.905517915007074
S03040791_20150702,15.657720653240897
S03039240_20150702,13.46313784447688
S03039130_20150702,16.63885389257701
S03036332_20150702,15.422149074716087
S03006354_20150702,20.155693998804608
S03102000_20150702,16.75654694043702
S03178319_20150702,14.865685103068708
S03172150_20150702,17.85667634645095
S03104528_20150702,15.664163588607465
S05074600_20150703,15.214952653919353
S03036630_20150703,15.32020379474122
S03034813_20150703,15.183178360696044
S05075250_20150703,16.170200338093252
S03034254_20150703,8.448980215724461
S03032550_20150703,15.932301900439603
S05075700_20150703,14.60443231481553
S03107000_20150706,16.178566387013188
S05084000_20150706,11.978731855292498
S05040100_20150706,20.263251505388258
S05041000_20150706,14.027325961349764
S05042000_20150706,14.885680419859423
S03274000_20150706,12.451572019469678
S03274420_20150707,9.487532233237076
S06041250_20150707,15.42021787199473
S04173100_20150707,15.269215972141927
S05122000_20150707,14.906548789127525
S05120085_20150707,16.290042759630644
S04216000_20150707,10.660922564634712
S04200499_20150707,9.802330263977723
S05226150_20150707,16.443945359969632
S05068020_20150707,18.65712300338959
S05222000_20150707,10.609532520053126
S05067950_20150707,19.230705316717906
S04454018_20150707,12.49417711181627
S05033380_20150707,15.479750555714045
S06013800_20150707,15.591917059049676
S06017000_20150707,6.3316233778504
S05197600_20150708,12.194016283675372
S05021500_20150708,16.725779265688345
S05021700_20150708,14.329345239994254
S05197900_20150708,16.402093987190963
S04201170_20150708,13.136154530809378
S05234000_20150708,12.93520265115367
S04201990_20150708,12.83848124482456
S03180100_20150708,15.206871162295858
S03161881_20150708,15.045480243986324
S03161695_20150708,15.225128853915136
S05068920_20150708,13.976611928274313
S04159150_20150708,15.067487531511171
S04172060_20150708,14.457472134692038
S05068371_20150708,17.797856843081878
S06178043_20150708,15.737510384299103
S05068400_20150708,19.535686676256173
S04046150_20150708,13.6318443548201
S05116050_20150709,15.281780775345839
S05232980_20150709,14.436770089078774
S04089300_20150709,15.650773289593456
S04208395_20150709,11.89576086034581
S05065500_20150709,20.15094835606236
S04090500_20150709,13.820816430214842
S05087000_20150709,14.976727390850726
S06129900_20150710,18.240325297569644
S06176680_20150710,15.518821553994764
S04153200_20150710,12.018597720377556
S04148575_20150710,13.136888339672751
S04215500_20150710,12.349060425241236
S03146715_20150710,15.797755598405939
S05135100_20150713,14.84903665663642
S05135000_20150713,15.558768133088899
S05139390_20150715,16.00118185201659
S03251190_20150715,11.325670466836735
S02020750_20150715,12.076568468170407
S02019950_20150716,14.062620095645151
S03254035_20150716,12.819042613563715
S03108890_20150716,15.461078135533269
S04119220_20150716,15.026346956029244
S05139310_20150716,17.901541317558873
S03031191_20150716,15.59889884054504
S05223130_20150716,12.200393491352795
S04070300_20150716,13.179316769550855
S05133280_20150716,19.605534438235484
S03056024_20150717,15.378546709390818
S06042000_20150717,10.330380228827469
S03105380_20150720,14.733431914522159
S05088450_20150720,16.11604952192979
S05088130_20150720,18.074142921444157
S04115900_20150720,15.060017571972551
S03114395_20150720,14.511225393745473
S06182000_20150720,17.58335542410921
S04108285_20150721,14.781176534046192
S04115760_20150721,15.34776654518087
S03018342_20150721,15.887402513104236
S05172800_20150721,19.285450279238468
S03023000_20150721,15.648872744944978
S05173150_20150721,20.07710912787278
S05173350_20150721,19.77478352056133
S04085180_20150721,15.831708357045747
S03163300_20150721,15.362825320211753
S03105946_20150721,15.175761737419176
S03164330_20150721,16.639411824274134
S03105585_20150721,6.979622963059997
S06174960_20150721,11.167043042849912
S04159250_20150721,19.648884871103352
S03256600_20150721,13.57343796169366
S02048960_20150722,19.542834150905072
S03112875_20150722,15.113927132111668
S03113040_20150722,14.734635974408125
S03168035_20150722,12.642432147420454
S05153980_20150722,15.075237980766282
S05093000_20150722,11.706219832584388
S05180295_20150722,20.000041111237746
S05051000_20150722,12.934683858768494
S04105680_20150722,13.987052383454113
S05180210_20150722,20.055422384158785
S03027549_20150722,7.795222461142075
S04570000_20150722,14.795351437618756
S05181100_20150722,19.88884034698615
S04041710_20150723,18.084378661461322
S03258850_20150723,15.874184611989554
S03115950_20150723,14.865682366612157
S05101600_20150723,15.927342184782688
S05101000_20150723,18.422690459467134
S05181900_20150723,19.98951226977861
S02065090_20150723,15.976828682464497
S05182200_20150723,20.219745619095285
S05176000_20150724,15.514478972801076
S06041700_20150724,11.913592455705404
S03016840_20150727,16.140586083563853
S05098000_20150727,17.911061083187345
S03029798_20150727,15.20680492217488
S03177760_20150727,15.300277257328675
S06175540_20150728,20.040685675219994
S03175000_20150728,15.209666808361384
S06580871_20150728,18.657241843919493
S05096805_20150728,17.277438163846014
S04016650_20150728,15.051930209164425
S05096480_20150729,16.328206443707035
S03212090_20150729,15.909561719346536
S03029500_20150729,15.802715552635688
S03210572_20150730,14.567668720970783
S06179700_20150730,12.939295200694945
S04037300_20150730,14.05966719135686
S04045900_20150730,11.362053375663791
S06830142_20150803,16.590870078176266
S04082340_20150803,14.114671573761639
S06139405_20150803,17.39629808589612
S06139700_20150803,15.323955811425325
S04082375_20150803,14.660988214861618
S06139400_20150803,16.465520580258566
S05236000_20150804,20.06072076739128
S05145410_20150804,19.885031752968864
S04426029_20150804,9.500010466975404
S05234290_20150804,18.2763175628724
S04082800_20150804,13.541465895565484
S06710010_20150804,20.337820133787183
S05235850_20150804,19.280930969318458
S04057700_20150804,11.828254559916806
S04124875_20150804,11.840953673448336
S05152550_20150804,15.144664604462607
S04127970_20150805,14.573586015165748
S06089175_20150805,16.84228192036367
S05236100_20150805,18.91687598766179
S06710110_20150805,18.123172573280915
S05145200_20150805,14.713844923197167
S03213505_20150805,15.630357297404483
S05145750_20150805,15.438493451971047
S05175200_20150806,16.426731792587656
S06068400_20150806,18.585582525231104
S05142520_20150806,15.848642266326186
S05143000_20150806,16.14855134777347
S03213230_20150806,15.200365945884403
S03216130_20150806,14.714451484606556
S04127000_20150806,14.573221839843306
S04077000_20150806,18.587819409650802
S05234028_20150806,19.570923487983166
S03216180_20150806,15.260638047006712
S05234012_20150806,16.58412544502092
S03216150_20150806,17.16645895485305
S05234015_20150806,19.77406786793381
S06455150_20150807,17.90862074445132
S05234287_20150807,13.4598511594114
S06460650_20150810,12.360712948979453
S03002100_20150810,19.88626174783566
S04195680_20150810,15.300914817870531
S03221560_20150810,15.07055392287058
S05191000_20150811,16.73414860375252
S02000010_20150811,13.074174209109458
S04164550_20150811,17.985667700221146
S05158170_20150811,15.145408935459692
S03221860_20150811,17.016235689127797
S04134700_20150812,16.19968872956386
S05157680_20150812,14.291016056633826
S05164000_20150813,15.527013313722335
S05165850_20150813,16.04882775028958
S02094700_20150813,14.85106282726112
S05234004_20150813,15.059378229944702
S06580075_20150813,12.81768142276557
S02058000_20150815,13.916000083572385
S02076800_20150817,12.176014159177925
S02106410_20150818,14.46682527457596
S03071080_20150818,14.038912115081716
S02118300_20150818,14.729883847789923
S02046000_20150818,13.621614443811437
S06081990_20150819,16.1170837535865
S04051400_20150819,16.991380699420485
S05154250_20150819,9.427533996901602
S03109660_20150820,13.26396945280077
S02059800_20150820,14.938785397605
S05079100_20150820,8.90726767703639
S02106230_20150821,14.933373129356589
S02041230_20150822,14.369013245732184
S05151150_20150824,20.057319985217678
S04074790_20150824,14.217832726703092
S05177600_20150824,19.44539017622136
S05230020_20150825,14.235391293824208
S06205960_20150825,8.328397331295069
S06205955_20150825,17.672726136021712
S06113285_20150825,19.978223037203733
S05151100_20150825,20.032901035580327
S05149520_20150825,19.89915161552292
S05148200_20150825,20.115821842530483
S06173550_20150826,19.562112403243606
S06113320_20150827,19.89181410028612
S06113360_20150827,19.836968630206876
S06113370_20150827,15.3007064587092
S06175345_20150827,19.912216776757766
S05145650_20150827,18.5655466356251
S05145600_20150827,17.817952243406275
S05230600_20150827,16.374456523565126
S06180800_20150828,12.629891352541103
S06179999_20150828,17.541273763455735
S05221600_20150828,12.984305968953176
S05083586_20150831,14.70026530351
S05150900_20150831,19.62238681390739
S05191200_20150901,18.063594248616056
S04550001_20150902,18.638193185117498
S03149158_20150903,14.943548227437548
S04075882_20150903,18.063559627969628
S06128860_20150904,18.174715136273512
S06079161_20150907,20.025697965107035
S06149500_20150907,19.139372637507904
S03201260_20150907,16.42044927999982
S06079170_20150907,19.93105649333871
S04079820_20150908,15.661175315099948
S05095170_20150908,15.052771164620596
S04110000_20150909,14.605286151901238
S06076442_20150909,19.265414247130536
S06076760_20150909,19.56087115741941
S06710036_20150909,15.417520754518646
S04403005_20150909,16.33915530201742
S03219030_20150910,15.728848601039624
S06126600_20150910,14.265149169170114
S04000850_20150910,16.659731945217963
S04114500_20150910,15.24976249856641
S06131550_20150911,12.648534048257652
S03014000_20150914,13.043956988668373
S03264250_20150914,14.205162396870252
S04067700_20150915,16.423903414250255
S04201550_20150915,10.801768177145128
S04171400_20150915,13.483888527040621
S04092000_20150916,15.944561307250227
S04117450_20150916,15.27383657905239
S04096645_20150916,14.777980538407718
S04085500_20150917,14.550605962986225
S04064000_20150918,11.248545573429539
S04027290_20150921,19.43392140689977
S03219263_20150921,14.906835019111913
S03219420_20150922,14.90963284288042
S04030025_20150922,16.884603636563504
S03222327_20150922,15.53390239473072
S03219550_20150923,13.82206940293391
S04027610_20150923,12.173994769746368
S03182415_20150924,13.293044561879356
S05163290_20150925,14.582996373732698
S04630007_20150928,19.85106865392626
S03024840_20150928,18.790785989136698
S04631005_20150928,14.005129658993884
S05217310_20150928,20.019636403918348
S03027697_20150929,14.376028611804335
S05218450_20150929,20.044164933066078
S05218620_20150929,20.048806819913313
S05218700_20150929,20.21488642004654
S04173130_20150929,13.173906461291919
S03199200_20150929,16.174100496354388
S05216135_20150929,20.110085000137886
S04178750_20150930,14.77550812358826
S03242520_20150930,14.15308738473354
S03056740_20150930,15.60177617016825
S04036500_20151001,8.967421246726794
S05199600_20151001,16.4398213708927
S03073000_20151001,13.790813074259102
S03071550_20151001,13.799650289551536
S05063900_20151002,14.921450396410329
S04135000_20151002,7.384308965162938
S05211650_20151002,19.201394569481014
S05057150_20151007,20.591561160398104
S05068850_20151007,19.09001180037846
S05055600_20151007,20.381537729686933
S05069400_20151008,13.277399056064429
S05069900_20151008,18.13547847969255
S04082000_20151014,18.340305070108684
S04003353_20151016,16.248758912484927
S03233896_20151020,12.274290079264727
S05162624_20151109,14.986393098665907
S06150820_20160420,13.012389550002005
S06820240_20160521,15.436380865759647
S04374005_20160524,14.751875512783913
S03098845_20160524,18.2268219581121
S04143700_20160526,12.113112248050985
S05236950_20160527,18.798548089635876
S06194000_20160531,10.785225590443744
S03264560_20160531,14.466471818786674
S03257800_20160602,9.981501387476715
S06117850_20160606,13.31372976821461
S06580318_20160606,14.49431727961693
S04217100_20160606,15.265744451541039
S06300046_20160606,20.11129227876488
S03270390_20160608,15.723258129519174
S06580300_20160613,20.149912831731164
S03243000_20160614,7.911134956715024
S05170800_20160614,20.228533298210195
S06155975_20160615,20.313592893195523
S05176100_20160615,19.563912748030795
S03247160_20160615,13.133305064048292
S04160070_20160616,15.651360022512689
S03215193_20160617,16.828136177649316
S06190700_20160620,9.971240093727562
S06700070_20160620,19.903765336980797
S04217400_20160621,19.7394973018193
S04377001_20160621,18.701027961408588
S06213400_20160621,16.28864526294438
S06177988_20160621,15.295001043921387
S04034650_20160621,5.061606064735516
S06217465_20160621,18.51307076638071
S05000250_20160621,13.806642232120662
S05001600_20160621,15.571953573740071
S05145410_20160622,19.9409500638544
S05145440_20160622,20.095846024509548
S06700260_20160622,20.04809170865208
S05012700_20160622,19.252687589832963
S06222195_20160622,20.12776764624087
S04010410_20160622,15.419710042979
S05004230_20160622,15.937399595547777
S04137900_20160622,12.810060788362016
S06820073_20160623,20.027383286667142
S06217000_20160623,19.87575315414967
S06213310_20160623,15.05805453678571
S05020000_20160623,14.94821107635373
S05022450_20160623,16.898467932377432
S06820138_20160623,19.93875827372781
S05020990_20160623,15.722703308010153
S05108100_20160624,15.439138725525344
S05007920_20160624,16.32062043126387
S05013200_20160624,14.564827076385033
S05119030_20160627,15.136724794832126
S05061950_20160627,20.595503099709887
S05120143_20160628,19.754353410212
S05119105_20160628,16.457207466861025
S05119056_20160628,15.829809063357324
S06579000_20160628,17.674145711365025
S06148850_20160628,15.572191097720355
S05089090_20160628,19.576427454066373
S06960950_20160629,19.93282924199224
S05061240_20160629,16.91298195025041
S06119000_20160629,16.65641893145769
S05051500_20160630,15.033905609580845
S04196300_20160630,16.850805039821214
S05133280_20160630,19.500556192814795
S04099400_20160630,13.578400345164495
S06181210_20160630,18.16804268206539
S06178006_20160630,18.753393820535383
S05227000_20160630,13.565989634798472
S06189500_20160630,17.325365710916774
S06129550_20160630,14.916154011414404
S06193500_20160701,8.707527045141298
S05120085_20160701,15.186275446932132
S05019940_20160701,15.00264375586633
S04100980_20160701,13.353755035492657
S04164200_20160704,14.245709740293998
S04126800_20160704,13.899117702690825
S04163465_20160704,14.725623531793527
S05139215_20160704,17.403210526864193
S05148020_20160704,20.044919876436158
S05111530_20160705,15.16192198373077
S06181150_20160705,11.060025467992872
S05061400_20160705,16.066027636067133
S06116620_20160705,20.156276764113226
S05176090_20160705,16.651066316874733
S05061945_20160705,16.547889895861708
S05149520_20160705,20.032828642288074
S03219450_20160705,14.64984710892844
S03223200_20160705,14.753950906611587
S03222327_20160705,15.592281998127836
S05149000_20160705,20.247494031932227
S03222275_20160705,13.05079975031537
S05021900_20160706,14.509420144120401
S03085929_20160706,16.435386780705493
S03222228_20160706,13.692466451091457
S03222135_20160706,14.093094254056258
S06110900_20160706,20.09298729543505
S05176900_20160706,18.10521942984476
S05143200_20160706,20.169511393369906
S05074840_20160706,20.08027564114604
S04136600_20160706,12.310415740780032
S05080960_20160706,15.287028637443555
S05148700_20160706,19.702078133814215
S05091760_20160707,19.38166193752479
S05061950_20160707,19.896551878124612
S04075882_20160707,18.792013700358474
S03013740_20160707,15.531227874220182
S05076600_20160707,16.3250667375082
S05178200_20160707,16.124635167565103
S04338000_20160707,16.96988144140136
S04210020_20160707,12.788739576647908
S03233896_20160707,13.299548661782982
S06176680_20160707,15.754406925810713
S03221860_20160707,15.926639752753815
S04416011_20160707,12.33520150987911
S03223240_20160707,10.208461228643511
S05080742_20160708,15.139763447881972
S05075200_20160708,15.447314159358017
S04215195_20160708,13.07203519091436
S06177956_20160708,10.778806759848752
S04213000_20160708,10.761905910402529
S03056260_20160711,14.322858189267269
S06193660_20160711,13.404628442825553
S06054265_20160711,11.547016575094068
S06464775_20160712,17.569315366093548
S04134890_20160712,13.233151340394878
S04173083_20160712,16.96383566899661
S04133000_20160712,13.443243865399142
S03085730_20160712,14.79020419299314
S04322000_20160712,18.43993530944494
S05128020_20160712,13.425304122510607
S05223210_20160712,16.636343275387333
S05233500_20160712,10.27748513698426
S05234000_20160712,12.387426242738417
S05125780_20160713,18.40123993493256
S03194415_20160713,12.992280658092014
S04636002_20160713,12.355409843710998
S04043100_20160713,13.365576067898692
S05197500_20160715,14.750903015094103
S05197900_20160715,17.66278604060136
S02082330_20160718,14.147540009312959
S02082710_20160718,15.600076639776567
S05022000_20160718,14.347339534408201
S05021500_20160718,17.11200630064344
S05011710_20160718,16.014783859742447
S05167950_20160718,20.17245792880795
S02057350_20160719,14.608245722350677
S02007000_20160719,11.420888046023283
S05024000_20160719,13.94108912803658
S05024180_20160719,13.486329231605021
S02057250_20160719,13.187865886592142
S05172800_20160719,18.054171668469827
S03195417_20160719,10.153955613565042
S02007300_20160719,15.345983620527859
S02000011_20160719,13.995835607540734
S04115580_20160719,14.104797601928023
S02021000_20160719,14.413558810410137
S02054500_20160719,18.444854717858057
S02021700_20160719,14.820249920483802
S02054300_20160719,13.367008347365175
S02054100_20160719,18.08150477057041
S02011000_20160719,14.069248519019618
S04044400_20160719,14.504303121876244
S05077600_20160719,20.271766931342615
S02054000_20160719,18.54118714579329
S05077970_20160719,12.69334112639341
S04074200_20160719,15.100806670063148
S02018500_20160719,12.528277391924703
S04070215_20160719,14.88285861343473
S02010000_20160719,14.744336648100397
S05091520_20160719,17.223260934824236
S06002081_20160719,13.251148090603989
S02054550_20160719,10.229916650074156
S06172930_20160719,20.096747150690124
S02051820_20160720,17.59066266981204
S02051600_20160720,13.862191746283807
S06580601_20160720,13.882432477387182
S02067000_20160720,12.646538721671096
S02051000_20160720,17.160369814567176
S03033306_20160720,18.329596886164076
S02024000_20160720,16.186772398950584
S05005605_20160720,13.895857257767737
S02022000_20160720,14.347587358486246
S04143500_20160720,12.418222491314468
S02001000_20160720,8.768186603110468
S02001025_20160720,16.151552973118147
S02020000_20160720,13.416996061409119
S02019500_20160720,16.123117227040066
S05218850_20160720,13.804931218115916
S02052000_20160720,17.867790637674908
S03051395_20160720,12.507958342159748
S02004000_20160720,14.149524788531728
S05180700_20160720,19.866736265266933
S02005700_20160720,11.794987968049847
S02052500_20160720,19.082264626883692
S05230200_20160720,13.883648589184498
S05068850_20160721,19.87047235046244
S04543001_20160721,14.682732546448234
S06491950_20160721,17.490115392902588
S03197000_20160721,14.15644723255133
S06106935_20160721,19.588052952965242
S02064000_20160721,14.477134367043957
S02064770_20160721,15.496171711722488
S02003200_20160721,7.517065041838463
S02003100_20160721,9.453718176911275
S05014100_20160721,19.169495575069206
S02019000_20160721,16.214888192326708
S02001895_20160721,12.9307760353768
S02063000_20160721,15.517666695152387
S05013700_20160721,15.749652259136711
S02061970_20160721,17.928072063230232
S02018000_20160721,9.989255900222304
S02003800_20160721,13.815271867460407
S02013000_20160721,12.412805167028027
S02061500_20160721,18.988976039483507
S05007900_20160721,15.29016192579947
S05012000_20160721,15.510545774583314
S03033273_20160721,15.903034465139843
S02049500_20160722,15.904789167556002
S05011500_20160722,15.391988841449551
S02003350_20160722,9.06010487318127
S02003400_20160722,5.498326799749931
S02016050_20160722,18.5507245224478
S02009000_20160722,16.87553502597921
S02001750_20160722,14.875295358531265
S03198750_20160722,14.834496871005731
S02049900_20160722,16.38460038262252
S04426012_20160722,15.794210867744253
S02050000_20160722,14.53583451666959
S04108530_20160725,14.085858872483655
S05047000_20160725,13.918741745610072
S05047200_20160725,16.4050579172716
S02115625_20160726,15.821043255707474
S04025040_20160726,19.259609482160357
S02078900_20160726,15.64140841125362
S02085600_20160726,11.771872333651928
S02077200_20160726,15.716093772275602
S02078000_20160726,14.626438739433741
S06044900_20160726,12.625584974503871
S05163860_20160726,12.693559809316755
S05099150_20160726,16.909637380977003
S05099170_20160726,19.396976180474137
S06580640_20160726,13.402365647369482
S05125700_20160726,14.62036668979107
S02085325_20160727,13.313522853565187
S04128050_20160727,8.574334744560325
S04090000_20160727,14.78177035866081
S02060750_20160727,12.478698499317233
S02060500_20160727,13.317374618109358
S04123800_20160727,11.630563849854898
S05125280_20160727,12.257434946665981
S02112000_20160727,15.707810975290796
S02111000_20160727,15.442206964171682
S06494200_20160727,19.938978596630186
S05139000_20160727,19.947984240247212
S03034720_20160727,15.740152940592548
S02076800_20160727,13.015570704103459
S02076180_20160727,12.63262511705497
S02107900_20160727,19.88927528900189
S02107890_20160727,17.365239228035698
S05230020_20160727,14.42155736066788
S03189652_20160727,12.578599334473727
S03189675_20160727,12.580006969014539
S02106900_20160728,14.695766457699765
S02018780_20160728,19.532974464376714
S02106750_20160728,12.099111135471057
S02115675_20160728,14.506449104049155
S02107000_20160728,15.012804615035435
S05093750_20160728,14.933335907349601
S04406006_20160728,16.30040231740321
S02086500_20160728,18.904646588938668
S02089000_20160728,14.318338098042412
S02088000_20160728,12.638830531225201
S02106600_20160729,13.943433363025651
S04139050_20160729,10.631627413722015
S02084000_20160729,13.850884859795766
S02082900_20160729,14.589794870039027
S04131200_20160729,13.92342866109011
S02092000_20160729,11.045549370237637
S02089900_20160729,10.42289324702783
S05093550_20160729,8.69278810739365
S06209945_20160801,15.211203812824527
S05044310_20160801,15.510441210382615
S05044300_20160801,15.531334553447815
S06076420_20160801,19.316938386556306
S05057050_20160801,19.820277272952772
S05056850_20160801,16.652915122490022
S06150795_20160801,19.961735968337944
S04475002_20160802,15.344380615009745
S05222000_20160802,12.208281964558262
S04194500_20160802,16.284996875388835
S05054030_20160802,17.118722855262803
S05054020_20160802,19.57984562885043
S06154000_20160802,12.981871437078375
S04217445_20160802,19.77888618176121
S02004300_20160803,18.993094198261904
S05053060_20160803,14.982710967281028
S05054200_20160803,17.187879846576955
S05054600_20160803,14.38975355667213
S02048960_20160803,19.707433077446456
S02049000_20160803,17.950466444330814
S02048980_20160803,19.758661825277557
S05192063_20160804,17.295869291566508
S05183862_20160804,19.670360719922304
S05053920_20160804,18.96705833552195
S05055000_20160804,18.869260130569653
S04175100_20160805,12.388190996685976
S05086270_20160805,15.241387222569564
S03134790_20160806,16.34645849977103
S03133140_20160808,14.180294089571758
S05106820_20160808,16.866257194883236
S06104000_20160808,11.742874223713068
S05096085_20160809,16.92256727675047
S06581665_20160809,16.560971891377758
S06820164_20160809,20.023399121443813
S04040400_20160809,13.87138170722196
S03132615_20160809,15.114291567554265
S05033510_20160809,15.721799402545216
S06149500_20160809,15.165248071339708
S05137000_20160809,16.397051380135178
S02095600_20160809,12.891038015942998
S05116650_20160809,15.115670812262648
S02057760_20160809,14.623125664010123
S02057600_20160809,14.780429049676536
S02057557_20160809,15.005885946635688
S02057525_20160809,14.477919220963205
S02059500_20160810,13.199889797596901
S02072700_20160810,11.249807310246965
S06147650_20160810,18.389475626742755
S06147840_20160810,19.852838246298585
S05054020_20160810,19.474064816184097
S02095500_20160810,13.168321684858304
S02056200_20160810,6.577805454567729
S02096000_20160810,13.01203382996895
S02057000_20160810,12.710126778444032
S02094979_20160810,19.45934787417781
S02094973_20160810,19.87838084859819
S05099120_20160810,18.492809793651798
S05134550_20160810,18.702746474991308
S02055500_20160810,13.440452210542544
S02055580_20160810,13.674655835100953
S04068990_20160810,13.044676988815368
S02094970_20160810,16.557395734368978
S06580839_20160811,20.137471124103854
S02074000_20160811,12.995635982901804
S02068500_20160811,11.707548093272575
S02070900_20160811,15.890074161233441
S02070250_20160811,9.537192736204862
S02070000_20160811,11.69028893784034
S02069100_20160811,11.373250837921411
S02071050_20160811,12.641189126738743
S02072400_20160811,11.417021906453078
S06540210_20160811,19.548587168326865
S02068800_20160811,10.835171523054559
S04013000_20160811,10.830242097815102
S04172030_20160811,13.381263678467336
S05133100_20160811,19.18430868047301
S02096500_20160811,14.975816506759132
S02096750_20160811,17.595265716868337
S02096900_20160811,13.936956096184112
S02097000_20160811,12.801079793539207
S02098200_20160811,14.237324281847789
S02098800_20160811,13.363311917281873
S02098900_20160811,15.0048731917676
S02099500_20160811,12.96673474515465
S03118300_20160811,14.519734641989583
S02067150_20160811,14.846976641106572
S04096105_20160811,16.133805302760948
S02067400_20160812,14.940751308064751
S05220950_20160812,14.288712743693402
S03194080_20160812,15.02953677613022
S02067600_20160812,10.80072469182755
S02065500_20160812,17.957410771778488
S06172100_20160812,8.635788405927354
S02066000_20160812,13.475652411641784
S06123100_20160812,15.342787426237289
S03209000_20160816,15.404604953169864
S05192014_20160816,16.931582444807336
S04028500_20160816,15.444526297720685
S05069245_20160816,18.986653541209066
S05150900_20160816,20.0931366662133
S02082000_20160816,14.1852149776508
S02104000_20160816,12.780173350882297
S02104400_20160816,14.653546924423335
S02112150_20160817,17.014837181266575
S02056020_20160817,14.580542479349324
S02081000_20160817,13.240333813913612
S02041000_20160817,11.282192346967705
S05069230_20160817,20.183095377381793
S06092000_20160817,16.87437968165705
S02081100_20160817,14.936367532119698
S06139500_20160817,17.350412125641387
S02081300_20160817,13.496809229125375
S02041950_20160817,12.74119291545181
S06078560_20160817,16.48410470350705
S04187500_20160817,17.249415166439707
S02042000_20160817,14.001194078050775
S04187600_20160817,19.417349074901484
S02107845_20160817,16.06974793680309
S03207285_20160817,15.884821155749918
S02060100_20160817,19.90002797171676
S02070750_20160817,13.37790291264124
S05075650_20160817,19.254521869530386
S05055940_20160817,15.449401570901978
S05151150_20160817,20.024537126101425
S02058000_20160817,13.895296015420547
S05151100_20160818,19.933093577733157
S05055950_20160818,15.844324307473487
S03176470_20160818,14.458713016271503
S06076650_20160818,15.709773727387896
S05069310_20160818,18.40809921399009
S04065800_20160818,19.75636899286617
S03207335_20160818,14.859989887012663
S05148200_20160818,20.133183101945097
S02043450_20160818,11.485232767725417
S02043500_20160818,14.154010482954948
S02043600_20160818,13.920285274609983
S05069400_20160819,15.528697408633352
S05234030_20160819,19.502221634037866
S05071300_20160819,18.030903284287405
S03129380_20160819,12.542888732246752
S02042900_20160819,14.252878834433798
S03177889_20160819,15.081177425102306
S02045050_20160822,14.391561298385938
S02030200_20160822,14.149954496082527
S05068655_20160822,19.685397107093355
S03149104_20160822,11.894869338857568
S06135350_20160822,19.322957722063975
S05068485_20160823,20.714561728402835
S02028500_20160823,14.21926020780686
S02038000_20160823,13.56055465103976
S02042500_20160823,13.281739154728358
S03101140_20160823,15.995403797010487
S06070465_20160823,19.687437414836605
S04026420_20160823,19.137818895069493
S02045000_20160823,9.662689092561667
S04173370_20160823,13.15397403345796
S02044000_20160823,13.549299264884512
S02001700_20160823,14.470816273815416
S02026500_20160823,15.055752888434816
S02029160_20160824,16.90463191633106
S05068660_20160824,16.590257881026297
S02028000_20160824,17.62675855287707
S02041650_20160824,14.406188335251835
S02041750_20160824,11.005703915229777
S04190750_20160824,13.264989964592267
S02041575_20160824,13.803264121115372
S02037500_20160824,14.613356231478301
S02107400_20160824,16.66363177400132
S04053800_20160824,14.689890188205851
S05069220_20160824,19.6676985124733
S05068890_20160824,18.410897558276112
S05068850_20160824,19.55180847004114
S04168990_20160824,15.250023774931424
S05057098_20160824,18.176719132784342
S05057150_20160824,19.917144362712214
S02045200_20160824,13.281406640966729
S06063600_20160824,15.718365122084531
S02045350_20160824,13.720767305003069
S02045170_20160824,15.02940586793849
S02045160_20160824,12.478721343217124
S02025700_20160825,19.699321967148258
S02022730_20160825,13.036119890089683
S02023000_20160825,13.818670425671666
S05055150_20160825,19.70367123689641
S05055600_20160825,20.18530746963235
S02025500_20160825,13.555260583714512
S05055550_20160825,19.922650087117187
S04096430_20160825,14.760159032091691
S02043780_20160825,14.62210292039142
S05068640_20160825,17.306786009494854
S02045283_20160825,13.160970597965559
S05069400_20160825,12.757169038219631
S02000010_20160825,14.406092314643704
S02036250_20160825,13.284039995258453
S02001200_20160825,15.555345542791237
S02001715_20160825,15.308093911219654
S02001717_20160825,15.899404528196118
S02032800_20160825,13.817062802886737
S06002013_20160825,16.44251994113869
S03103440_20160825,18.90422662649267
S06177965_20160826,17.016361523071026
S02046000_20160826,13.90191964715312
S02047000_20160826,14.84202938701849
S02022700_20160826,14.333032186140066
S02036000_20160826,12.543565449309488
S02001050_20160826,15.155552247300834
S02001500_20160826,16.96314868066379
S05117430_20160829,15.728850407342799
S05117530_20160829,16.705919517410347
S02001725_20160829,15.91593562420892
S02122200_20160830,20.122792876509344
S05158200_20160830,14.988140741432339
S02116570_20160830,17.036381158164257
S02120400_20160830,11.707967231626881
S02118750_20160830,14.631843610724705
S02029000_20160830,12.252194488150417
S02030500_20160830,11.906168921567916
S02037000_20160830,14.306765151635153
S04053000_20160830,16.446228431746686
S05234280_20160830,16.65149548833989
S02045500_20160830,13.875921349156583
S02115725_20160830,16.699669747579108
S06140010_20160830,20.00752395807506
S02094950_20160830,10.6654916719963
S02115650_20160830,14.42379425462604
S02113000_20160831,14.835422354739935
S03245840_20160831,15.102124072029405
S02114500_20160831,15.689950878280433
S03105918_20160831,15.03512390998089
S02094800_20160831,14.943132457010398
S02094900_20160831,12.80378185008834
S02027000_20160831,14.55662841841302
S02117000_20160831,14.724546557869367
S05163800_20160831,11.40855005133657
S02094500_20160831,14.3496635566035
S02094700_20160831,14.160132186921075
S02093600_20160901,14.746904458693308
S02094000_20160901,15.16109292120793
S05108000_20160901,12.197119185531808
S06175517_20160901,20.121429549394406
S02093100_20160901,13.211265090318873
S04056000_20160901,17.14922581539296
S02105000_20160901,14.286124439538527
S02106430_20160901,14.991129226266347
S05068410_20160901,19.40730335521372
S05031000_20160901,17.408311834207314
S02065280_20160901,16.159608882772506
S02031650_20160901,15.457749433653914
S05154400_20160901,15.709119771653455
S02031400_20160901,14.541177505349687
S02115820_20160901,16.590413243374275
S02115762_20160901,16.486959131553657
S02115750_20160901,14.765665699309073
S05052540_20160901,16.741813233100817
S02065090_20160901,16.1427132250187
S05234025_20160901,15.24415301845358
S05068420_20160901,18.5132140361721
S02106410_20160901,14.86461053048161
S04125400_20160902,12.076224312787007
S02067800_20160902,13.125917920093881
S02082350_20160902,14.884904526557946
S05053010_20160902,18.71680887629224
S02079000_20160902,12.252010810994866
S05167008_20160905,16.000648649607307
S05166900_20160905,14.286576421351203
S05074710_20160906,14.472946286244303
S05199600_20160906,17.748516554233973
S03127001_20160906,13.60018417128927
S03075860_20160907,14.073394515172659
S06003000_20160907,20.010020513125188
S06000998_20160907,12.701459065090937
S06000997_20160907,15.471143555352993
S05111360_20160907,17.07043311615629
S06098000_20160907,14.083383952204809
S06580965_20160908,19.946204355670037
S05199800_20160908,16.810135948294345
S04119750_20160908,14.85071751891962
S05150400_20160908,18.23007300321915
S03122008_20160908,13.837860347771555
S03128935_20160908,14.670374800539125
S04031000_20160908,13.762190557950127
S03011175_20160908,14.189021505883026
S03008267_20160909,16.137025075930673
S05096445_20160912,17.854687462329245
S06212400_20160913,20.564453109484162
S03114000_20160913,12.9930804760863
S05027010_20160913,13.719970659214521
S05217350_20160913,20.170000044246216
S05202150_20160913,12.116423648492168
S05179000_20160913,16.7557822401458
S05035200_20160914,17.63634536491032
S04076100_20160914,20.455158374141327
S05211500_20160914,15.027955016686958
S06580616_20160914,19.264651349014525
S05211550_20160914,16.75341981058007
S05234026_20160914,14.605566675422581
S05221600_20160914,14.591175084122437
S05061229_20160914,13.708829254833496
S03032695_20160915,17.660801262004792
S05207000_20160915,19.893326719836097
S06004995_20160915,15.407392291725301
S06016000_20160916,12.379261223692014
S03022000_20160916,19.828552195252808
S03105946_20160919,15.50815744103694
S03105125_20160919,16.299370447848336
S04074300_20160919,13.973237653511589
S02058990_20160920,18.034588614536787
S04070211_20160920,15.342806175593172
S03112710_20160920,15.393569215026915
S02057520_20160920,14.522507204842045
S05167550_20160920,15.029596576512104
S03105902_20160920,16.01758968735959
S05137090_20160920,20.139326009987425
S02057400_20160920,14.710802729183357
S05137050_20160920,19.57000659690153
S06070800_20160921,15.359206691134675
S05200115_20160921,16.60631088262256
S05203058_20160922,19.917305685747618
S04087700_20160922,17.06840386028826
S05178000_20160923,20.045898584365805
S03115915_20160923,14.883621437099471
S05006200_20160923,15.840973988998199
S03277563_20160923,17.836677462177562
S03219000_20160923,14.47174419397901
S03150000_20160924,14.752814855030945
S03277173_20160924,15.181889705666826
S05063000_20160926,18.56270818708071
S05151975_20160926,15.04545294635457
S06820350_20160926,11.863999384049869
S05061050_20160926,19.50483741026057
S06097000_20160926,9.818090130724924
S06462700_20160927,19.948198204868426
S05058922_20160927,16.820465886811387
S05183930_20160927,18.206461922218455
S05068020_20160927,18.12231138473735
S05153942_20160927,15.06090096295327
S05155300_20160927,17.54814552006197
S05068355_20160927,18.72607898263955
S04124985_20160928,14.223761332793474
S03000456_20160928,16.850706046139422
S06052930_20160928,15.280864021849743
S05144520_20160928,16.680625351764718
S05218700_20160928,20.144831516349573
S06457310_20160928,12.015467428811448
S03153000_20160929,14.77134991955942
S06471450_20160929,11.126463131056788
S06091600_20160930,18.027617732472518
S05181200_20161003,19.660864765841648
S04473009_20161003,15.277677039109154
S05165250_20161003,15.160987784911168
S05114910_20161004,13.80025172765127
S05180900_20161004,16.31289479751566
S05180850_20161005,20.053837084025254
S05180820_20161005,19.9407544722175
S06110110_20161005,14.47705602693325
S05218450_20161006,19.957577137277177
S04422006_20161006,15.685610392120527
S05235850_20161007,19.3194679615239
S05218700_20161007,20.537892119023372
S04003160_20161012,17.364875120831886
S04001940_20161013,14.834415564428918
S04093200_20161014,16.387971740018596
S04068470_20161020,13.867095108435116
S03025368_20161026,19.152153171042603
S06133000_20170222,20.005520888452235
S03118270_20170503,15.909641599597933
S06173563_20170504,19.018142575008007
S06300250_20170516,7.224346500839447
S06189678_20170516,15.295823403099172
S04301000_20170516,13.317526219889286
S06202750_20170517,18.721432775550056
S06202860_20170517,13.616802797809012
S06150820_20170518,12.747769422827107
S03115860_20170529,14.313539598871536
S05220190_20170531,15.232864851039796
S06147130_20170531,19.10041394090736
S03096332_20170531,15.61300311279597
S06195000_20170531,12.68507132711124
S03194415_20170601,13.674735839737586
S06580498_20170601,20.226246119638763
S04325000_20170601,13.028918918014725
S05083587_20170602,14.873820500253427
S06107980_20170605,19.831403501354455
S04046621_20170607,19.095215817476515
S05002500_20170607,15.145901791169951
S04072840_20170607,14.934264799832242
S05019000_20170608,13.210475488775865
S05018950_20170608,17.753736388349633
S04472007_20170608,14.347481770172134
S04602011_20170608,14.593447278393572
S05013900_20170609,15.562549736471246
S06106250_20170609,16.057844095348987
S05007920_20170610,16.297156333387342
S04405002_20170612,17.686042755274563
S05157820_20170612,15.909741257593707
S05227260_20170612,20.138574138752656
S05111610_20170613,15.780177690172742
S05106430_20170613,15.332753443794159
S05111550_20170613,15.893881485467091
S05114400_20170613,14.599565248671604
S05142200_20170613,14.216919554843663
S05025835_20170613,13.028996193301769
S05120005_20170613,11.159607679585896
S05129074_20170613,16.120582191417867
S05074700_20170614,15.440424954719083
S04601001_20170614,19.664311060329673
S05119065_20170614,6.23049400248159
S05120015_20170614,14.363439178959238
S05226150_20170614,14.87237512999741
S05125960_20170615,8.206776372041492
S05126040_20170615,14.532300342506383
S05148180_20170615,19.88361093226427
S05148080_20170615,20.005926416082303
S03052094_20170616,16.959410687025517
S05148020_20170616,19.24435960817482
S05120091_20170616,18.552852344447953
S05124270_20170616,14.662174415627407
S06098700_20170619,9.10476614943979
S05125300_20170619,14.775356340330516
S04030020_20170619,15.864605010018106
S05061240_20170619,19.665864763431745
S06463600_20170620,20.621716926074154
S05077700_20170620,14.90288112790281
S03119560_20170620,13.49984161542508
S05060920_20170620,19.069843036885
S05127400_20170620,15.374686171288003
S03096706_20170620,19.21407803762101
S05128020_20170620,15.568275799231532
S05125280_20170620,12.839185443612147
S04012050_20170621,13.194818355285792
S05052000_20170621,16.339922033612208
S03226488_20170621,15.691282728256093
S03077596_20170621,14.567553387431762
S06217000_20170621,18.007262931134377
S05125235_20170621,17.728014949301446
S04123300_20170621,10.656736995096988
S06216800_20170621,20.14222586652882
S03036030_20170622,16.975579422501575
S03035570_20170622,16.049030370039116
S06179000_20170622,14.48476310751564
S03055369_20170622,15.929745803341723
S04500004_20170622,15.198721276568747
S06580812_20170622,17.2761670587291
S04102070_20170622,15.447544857423635
S04010130_20170622,12.449845036804232
S03109935_20170622,15.132955245356309
S06219590_20170622,19.811611492589435
S06215850_20170622,20.45524777172158
S04134920_20170623,14.242002847165036
S03113280_20170623,15.374960410601096
S05191100_20170623,19.948628598897916
S06840540_20170626,14.615453583229911
S03239010_20170626,10.861095813527534
S05021650_20170626,14.670511530613602
S03006354_20170627,19.940087735538466
S03000890_20170627,20.11862492905397
S04339003_20170627,15.007889748056307
S04043200_20170627,5.306837982227753
S03006271_20170627,18.43462507408595
S05219170_20170627,15.205970782411507
S03000033_20170627,19.777232287375735
S05022440_20170627,16.116635780394667
S03186682_20170627,19.255563114667243
S06215000_20170628,17.302264645997667
S05013100_20170628,15.506213559370208
S05004500_20170628,15.01149626047552
S05005950_20170628,15.118970246404036
S06035325_20170628,12.69273480593786
S04524000_20170629,14.857326855395229
S06440370_20170630,15.3052287060371
S02005700_20170703,16.46837731736846
S02000010_20170703,15.874250299625125
S03082805_20170703,9.362289641608866
S02003397_20170703,15.49492796052412
S04068483_20170703,19.57035372601194
S02001150_20170704,15.967603895837673
S06172930_20170704,19.90653232726837
S06212100_20170704,20.113434358891965
S02016050_20170704,17.090210570488804
S03163300_20170704,15.39004506580611
S04201000_20170705,13.97556675553634
S04201170_20170705,14.608447673845918
S03025368_20170705,18.474954803445733
S03033306_20170705,19.294360619853542
S03034465_20170705,12.432686564334702
S03034720_20170705,14.34590571976517
S02022800_20170705,6.869044734230849
S03133690_20170705,14.895183696545516
S03162240_20170705,15.498546638909849
S03134730_20170705,15.28840252548467
S06710010_20170706,19.49808344080302
S02026250_20170706,16.175458696985764
S03168230_20170706,14.581524738364136
S02025500_20170706,13.563664412501327
S03178660_20170706,16.116800643862607
S05120094_20170706,16.061607265067558
S05120093_20170706,15.621114682804722
S06106670_20170707,15.50439381915114
S02035000_20170707,5.617837295095805
S03269438_20170707,10.40327951640737
S04364001_20170707,19.000054060332005
S03262780_20170710,14.099462995273363
S04130500_20170711,13.131295802250172
S04128050_20170711,14.857906461232233
S05110000_20170711,14.37686385797493
S04023680_20170711,13.22323805879693
S05234013_20170712,15.81327217515234
S05134375_20170712,12.956931294342347
S06173650_20170712,15.569813589912135
S03251190_20170713,7.797720332001448
S04412010_20170713,15.136488648324907
S05075250_20170713,15.806811793136083
S04015000_20170717,6.1940492220478145
S05007900_20170717,15.722981977356529
S05143000_20170717,16.1632763595493
S05058938_20170717,16.321985481242788
S02082160_20170717,14.7617804364531
S05091063_20170717,14.603663155615742
S05116600_20170718,15.305407518912824
S05117000_20170718,11.825846597811775
S04059000_20170718,14.288419902065044
S05117110_20170718,12.763780793593279
S06114295_20170718,18.636991411481407
S02081300_20170718,11.603646145097441
S02096950_20170718,13.666742338144875
S04604000_20170718,14.192032504874359
S05111620_20170719,14.5531663998355
S04104200_20170719,14.602749839281266
S04504000_20170719,15.458666392615148
S03001000_20170719,17.226418455741026
S05134300_20170719,14.387545078490136
S02102000_20170719,8.509355059295723
S05134260_20170719,15.178992051797378
S04023700_20170719,9.9203457247132
S05033505_20170719,15.625184480674795
S04082930_20170719,14.865244039921564
S02096500_20170719,14.369249357165815
S02098800_20170719,6.888741975877812
S05055550_20170719,20.179643822841882
S03035840_20170720,16.844459249372722
S05111608_20170720,14.351925236097953
S05183860_20170720,19.666854696682996
S03029530_20170720,14.693935232591848
S05157800_20170720,15.766574519936029
S03017000_20170720,19.70100441436125
S05111602_20170720,12.693693346172271
S04115200_20170720,13.161067797712779
S03207235_20170720,13.083578861469485
S03176470_20170720,15.365375812826514
S05157650_20170720,13.84433368492061
S03207710_20170721,15.452329184928093
S03225030_20170721,16.87306535431009
S04152000_20170724,8.283522318204936
S02082878_20170724,14.873484958610897
S05232220_20170725,14.676559932181888
S05118990_20170725,15.478786226220745
S06193660_20170725,14.350286666101095
S04217100_20170725,16.00675278096402
S03215000_20170725,15.206896880469012
S05232290_20170725,13.66885882476097
S05104325_20170725,17.165270419387916
S02090000_20170725,11.703668521193785
S04199078_20170725,12.82541794051373
S04133000_20170725,10.751562631253437
S02085600_20170726,13.037862372956063
S04133600_20170726,13.841228576972359
S03085855_20170726,12.999257849107943
S06182050_20170726,15.755876476607423
S05106330_20170727,13.322727500385078
S02076195_20170727,15.010281074175168
S04146000_20170801,10.020992201771644
S03076443_20170801,13.78080420456189
S06152700_20170801,20.154697551237877
S03272685_20170801,14.563842714421575
S05234290_20170801,18.75318951404856
S03272060_20170801,13.516801634451387
S05173420_20170802,19.943791937343697
S03271615_20170802,12.408446571780974
S04026500_20170802,20.06219045963092
S03271565_20170802,11.41500786093123
S05234082_20170802,17.28216765695041
S03076002_20170802,15.153696467066256
S03071080_20170802,14.802194774792216
S04476000_20170802,16.03261965788183
S03190895_20170803,15.420283671320519
S06100970_20170803,15.739728601633699
S04041675_20170803,14.7552427275305
S03144735_20170804,14.890535484947495
S03189000_20170804,13.641459026493646
S03153139_20170804,14.053907500174763
S05086270_20170804,15.756970703383564
S03128907_20170805,14.431814447063653
S06850166_20170807,16.741433285570043
S03050000_20170807,15.682308635820782
S06580819_20170807,15.938726204159607
S02057453_20170807,14.892019062279013
S02003610_20170807,13.786187198394636
S04500006_20170807,18.260341736090098
S05192018_20170807,19.994054210923803
S02057000_20170808,14.018816437632346
S05108200_20170808,13.30425583508231
S05218850_20170808,13.221761498154574
S02068500_20170808,13.075444955843022
S05042930_20170808,14.898438707890074
S05044232_20170809,15.41202672059175
S03161695_20170809,15.495051497638416
S03161540_20170809,15.378418335530105
S05111360_20170809,18.925028693272832
S05068020_20170809,18.9608411638577
S04067400_20170810,16.021916893293216
S05159468_20170810,8.799877356942616
S02052500_20170810,17.959818195978542
S04196449_20170810,11.428420785888395
S05111100_20170810,17.097100743314435
S02061500_20170810,16.40894974196446
S04134000_20170811,13.817445827043311
S02100603_20170811,12.979054881839726
S03128837_20170811,15.1680167435562
S03129020_20170811,15.145444329943652
S03125000_20170815,12.840338248225073
S03105946_20170816,15.39249971430029
S05220000_20170816,13.634508649292638
S05149600_20170816,19.484996037733488
S02036250_20170816,14.517008615259112
S04070211_20170817,15.292952296908041
S05151200_20170817,19.79839622940779
S05150000_20170817,20.270331581195816
S02045283_20170817,13.742105337239318
S03277600_20170817,14.5380641177648
S05219000_20170817,13.453534973275241
S02042000_20170818,12.365909862447703
S02041500_20170818,13.228650372276059
S02003617_20170818,11.50155409764729
S02117575_20170821,14.39826608982753
S04422000_20170821,15.31099028436963
S06407150_20170822,16.18184005115384
S04178000_20170822,9.024253358567439
S04615011_20170822,14.89359481504821
S05068480_20170822,13.37643586833285
S06178035_20170822,18.616007865324935
S05135300_20170822,14.469725698700659
S02123300_20170822,15.225306521562665
S05214310_20170822,13.941378019960634
S05049860_20170822,19.486693150568538
S05214320_20170823,10.108483816627395
S04108285_20170823,14.362348846519374
S02112170_20170823,15.510258958447036
S05218460_20170823,19.08439873015218
S03128935_20170823,13.653948258310187
S04000600_20170824,18.767529325258753
S05217800_20170824,19.889585445646066
S05233500_20170824,6.3461955954482985
S02115685_20170824,14.543793638720302
S02115725_20170824,15.30783685596951
S05052540_20170824,18.533092032241488
S04027810_20170825,17.137027169279268
S05232000_20170825,12.866635726725818
S05167450_20170828,16.03131166946796
S05167020_20170828,20.23392238851524
S04208395_20170828,13.427721508324716
S05069975_20170829,17.3456210413105
S03098000_20170829,17.08736794095294
S04545004_20170829,15.115219242131815
S03096650_20170829,16.017418205712662
S05166850_20170829,14.56569707906491
S05069970_20170829,19.53927582237316
S04175100_20170829,8.327133611525284
S04630002_20170830,13.874658160811538
S05068660_20170830,15.32082216156539
S03112710_20170830,15.414967312026905
S03103370_20170830,20.22571369080092
S05225100_20170830,13.733187132905188
S05207050_20170830,19.292743278898143
S04632011_20170831,11.829011137518089
S03155600_20170831,15.620585752246974
S05069310_20170831,18.782700662528107
S04050000_20170901,17.153083401272433
S03144675_20170901,16.850262378147818
S05093000_20170904,14.392873761965763
S05092975_20170904,14.462293825752079
S06031400_20170904,19.978922179041305
S05131000_20170904,11.3105664516915
S06175600_20170904,19.13003386575068
S05163000_20170905,11.824304058430053
S06300300_20170906,13.585060050602516
S05155230_20170906,14.4688035028106
S03266920_20170906,12.747574569137477
S06003500_20170906,14.664520524352678
S05095150_20170907,15.179032467938846
S06114850_20170907,18.97151237045656
S05057150_20170907,19.78066427489462
S06026000_20170907,13.726341918112256
S04684000_20170907,6.917307958527642
S04137025_20170908,11.394040911374992
S06021500_20170908,15.990110722476583
S04002010_20170912,8.42589197485091
S05096030_20170912,16.86324330061628
S03173273_20170912,15.572947147792883
S05076050_20170912,15.909828948161316
S05083586_20170912,15.526764757412128
S06010000_20170912,14.33766292920916
S06439900_20170912,14.03875119239183
S04002800_20170913,10.227873849492152
S05102000_20170913,16.485930691935152
S05100000_20170913,14.23785838812912
S06004995_20170913,14.762813568814481
S06049010_20170913,13.53920427404651
S05068369_20170914,17.34839420576712
S05068368_20170914,20.24585160331156
S04145000_20170914,12.96843043579031
S04206000_20170918,9.420057493285167
S05159260_20170919,14.759021084907868
S05096810_20170919,20.135682215814377
S04040355_20170919,14.127536111759428
S04023000_20170919,11.915223149237113
S04003900_20170919,17.2333662137973
S04074350_20170920,14.834292246925672
S03203472_20170921,15.98477010552084
S03184850_20170921,11.2220185824523
S04027430_20170921,13.794030453909254
S04027360_20170921,15.763395084864394
S05068920_20170925,15.708803234537168
S05054190_20170925,15.523075242595334
S05056850_20170925,16.19812951425112
S05145687_20170925,15.447261946781754
S04103480_20170926,18.224469896876712
S04433002_20170926,17.147019012072228
S03193000_20170926,15.579548936595936
S03149900_20170927,14.8768601070403
S03073000_20170927,14.640392606993078
S03157485_20170927,14.13846236048473
S03149077_20170927,15.205896204511927
S05201060_20170927,16.579774230698064
S05042080_20170927,13.735891095826107
S03051590_20170928,14.57192403210495
S05053910_20170928,17.146027496062906
S05183600_20170928,20.25743318978576
S05063985_20170928,14.494539947274657
S05199700_20170928,18.023873977447167
S05096360_20170928,15.529459455898676
S03144945_20170929,15.517571829488366
S05199450_20171002,14.652033985821795
S05226102_20171002,16.623479874886527
S05092000_20171002,13.686462359785972
S05221600_20171003,14.91693813308051
S04003500_20171003,18.198390607591254
S04195400_20171003,17.64462675707148
S05061050_20171004,19.310611283884473
S05201000_20171004,14.3920740169602
S05058935_20171004,14.484153625551007
S04062000_20171004,11.50375876482497
S05200190_20171005,14.49644594033899
S05060000_20171006,15.147311947124477
S05203060_20171010,19.662826418779023
S04053400_20171010,15.251827553069491
S05216130_20171010,15.449358675889265
S05216140_20171010,19.73700720959428
S03152000_20171011,15.724826131840517
S04205605_20171012,12.686823056207414
S04163050_20171012,15.769859150728974
S04212390_20171012,13.838803303317205
S04091400_20171013,13.612571954892733
S05216210_20171013,14.039187092447435
S03152830_20171018,12.944639653402849
S03174000_20171019,12.606762507957269
S03151300_20171019,15.28976879414104
S03142520_20171019,14.691114390917916
S05056000_20171020,17.558220451672778
S05238500_20171102,17.956512011939314
S06175400_20171207,20.169976479494544
S03113040_20180404,15.711216382750335
S06067802_20180425,19.90818233803171
S06035450_20180426,11.540669777765455
S06076720_20180504,19.949236697982307
S03015000_20180514,18.504212407180187
S04371000_20180516,17.45217311311695
S02020000_20180517,9.620029968522914
S06063600_20180522,19.659133047484907
S04475000_20180522,12.625932048207186
S04392001_20180523,8.528322991008842
S04441005_20180524,15.114382777634669
S03078110_20180524,14.292727257365739
S04199370_20180524,20.309658212021294
S04212390_20180524,13.192231579180644
S05014195_20180528,17.775208226692534
S05170750_20180529,18.692088435705983
S05025835_20180604,13.50746359912327
S05029820_20180605,19.065339833676717
S05058105_20180611,18.18750946913042
S05184900_20180618,14.726669376203207
S05031350_20180619,15.841470919098075
S06216100_20180620,19.25158977975673
S05163860_20180620,16.48242062491297
S03202250_20180621,14.611443388619918
S05075700_20180621,15.339093718027977
S06035500_20180621,16.70650209333205
S03178660_20180621,9.901351044233
S05048010_20180621,16.343847449012127
S05085545_20180622,15.833101339881239
S05033400_20180622,14.77306441442643
S06190045_20180622,14.984322828078067
S04044800_20180625,13.499880184863047
S05148020_20180625,20.073223823962334
S06177949_20180626,13.368122339764202
S06850166_20180626,16.090173568825392
S03231740_20180627,10.135461599857067
S04096430_20180627,14.936658949345018
S06003550_20180627,14.753671852797218
S05116055_20180628,14.530342947878465
S03115986_20180628,10.924916553420195
S06048480_20180628,14.22723465735399
S06471450_20180628,14.893507495680227
S03104543_20180628,15.431559785183861
S04187525_20180628,17.47609671957247
S05022285_20180628,17.138298231567376
S06178056_20180628,14.003340220733909
S04014500_20180628,15.18502332921793
S05078910_20180628,15.004925293725092
S06426000_20180629,18.181808979476457
S06027000_20180629,15.241998818399452
S04456002_20180629,19.009363971092384
S05028110_20180629,13.211634560447443
S06179615_20180702,19.43329099834748
S05013175_20180702,13.807922850554458
S05085000_20180702,15.59461401488847
S05025055_20180702,13.080085731473167
S05234007_20180703,14.50417244387325
S04165800_20180703,14.417679203667477
S06117220_20180703,19.861807298464885
S04137993_20180703,13.03210433923298
S06107980_20180703,20.01320043886216
S04462000_20180703,13.181653392744346
S05000250_20180703,14.246194390411826
S03109805_20180703,10.486437434187593
S05080725_20180703,15.333084573363784
S03071017_20180704,13.459786979404964
S06190020_20180704,13.09240066611225
S04440002_20180704,14.760977513080618
S03273800_20180704,13.932357071391072
S05085950_20180704,20.335637556193646
S06580890_20180704,17.301781850877344
S06110900_20180704,20.288542380804664
S06106100_20180704,14.579751903437403
S04521000_20180704,17.386915886007802
S05234013_20180704,13.62565537022973
S05097650_20180704,18.846938984627123
S06014955_20180704,15.461955472256351
S04097200_20180704,9.245632657213374
S06101000_20180705,16.355733390351272
S06594800_20180705,16.750597624614283
S05057150_20180705,20.21326460451416
S05097760_20180705,15.868819572100204
S04604004_20180705,15.275094637682892
S05015300_20180706,13.216479259213713
S05029800_20180709,13.151744512905145
S05011500_20180709,15.664857286522787
S05036500_20180709,13.279457965932224
S05030000_20180709,12.874940533558462
S05134430_20180709,16.11532625225521
S05031050_20180710,15.924698942537885
S03006271_20180710,19.271990188902542
S04057800_20180710,12.35994922159599
S03002100_20180710,20.06369506155623
S05020100_20180710,14.71083078453333
S05021500_20180710,17.029763169152712
S04524000_20180710,15.519665030299734
S05013150_20180710,16.284143739761376
S05011725_20180710,14.721166683230619
S05023050_20180711,15.658486277609097
S04083000_20180711,16.448480720022378
S05023960_20180711,16.89296106793855
S04089300_20180711,13.946846155195466
S05005610_20180711,10.879547454219473
S03076220_20180711,12.497023565143785
S05080960_20180711,15.172440064255884
S05061100_20180711,14.86677816849586
S04022050_20180712,12.259177239863368
S05022705_20180712,17.00213265546209
S04601001_20180712,19.900329204700217
S05061300_20180712,14.604248584883493
S06580341_20180712,15.995437732216937
S04178650_20180712,19.053897798464636
S05226030_20180712,10.688583092321469
S05012550_20180712,18.956947470521143
S05033300_20180712,16.043668988879347
S03050000_20180712,14.620344128075335
S04113720_20180712,14.635106246485181
S06193250_20180713,13.504248201084257
S05082000_20180713,7.760564910414411
S02001750_20180716,15.746758492274017
S05046800_20180716,13.380376778655164
S04178750_20180716,14.942863804457609
S05120005_20180716,14.254159259485675
S03226720_20180717,15.524597122646036
S03013677_20180717,15.21611779760909
S02003620_20180717,13.216654029602926
S03155600_20180717,14.379327489088375
S05047720_20180717,15.302959557924659
S06580789_20180717,15.866504566384338
S04196095_20180717,17.937533812806723
S04195950_20180717,15.5212630842753
S04074290_20180717,15.006002300619292
S04426073_20180717,15.138724809311995
S03021000_20180717,16.091457833471697
S04050000_20180717,14.819646583092407
S03079850_20180717,13.166527340442798
S05080850_20180717,13.940007804492941
S03227010_20180717,15.271471920396403
S03240100_20180717,15.467311278001462
S02001915_20180717,8.06588399907196
S03227495_20180717,16.668641800957396
S03234215_20180717,15.376796608628634
S03241957_20180717,13.323569441006994
S05048000_20180718,16.28427371901449
S05125200_20180718,10.626231372260015
S05125000_20180718,15.721832499217525
S04075887_20180718,19.821564045642244
S05228280_20180718,13.952109823535013
S05005950_20180718,15.107177039496703
S02052500_20180718,18.10781815997863
S02106410_20180718,14.500668133304037
S03051580_20180718,15.068254392713312
S04081300_20180718,16.810418508445636
S04734002_20180718,14.832432900532998
S06162350_20180718,16.014755842899067
S06960950_20180719,20.00867887445136
S05126100_20180719,16.598853620044316
S04201170_20180719,9.629111444445357
S06710039_20180719,20.012688544472407
S03051250_20180719,9.828391161000912
S03112000_20180719,14.242707211750291
S04196950_20180719,12.499086548098663
S03170100_20180719,5.118652800772734
S03078385_20180719,15.073384157665153
S02115725_20180719,17.09986279831453
S05122950_20180719,15.232284487376463
S04712000_20180719,9.110624003985706
S04733000_20180720,11.799321027718596
S05077900_20180720,15.833436289358932
S06494595_20180720,17.202005262263107
S05038000_20180720,14.393143961386205
S05120085_20180720,15.59663273488645
S03155290_20180720,14.748092423421575
S05228100_20180720,10.11003491712298
S05157622_20180723,19.487702685131836
S04051400_20180723,14.536221311653618
S05125230_20180723,16.855328474573625
S03105285_20180723,17.864063565723434
S02106850_20180724,14.328698702144417
S03119560_20180724,14.12703773679919
S05099170_20180724,19.907730373369944
S04630011_20180724,12.724080487291543
S02066000_20180724,13.024112891821282
S02068790_20180724,14.32629083403646
S04162958_20180724,13.154200056449334
S03105455_20180724,14.86840549243961
S03215193_20180724,16.62417206264361
S05068995_20180725,18.76581983375737
S02051500_20180725,12.935828931042494
S05032100_20180725,16.06452090094575
S04583011_20180725,11.616501748082856
S04301001_20180725,11.111995498036407
S03119670_20180725,15.09273745255474
S03114350_20180725,16.572251338238743
S04023130_20180726,8.76773233889903
S03214240_20180726,16.38994798302375
S05033515_20180726,15.397820707443302
S03144945_20180726,18.184854694830488
S02107000_20180726,15.746905808703094
S02025125_20180726,16.7347917052683
S06040740_20180726,15.049713786060682
S02051000_20180726,19.063752533568483
S02020750_20180726,9.192593017651662
S04210800_20180726,13.918080105143227
S04119220_20180726,14.157912343198479
S04443001_20180727,11.492484213190158
S04044700_20180730,8.229722122219577
S05226102_20180730,17.089228443310034
S04123825_20180730,14.258265450299294
S02031650_20180731,16.268749014055942
S05117110_20180731,9.126736946701033
S04475003_20180731,15.605852311961787
S06152700_20180731,20.141788450687816
S04136300_20180731,11.634696719048293
S04115750_20180731,14.910860344691837
S04009250_20180801,16.55646007547922
S02043690_20180801,13.784524709463968
S05135300_20180801,16.995630202523976
S05111600_20180801,15.257489144134011
S04089500_20180801,14.544618558218733
S02065090_20180801,17.92569426986215
S05233000_20180801,9.690959038788005
S02030350_20180801,13.597399652888225
S02029000_20180802,11.57575088026477
S04103950_20180802,14.394694180311904
S05106000_20180802,15.006701760817293
S05109000_20180802,12.529633061314053
S06070100_20180802,8.45361545313262
S05134310_20180802,12.777130555268284
S04134000_20180803,12.64066637453398
S02028500_20180803,13.488412901734698
S04049800_20180806,10.618514592603859
S05069975_20180806,17.133781593757227
S04553000_20180806,16.62383952471334
S06710036_20180806,14.203139541210513
S04093500_20180806,16.17936423779312
S06580582_20180807,17.898202958088508
S05183710_20180807,19.863119336894936
S04140100_20180807,12.023725541047963
S05219000_20180808,8.694591364624518
S02046000_20180808,13.371094336033885
S05069230_20180808,19.11276264760339
S05183860_20180808,17.726680755213216
S05176170_20180808,16.166386511006664
S06069650_20180808,19.684350287889384
S04134900_20180808,12.267969405437803
S06580362_20180808,20.013512343879707
S06147650_20180808,18.8763638316064
S04652005_20180808,13.658500190676092
S05150000_20180808,20.013810255746677
S04109605_20180809,14.786822607463153
S04122100_20180809,12.987196925345591
S05234015_20180809,13.015090756314821
S05234033_20180809,15.284644845956569
S04615012_20180810,14.426193583032825
S04102990_20180810,12.808266646890331
S04417009_20180813,14.339857099877102
S03136000_20180813,13.99324880899157
S05231450_20180814,9.052451592937174
S03133850_20180814,14.558301319586338
S04420002_20180815,14.294898851763449
S04028450_20180815,20.11579170413343
S05180850_20180816,19.917247165344467
S04190655_20180816,16.979554856866066
S06840225_20180816,19.96661418338094
S04054000_20180816,13.358362506084454
S06148355_20180816,19.455468831523444
S05172800_20180816,19.361074015747644
S04171550_20180817,18.6854409310272
S03070440_20180819,14.040127263996965
S04108500_20180820,12.891559692251379
S04061400_20180820,11.738794436253823
S04415003_20180820,13.228086233950838
S04426062_20180820,14.353702923964963
S03027000_20180820,11.192222724975416
S04113800_20180820,12.513751775686048
S03055000_20180820,11.29059776265885
S02123300_20180821,9.097858391821998
S04603002_20180821,13.061070939398755
S02104400_20180821,14.796857801806588
S04034600_20180821,12.968969194088862
S02122200_20180821,19.5184528966939
S05065500_20180821,19.126653413473598
S04003200_20180821,18.01508515458294
S04332001_20180821,15.610035688082588
S03032000_20180822,13.65187647805168
S03145931_20180822,13.487577067243828
S02114000_20180822,14.754343210315888
S04175100_20180822,11.308880406632893
S05221650_20180822,16.66584490890411
S02115675_20180823,14.284636415839113
S04026900_20180823,19.926520879961515
S02094979_20180824,19.538055157939
S05217310_20180824,19.720444852217806
S02120000_20180824,13.802986855140354
S02070500_20180824,13.941814274953614
S05171900_20180827,19.745260540378023
S05170000_20180827,20.218811984012575
S05034700_20180827,9.999184375349937
S04041755_20180828,16.127421324650722
S04614000_20180828,8.374463010524178
S02076800_20180828,12.385298160473422
S05044310_20180828,15.229805628652791
S05200135_20180828,19.706103638737204
S02085600_20180828,12.722160450129607
S02104800_20180828,14.611508430982573
S05145200_20180828,13.895469194984607
S06300010_20180828,19.776123888387062
S04430009_20180828,13.838839858304423
S04209000_20180829,7.318826546847491
S06710010_20180829,19.04195777768091
S04013000_20180829,11.795398826117607
S05042072_20180829,17.73618915208926
S02070750_20180829,14.211768126305973
S02081620_20180829,14.010772222967903
S06153200_20180830,18.969141033229604
S06181945_20180830,20.133950239443198
S04020010_20180830,11.11925498061716
S04431006_20180830,16.701303506423262
S04411004_20180830,11.711218137545622
S05145000_20180830,18.832948836031214
S04212700_20180830,12.992205042304962
S05055930_20180903,15.722343349838981
S03059000_20180904,13.973669917867984
S05142495_20180904,15.545943428614006
S05211650_20180904,19.77714296883945
S04412012_20180904,14.622189086535897
S05183480_20180904,20.18842271479882
S05118785_20180905,17.8065787572876
S05141000_20180905,17.784231878563215
S05068470_20180905,15.110917048219948
S05204880_20180906,19.769789679437064
S04377001_20180906,18.268381368695973
S05068410_20180906,19.95694042615704
S05055900_20180906,13.240584685665285
S03131000_20180906,14.72158491521833
S05051350_20180907,15.661803867759268
S05076050_20180912,14.157623237229712
S03141820_20180912,15.148426066531822
S06189500_20180912,15.128416759296075
S05154100_20180912,15.83416610269235
S05162800_20180912,15.634566426828908
S05218700_20180912,20.041779160690325
S05228250_20180912,15.314781486569734
S03008671_20180912,16.290246655932613
S05161000_20180913,10.513610920683881
S06005695_20180913,15.425563047284914
S05163000_20180913,10.309915006694027
S03044170_20180913,15.234217319481715
S04070500_20180913,13.409275516836113
S05161900_20180913,13.737636744330718
S03044580_20180914,15.661608958256561
S04404014_20180918,13.717135109354503
S06045750_20180918,16.091445938468652
S04404006_20180918,14.693129681281574
S04079210_20180918,19.04071780907943
S04079050_20180918,17.72219576126222
S04428000_20180918,17.30050585291224
S04003170_20180918,12.577959977925456
S03196000_20180919,15.439869367137304
S04037300_20180919,12.089105774378652
S04003160_20180919,17.313440603428887
S04376006_20180919,12.796954557137637
S05139310_20180920,19.95600835757321
S05134000_20180920,9.987078149160467
S04429015_20180921,19.403711766771863
S05183920_20180925,20.040244934355282
S04075000_20180925,12.920842471962294
S05099000_20180926,14.062800188253126
S06175600_20180926,19.467833626257182
S04310000_20180926,13.235567052688502
S06170000_20180926,16.949054823914338
S03257800_20180926,13.66885661899237
S06177000_20180927,13.192422042178286
S06178000_20180927,12.88255635878435
S05210000_20180927,11.701049269474105
S05201055_20180927,15.314845818660427
S05095000_20180928,15.250822053752847
S03025492_20181001,15.676372730414323
S04001005_20181001,10.004343266032276
S04123980_20181001,12.496744988370706
S04001900_20181002,10.177209129441142
S04100000_20181002,12.710649796846695
S05063980_20181002,14.480306007286766
S05231370_20181003,5.354383722875683
S05091520_20181003,15.959241134433702
S05093300_20181004,14.181987007788464
S06190040_20181005,12.026463230680603
S05091000_20181005,19.51637414524334
S03024300_20181008,14.936787224566194
S03151300_20181009,13.59794046916876
S05054600_20181009,15.141895432937593
S05055000_20181009,18.320647881063003
S03024736_20181011,12.621485067937888
S03156724_20181011,15.315028082049539
S03128640_20181011,13.910923715166952
S03128220_20181011,15.625146329859732
S05101500_20181015,14.05501955021331
S05063150_20181016,18.9152072352591
S05061942_20181016,16.873881345792768
S05067950_20181018,18.38330713584186
S05068300_20181019,18.650713105909272
S05092060_20181026,13.616712745046502
S05060930_20181026,19.62259021156521
S05097750_20190115,16.589660852290063
S06152400_20190207,19.528922419702685
S06159385_20190320,19.727049547483684
S04407009_20190417,14.147336989563716
S06094097_20190419,14.980247884687332
S04663025_20190423,13.183678474690526
S06052435_20190424,9.943421091226092
S04150690_20190429,14.065139898874829
S03029630_20190509,16.16041402232549
S03052338_20190509,13.786732566263666
S04140020_20190514,10.290573070149826
S06190111_20190514,19.727659527109743
S06173500_20190514,16.58483531133443
S06113270_20190515,20.132200950117667
S04652004_20190515,14.73510190704221
S04148525_20190515,10.424028779160974
S04654000_20190515,11.518575477952052
S04662015_20190516,10.560188231685053
S04046545_20190516,19.77021709056863
S05175010_20190516,15.033352539135281
S04135900_20190516,9.675422083680662
S03014550_20190520,20.085317289796603
S03022790_20190521,11.562686273772476
S04108290_20190521,20.383459251644375
S04364000_20190522,13.122686523668328
S04197600_20190522,11.730978308574695
S06581665_20190522,13.849145115151531
S05011724_20190522,14.939304908322217
S06830800_20190528,16.431296775671324
S06580184_20190528,20.091963956053977
S04086100_20190528,15.63528494457399
S06035325_20190528,13.282738708175305
S04041950_20190528,14.714430430239343
S04604008_20190529,15.282274106677637
S04113720_20190529,14.510925378998
S03164178_20190530,15.818023805277655
S03176360_20190531,16.592792420744466
S05228800_20190603,15.934042911613274
S06101145_20190603,8.975326606037047
S03011080_20190603,19.218345597100175
S03091000_20190603,17.76161083426896
S03022840_20190604,16.132277201730062
S05155300_20190604,14.12421931143314
S03023025_20190604,8.831045459964423
S05061300_20190604,10.799580747331103
S04182000_20190604,18.82164097053665
S03113248_20190605,18.202998788517267
S03146579_20190605,16.402045364683687
S04146840_20190605,18.321856052821392
S04374000_20190605,12.474771461775028
S05120040_20190605,16.33622722406936
S04433010_20190605,11.958177573672605
S03022589_20190606,19.111598756885382
S05065500_20190606,20.454868113140158
S06106935_20190606,19.730608966154968
S04660001_20190606,11.38145282371111
S05163800_20190607,12.04905142822902
S03021588_20190607,19.453633255603755
S06179615_20190607,19.963502060887116
S05093700_20190610,15.204026001827902
S06416450_20190611,11.949753052750424
S05129086_20190611,15.671361217736216
S03159795_20190611,17.531882925713766
S06012055_20190612,19.854907623344634
S05134351_20190613,13.952912485299512
S05134365_20190613,18.61793741055079
S06005780_20190613,15.113355092559628
S04614003_20190613,14.869722126326156
S06004870_20190613,16.65208372805568
S05158314_20190614,6.150473040851827
S06001995_20190614,13.160967936450785
S04099960_20190618,14.498734546383588
S06118000_20190619,15.330112282515813
S05192155_20190620,18.790230944936308
S05075200_20190620,15.072213370291795
S05220190_20190621,14.042965140009247
S05232220_20190621,14.078529173351576
S06219000_20190625,19.951393193276083
S05167010_20190625,15.912283899375685
S03198750_20190625,16.735336622244507
S05061980_20190625,14.98914396385615
S06215000_20190625,20.192173468660606
S04209995_20190625,11.377291895369776
S05025000_20190625,14.049587974691642
S06456610_20190626,11.760744659468791
S05095980_20190626,15.191690737844622
S05096410_20190626,18.834260695769807
S05004100_20190626,19.556244142826376
S06222600_20190626,20.080267998897025
S05096010_20190626,18.375976157261817
S05095120_20190626,17.12178861357382
S05095110_20190626,14.196951236218917
S06458050_20190626,11.56952385650265
S05145280_20190627,18.97082745692409
S05096080_20190627,16.652078573280065
S04635011_20190627,15.528491737105794
S05048010_20190627,18.959236549464396
S06078500_20190627,18.033432869573485
S04606026_20190627,13.355531448338304
S06471450_20190627,13.550700317249058
S06190700_20190627,17.99271711395544
S05016100_20190627,13.991700246432654
S06931250_20190627,15.947149626109375
S04721000_20190628,13.23969121396685
S03253250_20190628,14.947354157303797
S05095995_20190628,17.53707795470494
S05125780_20190701,19.05920758136644
S06830239_20190701,12.537753113153018
S05125545_20190701,12.662965460676682
S04027200_20190701,19.699627116678133
S04542008_20190701,12.843464270806898
S02106500_20190702,13.97756245206316
S04052350_20190702,14.01629729204707
S02054000_20190702,17.673785840998868
S06300250_20190702,15.209343676628599
S04068470_20190702,13.749056785794936
S05125510_20190702,15.880532234214146
S04066200_20190702,15.060557079130396
S05234030_20190702,19.245284809706366
S05234013_20190702,19.01559141664007
S04096360_20190702,14.05727477322107
S02004300_20190703,19.983641047857397
S02069100_20190703,11.13872999097646
S04187600_20190703,18.607381548075903
S05125600_20190703,9.580907638863945
S03105760_20190703,15.899262267697118
S04074647_20190703,14.769042994501385
S04048550_20190703,15.994606606357449
S04002100_20190704,13.370263443899725
S02057650_20190704,12.048871717328904
S04070211_20190704,15.237373899376326
S05127500_20190704,16.190155694941698
S05125420_20190704,16.029664664868967
S05132600_20190704,15.162041181667616
S04462001_20190704,16.037519036904293
S04049500_20190705,16.827853458444967
S02057350_20190705,13.938679467440476
S02049000_20190705,13.77273861666559
S05126500_20190705,12.063930452551666
S05015060_20190708,17.221723807890513
S04570019_20190708,11.118703751543734
S06580863_20190709,16.223483623809823
S05093550_20190709,9.576677488350803
S04027210_20190709,18.06370962467661
S04091400_20190709,14.854402421712951
S04142300_20190709,12.928377198362522
S04134895_20190709,9.174179764687665
S04199865_20190710,17.41329355348309
S05023100_20190710,15.207164908333153
S05005605_20190710,15.136984564554238
S03199200_20190710,14.914701824188574
S05007600_20190711,15.43612947879036
S05012550_20190711,18.46010152245553
S05165900_20190711,19.6513253800151
S05133500_20190711,17.37323468433977
S05133300_20190711,19.775576847417316
S05165250_20190712,14.137102831046233
S06435450_20190712,15.511071108409771
S06094470_20190715,13.500602985458638
S04426007_20190715,10.316181439005433
S04162000_20190716,11.087344911267177
S05097550_20190716,12.591649825915455
S05054600_20190716,15.505520782669322
S02061500_20190716,17.092168833906296
S03149487_20190716,15.28704840639681
S04008000_20190716,9.630687015954415
S04354003_20190717,19.646080790654782
S04166800_20190717,13.667946685036885
S04043200_20190717,7.213281277384111
S04166095_20190717,10.289800357529828
S02005700_20190717,19.01464539728169
S05091760_20190717,17.250440454381362
S02001025_20190717,15.875172582804511
S02019200_20190718,12.499881599349264
S03078510_20190718,13.78239449915771
S02011000_20190718,5.424298175889538
S05167000_20190718,14.927601768296697
S05068530_20190718,16.57882293818217
S04146350_20190718,12.232518772530273
S06106655_20190718,16.866196428271685
S03213480_20190719,14.6902723091274
S06118500_20190719,20.23774870408393
S05067000_20190722,18.128564654476044
S06086100_20190722,14.957848469498067
S05192018_20190722,19.88334492151841
S06088800_20190722,19.946365882175456
S05234003_20190722,13.253530654637983
S04046500_20190722,15.003502162942778
S06840600_20190722,15.807965886180071
S04044400_20190723,14.393920313542878
S05225300_20190723,15.9723623264192
S05207150_20190723,11.245366617965498
S05031850_20190723,15.62109573880765
S05031900_20190723,16.86106240477385
S05180850_20190723,19.917376111118223
S04113800_20190723,13.434083786087525
S04113250_20190723,11.889349987650341
S06179999_20190724,13.431142144259885
S06179155_20190724,17.62334430639092
S06071900_20190724,10.076486997960895
S06470005_20190724,13.780638418418127
S04014090_20190724,13.594061120003248
S06069650_20190724,19.889024343600745
S05197600_20190724,16.491370099331835
S05197500_20190724,17.609218161412674
S04401005_20190725,13.666076927267383
S04097600_20190725,11.48863651559607
S02099500_20190725,12.701575191683416
S05120070_20190725,11.858794731594312
S03167740_20190725,15.61823721565592
S05145300_20190725,19.367795520561796
S05044000_20190725,12.743753478855618
S06094039_20190725,15.111168954639671
S06004750_20190726,18.768215581795406
S06440370_20190726,16.55686426812446
S02097000_20190726,13.661819275175155
S06464775_20190726,16.820617836528772
S05068170_20190726,15.205839378934778
S05232350_20190726,16.482888011120625
S04097200_20190726,8.609932892294587
S03219015_20190729,15.692249497956162
S04111000_20190730,15.108144425617603
S04615011_20190730,15.37492348184756
S05049000_20190730,13.226245572451946
S05050010_20190730,15.429411856689832
S03190300_20190730,15.026889836580764
S03207020_20190730,14.556459072761141
S05051200_20190731,18.769901584412356
S06217490_20190731,17.245789630521564
S02094700_20190731,13.958085119476648
S04068800_20190731,8.908939316103538
S04068440_20190731,16.82524925284603
S04103950_20190731,14.21422876246499
S04104200_20190731,14.850377032799344
S05157200_20190801,13.358179946833015
S02085600_20190801,13.189790736132203
S03276495_20190801,16.815061577121877
S05040100_20190801,16.012040673859495
S03025919_20190801,19.72406984005794
S05133000_20190801,12.095394854675959
S06177980_20190801,8.535556911159173
S03025368_20190801,18.46197715648056
S06178007_20190802,19.062081330538604
S05039150_20190802,15.129014414327006
S05038000_20190802,13.778893505053109
S06181150_20190802,9.068443331503467
S05129060_20190805,14.487388093145483
S05069972_20190805,15.372931866730173
S03211000_20190805,14.412939928013927
S04076400_20190805,18.20435277214986
S04077000_20190805,17.89103604532984
S04016840_20190805,8.592273245940333
S03207220_20190805,13.248010152989835
S03011300_20190805,15.26746912388917
S02116570_20190806,18.176508733894185
S03223200_20190806,15.285769090223786
S04004100_20190806,10.146615347698152
S03174615_20190806,15.62648971301813
S03223240_20190806,12.091173461795547
S03222000_20190806,15.194882593024099
S03222275_20190806,14.930057140863084
S05134310_20190806,12.105887955822777
S05134432_20190807,14.2426753380942
S05234005_20190807,14.359055617550279
S03157950_20190807,16.279844994636026
S03231065_20190807,17.540982238977012
S03231740_20190808,14.649368812572394
S04086320_20190808,14.396393479791053
S04099400_20190808,11.024506605614778
S05222000_20190808,10.445499911507738
S02031650_20190808,17.958288970632722
S05175300_20190809,17.24781265127105
S05047510_20190809,11.04705779332928
S02123500_20190812,17.036282979135922
S02106220_20190812,14.917356887232655
S02123300_20190812,15.389934693204115
S02118750_20190813,15.448053727578886
S03116720_20190813,14.685956672595825
S04044700_20190813,11.162086757899822
S03105946_20190813,15.150691132793904
S04030020_20190814,16.227945125816902
S04432000_20190815,14.675192002139855
S06147525_20190819,20.0947521772766
S05060930_20190819,17.64104544958513
S06710110_20190820,17.381861716167506
S06710010_20190820,20.243009612431337
S04053000_20190820,18.256972218578976
S05058600_20190820,19.01737699397543
S05059000_20190820,15.508378869121385
S05149000_20190820,20.051779455343294
S03138800_20190820,13.000148056433435
S04162958_20190821,11.108129209189293
S05148850_20190821,18.24449455222597
S04163050_20190821,16.377864365754384
S03254035_20190821,13.341462335406776
S05148080_20190822,19.002998455728424
S06491950_20190822,18.938889146264867
S04195000_20190826,15.837380836153756
S03086100_20190827,15.819120602016293
S03093900_20190827,18.688537766015408
S06830071_20190827,15.944363250482956
S05102000_20190827,16.17531002877034
S04604006_20190827,10.79546440555902
S05100080_20190827,17.778100440342616
S03252763_20190828,13.3699431636771
S06031200_20190828,15.639975542408052
S05205000_20190828,18.60901526735153
S06186000_20190828,19.96026735157718
S03252755_20190828,11.858753341458037
S05061110_20190828,15.347774553439166
S06110110_20190828,13.462663768970168
S02024000_20190829,13.649134794864441
S04215520_20190902,13.14719251777851
S06149500_20190902,14.799025331115228
S05108150_20190902,11.623750148458866
S04000920_20190902,15.090775163381448
S05080700_20190902,15.294064005102879
S05158170_20190903,15.235696030194608
S05149500_20190903,16.724193057218816
S05083580_20190903,5.4264022038121436
S04003200_20190903,17.94818257389322
S05235850_20190903,19.745626534654903
S04606015_20190904,9.81281034540693
S05161950_20190904,14.027268275497208
S06176000_20190904,16.719184761632746
S06341510_20190905,15.949835953630862
S05068955_20190905,17.4597723662491
S04004825_20190905,13.040697001441794
S05068960_20190905,16.295213194641118
S05154280_20190905,16.401603489367627
S05068912_20190905,15.717660242717022
S04128050_20190906,13.990236193985947
S05077970_20190909,14.140985278460718
S05077945_20190909,16.318118964772932
S05183000_20190910,20.08857422754095
S05192100_20190910,15.999172853975148
S05191150_20190910,17.90299154656376
S03148650_20190911,14.434908731756146
S03156995_20190911,15.16195189989934
S05074580_20190911,9.760479484121404
S03265600_20190911,13.472077848987503
S05074700_20190911,14.860037503002648
S05075700_20190911,15.401553582866567
S03161258_20190912,15.194167246813855
S03161090_20190912,13.18979390042162
S03156151_20190912,15.32726754665731
S05080890_20190913,12.44583961590165
S05045128_20190913,16.33887701726378
S04404000_20190916,16.18533570066597
S03006000_20190917,15.189493751649364
S06017097_20190918,17.958609135584453
S06017200_20190918,18.58051748924126
S05068369_20190918,17.882718919485207
S03271920_20190918,13.03664133573706
S05211900_20190918,15.188933335845174
S05215120_20190918,18.910233657640887
S06159470_20190918,19.775146331286056
S04171450_20190919,14.124317488189204
S05068470_20190919,15.261264601212671
S04002010_20190919,11.195767435813856
S05117450_20190919,15.675066151771725
S03029000_20190919,13.503411990953632
S03143225_20190919,15.0008309252366
S05174000_20190920,14.909917945891213
S05177000_20190920,17.333031788754333
S03039000_20190920,13.939768124688936
S05199800_20190921,14.865254855431683
S04027500_20190923,17.71650718048395
S05183848_20190923,19.861857374529578
S05183850_20190924,17.752274051282036
S05053960_20190924,17.315847426056344
S05054550_20190924,15.009549290896711
S05053085_20190924,15.138157489162273
S04402004_20190925,15.320669041708994
S04402005_20190925,14.036913750795273
S05173200_20190925,19.614507043547313
S05218500_20190925,20.01394053242997
S05173420_20190926,20.161354491347982
S05044300_20190926,14.738891968776743
S05217150_20190927,11.901340196719255
S06172100_20190930,11.558568428564733
S03245840_20191002,14.387107080287553
S05203060_20191003,20.07118986036542
S05180220_20191008,19.96482304560351
S03174000_20191010,12.419366439749297
S04338002_20191015,15.545575126932956
S04338006_20191015,19.004196177558928
S03241957_20191024,15.357017237423825
S06159930_20200218,19.98986154748195
S06439460_20200422,14.409171565257394
S06027700_20200424,16.637714877783395
S06437950_20200424,15.739351607133067
S06052435_20200427,12.352721420910665
S04712008_20200504,11.740694195344929
S06179200_20200506,11.591492961402892
S03088800_20200507,18.52905314705408
S04011700_20200507,18.451972000172503
S06190700_20200510,15.56926801771227
S03145865_20200512,17.39624349614129
S03149859_20200514,17.63856802241018
S03159915_20200515,14.026083133138885
S05068475_20200518,20.26252805330744
S04012050_20200519,13.390728903091778
S04374000_20200520,12.318715819361165
S02025100_20200520,8.53417041185071
S04211950_20200520,9.670424372622552
S05065500_20200520,20.306869224931237
S05033560_20200525,16.98542136553771
S05013880_20200525,14.865142863429169
S03090470_20200525,16.01550204196323
S03011740_20200525,17.26217987010749
S05018650_20200525,16.38882840429352
S05077850_20200526,15.455839405994938
S06464800_20200526,17.742698376377362
S05085350_20200526,15.97299760292306
S05046700_20200527,15.949195100446333
S04735000_20200527,15.56023715037654
S04735002_20200527,14.716562676003747
S03167249_20200527,14.692783291946112
S05029730_20200529,14.377576591257295
S04096400_20200602,14.926931732940687
S04405008_20200602,17.170108771228403
S04636007_20200602,13.31688938472626
S04710002_20200602,11.664839235139889
S04615007_20200602,14.090116375728261
S04431018_20200603,11.961161945935945
S04057730_20200603,13.561222442484272
S04112200_20200603,14.282229420600572
S04089300_20200603,14.626636979249593
S04201990_20200603,12.961005774012222
S03219780_20200603,14.162540806155151
S03194350_20200604,14.29204435478812
S03011840_20200604,15.180208659933692
S06078500_20200604,16.037630114025028
S05011722_20200604,16.490197468578767
S04163025_20200605,13.648745143551032
S03052825_20200605,13.31409929553206
S04419004_20200608,16.712748420912465
S04304011_20200608,14.999446533360619
S05120100_20200609,15.247456646405825
S03128270_20200609,19.554805273517083
S06007000_20200609,19.166431462834595
S04162000_20200609,13.024651401756831
S05121350_20200610,18.59998581903713
S05120040_20200610,14.928496076420002
S03145290_20200610,16.049995962841216
S05119105_20200610,16.612759307387044
S06189678_20200610,14.833839433151121
S06038900_20200610,13.148778107868209
S03040450_20200610,17.214768623700248
S04375008_20200610,13.407884239541936
S04052265_20200610,11.287249355875668
S06580318_20200610,15.65792868804475
S03036475_20200611,15.251928943367357
S05120016_20200611,16.72582050423149
S06122790_20200616,14.561391091112945
S04068470_20200616,13.146362202180015
S03128745_20200616,15.311023036923588
S05024994_20200616,16.268445764659354
S04470004_20200616,17.62879931209854
S04067283_20200616,12.669168129584982
S03128845_20200616,15.047800437599452
S05176050_20200617,17.241758264548015
S06065700_20200617,14.524946240191387
S06580171_20200617,16.42638893374045
S03172380_20200617,16.601135581851114
S03182100_20200618,16.684756182900323
S03148220_20200618,14.27673039224007
S03156995_20200618,15.460067737930263
S04068918_20200618,19.860503585601204
S04173160_20200619,14.646386994426651
S06179615_20200619,14.391601947480767
S03085669_20200622,17.55198303228011
S03085630_20200622,18.559011999772196
S04604003_20200623,15.095998807321616
S06160700_20200624,19.347829082667772
S03040250_20200624,9.364348571363589
S03034370_20200624,9.074447169841076
S06850166_20200624,17.487385420605015
S03189300_20200624,15.030954665837136
S03057650_20200624,15.957343802628328
S06180900_20200624,14.048884305944506
S06045000_20200625,15.069390547753246
S03039940_20200625,17.476316648379033
S04146920_20200625,17.16759906954603
S04192550_20200625,16.867274653298967
S04187500_20200625,15.710596862628416
S05229130_20200625,12.198511670426305
S04461009_20200625,15.55765985449352
S04461007_20200625,15.5992002491811
S03052760_20200626,12.650105116879777
S04086980_20200629,18.2951564087827
S04131470_20200629,12.705919695984583
S04019700_20200629,12.114717782109903
S04019350_20200629,12.83361119946253
S04160200_20200629,19.00363247131235
S04150830_20200629,12.06127600160471
S05074500_20200630,13.400180492433908
S04015190_20200630,13.471416102095285
S06127050_20200630,19.837238199204645
S05074600_20200630,15.023493642057025
S06213290_20200630,14.994505103317788
S05075900_20200630,16.801029008044154
S03193880_20200630,16.028006003834715
S04660001_20200701,11.013866038349395
S04410006_20200701,13.845996344558694
S02042500_20200701,11.341587402895367
S05178900_20200701,20.80121582967313
S02026250_20200701,19.624643799978784
S02099500_20200701,14.587462389040914
S04100900_20200701,12.124265327535536
S04014090_20200701,12.22825371803666
S04023700_20200701,9.155892847645228
S04042100_20200702,13.886036897380347
S05134260_20200702,15.14657764070974
S05135000_20200702,15.348458695730272
S05135100_20200702,18.794703809870395
S04215520_20200702,13.672987583634551
S04046960_20200702,14.245378795438521
S02023750_20200702,13.673987911403543
S06216600_20200702,19.190719311415435
S06190900_20200702,9.415077315509745
S02096750_20200702,14.391671704401114
S04199401_20200702,14.83179906862598
S04075000_20200703,14.551899842052432
S05155300_20200703,15.140004059018219
S05162800_20200703,18.562779419419165
S02001715_20200703,17.81251386921012
S05162605_20200703,16.528417026181575
S02026500_20200703,15.621254981658637
S05231450_20200706,12.869025815134806
S04741001_20200706,15.473675424549933
S05232980_20200706,14.647092015664068
S04403004_20200706,15.50845390653888
S05229140_20200706,13.077680621684893
S04184830_20200707,14.42252855051967
S02104400_20200707,14.898714584783225
S04119750_20200707,14.950180562357698
S04041675_20200707,14.869004240845811
S05226102_20200707,17.57045108966492
S06206000_20200707,16.12662551047479
S02076800_20200707,12.815765607659145
S05091520_20200707,16.780743845270663
S02048980_20200707,18.256385852435308
S02001016_20200707,14.779570080460271
S02049900_20200707,15.773677127159294
S02082350_20200707,11.234118534242137
S02004000_20200707,12.739110972085408
S05091070_20200708,16.582659158374167
S04132800_20200708,12.595265992902409
S05093750_20200708,15.80185962627032
S05119902_20200708,11.760006184260247
S04001950_20200708,7.627872675881588
S04001945_20200708,11.451902979407828
S03272235_20200708,12.308236675429622
S05145440_20200708,19.167538980843684
S06300250_20200708,14.250970555847342
S04090500_20200708,14.05010908824876
S02011000_20200708,12.419364595109604
S06001399_20200708,15.596645063416858
S02003400_20200708,12.911736842052186
S05234030_20200709,19.622913970488487
S05089080_20200709,19.950538775311916
S02106430_20200709,15.76836175457366
S05091310_20200709,15.433782561804362
S05092000_20200709,15.50330310199734
S03202250_20200709,12.103274028052796
S04119205_20200709,14.93510554607172
S04113205_20200709,14.687961901892628
S05147000_20200709,19.439886416124356
S02109000_20200709,16.954515701482567
S04096645_20200709,15.525645671425695
S05061915_20200709,14.705462785338595
S02063000_20200710,14.834363024269177
S06450600_20200710,20.20763659350625
S05089050_20200710,14.734039283241225
S06213590_20200710,15.760170807397692
S02006450_20200710,14.081481660980137
S04054400_20200710,14.957875040385057
S05098000_20200713,18.111202335430235
S05096805_20200714,17.482604275540215
S03103816_20200714,18.31215569731224
S05011720_20200715,15.123423183261503
S05011490_20200715,15.5399872736186
S05011400_20200715,14.985082549692466
S02106850_20200715,14.277731286541227
S06047940_20200715,13.38371074337042
S05024300_20200716,16.497882053429407
S04067625_20200716,16.413934450158926
S02067600_20200716,14.063972482246047
S03149081_20200716,15.178089623865397
S05021800_20200716,12.612933862984033
S04093500_20200716,15.171058309004168
S06195330_20200716,12.62315154341616
S05021500_20200716,14.113475725311464
S02052500_20200717,14.818613642844184
S06129950_20200717,15.731706656201965
S06580300_20200720,20.169237143311545
S06128860_20200720,15.481289350458178
S05047600_20200720,13.57631670472044
S03273345_20200720,14.065778295624902
S04146690_20200720,12.129193643519876
S05047710_20200721,16.04267263801704
S05058935_20200721,17.439189267398024
S02115670_20200721,9.140766327571624
S04123750_20200721,13.476504213089825
S02085325_20200721,14.123115865060493
S04000920_20200721,17.63852321649987
S03250797_20200722,13.26102343287682
S06048900_20200722,12.943592004811622
S05068938_20200722,19.46986066036197
S05051000_20200722,15.134578212305447
S03038630_20200722,16.062803807431383
S02118300_20200722,16.383437407811595
S06154000_20200722,7.979512224951406
S06458450_20200723,13.666310701427697
S05167010_20200723,15.65885152393622
S05151150_20200723,19.303193005910778
S02070370_20200723,15.624910336286115
S06120560_20200723,19.626826641575466
S03037576_20200724,15.03047529375398
S03037480_20200724,16.594387241333937
S02112050_20200724,16.662686966779006
S02111500_20200724,14.866586453242473
S02069100_20200724,11.29895710753843
S03041000_20200727,15.639766922304393
S06123500_20200727,15.205775385383257
S05002500_20200727,14.771782842716824
S04016300_20200728,11.561725404624784
S06162350_20200728,16.226273023448268
S04072150_20200728,14.860995072648741
S05013000_20200728,14.890436095984436
S05012500_20200728,14.063209259007264
S02057000_20200728,11.362250478854214
S04411003_20200728,14.908629427629347
S06000699_20200728,12.598003454353593
S06202150_20200729,16.43859033355931
S04165800_20200729,16.650687954900853
S05010950_20200729,15.539359739891157
S05015900_20200729,15.308519473114501
S05013150_20200729,15.320299135598747
S05145200_20200729,14.650320759144595
S05153940_20200730,15.557129551446849
S03033306_20200730,17.93461533567806
S05125545_20200730,11.670623101091376
S02019500_20200730,16.803616115102773
S02018780_20200730,18.574706128241008
S02051000_20200730,18.038277833482585
S05024200_20200731,15.467620160256496
S05133100_20200731,19.144650089933577
S03257335_20200803,13.562349224122528
S05234000_20200803,7.239176649314814
S02082160_20200803,12.755849911935622
S05126150_20200803,16.105300252788027
S03234215_20200804,15.511257526822492
S05162505_20200804,11.602403041987685
S03015000_20200804,20.159515744133053
S05106350_20200804,12.741548071411847
S03257800_20200804,13.666588925619292
S05225095_20200804,20.458529736312144
S05222980_20200804,20.171865851521417
S05068485_20200804,18.41958961490149
S06222100_20200804,19.901515806821923
S04016980_20200804,18.760219526336975
S04016800_20200804,16.938831400528215
S03240100_20200804,13.704565176769695
S05144520_20200804,18.019850234624812
S05229250_20200804,18.729802292653044
S05068371_20200805,18.094130464255457
S03244460_20200805,15.077665750273706
S03234620_20200805,13.133944218209397
S04215750_20200805,12.56051528321394
S06710029_20200805,20.129909523700285
S05218980_20200805,15.202674320493525
S04153700_20200805,14.400468462156645
S04152000_20200805,12.203360843305255
S05100000_20200806,13.874735914968044
S05101400_20200806,19.69525666786692
S05223170_20200806,13.649782740976793
S03156580_20200810,17.827846153589647
S04006000_20200810,15.301221301772106
S04005530_20200810,14.988309791776679
S04036300_20200810,16.775396256403283
S06830122_20200811,20.043738784407186
S06147650_20200811,17.773932768558236
S03157485_20200811,16.16804485334747
S05128020_20200811,10.217128667894901
S06000418_20200811,20.04757304682181
S05236000_20200811,20.021380150588584
S05063000_20200811,16.547207372232982
S05148180_20200811,19.982221070809416
S06416550_20200811,14.565064920407488
S06429845_20200812,17.52357059783666
S03133140_20200812,13.305910364269293
S05111360_20200812,17.403072740886465
S05068660_20200812,17.468125244692423
S05230980_20200812,11.780344758273312
S05118700_20200813,13.510666043523367
S05118785_20200813,17.5133477744014
S06003770_20200813,15.799542453444282
S05127000_20200813,14.05240868527783
S06001470_20200814,13.85228142825627
S06001480_20200814,12.839904457496223
S05119080_20200818,14.797309543959022
S03144595_20200818,15.840347443558755
S03087000_20200819,16.434179831811583
S05169000_20200819,18.544418212188564
S06093050_20200819,14.330174481142198
S05175200_20200819,13.455465498092362
S06000401_20200820,19.944148355456356
S04562009_20200820,13.712656478761607
S05068170_20200824,16.037700083535874
S04162300_20200824,11.944957778667664
S05068145_20200825,16.12336537569969
S05106820_20200825,17.420026044690264
S05079450_20200826,13.257831529728627
S05077950_20200826,15.555799375618687
S03255650_20200826,12.814462304746879
S05079200_20200826,15.701166235310875
S05063400_20200826,19.981120579568255
S05173200_20200826,19.758617456727336
S03141984_20200826,15.249760680052015
S05068355_20200826,19.024765459748956
S06710100_20200826,18.260113329726323
S04190650_20200826,12.76533840994605
S05068080_20200827,18.684108336460195
S05075250_20200827,16.263655572880232
S05031100_20200827,16.465964665990498
S05074710_20200828,15.236204010799783
S04405013_20200828,16.930386816197686
S04522002_20200828,12.197075083165235
S05158160_20200828,14.268316800026223
S05158150_20200828,15.740359464712848
S03012100_20200831,15.718953765834927
S05153960_20200831,15.440323898510785
S06216100_20200831,12.444495896221182
S05101500_20200901,18.150927067962968
S04110700_20200901,15.746665384114735
S05101200_20200901,11.709755308958734
S05087000_20200901,12.308075175920377
S04075850_20200901,17.764895230156
S03057000_20200902,13.443734324898276
S05159260_20200902,13.86558452359187
S05123000_20200902,12.769335141225763
S05161900_20200902,13.376265561750795
S04178650_20200902,19.73900223311975
S06820083_20200903,17.271201658194595
S03004280_20200903,15.364744454935686
S05085000_20200903,14.856534781163088
S04049800_20200903,11.106417754990897
S05163290_20200903,13.926044075937135
S03066000_20200903,14.922185095951056
S05068890_20200903,18.045444644019515
S05052540_20200907,18.505745779478275
S06020460_20200907,18.493927317701548
S06147130_20200907,16.57142663511107
S04027730_20200907,19.248348610054997
S05053086_20200907,7.835065958329028
S05053000_20200907,15.689533533671435
S04197700_20200908,13.951056059666321
S05183710_20200908,19.77707894722342
S05054060_20200908,16.195595233321765
S05054190_20200908,15.493973131401484
S03138390_20200908,14.237046761960217
S04195190_20200909,14.887255396287761
S05055910_20200909,13.943260503576713
S05055970_20200910,15.155880825111995
S05055960_20200910,15.15994246210058
S05042071_20200910,17.16643347553657
S06080000_20200911,14.873458973408114
S03047445_20200914,16.60323476660564
S05214310_20200914,15.551608027181512
S06113000_20200914,13.375571911817953
S05213100_20200914,10.030545167979078
S05201030_20200915,16.08931876933139
S05202150_20200915,10.152490254458996
S04423015_20200915,19.107702889115277
S03071080_20200915,13.851881662211174
S04175450_20200915,17.511113598561423
S04082920_20200916,15.244428603458527
S04426016_20200916,8.928189746345971
S05178200_20200916,17.69520415229921
S02112150_20200917,15.822221210600539
S05199250_20200917,19.82817135207205
S03039000_20200917,11.823015135125107
S05199800_20200917,18.472200741984764
S06169950_20200917,19.91911112790488
S05206880_20200918,19.601209933703423
S03013660_20200921,15.924027985134414
S04465008_20200921,15.517615870185967
S05056000_20200922,15.977218514355943
S05189000_20200922,20.402501460476348
S03164218_20200922,14.760288256796532
S03078060_20200923,16.31268100145934
S04103960_20200929,11.851331543365667
S04475029_20201001,14.269874186089773
S04402004_20201005,16.467886504303173
S04003400_20201006,15.006021170150191
S04712021_20201008,11.529096479077303
S03055000_20201008,15.456113405314712
S06820118_20210223,19.472731293106023
S06320220_20210402,11.292304819488006
S06820087_20210409,17.11481553072578
S06440445_20210421,16.179277793461992
S06029100_20210421,15.74937116868322
S04671004_20210422,11.422909863380573
S03194620_20210423,15.282551842223468
S06012080_20210427,19.966546321425287
S03207020_20210427,15.361434185129205
S03206000_20210427,14.571109723876006
S06205415_20210428,16.232832955928668
S04010200_20210428,10.507388213410305
S03201650_20210429,15.941641244257301
S06003500_20210429,15.718930388920054
S03201250_20210430,15.39198534112627
S03201260_20210430,15.281095647992867
S04133200_20210430,11.732285468463564
S04131550_20210503,14.704310082797644
S04158860_20210505,15.398079663063445
S03222780_20210506,15.73020410198769
S04721002_20210511,11.368086084015616
S04101400_20210512,13.552493774144395
S06175275_20210518,16.964986900994315
S05011710_20210518,17.268272982555402
S04084650_20210521,16.447213148596013
S05025055_20210525,17.165994854126282
S03032675_20210525,15.602479444691914
S03013740_20210525,16.128134967057832
S05013880_20210525,16.848839422712963
S05015055_20210525,17.44437441113697
S05000249_20210526,14.834949470126311
S04217400_20210526,19.434962409116658
S02020300_20210526,11.261744943894808
S03104528_20210526,17.74208132560795
S03005284_20210527,18.47510787830659
S04199370_20210527,20.394910551698135
S06175308_20210527,20.61703397695034
S04051250_20210528,14.764681892870733
S03022718_20210528,14.261089886674181
S04010130_20210531,13.68935840668231
S05093700_20210601,15.995648256115544
S03004232_20210601,15.193494241640977
S06213310_20210601,16.77420076546027
S03044690_20210601,16.35720702684589
S04150830_20210601,11.98218456332706
S04096400_20210601,13.520539819558238
S05095150_20210602,17.666806639454837
S03004985_20210602,14.038851088752374
S03008505_20210602,15.426802291839678
S04052600_20210602,8.116946323785726
S05095980_20210603,15.749514656497926
S04100900_20210603,15.42691870308284
S06213290_20210603,16.937600248590503
S03003790_20210603,19.18974112059289
S06000221_20210603,16.148934142011328
S03008950_20210603,16.646336927362654
S03022000_20210604,20.644119977386314
S04009415_20210607,12.266942585801003
S06710040_20210607,14.731907865849578
S06109050_20210607,20.165204753280268
S04001945_20210608,12.751045674178112
S05058922_20210608,19.952877676237474
S05061100_20210608,18.152692325065185
S05155300_20210608,16.999469467647135
S05162500_20210608,16.667963259224884
S04040895_20210608,11.776876859289976
S06205960_20210608,12.898263939623307
S04086550_20210609,19.18504648716643
S04375008_20210609,13.599623989548906
S04400000_20210609,19.79877369088509
S06105568_20210609,10.247050468987048
S04662009_20210609,10.979733720218281
S04023130_20210609,13.808331204079936
S04108530_20210610,15.96675253494842
S05155890_20210611,17.006839184887475
S06213480_20210611,11.472071588691666
S05033530_20210614,17.067620020087386
S04184950_20210615,14.977730382995603
S04455013_20210615,16.076427706150394
S04424000_20210615,15.178848941809585
S05176050_20210615,19.204763114122038
S04090800_20210615,15.002378898101423
S04089500_20210615,14.599983004601034
S05234027_20210615,16.861941488262033
S06038110_20210616,13.220373643538851
S04090100_20210616,11.745223745330613
S05046700_20210616,15.276071268105934
S04371008_20210616,12.240567329220468
S05027040_20210616,15.415472517937555
S06040400_20210616,14.386899098936858
S05047500_20210616,18.337774821490754
S04096100_20210616,13.863443312035052
S05078900_20210616,16.084909180133952
S05080850_20210616,15.407199712162052
S05111610_20210616,16.115906279637244
S06130500_20210617,15.53298688882912
S05191000_20210617,19.00058817306175
S04030100_20210617,12.850716692989936
S06117360_20210617,15.821936254256306
S06580353_20210617,17.95233981320574
S06580358_20210617,18.42901857375349
S04179690_20210617,14.750258781272182
S04013975_20210617,18.366802581889647
S06182050_20210621,16.13819791503839
S05068367_20210621,20.366548868580516
S03172000_20210622,15.401779804231522
S05095995_20210623,19.185646266788474
S06222600_20210623,20.07280529268517
S04049800_20210624,11.302313215521673
S06001470_20210625,12.283735771918359
S06405950_20210625,19.386956934970605
S04070230_20210625,15.485285280098187
S06193660_20210628,13.041798981070322
S06940040_20210629,19.06862527617544
S06033000_20210629,18.43452618538305
S06011760_20210629,19.915471295380605
S06820141_20210629,12.422305913143829
S04190000_20210629,16.451607493729487
S06210850_20210630,18.54488013718018
S03018342_20210630,16.0168747845463
S03054000_20210630,14.980434466968873
S06185500_20210630,12.671730938610223
S04187525_20210701,16.30268754708581
S04114100_20210701,15.760495634880776
S06005695_20210701,15.5673478357226
S04171670_20210701,14.672147322704445
S04190842_20210702,17.444367079270954
S04190780_20210702,10.837081885381078
S06178065_20210705,15.17264276029541
S04127000_20210705,12.076346909274756
S05030500_20210705,20.01300727701452
S06090600_20210705,18.342290322382876
S03013660_20210706,15.184870358515024
S02050260_20210706,16.775670831371357
S02051000_20210706,18.621157987821466
S03078110_20210706,15.076777497010285
S05029960_20210706,18.305897302331754
S06177906_20210706,14.74220787708566
S05029730_20210706,13.784771063224522
S06177949_20210706,12.409659014315785
S06850166_20210706,19.21511570409104
S02052000_20210706,17.239390305755546
S05175000_20210707,15.40853115949692
S05176170_20210707,18.62090439618666
S05176150_20210707,19.40770069330688
S05165770_20210707,15.65580094536644
S06179640_20210708,19.849609778762268
S02111500_20210708,15.637649974973224
S02111000_20210708,16.287639134416697
S06173460_20210709,15.750326843730049
S05228000_20210712,9.612202089136126
S05151200_20210712,20.079602176773193
S05226150_20210712,15.188481740873533
S05151120_20210712,18.950675979787366
S04024050_20210714,13.81376047690532
S05081000_20210714,13.87316678499652
S04192950_20210715,11.881965185816219
S04194500_20210715,13.829504628522235
S04070425_20210715,16.57814266436902
S04103950_20210715,15.29589090356994
S05232980_20210715,10.833111953227668
S04417001_20210715,15.54610975974297
S04137993_20210715,13.633395484805478
S05079450_20210715,15.123550583634453
S05219170_20210715,15.51697245485791
S05139900_20210715,16.69629965411887
S05229120_20210715,14.979525714602484
S04206000_20210716,11.608903872129032
S03271730_20210719,16.29692840484753
S05151100_20210720,20.012992341349424
S04215500_20210720,10.590541932271687
S05083650_20210720,15.143998756577103
S05005605_20210721,14.713363170241255
S05074900_20210721,15.376373257096084
S05075700_20210721,15.58852170827698
S03163300_20210721,13.429684829393162
S03254929_20210721,13.572646020274872
S05015800_20210721,16.845695360422905
S06710036_20210721,14.910380309909387
S05011000_20210722,15.549972449705967
S05192050_20210722,19.9182017175543
S05134350_20210723,14.39413005963856
S04148590_20210723,13.109607977329423
S04630019_20210723,12.303567204319169
S06179500_20210726,10.291888882302388
S04111500_20210726,16.257056258033657
S05015000_20210726,14.964804521541193
S03234346_20210726,16.082347081236488
S06181990_20210727,17.20119530780032
S05120150_20210727,15.700686958762908
S05015980_20210727,15.07723673447047
S05138000_20210727,13.977209469654765
S05135300_20210727,14.043282975304603
S05018400_20210727,15.99724467773625
S06176950_20210727,20.817691642409017
S05091450_20210727,18.295401856566453
S05135100_20210728,16.797318292560206
S05134310_20210728,12.598977928835989
S05020890_20210728,10.584568946028174
S04431029_20210728,13.608416882886926
S04431028_20210728,14.682913125865596
S04108736_20210728,14.5048107174546
S05125990_20210728,13.05702667785455
S05024305_20210728,15.218370880274112
S04037800_20210728,20.53551496993819
S05097900_20210728,15.128614889988498
S02070250_20210729,6.450069885081147
S02076180_20210729,18.550409022051067
S04068925_20210729,17.563562304630715
S04524000_20210729,15.056453642109258
S05101420_20210729,17.12132373794224
S02068500_20210729,9.312527446092663
S06830193_20210729,17.174454951945894
S04052590_20210729,14.946257039829037
S04068598_20210730,14.20576303283891
S02070900_20210730,15.376955029683472
S02096000_20210730,11.627088602889188
S06580130_20210802,19.44354758149342
S04039160_20210802,13.374078499199584
S05115600_20210802,18.69457032316985
S06156230_20210802,20.05343540151143
S05234287_20210802,16.271135734254813
S06840225_20210802,20.197347739806414
S04033300_20210803,15.755706422646284
S03126511_20210803,13.105766391740422
S03247275_20210803,12.2760471109164
S02068790_20210803,13.781276746767064
S04041770_20210803,15.747498087361212
S04041760_20210804,14.015862817510135
S02057480_20210804,12.782678370663687
S03247140_20210804,14.038633084436967
S03207285_20210804,15.15945204250948
S04106065_20210804,14.20979163075481
S06580619_20210804,15.070923965478418
S05128000_20210804,15.579495011482129
S04215750_20210804,10.797429628438096
S04082000_20210804,15.725638744563645
S02010000_20210805,13.410163411716807
S02001500_20210805,18.04341578192313
S02037500_20210806,10.45806901626022
S03210327_20210806,15.546356019651585
S03246920_20210809,13.624632172214598
S02007000_20210809,10.594593779396575
S03096156_20210809,15.705907637376969
S04412011_20210809,14.885150542933339
S06147220_20210810,20.198169194162
S02123500_20210810,11.60411674333676
S02124000_20210810,14.461873231529996
S05099300_20210810,16.783738196457904
S02030500_20210811,14.148634559603648
S02096750_20210811,13.2490547882226
S06820073_20210811,17.687283693519632
S02001750_20210811,9.762370675161716
S02001700_20210811,15.08936435959908
S05091210_20210811,17.58876077225838
S02081300_20210811,14.264508182930243
S02081030_20210811,10.596146204433673
S02081620_20210811,13.621381380766294
S04086500_20210811,12.375458306675819
S04074300_20210812,14.831649706395549
S02061970_20210812,18.036544517670055
S02073700_20210813,12.646440746374061
S05172000_20210813,17.798693277548963
S02116000_20210813,15.348322592922939
S04117800_20210813,14.623020377308315
S04112200_20210816,14.295076418503104
S06098000_20210816,14.070972942531014
S04132500_20210816,13.066922299294834
S06104000_20210816,13.109529380544918
S06153900_20210816,20.128225181446005
S05117430_20210816,16.21716373973948
S05068110_20210817,19.872547741981773
S05111602_20210817,15.673934771635745
S05116070_20210817,15.657904876621553
S05116600_20210817,14.943687963830453
S03128732_20210817,13.495233486726134
S05218560_20210817,20.06872495265763
S04173200_20210817,16.235431246518107
S02100100_20210817,14.789029956486209
S05183500_20210817,19.391855917113407
S05226500_20210817,14.350663314100204
S05231500_20210818,10.760920231831369
S04026000_20210818,10.261882124948777
S02085325_20210818,14.641445624439452
S03174695_20210818,13.927487210123893
S05104000_20210818,12.374961093292336
S05223000_20210818,11.223274942219955
S05207000_20210818,20.01449020782059
S05111500_20210818,11.072574211879918
S06446330_20210818,16.923710209966227
S06217500_20210818,15.30678959499275
S02082000_20210818,13.669081751900114
S06217470_20210818,16.47269936894998
S04051850_20210818,12.44134076446332
S04606008_20210818,14.997639155312182
S05103990_20210818,14.024966708515597
S05218630_20210818,19.932584542376553
S02104000_20210819,13.289064096920509
S05106855_20210819,14.835542159799775
S03164180_20210819,13.787165982042636
S05207050_20210819,19.858779507676683
S04405027_20210819,12.920849263548018
S05072000_20210819,13.1989001601269
S06167000_20210819,16.08746747409084
S04004805_20210819,6.793794371443708
S06026000_20210819,14.098568009962982
S06139080_20210819,18.630874949027707
S02048980_20210820,18.167112033764067
S03178348_20210820,14.598819154903595
S05216150_20210820,12.136521390261452
S06710014_20210823,19.140096158754943
S05114500_20210823,13.524184893681937
S03254510_20210823,11.979490295357715
S04200499_20210823,11.096567473839787
S02000011_20210823,14.243535855869384
S05172050_20210824,12.670134234799779
S06820350_20210824,14.019725937224493
S03250952_20210824,12.77956817068554
S03161335_20210824,15.68880317261923
S03146498_20210824,8.601579832631145
S03156695_20210824,15.359431007048872
S05034700_20210825,12.927126457133918
S05177600_20210825,16.467673668314106
S05125420_20210825,17.330696261832006
S06700148_20210825,12.04296581756603
S06070800_20210826,16.569539034328514
S05125545_20210826,14.275097609907101
S05174000_20210826,20.18771912933015
S04108285_20210826,14.86985239113462
S05042050_20210826,15.788595018803548
S02003800_20210826,14.04009775390077
S02067505_20210826,10.882913568244145
S04431023_20210827,12.650906538126083
S05033220_20210827,16.205486608346522
S04118000_20210827,14.460041265519338
S06700094_20210830,16.507247330427642
S03145290_20210830,15.522582440263758
S05055700_20210830,17.05192542953688
S05053086_20210830,9.052819939290611
S05052540_20210830,18.078211242364173
S05031050_20210830,15.477409893702728
S06700590_20210830,18.850467883024155
S04027730_20210830,20.042180765402282
S03136840_20210830,15.147676133615258
S06114820_20210830,19.724420954487538
S03158900_20210831,15.363933499956008
S06404800_20210831,14.405718411499969
S06114870_20210831,20.035837118541462
S05053930_20210831,17.274053735641736
S05053975_20210831,19.025544501958294
S05060000_20210831,15.151622913507302
S03138000_20210831,14.910635934602167
S04179645_20210831,14.573578065121064
S06000568_20210831,16.966759443070394
S04096175_20210831,14.148770259220932
S05119902_20210831,12.969867025574189
S05181130_20210831,17.324021775365644
S06830139_20210831,20.549147840442053
S06700007_20210831,19.6809610631973
S06065700_20210901,14.999880303837253
S04094200_20210901,13.982681460724963
S04011100_20210901,16.220048298376724
S05156950_20210901,13.839671054384251
S05055550_20210901,20.294181834586652
S05057180_20210901,19.530935220432156
S04167000_20210901,13.573171526997577
S04168050_20210901,12.276455847905815
S03105462_20210901,16.53835143161528
S06085500_20210902,18.65898734312482
S05061230_20210902,16.026145549246323
S04442002_20210902,13.037891472207592
S04442017_20210902,13.428779701902556
S03072200_20210902,14.685775589551152
S03222000_20210903,14.019508328845049
S05042095_20210903,15.58206276530203
S04500012_20210903,16.677955576093286
S03077000_20210903,12.782224671747162
S04012200_20210906,15.30550043308517
S04194600_20210906,18.30652361647798
S06210640_20210906,16.83603483923281
S03037550_20210906,14.89334002043689
S03005200_20210907,15.633818744501532
S03212150_20210907,15.714983676459848
S04000850_20210907,16.86169278223484
S05068660_20210907,16.76270359421458
S05068630_20210907,16.44536701719255
S05126050_20210907,16.260992844249603
S06051550_20210907,14.311910053260952
S06052410_20210907,15.274689808796797
S06020460_20210907,19.53779417876046
S05056800_20210907,18.00201856300671
S03161850_20210907,15.601183306216258
S03231748_20210908,14.668518188513957
S04001990_20210908,14.56277422941289
S04002010_20210908,9.480055948489621
S05126150_20210908,15.925066782921885
S06438710_20210908,20.250105192049993
S05047000_20210908,14.13949303422135
S05069230_20210909,19.710375420526795
S04403009_20210909,10.813861732859628
S05049220_20210909,16.330457146865033
S04029050_20210909,18.498894649114277
S06182600_20210910,15.19634853094795
S05215100_20210913,17.329452672597576
S05097500_20210913,15.084259692496467
S05201400_20210913,14.217573805497441
S05201050_20210914,15.773494920580038
S04312009_20210914,14.44323881761776
S05207150_20210914,13.925746020013536
S05199800_20210915,19.713240362420613
S05200115_20210915,16.96952916249038
S05199750_20210915,19.395121644271363
S04103200_20210915,14.36077332736889
S04102400_20210915,15.145072811252515
S04134700_20210915,13.368079440198397
S05085600_20210916,14.924921712818408
S04027670_20210916,19.030996884207884
S05183600_20210916,19.193873637849215
S03228880_20210916,15.191612919245106
S03114825_20210921,14.953444031172467
S03082000_20210922,15.246455145364182
S03112480_20210922,14.424388921112705
S06438600_20210922,13.350749823625025
S04475027_20210923,14.3504855130508
S03155345_20210923,15.03323544307523
S04591001_20210923,14.350815895982066
S03154640_20210923,14.006128835663974
S06072300_20210924,15.768247688648353
S03153139_20210924,15.411378584642765
S05173350_20210927,18.845292509971337
S05183710_20210928,19.86198843521791
S05063800_20210929,17.467690250172907
S05094810_20210929,16.780212412837248
S05091725_20210930,18.24455082713257
S05117450_20211004,14.031932483002251
S05063980_20211005,12.142379918579271
S05214320_20211008,14.111415842804801
S05061942_20211011,18.72690429494659
S04003060_20211013,15.778461670055336
S04003170_20211014,17.855186645558078
S05163440_20211018,11.075379144769473
S05064120_20211022,14.048737403309824
S05046100_20211027,15.300886802707593
S06000610_20211108,19.12687637565595
S06580347_20211108,17.325371164830006
S06341300_20211110,19.93487258586389
S06135350_20220207,19.862761878933558
S06159930_20220221,21.088632282688913
S06062400_20220302,19.98115161452948
S06177760_20220419,14.153113165783326
S04735002_20220419,13.709228674158055
S04682003_20220419,10.250869032698837
S04070000_20220426,11.688904028299687
S04781000_20220426,6.549818677980026
S04052220_20220427,11.610292451326378
S04108050_20220427,19.146380028324124
S04445000_20220428,19.699164337070865
S04049625_20220428,12.795508066124487
S06006720_20220428,16.322493025615636
S06048300_20220428,7.351515100452472
S04443002_20220429,10.32927334021819
S04205500_20220502,14.286188995784638
S03091000_20220504,18.04496253557553
S03103370_20220504,18.151904738066147
S05018650_20220504,16.568177998980463
S03001000_20220505,20.136235764152076
S03103440_20220505,20.058036873596436
S05007290_20220505,13.777574209094608
S05144250_20220509,15.193486078820749
S05128950_20220510,12.62571751600777
S03219780_20220511,15.276218704443597
S05139000_20220511,12.838068873258084
S04074380_20220511,15.010384957057324
S04782005_20220511,19.742829553958682
S04660012_20220512,8.628389853911887
S04660011_20220512,11.237434435560708
S06820156_20220512,13.593275571836687
S04652000_20220512,14.394805033755329
S03219263_20220512,17.54239831065991
S04660013_20220512,12.666222029244604
S05031120_20220516,17.12162129990907
S03230790_20220517,15.414210502467327
S06300620_20220518,14.38321895072379
S03036070_20220518,16.9464954515435
S03233825_20220518,14.339117667932527
S03215193_20220519,16.405903849637657
S05065000_20220519,20.211057481421207
S05065500_20220519,20.80267628925902
S06820043_20220519,18.185637849000404
S06095000_20220520,14.707766168343342
S05033570_20220520,17.028940773845406
S04413008_20220524,15.957843216365811
S04584000_20220524,12.797831257407832
S04440003_20220527,14.16016409155086
S06003500_20220527,14.32314733938738
S03128935_20220530,15.79623993787951
S03207610_20220530,15.363764937131966
S06083580_20220531,17.95552316719436
S05080745_20220531,15.632983512405449
S04604005_20220531,15.169212289520527
S06020500_20220531,20.139300762660525
S04131200_20220531,14.10901967754363
S04137993_20220531,13.713520959915012
S04304000_20220531,17.49491252316322
S05078900_20220601,16.122171739081605
S05108145_20220601,15.860883020581365
S05079100_20220601,14.21752916347793
S04613024_20220601,13.05235340960766
S04016980_20220601,18.223372993147986
S06021500_20220601,20.079977366145705
S04453029_20220602,12.591842594129536
S04453027_20220602,14.077357963307772
S05167800_20220602,19.423414650231415
S06035500_20220602,14.748122038026235
S04041200_20220602,14.756782210912705
S04123980_20220602,13.461248419359164
S05106245_20220602,15.2864691681452
S04083000_20220603,11.464282095611617
S04126295_20220603,11.376239349137327
S06830800_20220603,15.722974432653611
S05006200_20220606,18.9994987373697
S05125387_20220607,11.753381070355916
S03234346_20220607,15.01567065055297
S05132130_20220607,19.923524808643563
S04027210_20220608,18.127981313417152
S05151982_20220608,14.877791535810585
S06580713_20220608,20.17667004663955
S06028100_20220609,13.750053872966614
S05101400_20220609,17.27519745764908
S04057730_20220609,13.143745812564019
S04636007_20220609,12.47732819104343
S04088000_20220609,15.632840875283685
S06105568_20220609,16.250765618563353
S04153300_20220609,12.738857273220114
S06074500_20220610,12.09613231786053
S05098850_20220610,14.973875794855665
S04086950_20220613,13.185091226147168
S05098000_20220613,16.76481757665168
S06148430_20220614,18.543865696940028
S05025830_20220614,15.277687863348044
S06113270_20220615,16.082829006692744
S06040400_20220615,14.697513297405592
S05119070_20220615,15.327400075796385
S06580333_20220615,16.9656736891942
S04089400_20220615,16.067136520307827
S06118600_20220615,19.218765374172058
S06580458_20220615,18.29508938550725
S06470900_20220615,14.240271160829462
S04541003_20220615,15.020287348013344
S06000890_20220616,15.01792399730233
S06043869_20220616,14.625717865772005
S05119030_20220616,16.016268885548477
S03191700_20220616,14.488410920896031
S06069650_20220616,20.019834343728444
S06038110_20220616,13.115432753134042
S03040250_20220616,16.155728358491725
S05096360_20220617,17.18313769971526
S05025600_20220620,13.646961597937294
S06850166_20220620,18.128687246958673
S04061000_20220620,12.444189103161648
S04061600_20220620,11.37582891777115
S05091090_20220621,18.01445826571464
S03270450_20220621,11.72120878436807
S04131250_20220621,12.963394123574744
S06590210_20220621,19.88450244054815
S06195330_20220621,16.765870084591466
S04029625_20220621,16.80743306843159
S06215000_20220621,19.2347176143908
S05001600_20220621,17.82817861612216
S05170800_20220622,18.240335111078377
S05091310_20220622,15.792667666756698
S05091280_20220622,17.03981208661287
S06222370_20220622,15.987136617113594
S06222380_20220622,17.438258793975606
S05005610_20220622,10.308279251761238
S06182062_20220622,17.164297258907503
S04135000_20220622,11.07140533938917
S03273266_20220623,12.796110563622882
S06446401_20220623,17.59578623122293
S06169100_20220624,12.10148009305824
S05037000_20220627,11.054741209656843
S05234027_20220627,14.680635334368388
S03163742_20220627,15.881119770293934
S06001219_20220627,11.596096435520616
S05030000_20220627,14.793044309925522
S05029650_20220627,14.096138696289016
S03164285_20220628,13.611326849578067
S03222345_20220628,15.879566381010564
S06195000_20220628,13.305127903541065
S03083450_20220628,14.757411885322615
S03104000_20220628,15.94382687878575
S05229080_20220629,13.989740794335058
S03162000_20220629,15.181058889081253
S03202250_20220629,12.667246209739059
S03221940_20220629,17.072237830632318
S06177956_20220629,12.640480719818004
S06180500_20220629,13.667056902847328
S03063650_20220629,14.254303554983103
S03134708_20220629,14.675712318021208
S06620810_20220629,19.822197705569778
S05234026_20220630,14.475070621882994
S03213480_20220630,15.349737841614743
S05234011_20220630,14.687400752632756
S05166900_20220630,14.137166051377836
S04119750_20220630,15.027484985608442
S03162325_20220630,15.582637618474791
S06215790_20220701,17.877298668017954
S05148000_20220704,19.57895180159145
S05234024_20220704,14.50381669600997
S05225100_20220705,10.632301413277034
S06173460_20220705,15.40549121496829
S06300010_20220705,20.16036215034032
S05230020_20220705,14.291108616215135
S05228280_20220706,13.871487313599927
S06189500_20220707,13.2237829269567
S04506017_20220707,14.232898808522059
S04506022_20220707,13.452991373612457
S06176120_20220708,18.550368392959722
S04211950_20220708,8.587818925042605
S05058100_20220711,16.709175218418075
S05060400_20220711,14.76373375324921
S05060500_20220711,15.766083447337916
S05132800_20220711,16.841091359426315
S05139335_20220711,17.73326511585568
S05061200_20220712,16.168961808907884
S05023960_20220712,13.544415814835258
S05158160_20220712,14.348571243115085
S05060200_20220712,15.832177837916586
S06580171_20220712,18.140783994575266
S05023050_20220712,14.62560512881544
S05137090_20220712,20.148195531925932
S04134000_20220712,12.035757068387282
S04057200_20220712,15.472807000897928
S05139355_20220712,13.462660185077098
S05157800_20220712,15.051926196965805
S03240320_20220712,15.003555458044543
S05139112_20220713,12.820423431821988
S03105865_20220713,15.586567189926914
S05158294_20220713,14.97629302296856
S05157250_20220713,14.658581772590995
S04041700_20220714,11.826818813737443
S05138100_20220718,17.981468484474796
S04154200_20220718,14.043089389107527
S04033300_20220719,16.483017290273615
S05087000_20220719,15.518866975102883
S05087880_20220719,17.99764710648695
S03052245_20220719,13.846364818233507
S06179500_20220719,6.459897358935564
S05068080_20220719,18.121453267496438
S06149070_20220719,16.506586418191358
S04110000_20220719,13.615184947679985
S06010000_20220719,13.607711670273641
S05116530_20220719,10.432388293031579
S05088120_20220719,14.238717501269653
S05007985_20220719,13.555582742299919
S05114000_20220719,14.358819774591822
S05135900_20220719,18.052469997103923
S03057000_20220719,15.134240159254587
S06000868_20220720,17.66208149013284
S06000425_20220720,20.33165208033537
S05068355_20220720,18.363842162906444
S05061942_20220720,17.848445426065435
S06180860_20220720,12.365710240368605
S03257800_20220720,13.098151000000449
S04076000_20220720,16.876747220495268
S05046100_20220720,15.482343321055618
S04096400_20220721,13.68528647793297
S05134260_20220721,14.980033660196487
S03255180_20220721,15.560772934407183
S03033000_20220721,11.23585190710306
S05064120_20220722,12.17356972761557
S06580960_20220725,20.40212761693852
S06820316_20220725,16.448100416889634
S05068270_20220725,16.27876665659778
S06580980_20220726,13.851875698326236
S06178000_20220726,10.443215322289173
S05117450_20220726,14.854854445004708
S05162450_20220726,12.371382131175626
S06117380_20220726,15.566288253759254
S05015800_20220726,16.83674240107261
S04009480_20220726,11.365476561662543
S04111000_20220726,12.368623067440218
S04165800_20220727,13.525338522050545
S05011600_20220727,15.235823830168027
S05179500_20220727,20.092737488830497
S05176160_20220727,18.932306160388233
S05176170_20220727,18.0684838491151
S05118000_20220727,15.295595061986532
S06147210_20220727,16.423616471466605
S06177000_20220727,15.712749688820129
S03244910_20220728,15.835613788996046
S04096175_20220728,13.811550279199196
S04090500_20220728,14.563446040641743
S05115000_20220728,11.279248280449963
S05234000_20220801,12.353257337582118
S05133000_20220801,18.792781228249847
S06300250_20220801,11.698668480051333
S04192100_20220801,12.320150659605495
S06710110_20220802,20.267962957788605
S05197010_20220802,11.071952878451697
S05197600_20220802,19.535849670074754
S05235850_20220802,20.00142379402071
S05052700_20220802,14.347378741801867
S05222995_20220803,13.921340776345627
S05099300_20220803,13.653332562443325
S05106850_20220803,13.75438454812793
S04392002_20220803,9.420013695764592
S03071080_20220803,14.553806687491345
S05121000_20220803,10.6616368035134
S05220950_20220803,13.201578585341483
S04146600_20220803,13.385098722168545
S03024510_20220803,13.423630292984868
S05234900_20220804,14.985308908141565
S03127550_20220804,16.227512864222806
S05233000_20220804,10.628474614218437
S05054020_20220804,19.55341907368323
S05120092_20220804,15.673960216557473
S03241330_20220804,13.560814143792667
S05234287_20220805,14.714994897594593
S03033030_20220805,18.228043249852178
S05143120_20220805,18.84611162230452
S05154250_20220808,9.005606408218423
S05197100_20220808,16.085283889763733
S05207150_20220808,6.440105149865543
S05151200_20220808,19.25409234087223
S05230990_20220808,9.881873013475666
S05152000_20220808,10.9121931549491
S05153000_20220808,14.768794921397765
S05223145_20220808,11.74530968294403
S05155800_20220809,13.30486242840043
S04082000_20220809,15.96153047193774
S06580640_20220809,12.579140786065542
S06175645_20220809,19.661948049415393
S04024300_20220810,12.937556692860865
S05203060_20220810,19.681890165217744
S05125510_20220810,14.575231580071929
S06167000_20220810,14.702763920057548
S04180100_20220810,16.865179133762993
S05148150_20220810,17.57802705455924
S05207030_20220811,19.171047712898737
S04338003_20220811,14.550440716918182
S04178455_20220812,17.467078116158227
S05158700_20220812,13.15407321963527
S04011100_20220817,13.467074468618707
S05177000_20220818,18.611223670272235
S03236690_20220822,14.802949570336619
S04354000_20220822,19.34475815484357
S06166990_20220822,17.579809877106225
S05069940_20220822,18.185836290639514
S04195400_20220822,17.006176023593103
S05131000_20220823,10.118918336726097
S04070230_20220823,9.058367686043198
S03127370_20220823,12.242374972381425
S04068200_20220824,14.812229834854246
S04074200_20220824,14.393086107477782
S05170000_20220824,15.631233136271321
S03084470_20220824,13.826549283557908
S03018431_20220825,16.685809338865766
S04194500_20220825,16.301533509580622
S03271965_20220825,10.004390526209912
S04067200_20220825,14.629254664548304
S03131000_20220829,14.75948239556044
S04197818_20220829,16.484689368309517
S04009000_20220829,11.9763180010677
S06139750_20220830,14.509108836689473
S03025238_20220830,16.270217296304597
S04134700_20220830,16.0733694264016
S06137250_20220830,20.115153095001467
S03033120_20220830,17.985451104738615
S04175500_20220830,16.78066699889835
S05172920_20220830,19.986599212819133
S05080960_20220830,15.3435140166104
S05083400_20220830,6.702002442051086
S06053000_20220831,14.095888210230125
S06462300_20220831,16.458432708298538
S05076050_20220831,15.374596860021354
S04606025_20220831,10.756370382200792
S06830110_20220831,18.245864212969355
S05167010_20220831,17.319038698739572
S05068505_20220901,19.19344183790577
S05191200_20220901,17.466483850016637
S05192024_20220901,20.441501198707172
S04021000_20220901,10.571655831394764
S05191150_20220901,16.884186047053813
S05091540_20220905,15.411087769015454
S04000580_20220905,19.751017692445345
S05044300_20220906,14.231887503714582
S05126150_20220906,17.090153979924192
S05126060_20220906,14.188267234868508
S05125230_20220906,15.202765381702658
S05068700_20220906,17.85657403989072
S04404007_20220906,10.6357010096342
S05055900_20220907,11.06578791169646
S04009350_20220907,15.815380308416724
S05091000_20220908,17.533925530628444
S05120020_20220908,15.703222594425108
S04475026_20220908,13.438819679436008
S05055600_20220908,20.33423442881741
S05089060_20220909,19.952861493618084
S04052600_20220909,9.586832884909263
S05173280_20220912,16.570950617492365
S04063420_20220912,14.067012034526497
S04168140_20220912,10.62818996932595
S05031380_20220913,15.802133321380254
S04171450_20220913,14.049652137146392
S06330110_20220913,19.54764556812484
S05033590_20220914,16.00187965280521
S05033800_20220914,16.090627952067702
S05034700_20220915,15.511005385901697
S05041000_20220915,17.20094003178693
S05039000_20220916,13.124941787719816
S05207150_20220919,12.659468352730013
S05201030_20220919,15.498831358931097
S05237000_20220920,16.77313999761412
S06003005_20220920,17.158265550637307
S05199700_20220920,16.850852085901924
S05201060_20220921,17.252155799161564
S05099000_20220921,14.440890431512875
S05204880_20220921,19.48698125451734
S05206180_20220922,19.998126129846565
S06001289_20220922,16.79010112695794
S06106600_20220928,12.446156860015977
S05216210_20220930,17.488653182528584
S04403008_20221005,12.09849172321286
S04001900_20221006,13.857135119635233
S05180880_20221007,14.829846418434444
S04401005_20221011,12.553247214632451
S06001769_20221011,14.110990303456418
S04001940_20221011,15.319706139270977
S06462100_20221103,19.158503463624438
S06154250_20230207,19.998414011655008
S06159930_20230214,20.536654006752503
S06069600_20230228,19.274563914543364
S06129600_20230404,9.610103809338725
S06178057_20230411,7.601927455209389
S06177988_20230412,17.281294617573607
S06177760_20230412,12.83382593265448
S06179665_20230413,16.56725749097081
S06580075_20230419,14.273669027141072
S06000520_20230509,14.454801174346299
S06113260_20230511,19.9804771959108
S06300121_20230522,14.14770802231185
S06300620_20230523,13.766744111171146
S06084770_20230523,20.1796525026938
S06455050_20230524,11.061650982588553
S06016500_20230524,14.583587714206175
S06262450_20230525,19.226673650811918
S06850166_20230530,18.682422133580133
S06074500_20230601,14.487798847572375
S06069050_20230602,9.653315886743371
S06131900_20230607,11.765503483931415
S06190900_20230608,11.063921871529018
S06173460_20230612,16.644608503952345
S06187100_20230619,18.488579019222094
S06000580_20230620,16.454043196529476
S06000579_20230621,15.385704186215133
S06090600_20230621,19.563652647964982
S06940940_20230623,15.461712143649649
S06126600_20230626,15.884270331292527
S06474920_20230627,14.010463292185365
S06014990_20230630,16.127262355094828
S06411400_20230704,13.472427169692269
S06108500_20230704,19.898793187788776
S06580458_20230704,16.550874392762264
S06405950_20230705,16.50698599296437
S06003500_20230705,12.370318088433898
S06119000_20230705,17.183445892878
S06094039_20230711,14.350383442370386
S06177972_20230712,10.704689120535491
S06000401_20230717,19.971093669485573
S06300056_20230717,13.243464005464624
S06182062_20230718,16.1928366609055
S06830119_20230718,18.968501479533014
S06195330_20230719,15.969007170702719
S06173650_20230720,14.705441037760307
S06076420_20230726,17.047472172782218
S06830139_20230818,17.399339619081605
S06178000_20230822,13.372991326633802
S06830142_20230830,19.902152156478767
