y_unc,cb_oof
10.5,11.375714029447408
16.6,15.243327159423643
18.0,17.44610078119149
16.5,16.48974321919377
19.0,17.891529249609448
17.2,16.840864364567096
19.3,18.195444480981678
18.2,19.13357546107727
11.1,10.209635203995276
17.8,16.68264639692279
17.7,18.80652141329483
19.3,17.608699452859582
19.3,16.68805642129155
15.3,15.019325843575643
14.8,14.43753245845437
3.1,10.433317945629824
11.4,12.506261239585001
14.6,14.80050280559226
16.1,15.434995947987773
14.3,14.499692829471314
14.4,14.418662223732099
13.7,13.77664317181916
15.0,15.530117494432488
18.5,18.001795599724574
16.5,15.599611768171599
15.6,15.373887506915707
13.8,13.17384372415836
15.6,15.567965476082463
13.9,14.667814567335881
9.6,10.290381072671153
12.4,12.295126387267374
18.9,18.454913680790924
9.3,9.122047751618084
13.2,14.273792918829713
17.1,17.3965356144181
14.5,14.62287052287138
14.4,14.296490883702063
14.7,14.601365032009198
16.0,15.681739807012491
14.8,14.752263297355967
11.5,12.345302274799906
16.1,15.881846361560747
10.5,11.573421778623015
12.2,12.837492637103423
16.4,15.945094344471727
13.5,13.693245968699557
15.7,15.176482021721313
9.7,12.302999200182967
14.6,14.655294093157863
12.0,12.909479516500141
13.6,13.325826988671906
15.3,15.284238393680425
12.7,13.18370702746688
15.2,15.557701158570126
14.0,14.49984502751613
14.4,12.354544980975334
14.3,14.400913736521034
16.2,17.558027644001413
7.0,7.910405833739787
12.4,12.38937027315842
15.4,15.22849751013564
15.1,15.110489681363106
10.7,10.872335076914169
16.3,15.430463830358349
17.6,16.856790068763075
13.2,13.159722819138551
15.1,15.158648537879344
14.6,14.58990187884774
11.6,12.391546931961784
13.6,13.427491544542136
11.4,12.317875904060202
15.0,14.878306794649689
15.2,14.885439708770718
15.7,16.120592958584893
12.4,12.83098095326568
13.7,14.5075803338259
15.8,16.312562291597715
13.5,13.797482917725574
15.8,15.497609509940958
14.3,14.087724316195818
15.0,15.489344205363523
12.6,12.49895180691965
14.8,14.849356459715636
13.3,14.286233734193956
12.1,11.961873624357395
14.3,14.694553995126626
10.3,10.753566627157852
13.4,13.099499155476224
13.4,13.931584474339616
15.8,18.069980126718292
15.3,15.580000971822301
14.3,14.67430626161513
18.9,18.97767605097033
18.2,17.39004736422794
14.4,15.41946981253568
13.1,12.842544781742617
19.8,18.524701697489945
12.8,11.395695571787655
15.4,14.994029338500695
17.3,17.51404324284522
17.8,16.299763232120313
12.2,12.914212204079377
18.9,18.487972941889893
14.5,14.512505647857324
17.0,16.328603014088003
10.3,12.356965040409705
14.7,14.686857488884925
17.1,15.703678788562684
14.1,13.3921901351423
14.4,13.68010614013474
13.8,13.646842368645594
15.5,15.395217207609676
17.8,17.880413819249952
15.9,15.539972033384402
15.3,15.195585562669294
15.5,17.280147666897392
8.7,10.64843574425322
15.8,13.682803771283943
17.6,16.04417441273108
15.3,14.713022621814162
15.5,15.678693530033343
15.3,15.178451987536391
10.2,11.316657235351158
10.7,10.275954331445973
14.9,14.370937805244466
13.7,13.20333115811809
13.7,13.741303122602403
15.8,15.56019458323135
13.5,13.577581679652212
9.8,9.727947923733154
12.0,10.861266090360004
12.5,12.920494417499867
10.8,10.688742823025677
14.4,14.537435638369061
12.8,11.902452197798993
12.5,12.10922529999516
13.1,14.439509900857956
18.6,18.837239323183894
12.8,13.686310629331274
14.5,14.686231877858518
14.2,18.861286007566378
17.8,18.191299843078014
14.1,14.115528683851153
13.7,13.907027657580329
15.8,15.597167841624469
13.3,12.37069096666528
14.0,12.33222209685482
12.7,12.785751264193095
13.1,13.145317060610978
14.4,13.4271876770581
12.9,12.74519919246086
14.0,13.084574008651543
16.0,17.139640676090494
17.6,14.331839300110005
14.9,14.73570003779605
14.2,13.617588491237257
12.6,13.050201984035084
14.2,14.304313320229994
8.9,8.7088922400726
6.3,6.733706482336856
12.6,12.106103461501334
13.4,14.257235537457746
13.1,12.937693997366296
14.0,13.256119567871792
12.1,11.67431270662928
15.0,15.169070924024709
12.2,10.95331095677102
14.3,14.14852958539268
12.6,13.628563541918993
14.0,14.649889702650398
17.5,17.67046788080188
16.5,15.065252814150881
15.3,15.579269786050645
19.6,17.86717208477785
15.2,14.898531621147413
8.8,8.460080211400054
16.9,17.65631938932347
11.1,15.803308830654714
19.5,18.580141778918914
17.1,17.293069729596027
14.5,14.51667466435174
18.2,16.389234421265428
13.3,13.01849336325904
18.5,17.460827771399636
12.1,12.886053273105063
17.2,15.697369689471088
12.1,12.358069240959594
14.0,13.294604759779759
10.9,11.292410354792082
12.8,12.513677639362868
15.0,14.770941476330336
12.1,11.144893852178939
11.6,12.055252289690543
14.0,14.399906926239055
18.9,17.80638205417199
13.9,12.381030779972207
18.4,14.849448041757569
9.4,11.086246617487632
13.6,13.541630999858171
14.4,14.699621894338634
15.1,15.587668929510983
15.1,15.520462358166697
16.9,17.679296413145494
16.0,15.478643673055558
13.4,15.105523956299294
14.7,14.433774520046427
14.0,13.921985020853754
12.2,12.037981952773407
14.6,14.382377684778476
14.0,13.978045970143285
13.3,12.841622334730346
7.6,8.259537798934616
16.0,14.114608714618953
14.5,14.330768662242917
13.7,13.690393272030633
19.1,16.717273406073218
13.1,12.910681646957528
12.8,13.727160469046794
13.3,12.889371812460013
17.8,17.23005995407584
13.9,13.637746068532579
13.2,13.024597075214842
17.1,15.950452254066477
13.4,14.12591958680423
19.1,17.980690771422815
17.9,17.371840754436562
14.4,13.98783951063524
14.6,14.43684737449803
18.5,16.54647294062306
14.8,14.650052687589778
13.3,12.531716319126645
14.9,14.60827817041718
13.0,12.229204165952979
12.1,11.535563437180826
14.7,13.162510608904995
14.9,15.733220671943855
15.5,15.575174377969233
14.9,14.580959792569047
10.2,10.697219818684971
10.5,10.918658977083396
12.1,13.931118178647012
13.5,13.294821055664215
11.6,11.241072445642203
16.7,15.83051878126571
14.7,14.746279916638741
19.5,19.34296753187664
6.0,9.363026780018117
14.3,13.969581012861454
15.8,15.867763646514504
17.9,16.745237797731534
19.1,17.28218402643688
14.6,13.122223848244175
14.9,11.603130654606503
12.2,14.924482334818094
15.2,15.009824079495957
11.8,12.122799861477688
18.9,18.188442762184422
11.6,11.45182824524818
12.3,12.377812823688146
13.6,13.23757321582525
14.4,14.172788453404792
14.4,14.194203299586661
13.3,12.947849438292906
16.8,16.77403854088334
14.8,15.038255120030954
12.9,13.683335800835266
14.8,16.23343986517284
17.0,16.9712391311823
19.8,16.896599771396723
15.8,17.688736258918652
14.2,14.52053665690255
15.8,16.015036982644233
13.8,13.599006227930658
19.3,19.000198057095986
13.9,13.004116210824577
17.8,16.29294156236574
12.6,13.426948721113149
14.6,15.316276433037274
10.8,10.426324234635103
18.2,17.309250218799207
11.6,12.788918357546208
11.0,11.30123226728756
15.9,15.15552420244785
17.8,15.024878823576728
17.3,15.549963526136708
19.0,17.3482160702697
13.1,13.270421612513019
16.5,16.637558259419166
11.2,11.025226886529708
14.0,12.879483959812205
16.7,17.58038281026529
13.2,14.007461989927833
17.7,16.20264392066747
12.4,12.937146834214218
19.1,18.907279708451824
16.9,16.61308008863125
19.3,18.933948919788236
18.7,18.588840609183535
17.7,17.512964383990038
15.3,15.51158695408958
15.2,17.371549978706753
15.5,16.05722520960262
19.1,18.54025235780864
6.6,7.497917784494348
17.9,17.40235352097079
14.3,13.781693969009211
13.9,13.519746737612877
14.5,14.595543132250896
14.8,14.98776963131968
13.0,12.82385044451803
15.8,15.030093408015091
16.0,15.695612675852317
15.0,14.859957790875342
19.8,18.83014481526334
18.5,18.96170919429278
19.6,19.25077094696462
15.5,16.257534108721302
19.8,19.173197371535935
8.7,9.754461840901058
19.7,18.93878231116105
14.8,15.720895385693439
16.8,18.168378015921917
14.2,14.968371849696268
13.4,13.610451876709703
14.1,15.881271580583416
13.7,13.61776972710868
14.1,14.70178832703823
14.3,14.62293307215441
13.8,13.2056772280539
19.6,16.457759025332052
15.5,15.919733403716236
15.0,15.360211232065922
10.6,10.60890426399419
12.1,13.800408846291248
13.7,12.959214829548728
14.4,15.302685562637635
18.6,18.548223392892396
18.2,18.329838684760034
14.1,14.155730260710698
10.1,10.631110004440416
19.2,18.561080721992766
13.6,13.514941453468055
12.7,13.455580142501276
18.5,17.290016438098974
17.4,16.114782445511082
15.7,16.20563792635221
18.1,18.706755973602412
16.9,16.20429745828733
17.6,16.196174953889567
17.8,16.578446969801007
16.2,16.8714022316708
19.9,19.27478713117307
10.6,10.297728648496559
13.2,13.222451176698087
14.1,13.977310875619878
18.0,17.372406554291956
12.9,13.680836310551967
14.4,14.689164683228228
13.0,13.509791279808269
15.6,15.767769430094631
18.6,18.23813248251099
13.2,13.167679886220867
15.0,14.99342851957772
11.6,12.161658946890384
10.5,10.699150876054773
12.0,12.677074934937991
12.9,13.055440345662646
13.4,13.81165809778031
16.4,16.46992466817028
10.2,9.379568465868942
13.8,13.190484079881571
15.5,15.281993591343053
19.7,17.25702960434137
15.7,15.20386597732977
11.7,12.370767164422432
14.9,15.721493142613326
15.4,15.289571977831656
12.9,12.785562338369346
17.2,15.917570642151986
16.9,16.175582636380568
16.7,15.949804650128499
13.7,13.881806894438341
18.3,17.423773130984046
19.4,18.452143356698798
15.1,14.909976183436811
15.9,15.34486331284279
12.5,12.67628532593153
15.3,15.621176756336354
8.6,9.077993138693273
12.9,12.77675014239503
12.6,13.109726521535777
11.6,12.27923996176105
13.7,14.541428082073253
15.1,13.95077556677279
15.4,15.885581621689198
14.8,14.361125991563313
13.0,12.777785151265562
15.2,14.877121488098055
14.8,14.380797272053314
14.9,14.61490190718905
12.7,13.38694149380899
15.1,14.725966394500574
14.4,14.566616014082683
14.3,14.312096641602693
14.0,14.0765479192778
19.5,17.884544773842208
15.2,14.589416801987682
16.2,16.78987265509204
13.0,13.193218991567846
18.1,15.560402328206692
16.4,15.793072295200545
12.9,13.472039418498753
14.3,14.29171167487766
15.2,15.081487338698935
14.7,15.315048138611019
15.6,14.827036799426423
16.8,16.21877055056393
18.7,15.003088485362241
19.3,18.13618117128499
16.0,15.97232172774784
16.9,16.298703376960475
14.1,14.55319667913136
15.5,15.474658794089919
14.5,14.64984928848935
14.4,13.365951466053957
15.0,14.929596544447122
15.5,15.447752805310301
17.8,16.63339950144291
12.8,14.239299073291477
11.5,11.908651062258286
14.2,14.221589952470822
15.1,14.939776117476868
14.8,15.145420005195774
13.7,14.497869859187631
12.6,12.36118819884723
14.9,14.685124825773528
7.2,10.103373341058614
16.0,16.781237278104527
13.8,12.836646647370799
13.5,14.023086253466317
15.0,15.405213880410884
15.5,16.660525256302208
14.2,14.405190586785466
13.0,11.559553599978244
13.9,16.257998528773896
15.2,14.503462074382696
19.3,18.199152201705147
13.3,11.04219077111884
16.4,16.67013023074105
14.5,14.195057349948911
16.1,16.715485161403194
14.0,14.719330939551583
14.9,15.005419202672783
15.0,14.997357107633434
12.9,15.061099918442778
6.9,7.721377674839459
15.0,15.440504108377354
14.8,16.741173597714806
13.1,12.693316641583806
6.1,8.564620878431015
14.1,14.06552121994173
14.7,15.252837977051968
12.2,12.168330933629477
14.5,14.677346010925248
14.7,14.308045572577612
14.4,14.851381692657014
15.1,15.444412539412951
14.7,14.542866462055827
16.1,17.855866401921958
6.8,12.614944218314122
13.9,14.449736765833222
15.0,15.658841618125734
13.8,14.848019444863894
17.9,16.463310173683567
10.9,11.477293135569198
15.4,14.169175045215525
16.3,15.967764678120147
14.2,14.482711445092718
15.9,16.410104133174173
12.3,12.3308975402324
9.1,8.805485203512944
10.2,10.442640900779224
15.8,15.738288881895642
15.2,14.25728649480152
16.0,16.453113597839547
14.2,14.6571989769036
14.4,15.013052469133982
11.7,11.410289125604322
14.4,14.358025281544542
16.6,16.434081538231112
14.8,14.708286322060303
16.1,16.24337500461843
14.6,14.22473337305928
18.2,18.164600491407327
16.4,16.039158018131275
14.5,14.805910931929247
15.7,15.558309032465331
15.8,15.326830648293253
10.2,11.375509671983309
15.6,14.953802290343447
15.1,14.506387244582584
15.3,15.02736282031401
9.8,9.765711072075646
9.5,11.376063633069862
17.8,16.722700677699322
11.1,11.289734032034175
5.3,7.3612850629142486
13.1,13.637209990323754
15.5,14.69613621867029
11.7,11.904629255644977
12.4,14.674490877368953
14.9,14.91259770779834
15.5,14.6634688784834
14.6,15.067700288454944
15.6,15.177975606289692
15.1,14.968574066817382
14.3,13.89665289907498
18.3,16.74606790638063
15.8,15.36654355272185
16.2,16.094797061497957
17.6,16.79863967275014
14.1,13.937128824181855
16.6,16.544915873673744
19.5,19.413724968821043
14.7,14.714107237254211
14.4,13.506599366170121
17.0,17.42259702720912
15.5,14.932578681640734
18.1,18.40563286212273
13.1,13.435343778284732
14.7,14.364236918539973
14.6,14.336570327053778
12.6,11.719215272722067
15.0,15.474619966207683
14.3,14.028808250825023
8.9,8.590689087315695
13.2,14.381783300288589
6.9,8.126271991292015
12.2,14.449757813159522
14.1,13.770857654337306
17.6,18.207713084761053
14.7,14.81263451059931
14.3,14.446739388105925
13.8,13.277618635154795
10.1,10.028160239380668
14.0,13.73217316611408
11.3,10.425114520650823
17.9,18.306684582319576
13.1,12.224502893484896
14.7,14.522272155916653
15.2,14.757951723469887
16.5,16.882141992799006
13.7,13.046224943274865
16.6,17.074640401959186
15.1,13.838703491957858
15.2,16.145262876641937
14.1,13.86109840656718
13.7,13.579196159382263
19.4,19.024884561105864
19.5,18.8985913056531
11.2,11.941344921466225
14.4,14.215161627213092
17.5,17.2643454105164
13.5,13.505177363054827
16.4,16.502139966938557
16.2,16.090054815402254
15.3,15.375847270217491
13.6,13.75653426500503
12.9,12.877554147100454
12.3,12.75046598300105
13.7,13.88283927867269
13.8,14.691154958771222
13.9,12.299397451657569
12.7,12.715595315850805
14.9,15.263191715843277
14.3,16.044164196882775
14.5,14.965064211864956
18.0,17.673799430020154
13.2,13.034094817114237
14.9,15.471030284264998
10.9,13.4453836120083
12.0,12.6880658378941
14.1,13.792429749752046
12.7,11.648709116852842
10.7,10.580178136297036
14.0,14.33705092757009
11.6,11.108461313764565
14.1,14.150099310561927
14.5,14.693636357311334
12.0,12.759519100567559
13.5,13.41218097798992
14.2,13.39462085012019
16.5,15.906491975623794
17.7,17.863072784559336
11.8,12.019595629011746
13.7,13.880078377696918
13.8,14.013216502673458
15.4,14.804565376980463
14.8,14.424769562148867
14.9,14.34827709160163
11.7,12.34335312640178
13.0,12.764686502952827
11.7,12.253010236949194
13.4,13.658451687608249
12.4,12.146987240941598
6.0,7.50178683392005
10.8,10.23337300264393
11.9,11.770166843984043
13.3,13.50627532510407
13.1,10.839059360820102
11.6,12.158452945470344
19.1,18.54243994189892
15.0,14.794712862931192
12.2,12.384981634328142
10.2,10.610847607138567
12.0,12.673648540105205
14.6,14.599332053045146
13.5,13.073816153395455
14.0,14.436044002883136
10.0,10.679816924443003
19.6,19.298268268234096
14.5,14.790061032428639
19.2,18.64426129765343
15.0,14.476160575315589
15.1,15.045476657280233
13.3,13.053457000616618
11.3,9.490356940281345
14.0,13.909424577868776
13.7,13.032425978512038
14.2,14.085690058447653
14.6,14.05521099863654
18.3,18.71640428318642
14.3,14.598912738298168
11.1,11.77093901639455
14.2,12.917298808853957
16.9,16.5436946140253
14.4,14.51742658999865
13.3,13.598936232743654
16.0,16.136676455353154
13.6,15.540012999874307
13.5,14.35576308571035
14.0,17.68648845818825
11.3,10.885648716392097
19.9,18.841961857891874
16.8,15.7746516661864
16.5,15.960508041316643
10.2,12.046892880520318
11.6,13.216558821324725
13.8,13.888372544228332
18.9,18.938679446902825
17.1,17.193766992422752
13.5,13.497366024646908
16.0,15.52939169225283
15.9,16.32740421033668
15.7,15.25776836192199
19.9,19.046397188067203
16.6,16.924333150847815
15.0,14.485131687459216
17.3,17.30127005878603
15.7,15.465762876308872
10.1,10.18906469058129
15.7,15.321027419620805
10.2,11.518681843823288
16.1,16.076361969404388
10.5,9.000760074181017
14.6,16.422659314062912
14.4,14.48859550877205
15.0,15.699780872790143
18.0,18.15034498332534
14.3,14.352762422378873
14.5,14.169269929872826
17.4,17.093748890591087
12.3,12.687636608374305
14.8,14.847605968665448
15.1,15.128928674273993
19.4,18.8118449098547
13.6,13.221925868710969
4.6,7.096973638632335
11.1,12.021712967019994
14.3,14.399591250345111
16.8,17.317163740255637
12.8,12.678026199922897
15.1,13.470643190987175
14.2,13.634465373703279
13.2,12.391832004219395
15.8,15.083998054795302
13.4,12.799747220342397
15.9,15.718853283498902
18.4,18.172314354858827
17.9,17.221643094972023
13.6,12.823970896599349
12.9,11.86873416195158
14.2,14.140316291362979
10.9,11.379658312533138
14.3,14.232465256689466
15.6,16.011960021103732
4.1,7.6968998072552495
13.8,14.099156525015133
19.2,19.20859099412337
13.5,14.04145024967147
14.3,14.041874510385242
10.5,11.485052757547237
14.0,14.892858578041341
19.9,19.429215693176957
14.0,13.671098053746391
19.8,19.624844128848054
16.2,16.12090738172992
5.7,7.580716515367385
15.0,15.167429057721165
15.2,15.219889052241342
12.0,14.499089735010784
17.0,16.90255175533821
15.7,15.459188468754292
17.6,14.623105767619563
14.5,13.601011469087098
15.2,15.568538077641279
13.7,12.950202575098956
16.4,16.309794341446832
11.7,11.823144371068338
14.6,15.32647907549108
15.1,14.641626287280815
13.8,13.706590156045422
15.4,15.403886544841953
14.6,14.161603610904422
14.8,17.092008720646845
18.7,16.680286716553383
18.7,18.544712428178173
13.3,14.780635343355243
16.0,15.736292267571116
19.2,18.46773128019413
11.8,12.304783359431894
13.3,13.89522389202466
12.2,12.980932472506538
12.8,13.492881726357155
16.5,16.758329353764566
15.4,15.45520976674743
16.0,16.35888422766584
16.0,16.12020324160403
18.3,17.608808446471812
15.3,15.642329894646537
19.3,18.02599119010847
11.5,12.206976755696815
14.2,14.296929034637287
19.0,16.45388866504436
15.6,14.727874387230258
14.3,13.16314525362759
12.8,12.739527122903382
18.1,17.590344908021507
13.6,15.265435367968166
10.9,11.154535703622969
17.8,17.660881066636648
17.2,16.424687193182763
18.0,17.33191478808294
14.7,15.694851548765655
15.5,15.751038534814143
10.3,12.040381571836406
12.0,12.86016737454338
15.6,15.092790298338514
12.1,11.789973176637432
14.2,15.664439591802875
13.2,12.813951745571103
15.6,15.172062850033399
10.9,12.069349005731056
8.4,7.955538754817098
15.1,15.088616629553144
14.6,14.728411292569945
12.9,12.80921063394635
14.0,13.671863403815223
16.2,16.07398260385162
13.7,13.900309004879091
13.6,13.885402207961306
14.3,14.0207639830478
18.4,18.243035247025546
12.4,12.537939215253573
11.7,11.844947112724185
19.5,18.580015982639452
16.0,15.728825840575155
15.9,16.068244905443862
19.3,18.950066995064844
18.6,18.570515280385735
18.3,16.02472432281138
19.8,19.046357762621483
13.2,16.54606378119206
19.8,19.04702276806347
13.3,13.679972948715658
19.0,18.652862703427672
6.1,9.751634854041185
14.0,13.69471064708523
13.5,13.36895504221684
14.8,15.201058937207563
14.8,15.536299348666944
17.6,18.116800565767335
19.0,18.67243425178458
17.6,17.90018174785655
14.6,15.564235520316288
8.1,9.041289640183095
14.6,14.515199748013401
14.1,14.801664345930476
15.2,15.974584503743245
14.3,14.873594850621885
11.8,12.767285666519456
15.0,15.570850363379577
13.2,13.186789467868948
12.1,12.448547198233427
12.6,12.748221636726157
14.2,14.155872625298798
10.9,11.813483563717455
11.9,12.780121979711112
14.1,13.479501376568805
15.3,14.971004590479424
17.0,15.841226861695759
15.4,15.358368321238231
13.8,13.667872178019024
18.2,18.493357045415905
12.4,13.387972319036635
15.3,16.41081388784005
13.2,15.980364330753218
16.7,16.50735332755721
19.5,19.204417290748097
17.8,18.298811372718774
15.2,16.060346071230015
13.3,14.195068100685603
19.6,18.322440534597263
13.9,14.184348723487346
14.3,14.395362039431348
6.4,7.782539815118071
18.9,18.392318333440926
15.9,16.023314170794038
13.5,12.946374677878339
16.0,16.066219886008184
14.3,14.645630789866118
16.7,15.488359559414675
15.0,14.864774996711276
16.9,17.14823635033099
11.3,11.654749813722447
19.0,19.05385258505703
15.0,14.820201501366682
15.4,14.88632534876524
16.6,16.31519930423019
19.4,18.49313335190527
18.7,18.995633636019193
15.6,15.279931529372334
16.0,16.171894429862732
14.8,15.05022381391609
16.4,15.476473534217803
14.0,14.504779618699104
16.0,16.241848453792045
13.6,11.594625812431332
16.4,17.289526160537207
16.8,16.28705672142678
15.6,15.63624698825879
19.5,18.65186756203184
11.6,12.218801562790759
19.7,18.77352496155072
19.3,18.65514679835178
15.0,15.728891192382434
16.1,15.39603202563012
13.8,13.925865937315393
16.5,15.78042832040228
16.8,16.69745901276474
15.4,14.414479813334765
5.0,6.730109318858013
13.2,12.770389261382661
18.1,17.826726702201995
15.3,14.69475426347708
13.8,12.767318816971965
16.8,16.196333404514007
15.6,14.761250052659307
15.5,16.23002059099963
19.6,18.77379427390406
15.3,15.27744529681513
15.9,15.421439369471045
18.5,18.51747465939843
15.4,14.923172844806686
15.3,15.617353398527484
15.6,15.01985942540341
16.7,16.566524269088404
15.0,14.391903505544178
17.3,16.959213330963394
16.8,16.514781898527872
9.8,9.800681221589912
15.0,14.515767856544699
19.0,18.49766158431885
13.4,13.560503650136525
17.1,17.611226113196608
14.0,13.720056905789534
14.6,14.438469427759628
13.2,13.549611900816672
17.2,17.414153708145022
11.8,11.830980496306438
14.0,13.575170008160057
15.7,16.437958654671093
16.1,15.10408627326251
14.7,14.031170302429018
14.7,14.914682104077656
15.9,14.41881339221436
14.5,14.211004167595092
12.4,12.202682346920483
15.4,15.435820359527497
13.7,14.001719550578855
15.0,14.7792712598457
16.1,15.996621681784745
16.0,14.788479791754071
19.2,18.704659504452138
13.3,13.342068879548606
14.6,14.8572053950993
14.3,14.78575394966174
13.4,10.585804083384573
13.7,12.95710962326848
11.5,12.848330481152516
14.8,13.99590347558842
18.3,17.424865538749145
12.7,12.202020237135002
13.9,14.472885640570894
12.8,13.371784721093718
14.5,14.144729049265152
13.9,13.93972241980373
14.2,14.296877313976438
14.2,13.9657622576633
14.5,14.389682354740216
12.9,13.05021533548097
15.5,15.67010032357939
18.8,18.35713727204711
19.7,19.3106230275298
19.7,18.653467520605773
14.6,14.658877166672028
15.1,15.065367258328479
14.8,13.898947214474902
14.2,14.016381928304327
13.9,15.276397411245853
14.5,14.285026105852012
15.0,14.884953875327483
18.1,17.835531873104628
12.6,12.68072326760739
9.9,9.362946471315809
15.5,15.00595022898051
6.0,7.014514468115522
15.5,16.65391650996753
13.3,13.486480500840116
10.5,12.427709773182869
12.4,12.556385925097857
15.3,14.995506997453049
16.6,16.2068610422466
14.6,14.630443232308608
14.4,14.27494805297465
14.8,15.082544560737006
14.4,14.057173579494702
16.1,15.613386171306047
13.6,13.130477510625497
7.7,7.792722899001092
5.3,10.889145456056212
14.7,15.211564164346782
14.5,14.440404763037805
14.8,14.884774423961062
13.9,14.661567090646713
14.5,14.48188225751801
15.0,15.111488817841746
12.6,12.30248670175206
17.9,18.39228055573767
15.4,15.193190795718692
13.2,14.94030932703754
10.7,11.103158928312041
8.0,9.735468391038012
18.7,18.078429006738588
17.4,17.75456412798667
17.3,17.515928008451738
11.7,12.71222907397896
18.5,17.335713039326947
13.4,14.514389147865586
14.7,15.138632923180921
15.1,15.497360271161597
12.8,12.964216020161984
15.1,15.485167108476162
16.7,16.50362723082071
14.0,14.502804019055475
8.8,9.494471616111696
15.7,15.799019677597244
18.4,15.82552968676282
13.5,12.73136825408801
16.3,16.773885884267656
13.2,12.59188442764571
13.8,13.610265851806616
14.5,14.641186625440241
15.6,15.714761214072496
13.0,12.948259354336187
18.1,17.520393526210682
15.5,15.955066684662597
5.6,6.125733358121579
10.8,11.031379522552015
12.9,12.701801458140835
14.9,15.052220401761588
18.6,18.394170021507307
14.8,14.97381508039507
18.2,17.696489550206024
18.9,16.967480394348968
12.0,12.125063410237999
17.4,16.95367841659754
14.7,15.093119425091572
13.3,14.204974677646533
15.6,15.704675188482724
15.3,15.060556473079487
15.9,14.191642140118347
12.5,13.83130507855094
15.6,15.721494101540884
15.4,15.238128472585231
16.7,16.013355789153138
15.5,15.684470019512446
10.5,12.131657603371423
11.8,11.32611537934281
17.4,17.237465902089752
14.4,14.534486891556298
15.7,15.504472362037632
15.4,16.35623131115426
9.3,10.86264166230103
12.0,12.057746620994294
16.1,16.009925077085427
15.0,15.506489062134278
4.3,8.398328909184784
14.3,14.77037530511734
11.5,11.830807843085495
13.8,14.11128740242566
13.8,14.631664966032986
16.4,14.54793456002335
17.0,17.42524682203657
15.2,15.134952531196177
14.9,15.110194501146907
11.6,12.144355524040293
13.0,12.401605967988871
12.2,14.008611827564891
13.4,13.60375111567555
14.8,13.971850063506281
8.8,9.846551686525345
13.8,13.2636842407519
14.9,15.698748448738115
12.0,11.935664843127597
14.4,14.2982189701288
15.1,14.858537923113545
14.0,13.27608539807261
8.5,8.653427623750758
15.0,13.974139815603849
14.6,14.509097410889808
17.7,16.507554374358733
15.4,15.313352615616168
17.7,15.405528167757438
17.0,16.878028979557712
14.1,14.628241986385547
16.7,15.918284972198308
14.2,15.152128642745083
15.9,15.681150526856072
13.1,13.605956656592753
12.9,13.153481873890996
14.3,15.061704982643278
16.0,15.561959946062416
5.9,6.4893591611180454
15.2,15.04727119681047
11.6,11.596909624611726
6.1,9.623778377834242
11.5,11.487176050955895
13.9,13.07744937366806
13.8,14.637125102250138
13.3,13.931155284069973
14.1,13.644620085455244
19.9,17.898381119477563
13.8,13.605300822036952
14.2,14.609005467325915
12.7,12.75669824014767
11.5,10.95931758210645
12.6,12.755277521238895
6.1,7.624909557343926
14.2,13.891045205589762
14.9,14.718128176609753
13.9,13.409400992008159
15.2,15.20977315502023
12.8,12.940020562062273
14.6,14.861427997879218
15.0,14.80544033832848
15.4,15.236621813077363
14.4,14.497889003305318
16.2,15.46599414645425
14.1,14.123006399182486
14.6,14.44836056191707
15.0,14.928934429699439
10.4,10.226408289163373
15.2,15.721161317429505
13.7,14.563174386541505
14.8,14.290683764460482
10.1,10.254652252304368
10.9,11.175920951471198
10.2,10.441738156834617
17.1,17.4859857881238
12.1,11.410514268092811
14.2,13.965803020168096
13.6,13.980512695387006
16.3,15.864753507110436
11.9,12.931759279454127
11.6,11.817274789209478
8.8,9.363659328233553
17.7,17.345616032078397
12.8,13.369048619590103
15.7,15.680221024282218
15.1,15.08390459464863
14.8,14.802410574051464
14.3,14.575877176248468
9.8,10.158155593031552
19.2,17.43283188174246
11.2,10.118995237280615
17.1,17.37206502718618
15.2,17.092400509747677
15.9,15.521077071309264
7.1,8.014763526734896
12.6,12.85201527114259
12.7,12.83838950021891
10.1,12.688329779455671
13.2,13.491647897957591
16.5,16.18869901623475
14.7,13.574275561288232
15.0,15.685647491569398
14.8,14.810576080315514
18.1,17.41623773460742
14.5,14.05480437958613
14.2,14.386526937238159
17.1,17.08378074900247
15.9,15.14692291233223
16.5,14.54534980255994
13.1,13.609999200478342
12.5,12.850094388675643
14.8,14.455970860552043
14.3,13.862901699380018
14.0,13.884250508772311
12.5,13.878070845268667
14.1,13.00719802081585
13.2,14.066609351779334
9.9,10.014615292689996
12.3,11.857023307908094
13.2,13.41041229502298
16.8,17.08637603689931
15.3,15.092849263892276
17.7,17.792003244212538
10.2,9.916424851922784
15.4,15.740040793665685
19.5,19.24653679013136
15.2,14.87098708209669
15.2,15.247245528211351
15.7,15.259047722211108
17.4,16.674186208547326
14.8,14.99437225573638
16.6,16.73465557131567
11.0,12.02220007005235
14.5,14.559486628131708
14.2,14.783444522909122
17.3,18.11403157870518
16.7,16.72740755137056
19.1,18.956298027769662
10.7,10.60969618868512
12.8,12.826407759537688
15.0,14.969102369839675
16.2,16.29843068674927
11.0,12.75083981564967
12.8,12.29918540815197
15.2,15.69749481639883
14.6,14.424918467746465
14.0,14.761480204149848
14.3,14.582313797072857
15.4,12.503963636176195
13.9,13.680568187352037
13.6,13.318073661594099
14.0,14.073268869658932
13.8,13.43478660756955
15.5,15.240327713312581
18.9,18.803245703369612
11.6,11.608383075305028
14.9,13.835896319971653
15.5,15.632605227496242
15.0,14.728326831180311
13.7,13.690080835198387
13.1,13.143358074419666
13.3,14.239027117495425
10.6,10.666716938460013
12.2,12.628408435499296
12.1,12.008462391444482
14.2,14.125352109986125
10.4,9.501526347390609
15.6,15.260257270580041
17.9,17.981298845697893
16.3,17.718419487679057
15.5,14.981113938149065
13.5,15.788987437845208
14.5,16.074154661677312
10.4,11.626159246079624
12.7,13.87567004694938
13.3,14.64726136223726
11.6,12.148832240927732
13.4,14.100926614104537
16.1,16.321449961105827
13.2,11.813646575377788
13.2,12.976153840034385
13.7,14.130371486917284
18.6,14.881062071362976
13.1,13.627976682386361
19.8,19.10134094467503
13.1,12.884586776053766
15.4,14.788290847820463
13.9,14.031839455157751
14.0,13.620187776428793
15.0,14.759886045205349
14.7,15.069901474726066
18.0,17.689701658149716
19.8,19.06155569961993
16.1,15.180177537462441
15.2,15.02144564903574
13.2,13.162779676960781
15.2,15.35324585827766
15.5,15.295376268017208
16.8,15.309536824177485
13.1,12.910766367713222
19.9,19.07939448877005
12.7,13.247221279458245
17.4,17.27641634176689
18.3,18.299304604210192
12.9,12.245377894607373
16.7,15.828745752782197
12.8,14.19242391307489
15.8,15.506124787847511
19.7,18.990833633310103
19.5,18.624954651255393
19.5,18.880791963252705
14.5,15.587350764370058
15.2,15.859706967399688
13.3,13.081729540193919
11.5,11.140715017565526
15.3,15.517233314451005
14.0,13.721184517489746
10.8,13.88330935157137
15.7,16.244197946973145
18.6,13.859620938403168
16.4,14.770279990858398
14.7,14.265948157728417
15.2,15.407891676055442
16.9,16.965858250972815
19.0,19.046994862990687
15.0,14.671643108449643
12.9,13.075516725621128
12.7,12.550131197844166
13.1,13.263302902778378
13.4,13.384908524370985
12.0,12.125994141679257
16.0,16.078291257843375
12.5,12.552001888951054
14.3,14.76179879391566
14.6,15.140277181053534
14.1,14.535904092597775
13.7,13.420045352657326
18.3,18.332614117389312
13.9,13.983457026886754
13.8,13.166732028508704
14.4,14.100084525816783
15.5,15.953362551281316
12.8,12.46889421690139
15.6,15.494410542276455
12.5,12.531129512295593
10.5,10.914511385082733
9.3,8.1354270640295
12.4,11.86742814986792
14.6,14.149782561638858
18.1,17.502809862446156
13.5,14.074000032385811
17.7,18.189899783348665
14.9,15.0946393422455
14.2,14.001701898640022
15.8,15.853022286406485
14.9,15.034947797481436
18.1,16.720381471328437
13.8,13.96432535013264
10.4,14.047074517409783
15.6,16.42824211763218
15.4,15.38632329831671
13.9,13.655561174527975
13.0,12.783813963324064
13.1,14.559642414853442
11.2,12.098757628589738
10.0,10.691385293059284
16.2,16.237267492717365
12.5,12.888183300674427
11.9,12.348417283501476
12.6,13.094862468162319
13.6,13.069867035781499
12.6,13.526864166371524
15.4,15.34455805865582
18.7,17.947088745762812
12.5,11.802166329551255
13.1,13.21587501524482
16.2,16.741869485747884
12.2,11.95037996643805
11.2,11.643677277708775
13.2,12.992719014720933
14.9,13.99945327131718
15.9,15.937960248091258
16.6,16.45482412580168
19.9,19.191663401281403
15.3,15.105824639700586
13.8,13.54950384516269
15.2,14.232610799139366
14.2,14.33615146507509
13.3,13.127730424079346
17.6,15.372527795203496
18.5,17.39336136021302
15.4,15.364274097955786
13.8,13.171285636373796
16.9,15.130988680961309
16.6,15.411982927413192
13.7,12.343561282381415
14.5,14.801016793702729
14.6,14.295958248112584
16.2,15.921050805689447
14.8,14.472869344788705
16.7,16.927728483904502
18.6,18.116122377541615
17.7,18.02595958076199
15.6,15.263411879815976
13.1,13.547504196001682
11.2,11.084490772453137
13.7,13.981173296928318
16.2,16.534039013364236
14.7,15.256025640439475
14.2,14.414986927135033
16.2,15.858895185112488
14.7,14.990980777161894
13.5,13.35689813643694
16.3,16.135384779994638
14.7,14.891604489737801
14.2,14.168120486458065
13.1,14.28457232497749
15.9,16.303565609356156
14.7,14.706185588613153
11.1,11.055900716397446
14.3,13.998863156686639
13.5,13.340564072019333
12.8,13.315984832879622
11.2,12.375960155157372
11.9,12.805584887420991
15.4,15.281044915871462
15.5,15.712824977672426
18.6,16.514110724325292
13.2,13.329841588652926
15.6,15.354638038785197
15.3,13.297951754473615
17.1,12.407201442436417
17.5,17.761642612342257
19.1,17.962035320932046
12.9,12.435556498065125
14.6,14.514496118092211
12.1,11.964820052700816
15.3,15.217538258002605
14.1,13.99311212071916
14.6,14.73537655610562
15.0,15.035465949946229
13.2,13.588812235393561
15.7,15.517373434093315
13.3,13.151361466436356
11.6,12.854950503242435
12.6,14.048154605130549
13.6,13.757006669358816
14.6,14.963748423891957
15.5,15.4757247565758
14.7,14.735269660295671
13.5,12.862786776386201
13.7,13.441339689015877
10.4,11.05869478682871
13.7,12.550668286861764
14.4,14.44439117339789
18.8,17.634184833688778
14.9,14.468526528391521
19.2,17.12354723981116
15.0,14.715543584810803
14.2,13.852854359342018
14.4,13.744455043290145
14.4,13.841922443403746
10.0,12.472011824793299
14.6,14.21711456598132
13.7,14.243503422738286
9.4,10.436038704647217
15.5,13.304581667296588
14.8,14.396490524057299
12.2,13.119149701262359
13.8,13.565198101161513
18.0,18.780575345037505
13.0,14.302911865175702
14.3,15.270363019051729
11.9,11.78317726450041
14.1,13.338409502757713
14.4,14.391434733988717
15.1,14.921256079745945
14.1,14.319209276465699
12.0,11.998418850533199
2.9,12.910918021283578
11.6,11.427802530815825
13.0,12.893259866075823
14.6,14.048472491529537
18.4,17.540676587610506
18.6,18.596890828659525
15.2,13.653178715059767
11.6,11.969596693263156
11.2,12.68158509535715
14.8,14.07355070374615
19.6,18.957608794386033
19.4,18.42277390320669
17.5,17.479698812036077
19.0,19.17258127842797
11.4,11.36442341923248
9.7,12.43455514870584
15.1,15.185131700593047
14.7,15.075492506402952
10.2,10.747198817145545
12.8,12.776120578717382
14.3,14.604007271234877
18.2,17.87482489942704
17.4,16.88787550307461
15.4,15.718139317032183
19.6,18.65020090874532
14.2,14.133040596952924
15.0,15.339657040050952
16.8,17.226824839090114
14.0,13.798815775109688
16.6,14.482132073759203
14.2,14.206988149904646
15.8,15.219955354114063
14.6,14.402229289818933
14.9,14.567614552448504
15.2,14.7730636872584
17.8,18.003999339794973
14.0,12.759956818219507
15.8,17.07293780198961
15.2,15.228098308874905
14.0,14.42075581863537
15.5,15.36290180668584
14.0,14.445615844248096
14.3,13.99628566543106
13.5,13.021204370379564
14.9,12.736322853597812
15.1,14.709607544675237
17.1,16.888143667896657
13.2,13.175496379000833
11.2,12.502293791680131
16.7,16.627078494249872
15.5,14.776097278634552
9.6,10.824869093834423
16.4,16.454939494957216
14.5,14.808124070321355
7.9,9.320963240927085
12.6,12.38358763497672
15.6,14.951722764992155
15.1,15.218347264803015
19.8,19.304074671003036
19.3,18.53439974860521
17.9,17.47407983339508
17.0,15.791252752271248
15.6,15.311540510650957
19.7,18.943857030099025
11.9,11.068807417119388
19.8,19.096164668095298
14.9,14.955089633673197
15.8,14.788426465238445
16.1,16.566181157511892
14.9,14.11585360384197
17.8,18.265674332360504
13.5,13.038642678817268
13.7,15.362739475152921
11.8,12.038630644994555
13.9,14.135933739104075
13.0,12.637868828780483
12.2,12.53007544929278
19.6,18.27594646430225
13.9,13.83492476106403
10.4,11.5539716653293
11.6,12.240394956290402
10.4,10.987147473206278
13.1,13.878827409287624
14.5,14.486527451081201
13.8,14.63729607674395
14.7,14.592023790697567
15.4,15.547770549484994
14.1,13.569488739740336
15.9,15.858969316614093
11.9,12.43633995775599
14.5,14.338903420022689
11.3,11.925839613657445
15.6,14.691176003136206
15.7,14.645257647731341
13.1,12.882593354210258
14.4,14.048387625894975
14.8,14.732736854875839
16.0,16.715438301791437
17.3,16.578107663464834
12.6,12.602971594315022
14.9,14.595719165401533
8.8,9.360006343747955
19.1,16.994977861235384
12.9,12.928691991139203
12.4,13.114093322481494
14.7,14.485037860660668
15.3,15.205634215672035
18.0,18.583385026606265
15.6,15.430871549120639
15.0,15.010688264539567
8.1,11.957044873328414
18.6,17.535720193816815
15.3,15.447607085490745
14.4,14.764937440719223
12.4,12.698583746037912
14.8,14.59025939827552
17.8,16.038113546994282
14.1,14.811154901579357
13.4,14.412858412601054
13.8,15.20400126937966
11.4,10.2404193545226
13.0,13.449793907406274
13.3,13.691619571996853
16.5,16.86695545417024
16.7,16.782847377937287
14.8,14.25363926904356
19.8,19.017334475909593
14.6,15.488234162368826
14.3,14.445947379796053
19.3,18.4624580675154
13.7,13.132457206913386
19.4,17.426387016928857
9.3,12.013569759399616
18.8,18.251725877809804
17.6,16.66690496756928
18.4,18.514470832480583
18.9,18.00253761355998
19.9,19.214557825878728
19.0,18.27569232285896
14.2,15.290475848974893
10.8,12.060938452603295
17.7,18.188831984007265
7.2,7.640425418270752
13.4,14.784345603231486
15.5,14.978397340168158
16.4,17.017894592892844
5.3,10.917029833595734
17.0,17.244896529300604
14.5,14.228155379460077
10.3,10.267614536511246
15.4,15.262053077625751
16.2,15.553301866282709
15.6,15.298721917733928
18.9,18.850246043875813
15.1,15.711939008619083
14.9,15.713350002479274
14.0,14.115111474864534
19.9,19.46033604105469
13.6,13.55658263071382
12.9,14.0414135002502
11.8,12.035078344488284
12.9,13.351561166229658
16.7,14.850148259385605
15.4,15.294368746624968
15.4,15.476673513112473
13.6,13.28664218112317
16.7,17.86754385792301
16.4,15.782188042852795
10.1,12.473040139801014
18.7,18.41285615231027
14.1,14.3379066924972
15.6,15.080075514973942
19.3,19.00046920933528
14.1,14.382864290753787
19.8,19.106403741869144
19.4,18.864330912241712
17.0,17.068099321208138
14.8,15.195591710536974
15.4,15.847060760399472
16.5,16.492491769589833
14.1,13.693692076491061
15.3,15.098889360640896
17.6,16.03752963244915
19.0,18.774214150675107
18.7,18.506581592024304
14.7,14.788274591181107
19.5,18.475847032415913
19.6,19.27274425755604
19.7,18.90428289002739
13.9,13.783224184391656
19.7,19.037152242846787
17.9,18.003592370063416
18.0,18.1030990647414
15.1,16.148016328166705
19.6,19.24594169165357
15.5,14.961536926959525
19.5,18.40327692963183
15.3,15.970259923173217
18.4,18.246669351588935
18.1,18.425416242243955
16.1,17.47448671719758
16.1,15.657644891736709
16.3,17.52523230551742
19.4,19.220813714666292
18.9,19.036730637657456
13.7,13.387814155343222
18.5,18.639651900273748
17.4,16.63872029693448
15.5,15.538937801120483
19.4,18.566725860146107
19.8,18.13410026981728
15.5,14.166788914124481
15.7,15.290431844245177
15.2,14.693173469247995
15.5,15.600196549319662
18.1,18.463027068559313
14.4,14.040275235140143
16.1,15.670368202903774
16.5,16.73173208182925
16.8,16.62666743225418
16.2,15.575267906941008
17.6,17.670205577713205
10.6,10.344581189303426
14.4,13.301616731667309
16.0,15.582581522874534
16.1,15.323604719125797
14.0,14.676310346054379
13.4,14.658962268880714
13.5,13.277468058269733
17.2,18.032667838037014
11.0,12.191449470206862
8.5,9.050492428941652
17.1,15.694319623697083
13.5,14.061748097830787
18.4,18.880797908641398
16.7,17.61760107873124
17.8,17.33544646242808
16.2,16.938599985078326
17.3,17.891860082367202
19.1,18.06187551683979
17.1,16.797935399026755
15.6,14.863086995115736
15.5,15.265684484620579
16.8,15.997309682861669
18.9,18.668475158629008
12.5,12.577516833785921
12.2,12.50189705422963
12.6,12.46607708017109
14.9,14.647399022593163
14.8,13.10257245786488
14.1,14.354861932049971
13.0,14.189344427431934
13.3,12.198494412237778
13.8,14.093989292596234
10.2,11.356914134987164
19.2,18.63291326581384
16.7,17.265667487998144
15.1,14.687661575619131
14.9,14.987851811867586
12.7,12.197631574425031
17.3,17.418442899070214
13.8,14.519609019745985
14.5,15.041082455980359
16.0,15.844558630487882
15.1,14.990712203689327
17.7,18.14839537232183
16.2,16.200549390894594
16.0,15.827546018343128
12.7,13.328814734646585
14.7,14.929167338621482
16.2,15.796883363975212
12.7,13.02066572860349
16.2,16.168407016259152
16.8,16.933060956042027
15.5,15.142980419303058
15.5,15.634688772730442
10.7,11.447726200094621
16.9,16.70009808873874
18.3,18.6026179161272
16.2,17.102635848961654
16.2,17.305972141039092
12.7,12.984863792014949
17.9,17.541215198783902
16.6,16.58763611901668
13.1,13.335251436834369
15.4,16.202348933555186
17.9,17.676211773359682
18.3,17.7134074329515
12.1,14.364641222695354
19.5,18.95743863575626
14.7,14.880320185169694
14.7,13.999927136290353
14.7,14.577436826488338
16.1,16.159234412036312
13.9,14.450113225757377
15.9,16.052927741606254
12.4,12.206754563201685
16.6,15.861296154907905
13.2,14.496203044254798
18.3,18.26614744105609
16.2,16.546937926133978
17.6,17.2981257711981
16.7,17.42699522624025
18.9,16.769380421668757
19.7,17.780345775801834
17.2,17.16145216813311
16.2,16.08271375480399
19.2,18.373843822919298
14.0,14.932660549518914
14.8,15.18952854978852
15.0,15.569474946445553
15.7,16.06033148500137
17.1,16.789950243284693
18.2,17.568535101954694
19.6,19.171094119548798
15.3,15.375950780813582
12.9,14.777787925675511
15.4,15.216699641663581
10.9,11.614132558490383
15.1,16.284976487397216
18.4,17.80969972143066
14.1,14.389708466260345
17.3,17.59939380074502
13.3,14.151665271783713
9.4,9.020486176246777
17.1,16.864987449138425
14.7,15.122054422376095
10.2,8.980663289956283
15.3,15.183332098607934
16.0,17.453723573707975
12.8,12.686783570825355
13.8,14.663150027194206
14.2,15.235371107180981
10.6,11.102002676343545
19.2,18.173773335292935
18.9,18.101073969563004
13.7,14.305121278535808
14.8,14.890221012348775
16.5,16.723649701976683
15.8,15.267062139497284
14.6,14.530193265993148
13.5,14.16946921235649
13.3,12.266126972448546
14.3,14.413352775169187
17.1,16.855625667551067
12.0,12.305772608237021
16.4,17.178091725189006
15.2,15.517078931065043
18.3,17.963510655798018
13.8,14.407235970604233
15.5,14.833460521505913
19.2,16.74375143717043
19.2,18.16329779435182
19.0,18.259882154437946
16.9,17.52755803015316
18.4,18.214195846987423
8.5,9.897786162793636
13.4,14.790994198585395
14.1,16.768013757973677
15.0,15.332425157252146
19.3,19.177957888226956
15.3,15.696999451545707
15.8,15.773723601640086
17.8,17.942510274617234
14.2,14.622544322657632
15.7,15.024970165919513
13.6,14.041151246725349
14.2,14.516606277757091
14.5,15.252695258735912
14.3,14.225935840557213
19.2,18.02557139650162
18.0,16.40572440903634
12.3,12.361589443287812
12.8,12.68034482828807
13.7,13.597316296887584
15.6,16.393065159383696
13.8,11.69573093863437
14.2,14.357110461569391
13.2,12.647377623919965
14.1,14.294861491245683
14.1,14.533183319352247
17.0,17.921046548814047
18.0,16.476869239579173
12.2,11.470524558826583
14.5,14.55087091317364
18.7,18.334341344889253
14.8,15.323986721778056
12.8,12.482181260391371
16.5,15.733510824735276
17.7,18.163810521684354
13.2,13.184786665631691
12.5,13.3262328451965
19.1,17.94111940683797
14.4,13.301034140982665
16.2,16.58123841599445
9.3,10.180622295680223
12.5,13.089597114772914
13.3,12.115435151048587
14.9,13.961864067678107
18.3,17.462301606254186
13.9,13.599348650983302
11.8,11.772655677981675
18.8,18.734320377523545
15.9,15.807434659658611
16.1,16.249178065918386
15.5,15.336633531667758
15.7,15.021111073554493
16.5,16.967955684580375
15.2,14.614302210335154
16.1,17.989023808651837
14.1,13.8915595455328
10.4,10.22869495820487
17.9,17.853300821676385
15.2,14.341827656084206
17.4,18.309874679980567
15.1,15.627440496027702
14.3,14.977007910612883
19.0,17.681388991992208
15.5,15.668141606554855
17.4,16.986865157610737
14.9,14.668928458329901
17.3,16.365251740731765
14.1,14.042920789244818
18.1,18.44700616103364
15.5,15.477004420161393
14.1,12.133822098432574
15.0,15.384322581408924
15.7,14.06874459789833
15.9,15.822839190041122
10.3,12.209148380026818
17.3,16.035159342314728
15.8,15.904912035235611
13.6,15.245883315394167
15.1,15.137305779440794
14.9,14.412465747038368
13.7,13.28547837413862
18.0,17.413210495986277
19.3,18.204638391649496
16.4,13.800695425079539
12.7,12.99927649842357
19.1,19.186199032119475
14.3,15.471882255806122
9.4,11.444572752778186
13.2,14.306951234582812
17.7,17.64864683025371
14.5,14.204397982481169
16.7,14.729272949978622
11.1,10.91545650709304
19.0,18.209138188831275
16.1,15.298215856251772
14.2,14.255954991444014
12.6,12.672287152025092
15.7,15.230769886416965
15.4,15.491649928502738
16.0,14.99014800490113
11.5,11.68439915770432
13.2,13.352076057402883
14.1,14.477762853261083
16.2,16.509928317078447
14.0,13.248548823379679
13.1,17.916521791252308
14.4,14.278397669040714
18.3,14.792705855681561
15.6,16.061097260506358
13.5,15.212518298591021
15.0,14.179221105201577
13.6,14.310416633417844
12.8,13.598256892990321
13.7,13.011999039910734
15.0,14.598687022022204
16.4,16.53756956855068
19.0,19.019643078907393
12.6,12.643536236253567
18.4,16.177480800659396
17.4,17.740491434553405
15.1,15.204654128916445
15.7,15.367287902481621
15.4,18.3032895146971
15.6,15.990194239075208
18.9,16.96321469367831
13.7,13.837890548840733
19.2,15.233827291958733
15.6,15.960511268378468
17.7,14.949933057228918
13.2,13.07861453381338
18.0,17.002508491219487
15.0,14.629968220018782
12.0,13.67048593936488
14.7,15.261014975549188
14.9,14.692597893299535
14.7,14.981395542854443
16.3,18.06937563745305
19.2,17.411713090143166
13.8,13.624810811132193
4.2,12.14313734631287
12.6,13.000757189161959
14.4,14.603475931586217
16.9,16.855647133430466
8.8,12.175828542356612
15.5,14.99653335570838
12.6,11.42028591799317
17.7,16.203785391830024
14.9,14.949035496858414
16.7,15.052579389803213
14.9,15.077813638348744
14.6,16.30650071927812
15.6,13.453185110025515
13.0,12.653871075599454
15.8,14.039101923059206
15.0,14.992578867997508
17.8,17.671448755136225
18.5,18.5143366138509
13.2,13.445961281016935
18.1,17.74834315652697
13.8,13.962411153337598
16.3,14.948962717229733
15.6,15.7535226525506
10.9,11.634228475915734
17.7,16.521829864766914
15.5,15.18979502705406
15.2,14.749096983117852
15.1,14.613799003220265
15.1,16.32252924626664
9.0,8.702206345042214
13.4,13.20293866857537
12.9,12.403000537538901
15.4,14.332727119826814
11.9,12.374791389680468
14.3,14.633235946999775
14.9,15.780248575960286
12.9,13.893154626543037
15.3,14.824229949852452
15.9,15.840738901699297
15.7,15.531177825614577
14.7,15.013089681160636
13.9,13.454259056190494
15.5,15.440645695523926
17.1,16.865675801876932
10.8,12.438179226301145
16.2,16.230331809434574
17.0,16.698156864706107
16.6,16.952982135731872
14.7,16.27296854546148
16.0,15.787418240390252
14.4,14.524515509401681
14.5,14.803461017669179
16.3,14.607163000682704
18.1,18.301782268463285
17.4,17.772166550028487
16.0,15.150627438502852
13.1,12.982510830450337
16.3,15.858256323670503
15.4,14.535077674976492
18.9,18.736099345231196
19.4,18.474469978304114
15.9,15.709908718650695
17.2,18.21096570926602
17.2,17.55304721032735
15.0,15.79908589533079
13.9,15.001207844417877
15.8,16.96567099841195
13.6,14.33031716401456
16.0,15.947270295149792
16.9,17.06677056766057
12.2,13.103544131212402
17.2,17.080465805105632
14.9,14.81769127206644
16.7,15.163436339969849
14.5,14.485002411558526
14.0,14.254511445818935
16.9,16.614740336110117
11.3,10.685599523887504
18.4,17.82767478696769
19.2,17.696518182230648
13.6,14.150539960861352
13.2,12.507547270943178
15.0,14.519304389341414
15.1,15.041001648050951
13.2,13.256434705810534
16.5,16.298446829929162
7.5,9.325156445789617
11.0,12.140669865562813
14.6,14.481471961513307
15.0,14.474413881776854
15.8,15.976727007968293
15.2,15.708028838522296
19.7,18.765724179917015
14.2,15.40142350489623
14.5,14.286411318669707
12.8,12.994237788811006
17.1,16.921238778857514
14.7,14.174520370841492
13.4,14.024249195092125
16.1,16.09467461705208
15.6,15.761623918515397
14.9,14.371531918033725
12.2,11.855697578372201
15.3,15.146906359528657
15.0,14.956565439992119
13.5,13.66062884486746
15.1,14.891339181223884
14.9,14.565691095169313
16.0,15.687167271680664
18.5,17.148671914823353
13.5,13.877622541451274
15.5,15.405686103320477
15.4,15.465055598353501
10.8,11.162248036052915
19.3,18.579108581339824
19.0,17.443521638959282
13.5,14.745950838841964
15.5,13.910714793542866
19.2,18.074757145659532
14.8,14.302420425752643
13.9,14.28595455777031
11.7,12.0411482565396
14.8,14.727882543553278
16.4,16.57954886902371
15.4,15.358275621812936
15.5,14.740643937460845
15.9,15.830050158692757
16.6,16.961964620568324
15.1,15.07712952257134
11.6,11.284726446552668
12.8,13.120479108612926
17.2,16.741151329686545
14.0,13.96158940627356
16.3,16.527911654906347
17.8,17.107862046803348
19.5,19.08538032558863
10.4,11.51359129746561
10.0,11.04880761273671
13.3,13.228466212633066
12.5,12.020943058421835
17.9,18.087495368847158
16.0,15.517654762981692
13.5,14.749407237504784
13.4,12.819348683435237
11.6,12.205202712822938
14.3,14.867867837718222
16.2,15.649962469848106
14.4,14.368833896529395
13.6,13.607608911406714
15.3,15.15555504922304
15.4,15.619586524437182
19.2,18.03209505684208
16.2,15.635227543039946
14.4,14.160234190121628
13.2,13.236413710517809
14.8,14.369271070205286
16.7,17.46455713508476
16.4,16.678289731647965
15.2,14.099093194992747
12.0,12.22650008497294
18.0,16.06448177775019
13.6,13.409172965883045
16.2,16.61116983211832
13.6,13.97641447521164
13.6,13.41539578634547
14.4,13.617151520767948
14.4,14.561863444105256
14.7,14.849145145111834
10.4,10.978137281781528
11.5,12.540681732702069
15.9,16.357629307574825
16.8,16.197441042371793
19.6,18.932292751211207
13.9,14.21328337144223
15.0,15.218067883281037
12.8,13.151544250802544
15.4,15.109402322606911
12.7,13.069993545213947
15.7,15.620770450919736
17.1,16.898982003564015
15.1,15.357529085944407
15.7,14.822396365590976
17.4,15.808612372595235
14.5,14.467149430303834
13.6,13.482197995330353
13.0,12.907784382176033
15.8,16.021779234637506
13.0,13.02193616979639
13.6,13.593074236796383
17.5,17.4111549644731
18.3,17.839186276571127
16.1,15.578887666406445
14.9,14.650822727417108
13.3,11.969728169962764
19.8,19.227837306447327
14.5,14.660250189102953
17.4,17.96954565003398
15.3,15.694146698631812
17.3,17.38510018272791
19.5,19.006704672559863
17.7,17.887444788386347
13.2,13.44803409717133
9.9,11.391528854175704
14.9,15.5748599160288
19.4,18.828880402317736
19.4,18.613238031655783
19.1,18.53253217067686
14.6,14.638553417258663
12.7,12.847095604087372
13.1,13.010873915802222
15.0,15.405365313054062
5.5,7.117739306413569
17.0,17.188040350305528
13.9,15.677006634212376
13.7,14.193916248361347
11.3,11.442417142447084
19.5,18.747387429932132
15.8,14.771524948737351
14.9,15.363273824536009
18.1,18.32799798430642
15.2,15.22394240018184
13.3,14.822638100915356
18.0,18.488503069223952
14.2,14.80451001860456
12.4,12.344969381567353
12.8,12.920515074685682
13.2,13.55079809029121
14.9,14.813598704873584
14.7,14.883181199300452
17.0,17.141106096096337
10.1,9.703351279138587
13.1,11.456131525395904
18.9,18.558043648750754
19.5,19.055624714237638
17.5,16.173027723503765
8.7,8.976452017086558
14.7,15.372714437486138
17.2,17.628815173375187
12.3,11.206607226282358
15.2,15.623282604472479
18.0,17.2963409202639
10.1,10.764240620424971
13.2,13.15043725213036
11.3,11.468282263958827
13.6,13.349819343493436
14.4,14.654624529062858
14.9,13.437156076543033
14.7,14.285733302298468
11.2,11.930860442837002
6.3,7.240662785479799
15.6,15.323370031372178
16.4,15.580253255644493
16.5,16.28275587866665
14.8,14.865676350236754
9.7,10.46367274550721
13.6,13.042428784421645
17.6,17.62599382836197
14.3,14.43248137824412
19.4,16.7505095363922
14.8,14.607306304620579
13.2,13.139575797613361
15.7,15.444235253336956
15.0,15.258067728369497
12.0,12.316127596830484
14.5,14.50036203120544
16.4,16.229512273770524
7.6,8.269649377791211
16.7,17.57831858897407
14.6,14.538926414214075
15.7,15.622938452928793
14.6,14.202509843977168
11.6,11.757915353227872
13.4,13.95810502191307
14.4,14.037799014680786
15.6,14.885207756160526
14.1,14.527013983897632
13.0,13.063370295480127
13.1,13.218910465924637
15.0,15.066379579642671
8.9,8.985036645783111
15.9,15.636041745441617
19.8,19.079567353386665
6.2,7.888367312902119
13.7,13.872902104398236
14.9,14.91082014417043
12.6,12.875184992386494
13.7,13.702518749370938
11.0,10.890340525656939
15.3,15.161616355981096
13.3,12.839213967876276
15.7,14.800761705584591
8.8,18.210826990252826
7.4,7.564922855002806
15.5,15.254159129268373
12.8,13.203244379314128
15.2,15.380778927388747
11.3,11.556320861767745
10.6,11.071967755095102
14.2,14.145812286500586
8.8,9.971805709825276
16.8,16.80453957791906
11.7,11.626945595489815
13.9,13.916687202989124
11.4,11.378563514794223
14.6,13.478549639170524
13.1,15.04799113952322
15.1,15.00852412029053
15.0,15.035437686432488
8.1,7.9241011209378485
14.9,14.375374379105779
14.9,14.973195929900612
16.9,15.580324945030952
18.1,17.918395137239713
15.5,15.192046326532363
12.0,13.901674455933971
17.9,17.833385444188025
14.5,14.172297363867983
18.4,17.726447816065047
15.1,14.735597395483637
15.4,16.067028232995654
15.5,15.404761055426206
12.9,16.01113589189481
16.8,16.660283714882098
17.6,18.208395882917102
12.6,11.973375275847502
13.4,13.109506399196107
8.7,9.574084334803047
10.9,11.176523329690099
18.3,17.60850155397202
14.6,14.048871878301725
14.3,14.087725676421542
15.3,15.105359754888923
13.4,14.679649408863042
11.5,12.129040183848701
15.6,15.548514872731175
13.4,13.88947009446565
6.3,8.191126196121331
10.4,10.905623791128164
16.4,14.175456944707548
9.9,11.552156723744702
15.2,14.823091861442663
15.0,14.96423375364975
15.8,16.13050230258341
11.3,11.932281468820293
13.2,13.568818410858512
11.9,11.875886337365955
16.7,15.59651769570155
13.2,13.219210869487142
16.5,16.138727541285334
9.6,9.787582661025226
15.5,15.293017484800657
13.6,14.091381364287372
9.1,10.354559465427883
13.7,13.488298551899788
12.9,12.480412523727864
19.2,18.59379145805724
15.0,14.611935813329183
18.1,17.64284259598935
11.4,14.375215766780457
15.1,14.655950991509599
13.4,13.435231525741983
12.3,12.35157019091639
14.0,14.61426213280356
15.7,15.356408159976127
12.5,12.997587392979767
16.0,15.809078388178023
13.0,13.224507262195402
13.2,12.99158803554019
15.8,15.67524815604338
14.2,14.015615986834746
12.6,13.675025407748763
14.3,14.844375096887234
16.1,16.067048405937385
19.3,19.100583587831352
8.8,8.766927295888308
14.7,14.881307279894827
14.0,14.649709160701605
12.6,12.656285537988879
14.6,14.699875777994748
13.7,13.645783102547284
14.9,14.926042521372437
18.3,17.5229638362307
15.1,15.149622934230138
15.3,15.496846579531848
15.8,15.927972412220697
14.0,13.800101223925594
17.7,17.048964743433316
14.4,14.099908338626847
14.0,14.502275439357618
19.1,18.43404917261796
14.6,14.351386488217031
14.0,13.965578305505915
13.7,13.517137127666501
14.3,13.79088872045395
13.1,12.108776044522529
13.3,14.062407644614723
9.0,10.418120222573634
13.3,13.01667331828503
15.1,15.011620953449892
12.0,12.580921042306727
11.8,12.927423448447371
14.0,14.481684045898874
15.0,15.080656243610065
13.2,13.467592268774752
13.8,13.08858335656987
15.3,15.464536881481763
15.4,15.023381202219753
14.6,14.102217914391076
15.6,15.328297123953234
12.9,12.925032132712658
15.1,14.97162093534098
12.3,12.366405152895823
16.5,15.325678068911657
14.8,14.627227911463706
14.8,14.471761985914782
13.5,13.69792709100875
9.9,11.592408137803432
12.4,12.677844119869405
14.0,13.261627831554506
9.9,10.032093115267344
12.3,13.249564908768662
14.4,14.843503861775389
17.5,16.858198280620854
11.2,12.255148838448804
12.3,11.267033786920365
18.0,17.444435117358807
15.4,15.152843735908391
18.0,18.358236899628537
14.9,15.973429476420279
13.8,13.462995887035504
13.9,13.244033102411777
14.3,14.480827073239197
16.2,16.547914924511133
14.7,14.659501893154811
12.9,12.377144691563444
13.6,13.782130839506863
15.2,15.340090737954597
16.6,16.396513212588616
14.7,14.525288029111834
11.6,12.804812095419038
13.1,12.076211786072236
18.4,17.377769738493953
14.7,14.978719499747967
9.9,9.300112332799472
10.8,11.480148396722143
9.8,11.136173281352967
12.9,13.064741219568532
13.3,13.935520192757394
11.9,12.279183156526415
19.4,18.805511951679364
9.9,9.326692202826962
18.6,17.834850129438564
14.4,14.340221239399398
16.7,16.121346481802902
14.1,14.782738610869274
16.1,15.159975493632373
13.9,14.050194149109302
15.1,14.986343451622815
19.1,18.4009615254472
14.9,15.392300801577221
14.0,13.876060933282133
15.0,14.20630873888149
19.2,18.949238611152396
13.1,13.443802591995336
13.5,12.774775602389127
12.4,13.5521012238205
14.8,14.810615007212618
14.8,14.96434847380442
14.0,14.305235354026081
9.7,10.855939339613542
15.7,15.035595075489255
14.2,14.826757866312619
14.3,14.444661234447267
13.2,13.091955948621035
15.5,16.298233470355626
16.9,17.65311147744069
12.6,13.072486987475713
7.2,8.833724927102594
13.4,13.347131230664672
13.7,13.25192680087639
13.6,13.350556801160565
12.5,11.807894715486327
1.0,8.476623141032178
18.5,15.618263563408618
13.7,13.642111688881414
15.1,14.819927511678543
17.8,17.676153440232156
13.8,13.571800671859819
14.7,14.608419254858745
14.3,14.002990009292262
15.2,14.954538398917066
14.9,14.337746169505408
8.6,9.262538114155177
15.4,15.2309767693514
14.8,14.741666752961464
9.7,11.057990244647954
15.6,15.744780402717879
18.2,17.627094042720273
15.1,15.096406851225765
17.2,16.522799554513767
18.2,18.573027151083807
14.8,15.067720397433732
8.9,10.200378285953775
14.7,14.880055474282926
11.9,12.737011596094817
15.3,15.748467464994974
15.5,14.996991679363418
14.7,14.64373441587668
13.8,14.086526089988183
5.5,7.093365222681314
14.9,14.68096882775717
10.5,9.823726244823774
19.5,18.964406589235296
8.7,10.214632208662806
9.9,12.825569571868982
14.2,13.464558558072895
14.2,16.311281891932595
18.1,17.895973354403395
16.5,17.43215525173582
17.9,17.68307886365801
17.2,17.530270522809587
17.4,18.057412764872424
16.3,15.799270204137429
15.3,14.750053109164583
16.0,14.381982747232541
16.1,15.209914000879508
12.9,12.927293762681074
11.8,11.877694387978408
17.6,17.57143099157838
13.0,13.684861450781682
13.9,14.282522402529139
10.5,10.126561430515721
15.9,18.349185961589683
11.1,11.856635974580058
15.5,14.85916168874246
13.7,13.543195314414334
12.0,12.590748039190657
13.0,13.422171589660138
14.9,14.923677011975087
14.7,14.434353239630582
14.2,14.349162527971203
15.3,15.265828298142878
16.0,15.565489334408994
15.2,15.523527940065833
12.4,12.0114795739064
11.2,12.472219077171758
7.7,9.691150433907751
12.5,13.212552276294446
19.9,18.891826489474624
16.7,13.56430701474892
14.3,14.148207771446323
14.8,14.751900945673697
17.7,15.92687492078403
18.3,16.977433024469065
11.2,12.345568582531996
16.0,15.07881505883779
18.4,18.373113122012
14.9,15.156128027272644
18.4,17.376392141159158
14.2,14.349720612721285
12.4,13.165138254080375
16.8,16.989104110136395
13.2,14.02582217453164
15.3,15.11217132202546
15.5,15.162009282736108
19.6,19.050946461007698
15.1,15.184205983066931
12.0,12.3370622553266
9.1,8.97309065843001
13.9,13.70823674381245
17.2,14.375803438806543
17.3,17.556579492302262
16.2,16.16954590397654
19.9,18.283443880674895
17.3,17.934985381521983
15.6,16.001639812922804
12.4,12.212781719805207
16.6,17.050411683681887
15.1,14.855312887550099
14.3,14.611324218043592
10.2,10.769297291757539
13.6,13.82935861707665
14.9,15.423158556572162
11.4,13.779343161004363
12.7,13.080563149793306
13.3,14.07365811971249
15.1,14.646897803177126
13.9,12.997174192511011
15.1,14.833219151099911
16.4,15.784894832700957
18.0,18.721669520571595
14.6,14.313344156660605
12.6,14.049115536327008
14.6,14.625515471678227
13.8,13.95257034450151
15.9,16.12514485193242
17.8,16.036668670771178
16.8,16.692433070915285
15.7,15.81585578101658
18.3,15.642307397385594
15.0,14.67116922754576
17.2,16.505340392270227
15.8,15.675532204593765
11.2,10.678225588580972
18.5,18.708331849134993
14.5,14.29541206912836
13.8,14.292365246272311
17.0,17.111379691719776
16.4,16.30257465907198
12.6,13.191787820192985
19.2,17.34287822333863
16.8,17.022804284730228
18.7,16.51264928234741
16.5,15.800916147913085
11.9,11.366392015484962
16.4,15.238635027722921
15.7,15.053976941810106
16.4,15.991223856315628
17.7,17.256827847624663
14.5,14.804127128176333
14.2,14.042177917843219
17.0,16.59185178327607
16.2,15.601921634632163
15.1,14.821464632521383
14.7,14.951467754470286
11.7,14.514296119858045
15.4,15.03916740231216
13.6,14.139245681692046
17.7,18.171061050175922
19.6,18.209425342996838
9.4,11.27531552745495
19.4,18.80629186448641
16.0,15.033363240188919
9.1,9.661422709847102
13.6,13.71287589377971
14.5,14.341910001679935
16.8,15.463171943978523
19.4,18.910250006156275
19.5,18.782192649203353
18.5,17.80349988359376
17.7,17.221759512409335
11.3,11.17471938842209
18.0,16.75244351598667
14.1,13.828895018639741
17.4,17.144459528313746
15.1,15.27010218903888
5.9,6.2842817946802825
14.9,15.057165946785972
15.6,15.332724522886565
16.0,15.739280034642434
14.5,13.872944323229603
18.0,18.14674424295663
19.6,19.07326805307821
15.3,15.279977118949319
19.3,19.070392699853983
15.7,15.51489620807115
14.8,14.683919432543917
16.2,16.032167011420825
13.1,12.641163004620466
17.3,17.648888015304692
14.0,14.851679640472867
14.8,14.54687134273081
13.5,14.319144338485785
19.0,18.63419176643947
16.3,16.86295414727647
16.1,15.834508489428117
16.2,15.801621296792291
12.5,12.628939861344406
15.7,15.516220463323407
18.6,18.440563209616812
16.7,16.40374312765198
16.5,16.50694570032647
15.5,16.547304863852332
15.1,14.807045822206419
5.2,7.674746112897992
12.4,13.31721230331459
16.4,16.56691183620569
15.6,15.328254227293655
16.1,16.16026561925537
19.6,18.533699512365274
13.3,14.531670150818172
17.3,17.109118669501186
15.3,15.358338237121643
15.8,15.811941852016389
15.0,14.787174109806074
8.2,10.294799428404076
14.1,13.950728675699793
3.8,9.11764990404481
13.1,12.906496061652433
16.7,17.43454337811272
15.8,16.094274955428773
15.9,15.068891006536433
17.8,17.665175377740525
16.3,16.58650003382718
16.9,16.89433614356676
18.2,17.52909043856198
11.7,11.538897225866094
14.4,14.10798118985258
16.1,16.688638419527706
19.9,18.91058594547212
13.5,14.602364324004157
18.8,17.081469436021507
10.7,14.387112863978473
13.6,14.539481209507358
16.5,13.882311779540032
15.8,15.740610988374101
9.6,7.748776731721591
18.2,17.31971425717711
17.3,16.25031359377317
11.2,12.486889937248634
15.0,15.441608647699468
12.9,13.143119082733392
14.8,14.40825524848151
19.4,18.6170947116334
17.2,17.271179089322686
16.0,15.054911214672757
19.5,18.844420903013088
14.1,13.145457973034354
19.4,17.894871356373187
14.5,15.069486940425122
16.6,16.144588132014178
15.8,14.95637044106843
14.8,14.708422539515595
17.2,16.516616725060885
12.3,11.750985512830084
15.9,15.514912613642082
18.0,17.186040447943014
15.1,14.966543864487903
11.0,11.915236154920422
12.6,13.391252322151558
14.4,14.661823237358476
15.0,14.956377315873397
14.7,14.752685728866709
15.6,15.923349526099628
16.2,16.01422593105599
14.7,14.890828109389986
16.0,16.255657661997247
16.2,16.38813943176683
12.4,12.668495577212525
15.7,15.574554671882652
13.1,13.30330849281745
15.5,15.48288347030757
15.8,15.389705802372191
18.9,18.367874013230903
15.3,15.074633377929786
17.6,17.22529186301108
14.4,14.582118425139925
17.0,16.910679633714608
15.0,14.616975845245179
15.6,15.074044700799277
13.1,14.193206121824915
13.2,12.351721045091836
14.8,14.447206816828839
14.9,15.008053071040194
14.2,14.941142766401754
15.0,15.68758482253179
14.6,14.440515739002876
14.4,15.077271264495721
15.9,14.867810316412942
15.4,15.183018251198519
14.9,15.538938289566431
16.0,16.0337672005262
15.2,16.542396485077916
15.5,14.730457000550814
16.5,15.840638674562797
18.2,17.752477060217643
15.2,15.002933734445833
15.3,15.026883115584496
14.3,14.724759817036102
15.3,14.888665920123458
13.8,13.651228457514662
16.4,16.526649362407625
15.8,15.514131742645986
18.1,18.989278895111056
15.0,15.73013138306851
15.8,15.263576529425336
15.9,16.29594909393927
16.9,16.548456548305694
17.1,17.08803876599268
14.7,14.491853938297936
15.6,15.572935315780342
15.5,15.677903054252965
18.1,16.97251929252525
17.4,17.99479044220061
17.1,17.114116136101075
15.0,15.18002708570566
15.0,15.463747735135257
13.8,13.465248538559536
14.1,14.388573904667282
14.9,14.251199879368869
13.6,13.920102285395842
16.2,16.396380564794526
14.4,13.944443533357116
12.4,11.212336108064846
12.3,11.754553376755212
14.9,14.9586179513135
16.7,16.636771960562328
13.2,13.33466173915076
13.2,13.497128094813888
14.5,15.659145777259255
14.9,14.87073614944893
15.8,14.949478255148279
15.0,15.94476633152226
13.9,13.886536033212906
15.1,15.058384092180859
15.5,15.307314915000461
16.3,17.214546462375438
14.3,14.527950355841313
12.9,12.763610866008094
15.5,15.219028442632407
15.7,15.14484248392182
14.0,14.395248029875802
15.9,15.966893146774964
14.0,13.986554568167776
17.9,18.20936960823019
19.5,19.093227384146303
17.3,15.612885612761602
12.7,13.308793973730644
19.2,16.990272210445255
11.9,11.687229432573076
12.3,12.168754141108366
10.1,9.3744217747917
15.2,15.009914540860336
13.3,13.758221387455706
15.5,15.351644630141891
14.8,14.84505302013713
15.3,15.293981276568957
15.8,15.408250075386604
15.1,14.91732555424096
15.2,14.508656061108923
14.4,14.491371152806096
17.6,16.944280467461795
18.7,18.545035585324513
16.9,17.18642094792449
16.3,15.163127354113385
12.7,12.892799977043978
18.0,17.358738485752838
14.4,15.302722837208421
14.8,14.763335895497221
15.5,15.083567642348498
12.2,12.33488638405106
17.9,16.42567726469133
18.7,18.75285502994666
15.6,15.553611576469848
9.6,11.678780187357916
15.1,14.862607696210034
17.4,17.634152617451036
14.8,14.763708484682866
12.7,12.743675411969889
13.5,15.701417522670454
13.6,13.16208625276704
14.9,14.23821869420317
13.5,13.838974995393073
15.6,15.762171867332654
12.6,13.432559548236895
14.4,14.778852908493718
16.8,16.77673748195957
17.5,16.701259960413154
17.3,17.181089788326062
13.6,14.388296146473294
15.6,15.250205603515496
15.9,15.899083020194666
16.3,16.787324605771573
17.8,16.403310905996477
16.5,15.709905181807699
18.9,17.630850356305018
14.6,14.590502068662317
15.8,15.65514645264193
11.5,13.340071603428441
14.9,16.021135533985216
12.2,13.0855441208696
15.1,14.786699728681924
14.6,14.791502399693854
9.1,9.604574000433786
13.5,13.321347646589857
14.4,14.217505435692146
19.0,18.825499196595047
14.6,13.892997654480496
16.0,16.181410993711324
17.1,17.125133622001158
17.1,16.977019109210232
15.5,15.449545681418385
9.4,10.639271529682446
16.8,16.764834156434517
15.7,15.380662793439114
10.7,14.24333153525913
15.5,15.022628060309216
14.3,15.113368087477284
17.7,17.439164256560616
15.9,15.485199608199764
12.9,13.109705151291564
14.4,14.06525902888825
14.3,14.295958295551827
14.5,15.0674881866762
13.8,14.47947435930837
16.5,16.653311397036305
12.6,12.41072894987883
15.7,14.304821752570206
16.0,16.12130235991208
18.1,18.05756954458775
16.3,16.298671924509108
16.4,16.170030684326775
17.8,16.906344965536846
15.4,16.263919699562393
15.5,15.128342445765156
19.9,18.77789577760268
19.1,18.772428140917327
18.6,18.250113270652946
15.8,16.20932020023247
18.6,18.363714391598478
15.4,14.944250115659088
13.4,13.15836497527198
14.0,14.117800486570559
15.2,15.353355432336684
13.6,13.249824319011168
17.8,18.181491955401725
14.9,14.488043024646686
19.0,18.75723861300503
18.4,17.9873828819982
14.3,14.31129396808683
14.7,15.314576073291391
16.4,16.57720301800873
15.9,15.345466105878586
17.2,17.261245933070313
14.4,16.4580803210265
12.7,12.435465105314506
16.5,16.05686618085383
19.7,17.701368480571546
15.2,15.422102841715969
12.9,12.296384364453843
16.6,17.024373358653975
14.6,14.217711939360015
11.3,11.610370713518932
16.6,16.870388754541636
15.5,15.672212271780154
17.1,17.783730854425812
15.6,15.991543376716436
14.9,15.517038316898834
14.0,14.732295859663282
13.1,13.648149941174779
14.0,13.891749357513618
15.2,15.002670050074812
14.8,14.574480947663687
14.9,15.136199691944057
14.4,14.415960231583085
7.9,10.225281151433592
13.9,14.01457234024383
14.1,14.469568433836685
17.7,17.706543569016503
10.3,9.579002956161276
11.5,12.587977669667453
15.9,15.752892122021876
13.4,13.341155202777372
12.3,12.42565387461218
18.8,17.378995209175628
14.7,14.633571510790716
14.3,13.802470179129159
15.0,14.753597765031373
15.7,16.01998219860252
15.3,14.914089768746635
13.2,14.052190855843946
14.2,14.441336081570626
11.8,11.873830722848652
13.2,11.977118901588256
15.7,15.768029582912277
15.2,15.206121418916155
12.4,11.407851065741852
14.5,14.647920462390175
17.6,18.141268385283183
13.6,13.898640102503123
10.0,9.755660381866619
13.1,12.376377214925014
16.1,15.91288677581906
13.3,13.265883814485278
13.9,14.125284382374957
18.6,17.13033897819696
18.3,17.404190675762948
14.7,14.930012331722537
12.7,12.9204525797104
14.8,15.794037622137694
17.2,18.158794890594436
15.5,15.311215711466502
17.3,16.66832224940299
14.8,15.963025411154376
15.9,15.874425550515298
11.4,13.49596402395764
12.7,12.635957660910208
15.6,15.660212446462538
14.0,14.359386214287952
16.8,16.357497771416092
12.2,15.281435743294423
13.3,13.78638035064796
14.7,15.270558790416544
15.2,15.372355467552552
14.0,13.881028007454006
15.8,15.76188318937784
16.1,16.374017768204794
14.8,14.747579344493715
15.1,15.051787998221698
15.9,15.849400631792378
13.6,13.709465232797811
14.6,15.275297346572188
13.8,13.30382113638916
14.3,14.335210133867804
11.6,12.723502412525704
16.2,16.487349935043312
15.7,16.383694915508386
15.3,14.530841823492665
13.7,14.426004978973651
12.4,13.34049983668956
15.7,15.467208623304032
14.7,15.082738108822014
14.3,14.715652995975688
10.1,9.333870803529862
15.2,14.953518883383367
15.5,15.18413062611944
14.5,14.78244998684022
13.9,13.71096471248893
15.6,15.652808544022264
13.0,12.829872337635607
12.3,12.442718598540523
12.4,12.481433094581007
14.7,14.319230103661539
15.9,16.090757533413125
16.1,15.765041260128783
15.7,15.323915346456488
15.0,14.79264519008575
17.2,17.560133390452393
18.2,18.101428410504013
17.4,17.219824016010534
17.7,17.845864651317243
14.5,14.837528988680788
16.2,15.888185944932047
12.0,12.934549279263592
15.4,15.386599689547438
11.8,12.880010434892029
10.8,11.14689531212207
16.1,16.59455286595039
13.8,13.995492826325062
16.6,15.642585606197827
14.0,14.226263016651501
13.8,14.386080896947533
13.4,15.784477114546462
16.9,16.674297909150482
12.8,12.879701874049715
19.2,18.837480969523313
18.8,18.130362384341424
13.8,12.360045967419865
8.9,9.326202024705708
12.3,12.699375625457833
13.2,13.168629713938572
6.8,10.47131060672109
12.6,14.290182936796555
14.4,14.304646579726978
14.1,14.643625996017363
15.7,15.526509834948229
15.1,15.30957203732396
13.6,15.20557725384424
14.6,15.536963789229048
13.0,12.505333230015822
19.4,18.508689458831213
12.5,12.391273128596367
14.5,15.216720402555438
11.8,11.126641913841013
9.8,10.464600993029308
15.5,15.30406331496124
15.0,15.140415186906466
15.3,15.70022742002584
16.6,16.871700560936006
13.2,13.395490134076681
15.8,15.847058261599159
14.9,14.887126027053455
16.1,15.813094560380705
18.1,17.984008441941114
14.8,15.272856132985908
10.9,12.354160870134365
16.0,17.88489637101884
19.6,17.944083829963347
18.5,18.245269429462496
13.6,13.56173715175828
14.2,14.27710147911057
9.4,10.331562840670813
15.1,14.95394927461166
13.3,13.52276220775093
15.4,15.678194503241684
13.4,12.827441654590075
14.8,14.98463966354393
14.8,14.50403039642697
11.9,12.971109409350902
13.7,12.741601447478388
13.6,13.581690896622604
9.4,10.3668716623215
14.7,14.375410493466916
19.7,18.488402853021398
11.2,11.59333989487277
16.9,15.804697990708519
15.9,16.29905270784002
12.8,12.221818494399486
14.7,14.710856663208688
17.3,16.399349845771212
15.3,15.817227430830826
14.9,15.064804593625013
18.7,18.67222698610567
14.0,14.06141113202284
15.5,15.383383034844883
8.9,13.642674478556728
16.2,15.77737137521035
14.9,14.720157373074471
15.5,15.222711549620726
11.7,11.609869066713145
13.0,14.964904638420194
13.6,13.933150280965492
13.9,14.40251769090537
10.1,9.810492407006677
19.8,19.156687101261923
14.3,14.43367905143532
13.9,14.281946295468515
16.4,16.033004566270392
13.2,12.313053914404009
16.7,16.709591644426837
19.8,18.468634904478677
14.9,15.30026770272525
17.8,17.90654843664379
14.7,14.473980759939877
12.3,13.229333461702481
14.5,14.418559990823269
15.7,16.060661083261948
16.1,15.386874679476023
9.2,9.21276633895468
12.3,12.72840733078192
8.4,8.607628951605875
12.3,13.132079212926328
10.2,11.913141572120367
13.7,13.382880929333623
16.1,15.560230204631807
16.1,15.458860443148296
16.7,16.359278212941717
19.1,17.477039347199025
15.7,16.024673932115547
14.0,14.124556930182735
13.9,13.958420098500937
13.9,13.735485579527449
13.7,13.610428171698004
14.3,14.119566662957368
13.3,13.975637043977258
11.4,11.14555839332752
15.8,15.985843167407438
12.4,12.51464136352297
17.7,17.612355934659718
19.1,18.195752157800598
13.5,13.71582999315433
19.7,19.158083124289988
15.3,15.441726477267366
14.9,15.006367785914335
8.4,9.04915293052909
13.3,12.491827659547198
13.2,13.249317763289582
15.5,15.569953178433934
16.1,15.965632164123235
16.2,16.088738595804898
15.7,15.432994128204882
18.3,18.196951442223508
18.1,17.553297797483538
14.6,14.773229296173668
14.2,14.703716992113186
14.2,13.93162192607997
17.2,17.419428066263208
16.2,16.343808729725424
17.2,17.468717295792885
14.5,14.547208809817676
17.0,17.915665386477485
14.9,14.483984562655678
16.4,16.597174425929552
13.4,12.799091752240201
11.7,11.245673877245281
16.6,17.00517214084175
12.9,13.742553384014172
11.1,12.23021876704297
12.3,13.510604981449433
13.6,14.161586173082469
14.4,15.34434974915348
16.5,13.7863030397275
14.8,15.52194639458321
18.4,18.73868836928159
17.0,16.53382539274753
9.7,9.656247857026756
15.3,14.905093162646153
16.3,16.122770846679487
13.8,14.40944952738937
14.6,14.426907667413616
15.3,16.154502251098165
14.0,14.186782876728103
16.1,15.693162205425324
14.4,15.264632519771112
15.2,16.54345088248374
14.6,14.895930531871272
15.1,15.029138197365683
19.4,18.80758978924132
14.1,14.585612369250157
15.5,15.529850856633857
15.9,14.361849534092471
11.6,12.402336849278072
9.8,11.513284881337313
14.2,13.993707982961496
14.7,13.940647962648654
15.3,15.335178601322696
16.7,17.347154712391784
14.4,14.93413259278168
12.4,12.972804981618538
18.3,18.5242094968562
12.1,12.455762554338435
16.4,14.650725304614753
12.6,12.828621092810863
14.1,13.372192661860026
16.0,15.651021715893876
14.2,13.66998795888503
14.1,13.773815371096134
18.8,19.104553249577293
11.2,11.495491704205051
16.8,16.644731393898837
13.1,14.452437779895263
14.5,15.014947987685446
15.1,14.860710721084615
15.6,15.119901811762247
14.0,14.211973078374285
14.9,15.038367122237105
15.0,15.179469343085657
14.9,14.022658536676317
16.4,16.126972383412067
10.2,9.655319543995574
13.9,13.96946692961501
13.4,13.463869175466243
13.5,13.84480081970105
17.6,18.181692010592087
15.0,14.731777250388404
14.6,14.224640978412936
14.7,14.8058658510854
13.6,14.78482904098928
12.4,12.98165757273091
13.3,12.153151705337223
17.7,18.202998324428336
16.6,16.55401406690362
13.4,12.193520052620443
14.4,13.512800434342353
14.8,15.240091537227272
17.7,18.20540188992163
16.6,15.815953532324784
15.3,14.909957121766638
15.9,14.679230154146353
13.1,13.474284670408451
13.7,14.494185989926336
16.1,16.525814498309046
15.6,15.5085900766353
10.4,10.16862291819416
16.4,16.226013910141774
15.8,15.479723309515975
14.8,15.278891911264509
14.6,14.96477238060288
15.1,15.254373423944344
14.3,14.792559594265185
16.6,16.7708277075144
16.9,16.9168254006363
14.7,12.243642339220969
14.3,13.849329298134762
15.2,14.909494551946409
14.3,14.433121507114265
11.6,12.21945784703712
6.9,8.480585967656225
10.8,10.891052810737165
16.7,16.507943683420308
15.2,15.296245812720372
12.7,13.398462831601137
17.0,17.950175208956352
15.6,15.079947496851673
17.6,16.86615437225555
14.4,15.049917547643417
15.4,15.854303861706285
13.1,14.641647105454467
15.3,15.121912846690975
12.5,14.41097383806482
12.4,12.179032051266404
14.3,14.647945520468056
15.6,15.339744568656897
14.8,15.27416122041177
18.9,18.35412037261267
19.2,18.412164431851124
15.4,15.161845818558504
15.3,14.73619293916272
15.0,14.40690492419526
13.4,14.222792108746944
17.7,18.307700878671312
15.2,15.34253778506536
14.1,14.321075542535254
8.4,10.243914393446175
14.9,14.936392035961035
15.1,15.087172826722963
16.7,17.01657292494201
15.3,15.419565075833816
11.7,12.33951038774103
15.2,15.206591318783467
15.4,14.745251187559916
14.3,14.99347796398797
14.6,14.621350501160123
17.1,16.416580252174754
14.2,14.877711296852794
14.5,14.74197097698925
15.9,15.837925187433939
13.5,13.676564279099694
12.5,12.852215336170048
15.6,15.396771185820398
15.4,14.651680582346671
15.4,14.017839763633674
13.5,13.569054530496942
15.8,15.40687384017474
16.3,16.899045654703514
10.3,12.115691325310763
16.0,15.50213087262091
14.3,14.731388205347685
15.5,15.037822881187822
11.8,12.977384969504783
16.1,15.511413198422815
15.1,15.286804309303989
16.6,16.651747227617307
14.3,13.6127750903579
14.2,14.374173025833443
15.6,15.600810226216709
16.4,16.12800586008234
14.9,12.395065167802386
14.5,14.775669192842543
15.4,15.257030739529
12.2,12.099678226310061
11.8,12.191908719809362
18.9,18.263576738536358
15.4,15.192998115191585
15.4,14.460028775793035
18.4,16.350511815573554
13.0,12.997603206080385
16.6,16.15816405471196
13.3,13.246485107054468
13.7,14.403516179409053
14.2,15.288623243715847
11.8,12.181358958914643
13.7,13.452465923246564
15.4,15.02471870413865
14.5,14.763846220977939
13.3,12.342613300541416
4.5,7.537829746259376
15.3,16.134004135150462
15.2,15.8142397928641
15.9,15.216316734795328
11.2,11.699372128467076
10.6,11.09963477612473
9.4,13.10476747472967
12.7,12.578737325156908
13.5,13.41035207938694
13.9,14.612429691012949
14.6,15.23036294634585
14.9,15.144491370767355
15.7,15.459833188906487
13.0,13.908452394898632
14.2,13.682347309484612
17.7,17.915934040709544
15.2,15.28066182351904
15.0,14.882377921545412
16.5,16.650080392108066
12.2,13.222840227012057
14.8,15.248203611758072
10.6,10.610907042660983
18.9,18.67918627700419
18.8,17.1036432547844
14.6,13.565965692745522
14.7,15.216317314352636
14.5,14.60736706823809
8.6,8.508903859765269
14.5,14.585787344753044
15.5,15.671106550580589
19.4,17.01343611109769
13.5,13.6001635650955
11.9,12.468738046276485
12.8,13.143955784355057
14.7,14.625852424534969
14.9,14.688502235338092
15.8,14.927330451933813
11.5,11.32172751717735
13.1,13.769240762310801
13.6,14.004310888973123
9.3,8.875827661831863
16.0,16.819332493705588
4.3,7.4276889256434515
19.0,17.620862899755593
16.3,16.41160413165926
11.8,11.701607076916844
18.8,17.13193175260676
19.2,18.564351260720287
14.9,14.775095021937886
11.5,11.896426898427308
11.7,12.628084375639446
13.8,13.040481363539584
10.9,12.212682744662743
13.7,13.961366343923146
15.8,15.63728294360044
15.4,15.101428473106353
14.1,13.993027057877043
16.0,15.6089152279892
9.4,10.738716713705799
13.6,13.68768827826716
13.7,14.008618139123428
17.7,17.883840089431033
12.7,13.262991841620533
11.6,13.067435741773807
11.1,11.215580487674742
14.1,14.547990383784054
16.2,16.60117623140104
14.6,13.824833385879174
14.1,14.140881368453847
14.9,14.975254745051643
14.4,14.447942652739584
12.8,12.385608777287416
13.6,15.420871511276346
14.5,14.288066703738878
15.9,15.610732748551527
15.0,14.079894845286617
15.9,16.255693315073586
15.2,15.709673725126777
14.6,14.610125812789192
8.1,11.444040798116475
13.7,13.711997323749529
17.8,16.604116090296884
14.2,14.406384534508106
18.8,18.693038020515814
15.5,15.902368480448786
13.0,12.51608254477469
15.7,14.427809395012446
14.8,14.362709387589348
10.4,10.533601089788135
17.7,16.976836839316093
14.0,13.837622022838332
17.4,16.808144619284576
15.6,15.57325112624676
14.4,13.684609337738948
16.3,16.491054974176222
13.5,13.763912757392973
12.7,12.640724280941868
16.1,14.269498329522321
14.5,15.314343551086495
18.6,18.729572158888914
13.5,13.255894536152482
12.9,13.114861772284712
16.5,16.208964025834575
13.2,13.669519097915327
11.7,12.015896838187473
9.8,10.658643045904682
15.2,15.113096759479959
12.7,12.45380581941572
10.6,11.123614711104892
11.3,12.255823884828715
16.0,16.482015729972773
15.1,15.020033399778185
12.8,13.046523676661309
11.5,11.613972194449161
14.7,14.573706818136998
10.1,12.296920208144002
13.0,12.384380205359776
15.6,15.211531008686507
12.8,12.651613762078341
6.4,11.036000994150527
5.0,8.664109320030548
14.1,13.759948912489563
12.9,13.940662351320498
9.7,10.262787208426744
12.4,12.90330197964795
11.9,11.599513084453065
10.7,10.110417566611432
14.1,14.511832362302812
11.9,12.254185012716334
18.7,17.937767768104095
7.2,8.059214676904958
15.4,15.854470763850259
14.9,14.497326688288013
19.6,19.37618452392053
13.6,14.406876330962405
14.2,14.578571968155302
12.5,13.905648892599856
14.1,14.702354082482998
14.2,14.72644042309912
15.5,14.750073517605415
13.9,13.68538732131492
14.7,14.999735488154329
12.4,13.470481970609399
18.5,18.415401905134786
15.0,14.693439434564425
16.0,16.227191357087577
15.3,14.697972625115653
17.5,17.55885195810697
12.0,12.35575395449996
11.3,10.498654548922786
15.1,14.771605228990666
12.5,11.683886558690574
15.8,16.240454639249947
11.9,11.652643827663269
13.7,13.249512363807298
14.8,15.029500106989872
15.2,15.092179110448342
18.7,18.46245668454503
15.2,15.022498094509501
17.9,18.022168905008584
15.8,15.887679522013059
16.7,17.51710922413622
17.3,17.826599447231274
11.4,11.723214258701773
15.2,15.197145677229855
16.5,16.799677760198392
11.6,12.709648926509544
13.6,13.300805288512493
15.2,14.839197944547777
19.7,18.92780784824572
10.8,12.160295372803375
14.7,14.359962072165217
10.6,11.121187268785434
19.1,19.25156816051458
19.1,18.64072474447312
10.4,10.6323813238414
11.3,11.000988875282928
15.0,14.768149295938201
17.4,17.70689516310813
15.0,14.619807318609674
14.6,15.349921321880174
17.2,17.110634107521037
12.2,13.274546199885663
14.0,14.449788501520743
13.0,13.061768357962137
19.2,18.465767258836422
13.7,13.107263154757675
18.4,17.6458080203156
15.1,14.872895964421332
14.4,14.211372614261563
17.9,17.50443647877546
16.6,16.84723582067454
12.3,12.240425870957552
16.4,16.832032136328053
18.6,18.284401247190544
8.3,8.953346765134484
12.4,12.208395575324175
14.9,15.16791183067835
12.0,12.290822375536663
13.2,13.793811860319693
17.3,17.344698357919697
14.9,15.350864930602256
10.9,10.723426465847297
13.9,14.420516458892962
13.7,13.255640755989589
13.4,14.042952939547831
12.9,12.508172509231372
15.2,15.058999379485613
15.3,15.176922053848102
19.6,18.7707591400831
15.7,15.47481687105028
16.9,17.509254435808543
14.2,14.821647095412118
11.5,11.321747585141566
15.6,15.738336187267123
8.1,9.92381052102428
13.9,15.271958930010442
13.8,13.643577874048788
15.1,14.790533744671848
16.0,16.329859449644573
16.8,15.645356568071293
14.1,14.97602896328317
14.6,12.774203224475059
12.1,12.45832857635105
11.5,11.050516320727183
15.3,15.422637325173127
9.3,11.068729592021555
10.1,9.60862064655521
15.1,15.414296267437749
11.0,11.008889805991203
14.9,14.84751688913093
14.1,14.448528419423383
15.5,15.523730563247227
11.1,12.130826471257024
9.5,10.504236405424308
12.9,13.283017383277183
15.7,15.460125491779763
13.2,14.064941868884489
12.6,12.712719246952474
15.2,15.72353119563195
13.8,14.055239570971025
6.7,7.090685859438963
15.5,13.822166419548012
9.8,11.170391699124593
15.5,14.948561638811952
14.5,13.51928698833217
15.9,15.884655199508416
15.0,17.36068371813235
14.4,14.802870924177114
14.2,14.137582161667524
19.8,18.553968857449945
19.1,19.103169503679965
11.7,11.700771652162075
14.4,13.888115764246322
11.6,12.291366262739757
17.2,16.974893812061055
12.5,14.355793550843373
16.0,16.11542857296081
13.4,14.668704703974072
15.0,15.797244492019672
11.1,11.11003806174267
19.8,18.556788464949932
14.4,13.641642208880512
14.7,14.194821047734877
14.8,15.12516157067148
15.6,15.374389463104308
12.8,12.918171390832867
8.9,10.684820143564139
18.1,17.429790587193565
14.1,14.392808370525017
15.4,15.228940417597187
14.5,14.324880297272102
13.9,14.64063512114808
19.5,18.921763761725742
15.1,15.237825175689068
13.1,12.631639035014814
13.4,13.927527157677105
14.7,14.673394663928775
16.5,17.33127320604399
14.2,14.339510984893423
13.7,13.258124007974402
10.7,11.10551279579522
16.4,15.597089762848555
10.6,11.295200491789728
13.4,13.693846127605866
14.6,15.040475849327777
9.9,9.67225197510561
12.7,13.484331298561301
13.1,13.32062946870792
15.2,15.165619583282023
14.1,14.844086068245815
10.5,11.02455806848593
18.0,17.997539301548386
13.5,14.005081874456664
15.0,14.931699921266045
7.4,8.408852161024697
19.0,18.713508817978436
12.5,12.935403086274164
13.2,13.563365667831022
15.4,15.855105986527633
15.0,14.287167823087657
12.1,12.760179727516515
14.9,15.032353568880353
13.1,13.666819400707027
13.3,12.460638802236645
3.1,9.344318507239223
13.8,14.167629624780602
9.1,9.625538999040145
9.4,8.883507798658684
18.2,15.70915920974221
10.7,12.190767937339842
12.1,12.046112760410324
12.9,12.896214598149527
12.0,10.607874425069895
8.1,10.668805767316371
14.0,14.30710548866773
14.7,14.765823385125259
15.0,14.284527265064753
19.2,17.18908440534142
11.9,13.1773856782238
12.9,14.261960973002715
4.6,6.847246283112327
13.5,13.897843615384772
15.1,15.99917408512556
19.9,16.14000080861115
13.7,14.39343319190084
16.6,15.08527146510096
19.8,17.83280618643039
15.3,14.731949401297243
19.4,19.250540138105862
13.5,12.97733158688061
15.2,15.042518295405898
14.1,14.034539638640126
13.6,13.788107221502287
19.5,18.64701038680505
14.7,14.951548237469979
12.4,13.92943107287283
15.9,15.633671807945575
17.6,18.814809299976332
15.6,15.203794142405968
14.6,14.500317806325256
17.9,18.495722498104442
16.4,17.18442541960394
11.9,10.905591205926612
18.6,18.45510064298287
16.8,16.705572490638588
18.9,18.423301003407687
17.7,18.002604455687106
16.5,15.777765928063673
12.6,13.175943643698702
18.9,18.908896896842634
16.5,17.24566222159774
19.8,18.504263810958946
17.3,16.934371518465923
15.6,15.508742170408368
18.1,18.578925931127742
13.9,12.746470443124053
14.4,14.618179487195448
13.8,14.22448143287329
12.3,14.260725926724263
14.5,14.858657187316567
15.5,15.184984917525071
15.8,16.175046245014528
14.1,13.91286215634318
13.9,13.437366719765123
11.4,12.856238600506913
16.8,16.326865109382197
15.1,14.917507984195254
15.0,15.518906061945017
14.1,14.062582414539065
16.6,17.993240895069903
15.3,15.077729924727464
12.5,13.055230686324649
14.0,13.737077889818465
18.1,18.199777853049454
12.7,11.584390574251302
18.0,17.154533804574385
15.8,15.263571337767644
16.3,16.24710750612212
17.0,16.65778389776824
15.7,14.583710954850176
12.7,14.316300700877036
15.2,14.6813932483783
16.3,14.316840067709563
15.0,15.002269673597766
19.0,18.644612312375102
17.5,17.740112534869695
12.8,13.878526661952492
16.9,16.500091606605565
15.5,15.60361084860051
12.7,12.244924281258136
16.4,17.097005629417254
14.2,14.192437493882608
15.1,14.863822096469448
18.7,18.605595099186758
6.6,8.480559464282123
14.5,14.593690312343824
12.7,12.780543984123142
14.8,14.964372137270402
15.7,15.302306677422166
14.1,13.067279272756423
16.3,16.470686434906384
15.0,14.647075347660575
15.6,15.710602447063138
11.8,13.002246326184832
15.1,14.8074901303371
17.6,17.487448792342548
8.4,8.380112240382005
13.7,12.979246549046366
15.1,15.35653861335959
12.6,13.22548885224387
9.1,11.157886622215301
15.9,15.226218429834262
9.0,9.435725021990947
13.8,14.034323332394706
15.5,14.210036766648045
15.8,15.172266565879909
10.7,11.396269685617881
12.3,13.429902870237129
13.2,13.352649226144422
14.7,14.238703517825343
14.5,13.826993713053525
10.5,10.710933663649485
12.3,13.026460750086699
14.7,14.68348154675914
9.9,9.709384091955144
15.8,16.36370734887896
18.2,17.34837920597056
18.2,18.779802830074914
10.8,11.13552886195248
14.9,14.718626999172557
15.1,14.559423766360851
15.8,15.681515927575674
15.8,15.466614979904989
15.0,14.925141605983299
13.0,13.374425641104608
17.7,16.53776103720884
15.8,15.538325586472638
17.3,16.93129385492648
15.8,15.337050872854888
15.4,15.224533942964626
7.5,11.753285696497187
17.9,17.453188048588345
15.8,15.161230334580978
18.0,17.116330560436836
8.6,9.58756382012507
5.3,5.836255648522638
16.2,15.650305985785963
13.9,13.667910589429084
16.2,15.999693864130677
15.9,15.075403217086205
15.8,15.555286708920903
16.0,15.548162843566388
15.9,15.109745149999071
16.5,16.208024011808448
19.3,18.666165829752572
15.2,14.940742585957196
16.1,15.340183253782016
13.2,14.074433158766624
19.3,18.699809163430473
13.2,13.185675041488139
14.7,14.632774155328661
15.8,15.3928600821273
15.5,14.200140362197999
12.9,12.149784637691482
13.2,13.696698264451697
17.3,17.480790824556607
16.4,15.785595113526142
15.6,15.394739274284802
11.0,9.198002263903618
14.1,14.660578259823524
14.5,14.289428957394193
14.1,14.200458953826455
16.3,16.63536982380174
14.7,14.922925309181664
14.9,14.285781796497758
13.3,13.338701547472738
15.5,15.238949021386361
14.9,15.130274370414554
16.3,16.29163395769865
13.5,12.882374739754596
15.0,14.851160135789542
15.8,15.88553149719155
14.5,14.621687074974034
15.3,15.242929866100894
13.8,13.714811112149619
14.5,14.625606270332355
14.1,13.943807205010671
8.8,8.460074348025955
16.5,16.143365850264672
14.7,14.625669632077916
15.1,15.080769225372933
15.5,15.130993688799208
19.2,18.849570642283652
13.2,14.580826152581722
18.8,16.688000972382724
16.0,15.73889297869755
16.6,15.84380458279702
18.2,18.46702749695396
15.4,15.584774438932072
12.8,13.012963068958925
14.8,15.774886551502277
13.5,12.343280571982177
14.7,14.423753639159258
15.5,15.541147718933644
13.3,13.52523019228829
18.1,18.20440694707213
14.9,14.876211897062603
15.5,15.240312370660831
14.5,14.785048603745963
18.6,18.538653965340927
14.7,14.402880287674634
14.5,14.438515670310153
19.6,18.486111669801176
11.6,10.590111812343821
13.8,14.73907325125765
15.1,15.43879778959672
19.3,18.4789230087772
14.6,14.506273655366385
18.4,17.569181916551315
15.6,15.900083556689424
15.8,15.468471986008808
15.8,16.084482236066833
11.1,11.062731303245528
10.6,10.858260531793348
8.2,9.557146283506881
15.9,15.367607008782215
15.0,15.121122888118407
16.5,16.505509411392268
6.1,7.454084325931035
15.2,14.966081193793798
14.2,13.80082574946573
14.7,14.685216992336791
15.0,14.751192222029204
13.6,13.35001474924502
14.0,13.852904361090623
14.1,14.427768296125578
6.0,7.891026602708735
14.1,13.877194924021751
15.7,15.629814212326892
16.6,16.722953426509775
16.1,16.039036518392095
14.0,13.750515660707606
15.2,14.998061248887097
15.2,15.71377970057074
17.6,16.78756132973649
15.1,15.154574714339105
11.2,12.761068220250309
14.1,13.568433317272138
19.3,18.872928984230384
14.0,14.492599322082242
14.8,14.488086178465892
11.7,13.40981136506889
13.8,12.856241373316152
14.4,14.492276142234914
19.3,18.79207123125525
13.9,14.356624090665719
13.3,14.589415351500065
15.3,15.078863273258321
15.7,15.134269304955524
16.5,15.7035852430854
16.3,14.820169421116589
16.3,15.616522958913265
11.6,11.483334384742193
15.8,15.414291017823416
7.0,7.478741004306357
14.3,14.042429040768184
15.9,15.681938562425785
16.1,15.683713345439173
13.7,14.188380934876477
15.2,15.388579878292148
14.9,14.96773988561472
14.4,14.743677842212492
15.4,15.862673792260466
15.2,14.944166650850093
16.6,16.114927294696827
17.0,16.102705293311374
16.0,15.351855442047963
15.5,15.266215960586123
8.8,8.94685751063298
15.9,16.032867723819436
16.1,15.661327315028757
18.1,17.493836093395657
13.4,14.394050515576964
13.9,13.33503522535284
15.8,15.280303895304314
15.0,15.25992816451435
11.3,11.69893840822624
13.9,13.662402769899927
7.7,8.308445503527764
14.5,16.174596270313486
16.6,16.063296428939793
19.1,18.117868818953866
17.4,16.010930365915556
14.4,14.438221508811694
14.6,14.403440455382224
19.4,19.320904639695073
14.6,14.842920432511164
13.4,14.17780948575819
13.5,13.257198133476777
17.5,17.36388304986758
19.8,19.426990658801515
16.2,15.76150961241001
12.4,12.01457750107511
15.9,14.899321906492332
15.5,15.274217898497227
17.1,16.535476549644955
16.5,15.67183218822538
19.5,18.269193600688595
14.6,14.474986911809538
15.0,14.52607793765128
11.3,9.600140821770765
18.6,18.63885138563637
15.4,15.517705839771224
14.2,14.998293755401392
14.8,15.376169888360891
14.5,15.033257332193898
14.2,14.096972555944376
12.5,13.171210362866987
9.0,9.292368502123281
14.1,14.672379457158968
19.5,19.307203949429095
15.3,15.070772150123958
15.7,15.57713232722017
13.3,13.16625631248462
14.3,15.453558693552623
17.9,17.980333869549213
17.5,16.830118588433834
14.1,15.17078746363768
16.8,16.93133097869577
12.3,13.327647478872677
10.2,10.718957022647373
15.0,15.06602489145007
13.2,14.064599765581079
10.3,12.651784944348037
11.7,12.354201111535076
13.7,13.747454966505757
13.4,13.329518227023073
15.1,15.073044188924541
11.6,12.726634954160545
15.4,15.086260445677908
12.9,13.336029050522484
14.7,14.314636739349226
13.2,13.373981598182581
15.5,15.270505020278506
10.9,12.444138209626544
15.7,15.655197838466847
14.7,14.567628980948939
12.2,13.876908063044539
14.4,14.178020976600237
14.3,14.303000441956101
13.1,14.149146627019945
12.9,13.411090835637879
12.7,14.522476630052552
12.3,12.847277517110342
12.3,13.280831045500236
11.6,12.630492313153809
19.0,18.765312277624616
16.9,17.11978357131011
17.7,17.819895094758976
19.8,18.367067413637415
18.3,18.695750456070527
14.1,13.810658986214548
18.7,18.322303451044718
15.7,15.183790275565116
11.6,11.753816061507678
15.9,15.53361000836594
13.9,13.443158791400492
11.9,11.863439524982823
14.0,13.436039102210998
14.7,14.655793413467109
16.0,15.852413749198604
14.6,14.034080133336829
14.4,13.76425559953168
15.6,14.681232108850963
15.1,14.571118007210316
14.1,14.190094838500954
13.6,14.195124712277902
15.4,15.582246803387534
15.6,15.790462300326908
11.9,12.510314174753148
13.9,13.877695085975574
12.4,13.052399269945454
13.7,14.070060941154225
14.5,14.976598431332604
13.0,13.230580279952846
15.8,15.582907756417626
11.2,11.535980929562356
13.6,13.66811840839182
14.1,14.627138579933671
14.7,14.852072483568918
15.0,14.781439867050722
14.3,14.49254867705713
4.4,8.0577970555496
15.3,15.280234651028877
14.2,14.175341233349172
13.6,13.760957649094053
11.7,12.260886420845054
13.6,13.491064487025142
13.2,12.481088712229393
11.9,12.094545006373664
9.4,11.827532730036182
16.8,16.215590316976886
14.8,14.685497573347675
19.6,19.33989816508256
15.5,14.685382703586583
15.0,14.33816213333921
15.9,15.018825542187187
15.2,14.600119666318278
14.6,14.727775328879943
14.2,14.198613392130937
15.9,15.587667232641252
12.2,11.737101262144279
14.0,14.002212591876741
9.4,11.141589212289546
14.0,13.868338798318291
15.8,15.619859005899343
15.9,15.42283117682382
16.0,15.340337297995575
18.1,17.76079136878252
15.5,15.170130209764466
14.5,14.325276036397554
13.9,14.056050792976748
15.1,14.43145489253584
15.5,15.366797239199514
15.8,15.360417010670062
15.8,15.319676823972259
14.4,14.14527183843893
10.9,13.873326435423223
16.4,16.708697256137384
18.5,17.90849650423479
16.0,15.290362217347138
13.7,12.895200614933856
14.5,14.560699753259541
7.1,7.398953390773386
14.2,14.180057101271814
15.4,15.869279432692565
13.2,13.804163351502211
14.8,14.82821889675688
14.2,13.907739040674642
16.5,16.100643256504554
16.0,15.550832401266234
16.3,16.61649390472303
12.4,12.322659243247472
15.4,15.336622361443006
16.2,15.479352467285935
16.0,15.388012260056712
19.7,19.276638197508873
8.9,10.572548380121589
15.8,15.747322690358487
12.6,14.661376259755343
12.6,13.399612228618935
13.8,12.983574022364337
14.8,14.26476470774287
15.3,15.297409609542228
15.2,15.061106333769203
18.8,18.206754074140918
19.9,19.09380046799197
19.7,18.97474173255614
16.9,16.267438970249714
19.7,18.385713283205405
19.6,19.504375664400868
18.8,18.64473510836251
9.7,8.996543239656603
16.5,16.020294223002566
14.3,14.77995106801609
14.9,15.404775461764075
15.7,15.675653678146773
9.0,9.065489223808981
12.7,14.019322187494254
11.7,12.517410749482224
13.8,14.04980890385923
15.0,14.459880831476767
18.0,15.664102121052565
14.4,14.016836716182297
17.4,17.3649143657276
16.2,16.018827397165296
15.9,15.64445068994246
15.0,15.04935576688149
12.1,12.392140595024102
17.4,18.49154635576997
14.2,14.189777663792484
15.3,15.589253813748655
15.2,14.983396286901552
14.4,14.635428735960886
18.9,18.21953794232104
15.1,14.866382357380644
14.8,15.479967240438782
15.3,14.282918443583185
16.0,16.520374956773594
16.5,16.218656511773588
4.7,7.342753739911132
13.9,14.051949052896816
15.8,15.68977838207502
8.5,14.837743022391805
15.5,15.412270865534083
15.3,15.011676605505272
15.9,15.300844566812884
15.9,15.508382415489905
14.5,14.868409040325787
17.8,18.315813139575766
16.0,15.466864752641413
18.7,17.853235200134804
14.8,14.163671258385875
15.2,14.92274670653569
15.0,15.381589635857381
19.3,19.091383539103845
13.8,14.210504797694739
15.8,15.46947667922359
16.8,16.07273657125188
15.6,14.697364888246739
12.6,13.299244656815063
14.9,15.148878893698566
15.5,15.845091239631074
15.8,15.590533632203005
19.4,18.076999894867186
15.3,15.028169411118142
15.3,15.597552428491326
19.9,15.496504154405557
15.7,15.607134737907472
13.9,13.505533931049285
19.4,18.07107977699343
14.9,14.511861093813422
10.3,10.863568016186036
12.1,12.754052655876876
16.5,16.948235541625763
15.3,15.780324280291097
15.9,15.840240816862206
14.4,14.963876027846709
15.9,16.096455072663957
18.5,18.49326520692557
17.0,17.107342846109532
18.2,17.80910678616783
16.9,16.96289804868138
16.1,16.991953876276966
15.5,14.240089253813494
14.3,14.324241349495423
14.6,15.149431244048174
15.8,15.788235299289227
14.6,14.363387405814137
12.9,12.881914401397808
18.1,17.201385352716898
16.6,17.35777512274217
18.6,18.521510882652365
17.5,17.23828935428901
10.5,11.584724165271837
16.9,16.4459273161483
15.5,15.397499282760691
14.1,14.945671322071576
19.0,17.922735381434904
13.8,14.429154332639882
15.4,14.964797456923407
15.8,15.252410507004242
12.4,12.306323773882468
17.6,17.93096075183712
13.2,14.171695729193743
14.5,14.454408275312744
19.4,18.379750645333843
11.8,11.967138638283359
12.7,12.739027599618566
5.8,8.741344818263315
15.6,16.125139767442306
15.6,16.320267785224132
15.2,15.612718313266669
15.7,16.11971140964306
7.9,11.353042646544054
17.7,18.48354377853684
15.5,16.560720841487637
16.8,17.0227412902168
17.0,15.873050751170013
19.8,19.264965195325203
16.2,15.444512864798526
17.4,17.03638207523909
15.9,15.54114785292768
18.9,19.331930038140854
14.9,14.655046637679334
19.8,18.88006212731125
13.0,13.820889257331146
12.6,14.646264712733682
14.6,14.632283361264854
13.7,14.830560827453155
13.6,13.862829368910752
11.9,12.091925420449115
19.8,19.049203640490305
15.2,15.786525567082208
15.3,15.340410260352655
9.9,10.688323681242764
14.2,14.51561390821007
15.2,15.057544793064153
17.1,16.319185166117677
12.7,13.027939224120928
15.9,16.420209939140477
17.2,17.28495673913858
15.7,15.755480075667947
14.2,14.623266292159315
9.0,10.90390601605759
16.0,15.776114767033505
14.8,14.228698402148439
16.5,16.629960018912243
15.4,15.543699621863198
15.7,16.14421354638762
15.0,15.066672949571512
15.5,15.748009227478178
16.0,15.581527824775549
17.1,16.548493173759198
8.9,8.790294398088008
14.4,15.420001826953012
18.2,17.86845319160784
16.4,16.552904583135387
14.2,13.99232606246369
15.9,15.197899285796666
19.3,18.804637274704874
11.0,11.953065424168017
14.5,14.677301344330772
11.8,12.050261666212464
14.7,13.665240928177809
19.1,17.57865259773098
11.6,12.924765114474212
17.4,17.080126234330237
17.6,17.768551652145106
19.6,18.765976097551174
12.5,12.461976525955833
16.0,15.676342682852919
13.3,14.0868903316441
19.0,17.533167485438753
18.7,17.6777751565387
15.6,15.654679101076908
15.3,14.916701087422553
15.2,15.13318663649261
15.1,14.884985120028432
14.0,13.929041870462243
19.0,18.087014959164662
17.9,17.659570576972328
14.8,14.852890358350123
14.8,14.554899345734157
16.3,15.620182091717652
15.7,15.39474970655283
14.3,14.26289273279508
15.4,15.289293857931625
15.2,14.890826129767447
18.5,17.98949972097762
14.1,15.02457985910587
10.6,11.852687082515331
15.2,14.978590823526247
15.4,15.414179161572974
16.4,16.44135802189703
11.6,12.09787380983471
16.2,15.719269978253578
15.6,15.27953274088577
16.7,16.927281494252384
15.5,15.464464767414029
15.0,15.042544817202725
18.0,17.83544253150467
15.2,15.463118502288125
18.6,18.293525477667572
15.9,15.367890464753145
18.3,17.74288767183316
15.6,14.53176009368326
15.2,14.395381510112202
14.4,13.232256340676031
17.5,16.737765973826754
10.3,11.55259776895764
17.5,16.5029602368013
16.2,16.049916657553695
18.5,18.489694774441887
15.9,15.889048732087758
15.2,15.798828369413968
16.9,16.912056015455164
16.1,15.940455410454888
16.0,16.083601888502017
18.0,16.987605513073504
15.1,15.010364980558734
19.5,17.554366960572224
16.1,16.00975411615218
17.2,17.062051403569058
15.9,15.937829256861733
19.3,19.086081967747305
14.2,14.807325143949129
11.3,11.330803328635739
14.7,14.964861289137843
14.5,14.14382858056888
15.8,15.550841271062382
13.5,13.998823818867095
15.2,14.94801714408095
16.8,16.83967426698655
15.4,14.350983372278279
17.7,17.051540325282986
15.7,15.777313246455378
15.0,15.288130056622322
13.0,11.716137062030612
14.5,13.780596046148275
14.5,13.508246903220424
16.1,15.529709510759858
11.7,12.610913550073747
15.7,15.279275467551997
15.5,15.041604606731198
13.9,14.51635257084854
14.2,14.055617902637096
19.8,19.289685860363534
14.1,13.161158021655865
15.5,14.971889011043459
15.4,15.611406892019659
11.6,12.569553628622089
16.5,16.146081781456814
14.9,14.932668891182402
15.1,15.143679063410673
14.8,14.866315861005205
16.7,15.518409203532428
15.1,14.858869508134376
11.4,11.459035096660955
18.9,18.37641424580943
11.5,11.57387680420652
14.3,15.255797203331895
17.7,17.444664207772803
16.0,15.893446746542395
14.6,14.398203583958093
17.1,17.040624560206197
11.2,11.700556765601505
14.4,14.35711690645985
15.3,15.067120454725227
12.9,12.720741348315642
12.7,12.753951351420255
16.2,14.730462824023562
19.4,12.967222899955232
15.1,14.77782829332864
15.1,15.006438478512791
19.4,18.415396018797765
15.1,14.88992762385169
14.9,15.10251774295466
14.6,15.54882900416851
13.9,14.154076921113301
13.4,13.254963290737578
11.0,10.835434820415685
9.1,9.103232358640525
14.3,15.604530194490508
9.1,10.346152502286714
11.5,12.010943955159746
15.1,15.343366732558934
16.2,15.958773788646795
14.8,14.937212168097176
14.8,14.982640019516111
17.1,16.447731039719656
15.5,16.11925176789373
15.5,15.311159800243331
14.9,14.867225553141907
15.6,15.232944218150806
14.2,14.295190826815087
16.0,15.833547171736427
13.5,13.370676060789265
12.0,13.339540176384617
18.2,15.701446269784356
16.9,16.99520579155069
14.7,14.529191632787843
13.0,13.322203786345199
15.1,14.614808331481981
18.6,18.209832516062306
16.2,17.279291731552803
18.2,17.91163895362115
18.4,17.853868204489117
15.4,16.28889748605434
18.9,17.75277469085995
19.9,18.643502737832023
19.7,19.01950003649108
13.0,13.569190738104226
16.5,17.552245922590373
14.6,15.174486675066873
16.6,16.84810460195149
15.6,15.752717876857787
18.8,16.30920490133576
15.9,15.672212937006407
11.6,13.343446101469453
14.2,14.031854809791184
17.1,17.337816893348645
15.5,15.35791416655411
13.6,14.058067731413757
16.3,15.38348324677645
19.9,18.09885521401884
15.7,15.255365514880395
14.1,14.146534159124712
19.8,19.348400885792216
15.7,15.351344899454489
9.9,11.176416536793113
12.0,12.55294031460653
15.5,15.222400826431112
14.4,14.589815981540596
14.8,14.39018973778002
8.4,8.976009278558195
15.4,15.498270893678637
13.1,12.480930221732706
15.8,16.139536737828166
14.2,14.135334243188481
13.9,13.824473331513218
14.6,13.88841211251929
15.2,14.914773775613867
13.9,14.201065947534516
12.9,14.000565184373045
13.1,12.98208452153267
18.5,16.672587213339284
12.6,12.917572962411214
12.8,13.684206545323832
11.3,12.62237786289188
14.0,14.374647993856343
14.0,14.120434607350035
11.5,10.814410132938065
14.5,14.225841066421708
15.0,15.025169907312375
7.1,7.980395958962617
15.0,16.555649663117947
15.7,15.731070355104748
14.0,15.073138905630913
13.1,13.819148836109889
15.0,15.425889788384666
14.4,14.528775473183487
15.5,14.910074066287052
14.5,15.045795964761055
13.8,14.224701284372713
13.0,13.106902573868865
14.8,14.358363752928199
15.6,15.158442129788455
14.6,15.349251114181243
14.3,13.957385043642716
15.7,15.517457707901485
19.7,19.489722926344257
14.5,13.861270363850053
15.8,15.57042429712601
8.7,9.523776591871865
14.8,15.680299589908827
14.9,14.937002728494917
19.7,19.36149861686863
14.9,14.92679451146978
13.6,13.897610206418904
15.5,15.282098912430229
15.2,14.28769940690836
14.8,14.565247220885794
12.7,13.338965891161934
11.9,12.328659714490641
14.9,14.855083176173139
12.7,12.397877992887516
16.3,16.15357326864614
12.8,12.841207463910905
12.9,13.884666660276707
16.4,16.351111290092376
15.3,15.169668156187981
13.6,13.828359413600992
13.3,13.423337600601371
16.0,15.869874024647288
13.9,14.297254864417482
13.4,13.099400152656017
13.3,13.50477067308384
14.5,15.101398251892533
13.9,14.316602900420548
15.7,15.234873604849781
15.0,14.648016278108116
11.9,11.950784584274516
11.3,14.122600619948571
16.5,17.073104383620375
17.9,15.753604589559473
8.9,10.532326571643353
15.2,14.941276546218432
15.7,15.163391840440454
15.5,15.281564463686664
12.6,13.185818550002296
12.9,13.051404210651526
19.5,18.605104892747477
14.8,14.460264147928683
12.6,13.254773763066623
19.4,18.759035986789968
15.3,14.570747029909398
13.5,13.247471389535349
14.3,14.020796246570171
15.4,14.818604560336098
15.3,16.063804070319748
16.5,17.08759687046404
13.1,13.523743909609038
11.9,12.304718750936445
12.4,11.237705452600494
19.8,19.33282430289546
14.5,13.117556707031326
14.4,13.906756348733325
15.1,15.106387171981623
15.7,15.285685011011083
9.6,12.635920791712124
15.5,15.224363401299343
13.7,13.176389734120676
15.9,15.166166700100803
16.0,17.07515733022592
15.5,15.052272750035627
13.8,13.58601349304081
15.4,15.304464271524921
13.7,13.630503904016223
16.1,16.16558167902076
12.9,12.556947228236822
19.7,18.86103840271244
13.9,13.55599436420016
15.2,15.005815445276312
17.8,17.672442231225432
13.1,13.296330572664374
14.4,14.20407773507759
19.5,18.531360152299385
13.1,12.467605183279375
14.7,14.774553865869166
14.8,14.603324730909662
12.6,13.578375378448982
16.2,15.668255855043753
14.7,14.897933763510082
15.4,14.82686969376482
12.1,12.53454364958452
15.3,15.673957601480652
17.4,15.400837756174951
17.7,17.63218146545114
16.4,16.176596239442006
16.0,15.509315562056145
13.7,12.792780665680766
9.7,10.823817853204673
10.9,11.304618388327071
12.3,12.198984257032862
14.7,14.5750489734055
13.1,12.722637886705343
14.8,14.675271945336135
19.9,19.243635091668693
16.3,17.000476352099213
13.0,13.047391458618222
12.5,13.656959743966581
14.6,14.919893123966176
19.9,18.78462115000002
13.4,14.522847558202557
11.8,13.664052794751115
14.2,15.99541039390897
16.1,16.2304838645141
11.5,11.854318304976914
16.4,15.137866788252722
15.1,15.071125278482214
14.0,13.524842311104294
11.4,11.60223853358184
14.5,13.693536576320184
15.6,15.371090117369022
14.0,13.793937489273958
5.6,6.529386984067969
16.1,16.010216194787063
14.4,14.657186024100156
12.7,12.826576151477639
19.9,18.81617700899369
13.8,14.585908721433952
14.0,13.697454302833648
14.9,14.971053001165274
18.7,15.456827162299305
18.4,18.71782336368051
15.6,15.253640868560979
14.4,13.580210537766106
11.5,10.93604248520569
14.5,14.16662580310367
15.0,14.191269650356844
18.7,18.638094418667606
18.3,18.742960230563767
16.0,15.372010135411983
16.0,15.224691738030742
16.6,15.995538542338181
12.7,13.057564204238588
18.4,17.09901550633367
14.2,13.873795836077988
14.7,14.739896701386897
15.3,14.286369287918205
15.7,15.321508906781673
10.6,9.991202206816524
15.7,15.22141472212752
14.8,15.737814457359491
13.2,13.431010598811554
16.0,16.502296498510987
11.6,13.36401483323425
4.8,7.373096365630772
15.2,15.158508667664137
13.7,14.190678683517035
13.5,13.874528196029132
13.7,13.347868114506127
9.8,11.828366311674472
15.4,15.283723879125318
12.0,12.04002187284641
16.1,15.98513099149568
14.9,14.911450089188293
12.1,12.609292242035735
10.4,10.609758711216273
15.4,14.898925727407914
17.0,17.098202954035514
13.7,13.366665820329217
15.7,15.313627681176513
15.8,15.285618151538074
13.5,13.531541008676868
15.2,14.881375674132869
14.9,15.615455332415877
14.6,15.142857436934719
13.9,14.055961775768083
12.9,13.82751446140719
11.9,13.90802517614793
18.5,18.45545744121773
13.7,13.648196878959425
14.7,14.657445136486785
15.2,15.246193543065601
14.4,14.421235796971814
16.6,13.256873762933537
16.7,17.00054206090863
14.6,14.397530929152708
14.0,15.904476159485057
16.4,16.16739712987328
15.6,15.673604126473947
14.1,14.36643829397508
12.0,12.06593385359156
13.8,14.598500237218104
13.2,13.959731838258449
14.5,14.58531554043293
11.8,11.941874935262604
18.8,18.952112546074204
14.9,14.876345651689917
11.9,11.952862463425845
13.7,13.13593530858634
15.6,15.155709925224073
10.1,9.984207612724276
11.1,10.922723442257848
15.4,15.126984637900023
14.8,15.183857863128651
11.4,11.005097356566694
14.1,14.724300913134357
13.8,13.280027199303731
15.1,15.124072508828249
11.3,11.225614215130918
11.6,12.341018266743049
14.7,14.498786459564144
13.0,12.710431284620427
13.6,14.32678459113231
15.5,15.244823362212628
18.8,18.876112033256504
15.1,14.824118403717875
15.9,16.56267223940813
11.4,11.138593361654785
18.4,16.36243518744959
14.6,14.588381001842208
16.9,18.814399188151583
6.5,8.393217626726255
16.8,17.40366498369258
14.8,14.982191162460367
15.2,14.85973252193071
14.0,13.341453451837879
14.2,15.20184620594955
15.5,15.347413824754767
13.5,14.50515556090977
19.6,19.166957831184845
13.0,13.52996838116087
13.6,13.303978610347258
13.5,15.231307478039525
15.4,15.758485763450153
13.8,14.903948320108611
15.6,15.36840160842985
15.4,14.837189350102562
15.3,15.923979560961016
11.7,12.243626496812794
15.3,14.863250610858813
11.5,11.497627491829917
7.8,9.203926969261374
10.2,10.714070343005005
13.8,13.009741382207721
13.6,13.936884372786153
11.7,11.044525344797876
14.6,14.770850790802797
15.8,15.627109232009389
14.2,14.237446147657465
14.2,13.962920432415558
15.5,15.744354270689655
10.1,11.009834922559094
12.8,12.649167522758944
17.1,17.028826923749875
15.7,15.501880860392703
18.1,17.966646256943932
19.6,18.593523697170895
14.9,14.629569104057737
15.8,15.33147861177531
18.2,18.242129153833957
18.6,17.953134973009583
19.4,17.57228738075355
12.9,13.095639563223813
11.7,12.611085246258881
15.2,15.226690797644551
12.7,11.987431026238482
17.6,17.570993566012476
16.8,16.99457663964131
17.8,15.44029800844146
14.9,14.525005730465637
14.7,15.27677173014672
14.6,13.555818604014348
16.1,15.680760350893252
17.2,17.046759687713347
17.4,17.413338705751812
15.4,15.012381727749016
8.4,11.154360337008256
15.5,15.579376443702131
17.9,17.336773033079226
15.6,14.480025874800049
15.2,15.43792963660053
14.9,13.87133717146935
9.8,15.752346976083572
13.0,14.062389968928983
15.1,14.84443894206197
11.9,11.55987556395121
13.3,12.795004884130321
13.0,13.125313243217533
12.1,12.156586767174304
14.2,14.339289575931616
13.4,13.066122013085987
15.8,15.905780740315095
13.5,13.276436847576406
18.1,18.431830206885934
12.7,12.961906397271378
14.3,14.2963708100433
14.6,14.766109064546981
15.0,14.897399097375455
13.9,14.4925024483382
17.1,16.65306967208744
13.6,14.41208831462427
19.0,18.452158230589703
12.6,13.633840345777571
15.7,15.470173346757292
15.0,14.994180860961933
16.0,16.17260049660763
16.2,16.614887238945812
15.4,15.700073561805766
16.5,16.594033588422462
14.9,14.904445867552568
15.1,15.144787572324276
14.7,15.165729615284363
14.5,14.30780348866574
14.8,15.392711297114147
14.1,13.449073127703741
18.6,17.530123777338304
14.0,13.531128924270888
15.1,15.14745846853475
14.9,15.461847726357519
17.4,17.047062364814337
7.4,7.783344010415021
19.1,17.081504407560715
11.0,11.340571468812414
17.4,17.16883445889107
11.1,13.988678739406168
5.5,7.703963653417304
14.9,14.1693215353298
15.8,15.874335003551096
14.4,14.81008994923286
18.4,18.42843689385336
14.8,15.998699910385767
11.8,12.180777333967853
13.1,12.621185898198746
14.0,13.489516739591636
15.6,15.069979755033273
15.9,15.92156889438047
8.6,8.715592023945646
13.1,13.205747846590384
11.8,13.380127167780302
14.4,13.813643121324276
16.7,14.185239261079914
15.0,15.11262807023013
13.4,13.499016606892837
11.1,11.266738900554628
10.4,10.831819284736412
12.4,12.940932369237999
12.7,14.225094358469505
15.7,15.350792450277368
19.0,19.366377248778008
16.0,15.979164722171845
12.7,12.627572059456725
11.0,12.156433572847163
18.5,18.358493987150723
13.0,12.951885282618605
18.9,17.868603273964254
14.0,12.656976689759176
12.9,14.064329528046073
15.3,15.540845407405868
9.3,11.281075192440767
14.4,14.051622495280753
19.1,18.999020058312453
14.4,14.85336170392111
13.1,13.844426809348079
14.4,14.35937294975156
8.4,8.786915625678375
9.2,10.668476854712935
18.4,18.206897070194827
15.0,14.799856207770063
19.1,18.39971960458206
13.0,12.579161300032865
15.4,15.319047764161951
14.3,14.314910154938843
12.2,14.871920513855002
12.2,12.886282698254945
11.5,12.01413139962824
13.7,13.450094873900525
11.9,13.300616254215129
11.9,12.185834379284643
10.9,11.403472846664954
14.7,13.697775066073518
14.1,14.359506223729113
15.0,14.485790792212356
6.1,9.775756958755665
14.2,13.651960601597239
12.9,12.52888893391355
16.5,16.364853563223733
13.2,12.957763092854293
16.1,15.769588396680774
13.7,13.621358452195636
14.4,13.337026524619432
14.7,15.415335845114896
13.9,13.64689664112484
15.8,15.466002849925644
13.1,12.045025769246422
14.7,14.47305438190233
17.6,17.887724443418847
17.5,18.083440152957337
14.3,13.800169993937743
12.5,11.788395025709178
14.7,14.769752069376409
15.4,15.161794334824663
16.0,14.92389426702539
12.2,12.21162442752393
11.0,11.451159469957929
15.5,15.441556977224536
14.6,14.635253305290462
14.3,14.886326490674037
19.3,18.588442303414922
13.1,14.167464870057302
14.4,13.897227238543564
15.1,15.741985238768393
15.8,15.447701631375821
17.0,16.485380304482533
17.1,18.51613412098959
14.0,14.710982046861318
16.6,17.12748961208854
18.6,15.687836250092005
16.1,16.308970378880986
12.5,11.305056912944565
14.8,16.084820883206703
16.6,15.361226933606304
5.2,10.040788687532768
12.5,11.859942624141695
19.8,19.380890964413993
12.3,11.945564037105214
16.8,16.858182713156566
15.1,14.916533840179909
17.6,16.719305215170607
13.1,12.289122632853832
13.5,14.026563402323518
14.9,14.800012100580716
18.3,18.52744476314183
18.3,18.77256486029364
14.5,14.959717797129997
13.9,14.55838075268548
11.4,11.714574964658823
18.3,17.961117171129445
15.0,14.695444271637825
17.3,16.003581173543353
14.2,14.268865808122428
13.5,13.855605770630063
15.4,15.179054499807535
15.5,15.080281166359782
17.9,17.930308615701506
6.6,7.756311259407084
12.9,13.5513795662755
15.2,15.520527529068204
14.3,15.194496504380368
14.7,14.291581690591556
11.7,12.239732449321309
13.6,12.877127073996235
13.1,12.715690861368785
9.5,10.344033936213236
11.6,11.892063960724045
8.8,9.980272575514391
15.3,16.041129792458378
14.8,12.709823879098622
16.9,15.812470968498019
12.0,11.855777535005473
10.9,9.860308386108954
19.9,18.79211410143762
15.3,15.484501508210087
15.1,15.337636391981505
13.5,13.347034486883786
16.6,16.446362286013027
14.6,16.2392512295919
16.2,15.600852700299583
16.4,17.629865221562795
13.6,12.375012623684597
11.7,11.347487129183719
9.4,9.34511677295086
12.7,13.153286260494497
15.0,14.684131706715561
12.3,12.555073347321013
19.8,17.32617082163779
13.2,12.967540383164305
16.4,16.45011365964092
15.3,14.86924840748543
15.8,15.024765775457126
16.5,16.06702398485504
15.0,15.147899277129909
16.7,16.61240286499742
18.2,18.135273447958753
13.4,11.867841743805911
16.5,16.536795526451897
14.0,15.581697556423023
13.9,13.629255359759554
12.6,13.154420528799164
6.3,7.84456734941341
12.8,12.950360771268606
12.1,11.680030603809428
15.0,14.737089823051065
14.7,14.534187221976026
14.4,14.365266547247302
18.6,18.593583241687156
13.4,13.313106747198617
15.7,15.760243219003314
19.2,16.93421321734786
15.8,15.70270829135552
15.3,15.001021666428642
19.3,17.36247307935264
14.2,14.302548790641595
13.6,13.773664360480325
15.5,17.396897851780523
17.1,15.516109969932586
15.0,15.140249677962856
14.2,14.513145105278454
17.3,18.094302417943254
13.7,12.847251438826788
14.7,14.540890831707657
16.2,17.303911596362013
14.9,15.092937886282016
9.8,11.202407003234839
14.4,14.65981193369953
12.9,11.971943706157617
14.1,13.77739625232607
13.2,13.023046068439726
15.6,14.94317377297557
18.0,17.401429587043822
17.4,17.717657264482114
15.3,15.018797407858074
14.5,14.319687199778855
15.1,15.075287320290954
13.4,13.742784166359343
14.4,14.490861011814559
13.0,13.42154459757512
15.4,15.293464102898724
12.6,12.920799676870956
17.8,17.707329706230666
13.8,14.314814942888916
14.5,14.992579778976506
15.6,15.45755866955733
16.7,15.966872900118688
12.8,13.63247774503543
14.9,14.89982993263402
14.6,14.838749311573338
17.9,18.492508999741403
13.9,13.095890531607438
10.6,10.416386100114323
14.0,14.15654902454662
19.3,19.02525638905354
13.7,13.819717980455607
13.6,12.759896335250232
15.3,15.189142772229388
15.1,15.452649220300373
19.6,19.183871696935967
15.5,15.368228124258167
18.2,17.79934510937892
17.6,16.046780500968453
19.4,19.13087972177891
15.0,14.916522450730554
14.6,15.023883884678071
17.6,17.2592069953389
16.6,16.105448120099027
15.4,15.482579311996233
16.9,17.577619779505767
19.2,17.694500190671533
14.9,14.045736414263956
15.2,14.974595560488524
14.9,14.932852241341607
16.4,16.428170278290054
19.4,18.99970130500151
12.8,12.776731561170891
19.3,18.662322834919905
17.8,17.62981553352438
15.2,15.295364699792117
17.3,17.291196783189662
15.4,15.829211142117856
16.3,15.134405136521309
15.2,15.497248495885287
14.6,14.618664850015193
15.3,14.770122243906371
15.1,15.53504613730911
18.0,17.251000829797704
19.2,19.12897858125507
17.4,17.333162561058998
12.1,11.942771008383716
15.0,15.004833590173803
15.4,15.329828243615339
12.3,11.12663430988323
15.7,15.71706025005551
17.2,18.176098677387927
16.2,15.953367280009843
19.6,18.94855711783748
15.8,15.860321534215473
15.2,15.020946631077095
16.2,16.298221556724457
14.8,14.347269159770804
15.6,15.857291692773288
17.8,16.580337099381723
16.2,16.198381477988733
16.6,15.199787998662941
16.5,15.744751704711234
14.2,13.430771842802642
14.5,14.415999495358847
16.9,16.969554432260338
15.2,14.386226319038542
14.9,15.983141915115993
7.0,8.512769803404808
17.3,17.18011586368084
13.0,13.478532125649508
15.1,13.61280724819153
16.4,13.64468832698185
15.1,15.23388048050765
11.6,11.526230087940348
18.5,17.7061376280908
19.9,18.491839181398973
15.3,15.40156422295695
14.7,14.707022393011357
17.9,16.590008949924595
14.0,14.111499069666024
15.9,15.603798576565168
14.4,14.38442921556998
14.5,15.089106005907524
15.4,15.220260997744845
15.6,15.558923221047735
12.8,13.311489545885706
11.3,11.573470032715704
18.8,17.907977554106765
15.8,15.297868568773993
10.8,11.307941829029005
19.6,18.17687545204535
15.8,15.150914310361259
15.2,14.86468564594361
15.6,14.731377037480343
13.7,13.248842083557975
13.7,13.893560810602139
15.3,14.893845791812055
19.9,19.29465367642115
13.5,12.668640875466735
15.3,14.595596616214607
15.2,15.114673406103975
16.2,15.790567988853581
17.5,17.679864394413016
15.0,15.232641209751819
6.5,8.518278107047081
15.4,15.138259954197565
16.0,16.216011994634755
15.9,15.683639907892939
16.3,16.130800482875202
15.9,15.033572582795387
15.1,15.153359682964947
15.5,14.582457048789365
14.9,13.937989607278723
15.6,15.2429069855134
14.5,14.424995758046862
13.6,13.637949109332112
14.5,14.178711722721346
14.6,14.953261855633173
15.4,15.325329562692787
15.2,15.048745971464086
14.6,14.896414445640403
7.5,9.45646645699162
14.5,14.375763464311603
15.7,15.83178973023314
11.5,13.14144039029452
14.7,14.614038781553973
16.2,15.968796428875066
17.6,16.89490852598101
15.2,15.603199592151213
14.8,14.920293902163394
14.4,14.213456850528019
14.9,14.799194633113075
14.9,14.552628703575465
12.5,12.759197203035
13.8,13.06763207068434
13.6,13.648119284858694
15.9,15.801137776397809
13.6,14.354268919385504
17.5,15.126792046969058
15.7,15.752159617346479
13.3,13.857439226998395
12.4,12.388423198048258
15.2,13.458767696283758
17.3,16.695396266382886
15.3,14.840159427752951
15.0,14.885734727722593
15.4,15.687741912955971
15.6,15.17494847861235
15.9,16.06174490688136
15.3,14.781170833972283
11.0,10.470687947643455
16.6,17.098795153815445
14.4,13.982331755621999
15.3,15.115785477162717
15.3,15.535493718314683
19.4,18.33967277809279
16.0,15.461941840540021
8.9,11.409540883993031
11.3,10.899931463121902
19.8,18.59822140529286
15.0,15.008549807040254
14.2,14.399721412686631
13.9,13.670812558324542
15.6,15.196555687405635
19.0,18.74835475193686
10.6,11.552303839765955
12.1,12.635678329266739
14.8,14.367152249795254
13.1,13.220132401795126
15.1,15.255232912057181
14.4,15.644770668208366
13.5,13.552198537978256
8.8,8.714664623956196
13.4,12.720947377209086
15.9,16.126543038757518
10.8,11.754583819129039
16.8,15.479095422342652
13.0,13.740728213975672
13.4,13.545317057636566
15.1,15.026256311601173
12.4,13.341443421144504
14.5,14.34566765578711
15.9,15.474834164142521
13.6,12.890744890610222
19.1,18.407055115123512
13.0,13.156017318622617
15.7,15.44636746449396
13.0,13.4632287537097
17.3,17.312928765575634
14.5,14.508655882906169
14.1,15.9941851447511
16.5,15.874368419612438
13.4,12.972389518923592
14.3,14.217806358676171
16.7,17.10460453928681
14.9,14.750704081001459
9.3,12.158160143415444
15.7,18.145285169041017
10.1,10.481355335481567
10.3,13.213992994569708
15.2,14.52401704228032
13.6,13.75370821476099
14.4,14.372518325064448
12.6,12.594244714360684
14.5,14.246014566335361
12.9,12.65327941981377
15.1,15.190233875959166
13.3,13.526120430091396
16.4,18.123437766276766
14.2,14.496935191564262
15.0,14.279026303134742
15.6,15.046609148266725
13.2,13.574320045823697
11.3,11.271772761188913
13.0,13.760419080470456
14.4,13.988064884964842
15.6,14.06789193575969
15.7,15.772699489425577
19.3,19.148994308605324
12.7,13.684567665535724
16.7,16.282473745348398
14.5,16.340866839251248
17.7,17.522694326704368
15.7,15.582185423965711
16.1,16.30415266341879
15.4,15.135711185983382
15.8,15.809352101001423
14.1,14.017331496481347
13.4,13.543620094133075
15.1,14.896661990176653
16.7,16.151699632730015
13.6,15.33375052898191
16.9,16.59889504047169
19.5,18.88605359851499
19.3,18.55963377538137
13.1,12.880863239086466
18.0,18.13772413408151
18.1,18.479348757653497
10.8,11.520606893318472
17.8,17.87522815944976
15.8,15.340092929865932
15.8,15.3525248344813
19.8,16.868374524172395
18.8,18.488143648486584
15.8,15.672958601557184
8.4,9.352191161713563
15.9,15.341009899391793
14.3,14.531694523879196
14.3,13.875512666156283
15.7,15.005802812520415
15.7,15.118355599062852
14.3,13.72703403266496
15.2,15.142964837932595
12.2,15.212747758574551
17.6,17.501513302067906
14.2,14.491272141231093
14.4,14.969328403822146
15.4,15.197256021405337
13.9,13.05727451830171
14.6,14.601567595880624
15.5,15.041577039577533
15.6,15.249541753268204
9.2,9.8884015189833
16.8,16.752792793244225
15.1,14.880824881591252
13.2,12.593210751307197
14.7,14.477101361844689
13.2,14.278469831333496
16.2,16.016351548663806
13.9,13.834558025966544
14.9,14.910961651217804
17.8,18.12885454116622
15.9,15.506912310258485
19.9,18.743492268637056
15.6,16.29085583358392
15.5,15.737758600036614
15.5,15.35089553456055
16.2,16.121080542361597
18.8,18.241382915555732
19.4,18.846662905532867
14.0,15.436672421434196
16.7,16.187934986173786
11.2,11.47648283309536
10.6,11.36730521507343
15.6,15.785840902928612
19.6,18.73218664788874
17.7,17.691642929949012
15.3,15.034404540027026
15.1,15.078210847568698
16.7,16.382706365693593
18.6,19.153816103294957
15.4,15.119920749892117
16.7,15.493900447116175
15.2,14.633342013519723
11.4,11.654657294973731
12.1,12.782700109935831
11.9,12.345685454089107
15.5,14.896812241326188
13.3,13.663474483299069
14.3,15.115666756988503
11.8,12.077830342197558
12.0,12.765805342554813
14.9,14.624873376602409
15.4,15.63119495313731
18.3,18.710344481864013
11.3,11.446945967996726
13.7,13.468826509371866
14.9,15.43302271515131
13.3,14.07333822210785
13.8,14.441700503695756
15.9,17.170039973410894
11.1,11.581497888313606
12.1,12.090318309317809
13.2,13.042500065494096
10.8,11.731797072920017
13.1,13.215978960331995
13.7,15.442235761554912
15.7,15.143447993183145
15.4,15.129284327471396
16.0,15.459081227512797
15.3,14.796566522189096
12.8,13.563700387167046
14.8,14.495916429097633
13.5,13.968816959682954
16.1,15.406220622742694
11.7,12.123304107488366
14.3,13.891103114234284
17.2,18.28007827178226
17.4,17.531089038966456
15.3,15.122942265257734
13.0,13.858208771538557
12.3,12.939922408582788
10.0,11.75727873496362
19.0,16.661722949822433
11.9,11.601771090499824
12.5,12.349352773653663
14.5,14.636731646416592
8.3,8.908078976732213
13.4,13.135574588697637
11.4,11.993499918233283
15.4,16.462417162405472
16.8,16.259944850229658
12.3,12.863942620664602
13.5,13.637009804491754
14.4,15.43200888260617
12.2,12.757484693225706
11.3,11.552512625174131
14.6,16.86730743217049
14.6,15.228421115076344
18.3,18.02738730458077
16.7,16.91564104205463
14.0,14.693972259090515
14.8,14.806764127628412
16.7,17.4789984379604
10.7,11.525503789132927
14.8,14.418027430278016
15.0,14.995794858114095
9.1,11.49963101616595
16.9,16.63870817029965
13.5,14.489996288320981
13.7,13.273662368941586
12.4,12.06767513975501
17.2,17.264069040538743
14.9,14.79061258751608
14.9,15.09701300294546
12.9,12.207871369842906
14.1,14.307808555842712
11.8,12.461701187770814
17.0,17.386079482617788
10.8,10.83609560408513
11.1,11.025192850705935
14.9,14.648874374383013
13.8,14.483266154915327
14.1,13.780541046086
15.3,15.281876352441031
14.4,14.355008850543527
14.4,13.960144704811682
10.3,9.267228395765414
14.4,14.32114913125406
15.4,15.041791669616941
10.7,10.890404871373903
14.6,14.629931570234476
12.6,11.379016799968667
14.6,13.834697072335985
15.0,14.68460492460872
14.4,14.613018146366812
15.3,14.938123514933977
16.8,17.262208546279
13.1,14.238661372859497
15.3,16.407351427798858
16.6,16.475215223268606
15.7,16.03717892387067
9.1,11.947231299855048
14.3,15.050163473002613
14.5,14.434507601952646
12.7,12.583124573313398
15.7,15.561337829883996
14.6,14.663413861933805
14.1,14.332041429675883
18.8,18.41733734663285
16.6,16.29662860670942
13.7,13.519494940293953
15.4,15.27428923844127
13.9,13.813803485303652
15.6,15.316720496344715
17.4,16.98275364842266
12.7,11.875250076700468
9.7,12.658444253640482
11.7,11.972250886145048
15.8,15.47814841195941
14.1,14.020007964507386
14.5,14.24754957476398
13.4,13.448819376440952
13.4,12.663013584970031
14.1,14.043273487011902
15.6,15.618543164455332
12.5,11.513465953059494
15.4,14.900595967721529
15.9,15.858282286731992
13.1,12.852343770762673
14.9,14.834652631223435
14.6,14.72497156055033
15.4,15.291483992075882
19.7,18.84499566600425
14.9,13.730942689089716
13.3,12.960822121622186
18.1,18.238002809717727
16.2,16.470975731299404
13.7,14.262316757580265
14.1,13.437446681669826
16.7,16.41617092411616
13.1,11.916560541867511
14.3,13.808150837343419
18.9,17.79835398279829
16.7,17.300864589080447
15.9,16.035246509185527
14.3,14.515237885672832
16.2,15.979077502415748
15.9,15.653154513449408
17.0,17.58112856498701
14.2,14.221897047274979
15.3,15.20912326187863
15.5,15.693722909578355
15.4,15.04576041281689
16.1,15.606233075697673
15.4,15.77272347829421
10.7,11.51537477428792
15.3,15.028771126530046
18.5,16.423866847821046
15.8,15.411345317028463
15.6,16.249812494297657
12.8,12.827176290884381
16.1,15.538824792693049
15.4,15.351657863098808
15.4,15.191758856235538
10.8,12.657861190265976
17.1,17.58123290619551
16.9,16.945243413651042
15.4,14.894605070734542
15.8,15.329744505497729
17.1,17.314120402705157
19.8,18.773023107700283
12.5,14.205595424748026
19.3,17.93939243661589
15.8,15.156625872885343
14.7,15.060234619450057
18.5,18.399256179342046
19.6,16.203854594094082
19.5,18.56640225735464
16.2,15.653888509543322
16.2,15.730394585143586
15.6,15.75480751797295
16.8,16.690835339730256
15.9,15.584763766230026
17.8,17.390766041266033
17.1,16.391608939680737
16.1,15.632582516554976
16.7,16.748152406828012
16.4,15.867142182425596
15.4,15.09694816468982
15.2,15.24689038321958
16.5,17.15072989120381
16.6,16.079786768677877
15.6,15.615757085557561
15.3,14.93960842571687
15.6,15.396394984876679
13.9,14.344525940430685
14.3,14.11530020524333
12.2,11.860174904402811
10.9,11.303841345885303
10.6,11.33170212758705
10.9,11.336747588589787
15.0,14.113337065966334
13.5,13.427188320813002
15.7,14.857260518328985
11.7,12.345679437741637
15.4,15.110392480424707
12.6,11.951161733391928
13.5,14.530873388930559
15.5,15.252145613980247
14.6,13.738607969891746
18.1,17.07085585957975
19.4,18.89458939153701
8.9,15.568829944968456
16.0,17.40773194673602
12.5,12.772546384505404
14.7,14.103082558285678
14.6,14.782541568192755
14.8,16.137223418612848
12.2,12.302967609895859
13.8,12.679472393996548
16.8,16.579882231977535
12.5,12.550364719820209
16.1,15.79169707527035
14.5,14.430372713221004
16.4,16.13611189763833
15.9,15.852490410557948
19.9,18.69169508878258
14.0,13.345737149124034
10.6,12.435022318037227
15.8,15.416655330311187
19.1,18.80292918399209
9.6,10.845839297951898
16.5,15.641012017964385
14.4,13.84099526249338
15.6,14.933915500500007
15.0,14.791508753702146
15.0,14.471566956868628
14.8,15.22806036030488
16.4,17.54036490767612
19.2,18.741088965471135
15.2,15.854188695346238
16.0,16.062558567035012
18.6,17.9967687803437
17.7,18.16811555167078
16.7,16.81809122717823
13.9,14.007350108789979
15.8,15.570650608133292
15.7,15.752607498543512
15.4,15.350331711219042
14.9,14.63257319375407
17.1,16.091574959340505
15.8,15.57208285870729
16.8,17.16907062289829
18.1,18.08500912474119
15.1,15.151655924448278
15.4,15.784267249939148
16.9,16.43381847910132
12.8,13.346864489867585
15.2,14.097987098706653
16.0,15.587508775934111
15.1,15.248381022323883
15.0,14.437450972996885
18.4,17.294300467561698
16.9,15.469704145711148
16.4,16.50998812357284
10.9,13.66194761468796
15.9,14.982911682476697
16.8,17.182528882171027
15.0,14.71805273287464
18.7,17.750751064973883
16.2,16.209034022758715
17.9,18.025854698818875
16.2,16.884886363724945
13.8,13.422121123876423
17.0,16.715898403024767
15.5,15.336927303607808
15.6,15.386373301531421
18.3,18.146904005494434
15.4,15.544536259112647
15.8,14.637847087957198
14.5,14.336171043105423
16.1,15.5969096570916
15.4,15.16473033125294
18.6,18.003698892251123
19.5,18.682861101115122
15.9,15.717965050391285
15.5,15.186542206676677
17.1,16.02574011334218
16.6,15.823839463409968
19.5,18.985829578712583
15.7,14.99797416614092
13.1,12.84214307111688
10.3,10.680745250574546
7.6,8.489765987847932
11.8,11.96228502097074
17.9,15.405544016544809
14.4,13.909436974558048
16.7,16.16149763186695
16.0,15.640508347631112
15.5,15.33810372656444
14.6,14.519100385898128
15.0,14.823790079735772
16.0,15.61006375591387
14.7,14.479852253803983
14.6,14.77414835462696
12.6,14.177969688700614
15.7,14.80328938734965
15.2,15.09734943084186
15.3,15.070053886132882
14.8,14.396737959439633
15.8,15.081868446664885
15.7,15.481943998460338
15.6,15.790667811059393
14.2,14.67380063085875
8.3,8.605364207061939
15.8,15.377767890549876
17.3,16.226312890736153
18.9,18.732192602939904
10.9,9.380451110948343
17.8,17.67173599821399
19.3,18.28554055656423
12.9,13.17552894842811
15.9,14.438993565767305
13.9,14.502109183638822
15.0,15.581205306045376
14.2,14.352702134612628
16.9,17.383125368505716
18.0,17.804557733703405
14.2,15.619718475092668
12.6,14.053618648529664
9.8,11.034786948413966
15.6,15.346708140892588
16.1,16.027546329602046
15.2,15.209273249682155
16.9,15.793090949508041
16.8,16.717365312613765
18.7,18.660556280752644
13.1,14.82335799959219
15.4,14.957371764117852
15.3,15.269451434025541
14.8,14.86780553956305
13.9,13.437860122241545
8.9,9.769407829095144
13.7,14.02999092117534
16.0,15.768814962240867
17.0,17.35611287998472
16.1,15.438274863034167
18.1,17.90775014709652
11.2,10.376254309579963
15.4,14.506789751321776
16.4,16.51412083103787
12.5,12.82912880243748
19.5,18.914753733639373
14.1,14.104123534780229
14.1,14.181559247805126
16.5,16.19854920299258
15.9,15.710269688190238
15.3,15.196118005464086
13.2,13.553032892965348
19.8,18.857967811869457
15.8,15.781822244287468
11.5,11.750282535445876
10.3,10.107144579204032
11.3,11.965835758572211
14.7,14.429064125701188
12.4,11.5420052420086
16.3,16.317195490031736
15.4,15.114765513164457
14.7,13.739272837963654
15.9,15.139411506917895
14.1,14.263813429221045
19.6,18.858958834869554
13.3,12.670986348879524
16.7,16.466411141882418
12.9,12.270462239965127
12.9,13.042048091534525
14.6,14.445598959666313
15.3,15.086777628224809
14.5,14.757707987704634
14.6,14.76823396675718
14.9,15.908392194111002
13.6,13.067884750926169
8.4,9.386108143691672
12.0,11.03450692151091
16.8,17.007483555502404
15.2,15.194151616653471
17.6,17.42063961632084
13.4,13.27676297299331
19.1,17.322392279369524
15.2,15.800362358422717
16.2,15.597912022543824
17.1,14.921659012907185
16.4,16.260658371989848
13.0,13.336827177001396
14.0,13.984488697053166
15.4,15.166335904301377
14.0,14.508318330588736
14.0,13.932891629519872
17.6,17.267978774674702
15.9,16.19198068472906
15.0,14.856799951730864
15.8,15.31377150344997
15.1,14.915753230045084
14.5,14.166115602507489
14.7,14.428768884303281
19.2,18.136384332552552
15.6,15.325457292947249
15.4,15.174121594673124
16.6,15.82394147105515
15.3,15.623688836587462
15.6,14.630267829401419
13.2,13.262247957489308
16.7,16.675974759855308
13.6,13.323190917668398
10.5,10.930918531061252
14.4,13.815165183477802
14.1,13.612563069886164
18.9,18.237882908582833
14.0,14.066316938668024
13.3,13.178925905609503
10.9,10.969183022389188
12.1,12.768533929891419
15.1,15.170240420295158
13.8,13.848294812079985
15.4,15.569230676963343
11.4,10.345120234444039
13.2,13.281594966334524
16.4,16.33704672200838
12.8,13.777825112105347
18.7,17.347560113557847
12.9,15.547481135057751
11.6,12.080850372149143
12.7,12.902646021369947
13.7,13.944656022940762
13.7,13.62602547055576
19.7,19.1263426465448
15.0,15.571666559553705
14.3,14.597698069235776
16.3,15.850061997887678
13.2,12.949891994954669
10.6,10.111295669048559
14.4,13.41843631863594
18.0,17.294975806842558
18.2,17.691196864301673
14.4,14.890719318616902
17.1,17.791010227170773
16.4,16.858327963422198
15.6,15.248828732059337
7.9,7.888743336079642
15.3,13.576362770749256
13.0,13.281648805801524
19.4,17.823273335729027
18.4,18.417502887838054
16.7,16.227930982597172
12.6,12.757478060491849
10.7,9.979707018850604
16.6,16.712238742416957
19.4,18.021299287327565
14.2,14.152738896640585
14.3,14.496055403578794
15.9,15.244225744274445
16.7,14.598537960788235
13.6,13.68406209841487
17.6,17.119587894703727
15.9,15.37282955792034
13.5,13.578362281759837
13.8,14.293214320379775
15.0,14.481557507417165
19.3,18.259762195055373
15.0,14.333287101795577
17.0,15.988539797908743
15.5,15.345693526716786
16.5,16.67088613954911
15.3,15.660812665970298
12.9,13.387029430130497
19.4,17.640727669233456
14.8,14.12498890972347
15.5,15.514646321942564
16.1,16.356020564577193
18.5,17.586172317445744
17.0,17.194844501820626
12.5,13.012337782391114
14.8,14.97045451541453
18.4,17.62102677076473
19.4,18.63351630291436
15.2,15.22854755417211
19.0,18.405585527973017
11.5,12.495644765382167
13.3,13.890654112183256
14.2,14.340054389635043
15.4,15.331545217552048
11.3,11.103104259242173
12.8,12.636313499131575
13.2,12.490023944032146
13.1,12.571412404067814
13.6,13.809142821759451
16.4,15.973231966985622
13.3,13.477482005604543
15.5,15.513533463345084
12.7,13.241576632251963
12.5,12.308454825688386
18.1,18.273869046446634
16.6,16.274175701655622
13.2,14.000666237936457
11.6,11.9530540156411
19.3,19.604546540911542
18.1,16.395679464680143
15.6,15.34152493163674
11.1,12.075192350928774
15.2,15.180449053337725
16.9,16.969772830838338
10.7,11.38974000478629
12.8,13.35959149653172
12.5,13.094349727009103
17.0,17.70301393326372
13.5,13.153792658005841
11.2,12.487710320448969
17.5,18.225643095182022
19.8,18.89035239693476
12.2,11.78689784614835
15.2,15.4099888398232
14.7,15.327498803511844
13.3,13.3528875465272
19.5,17.997737949888688
16.5,16.733197183551965
15.6,15.307792943669483
14.8,16.211233216306937
9.6,10.046107359987218
16.2,15.264597583362047
19.6,18.640143011551118
13.9,14.111497969197444
14.1,13.600978790811496
12.8,13.447482142888475
8.3,10.01270853402093
14.1,13.457596277730772
15.2,15.117450138670392
11.9,11.56532771102502
15.3,15.050858909700764
16.5,16.75697749381652
15.0,15.031112884753384
16.9,16.701860730208864
15.4,15.529821780975908
15.4,14.978755755588281
19.8,19.124432935903315
13.6,13.368056931620231
13.0,13.199875420446915
15.2,14.984738881554222
19.7,18.90379909289186
15.2,15.035880081739379
14.2,14.56432557449989
12.7,13.240573589864653
14.8,14.976339997261675
12.6,13.278969604958547
10.6,10.960059951234143
15.5,15.3994704233628
14.9,14.8281707734277
15.9,15.931149223135435
19.5,19.180562358902534
15.6,15.375644076237222
15.7,15.469208094964415
17.2,17.07884665360325
15.6,14.842254371575109
15.6,15.388960906420834
13.4,13.356749382568523
17.9,17.88062159557012
17.4,17.245071391545935
16.2,15.929941850969044
11.5,10.62333362569916
13.8,13.617576162330806
14.7,15.141518443304449
14.4,14.372517509593308
16.5,16.064080780895893
19.6,17.64451832920895
9.6,11.80025613331236
13.1,12.81953078036895
16.0,15.843723035439325
11.4,11.45855756601668
17.0,17.292036807572003
16.3,16.47838534330731
14.1,13.729256230697501
17.8,16.1852002691885
14.8,14.905761405394514
16.6,17.457647071190877
16.2,15.639629901794251
19.8,18.972325195063604
12.7,12.792900487635052
15.2,15.164856371939095
15.4,15.241839696653187
16.3,15.964891582661949
15.0,14.855437730879203
14.0,14.071988157054875
15.2,14.810463707253803
11.6,12.38955628417898
12.7,12.991004008974414
16.8,17.243454839008336
16.9,15.924033996358048
8.3,9.624240866629407
14.6,14.727048204775201
15.5,15.498242146888515
18.4,18.059452461413457
11.9,11.64475344796665
12.8,13.02350813744124
11.4,11.353639217210002
18.5,18.79094519492355
8.2,9.84604031604249
18.1,17.308043285505846
15.3,15.582066224480513
16.2,16.141336547851097
9.4,10.11316849582363
17.5,18.269108147971565
18.3,17.9652514232439
18.7,16.82001788378693
11.0,10.431933722516987
12.0,12.195923995575868
14.5,14.64723416834022
13.9,15.1181202221469
11.8,12.643293434637599
14.7,16.12347334226797
13.5,14.062032973688474
10.6,8.950009794672951
15.0,14.892086748965085
11.1,11.611985280411318
9.7,9.851772658177651
14.1,13.860348597198026
13.9,12.578800925868563
14.4,15.724109832459362
17.5,15.976237489492632
17.6,17.47530023829313
13.0,12.17521901040891
10.9,11.324523094168399
18.3,17.581773560727015
12.6,12.383310906239785
12.5,12.119521202228498
11.9,12.315028250275645
16.9,16.607127375671553
19.9,18.701314506994095
15.4,16.040484596116585
16.6,17.079633062705398
13.0,13.66310229114606
19.1,17.913953887065873
19.5,18.97297378035728
14.5,14.396334743389161
17.4,17.256337337461446
17.1,17.090438255738263
18.4,18.460512760211714
17.2,14.970509314827723
15.7,15.502957094116937
14.4,14.590792698145378
10.0,10.047654757305281
17.8,16.297990031913287
14.9,14.407531406206544
13.6,13.05693339870777
18.6,18.072129844746087
16.1,15.94871081720703
14.5,14.2554456305661
15.6,15.19366039056331
14.2,14.26924239093205
19.1,18.678896746510873
19.3,18.32348738919245
12.1,13.212439273804193
13.5,12.44231885386398
14.3,17.77381810892257
19.2,16.296796053246
15.2,15.227262061074725
15.2,15.438725143063493
15.0,14.835230075506843
15.0,14.874032102836281
12.3,12.043238346348517
15.4,15.337214502314964
16.5,16.611487256384862
13.3,14.345406934793573
15.2,15.321267028342845
18.8,17.2961026741541
18.6,16.81321978601045
19.2,19.202349007944576
13.8,12.948522019694792
14.9,15.539733032215736
13.0,12.854404100813554
15.4,15.291200202336768
14.6,14.925076625251677
16.1,15.857609844126273
15.2,14.775920794403646
19.0,19.443062783568166
14.4,14.314105592682608
9.9,10.715754660428502
15.0,14.994788395260912
15.7,16.374114728816494
17.3,17.480444751359755
18.3,18.55585636683827
17.8,17.614451440924313
13.7,13.682685667246915
13.2,13.8733275141567
14.3,15.083574020012747
19.9,18.43256202887278
15.3,14.90018056765257
14.7,16.745757015858544
15.6,15.55562083111181
15.3,10.450976889089361
14.5,14.580694508771558
9.4,10.584700495557627
14.5,14.419739582259353
14.9,15.057554750004783
15.2,14.324936661403626
16.4,17.02317162786494
14.1,15.181212966233943
17.6,17.444411838459928
14.7,14.720716513611478
11.8,13.444550770502246
13.2,13.11903934343718
16.0,15.64185501967222
16.1,15.768649349047337
14.9,15.422927435894962
16.0,15.883999181613035
7.9,14.69968375802273
16.8,16.844524649353843
15.5,15.18342619278701
14.3,13.791555588226402
15.5,14.966243169095833
14.7,15.290859452454242
15.1,15.042921827116515
15.4,14.974490910768509
11.2,12.314579856349155
12.6,14.178405685262987
13.8,14.878565417195205
11.9,12.844753616172966
16.5,15.779167886590585
11.9,11.852956859744154
10.0,11.090782251907513
16.0,15.659018832788206
17.8,17.884071360829694
14.6,14.191375962574966
15.6,15.555254423961742
14.0,14.06635962168184
15.9,16.074576502578566
15.8,15.580530027618806
15.9,15.521296227467246
14.5,15.079624568577856
15.8,15.93909714257461
15.0,15.943982741071522
15.6,16.640989738520148
16.3,16.039623383956496
16.1,15.332399705197531
15.4,14.896615409030346
14.0,14.11156063870294
12.2,12.682647521898616
14.9,11.058887961280561
16.8,15.467812015125673
12.4,12.517379943921696
16.1,15.772385875729015
13.5,13.1318667709711
16.3,16.00519149575848
13.1,13.606983999488875
15.9,15.203152843749194
14.2,14.617771150311455
15.4,15.391311960178427
19.6,19.28788932794123
14.0,13.631773535744287
14.5,15.28709535291091
16.6,16.4504985975218
15.7,15.88922368281601
13.5,12.96727125670077
15.9,16.160344749427168
15.3,15.288716786861187
17.4,17.976606470590923
15.2,15.391835767717566
15.7,15.837972578287008
12.5,13.489935771387536
14.7,14.268136191609301
16.4,17.056563539605122
14.8,16.056834400078515
15.4,14.772629182994933
15.2,15.465698134794366
13.3,12.827620038842724
16.8,16.780224437534343
18.1,17.66415600696928
14.2,13.66868462372804
14.7,14.96327188552823
15.2,15.117599757939388
16.1,16.086768246215797
12.3,11.33732618932845
12.8,13.24249126939685
15.5,15.293410435613623
14.7,14.654085127131111
18.2,17.704236337769544
14.6,15.6854468677775
16.6,15.763334559538634
15.4,15.775697625875182
13.3,14.128529071695084
15.4,15.036212075094227
16.8,16.243053046055138
17.2,18.15100536335376
15.4,15.166739297681488
17.5,17.8934905246133
15.1,15.02920958510731
14.3,15.377626450354
12.8,12.984883317607455
14.2,13.911445033903874
17.6,17.244515559345018
14.2,14.372851368505508
18.3,18.036453283770243
17.2,16.923982793756295
16.3,16.109005904203514
15.2,15.35489743747894
15.5,14.99089653728879
14.4,15.055694940616377
16.4,16.699309739131422
16.8,16.073858225689037
12.1,12.32945898413891
12.3,11.612457404815359
14.6,15.077592723804628
11.6,12.516353717335733
14.2,14.293493959767147
16.0,15.82715651459148
15.7,15.199959331279388
15.1,14.78688974204124
16.0,15.753705379436724
11.3,12.24157083092723
15.6,15.30366250746738
16.0,15.4041945860954
15.6,15.353333596987795
19.2,19.033706296497257
18.5,16.93471988014062
13.1,13.103377146064304
15.1,14.734651262755506
18.2,18.35258408158552
11.6,11.791589611126255
16.1,16.406370493059512
15.2,14.626694904698525
13.7,13.294678433507215
15.9,15.421263561001979
14.4,14.577295982773649
12.9,13.398914856112242
14.9,15.024991623859023
13.6,14.35778760598987
14.7,14.751360213347652
14.9,14.812950623381766
13.8,13.728530229695025
14.8,15.25189317506738
19.0,19.395327373727923
11.6,12.233591116848402
17.4,17.707879872614285
15.9,15.09417767819832
15.2,14.88466224016156
13.4,13.865641433512792
12.4,13.96040372835705
16.3,16.663766450037656
19.1,18.023782188392943
14.6,14.941352692985674
13.0,12.796652377190185
16.7,16.387641067300137
16.3,14.553662324120523
13.8,13.776600021403283
13.6,14.575667171884561
15.8,15.22076542506693
15.1,14.911400341166882
14.4,14.454741318972083
11.6,13.038902073376448
12.4,12.355070604739012
13.4,13.98332816286711
13.6,14.132276408758116
14.7,14.343120852281572
10.1,9.103649618686177
11.7,12.61124756134268
13.6,13.174423253780333
16.1,15.861901490716264
14.7,14.877761348077911
14.9,15.039430398805052
13.2,13.360874706530012
14.7,15.142458567166614
15.4,15.140208385098958
14.6,14.529882136368542
14.6,14.18408975674538
15.0,14.04898532666266
16.8,17.26344518145197
14.1,14.298947494802633
10.8,13.813422749319216
15.8,15.763096580063575
13.3,13.08784605099936
14.8,14.934730825596489
16.4,15.886499659740366
18.4,18.553378055948997
16.8,15.576899094390683
13.1,13.020378624554724
15.8,15.450178028142545
12.7,12.879988107946701
12.6,12.84481072388553
16.3,16.295050140848616
14.2,14.286211119708241
14.1,13.094163193953136
10.1,11.91915683131083
12.0,12.930129890504759
15.7,15.72846594991097
17.6,17.811621007625945
15.8,15.846153063499514
18.1,18.543262202787446
17.0,17.16271206428064
19.7,18.763526830793126
17.9,17.18893101112917
13.2,12.668068122351542
13.9,14.656181915313937
15.2,15.506300036155153
17.4,17.37241856282344
16.6,16.24155775582767
13.2,14.46584695274214
16.6,16.30885733672767
14.3,14.588017553996906
15.1,15.640146857971558
15.0,14.601348033891554
12.7,12.739362980792066
18.3,18.104512486810563
12.7,12.638704275002965
15.1,14.347701218663133
19.5,17.911818298453
11.5,10.079318058502395
14.9,14.689146377771976
14.0,14.460246492788428
12.0,12.325489221722819
15.3,14.994775284452771
17.9,16.429734834411647
15.6,15.558389656856889
17.9,17.695586992020253
12.6,11.673364734684583
13.0,12.786086401116336
14.4,14.57200260827085
13.3,13.232223980105118
15.2,14.995520753262099
15.5,15.02692221273901
14.5,14.436584418290295
14.4,13.776533056778135
13.0,13.308475209400058
13.8,13.409818869060473
13.2,13.330283793067792
15.0,14.375253752892604
15.6,15.554002881777706
13.3,13.303668248205213
13.4,14.001455532245018
7.5,8.44907543840236
17.7,17.12297344597755
14.5,14.200720551074483
15.1,14.947818170796381
15.1,14.892938235483598
13.8,14.98998360906262
15.6,15.745981959036726
15.1,15.386660695890896
18.1,17.405801396962488
18.0,18.023979009623872
14.0,14.203133805305697
18.0,15.696341280592605
15.1,15.336865188364754
12.0,11.767768276564311
14.2,14.051927354943473
16.2,15.778274404205149
12.4,11.998689143569209
12.0,11.75188363396228
11.8,12.123933746919647
16.2,15.858767050816823
17.0,16.47514956514351
14.1,13.701588532368987
13.6,13.607714112091344
16.7,16.500083004881162
14.3,13.98444816522533
11.6,13.764329677482237
14.4,14.437470691249473
12.0,12.51481658796547
12.8,12.789789769412891
18.4,18.255142181289557
14.5,14.478867212048499
14.7,14.763287729292642
13.2,13.156826633558012
12.6,12.760215952119324
18.0,17.413390367350075
14.9,14.916244999418268
15.0,15.046681733074365
15.1,14.885871870419578
14.8,14.695682787078113
16.0,15.285936831729487
13.0,13.487727929314133
14.4,13.931827441992937
11.9,12.173182501957854
15.5,14.976347113406518
16.0,15.565073632256826
14.9,14.913298166595268
12.3,12.667347844020696
17.8,17.828042279725196
9.7,9.739788121951278
19.0,17.88040531900333
16.0,16.087676345166983
17.9,17.0607056409699
14.5,14.156650845165132
13.6,13.88133601498339
14.6,14.355882713018218
15.0,14.756675827025902
11.2,11.301309542759554
8.3,9.365563098835992
10.9,9.9328004156705
16.3,15.146610028637951
18.9,17.043824722903082
12.3,11.45052115560975
15.5,15.027509138253663
12.3,12.081073416848085
13.8,13.68920399415947
18.8,18.029103530338034
13.2,13.216128330794163
15.0,16.416802497964454
15.4,15.379136923822443
16.9,17.124696411323384
14.0,13.716565270733554
15.0,15.598899018135853
13.1,12.804010581690818
18.9,18.186287905995414
15.3,15.343926676134288
15.0,14.997362219262868
12.3,12.644108085136395
13.6,13.338455056014936
9.1,9.07375108776614
17.4,15.403893546346808
15.8,15.701645860273857
14.8,14.50630171114426
13.7,13.936989667345188
15.6,16.558098564060856
13.0,13.710570964531144
18.9,16.78079227069975
18.3,17.447747695608996
6.9,7.364053420256823
11.4,10.955595819250448
13.3,13.954589926404878
14.5,15.515267027692971
13.0,13.910736214544158
16.2,15.196044874202926
16.2,16.408776695170673
14.7,14.835992431588238
14.0,12.821763496147469
17.8,17.51787620666437
18.7,17.882104498392437
14.5,14.267836522660218
14.6,13.920748783624731
11.7,12.056893453816883
14.1,14.221771170035936
18.1,17.289826173044275
14.6,14.290057393640382
17.1,17.869783685426228
15.3,14.541060096758883
14.7,14.646391849824795
15.5,14.811084958084393
14.2,14.025695955788251
13.5,12.768304175173398
15.2,15.117702605057275
15.8,15.55631208687555
13.3,13.105904261305113
15.2,14.860279961372726
12.6,13.792575041563396
14.6,14.515113660891075
19.2,18.729373793117702
16.6,16.759690014325315
18.9,18.870291555736912
14.7,13.860122849204345
14.5,14.445282462116666
12.9,13.113774063036544
16.1,15.875563495319511
15.4,15.82999362960436
13.9,15.517359270714223
15.2,15.035588335042121
14.4,14.428740971488878
14.4,14.815465412568301
15.2,15.053191179700661
18.1,17.332431109825848
19.6,18.55602419481147
16.7,16.53579390095547
14.7,14.757150158751756
12.4,12.117044638696825
19.0,18.273711472487776
14.8,13.399761946033323
13.3,13.332150647067465
15.9,15.750815822044387
10.7,11.632029915839667
12.7,13.40621601731982
15.2,14.413905162393348
11.9,11.25469562096987
15.7,15.32701958931284
13.6,14.370908486424014
11.0,11.545403843134409
14.4,14.06924286598587
9.6,11.478761490347097
13.7,13.642454179440392
3.0,11.609689345990773
13.8,13.733145161302673
14.1,14.293760406264482
11.0,10.136159212968778
16.0,15.685913352241187
14.3,15.248002142910991
17.9,17.27887457315228
15.2,13.94234601804601
13.8,14.367434766783845
14.6,14.843954146839678
16.4,16.525358488041093
14.8,14.954235064451495
15.7,15.17875788512174
17.4,17.33699353749944
16.8,16.996038560835586
8.4,8.756879844208015
12.4,12.624983355082804
12.7,12.879863527719863
13.5,12.857383355207276
14.5,14.071297055590549
17.4,16.941036544016242
10.7,10.360839711385779
10.6,10.412610087107169
15.1,15.152730742836866
14.2,13.522313837049296
13.9,14.078729783655945
17.6,16.938057696592296
14.0,14.054856373104485
15.9,15.207065007198253
16.8,16.76508285617456
12.1,14.589968435064293
17.3,18.02801795011692
14.0,14.218236122454982
18.8,18.3790603208181
17.7,17.02001976806787
19.5,18.933680867194198
14.4,14.268451199604897
13.3,12.900775386573514
19.5,19.06491943873698
14.8,14.762916038627736
14.9,14.790463092678692
13.1,13.238507614965783
17.3,17.743783800542587
14.8,13.861234986430645
12.7,12.855448273767252
12.7,12.659053022682201
19.8,17.933888941130135
17.9,17.37586379775894
18.4,17.443657159950817
13.0,12.530918015138013
14.7,14.015001356972789
16.0,16.287034169363324
12.1,12.251905338693177
13.1,13.35927081364207
12.7,12.689316712552682
13.1,13.186992962582735
14.1,14.313529663573718
18.1,17.800571495550685
12.1,12.912498326186324
15.6,15.590459689381532
11.2,10.17473022599006
19.0,19.120433876814786
16.0,16.635582382645225
16.7,15.85674094384376
15.4,15.213405895192409
15.5,15.148684100800892
12.4,12.652209223859245
14.0,13.585381461132783
14.2,13.854124007571954
13.6,14.364029939839384
19.4,18.099737821845338
14.1,13.360309265615797
14.8,14.423519929754548
10.7,11.478786637366284
19.6,19.084617742541013
15.4,14.361070755930996
14.0,13.71114886300893
17.4,16.043012707610615
11.6,12.446347126824548
12.4,11.851313237188151
14.2,14.017089781467803
15.0,14.972741908535681
13.0,12.971285708626965
14.6,12.959021253225728
15.5,15.358411640918348
11.2,11.16494074255752
9.0,9.049001145525835
14.0,13.515764227311593
18.2,17.41306703168084
10.0,10.108266481081955
19.1,19.36251524358522
6.5,6.939680679759476
12.1,11.970024410984479
14.7,15.256765087746317
14.8,14.38633527798811
15.6,15.463059151548805
12.5,12.469484021014068
17.1,16.767179766175104
12.8,12.887177159751445
15.5,15.326534273634024
14.8,15.912424767564517
12.8,13.267777910034056
19.2,18.764584766089683
13.4,13.266652893740684
13.1,13.549800350918304
17.9,16.660046241042437
13.4,12.993105185887543
12.9,13.627911280898843
11.3,12.370585821923669
15.1,15.179975633385766
14.0,14.340788816776694
15.6,15.629418230120791
14.9,16.640550216805423
12.2,13.329182271816535
13.9,13.690642849367578
13.1,12.072922209452372
12.3,11.857666073949076
14.9,14.592829395987792
13.2,13.506782786658732
14.0,14.386379728137399
12.3,12.51851682405686
18.1,17.208490896970034
16.4,16.380810027534608
13.5,13.387496959621785
12.8,13.64347640867345
14.5,14.499232770729577
11.9,11.647541485581314
16.4,16.217718184780097
13.8,13.692932172525616
15.2,15.284197868939373
12.3,11.534499721165048
12.7,12.714979495620355
17.3,17.999756514676847
13.5,13.773504016688094
13.5,13.44287090995931
15.5,15.41177221381804
15.5,15.676393423054833
13.7,13.975353306217585
19.5,17.003355579567142
13.5,13.627381082977081
10.4,12.52965414407663
11.4,12.571141455031466
18.6,18.216401657671668
11.2,11.524866321851732
13.0,13.591563645459246
14.8,14.365715038555209
18.2,17.354331783368252
13.7,13.92281165678287
15.4,15.612436311901547
18.5,17.406103318207897
12.6,12.756563525355887
18.7,18.105360719928285
12.4,12.201708538108505
15.2,15.556022472213954
14.6,14.697201309376396
13.5,13.848249787492023
13.5,13.860028183844406
12.9,13.299817388357042
15.5,16.036806837648328
12.7,12.704032166133402
13.2,12.541060860210564
8.8,9.358114318747539
17.3,17.49621146626305
8.2,9.697407512867358
15.1,15.07858572510304
17.4,16.75305918113736
15.4,15.617998014000477
14.7,16.599726904270938
15.5,15.264656699786428
15.7,16.03806836448348
14.0,13.932365071421373
11.2,11.17319178301841
15.8,15.814808562010512
10.4,10.626788762630895
15.5,17.686714866475086
14.3,15.051417659593426
11.5,10.75134166807402
14.2,13.595812666204438
14.4,14.503358343150467
8.0,7.954242173000239
13.8,14.344799439539202
16.0,15.73318592211399
18.0,17.102335613279138
14.5,14.249836690545635
18.9,18.874235409952234
9.6,9.358119967509992
14.9,14.719130275223506
14.9,14.693681808847032
16.0,16.110743528217427
14.1,14.590373690094566
16.2,15.915200548803114
18.9,16.789558416989166
14.4,14.076778180387919
16.3,16.395243930397555
13.1,13.09855651127873
12.6,13.040563921880675
18.7,18.085082157398574
17.5,17.400822306692135
17.4,17.651102735595487
15.9,15.644798241497483
11.4,11.266335845401045
16.4,16.995188625824085
10.8,11.812280329933856
13.1,13.01891870147665
18.0,18.30606550626544
14.8,14.774313155494383
12.6,13.058419424458407
13.0,13.052310012339149
14.9,13.644727558712475
19.0,18.001981298344617
13.4,12.348539272968992
15.6,15.181029917148408
14.0,14.43733924254775
14.4,14.903591882295586
15.7,16.062411222228548
9.2,10.715774157724809
15.4,16.315228043060415
14.4,15.131634541088715
15.5,15.060456409701146
15.4,15.065506614429978
11.6,12.135199435730101
13.8,14.126448917784728
19.0,18.701960964557657
17.2,16.863489267299883
12.1,12.098007554595824
11.9,12.152129124675412
15.1,14.71875408358028
16.0,16.061399759746564
17.7,17.21882067003753
14.9,15.095834199295496
15.3,15.495921526075108
11.4,12.448127534473315
10.7,12.853651316749165
13.4,15.408814563357737
12.7,12.935367934278474
13.9,14.047500796010354
15.0,14.800226204562932
16.6,16.57066606557055
12.4,13.076243604562478
14.2,15.178443600603714
14.3,14.197441254364094
14.3,14.33240546482557
13.7,12.807760439252888
12.1,15.084313175673742
14.5,14.935977747285506
13.3,12.74681621691343
19.2,18.41473071576911
12.3,12.461566670390312
13.6,13.979502067049907
14.7,14.258611834258772
13.5,13.101293292245828
15.6,15.422400117124198
11.0,13.456862888793694
15.6,15.305672150367172
12.6,12.482745025830809
14.2,14.289266457635676
18.5,18.211997003818396
16.0,16.082389622562914
17.0,16.804791507738628
13.9,14.03416347305756
12.7,12.645622606971301
14.8,14.86903669610001
15.7,15.215616406090703
15.8,16.471873133214103
14.4,14.781711644411189
16.1,17.082005986390868
13.6,12.180195680411998
12.1,12.696142509495985
17.4,17.953206519800005
12.3,13.077573141403263
14.2,13.873228501557605
14.1,14.486245256706752
18.8,17.708560155966552
9.9,10.396152677305508
14.7,14.917748230946017
19.9,18.448016364127398
14.5,14.477309517766116
17.2,16.781665521397372
14.7,15.354384627913532
15.4,15.505117103391967
13.8,14.168878768066861
13.9,13.824081006488996
15.6,15.051629827332363
7.9,8.828024510061368
15.2,16.00403000373626
17.2,17.801470275546308
14.0,14.76350288033791
14.7,13.981275355006801
9.7,11.281028877710924
11.2,14.007433897408191
18.2,17.999557700299192
15.7,14.821682599955238
14.4,14.608054716984043
9.4,10.629620035382686
12.9,13.217119236884173
15.3,14.967242180548055
15.1,15.371245819551405
15.4,15.379460778087378
17.7,18.591028355644085
15.4,14.807412656780798
9.9,9.349673762189923
16.2,14.628221746854251
11.0,10.043075392837636
14.1,14.025665962344647
15.1,14.996812393539585
15.2,15.783801403187681
7.2,12.380354807246476
14.3,14.561364893277641
13.7,13.231730838480871
13.8,13.491080868523568
15.2,15.072790162626916
19.4,18.589814634935465
14.7,14.526469632342923
16.4,16.179012356755266
13.3,13.167944047081619
15.7,15.362281363864895
15.2,15.20978454312717
8.3,12.987770724896109
15.9,15.716067061228387
14.0,13.699256043712012
15.5,14.953494105517166
14.2,15.052292292853963
15.6,15.51271053077653
13.7,12.799610836751526
19.9,18.95951368403621
15.7,15.481141637843393
16.7,16.8684151051566
13.8,12.72724944917718
12.9,12.935585243802052
15.3,14.9497473796946
17.9,18.64342444058275
15.9,15.659263557834493
14.8,15.000464370230475
15.7,14.884338100760942
14.8,14.968915602687048
17.9,18.090766561799683
19.3,18.118269555387087
14.1,13.229177759523736
15.0,15.290957414486911
16.4,16.209385770198423
14.5,14.452813081094064
19.1,18.160231064655818
14.2,14.273879830929218
14.3,13.90002411630121
10.9,11.157674058165867
15.2,14.764445778648223
15.5,15.045894775073975
16.0,15.537957823951729
13.6,13.887866848497652
19.2,16.840994458445493
12.2,12.829712513688719
15.0,15.013495850580512
14.1,13.296555755165173
18.8,19.01959991766489
15.2,16.275440996789257
19.3,16.76025778140138
16.0,15.585079393647902
11.0,11.37507676979294
13.7,15.002741107658949
14.7,15.073858407849912
13.2,13.431106311560143
17.6,17.45627649007656
15.2,14.936803854536265
14.6,14.338096562109058
15.0,14.865641423210036
13.8,11.648224340955494
15.2,15.035788286331808
14.0,14.135668813047232
12.7,13.673750080695754
15.4,15.313860019557978
13.7,13.335382344899699
13.3,12.258965924032964
11.0,11.623311817762442
17.5,17.44492329476634
14.0,14.801527305069612
16.3,16.335312509581854
14.5,12.989324722846504
16.5,16.12364402026651
15.9,14.978924091585213
11.9,10.185609952779487
11.1,11.15582664658723
14.4,15.042182924618828
15.0,15.157008673035307
9.7,9.775755919457879
16.4,16.933542294311337
13.3,13.401810533599928
15.1,14.793212530439632
13.4,13.051581542589702
19.2,18.915149749052944
16.5,16.586246660532197
14.9,14.453653748962097
15.1,14.755932691536145
12.3,11.461605241234793
11.2,11.441027500817654
11.1,13.551068030908937
15.1,14.730693613586482
13.4,12.903226245223777
17.9,18.46616229999927
14.2,14.10389856349866
14.7,14.703290883771842
15.7,15.408841393844341
16.1,16.298822612152435
17.2,17.183757826544024
18.8,18.733847389405128
15.9,15.386526742455317
18.4,17.74508907707059
14.0,14.391502479677001
19.4,19.231017605023226
14.6,14.305322258471278
14.5,15.016460970111439
16.7,15.834860588764059
14.1,14.120873840371132
15.4,15.216613321739715
15.1,14.892967442108784
13.8,13.902197326679016
17.4,17.023544098603452
13.1,13.325718720501754
14.9,14.818773883453105
14.6,14.568764946594456
16.6,16.64245637267595
9.1,8.257375205550488
14.7,15.118385019570269
14.1,13.836112655320903
14.7,14.965237300813897
16.0,15.276432015787577
12.2,12.378577692768886
13.3,13.346781940839719
17.2,15.668007125455915
19.2,17.52796697441954
16.2,15.85379211154941
15.4,14.990271813876461
14.2,13.812570732789027
15.4,15.15671099471001
8.1,8.97413608248462
17.7,17.24271292949561
15.1,15.698138835694408
13.7,13.474374192388495
16.3,16.149456836072204
19.9,17.964373079361394
11.7,12.781906440446619
15.7,14.564623899175785
16.8,16.085682793462183
19.7,18.916313377558254
14.6,14.95589235285297
15.5,15.571101061188529
15.1,15.49461538073956
17.6,16.463080302310118
16.1,16.65283005181118
17.7,18.55099449987756
13.2,13.524982755625388
14.1,13.53284233470913
14.5,15.705285205220207
14.1,13.660626966418931
11.2,11.09344830433838
15.2,15.011449223209638
18.8,18.72578516989597
15.8,15.517834423983004
15.0,14.80194315771223
16.6,15.484577706316486
13.2,13.448936522181612
12.5,12.752752870961558
13.4,13.398626072506886
14.7,14.252605631190818
14.4,14.242664587745821
14.8,14.815688000118826
15.2,15.087842326236569
12.1,11.350395379733527
14.3,12.965276214730693
9.9,10.477239124069456
13.0,12.699085112573812
14.4,13.767006982234307
13.6,14.217691894620657
10.8,10.962803645175882
18.6,18.321924148709513
15.6,15.569703709770693
9.7,9.873197048786096
16.0,15.618057693369337
19.0,19.31843251295504
12.5,11.816541978623718
15.0,15.077455388003727
14.4,14.9837173231208
14.8,13.394962282041888
12.6,12.92025946296053
15.3,14.816134238266386
15.0,14.946694629619742
17.8,16.240617316978387
18.0,18.18203798020113
16.3,16.45548087642237
16.6,15.342861133298356
15.1,15.36936906381743
14.2,13.54732894038898
15.0,14.94957582798088
13.6,14.012849975930294
7.7,8.093825863616075
13.5,13.325231262981106
15.6,15.460740417984198
13.3,13.77881809095561
14.7,14.253717152634636
14.9,14.80914499051869
11.6,11.864022078661947
13.9,14.361922133830376
14.0,13.744512228620806
12.1,12.60709921122725
12.4,12.496117804927053
13.7,14.290433458023472
15.1,15.51109735283535
18.6,18.474231500469614
17.3,16.963067754317308
13.4,13.247753982956056
17.1,16.086018700909335
13.2,13.736114887884469
15.2,14.731790749650827
14.6,14.805350212205667
18.5,18.250683661259245
15.9,15.625743435628465
12.4,12.214364323444897
14.9,14.644525630399585
15.2,15.230070028628688
18.4,17.71003966606804
14.7,15.436468392965253
13.9,12.881632485867158
11.9,12.096112226034165
15.2,15.029967524838867
14.4,14.124865939840674
18.3,17.659636447759112
13.7,13.552226555533707
15.0,14.882724014525593
17.9,17.680633994015807
18.4,18.401479028514586
17.5,17.818988958373666
16.7,16.45609059621347
14.1,13.81931537919445
15.7,15.769675474170072
11.5,12.223584612083869
14.3,14.746125659556128
14.7,14.659801595611498
11.0,10.782514315389562
16.7,15.262695494835498
14.3,14.00703879044704
17.6,17.44685551058501
5.5,7.1904088063165545
14.3,14.144722267374163
13.3,13.438901030796842
9.8,9.779182764730649
12.0,13.15937323772232
13.1,12.672907624219079
14.0,15.14388134406181
12.2,12.82451613815465
8.2,9.251541755860671
14.4,14.176168628546293
15.8,15.492766481655053
15.7,15.287895158282481
12.3,12.068661956640426
15.1,15.117171102658176
15.1,14.948307323185873
18.9,18.767087993517634
13.4,11.662114762235433
19.9,19.430143314384622
16.2,16.909064175444655
9.5,13.941919359702297
16.5,14.360180341842351
15.2,14.802540870616212
14.7,14.893815138872014
16.3,16.728053762577474
19.4,18.833513861056417
12.7,12.95473748332006
14.2,13.925385050359182
14.1,14.081538042228203
12.7,13.27028697077185
15.3,14.852006020402769
15.6,15.049308525680317
15.1,15.405451406200882
13.5,13.941584076659638
11.6,11.591139703090448
12.9,13.663317998813
14.3,14.620325660827802
14.5,13.631612160650548
15.7,17.565181282931007
13.3,13.716350858918304
14.0,13.617403291820665
10.3,10.958659468276892
11.1,13.646369429916376
12.9,13.374204823805485
15.1,14.436345619154963
13.8,13.188068625924643
19.4,18.981415815622313
15.1,14.64037855406059
12.7,13.685558381432202
13.7,13.790999929507961
11.3,11.27092743886169
14.6,14.402603968264884
14.6,13.78901948161365
15.7,15.413785165495938
13.0,12.757106265344191
12.8,13.881833389115855
15.9,15.737497231355519
15.8,15.463639277819311
11.5,12.057327413931489
14.6,14.884502504519332
14.4,14.016256166709354
18.6,18.673472922528163
17.6,16.937477804196533
16.9,16.405261617153883
14.1,14.509216239006491
13.3,13.29682214272907
15.1,15.16075877728872
15.9,16.0786159451236
14.5,14.362732515641255
13.6,13.649182433786336
6.7,7.644655944488477
17.6,16.400915823760442
15.7,16.16877291101264
14.2,14.171103925953503
17.6,17.018199521116912
14.5,14.396665424665116
13.9,14.176369817345403
12.5,12.605136226222385
13.2,14.186341053169599
12.7,12.764575098430214
17.3,16.607620038616005
15.5,14.734792889270466
15.0,14.805224231560715
13.1,12.877347775589442
3.7,12.020606121426681
11.6,11.880595809227088
14.8,14.63796453125542
18.6,18.318773266364587
14.2,14.110583439003676
16.4,16.400402727595065
16.6,17.09639262787823
14.2,14.41898553154897
14.4,14.364868785341969
9.1,9.519675052084494
9.7,10.412118708831258
14.0,14.453162390447687
12.5,12.255856642179424
14.4,13.93281467624547
15.5,15.538936404307606
17.6,17.29490825126959
13.9,13.026888272226643
13.0,13.201406815151131
14.1,14.046051982964855
14.1,13.72475124677294
15.6,15.456640912627336
9.3,9.247618924011476
18.9,18.95692840119591
11.9,11.964862643391825
16.0,16.95673360576984
16.0,15.667615410526196
12.9,13.281532825523755
16.9,16.105423006010824
13.3,12.960239619216736
16.9,16.92374949745681
15.2,15.198554547887397
13.4,13.992497665283736
9.2,9.030341189180035
15.9,15.793169226079044
9.1,10.600614866008982
11.0,11.468043023021892
12.6,13.379016380000394
11.9,11.726821787073277
14.9,14.830691997620306
17.7,16.6692590592138
17.3,16.581722148668632
14.6,14.666382626368431
14.9,14.5132851486851
13.7,13.540807826444507
13.7,13.891559213929213
14.7,14.384453282575123
9.5,9.49962954595685
15.9,16.060285111008852
15.5,15.310078697282734
13.5,13.3320575071848
15.0,14.896624981134664
9.1,9.674878163379617
15.3,14.748810438881264
13.8,14.06987332908102
16.5,16.52527865164302
13.4,14.177444177810685
12.9,13.2232002003675
14.5,14.529431196548103
11.6,12.676328770092368
15.0,14.79339434256326
13.0,12.725298952122102
14.6,14.491016863006735
19.9,18.317317825891223
14.8,14.32249669288285
13.9,14.404543016833486
15.3,15.338568945575389
15.2,15.20705701805855
11.1,11.53433848300483
14.5,15.096512490563327
18.2,18.30234228190966
10.9,11.62999235841562
13.9,13.097343664543587
11.6,11.982176139601506
10.4,11.904428030073177
15.0,14.868676842224886
15.1,14.911759123613592
11.9,11.148042166052619
17.0,17.6305092298644
19.5,18.27763811260229
16.8,16.88327565175132
13.3,13.46552127450559
15.6,15.317901044501923
17.8,17.531266387748474
12.0,12.828628086601384
15.1,15.129333609627793
15.2,13.291691639460623
13.7,13.964857591059626
15.2,14.693154318985762
16.6,16.450982349233527
15.3,14.116043708461802
12.4,12.889299177681096
12.2,12.909124613626773
15.7,15.344798864935001
16.8,16.740340996060695
14.1,14.557781978661296
14.4,14.1182946889312
17.3,16.977259931001754
16.2,16.413827076379675
12.4,14.023291241552215
12.8,11.59911222710798
19.8,18.931063700314553
14.8,14.656216536444845
17.1,17.45363789408293
19.1,17.946102824877016
14.8,14.52061406255234
13.5,13.233101288584294
15.4,14.80478045120617
13.7,13.079605458653532
15.8,15.449281714512836
17.7,17.614039314041293
9.8,10.788314320525387
15.0,14.529507014376577
14.7,14.557583063175116
15.2,14.51989061635686
16.1,16.738425538525917
14.3,14.482040797161972
15.3,14.591768821701407
18.7,18.263531378936023
14.9,14.87650416168617
14.1,14.319887936777377
8.0,11.219030816460872
13.9,14.367074720561504
8.6,9.920865673164371
13.6,13.782702883854654
12.9,12.898729508136967
18.9,18.89746460155584
17.7,16.787743005435914
14.5,14.34298065782059
15.2,15.10532198072724
13.5,13.12379450025037
14.8,15.126014506216961
12.8,13.220785579746007
13.6,13.747902836043068
15.5,15.237779075308936
13.1,12.24482080078451
12.9,13.351397383812582
17.5,17.998587908426998
19.0,18.791704330214998
15.2,15.185299375032628
14.8,14.647938163561776
16.5,16.047623277254388
12.7,12.551610103953863
16.7,16.032944065256743
14.6,14.178341759808973
11.3,10.548117891681613
15.6,16.146849082579138
15.1,15.150091498133406
12.4,12.903657137736445
12.4,12.64448517994606
16.5,16.38796850480321
15.7,15.862431206740439
19.9,19.252178202266805
12.7,12.859139021507872
15.3,15.320448780867082
12.1,12.418658759066602
16.7,17.556218373123556
12.3,12.445281672902638
14.1,13.593292510868196
15.9,15.756715499130223
16.2,15.736453079705825
14.7,14.114741471770685
15.7,15.778175745683257
15.5,15.440115405450342
16.2,15.775747871666681
15.0,13.542231736835674
14.3,13.848678410427965
8.8,8.423081477783853
15.4,15.48738121642964
14.9,15.03148692639661
16.2,16.23175026581157
16.4,14.617795216710874
14.5,14.394491591665428
13.9,13.460926183412084
18.6,18.482140706153587
14.6,14.702224387961905
16.0,14.784070530062309
13.6,13.551515547354938
16.2,13.885919254622422
11.0,11.418963229400106
14.8,14.421632393867185
9.0,8.788251023943303
16.4,17.12057126314903
15.8,15.585230392833182
13.2,13.247817428147755
15.6,15.554393508034991
15.2,15.182258195598479
14.4,13.587533965735929
14.5,14.807341467647348
13.1,13.33843223308213
15.3,14.776423105155118
15.9,15.591668848850532
16.5,15.889850553357974
18.0,18.540271132980706
16.8,16.102054294082336
14.5,13.774410804791842
13.1,13.41680689025452
13.9,14.488388176774606
18.9,18.992156261811033
15.9,15.836318200721507
13.9,14.060723436967237
12.4,11.924798529827967
16.7,16.60984990981524
14.7,14.97340187296868
16.6,16.300896488450235
11.0,12.082504636084195
15.9,16.590877021924825
15.3,15.402371538919397
19.1,17.504953252675477
16.7,16.296608534365078
11.0,11.220505133620463
15.8,15.544989289628575
15.4,15.664232986920979
14.8,15.742649046442239
15.1,15.009220306499628
18.5,18.921163244289346
15.2,15.44365372622633
16.9,17.074379075485922
16.2,16.52544473443413
17.5,16.82205469503242
14.1,18.59297271660762
14.9,15.352304228872526
16.2,17.192500089018722
9.1,8.667171696812147
13.3,12.105485965730622
15.1,15.300856378278695
14.8,15.182088635323453
11.3,10.649229115311755
17.1,16.051553789890022
16.6,15.935860002580739
13.7,13.148103198880563
16.8,16.954331302491482
12.2,13.240911596629303
15.0,15.236776992422165
15.0,14.959251203486929
15.3,15.786363008315675
13.9,13.913247102467722
14.8,14.741684539214475
18.3,17.85382418637164
15.2,14.985156196227763
15.0,15.06397012254456
14.8,14.277354918478522
15.1,15.51291331471657
14.8,14.005314470827216
17.1,16.42530855035875
16.0,15.753826421685517
19.1,19.06789275299525
13.0,12.117187450581696
12.7,12.261984343494987
9.1,10.701112153212307
13.0,12.858623105297738
15.3,15.254787554760696
15.7,15.961231999564916
15.9,15.305820528097684
15.6,15.597547852892603
10.9,12.526808458263986
14.7,15.713351701619104
18.3,18.179857211129274
14.2,14.412521535041378
14.9,14.595133088238072
13.0,13.339774067193503
14.8,14.668661880365107
19.3,18.20674725851859
17.7,16.806177201971877
9.5,10.159587938309414
13.0,14.034790084468113
14.0,14.069214497027133
15.6,14.967521736607523
14.5,13.740736616717186
15.5,15.016389624986914
15.0,14.662127205752768
11.0,11.381425068859244
12.9,11.984231743208511
13.7,13.662392942642327
14.9,14.798111431271536
11.7,12.289218335645273
14.8,14.636581907489017
14.4,14.641936552103289
13.1,12.805454076675232
13.6,14.171561576862587
11.3,11.554262591502265
14.3,13.762413541662681
12.0,11.649126060196068
12.9,13.450549830682576
11.5,11.226368448114954
13.2,13.375065847067162
13.7,13.202022821235005
14.0,13.589049915863143
13.2,13.84154256482725
14.7,14.47609915996145
14.6,14.855059012315905
13.9,13.859206126573554
13.7,13.78539406152413
10.4,10.720722326019313
15.0,14.309064021310405
14.4,13.910994733996631
12.1,11.792770215921337
16.6,15.888842392252627
16.0,15.958701577299507
14.8,15.497466369579342
14.2,14.064149961404837
13.1,12.863457620816916
13.6,14.08155148185324
13.7,13.408755985408789
12.8,12.979095149672503
13.7,13.433524579770165
10.1,13.31726588762831
11.2,11.772612996515818
10.6,11.629901623004116
11.9,11.154279462236445
14.8,14.798848035547053
16.9,16.910997549406602
14.1,13.982988426054362
12.4,11.88259878475219
16.9,16.457614056795137
14.8,14.501788914843928
14.9,14.716021694533993
11.6,11.987558304448612
13.0,13.42647898424184
13.1,13.528300495228905
15.0,15.008386806977796
15.3,15.005994306062348
15.3,14.954299768200144
16.7,16.787447416660143
13.6,13.49716030358104
13.5,13.686480113949074
18.5,18.72829418539186
14.7,14.037354828589741
17.1,16.9572391489055
13.6,13.516219776065554
15.3,15.044328340198263
11.3,11.83387239521835
9.0,8.965219478239305
14.5,14.29533718892344
13.7,13.912613046966726
17.1,17.64660274013295
12.0,12.122289121267386
13.6,12.571210794849321
9.8,9.442519947187975
14.6,14.363000288027251
13.8,13.915939173042716
18.0,18.3849032408325
13.0,12.524165440438082
11.7,11.913786158518633
15.6,16.805150963196866
13.4,11.885079041545396
13.2,13.326463094417704
7.0,9.117077485076152
14.7,14.798710399889387
10.0,12.263070359826088
14.4,14.070750584505731
12.4,12.59944464097498
11.7,11.972919095747784
13.2,13.260040346322057
15.0,15.035499164461726
14.7,14.329641392687336
15.2,15.217414972081315
15.1,15.680103188904468
18.2,17.717233357136138
17.0,17.164494216965977
19.1,16.78896282795904
15.0,14.575777018795634
13.2,14.363919756491669
16.2,15.559007380350522
10.5,12.218380468024407
11.9,12.739627550388832
17.9,16.106595661549363
10.4,10.808919941631757
15.0,14.326598995863606
15.6,15.51617514906684
9.9,10.887860745016951
13.7,13.370062325790059
12.1,12.135015303443652
10.9,11.116903872170951
14.3,14.085386167018441
13.7,13.134026106534293
11.1,11.284784146293532
13.9,14.198068269412033
13.7,13.312079360655844
14.6,14.166299787146272
15.7,15.533033769694157
14.6,14.355803751363055
13.2,13.529041352121567
17.0,16.62085998433031
14.0,13.45762219090102
13.5,12.914677276392467
16.2,16.319225002021994
12.5,11.847314368060324
16.9,16.89613125112919
14.4,14.401240085659083
9.1,9.67065756127704
19.3,18.5029192414695
9.8,8.927307207384729
16.5,15.922592479008017
15.1,15.199124052116531
15.0,14.483930931244686
10.5,11.08016946533462
15.3,15.338927308097482
14.7,14.659624295254616
15.1,14.937448182223307
17.1,17.085016410888784
13.3,13.193650914501632
15.1,14.964377801283263
14.3,14.001978354877792
13.4,13.928373422386358
17.5,16.600765493814833
13.1,13.44704423181247
14.6,14.409414077294059
15.2,15.04628759965999
14.5,14.70167520996256
14.3,14.085499107226497
13.7,13.7166534593307
14.3,14.038616907317191
13.1,13.331832889351062
14.2,14.242302440485219
15.3,15.055054016847862
14.2,14.624752863572212
11.8,11.310586067324039
15.4,15.455611839803169
13.9,14.206357559072785
15.3,15.13120556854119
9.7,11.23121508769691
14.5,14.393424024310661
14.2,13.190407065098043
17.9,17.90812434269901
11.9,12.537374559236923
13.7,14.94764892137573
11.5,11.700013110821601
15.2,15.283020716136889
14.7,14.810824333129858
10.4,11.073555124632549
13.4,13.523379042890156
14.5,14.81306487943948
13.2,13.528498569765361
13.3,13.913166731334059
11.6,12.15097596382111
15.8,15.033247628380195
15.2,14.353708763144823
14.9,14.539136803294241
18.0,16.778531968278912
13.2,13.109307069336865
11.7,12.911154584351607
12.3,12.65388101321878
17.8,17.85435522883199
13.0,13.113076925394125
13.6,14.260145842918064
12.1,11.447665981322643
13.6,13.759805212670472
13.2,13.835434439044548
15.0,14.98896861547837
14.8,14.20097829099359
13.5,13.347217519509286
15.7,15.253890533815138
13.6,13.446574537658307
12.1,12.129961460246705
14.2,13.620024113217369
13.5,13.65875050262548
14.5,14.22010140697239
19.6,18.65731191355735
13.1,13.865931695065228
19.3,18.675186964916065
18.9,18.88508838627604
18.6,18.69683581785648
15.1,14.887645195180085
18.6,19.14572893831064
14.0,14.084814257919788
12.2,11.732753765070811
15.7,15.11420529930001
15.0,14.090336128170748
12.5,12.866529966238886
10.5,11.220192242588382
16.0,15.760700379032642
14.9,14.832037437823601
16.0,15.307442677387371
12.9,12.718272410536883
19.2,19.043477355793584
19.6,18.21159461751813
14.3,14.14422920200741
16.8,17.024295471492223
12.6,12.200715279905125
11.9,13.077007136016618
12.7,11.978152521915035
15.8,15.744257685088087
15.1,14.926916630764026
14.2,13.665161846322007
15.9,15.183470466305153
13.5,13.979165483615361
14.0,14.144160437950632
13.7,13.775897038023686
15.2,14.927504898339976
14.9,14.666455407394096
14.3,14.018641437985934
15.2,14.571241953060962
12.4,11.665980406920426
14.8,14.129941641909681
12.2,12.459907270153053
14.9,15.086112114897333
15.5,15.113172604062129
18.2,18.667098189660464
15.1,15.656821889882849
16.3,16.27729974594513
15.2,15.079312830464914
14.9,13.930024252244039
15.8,16.758345928334165
9.8,11.577520487480797
13.2,15.44467695086496
13.8,13.984504626103444
11.9,11.523250516765984
16.4,15.956452611659188
12.3,11.098501669766847
12.3,12.085889875048451
14.3,14.122825743135763
14.1,14.327086474751923
13.1,12.56357610237319
14.7,14.326939701670199
15.1,14.678896564559182
13.9,13.316860014980193
14.1,13.261508585512274
13.0,12.4205807762919
13.0,13.233371265378082
14.0,14.282405859969003
15.2,15.479116014750616
14.6,14.513037769651419
13.8,13.650979571510106
12.1,12.847876618709051
15.6,15.172682028878626
16.4,16.13914120127447
13.4,12.849289534555282
14.8,14.70799384007114
15.8,15.495155020988022
17.4,18.549474925996037
14.2,14.227847848313104
15.4,15.210922259575455
13.1,12.433620695757782
15.8,15.578711294310779
12.0,12.84336317636189
14.9,15.392258864478208
15.2,15.355253738292959
13.0,12.353324733034242
14.6,14.832970605028095
15.0,14.983098579163197
11.4,11.528787994961021
13.0,12.959814585779895
12.0,12.504560510598822
13.0,13.723319275686663
17.4,17.364807693291368
19.9,18.498738174967002
15.7,15.488989133276846
11.9,11.660278676776215
16.1,14.833364400987193
13.3,14.18486200922598
14.5,14.680115537106758
15.2,14.706905832106713
13.8,13.944763342675287
14.4,13.822730903571937
14.0,14.20466178789502
7.2,7.967040903284214
16.1,15.938798151582887
11.4,12.433797727862839
11.7,12.293219902087003
17.2,17.94541626298451
13.3,12.748147144477116
14.7,14.958370719716186
15.7,15.298866179076867
15.1,14.617461237305179
15.0,15.198570040640334
15.7,14.969042083015665
8.5,11.461360672023147
16.7,16.741416385668344
18.3,17.982766853063367
9.1,11.572007862909231
15.9,15.394550101045752
11.1,12.216013596189441
14.5,14.448019561183173
17.6,17.433014924346935
11.8,12.87188132997835
16.1,15.570933766775852
14.5,14.377996461640578
15.7,15.812172917358112
15.5,15.677872600688715
18.4,19.525196088652592
10.1,10.007254031836055
17.2,16.69108677445911
16.7,17.323698950232938
17.5,18.20008354631136
13.4,13.594613623688929
15.5,15.688399042643141
18.9,19.067066025803797
13.9,14.511085729522165
13.0,13.257329060448683
17.1,16.857830362569075
14.5,14.637125890410971
16.7,17.011245740024606
14.8,14.57912401529029
14.9,14.425451756367693
16.2,16.373307223053416
15.9,15.285008740087505
16.3,16.438358113435243
16.4,16.305405734819942
15.1,15.129396613585413
15.5,14.854341056779958
10.6,10.915537560416851
18.8,18.340669255820103
13.5,14.07848615805051
16.2,14.418585938576143
13.0,13.275544471252942
11.5,11.646329337236239
18.6,18.35903172736289
13.8,14.325167807259277
17.0,18.21245778262164
15.3,14.707067975250538
13.9,13.693182449176675
15.4,14.282536329934373
9.6,13.835087853192817
18.3,16.80369322565639
14.8,14.533930362129468
18.1,17.011235244746786
15.3,15.373799468914513
19.9,19.017990236810874
15.2,15.948693604324944
12.6,12.39226858652546
17.6,18.35554076723929
16.3,16.071268396190135
16.2,16.85567427863134
13.2,12.82524474710226
11.9,12.218896912236232
14.7,14.599744239269057
16.2,15.681010924705333
19.5,19.135832353727892
19.8,15.884102164360229
14.2,13.374228329164907
13.0,13.003000958535267
14.5,14.404046267532976
15.5,15.145504191736109
16.6,15.894803031173069
19.7,18.68737397773657
14.6,14.099703466898063
16.2,16.15367437081295
14.6,14.628157646129694
17.3,16.99319242461206
9.7,10.463112749974243
18.7,17.49318915058393
15.2,15.046992564719403
15.6,15.081717983825001
15.5,16.631732336099958
14.4,15.409353482769802
13.1,13.501948873923538
16.0,16.165495730165276
17.6,17.459846501267748
17.9,17.044953273318242
10.6,11.928887329151621
10.1,10.21847014859668
17.0,16.124161105035455
19.6,18.611355098051718
19.4,15.602369960572105
15.7,15.646262148671667
17.3,15.835834113444434
19.5,18.88333038034034
15.5,15.291183740075212
19.7,18.850873547431547
19.5,19.404941687127575
14.7,13.719775090423354
8.9,13.915618754055686
15.4,15.094752157372568
14.3,14.360743050958263
18.8,18.17106826225063
15.8,15.658669806623948
19.4,17.08926296699792
11.6,12.076793694403023
15.3,15.894410626924582
16.3,16.149491779884556
14.9,13.743267846759409
11.0,11.15844619058771
11.3,10.806707767245825
16.1,14.96937210080796
15.6,16.02654220414115
16.1,16.059615754496917
17.8,17.907133023894858
9.6,9.653234393656021
19.4,18.623702707118355
16.0,15.681005317834206
12.6,12.867896515293978
14.3,14.166985031366494
14.0,13.700194182561972
11.7,11.755782376450952
12.2,11.918991895683575
15.4,16.465788839885136
15.9,15.408705534287947
13.2,12.67850393417757
17.1,17.163080201025878
12.2,10.699888774601277
17.3,15.125625615357421
14.6,14.224036009376505
15.2,14.820934992840193
16.5,17.424730084225303
11.5,11.388236367551144
11.8,13.34572497688896
16.0,16.024344911507796
12.2,11.554991580022033
15.2,13.53766943514347
16.0,14.870163947663968
15.5,15.197503457049606
16.2,16.675508445769083
15.4,15.29131422789942
12.7,13.492299911158625
15.5,15.435998481101706
14.8,14.583772444140777
13.7,13.091148857743974
14.4,14.55248711508466
14.5,15.142792528378777
14.3,13.74199939976097
18.2,17.862766508682398
14.9,14.100051451448962
16.3,16.64213922646377
14.6,14.19170206176932
9.2,8.736294023343362
14.3,14.273001609981293
15.6,15.401210659158096
13.9,14.179755582590587
16.7,16.881257558299694
15.2,15.562491586169926
15.9,15.496896697033662
14.9,14.833718586945906
14.6,14.36267870791562
14.8,14.758277500979602
13.2,13.484921273193322
15.3,15.055128967855126
13.6,14.206652696597303
19.0,17.65706178720575
19.7,18.265141230949666
16.3,16.48106695272145
14.5,15.440807709954242
13.1,13.359603052964303
15.5,16.07789169176249
11.1,11.615179434011225
13.9,13.775836584367426
15.9,15.747857678890796
15.0,15.732888998411
14.1,14.083539250888862
10.2,10.303367166838143
18.4,16.17619226887473
13.8,14.68356126366416
14.9,15.104982679564273
16.1,17.035503864986822
14.6,14.44990984821925
16.3,16.043791746604256
16.2,16.36862410142203
15.6,15.451633391499854
14.8,14.586364914695878
12.4,12.316312812326942
15.2,15.661747913138242
14.9,15.131930192923392
17.1,16.158885773736984
10.9,11.178580128762405
15.9,15.64624245885716
17.2,17.463662527618
15.7,16.254907583235763
14.7,14.831399084421719
13.8,13.99315124982968
14.5,14.247646909730975
15.9,15.403835715609603
13.8,13.809305842703907
15.4,15.309974529580359
16.2,15.161198033645633
12.3,12.856968610256445
14.8,14.766320244734743
17.6,17.14705962181324
15.3,13.91598263612832
15.6,15.942304257599972
13.8,14.26292590558296
17.8,17.745718630729243
18.2,18.153363125544274
15.8,16.25400171858928
17.5,17.761617453448707
16.8,17.625349614449078
14.2,13.98145000618024
16.6,16.726126987487078
16.5,16.17816541250795
15.7,15.336078341817483
15.6,15.352173330757068
15.7,15.03491074181511
15.6,15.079478398023639
14.6,14.859781941986512
14.8,14.497333325798536
12.7,13.352008478104835
15.3,15.006949627641006
16.1,16.350970510888146
5.6,10.4828172372072
12.8,14.104462231509387
13.6,14.983989152417053
9.2,10.286418871255592
15.0,14.627661184928002
17.5,17.901332502608057
19.4,18.08656094421167
17.4,17.31015057346667
17.8,17.570669743436156
14.0,13.94121038301455
5.8,6.6875116602750495
14.2,14.535011806494367
13.4,13.550738980993629
14.3,14.40096459252527
14.8,14.448108901449814
13.0,13.8923762589111
6.3,13.435551482310984
15.5,15.161709945212351
9.8,10.383067703194683
18.8,18.186140127363615
11.7,13.001847817333328
18.2,18.862469754676567
15.4,15.206183088412217
13.9,13.525694830288558
18.8,18.71506220401352
15.6,15.288816856394988
13.9,14.47313706579007
18.9,18.983499540627236
7.9,9.520258196949726
15.4,15.536242863894586
14.9,14.410529391234377
15.0,15.065176690393855
18.0,17.32384126938996
13.3,12.872788957683952
14.3,14.155483092501527
12.8,14.078471730463207
15.4,14.96767879237268
14.5,14.753291268774774
14.0,14.20383066352224
16.2,16.361692003702046
16.2,16.759224623638147
14.9,14.964460048737237
15.5,14.839081038866425
17.4,17.370712045085384
15.0,14.888314183335751
14.3,14.512690777191892
14.2,14.27054173083161
15.1,15.060589523272938
14.8,15.36689816636499
15.7,15.572627051820746
14.9,14.593199747119797
15.0,14.739851670659846
19.1,18.29432174770045
14.4,14.268253580623423
18.0,17.109170289186295
11.1,11.532665547914803
12.6,11.596848273737123
15.6,15.32118943874957
11.5,11.45120498817414
17.7,14.953233287209514
17.2,16.605431088479236
15.8,16.36021707708096
18.1,19.129261640715413
13.9,13.539981111651286
16.1,15.929067941440735
16.8,16.834293754654936
15.3,15.045773764577461
15.4,15.108463016487804
15.1,14.8544180351455
13.6,13.12445197609486
16.4,15.116192927123848
15.1,15.572988384825294
14.5,13.96635926005547
16.9,16.15060227471986
18.1,17.033720717881806
13.7,13.622046795066126
15.6,15.582684625467664
14.8,14.94686450160225
14.5,14.607843695883275
15.2,14.974544845375931
14.2,14.447964618220794
18.4,18.391932179765718
14.1,14.82683496698155
14.7,14.609423833957408
15.0,15.053955220151693
17.3,16.428908213420073
15.2,15.539748507319018
14.9,14.510779651318444
13.4,12.458490045042709
14.7,14.305950658628717
11.8,10.84666897979696
11.4,13.529154480871512
14.9,14.106221779718908
15.5,15.367747805430554
15.0,15.03021842839371
15.3,14.844026874314295
10.4,10.809802957170177
10.1,11.28912844217848
10.8,11.652447101136204
17.0,16.36526517983293
12.5,13.384269902511733
15.0,14.8255661396106
11.6,11.597458412783453
12.7,14.082311799778836
12.0,12.19440411782125
9.6,10.617020426027011
14.2,13.984080068345065
15.2,15.164191197312903
12.6,13.024615575064672
13.3,13.176794955074001
14.4,14.913636077340925
8.0,8.107083030918147
13.8,13.872773696028162
12.8,12.773909266921692
15.6,15.211682834196836
14.9,13.961162907420658
14.5,14.69775387016125
14.2,14.982524237217149
12.9,13.093754460736818
14.4,14.22425926735741
15.3,14.570733897842729
15.8,15.184645693807397
12.8,13.027818048114568
12.8,12.951949386682827
13.5,12.809084531327244
9.5,10.417418520955835
16.2,15.140982810469723
17.3,16.40608457723647
16.1,15.995356511994032
15.5,15.598458830587333
15.0,14.68933486838796
16.3,16.270553695158014
15.2,15.201580369588555
14.0,14.258534193857486
8.3,9.151179140550084
14.6,14.85685711422957
15.3,14.998085580504267
15.6,15.451521708557266
12.9,13.118662132241298
8.2,8.751942369737662
13.1,12.422748336772202
15.3,15.080947534041115
18.9,17.212184161588084
14.2,13.514497936725093
15.6,15.502132931782398
13.9,14.388807075709337
11.5,13.052291832689662
11.3,11.18508494173875
12.9,12.50906654575374
15.4,15.330296315330997
14.2,14.490454069251427
14.8,15.89564112181506
15.9,16.046042733913055
16.8,16.355134246585294
14.5,14.833609360246555
13.4,13.373499576293398
15.3,15.032530756090637
14.4,14.928651581984013
15.7,15.309277412161464
16.3,15.488828072120668
15.4,15.60183971535298
16.3,16.51296016498236
15.1,14.873118492399954
17.6,17.58148573152721
14.6,14.685697956418153
12.7,12.9964013664503
17.1,16.505584195954725
14.8,14.4706831253352
18.5,18.951792737963842
13.7,14.084985583878733
14.6,14.675087596770027
12.5,12.431516355485655
10.6,10.326617021026323
14.8,14.655982341821073
13.5,13.222662736385246
15.3,15.109227826906135
12.3,12.39845471153967
15.1,15.12424483380164
14.3,13.964854923331586
16.1,16.2404053306891
15.8,15.3294237316004
14.8,14.810275400814135
14.2,13.9071888535982
11.5,10.950471715303138
14.7,14.896421440673294
15.8,15.36781268924824
13.7,13.362564316656062
14.3,14.0001563866972
18.5,18.399109173537
12.5,12.918206465168623
18.5,18.53107806443586
13.5,13.238361582425568
16.4,15.953557917462604
13.3,14.553818660147954
13.1,13.057542814232875
12.1,11.723745622095521
16.0,15.571536144445417
15.4,15.337091877318016
15.6,15.603465238345962
18.2,17.63879528074176
18.5,18.538753649103455
14.5,14.558325081510702
14.5,14.033327124721836
16.0,15.511163660499733
12.3,12.521341389976442
14.5,13.295530942588812
17.1,16.874051599326776
18.8,17.980528075742768
13.3,12.223220938583836
9.2,10.068347623891896
12.5,12.440408839000156
13.5,14.014821054326603
8.2,10.126577758113854
12.1,12.09584190838359
14.6,14.204951258725487
14.3,13.679926604905631
15.4,15.04148774591522
12.7,13.207460674544564
16.7,16.11782563282759
15.1,14.32455072328412
8.2,9.523097773460904
9.5,9.609513309667818
13.5,13.67817929701414
16.9,16.317564134840723
15.6,15.349190565844765
17.4,16.10958044999279
16.7,15.994430913793622
15.5,15.641323582332916
14.6,14.614585630464717
17.7,15.679927573801251
12.8,12.773654244549107
10.8,10.457315682549961
16.5,14.959555607987568
15.3,14.560382302850485
19.8,18.279576806758996
17.0,17.128175895228196
15.8,14.719816294498742
15.4,15.240033699641572
16.8,17.489761792108766
19.0,16.229894457126647
14.3,14.242685159173561
13.0,12.828013058926445
14.0,13.960292949748691
13.8,13.185546678432729
16.4,16.81200861130492
12.4,13.266796347283162
15.4,15.658602386713028
15.1,15.88539906796359
14.2,13.765195708901956
14.6,14.06281764630512
18.2,18.59343342052307
17.6,17.469656157889403
15.4,16.406749275396578
13.1,12.720119072764646
11.7,11.998504570743535
16.6,15.778890721387143
16.3,16.70706264086766
12.1,12.127624719316373
16.8,16.657432315754704
10.8,11.224998177931411
11.0,10.952795466932002
9.2,10.789548654405735
14.7,14.296695417520823
13.1,13.372315838118084
9.8,8.579592167283408
10.3,10.705397335783346
18.2,16.713413286841387
15.3,15.78715868544532
10.4,12.614155208691955
12.2,13.3575949324877
18.8,17.16718832144761
7.8,9.072089649736881
5.8,7.848002201382769
15.1,15.689639927644748
11.3,11.17791246395791
6.1,8.17402948869858
10.1,10.043521787243662
10.7,11.495946663460927
15.9,15.563009695906658
9.9,9.291706311050802
12.4,13.404498848662115
12.3,11.645194178214297
12.6,13.134997909714002
13.8,13.40145398612367
12.5,12.187347664032131
19.0,19.087858113925904
14.3,15.011198234631593
12.7,14.526115169457626
9.2,9.557344895147253
17.2,16.53627211228013
16.8,17.574183443706715
14.7,14.779061811888823
13.4,13.942392509721685
15.3,15.324166639824398
14.2,13.550114398502046
14.8,14.079337148990817
16.3,16.350429750571493
15.9,16.42932233866304
14.6,14.39017060014885
14.2,14.53042747991276
13.7,13.790793181891786
16.7,17.324948227556888
10.2,11.369118150440045
11.9,11.458748622972053
11.4,10.752466939913575
14.6,14.422822451018874
13.2,12.863385790667962
16.6,16.03135163508705
10.5,11.613725450530183
14.4,14.294537261477672
14.0,13.89503594886628
13.0,13.390198724984657
14.8,14.568055477546295
14.2,14.55196292657638
13.9,13.92159599851584
10.8,11.929741070693126
13.6,13.732220729551045
11.8,11.956515964237042
13.7,12.550892820145236
14.8,14.213634532352444
12.5,12.106630167691037
11.5,11.653193344303872
12.7,12.212319514044793
14.8,15.047605103585738
13.6,13.516728683549445
15.0,15.037947768490994
11.6,11.658030582650099
11.6,11.631011940356984
13.2,13.006995863252087
12.4,12.50224545726087
11.8,11.874501788435737
13.3,13.349771750279615
14.3,13.140355309355073
15.4,15.870449487094447
16.4,16.7182541313814
18.6,19.346532607713016
19.5,19.149275485397084
16.5,16.7611408946741
18.3,16.3790215804529
16.5,16.062469268770656
16.9,14.263667210499989
12.4,12.406626388954464
14.6,14.578732529280387
14.2,14.540234206768218
14.4,15.050117862643674
17.4,16.681198992015197
18.5,18.26437514164718
12.7,12.955406512191985
11.6,11.592196120589506
13.9,13.514612147322623
14.3,13.746416332898661
19.0,17.132488959823604
19.1,18.701048145943787
13.5,13.699692154732475
15.0,15.756268786790315
19.7,18.63717408676166
19.6,17.712279476691037
11.4,11.885547167970799
19.4,19.282807908806717
18.0,17.686534465296063
17.9,17.494586510874797
16.2,15.492707889789017
13.6,13.305797263925342
14.1,14.035072674747425
18.7,18.088563637487823
15.0,14.783005828183377
13.9,13.983546039497014
13.4,13.192390896379948
13.6,13.710459933936363
12.8,13.291711033205502
12.5,13.394584400841268
12.2,12.704243724030675
12.9,13.126837038988015
13.5,13.52411483580363
12.7,12.845916982623748
14.8,14.583167160802986
12.6,12.621460714493878
12.2,12.559485647307156
17.6,17.017253530560993
14.0,14.289643716183491
18.6,17.451535215601325
17.8,16.952848529734183
12.5,12.340726791648194
12.8,12.897571119538043
12.8,12.309922201849986
13.4,13.154877300403314
12.5,12.595701897051185
13.9,13.341766443525557
14.1,14.38963185067405
13.5,13.801361734251259
13.1,14.008501105276082
18.6,18.7331953390094
16.8,16.630062205775175
15.9,14.019862831934006
19.8,18.9214888891147
19.0,18.822069016401656
17.6,17.15963900706265
15.7,15.691281519921176
15.4,15.168177305185964
16.4,16.782618803088553
17.3,18.04121491547994
16.2,15.894911391253117
14.6,15.007442717731465
15.3,15.228037634384236
15.6,15.111513599620594
16.8,16.336281692885677
17.0,16.915748517378233
17.6,17.65648060152307
15.2,16.450797851137395
16.2,16.26929593912064
15.5,14.200290290405974
17.7,17.656351975514553
16.5,16.724949233255757
19.6,18.78633869928308
15.8,15.432249078035966
16.6,16.649001862155274
15.6,15.654033636616077
14.9,15.207533325214172
17.2,17.232163126565865
12.0,11.735919660364743
18.3,16.25430224036063
11.7,11.461635167332133
19.2,18.58013114874484
16.5,16.927380745924893
12.7,13.656357464118628
19.0,18.2691244391317
15.7,16.482256238741684
14.7,14.931027294427622
13.7,13.50888448097976
17.9,16.279963183624204
17.3,16.87403716949484
16.1,17.16793540646904
13.3,14.600850841326974
15.7,15.444871045387117
19.4,19.069202976796078
15.5,15.701482643746203
12.5,12.477625181141775
15.1,14.739680362632498
19.3,18.64720077009406
15.7,16.51740046087434
11.9,13.164904777804622
15.7,15.229037631768733
5.7,6.647837996017188
14.3,14.313854393767542
12.2,11.629401136364322
18.9,18.564587704837322
14.6,14.432617134883913
18.1,18.302666672188934
14.7,15.257896967934357
12.9,13.010609357006615
14.9,14.760772271140013
19.4,18.43243572470965
15.4,15.41221798954939
18.4,17.94338493249961
12.5,12.435051700973418
18.8,17.943937065952923
11.8,12.24958225471164
12.4,12.803663901493564
12.1,12.463009280036204
7.2,8.313508973340504
13.4,12.986774336895905
19.8,17.89201600657543
16.0,16.536014955607243
10.9,12.205794500783668
14.5,13.973038632566386
13.3,13.772554403723916
14.5,13.974467915541027
14.4,14.852164149288
14.4,14.181181079009548
15.1,14.919006967535097
9.7,13.364056225138484
14.4,14.193372485402506
11.7,12.4803589664225
15.6,11.935191721655428
16.0,15.821589053000935
12.9,13.36475414710003
15.6,15.021305393980583
19.2,18.38420568393485
18.8,18.15316917205928
11.7,11.686801719712093
14.6,14.243975031422451
14.2,13.769705937535036
12.6,12.83620833365785
19.5,17.98692458561709
16.4,16.201253380939306
15.8,16.096337551716715
11.3,10.672962212236598
15.4,15.928701590139099
11.4,11.899390209466219
11.3,12.080053270445205
11.9,13.899971967293823
12.9,12.630172017034056
13.4,14.050260721764062
15.8,15.438966242712922
12.5,12.495503521993669
9.3,9.67061545458273
11.6,11.628980665444033
10.8,12.251154831668828
10.9,10.035669883945957
15.7,14.925387824885547
10.1,11.654926911811344
13.6,14.236703043563466
13.1,13.10959479061421
12.5,12.106938181445003
13.6,13.89901414338965
12.2,12.755310128617566
14.4,14.411754442669917
18.1,17.93675873466418
11.2,11.61095269647194
14.3,14.947813662234694
19.6,19.14949712587986
17.7,17.771328202055884
15.6,15.712001491627234
15.2,15.23686593927414
10.1,11.42626121925423
13.1,13.086525355703998
14.9,14.826137591360748
14.3,13.36287864058977
14.5,14.824550761608407
15.2,15.324163759563817
12.0,12.360874978301581
15.6,16.16638688155217
14.5,16.89115277741803
13.3,13.22303629835369
14.1,12.175576325913426
13.4,12.928285242291167
16.2,16.133337810751982
9.2,9.954806143243331
15.2,14.843011218414176
14.2,13.980166414205087
18.7,19.214574878133135
13.2,13.048277617315762
13.9,14.298379547777586
14.9,14.754758329368997
14.0,13.77235459667645
8.4,8.839298306091223
15.6,13.871409384955768
11.0,12.184171404252993
16.0,16.840010019033798
17.7,18.179990872682538
11.7,12.302617821318563
13.7,13.779116873556632
11.3,11.604465098644141
12.5,13.451123136590468
12.6,11.534341476595728
14.7,14.817095836948283
13.3,12.74635585359647
16.1,15.965975974977482
19.9,19.38008170959074
9.2,9.421037806780078
15.6,15.38502692367183
11.4,11.609552469104528
15.2,15.36856827304291
12.8,13.32198220952705
15.8,15.616001702936046
11.9,12.080011644084152
17.8,18.084791233370197
14.4,13.847260797978379
18.9,18.26867781855981
12.0,12.587800696805061
14.3,14.66020087985089
14.3,13.81610925347195
16.2,16.469486861024052
12.9,12.9765084178689
16.7,16.50224566552788
9.0,10.287291474785889
14.8,14.537520321406191
14.7,15.540464242192684
16.4,16.400879701744998
14.7,15.21961016987916
15.4,12.500834799953736
16.4,16.65951785884681
14.4,14.402879030210897
16.5,15.759902303187118
15.8,15.103051743169999
15.1,16.750223376089707
12.8,13.866123063635314
18.4,19.118230858788593
18.9,18.70335313299438
14.9,14.864959524904407
17.9,17.764236030663596
11.5,13.338522763166111
13.3,13.177356270782184
12.8,13.011454441904789
14.9,14.80111116453736
13.7,15.167992101458367
14.1,15.015167001693044
12.8,12.753416828738409
13.4,14.498449766018894
13.2,13.300836811191402
12.0,12.181696032523178
17.7,18.378857958014123
13.1,13.517834229831351
15.5,16.0207461639111
13.6,13.877601412095828
17.9,17.73210573787219
14.0,14.00411175264162
18.2,18.149839638819685
13.2,12.932791954928689
10.1,9.834354227496078
18.0,18.866709344554693
19.9,19.4679203699925
16.5,16.11936913304089
13.0,12.424178140296135
13.9,13.626189340924611
17.1,17.134618968586437
15.8,15.783952316811337
16.2,15.837776562897488
18.2,17.326657661411446
18.9,18.249973627272993
17.6,17.67637442681007
17.7,16.299889769177753
18.6,16.606473780004308
15.4,15.413355424185283
15.9,16.340065121286898
16.5,18.256466765946243
12.3,12.961148276430322
13.3,13.391156938218046
14.0,14.382223171851365
19.4,19.342231582908425
11.5,10.289447365124943
18.9,17.014674611767987
14.5,15.321261683149714
12.0,10.998080528315768
12.3,12.056911264837254
14.2,14.219415518547976
14.7,14.413536916308658
13.6,13.642180301281769
13.5,15.543523287589778
16.4,16.898252189159393
8.6,9.077200321949931
10.2,9.902430206886493
13.2,13.961650329605618
14.1,14.769428013125435
14.8,14.194564739364068
13.5,14.059693748888094
15.5,15.25810575025389
15.7,15.579564908170141
17.2,17.745153888332425
17.4,17.494159492373
12.3,12.614471378212329
15.7,15.974531923246104
14.2,14.489677493344061
18.4,18.638011078350246
15.4,14.659574630786665
16.8,14.98209175604643
19.7,19.179940192669164
14.5,15.058834250425207
19.2,18.23845053673722
13.7,13.40655935482937
16.3,15.982343654806755
13.8,13.37505319979391
13.6,17.088364542316413
11.6,12.55162919790564
15.1,14.003823677343462
15.6,15.405896027441486
13.4,13.52617628176813
16.5,16.516040788894315
10.7,10.916097730601905
13.0,12.903068755491404
17.5,17.525893003679812
12.7,13.885631991899572
13.6,14.094485188135877
15.1,15.7364244331402
16.3,16.348777450159105
19.0,18.17211741383653
15.3,14.46363035091781
15.0,13.32396142714424
15.4,15.34445450325802
14.3,13.601156357215586
14.5,14.654976516671013
15.8,16.100932360772276
13.9,14.249214311174
14.0,14.699724858859554
15.7,15.685909574171092
14.2,13.688083846776863
15.5,15.663735830021324
19.5,17.55831682519056
19.5,19.19801306654699
15.7,15.511785479953687
18.9,18.50810867466498
14.7,14.23382137468434
16.2,16.10545622202335
13.1,12.300871629893663
16.2,16.30368120599087
14.4,15.554769203183241
15.1,15.351420629536733
13.9,14.410537312738597
14.9,14.79976758750854
13.9,13.692836414986232
16.8,15.327982626040466
16.5,16.605726232053712
15.4,15.728434124284831
5.0,6.491466951789334
12.7,12.026026207982795
15.8,15.79351058498105
15.1,15.177609974634834
12.0,12.576648303831462
16.6,16.715185793207638
11.1,10.877809892237565
14.0,14.319864111515926
15.1,15.025444131873883
15.3,14.577771676460543
13.6,14.759057119044883
19.0,17.194438461359823
10.6,11.632396612374578
15.0,15.352141337170906
14.3,14.400570549973054
13.5,13.619672078470103
14.8,14.49174826790113
15.8,15.755666058335919
13.0,13.088446969573852
11.5,12.423025503056124
11.8,12.080996473436244
11.9,12.350968339422252
15.0,15.296357397688553
11.7,11.910502934339092
14.7,15.540109425817718
15.4,15.062354769324884
13.2,12.697038431757392
18.1,18.157858516438864
17.6,17.537866827857215
13.5,13.544118765974417
14.5,14.428448085633136
12.3,14.186588022746946
14.8,14.724139028432546
16.7,17.060351483527484
17.0,16.84172877335004
19.4,18.83607981156092
15.5,15.142144032524811
17.2,15.163877740909811
14.8,15.035282882852698
16.8,16.57549976541486
14.0,13.112620652478654
15.8,15.776847914567043
18.9,18.797715747263283
15.9,15.703152653502912
19.7,19.057154059089953
15.0,12.379837026441237
16.0,15.203837101260433
11.6,13.747980835963972
13.1,12.732392454345245
14.9,15.164368832023683
19.9,18.219929181679618
16.0,15.592817329281388
11.0,10.8130016233481
15.0,15.042199191637337
17.4,16.532173111569136
14.5,14.425156170065748
14.5,14.4164626392012
14.9,14.96146584183225
14.3,14.154887354787206
11.9,12.785640302696265
15.8,15.07043023701408
14.1,15.20724201243138
13.7,13.48171015610933
18.7,17.813813675456913
12.0,12.332701167557389
15.9,15.173548880498856
12.4,12.40239428789937
15.8,16.291135234263493
13.6,15.082814589113696
14.1,13.551135554764187
10.3,11.517797497333959
15.8,16.202462925451982
15.6,15.442458813427947
14.6,14.824435517337406
13.7,13.379062152642291
17.5,16.27921736688586
14.2,14.319298362868722
15.4,15.190872937368113
12.4,14.492557556048268
13.8,14.036656906595454
12.1,12.096715473860968
15.6,16.05552292752327
15.3,16.099128774920246
18.9,18.092517846205737
19.0,17.585354241047753
15.3,15.142771244805772
16.0,15.18513071002053
16.3,15.56853404451067
18.6,18.596170263452223
12.5,11.977742102306365
14.6,14.743520890018772
19.4,18.7324280795292
15.5,14.894720450251043
16.7,16.780560358893126
16.7,15.313299928006018
13.6,13.13371336821001
13.0,12.898435828625225
17.3,17.445683673493477
15.5,16.43184544255564
15.5,15.017483115958385
14.9,15.045475608538254
15.5,16.079808202353888
13.1,14.147636412153588
13.5,13.794505460988148
14.5,14.796518227463821
16.2,16.31004803441465
15.0,15.312005058804061
19.0,17.315621947986074
16.6,16.66415949194925
19.9,19.418050986249
13.5,13.406300183676649
14.5,14.365711087477393
15.6,15.204293085096651
19.8,19.379450890235603
18.4,17.793897882045712
14.2,14.16675368135111
14.6,14.383144589784933
19.5,19.178268677002052
17.1,16.790017216466367
17.8,16.71694823988946
15.9,15.667191348853521
13.3,13.162285213300493
13.7,12.238697289896663
15.7,15.065819147392176
14.6,14.580713742998341
13.6,13.983707080566091
17.2,17.315020844704122
19.6,17.902139102636283
13.1,12.900099826249061
15.5,15.633001607377082
14.9,14.448411837947788
14.7,14.000251691613812
15.4,15.259375452027598
13.0,12.803417984920088
14.7,14.560714264254784
18.9,18.708414548804285
12.3,12.485731028515147
18.3,18.617796773847658
11.8,10.483403929043561
18.0,17.799938849551836
15.7,14.510930553838989
19.6,17.84601221923367
18.5,18.452038820745656
12.0,12.423196918040048
15.1,15.505389410918724
19.2,19.049517048872076
15.8,15.93795330199282
14.4,14.705830133825657
18.4,18.02516834211383
19.8,19.185782330547227
16.9,16.46444882368087
13.5,14.102615290670656
17.8,17.64668694580905
19.0,18.914513247378636
18.4,17.86972674160461
17.6,17.801266912545543
14.8,15.167921526124701
13.8,13.530299684734928
17.3,18.470947035209974
18.9,18.79392477910733
18.6,18.566155033215182
14.3,14.002607095349958
9.6,9.63508027602802
18.2,17.95415730762761
16.1,15.038809413839772
15.9,15.422852521185632
14.4,14.988814438131158
13.9,14.201671477523632
13.2,13.795447345217326
15.5,15.45783336725799
13.6,13.80666782456683
14.5,13.987696488082292
15.3,14.101404857326997
17.7,17.237216423032805
14.9,14.730365102563155
18.3,17.864323882808094
11.7,11.673158556048293
15.1,15.226060297107324
17.7,15.505583865218796
12.7,12.25416122956085
12.0,12.126680619898252
16.0,15.529862340859836
17.2,17.17494243895635
18.2,17.936443198210327
16.2,16.002047870151728
12.7,13.665988736052896
15.8,15.834137261263095
15.3,15.594760929670883
16.8,17.06133801638498
19.4,18.977418957132613
11.0,11.903204141068272
13.9,14.291044455516385
15.8,15.389564561457519
19.6,19.358786064432934
14.8,12.75622506349464
14.4,13.793281101505272
16.0,15.447340481623542
16.5,16.43002419862023
13.8,13.85233830276411
12.3,12.599755606002873
18.3,17.62197209410624
17.8,16.42354401719058
16.2,16.173438624624396
15.5,15.024345151308808
11.1,12.457364566449542
16.2,17.174689279068843
14.9,15.477721775188911
9.6,11.046681110281497
15.5,16.118170659407042
16.1,16.107853554945905
13.4,13.701175118016181
11.1,11.817463661634974
10.3,12.572633186151506
14.7,14.662240333616865
14.3,14.789885107893497
19.9,19.078012453130214
15.2,14.46461561851902
14.2,14.199782443820368
15.3,14.141378535248805
12.1,13.018461880332325
14.4,14.44530675857095
14.3,14.891732249630877
16.1,15.52596274248208
14.3,14.832028341541445
16.1,15.657420471892692
14.6,14.094268533837749
15.1,14.848530965498867
19.7,18.49035401432775
15.4,16.003468080598395
15.0,14.34146058690385
15.6,15.037175722060056
12.2,12.523027266346617
19.9,18.233922229497693
15.8,15.840167371548887
14.8,15.098130775179015
17.1,17.07553940836806
19.6,18.879696561401943
19.5,16.621564611268695
13.0,14.97240613977192
14.2,13.902040671637224
16.9,15.836355878564063
18.4,17.954023060869076
12.2,11.756297014391748
16.5,16.544971232826356
15.0,14.358420487405965
15.9,15.37984491782845
10.9,11.69567162997555
14.9,14.90509894140996
12.1,12.025569071236532
13.8,14.338390932003676
17.4,17.813450370304054
14.8,15.363334117719205
14.5,15.15402378674844
14.3,13.785071788559435
15.0,14.872253846178864
13.4,13.559863780334126
13.9,13.521384138570284
15.8,15.570182823626965
15.6,15.17862203301047
14.6,14.917906730979666
16.3,16.338442260432203
13.4,14.230142288497518
13.4,13.832677182803309
14.0,15.219782810920151
16.7,16.802895686290867
16.2,15.772476449747046
14.8,15.406776041316334
15.2,14.79018851928413
14.3,14.19086706276721
18.3,18.19071949397039
13.8,13.541953962267144
19.6,19.328416938340524
15.5,15.504083020618054
14.9,14.009870096720988
13.5,13.771589792246232
14.9,15.16357149821124
15.6,15.286766455945326
14.1,12.984355324784701
11.5,11.669395463482942
18.9,18.124691821984015
16.0,15.621425269833708
15.5,15.15192363632923
15.2,15.616684793165405
13.6,13.995906978292624
15.4,15.154444033923937
8.3,10.835759379726369
15.3,14.118513055553194
12.3,12.480842766090063
13.6,13.727700021932833
14.7,14.568839901156025
10.5,10.538436692761024
8.5,10.010659210282029
16.5,17.375448935115855
15.0,14.662886822572545
15.1,14.620119058283308
15.7,15.413973356015049
15.0,14.781005016731797
12.8,14.462716976067895
18.7,18.01906136109028
12.7,13.430571771779796
14.3,13.56712126891216
14.9,13.754698393691797
18.9,18.950312512984965
16.4,16.467725520633394
15.3,15.94685504240988
15.3,14.997218745644204
14.0,13.853096834180178
14.7,13.70618188357912
14.6,14.833487947011236
14.0,13.755853165872395
19.7,19.08312437433051
11.9,12.433915277306369
13.1,12.97278975518202
17.0,16.328829558366124
14.2,16.210324146144558
15.0,14.839190312635765
13.6,14.678681647963458
13.5,15.598095861965703
13.7,13.44370339717716
12.2,12.261064138938309
17.6,17.685036884853616
13.4,13.058460534375627
19.0,18.31379867432406
19.5,18.59135812567547
14.3,14.406771395500982
14.9,13.759351908525787
18.6,18.48097302392125
13.9,13.306582616292872
14.6,14.009656219510362
12.6,13.076076107419794
18.8,18.936729409877444
15.4,15.186087493933883
14.9,14.3567947280535
13.7,15.315464980521938
18.8,17.55589896303718
14.9,14.800845913676312
16.4,16.135352299548686
18.0,18.26064316526754
14.1,14.137620853201952
14.6,14.48082344129216
19.4,18.68426543890382
15.7,15.52003603009507
12.3,12.17334246513201
10.8,10.797879261430353
16.3,18.143490398768336
13.0,12.307061290775891
16.2,16.04254848108758
15.1,14.752730473817792
17.5,17.60862438287586
15.4,15.48959202246624
16.4,17.03252747002989
10.3,10.47763815021608
15.5,16.09622426808346
14.8,14.743405384069774
18.9,17.749694558791816
15.1,15.346565308431309
13.8,13.221400003414601
15.6,16.713161772844614
15.7,15.490256233410037
14.7,15.623647634143708
10.6,11.35578287532553
13.1,13.110637586039957
12.7,12.520754216733621
16.4,17.076258805434918
13.8,13.691081737226341
15.2,15.019357315817615
15.1,14.696496502001537
15.3,15.390733049658593
12.0,14.158267259423155
14.2,14.515772358665345
14.9,14.548398813494714
12.2,11.42162000481403
13.1,12.311252934043296
13.4,13.053235225936078
14.4,14.659853532037232
12.8,12.708674351219088
11.9,12.115380633826135
11.3,11.084460720885545
10.4,9.986186051144614
15.9,15.452484865661972
12.6,11.835698378214147
14.6,14.839565908390796
17.7,18.09590305580059
13.1,13.464106267507304
14.1,14.070010542640375
15.1,15.075564034486888
12.8,13.207952034892514
14.9,14.876960178360605
13.9,13.423074030932185
13.3,12.882626143371454
13.8,13.858045345928986
13.6,13.796652542660013
9.4,10.11236852966249
16.1,16.474985873086553
12.4,11.52289946246674
14.0,14.203846236434401
11.3,12.076005080336472
14.3,14.913217398181587
11.8,11.917856356187258
14.4,14.670400513452478
18.1,18.31320118153235
14.3,14.448245163745014
14.1,14.507568083956357
14.2,15.103869974984264
14.7,15.107838992844336
13.4,13.07339014869649
11.0,10.827080033021048
11.9,11.545005783991655
13.2,13.030644194430351
15.4,16.04794246685924
17.0,16.835711569965497
14.4,13.824512532824883
18.2,18.286813369049923
14.9,14.949009000007209
19.4,19.271118161064805
19.3,19.317118761711754
13.2,13.42782198623172
15.4,15.295758426538669
14.1,13.705665608911659
16.1,15.761761888661567
14.9,15.10636315739248
12.4,12.340593818458728
13.2,13.129167245355347
18.6,18.853207850130275
16.5,16.620130455761682
8.6,8.648464797937777
14.8,14.367768010793952
11.9,11.395788829599041
12.9,13.412373022030806
17.2,16.821031001512893
13.7,13.997186562424758
17.3,16.670107793692296
16.1,16.2281001721567
12.4,12.983125123922946
13.0,12.842374616127927
16.1,16.705658384307753
13.4,13.42360001441557
12.3,13.217033803113736
7.5,7.182538281311281
13.9,13.317040860303678
13.0,13.039892837492516
15.2,14.919403816777049
14.3,13.248611073940992
13.0,13.83878107639066
16.6,15.290390916377874
13.3,13.842105766530949
15.1,14.533941119763767
13.1,13.737742348312167
15.2,15.011461897640402
16.9,16.927663970676804
18.0,18.714145886042388
13.6,14.414812064995203
18.5,18.60331209853757
14.9,14.736829153995131
10.0,10.20864587937831
15.3,15.13545393705499
14.6,14.424660470249364
13.5,13.190922773435886
12.1,12.581079226778456
10.5,11.432495043845847
18.7,18.538052292416978
13.4,12.809737574949395
7.4,10.840595139190555
14.2,13.734401228022762
11.1,9.591252833255567
18.3,18.492101138981525
12.8,12.551322137354873
16.0,16.468988401131355
13.2,12.644712350098416
12.6,12.22817102872068
13.2,13.25267796913613
16.4,15.210373665671796
12.7,12.800507177633335
17.0,16.533326290198602
11.0,11.76781885141827
14.9,14.453875001199776
14.1,14.153297126365942
13.1,13.110192808206193
18.2,18.25801167904865
13.5,14.128791910217842
13.8,13.641155253862962
12.5,12.715742873609997
13.6,14.125436778180301
17.9,17.07067572584856
17.5,17.7012162443134
15.7,15.123579106677425
18.4,18.292708887543995
15.8,15.56409448957129
16.1,15.902481120705488
11.6,11.196084325725678
13.0,12.853678140905686
17.1,16.882876151294113
15.0,14.762361691129627
11.1,12.85885250827414
14.8,14.229833976860391
14.3,14.790765716403257
19.5,16.85877176062786
12.1,12.26894097297918
15.6,15.441742940733093
12.0,12.196669530356303
15.6,15.156484600061958
16.7,17.018866657592298
15.5,15.303473507687158
14.1,14.149925764504587
15.1,14.715552535257302
13.9,13.861042104428634
14.1,13.596073403896298
16.2,15.69452970086786
10.5,10.509352289402159
15.0,14.615233190648723
17.6,17.803771400620462
15.7,14.253835808573058
14.0,14.001078823726857
12.9,13.164572288747877
18.4,17.206818409555126
14.3,14.657439721186165
14.4,14.905211987352232
14.3,15.249628575227689
14.0,13.853802141413325
13.7,14.277672138239723
15.6,16.143803582977853
13.1,13.233508507633815
15.0,14.478701114236173
9.5,10.335963898833143
12.9,12.479558571300004
16.0,15.53404613942621
14.5,14.758222816686612
19.1,18.18505457957872
14.6,14.639459225121755
14.6,14.985242719340022
12.2,11.80067784836865
12.4,12.685469465039205
15.1,15.552534564998496
15.5,15.169450249031797
16.8,14.53625106351683
10.7,10.255924673227128
14.6,14.383039613201618
12.4,12.288539606204722
12.1,12.2870149029186
14.1,13.873642047867179
12.9,12.848996819549939
12.8,11.738518762256717
13.5,13.635573690728052
13.3,13.268662212183699
12.9,12.72589968520333
13.6,13.48403861321276
15.8,15.966962739592418
18.8,18.052259057352785
13.2,13.205787293209141
14.7,14.696519131979585
14.7,15.208571827679407
14.1,13.814622076897649
14.9,15.026320362323531
8.1,7.993451570742764
14.9,15.00099119558945
14.3,14.285262390829303
16.2,16.290678734410903
11.2,11.084598328801803
15.2,15.429475160228321
12.9,13.298642698693584
14.8,14.650714323190186
14.8,14.599196645664051
16.0,15.896622795058647
14.5,13.952764589164872
11.9,11.739485601778142
7.8,11.800012466032058
12.5,12.307787007903244
13.9,13.852785197062985
15.0,15.547666699443653
15.0,15.787924474809188
14.8,14.299048509361455
14.0,14.362199626601068
19.4,18.72052575997077
16.4,15.653860077203717
14.0,14.163738972798456
10.4,13.340570141124772
11.3,12.100514786583517
13.6,12.75110612120261
15.0,14.731301977590192
17.1,17.305235113337403
14.9,14.923651296820026
14.8,14.50676368988934
12.4,11.814870940579567
14.3,14.265488042321522
11.6,12.242413089727052
10.8,11.055229538178537
12.6,12.848405395143345
14.2,15.326408743843785
14.5,13.993033125883812
15.4,14.631626145826885
14.9,15.267374127912262
15.6,15.052249864416808
14.7,14.368509561987594
15.0,14.709873302228516
14.1,14.70190710327006
14.0,14.539498271580669
14.7,15.397337653426803
14.8,15.875414647101934
11.4,11.296404257416725
14.5,15.245556109395693
14.7,14.661643393948907
15.4,15.774303489088197
11.6,12.892022954300046
18.2,17.130302036737703
13.4,13.144419984993874
14.8,14.922888418281218
12.0,11.822967786167283
13.7,13.818530376656781
15.0,14.68079186993964
14.8,15.297468863198446
13.4,13.18064109532861
17.1,17.470640636594908
15.8,15.269491200335324
15.8,15.79419269255959
13.4,13.84618691515061
13.5,14.033472586370408
15.8,15.20178936971206
13.8,13.908565894234926
14.2,14.574013528676005
15.1,14.928396314295242
12.1,11.550679677224252
15.7,15.702480481815655
15.1,15.555454443703638
14.7,14.617801267395407
15.1,15.32959911736907
15.3,14.320432405063912
16.2,16.259755914652487
15.3,15.229331917333184
13.9,14.0708203559916
14.2,13.848465138260508
15.3,15.301190145401051
15.7,15.257171182049206
13.6,14.05271675795666
15.5,15.087380410113838
14.9,14.623900909093209
13.9,14.19458962153658
15.5,15.416818451689323
10.4,10.819311766070314
16.8,16.360444100315362
7.6,8.458203597809188
15.7,15.409479739988456
12.6,13.927786590764299
14.1,13.631887235183967
13.2,12.458042900747387
10.4,10.52189081395045
13.2,13.495680977273878
17.7,18.344469577161362
13.4,13.764985972142313
13.7,13.387489656626713
8.0,10.299066322468207
16.3,17.60922934737755
16.3,15.964403664052952
13.4,14.314592170878313
14.6,15.268408354924759
11.1,10.476157503100694
17.4,17.406510408211034
13.6,12.54169451785856
15.7,15.309518829686567
14.8,15.067746436441666
15.5,15.433157137304079
11.5,12.064462263777386
15.4,15.220452377518086
16.8,17.330437788914423
13.8,13.300854976929259
14.7,14.498421956202947
15.7,15.833953570050653
14.2,14.390338343102485
14.2,14.15843710975605
15.5,15.217823320504976
19.7,18.69205266071367
15.1,15.109292324781563
13.9,14.231001422454938
13.5,13.376468440634198
14.8,14.854419535593479
15.3,15.083976024126969
13.7,14.389643170106865
11.8,13.200869271968259
13.6,14.918459958920721
14.3,14.161007857215736
8.2,9.129988616507035
14.7,14.66504779281422
15.1,15.101280565464549
15.1,15.058125733456109
10.8,11.041644111188361
16.2,16.27203003530485
15.4,15.393355757842073
16.4,16.98605987688643
6.4,7.582677570055239
15.6,15.734651478618616
14.4,14.677906788361724
14.4,14.652431275637355
14.8,14.703198436647654
16.2,15.963637488053791
15.6,15.100131304876413
14.9,16.164962035956705
14.7,14.60759106009209
15.9,15.818435437038715
19.5,19.043123470903083
17.1,16.89462581909902
13.5,13.511402119329432
13.4,13.765505416176893
13.7,13.430943849903997
14.4,14.27778805771959
14.6,14.913324028504576
13.8,13.016328449069988
15.6,15.312253776610305
14.5,13.85930504242424
11.6,12.245617482083617
15.3,14.921555689972593
15.3,15.045752794627333
19.8,18.13681615877431
16.9,16.81411157740513
16.9,16.844617519385793
16.0,16.034248654355906
13.8,13.558726288116304
14.5,14.519320164799865
15.0,15.282177983426664
16.3,15.882243192434544
9.7,10.585035341675393
13.4,13.67143961697002
14.3,13.736771713858616
14.9,14.667930266441545
14.0,13.746530419943156
14.8,15.362374039599672
14.9,14.350466110385241
14.9,15.336744668937172
14.8,14.83855089271492
14.5,14.185133616241728
14.8,15.511063326781368
12.9,13.152751063578762
15.6,15.08926898156642
13.9,13.455940535175614
14.2,14.832558872469235
11.4,11.13229317398509
14.9,14.899000937930396
15.2,14.984835873794509
14.2,14.66429396604508
11.1,11.351796033472056
15.6,15.306931144172268
15.2,15.172734744468471
19.2,18.664310028485488
11.8,11.436239456175826
18.0,17.50401467744632
14.9,14.752074493473629
14.6,14.842046544508776
16.2,14.083435944110533
15.7,15.477212461672025
16.0,15.970341704061866
19.0,18.469295400223928
19.5,19.21800712037657
13.3,12.910219069861341
16.0,16.040350916970056
14.3,14.033669347758405
15.8,15.595672022434883
15.5,14.910383907499636
12.2,11.871503287478845
14.0,13.750236645100813
16.2,15.472150898800464
15.4,15.346607403065718
16.8,16.819264414603822
18.4,17.590026088582817
15.0,14.843645206958172
16.2,16.684896465041675
15.2,15.402914938109461
15.4,15.223069919644331
15.2,14.66529193355018
15.9,15.84476736481156
15.3,15.41228245612001
14.0,15.128204303968232
17.4,17.045613853020768
16.3,19.20843348960625
15.0,14.371313078969251
17.9,18.112176117603667
15.4,14.780555519508198
15.2,15.398004850463622
16.7,17.218990185356233
15.2,15.146679427089111
15.9,14.966826812596992
16.3,16.26297608055029
18.0,17.38391154119745
15.2,15.78954574931413
15.1,15.10964980578865
13.6,13.743985568195058
14.0,13.924543072462257
14.2,14.80296673988596
14.8,14.670679977134569
14.2,13.744663879222571
11.8,11.709859807859175
15.7,15.509400621347595
15.0,15.738180061947787
17.0,17.287104156217538
15.3,14.807700579200173
13.0,13.065443433937617
13.3,13.140012814488728
15.7,16.00730308308266
15.0,14.082858266401672
12.5,13.566040070727468
14.1,14.015241293705913
13.9,14.100028376094997
13.3,13.375096537689387
15.1,15.251405288174283
16.2,15.807540765094018
14.0,14.807905843947083
6.7,10.610469957282476
15.5,15.490206670241605
13.2,13.50720905547496
13.9,13.006275240884861
15.5,15.38596621277975
15.4,15.547610432640795
15.4,14.846139465254964
13.2,12.838542458955999
13.8,13.742496969847707
16.9,16.415076176752336
15.1,14.956051549175754
19.1,18.505747427843744
14.6,14.47059457602154
16.7,17.01246748509584
15.3,15.223380673523934
14.9,16.603927124058828
14.2,14.209720021199246
15.3,13.03989500447642
13.3,12.751024175002385
13.2,12.737233683641534
14.1,14.462319001693686
14.6,14.665682215403649
13.2,14.511024605453713
12.4,12.344581131124869
12.8,13.185349418781698
13.7,13.683541738195345
15.5,15.565805359101432
17.4,17.486288690855872
10.5,9.025126776774414
14.2,14.117850252179778
15.9,15.631731047629728
15.3,14.596941318151949
13.0,13.623995860514697
17.9,18.247086275718175
10.8,11.677728623093572
14.2,14.423499505330255
13.5,13.391038724430473
15.6,15.298269704915583
7.9,8.944447357673198
14.3,14.22059046369759
12.1,12.409804347902536
15.6,15.696105026232544
13.4,13.197999287542189
13.6,14.124588445096379
14.0,14.013587281049695
14.1,13.796074784477241
15.4,15.190373090910725
14.7,15.323214250383899
13.8,13.835534968937282
12.9,12.810330447478918
15.7,15.076292878686218
12.3,12.265085869003087
14.4,15.043099405578687
14.3,14.374493646319024
17.3,17.638469492725562
12.2,13.58369233988924
16.3,15.42863029219734
12.2,11.772243755636737
13.2,12.685494585311972
15.6,15.319863629123574
14.9,14.011283406871371
16.1,16.147034092449758
13.5,13.060624289239058
14.3,14.046501138262101
15.6,15.725227687849838
13.6,13.491355698293773
11.5,12.376730799558572
13.6,13.753011563792825
17.0,17.13460185940494
14.3,13.606550983884517
13.7,14.224077473720172
15.1,14.888155865750377
13.3,12.970618415391073
12.8,12.446618633321123
16.0,15.945092484354973
14.8,15.54340010303713
14.7,13.44513742327399
14.3,14.536136198876193
11.9,12.063917055318598
13.5,14.71662077086512
15.3,14.821467364763521
16.3,16.543044547106547
17.9,17.52427204855485
17.9,17.929853616456967
18.3,18.400561040791217
15.8,15.437399071961408
16.7,18.723014054899977
13.6,13.548850408405997
9.7,12.78537544739629
16.6,15.614959031059698
15.3,14.880429954879219
13.5,15.135113957279827
12.8,12.9591152156936
11.8,12.437952907785075
18.9,18.216452770633623
12.6,13.422718066140078
15.6,15.394066170607402
16.6,15.228942820045631
18.4,18.19070715107955
11.3,13.759756951336385
14.4,13.485906135645564
14.1,14.310983619012404
14.6,16.113768000010168
13.5,13.253116741751
13.4,13.1021918982442
15.3,15.604327982313407
14.5,15.715156485766784
13.5,13.014876194070894
11.8,15.910809800494462
14.1,14.102138958744035
19.2,18.94445241446374
15.8,15.638372097255342
14.9,14.985032805619994
19.6,18.585332865419332
14.8,14.681225954147521
16.0,15.650737165069586
16.3,16.354122046162956
11.5,10.694538167997962
16.6,17.222656617406756
13.9,13.846653564396547
14.1,13.355306617624592
11.2,11.902917809964492
15.2,14.937348437844776
12.3,12.961876282701269
14.1,14.456618846947094
15.3,15.126530637964606
17.8,16.308987193799112
12.6,12.59368075185921
12.3,12.768087370117428
12.7,15.384001149999676
10.3,11.215885270677973
15.0,14.625079087039921
15.2,17.28482121412526
14.9,15.152158816496012
12.4,12.220410263747908
12.8,12.891884576471057
10.5,11.240364066907205
12.6,13.911400550045073
15.8,15.15542062869281
14.6,14.534901741775684
15.0,14.659609646449098
14.8,14.136154049396282
19.7,18.395586969330907
14.6,13.173254413239192
14.8,14.926063734324998
15.4,14.81355877354872
15.9,16.13749402459507
18.7,18.451164454279933
15.6,14.687806579342578
14.4,14.410554406931624
12.5,11.851917477557436
11.9,11.726126765206573
16.3,15.360789101090631
12.8,13.41942452127114
14.2,14.323616304453026
12.0,12.474788141527824
11.4,12.269372142116481
15.2,14.948548538322939
13.4,13.138752324448433
15.3,15.216889519098913
11.6,11.563085355126532
14.3,14.463608220685273
14.9,15.302575310954126
15.0,15.17351842642529
19.5,18.45586729462957
13.2,13.053796511085238
14.0,14.696669514130917
15.5,16.237972216596972
15.1,15.751325755147263
15.4,15.46358449143554
16.5,16.611840815661708
12.9,13.042439490673132
13.6,14.298586670251098
13.1,13.867513700160998
10.7,11.08204737433698
11.5,12.946761242637876
14.4,13.92524928525745
11.4,11.930404255894246
12.6,13.191016298893373
15.0,14.984406216826756
18.4,18.440341831097612
8.1,8.828690919210203
13.2,13.886998690350083
12.9,12.93980315956287
15.9,15.692121558487997
16.0,15.62194246595027
16.2,15.602776065701619
15.0,14.470197508053388
15.5,14.894940347661759
13.9,13.600651574965013
18.4,18.196444254019298
11.6,11.983306160371285
15.0,15.180602455657208
15.3,15.427169282807881
13.9,14.663670845684464
12.5,13.105890880804509
14.2,14.785864755191142
15.0,14.422197910520481
14.7,15.072831290832255
12.9,13.458495753002353
12.5,12.815483754267916
15.8,15.839038087404333
14.6,13.966617440441041
12.8,13.119083976318507
15.1,14.30162152761477
12.1,11.25044081787928
14.7,15.081627692416077
16.1,15.59284375840798
11.9,12.545701986644417
14.3,13.964773731277091
17.7,18.4044792377681
16.8,18.028067017527064
15.7,15.086284011504176
15.5,15.951660312188324
17.3,17.686714752824628
15.9,16.244919746786763
15.1,15.348719541478204
14.3,14.83173339620771
15.2,15.775167903280817
11.6,12.036355043412186
14.8,14.006049885447283
13.5,13.306810898822732
11.4,11.081863362109289
13.8,13.51482764922548
12.6,12.126553989102831
17.8,18.43942759092897
13.8,14.077492908894783
15.4,15.571318376343697
13.5,14.545747170312097
16.0,15.692025378717517
16.1,16.79323521583865
13.5,13.549177281212906
14.7,14.996138819347834
13.7,13.278958072187379
14.7,14.889706201312947
14.8,14.804172305972315
16.0,15.84504923375789
15.1,14.887076056056685
14.5,14.181465091111022
14.1,13.459064017049968
13.3,13.220151732417435
15.2,15.232395534025272
15.1,15.12461475236887
17.8,18.35939750613761
14.9,14.661777045141207
15.3,15.407548157178098
11.9,11.72406763624167
16.9,17.0329441317881
14.6,14.48214588261908
5.2,7.2274780912885035
12.8,12.877296134091011
15.7,15.469796227480401
13.8,14.698496867407812
12.5,12.515486660355236
14.7,14.36345566084492
14.7,14.341292227909435
14.2,14.690658793982948
15.8,16.009199831278238
16.0,16.284131452299334
14.9,15.123559529834893
15.2,15.110025467238302
15.2,14.85937275564902
16.4,15.818150586332195
15.2,15.998514828796033
18.6,18.21956725468044
15.7,15.093202735297382
15.6,15.505521255763597
12.0,12.4989589874167
13.2,12.309090685506817
15.1,14.940759192977566
10.4,11.460589934955351
15.7,15.295062118559144
14.5,14.812227224037997
19.6,18.99251427143463
12.5,12.554497771838214
14.3,14.108691256784368
16.9,14.959933110585553
13.2,12.872928995868278
13.7,14.76402447034161
14.5,15.087828308143798
15.0,14.60550835626782
15.0,14.557995760991616
17.0,15.565550064788113
14.5,14.317320849368116
18.4,18.070770994199847
14.6,14.721005224331748
14.9,14.679738889492
12.7,12.79485538150766
14.9,14.801148844067939
13.2,13.647488649530715
16.1,16.097421866259538
18.3,18.697269966498425
11.5,11.253229962661862
14.8,14.889502870442811
18.0,16.876271045650356
14.5,14.922952463941328
15.5,15.362538947083522
15.1,15.588754273430823
10.0,12.171777868876234
18.0,18.165604140282085
13.0,12.868898022861686
16.4,16.90145983855473
13.6,14.406655398313887
14.9,14.869187902519116
15.0,14.795928523355542
16.4,16.014878210808092
15.0,15.18445694789989
13.2,13.787867040809942
15.6,14.955902924819384
14.8,15.918279795965645
14.9,14.154225867561763
15.7,15.610861108660174
14.3,14.353302853472997
12.1,11.713747268833686
13.6,13.324244341172744
13.6,12.93605495482916
13.2,13.0188736978198
19.5,18.74489100948267
14.5,14.263440261478536
19.4,19.3651692813728
6.3,7.789741188054904
19.5,18.963689755211817
14.8,14.516492293827469
16.2,16.13289171158067
15.2,15.318512885325617
18.1,18.61946342390729
15.2,14.981265844984591
15.5,15.392976461094804
19.4,18.62430319629493
18.5,18.997333927894942
13.8,14.237041608430445
19.6,18.838346494245343
18.1,17.983185298275203
18.0,17.88217157134204
14.1,14.242945179928938
15.6,15.612417667511181
19.8,19.645746325564687
14.3,13.866935013211332
18.4,16.991609566528496
15.7,15.546203497824536
15.2,14.189502710389206
12.9,13.533117022019724
18.1,18.745011929539032
13.6,13.631663830776233
11.1,11.67001694184728
14.4,14.099523468441475
15.7,15.76805480022449
17.7,17.58175423234934
14.3,15.070249469081318
13.8,13.6561356583843
9.5,10.02632056522998
11.8,12.668611854085611
13.6,14.351717765879584
19.1,18.619363977923058
14.9,14.850680974428542
19.5,18.905058295145864
19.4,19.148822098752134
14.4,14.655285663888208
14.6,13.864847470831592
11.2,11.161389607994352
13.0,13.595548771205358
12.4,12.97018620648305
14.8,14.715807826432865
15.6,15.755022985720643
19.2,18.188245288052713
13.3,12.423756391675852
17.4,15.459166140008165
15.9,15.204303918231744
14.4,14.203676804580027
14.4,14.732369355042465
14.1,14.054080275327578
16.5,16.39812800832442
18.9,17.19680411333684
13.5,13.065282207855489
12.6,12.724592053913511
10.9,11.900858685694402
14.8,15.010717316559749
15.5,15.064798272534972
19.2,18.216019220883027
14.0,13.762819547762774
14.7,14.801914214654971
14.8,14.012558433169033
17.3,17.093222819967195
15.7,15.603110235184431
15.2,15.836661695706425
15.2,15.293913741628785
15.5,15.240693663712591
16.2,16.840173118194798
15.7,15.12060164634022
19.3,17.985304048634134
11.9,11.94182414424722
14.7,14.126243071281351
13.4,13.140845662972424
15.3,15.102250080090016
17.2,17.27269923791755
9.2,10.62768827858963
16.6,16.166128708573524
15.7,16.230422678494506
16.0,15.765272278047632
18.8,18.39568319063983
14.7,14.400049681662495
13.2,13.460383620316861
14.8,13.536200101492796
19.7,19.204120260779746
19.4,18.22945058795449
14.3,14.363712645164924
13.3,13.209944771864684
17.6,17.166662130883196
12.4,12.467528836394195
11.1,10.683148526470177
16.1,16.825480330910068
14.3,14.351160408114083
12.4,13.197284710622625
16.9,15.516364863404306
15.0,15.221804197968595
15.0,15.643182893632911
12.2,14.223925971862627
18.7,18.141012857158785
13.7,12.879979757301044
17.9,17.919263892108575
6.6,7.865657885442488
14.0,15.077075794077246
13.6,13.59357974154409
16.2,15.780514727375703
11.3,11.105329646496102
13.8,14.742223085224396
17.9,16.536250201868825
11.5,11.075540720834397
13.9,15.634277807919716
15.6,15.618326761948992
14.8,14.953444789780406
11.7,13.08611781464424
17.3,17.339535260747653
12.2,13.026809867238626
15.4,15.866465796749253
12.0,12.883304385526571
19.7,18.9390199239715
16.5,16.17839030874893
15.6,15.311698169767624
15.1,15.159214736515423
14.6,14.449735602654982
15.0,14.951271059057035
18.5,18.505725989933126
16.0,15.547417033987585
15.2,15.383004056486243
17.2,17.163506081582454
15.5,15.38691153943364
15.8,16.45213285306818
16.9,17.04464400614961
15.5,15.069283563905628
15.9,15.386809244868346
15.8,15.489152298283443
16.2,16.058707373274956
15.4,15.111047684797086
18.3,18.17070126440376
18.6,18.525358436687384
15.0,14.87852330802707
15.1,15.23947101397789
17.4,16.80310442532027
15.9,15.902201935798075
17.1,17.391644065093715
13.4,14.010228624625597
14.8,15.460531177435769
19.7,19.24764224345563
15.1,14.851586790347937
18.7,18.406135850935243
16.7,16.78517419801574
11.6,13.340178677230142
16.4,16.265453217871254
13.2,14.042052056785906
19.9,17.903719796890073
15.6,15.549238088966376
12.5,12.13478645219584
16.1,16.840078440873185
18.2,17.825638681963028
14.4,14.629529647490926
15.7,15.114206362253753
16.4,16.29842095449567
16.0,15.285494855696015
19.6,17.512419421051163
16.7,15.743700801685918
15.9,15.633572779770475
15.8,14.996809100965038
12.7,12.617157068074448
15.6,15.801058260891296
15.9,15.299098560237326
15.1,14.769826332572848
14.6,14.532411791704362
14.8,15.044757500032574
12.4,12.386740188769181
15.9,15.993373109919048
15.8,16.02642929959984
14.6,14.451628777445876
14.0,13.867228954215534
15.3,15.19048131292584
15.1,14.697410201159073
15.5,14.96357241171063
14.5,14.36941162084986
16.3,16.276348461586167
15.5,15.707475683248049
16.0,15.823447360999126
14.9,15.415615712612635
15.2,15.069831288132264
14.4,14.504004619724583
14.0,14.553416751499753
13.7,12.91911445435835
14.7,14.843412795598852
15.3,15.392705828795442
11.7,11.850319814810064
14.4,13.978810099943075
15.6,15.657298898200679
15.2,15.20441758713423
13.7,14.081332803238183
15.0,14.743496626499109
16.9,16.068781629641308
16.8,16.503255303274273
16.4,15.605404798989184
15.3,15.327893921774375
14.9,14.231532892681571
16.4,15.688848002057057
13.1,12.916825350548606
13.7,14.520338359801826
13.6,13.837983585010079
12.4,12.066119950672146
13.6,13.811591288336786
14.2,13.517202261078637
17.4,17.700033445988083
15.9,16.09634455118794
13.4,13.973577337514143
14.7,15.850460333182127
11.2,11.976724374340847
12.3,12.105693438199523
17.3,16.425562399381306
13.8,13.405490284698317
14.3,14.234170415264089
18.5,18.356051201175433
18.9,18.437413215404376
10.8,11.682193342305254
17.5,17.611660848895553
14.6,14.552472658775514
14.7,14.706302011094522
16.6,16.564747142550914
16.1,15.638904799197917
16.1,16.522502055420773
17.3,17.33049768442288
14.6,14.502444142650347
12.9,14.151307815103792
12.9,12.404196373536251
17.7,18.35995818002266
13.2,12.268826340776286
13.2,12.531529273052001
12.6,12.19477487448603
13.9,13.941835273031757
12.6,12.329631847303972
14.6,13.813513681001496
15.4,14.917643004009733
14.6,13.396429182670545
19.5,18.20262787232059
15.2,15.08876846046769
16.1,16.514857839691103
18.4,18.269359010271728
18.3,17.96325410786085
11.0,11.471806199406274
18.6,16.83600835778634
11.4,11.741588626930024
15.7,15.208348378771916
16.9,15.886437389766797
14.8,15.443458187064607
8.3,8.598941120202653
17.5,18.03242941464123
16.2,16.748588540707715
18.4,18.357725485082483
15.8,14.749607738081977
14.1,14.020740279174788
15.3,15.073890851086617
14.6,14.18454983985066
15.0,14.865045639598975
16.0,16.530929575572372
15.0,16.318597278994275
19.8,18.30490543245105
15.1,14.85249002187993
18.8,18.22964397276519
15.9,15.98366727863322
10.8,12.294404760265024
14.7,14.124940989364404
14.4,16.490273224160774
14.8,14.446383226430044
14.5,14.395884923666017
16.0,16.11274697794579
17.8,19.326374492549803
14.4,15.262777509720763
11.7,11.821230157573154
15.7,15.974074315454345
14.3,14.48205595012405
18.4,17.92592002058882
14.7,13.68526509334697
15.9,15.810686244512908
15.2,15.63729018680533
14.4,15.141451189303552
18.8,18.542519290582277
15.7,16.573093170973152
10.9,10.960698229726404
19.7,18.34269930082155
15.0,15.104703388456983
13.3,13.206831207498908
11.5,12.03763591230745
13.5,13.891025282326154
12.8,13.65149705382646
11.6,12.603224753111135
16.9,16.161488350189757
14.6,14.296629230608232
12.1,12.982328181446064
12.6,13.104714349610731
16.1,15.717834320443217
19.9,19.188571555918315
15.8,16.076563091366552
15.1,15.507341582757363
14.8,15.000480867864098
14.9,15.045347898101681
6.9,7.859740850981325
13.6,13.895206833287375
14.8,14.927119044281426
15.4,14.91431808780726
16.7,17.667655857861973
13.0,12.575536809570622
19.5,18.861404362833127
19.7,18.786389848130057
16.6,16.425986372865736
13.7,14.098116382578155
14.7,14.834394083653024
12.5,12.924717959715053
14.6,14.198266891360618
15.3,14.764147463405607
19.2,18.17014427599497
15.5,15.352914374365355
13.8,13.73936402585241
11.8,12.512989619372092
14.9,16.44765731683583
15.4,15.984898863942362
14.5,14.610926541605295
7.4,7.793760044354713
13.0,14.23311931691751
16.1,15.938052682497073
6.3,6.843987166066654
15.8,15.723725295218173
14.2,14.334794197817246
14.7,14.495981455605943
14.8,14.23464750070707
13.1,13.03685692293584
15.3,14.738886081850069
13.9,13.669206535883859
11.7,12.29208366991952
14.7,13.788613517244812
13.4,12.513683748198673
15.7,15.480982195789693
10.3,11.878951878927182
12.3,12.013106367376167
14.4,15.60355387558775
14.7,13.859911839848792
16.7,17.26152384924353
12.4,13.174217006220715
12.0,12.824278173677158
11.7,12.094060451112455
15.4,13.969349250808591
12.9,13.338418585481122
13.5,13.91302735652971
12.7,12.754008277493995
14.1,14.042411953676492
15.1,15.21459782711463
12.4,12.768251476576552
15.2,15.178074077382917
12.9,12.731264266330982
13.8,13.533676997059956
10.6,11.469765343645122
9.7,11.019358566554729
15.1,16.032316644814273
9.5,9.70334156183526
16.8,16.503859275166178
14.7,14.169019899190971
13.8,12.917362543288618
14.5,14.09054212947376
15.6,15.458432201347023
11.9,11.533325347991195
13.5,13.425863616197603
13.4,13.028034074202878
17.1,17.37005392095307
12.2,12.252758409071248
15.0,14.802695275277074
15.8,15.337694225745508
15.6,15.054032559914049
18.9,18.324610597017454
12.3,13.010412419760542
11.9,10.994078123476356
14.3,13.785505151550751
15.5,16.632125703428756
16.3,16.832780133001506
14.9,14.596199441555655
14.5,14.581353160538129
13.8,13.472618304847856
19.2,18.0275158638251
15.8,16.368385778530865
16.3,17.009962348616682
12.9,12.486123039299855
12.4,13.360129331762437
19.5,17.377194179338403
16.2,15.489110224181786
19.8,16.972456615854753
15.1,15.165169275589506
15.6,16.433920583251165
16.2,16.59340403774695
15.4,15.252829099277733
16.4,16.27862620507949
18.6,15.086865826076973
16.2,15.730884122196585
18.8,18.302345949865412
12.9,13.35015452769585
14.8,16.180160383337352
16.1,15.782103120887768
12.4,13.521756216276117
14.7,14.401950819446938
12.9,12.688398824713659
15.5,15.355642620357685
12.3,13.097394858050393
17.2,15.885365089634433
17.5,17.50697759061586
16.0,16.189353879963164
15.3,14.510687545349356
13.9,14.940051334880991
11.1,11.91653323994251
13.6,13.312249147624243
11.3,11.731181950162863
16.9,16.42173853359418
14.8,14.551410798711004
14.8,14.804506920194399
14.1,15.70865738356224
18.7,18.649938199283497
17.8,16.997920226771384
16.5,16.542292321995774
17.0,17.132853015966248
14.7,14.703151414985768
11.3,12.384956398211216
17.8,17.45924824726535
16.1,16.469401420778013
15.6,15.315403200947912
11.8,11.223218741070013
15.1,15.262669356165134
15.9,16.281031498423545
15.6,15.252208922178397
10.1,10.23734247428365
11.8,11.326660097925924
15.3,14.941265354838833
13.8,12.733819497578224
12.5,12.4333736114786
14.7,14.50242829733179
15.4,14.394643292675028
12.1,13.94959996259422
12.9,12.807309433352202
13.0,12.720142123147525
14.6,15.079227181209717
12.1,13.899049092025962
13.3,13.01426872864613
17.2,16.688326653500553
12.6,13.87696881586453
13.0,12.467125541577843
10.8,13.724052566860337
17.6,16.839317746518645
15.9,17.11622244774844
14.9,14.968784797369153
15.0,14.658854535256978
15.0,14.381092722474932
19.1,17.245706091169268
13.6,12.67615266161738
14.2,14.57630006686668
15.7,15.119483232614584
13.6,12.866050096199615
11.6,11.906953541067196
19.3,18.08397938183043
15.8,15.706925456557656
13.5,13.086150511597225
16.1,15.533504036196973
14.8,14.53810595095274
15.0,14.941811998927733
15.0,15.154434834519634
16.3,16.49241763612372
16.1,15.757165852730395
10.2,10.44268838345306
15.1,13.920106911624316
15.1,14.99121311907038
17.7,17.273014847713057
10.0,10.630033523630118
12.7,12.707855020737043
19.2,18.334971051488537
14.5,14.910360951034818
18.2,16.385192392976023
18.2,18.390279212384485
19.5,17.855597061745357
18.3,18.002042575652013
19.9,18.189291227899957
12.7,12.424006852470484
12.8,12.645361625414807
15.7,15.631502148509753
14.6,14.536169717586745
12.2,12.278140412119683
13.9,13.363889147702139
14.6,15.485044081695378
12.5,12.698853455269273
11.9,11.143742029322311
12.5,12.308327741779067
9.0,8.006187852064613
14.0,13.83264306784804
19.0,18.817454059026204
13.6,13.933383980504004
12.3,11.220061321859248
13.1,13.245273377629928
14.5,14.91441689193016
15.4,15.872480865742546
11.1,11.909926407854073
11.9,12.034697163500823
13.7,13.533556570680958
5.5,8.569175393786281
13.3,13.833526040631114
12.8,12.782634038390825
12.2,12.832266661775066
14.8,14.53943140283809
12.7,13.076524913520188
12.1,12.316833088872954
10.1,11.337827368522994
12.3,12.164771839161403
11.8,11.222720781923272
14.8,14.457222127355635
11.9,13.06207701121457
12.9,13.408172127208672
11.9,11.842626317607937
14.0,14.428206124401186
14.7,14.99524564575404
13.3,12.809774830937386
15.0,14.709220428369008
16.9,16.823945173819084
11.8,14.12972749513574
10.3,10.701269079523627
15.2,15.076982396247331
17.6,17.047813885030337
16.3,16.075213690579403
13.6,13.862604470690712
14.1,13.71452501645399
6.9,10.603092310659122
13.3,13.451650490314933
11.9,12.30442932783626
15.4,15.101712774820044
12.5,12.17398269494879
12.4,13.554215352458414
16.8,16.296583832961915
16.4,15.952896073395095
14.6,14.894133248424623
14.7,14.921562096969865
15.2,13.700235288008116
19.1,18.90461412796867
12.3,12.76648499906878
11.7,11.815995967830531
15.1,14.72623748020851
14.2,14.965719034633366
16.6,16.749444621658768
16.4,16.48123858348481
17.1,15.213830628665164
17.4,17.112359507766087
15.8,15.661043186897587
16.8,16.77856455489382
16.1,16.764575641216652
12.6,12.894193982967408
15.1,14.360305586164031
18.0,17.453950757626444
14.6,15.103009128308258
15.7,15.350528990838939
16.2,16.16950824443302
18.6,18.283435798075516
14.0,13.613933940316201
15.1,15.141021736566472
14.4,14.965613754136939
14.3,14.186280495414394
14.3,14.311985719730728
16.5,16.012528443083283
10.2,10.708385362147965
14.5,14.426524137175875
15.0,15.35514922207767
14.3,13.958927073665109
17.1,17.774514629214536
15.9,16.10472811166983
14.5,14.675645791983698
14.9,14.69664544299303
13.2,13.181992490106495
14.4,14.735787309318766
14.5,15.193087887164438
15.8,15.445754675456556
15.1,15.220665598993946
16.6,16.097147972694074
13.3,13.183388115201524
13.9,12.810852290480398
12.3,12.95599510136526
15.3,14.597188648116571
19.1,18.57191086388775
14.7,15.397843795653898
13.6,13.563677476544399
11.7,12.251676605406828
11.9,11.775244048272725
15.4,14.791174054756993
18.7,19.043153416656423
11.7,13.403796886559576
12.4,12.285633100778796
8.4,9.340728209994268
16.5,16.743306622744058
17.4,17.60846378052338
14.6,14.947804121409717
18.1,17.109703518624883
13.1,14.074124491893599
14.4,14.405274118398665
15.6,15.420998712073924
16.8,16.103615743957562
11.5,11.351573203341104
8.5,10.207102804270107
14.1,13.543364848417696
15.3,15.533610447775573
14.4,15.364529113889148
15.4,15.394069055619184
9.9,10.076781242038123
16.3,16.09949228038022
14.5,14.131523159041535
14.4,14.887281949479075
19.9,18.299411995976698
13.3,12.566979265338887
14.1,14.50843092877767
14.3,14.249713625380537
14.3,14.139054301456781
15.7,15.909793438448105
19.7,18.23393083566043
14.3,13.29531817365205
13.5,13.135447736596689
15.9,15.665085346554406
12.3,12.270850972219705
15.0,15.194143418979365
15.8,15.083147838828154
14.2,14.351202315170667
14.6,14.541487007722026
12.0,11.471874790964648
14.3,13.910702029830645
14.2,13.265207055781502
19.7,19.102963714976795
10.5,11.606885685094312
15.2,14.343429708160329
15.0,14.548063479334814
16.9,16.824283255438786
17.6,18.404587963130325
17.0,16.938059559674002
16.0,16.328788675309625
13.0,13.320993551780703
18.1,17.930393247195752
13.5,13.376229575314937
16.8,16.842548190965317
15.6,15.39459079602966
13.0,13.479386732040439
14.9,15.560729528064257
16.1,16.078522404495743
16.3,17.383555785461795
15.4,15.482905746122924
16.6,16.731312968797283
19.3,18.82245929457713
13.0,12.97112359062885
15.0,14.967948467179667
12.4,12.129818708082894
15.2,15.175023580202833
16.6,16.453899186803028
19.6,19.181968616088852
15.0,15.0247598796268
17.7,17.590992708253907
15.3,15.022397281332815
13.6,13.639912450278644
16.1,15.804660623565724
19.0,18.6316926573636
14.9,15.003765550471144
14.8,14.379507465200732
12.9,11.88398484161371
15.7,15.419785350386519
15.4,15.23568042232364
14.7,14.381171287521283
15.3,15.376116503528465
11.6,12.362239087349735
15.9,15.21287902887525
13.1,13.339681205048691
15.9,16.328830769220076
16.0,15.714726316167798
16.4,16.431180716059316
15.3,14.544905895745615
13.8,14.035570387035477
15.7,15.27926754026339
14.1,13.70596163254777
15.3,15.03229689260479
14.0,13.334187877044315
18.4,18.205654019664507
15.4,14.670965392986545
12.1,12.729357939300826
14.0,14.202507730218713
16.7,16.39556175485268
14.8,14.686583055190567
17.1,16.887574743057485
14.4,14.116495756446966
14.4,15.026112495768757
17.8,17.06705660141597
15.9,16.15020633684253
14.9,14.623791442791116
14.4,14.778711207523884
14.8,14.751183499392937
14.3,14.068157153262291
14.0,13.695131951626536
19.3,19.31304582618759
13.8,14.327349815153866
18.0,17.61593776155496
12.0,12.243164989980869
14.0,13.566702327283565
12.2,12.231789441604633
16.5,16.956408883212134
12.3,12.2399544845739
15.6,16.320522162397538
14.6,14.615428954071831
14.7,14.084281442061183
15.6,15.69860564078408
14.4,14.167570176537993
15.8,15.470570097852033
11.7,11.730796160612954
9.6,9.553950335510308
14.3,14.959724332205951
15.3,14.912776502111228
14.8,14.899248353773146
11.5,10.885919450462097
14.0,13.369384166042437
12.1,12.767583257809747
14.2,14.083750265010167
15.6,15.238710521749454
12.0,11.477431102248374
13.1,12.92196942132432
14.7,14.711325180749554
12.9,12.99779709248105
14.1,14.021716790492064
13.3,13.260484901926247
14.7,14.502297416038346
11.2,9.920454886367224
13.5,13.193834165524095
11.5,11.928743790718727
11.2,11.670513896708144
11.8,11.952962104987819
12.8,12.018171833828092
12.3,12.215714334888617
12.5,11.839549146217905
12.7,12.508016239618883
13.0,13.48081321149948
14.4,14.542928269573167
15.8,16.06752351785326
15.7,15.960722517193062
15.2,16.475179638597183
16.8,15.85140624925225
16.9,16.21017521827889
18.3,18.508003523107618
16.3,16.21566617438657
10.9,11.02461957972264
17.7,17.144398414562602
14.3,14.266438340389868
13.6,14.120129815506516
15.2,14.992953086737543
12.7,13.074714519112604
13.5,14.874976934595907
16.1,15.567537162423832
16.0,15.071187342842677
11.8,11.448646872828249
12.0,11.6510361614055
15.8,16.200669475048926
16.7,16.663768535130657
13.0,13.43211625755066
16.1,15.448012465643842
16.3,16.36172834422723
13.1,12.519940487516578
13.0,11.903973033011425
19.4,18.711694851750508
14.7,14.393901706998804
13.8,14.1331806609669
14.7,14.710562201958965
14.8,14.62519377013814
14.6,15.25151753335922
11.9,12.2048122631968
14.4,14.468613913049921
16.1,15.84915387856745
13.8,13.74018157079081
18.4,18.484212960582227
14.4,14.153102031646995
15.0,15.526629655854777
16.1,16.287181938590948
16.7,16.17289285419247
13.8,13.70083737699315
11.8,12.016414570243796
12.1,11.883600651897723
15.7,15.669713814422721
11.4,11.162739762163255
11.9,11.859790388436522
12.1,12.202592657504283
14.0,13.568773215869442
11.7,11.758896371815354
14.2,13.826538164314115
15.2,14.786186177720083
13.0,13.049108665145468
11.5,11.368071778473677
13.2,13.807720537064597
12.7,12.877969996945467
13.9,14.176268533687107
15.0,15.060956421748415
12.4,13.417528641733952
17.8,17.46747348489589
12.3,13.067684393783566
10.9,12.51908512425689
16.1,17.06718663929496
15.3,15.843117671553046
15.8,15.524585729959654
16.3,15.83303765506571
14.9,15.198918338748626
17.4,17.431237750250148
16.6,15.441575276840013
19.6,18.15744074556278
14.8,12.94960043620631
15.4,15.28956711574574
14.3,14.310346349800966
13.9,14.022318984643789
16.0,16.3324626896283
10.0,9.321282708609942
14.2,14.099273701547645
16.7,17.525884255592246
12.5,12.616996138938703
11.4,11.753324389806949
13.8,13.004738035408081
15.5,15.182890620304534
14.1,14.108332153118681
16.2,15.710473412182182
14.0,14.199839595879894
17.9,17.166576005902243
17.2,17.25118240469601
12.4,10.856603026069934
13.8,14.282285375578795
14.3,13.96795874342206
12.8,13.03341671103044
11.6,11.41443486470962
17.5,18.504573965561576
7.8,8.352896065451205
13.4,13.011254654120421
17.9,17.839607713220175
15.9,15.493701828940175
16.3,15.827138191758422
12.8,12.607195859076455
15.5,15.10328729241155
15.1,14.890682781120631
15.8,15.447640622354811
16.5,16.329935775807826
15.6,15.19696654944346
10.4,11.726252997177653
15.8,15.830246623161656
14.3,14.21217685906413
16.2,15.780294044758193
18.2,18.391014258413634
16.3,16.22087618257501
12.2,13.565052369434852
14.3,14.13280647497595
19.0,19.00678278804844
9.6,10.419194826190505
14.0,13.736235583322923
14.9,14.99838483039639
15.6,15.1770876107621
14.9,14.556759847590001
17.7,17.306726177601377
13.4,13.297590826026862
17.9,18.03261266177651
18.4,18.039355232409434
7.7,8.881720329780364
14.1,13.884030450470163
15.6,15.35849260102259
13.9,13.49358040880179
15.4,14.613157445885008
15.3,15.00719835437485
19.2,16.148414359286107
16.6,17.120377567072865
16.2,14.584355763367057
13.5,13.151546728913672
17.1,16.345821762515698
16.3,16.191401308460627
14.8,14.323356938140932
16.5,16.278450848010834
17.4,16.5834798507276
15.0,15.603818060422782
16.7,15.978654596023262
13.6,13.892912365670782
14.0,14.413550261873752
15.1,15.039491123956395
11.5,11.89415270387326
17.2,17.47483574038779
16.4,16.383001667039935
16.2,14.227107951010112
13.5,13.353282565949485
17.3,16.90897493387456
17.2,17.43913909884577
13.1,12.994409472448751
16.2,16.25242109948158
17.8,18.762424024462234
15.3,14.993652239754738
17.1,16.937913427529566
15.5,15.109503099185531
15.1,14.894736343441764
17.1,16.63969401543727
12.1,12.108829457109096
15.7,15.707463670172729
15.3,16.157850850751856
14.5,14.499823398131412
14.3,13.994940173230134
15.1,14.2853328033234
15.0,14.55698106600903
15.3,15.581763156915258
9.4,10.54180900764186
13.6,13.096163316862658
14.8,14.095079404389253
16.5,14.966986746527255
13.3,13.364043977082474
16.8,16.74865450221114
17.2,17.775866023584967
18.3,18.103524811012903
14.6,13.784619649353772
16.7,15.602229135900416
13.3,12.90309786565922
16.9,15.706417580950074
15.5,15.280905222462025
13.5,13.317829744806659
17.6,18.17940855512279
17.9,17.471922314322
15.4,14.906010558945127
8.2,8.226741361781023
13.8,13.25355700973887
19.1,18.905801857617917
15.1,14.527596462110523
13.5,14.00403627081323
17.7,17.370216344599612
19.0,18.623002743988764
15.0,14.445008606451665
11.6,10.030009512760444
19.1,15.832975354336668
15.3,16.84334599794238
14.2,13.763841587031493
12.3,12.500566216273
16.6,17.56248852101271
16.6,15.830507144306466
15.2,14.531115998455789
15.5,15.985797624132829
14.9,15.476112042117165
14.3,14.490111431194237
17.9,17.42130527072004
15.4,15.909427269614753
17.1,15.66361581732599
14.2,15.461878272853937
16.1,15.816753503895598
16.0,16.811793026634405
19.8,19.060733655816875
19.5,19.134004811930936
19.0,18.76728259283118
17.1,16.7652804532554
18.0,17.707825388322817
18.6,18.577993456681725
15.9,15.691803158464609
16.8,17.668416168438853
18.0,16.945672816509614
15.4,15.66347608511569
15.5,15.238969194120727
14.6,14.690223057134062
14.7,14.038577071323743
9.9,9.880413885810412
16.0,15.673154299758608
13.3,13.354445428212784
15.0,14.576907665512408
10.6,10.191161601629574
11.7,12.062197136110626
14.4,14.38092862133999
14.6,14.683408515998963
14.7,14.267773213679902
13.3,13.027267579454929
15.9,16.388487381627783
16.2,15.420260286016855
19.1,16.986337066078704
15.2,15.786876647973259
15.4,15.362995841307566
19.9,19.425342899252428
19.0,19.09833080592216
17.8,17.208090854488546
16.4,15.806226665794384
9.2,10.040977556054713
17.8,18.085634802788263
16.0,15.899441156885587
15.0,15.414929155293066
13.3,12.853693016717443
12.9,12.553216700733174
15.3,15.042085716704605
14.8,14.791837918368401
17.7,17.853085220092908
16.1,15.442217646868812
15.5,16.900911566859577
14.9,14.605881332307035
15.5,16.4795998804766
15.2,14.07845557978726
13.5,12.82142842077883
14.0,13.762433389085345
16.2,15.806552325058874
18.0,17.475003551182454
16.6,16.45896717061987
14.8,14.570338564692065
17.6,17.52840005332837
13.2,13.492058120144065
13.7,13.44745272421278
18.9,18.438346945971716
15.9,16.796931647346355
14.7,14.342091524038551
14.5,14.363145312905544
15.6,15.586477731761988
19.7,18.21546716312878
18.9,18.87670461059315
15.3,15.347545622475081
18.0,16.444075818324563
14.2,14.537780975664646
15.2,15.13465672021266
17.3,18.403391157014994
16.4,16.111540534002415
19.9,19.13561202841811
13.7,13.642076449268643
18.5,17.950531407434028
19.4,18.744403375894763
14.2,14.29177410696866
15.2,15.070866449183086
13.0,12.554533001384698
16.1,16.57710952288471
16.0,15.859785994660342
15.2,15.458112024323782
19.1,17.903733490034938
12.7,12.68655665309052
12.9,13.199016670281708
17.4,16.889462655759417
16.5,16.418888409622014
19.5,18.87113436794607
13.9,11.784709680709057
14.5,14.537300538013369
16.7,16.925170308652014
19.3,18.258817703375826
11.5,12.27197091068956
16.0,15.444621810951503
13.4,13.114093012150988
15.5,14.500673347938573
18.6,18.646196992878686
17.2,17.29155826882925
15.8,15.878030520369066
14.8,15.458694549830398
12.0,11.702463446592446
14.7,14.781948905088939
17.1,16.405010013259016
16.7,16.201197561167646
17.3,16.443064321938436
17.2,17.513712774743908
15.1,15.247504498844137
16.3,16.285282796947286
16.8,17.470166532613803
14.8,15.079519663722749
11.5,11.715490402129944
10.8,11.355540062621003
16.9,16.925503166770795
19.5,19.171518346032826
15.9,16.06383168478351
15.2,14.474296103115194
16.1,16.48604382541089
16.6,17.01105406896386
14.9,14.902104581153253
15.6,14.855201844999101
17.1,16.638917432346716
16.2,15.671632335568574
15.3,15.035638817818835
15.3,15.763420550472802
15.7,14.880618706496534
16.4,16.118206922255922
16.4,15.937767978033662
18.0,18.25254691313603
18.2,18.31113230154733
15.3,15.232950345991412
16.3,15.726520873882691
15.6,15.865685381548246
15.9,15.684584377879219
10.8,10.923561302101007
14.3,14.855867076981667
17.6,16.518092402344337
14.7,14.994035290292231
14.2,13.903893836948555
15.0,14.873837192169958
15.7,16.348576885196962
15.3,15.204906231401765
10.9,12.184152812464163
19.0,16.27108881319873
18.1,16.651780749933096
18.2,17.183671627601143
16.5,18.085555214434862
15.5,14.952389089143253
18.5,17.606278908182503
14.2,15.543097305926494
16.1,15.685721364563506
14.5,14.93594649899751
18.0,18.081284437506838
18.5,18.751741133950418
15.9,15.758541133487597
12.6,12.256886133021908
15.8,15.156780661433004
16.4,15.772920568799236
19.8,18.9936252910411
13.5,13.59141015518071
18.0,17.668131130660186
12.5,12.266420416219262
16.3,16.83692422354943
11.1,11.007371313346084
16.2,16.03303396454794
16.9,17.487238336150767
15.2,15.526901507510047
13.8,13.918987546279823
15.1,14.331851209368324
14.8,14.071133862807983
15.0,14.971613606903702
14.7,14.48417739139768
15.0,14.34867910601315
16.9,17.333217418577988
15.7,15.850727507116972
15.8,15.361559702956583
15.2,15.030468895623926
17.4,16.9244226050796
12.1,11.19109839387238
15.5,15.502088205132168
17.6,17.74289513970143
15.1,15.126900724557345
15.9,15.596626919344999
13.1,13.193431906285696
15.6,15.407912577822572
16.1,15.993774431080965
11.9,11.782761449634563
19.1,18.99576900273678
15.7,16.166072973828705
14.5,14.772521595892613
11.7,11.925092228691938
17.5,18.146595501020784
19.6,19.37704219482839
16.8,17.16735583508853
19.4,19.014441091756453
15.1,15.555666039326752
13.5,13.254693325321568
14.5,14.31971314898692
17.1,17.574178143549943
11.1,13.12214558571577
17.2,15.775106914865319
13.3,12.709499217104167
18.1,17.389892743056407
18.7,18.147338433220284
13.3,13.426677025854588
14.2,14.141623711620923
11.6,11.590847052550089
15.0,14.887947145849466
14.1,14.515610924863722
15.0,14.970634827128379
15.6,15.481375426403247
12.0,11.696520523139043
14.5,13.801285146153532
18.9,17.1572287404324
7.6,9.482358389301226
18.6,17.06352204547693
13.2,13.257829133712221
15.8,15.88117696016343
16.3,15.933425172930583
15.0,15.123450532460993
13.2,13.697561873676023
18.8,18.920027143176412
16.0,15.72885051954654
13.0,12.320897146011703
19.6,19.05732516795979
17.0,16.976135225995677
13.2,13.955807441205252
13.2,13.107258465170162
18.2,17.959522793535143
15.3,14.554164888540981
15.7,16.016727672627894
15.5,15.929010158593883
19.8,18.98186928316136
13.8,13.812332530884305
15.7,15.44529353058897
19.5,18.374386920710094
15.4,14.26031145037814
15.4,14.303265333757736
15.7,15.964435546819004
14.3,14.436522371834144
14.5,14.762029899604386
14.8,15.02254087739857
12.5,13.479220456210896
15.5,15.347964107088046
11.6,11.740636589063797
14.4,14.401408229896333
17.9,16.807485524826916
16.0,15.310679244692437
16.7,16.2679622098276
18.3,17.55733859265456
15.6,15.853609141544439
17.8,18.081673380569555
14.5,14.085940284017852
8.9,9.97405292536132
13.3,13.281514996429905
16.8,16.998409676423762
19.2,18.7287714293343
17.3,17.447517722001066
18.1,18.507154200051446
16.5,15.568835786694763
14.1,14.164155824986665
17.1,16.075464766967343
12.7,13.374928493693005
14.2,14.497459141450236
18.6,17.0756681409257
11.6,11.097044415480923
13.9,13.684323876339477
17.3,17.678698605523095
14.7,14.630041438475018
17.9,18.306313461987884
15.6,15.852188875171123
9.1,10.938908531272318
13.9,14.097340237145545
15.6,15.859879614552483
18.8,17.584370514610782
19.1,18.33764700892789
14.7,14.27335097201285
15.3,14.934539676905842
14.6,14.67982176741316
13.7,13.476483693782939
19.2,17.472641379601555
14.6,13.849853094608989
19.6,18.730125364498235
15.3,14.868091506621568
18.0,15.467439898426164
16.6,15.61722631502198
16.7,17.359751409792807
16.8,17.154759872384602
14.5,14.330242982847267
16.8,17.069828728213906
15.7,16.098713880172
15.1,13.840999824198661
15.6,15.239083120541181
13.9,14.58795138457208
14.3,14.58413801822826
15.5,15.180970595582039
16.2,16.69665912767232
6.8,8.777552896179259
13.8,14.474208250874653
18.7,16.084480147983413
15.2,14.678833854724871
15.5,14.835261226689909
13.6,13.03311034818762
14.8,14.626485496257374
15.6,15.617907358770026
12.9,14.099135489936089
15.2,15.159553416422568
10.4,9.750502519193105
14.8,14.594232514675241
15.9,14.888277857855428
10.5,12.286104746875935
11.6,12.862362352665514
16.1,15.91043123999043
16.2,16.50332752414397
13.4,13.439412520150654
15.2,15.280729219841305
12.9,13.495677746701404
16.0,14.505463220993988
19.4,18.943179430090822
11.9,13.0805859232496
17.5,18.204968303019996
16.0,16.331647694067215
15.3,15.233239212160697
19.4,18.516150320007
13.1,13.546578231795138
12.7,14.08558219470433
17.0,16.418601388621028
17.0,17.447336330951657
18.0,18.11619113404595
16.1,16.35600787959993
15.9,16.157773318132968
19.0,19.113605886377627
16.0,15.889216901967302
15.8,15.25693910883274
19.8,18.884565173531882
13.9,13.831601849160506
18.4,16.421895745126676
15.8,15.460478733060881
17.5,17.55026160890702
16.7,16.89919517749513
14.4,13.996506602212321
14.1,14.307783420168562
11.7,11.432900194849935
18.0,18.247434952136246
18.9,18.642120250107837
19.3,18.907308526482666
18.0,18.206867926419363
19.1,17.91664197517457
18.0,16.949286081740865
15.8,15.335756197702722
15.9,16.699494986081845
7.0,8.515620609803591
14.4,13.933469422801863
15.4,15.136159045505337
17.4,17.15383044144255
14.1,15.601059576263651
14.4,15.08049233147176
15.6,16.44303098184173
11.8,13.261954325897022
11.9,11.822040847939206
15.8,16.17285884476223
17.7,17.717860925360583
11.4,11.821997384889983
15.4,14.732284372694266
14.3,13.959973624965642
18.5,19.019567104172893
13.8,14.760632803978297
19.1,18.539075500482795
16.1,15.16962798671193
17.0,18.070850078853255
16.0,15.813296328677097
14.9,15.047774916753042
15.1,15.341014394536614
15.6,15.669094964454416
10.8,11.856339881313033
12.1,13.165306272338057
15.6,14.97757223210283
15.8,16.789611120693735
15.1,15.294217321603355
15.1,15.105551139544332
14.7,14.87106592708733
18.7,18.582620805769693
17.3,17.98034350033049
17.8,17.274964132229798
16.4,16.470163037301973
18.3,18.241746801300906
15.4,15.238249330916005
16.1,15.20230967178577
15.8,16.31938884243391
13.9,13.981727244361537
17.1,16.9301907721092
12.2,12.07788197696209
15.2,14.91153725166805
16.1,15.248766886856174
19.0,16.520107549969907
14.3,13.72588592977263
19.2,19.084467050241074
13.8,13.57669662632361
14.0,14.45331382290533
14.9,14.881262247421546
18.1,18.293333945061022
16.7,16.999099834123626
16.5,15.899753239296842
11.8,11.394236501291743
19.0,18.961708195944084
15.9,15.56666167633739
15.7,15.659471858269171
15.5,15.408393892976164
16.1,15.902284248812066
15.3,15.15991712603136
15.7,15.194774774980033
18.0,18.341648193541914
17.9,16.534439991111867
15.0,15.178022116364446
16.6,16.370561781186552
17.1,17.53802011341031
13.4,13.358810886420542
16.3,15.892330479515294
14.2,13.698488574649673
10.9,11.317536143702455
14.8,15.009641712123994
18.1,17.605802763311658
13.1,12.906993468874134
17.2,17.566635394083278
12.8,12.073627590900287
8.2,10.580172676884104
15.1,15.199955225692975
13.7,13.278510217176517
16.0,15.98753564987419
14.5,14.719201840609458
16.6,17.17096710149781
16.5,16.403796505415812
11.1,12.029121036961442
13.7,14.289438963143766
9.2,9.665910232492024
17.4,18.083852300042054
16.8,17.239152810216183
15.4,14.752913266944233
12.9,13.638033082010224
13.5,13.348119064379716
14.5,14.87016470337403
15.3,14.871429005288519
14.4,14.471114647545619
11.0,12.513284026605106
12.3,12.86117327568354
14.0,14.091100720461327
12.5,12.562710220809095
16.0,17.288644869084237
8.4,9.519418626499828
15.4,15.259756935909536
13.1,13.468772003343474
14.9,15.539110514688218
14.6,15.571058632216591
8.9,11.215385799150681
14.7,15.441455642725487
9.7,9.738050182291772
14.1,14.505037366958277
15.4,15.282045856525656
14.2,14.995622239250224
13.5,13.324923203559592
14.4,14.725022233149502
13.7,14.678096531022675
15.3,15.188483888603514
15.9,15.53211588549675
16.3,13.692669314681552
12.4,12.178809425153304
16.2,16.785413060126302
13.3,13.00985957762532
10.3,10.108443893259391
14.7,15.262750078196405
12.4,12.42814495284074
14.5,14.099002277536783
11.5,12.830683847656474
12.3,12.901200307009276
19.1,18.118327317846706
19.7,19.072054136602674
16.0,15.41310243337648
15.3,14.738390446960693
14.7,15.217156085185707
16.5,16.32892253017053
16.0,14.908906197995748
15.5,15.00672565487912
14.9,14.349708701663985
14.3,14.439254897390128
7.0,8.015492685954086
17.2,16.018703270499827
13.7,13.529622205591295
12.3,12.551910670415964
13.5,13.621158783440478
12.9,13.037504618463572
13.9,14.188140197482426
14.4,14.40942059185545
16.5,16.857392340840306
18.8,17.96917059912812
17.9,17.08110897761071
18.6,18.72754420133424
18.1,17.82853444784996
14.8,14.938152999213344
14.8,13.801814627746353
14.1,13.129921984829707
13.8,14.420293323055375
11.6,12.142842758068582
14.7,14.076723127014702
14.3,14.394928692519898
14.8,14.855090915836627
12.5,13.364626153022982
11.2,12.704998608242022
17.0,18.33269623662636
15.7,15.601188645581715
14.4,13.884980866765545
14.8,14.380138556854945
14.8,14.027949387062108
19.2,18.78928552783327
14.9,16.74497082199923
14.7,14.783602876623263
13.9,12.359179219405632
12.2,13.132945086985274
13.2,14.033282876776866
14.7,14.206611165311188
13.4,14.142125293961726
12.4,12.997550417348975
12.0,13.442515008617193
12.5,13.203892781632021
17.4,17.293427045398857
19.9,18.71329832088668
10.5,11.63533037120942
18.4,17.954636328853667
15.6,15.741653692093678
15.5,16.09418583119077
15.1,15.16201329472824
13.7,12.49466554276296
15.5,15.574804031672102
19.5,18.723081174277468
16.5,16.299871343871928
16.5,16.124928056262434
13.9,14.38619511804427
17.9,18.76112297081272
9.1,10.914287715193495
14.8,14.928938032113365
15.3,14.209484967344906
11.1,11.828342964756303
12.5,12.494445093034301
14.7,14.668129005556693
14.2,14.378189576556906
15.5,15.171514464134816
12.2,12.17577569920104
14.3,14.577203273765917
15.1,15.432209489124944
11.4,12.907280231273035
12.7,13.046452794485958
9.0,10.071295293921139
13.2,13.592030396219343
12.9,12.479792864935007
14.0,13.561302565649385
14.9,14.417628214432625
14.3,14.384192901386996
17.0,16.79653261322528
19.2,18.854749348014593
10.9,11.315393345663324
12.6,13.56217457773164
13.8,13.37009280055645
14.1,13.827174386842671
18.6,17.87819070147816
14.4,14.678049892288982
13.7,13.310092132742284
18.7,18.10705129383132
19.9,18.914487419911893
19.1,18.873291545489337
14.9,14.957548390812008
14.3,13.926777857952402
11.9,12.097594293038128
13.7,13.13195376942167
16.1,15.985632354510017
15.9,15.819670394201239
19.4,18.83154424960958
16.3,16.68359060905641
17.0,17.0874632751802
16.7,16.24091697431868
12.8,12.719615123356562
11.8,12.129216855828417
13.9,14.240276345521124
12.8,13.701387701148633
17.5,15.839028059248449
12.7,13.2462336976605
19.0,19.34353120275773
16.7,16.958087542530848
12.9,12.56158368528122
16.6,16.7331756835556
10.9,10.541533021139912
15.7,15.68953865102776
13.6,15.491780166106764
14.2,14.337116789334686
14.1,13.627739530042163
14.5,14.64637802899233
15.2,15.06622642203547
15.2,15.063104622171522
13.3,13.324421123601496
15.4,15.524409282810666
14.6,15.57217705718358
13.6,11.03482261285535
11.4,12.020089663026738
15.0,14.757038766110782
13.4,13.944967761111911
14.4,14.260838344751392
14.4,14.663036396872485
14.0,14.49015042427709
15.3,14.57511477926164
16.6,17.66088243800914
19.0,18.53793278926605
14.3,14.66075967712095
13.4,13.883719136443688
15.2,16.47817351661797
8.4,9.400296268842794
15.9,15.852533060475253
16.4,16.458015444070043
15.5,15.334053257764026
15.5,15.475128621212207
16.8,17.317496575356927
13.9,14.333904973120298
15.4,15.078326352697331
15.8,16.0344579945413
15.5,15.279186502655648
9.1,11.944395301834447
14.8,13.873842659237198
12.8,12.722518363880226
13.6,14.06320158939343
13.0,14.288022930617444
15.2,14.957270938019064
15.9,15.787588880280964
11.8,13.449736747003044
15.0,14.891631542785035
16.3,15.762557213944092
15.6,15.201410140118242
15.4,15.461683530651499
16.9,16.507942254422233
12.8,15.149999945337186
14.1,13.82448912912514
18.0,17.149185856396798
8.3,8.978843135293573
7.8,7.85728379804641
14.0,14.15250915515935
11.5,11.370651092121989
10.7,11.42227206681855
18.8,17.131430277775507
19.7,18.98506655791425
19.6,18.31202724558534
12.2,12.953799145765515
18.6,18.011631013127044
14.4,14.034947623033077
17.2,17.228823418819957
18.6,18.757155787636293
15.3,16.078294321952853
12.6,12.955969400794856
12.7,13.245738726342097
16.4,15.864956171673839
14.9,15.05754864647497
11.1,12.159963861573488
11.9,11.730734847777057
13.2,13.82191404290461
14.7,14.36849799985066
12.2,12.039296717353864
13.6,13.548419387167087
14.9,16.077234586991835
14.9,16.556506903318223
19.1,18.94856881344458
18.0,17.424848440408823
13.9,14.107924530728269
15.2,15.317574338405393
13.6,13.625507825345267
15.6,15.965686768937303
17.3,15.729907070839545
15.8,15.021686618307285
14.1,14.343945846669158
16.0,15.983115647388331
10.1,10.14694594842149
13.3,13.594844906008802
15.0,15.237285609244282
9.6,10.3455023196002
17.1,17.033915222131327
13.2,12.993860257498454
12.2,11.882802273321431
13.9,13.625039172044126
14.8,14.275142027967377
14.2,14.767254605860217
15.9,16.00162456862745
15.0,14.914970032468773
10.2,10.850772412552033
12.9,13.569545288104564
13.3,13.303909200476483
15.4,15.387005154087092
16.6,16.857031555002322
14.1,14.41290777042741
14.6,13.477221828467009
14.3,13.746667654244447
9.3,9.938482337020105
14.1,14.73026677445705
11.9,12.013372373068705
13.3,13.804851137541846
13.0,13.920951083709951
15.2,14.501327410398517
14.2,14.273417828462698
14.5,15.439964176188369
15.0,15.539378688146826
14.8,14.605362302483627
18.3,17.57967667086632
12.7,12.512725932643662
12.2,12.162282577575752
14.7,14.814892483369476
11.7,12.690654795762384
15.3,15.012782419886207
11.2,12.235124309489038
15.9,15.917455738261197
15.8,16.055896577167005
16.4,16.24560097241556
15.3,15.382157799402194
16.9,15.961881160386838
15.8,15.069871684885584
16.2,15.723768224474043
14.5,15.886281131301075
13.2,14.524822270006553
15.0,15.424995068191492
15.2,15.234723926521838
14.3,13.65245712036267
16.2,17.56261665641796
19.4,18.475742555780016
8.6,11.203840975416824
15.0,15.140313176880227
16.5,16.45947160734795
15.3,15.280561456631403
13.4,12.981870208739565
18.6,18.858245876588626
16.2,16.607909836306135
13.8,14.273807615278201
16.9,16.273247916076798
15.0,13.350821736850776
15.7,15.081852495035491
15.7,15.423864845648495
13.8,14.773361588338958
11.5,12.158847848404548
15.4,15.523917668298964
15.2,14.678471105493372
11.0,9.914354268403258
15.8,15.503486916684778
19.4,19.15376097850094
12.1,13.014827865874395
16.0,15.543197952676564
16.3,16.28561763457037
17.1,17.19325912694694
18.9,18.357166490946838
13.9,13.833667386414163
15.9,16.146794783293444
16.6,16.48264536046554
15.0,15.42673999732142
15.9,16.263971702013805
15.7,15.766026591623813
17.6,18.01118022040464
19.6,18.11778802378103
16.8,17.800393828689266
12.8,13.628141320397845
14.0,15.070644098310368
13.8,13.370243793155169
15.0,15.756972865001444
12.9,13.526611948793288
15.8,15.48495340979207
16.8,16.45381992700277
18.9,18.60705131245777
14.8,15.65527428779751
19.6,17.720163977326592
17.1,17.37561395514058
14.3,14.421658669540193
16.2,15.95088821358513
12.9,13.469072489242535
10.9,11.03750880912412
14.3,13.24546075121907
15.2,15.216974869757905
16.5,16.761224804946323
18.4,18.48880174064834
15.1,15.432999235970783
14.9,15.20871542059831
17.8,17.76193406127277
16.1,16.158911992009962
18.4,16.857038216956425
14.3,14.960977901562728
11.5,11.36167725600535
19.7,18.696727819413354
17.3,17.34322363514002
17.1,17.20296634384431
13.2,14.31599277938949
16.8,16.010960221508867
17.4,16.729587439120223
12.2,12.827237890131073
14.9,14.86298587921192
14.2,13.726117658578005
10.7,13.040999864868354
19.9,18.806940677342936
9.4,10.670913603156805
15.3,15.035120347023621
12.2,12.1716176084592
12.3,12.893806709558703
12.1,12.244799326290376
14.7,14.554684766684659
13.6,13.587203089007744
13.5,14.547963573193556
14.0,14.310481205931865
19.4,18.330436311662197
12.1,13.504456936938368
19.7,19.20219519076636
12.0,11.681060942675686
17.9,17.591845021990594
12.8,13.142602660314878
11.6,11.773710965411738
10.7,11.53634544313536
11.8,12.27075353107648
12.0,11.880159593041753
11.6,11.69786850019591
13.0,12.688601967765862
17.6,17.980337254033657
10.5,10.209864725009538
12.2,12.188534018729115
17.3,17.820877795154956
17.2,16.674798575346358
19.8,17.50187543255015
11.0,10.71222191140987
12.6,12.33017936203396
12.5,12.607901493436657
12.0,13.06765953102149
14.1,14.629911088477456
12.8,12.284187972458312
16.0,15.973244311346207
17.5,18.162318813381717
15.2,14.50492677904549
12.7,12.420023173530353
12.7,12.570643068349455
9.7,10.53259763668757
13.2,12.563430269714445
15.9,15.96667986720422
14.6,14.795137558718125
19.9,19.194934104802087
16.0,16.021350206754505
17.6,17.395089042111067
10.2,11.178991632303223
15.2,16.395223687170073
11.0,11.554286993461574
14.0,13.4305732268258
18.2,18.569947517476976
11.8,12.310543656873051
12.7,13.613710993176937
14.6,14.388042499864241
12.0,12.131187813938595
13.0,10.908874808461405
14.9,14.495351108082104
13.4,13.40037746975213
12.1,12.087396291201003
15.0,15.260345124930609
12.8,12.551071718218736
10.9,11.242439049852692
19.3,16.578186100989114
18.1,17.539828103908803
15.8,15.244594867981505
16.8,16.60888185037038
16.3,16.523473306475353
13.4,12.955148807959631
15.5,14.960607937769964
10.4,10.74871956964489
15.3,15.898580433800817
15.7,15.93281865658355
18.6,17.054961023386568
11.4,11.734626120014582
13.1,15.503751521813683
12.2,13.044868740835227
14.6,14.515403777448228
13.5,13.98858374543488
16.2,15.787603627337376
13.0,13.446007497463142
15.7,15.790772990658297
16.7,16.701001934416126
13.3,13.393681159766857
15.3,15.558226277109497
16.1,15.875367397668015
13.7,14.818471636364848
19.8,18.38058890053071
14.0,14.837915467440325
16.4,15.84312622481957
18.1,17.415310135431355
13.1,13.426385656464845
16.6,16.46976201655343
19.0,18.46480043316842
10.6,11.236978794040624
9.8,10.344649407779798
12.1,11.537307146267267
15.8,15.545167178235715
14.2,14.360385352338199
15.9,15.8207779743243
13.3,13.002247191558126
12.4,12.232558613584843
14.0,14.369916513247517
14.0,13.47847566283599
12.5,12.119656006374498
12.3,12.402549333788556
17.1,17.821487646571768
15.8,15.518213526785985
13.5,12.948494631389622
12.4,15.545271371112904
13.2,12.91844240023056
15.3,15.047500404936727
13.2,13.460514469479676
12.5,13.04497687737421
14.3,15.17520371705541
13.9,12.915701824182179
9.1,9.937704505369766
14.2,14.557922539446736
15.2,17.27149668205311
13.1,13.116177698771935
5.8,7.033844008576125
18.7,18.424987278645858
14.2,14.572059273519699
18.4,18.026180033652054
12.2,11.249013262277003
12.3,12.309399375430075
13.5,13.357224998937454
16.3,15.683135294937529
14.2,14.498019652150106
18.3,17.24480053744628
12.3,12.388146187993698
12.5,12.743540170169581
13.5,13.600694838678464
19.6,19.320976577320835
17.3,17.11647675061249
17.9,17.940985884546535
12.7,13.424222325997107
13.2,14.086525607708609
15.1,14.59150171172223
13.1,13.156101087195566
18.8,17.753952463855967
11.9,11.82535885978723
14.6,14.258901941217118
15.2,14.618716673052404
12.7,12.997382327215746
8.1,9.954974268504884
19.6,18.098829797909275
12.6,12.720078587182797
18.9,16.975002331309952
12.3,12.869594588122709
14.2,14.331003603467252
15.3,15.45323685056428
14.5,14.563711773345858
9.5,9.372868037433363
14.9,15.210931690351572
14.2,14.413369602028979
12.0,12.374724241846707
14.3,14.93549531413555
12.8,13.158350147194142
12.9,12.65955109312199
14.6,14.211505963443415
11.4,11.272255608637352
11.9,11.273906291520689
14.6,15.230613626747072
13.3,13.336512356589083
19.1,18.09524154738756
16.2,16.829481780852802
16.8,16.09417936783575
11.5,11.628695806954056
16.8,16.875384525337722
17.2,16.247331781045432
13.8,14.11233568325406
13.5,13.305670665722573
14.5,14.654232083586976
16.6,16.717393792700022
12.6,13.941294630609264
10.5,11.054622828844003
13.5,13.280739273759536
15.2,15.264652521262178
17.5,17.886291635688394
15.9,15.92082350209239
14.3,14.012949734227732
11.7,11.882258747704327
13.1,13.053982250483386
12.6,12.986766307265498
18.0,17.399318174506334
14.4,14.60580360298627
14.1,14.603592613426372
14.7,14.328742098503426
14.1,14.150754164904356
14.2,13.758090447779978
15.4,15.761564794078367
16.6,16.058280153571104
18.0,17.82063674600795
9.8,10.410016315523535
12.0,12.326729945547413
12.0,12.511089439387433
18.3,18.070350419031456
14.3,14.533040846847143
15.0,15.169391844479833
12.2,12.575375326607173
16.6,17.542099771206267
15.3,14.738240563634463
16.3,16.32742630771827
15.8,16.342403456370448
18.2,17.87718083334039
16.3,14.90112136926109
17.8,18.338854939560406
16.0,15.727006077959231
16.4,16.642995626665652
18.3,15.659248987241881
14.8,14.924072788562626
16.5,16.447606666759384
18.3,17.704230714647565
17.7,17.45911062025698
15.6,13.837330461974489
12.1,13.130695142201148
15.1,15.18593909253832
15.7,15.292654391756514
19.3,17.96403840178391
16.7,16.322134280915634
14.4,13.841177082416834
15.1,17.669244830176467
16.3,16.53942250381806
15.8,15.568036459895666
15.5,15.0752978921264
15.3,16.126912612016895
14.3,14.364713189017493
16.5,16.453415138064884
15.1,15.038915020364584
15.1,15.277733474677007
7.6,8.72101008851314
12.5,12.215916554039723
15.6,15.954525718574587
17.5,17.312438539694995
14.3,14.471268939902075
17.1,15.007874799252022
19.7,18.818604424770456
14.8,14.456348683452234
15.6,15.321113350029918
15.9,16.171633597870823
13.1,12.325354628963396
19.7,19.392734608176397
19.2,18.85518945485819
13.9,14.04061257432113
14.1,14.197663039067265
18.2,17.831510943628018
16.7,17.6009210634802
15.1,15.358643460711392
14.7,15.124877802669289
12.9,12.349932449084008
14.5,14.19684256581786
12.6,13.485812644699763
16.1,15.818993374938145
15.6,15.212039204750909
14.9,14.821564782794667
10.6,12.101649837917648
19.5,19.00110235932516
15.6,14.770132885867497
18.8,18.95906273642322
18.0,15.043204849178437
15.4,15.122459764475934
12.8,12.910518308657629
13.7,12.880222212086665
14.2,14.585725752855069
14.8,13.352698571194196
13.3,13.44870647782227
14.7,15.024566644715378
17.6,17.883414589014137
14.7,14.95531737991223
18.5,18.25904763105791
15.5,15.614251205319306
18.4,17.315909414362977
13.6,13.816472586942837
11.3,11.196657922118902
12.5,13.694564083300065
16.3,16.15162152019184
15.2,15.680146010185126
15.9,15.757785565136146
16.0,15.943891448638169
15.0,14.684712259229855
19.8,19.29192696962855
15.2,15.21069321129471
18.0,18.15060256194556
17.5,17.93800234853188
15.2,15.08901081570366
14.9,14.627204682983574
15.8,16.046229096944444
18.6,18.763155580760213
16.2,16.242660187126603
17.6,18.403199635766214
17.8,17.557226540433476
12.4,13.19682469059262
13.9,14.413406073988881
17.8,17.61341044405708
18.0,17.9695034865872
12.4,12.736419496883173
14.4,14.13985082648287
16.8,15.055225332534974
13.6,15.039788794794731
15.5,15.225769678047072
11.9,11.800756267039105
18.9,18.64573376168846
11.9,11.894966739710071
13.4,13.876659892815951
13.8,13.465363507071743
11.3,12.54254746553488
14.7,14.445208952905887
14.7,14.626481215353124
19.4,18.835488513926975
15.9,15.355664112255909
17.6,16.631867496296763
19.5,19.163086958258646
12.3,12.39134229280171
18.0,17.309180275318795
14.1,13.645990890683606
15.1,15.145122294401517
13.8,13.818176954260707
13.4,13.456558750505792
15.5,14.852826983784325
18.3,17.699179775256198
15.4,15.657958973104542
15.8,15.198482627689373
18.6,17.976900351117365
18.4,17.179382491063734
13.8,13.850617569294627
19.1,19.111851925146766
15.8,15.316596187651157
17.7,17.634345409569505
16.6,16.379467455408303
17.7,17.93859500225517
19.0,19.4199307403469
19.5,19.529008605895797
18.7,19.136075770133175
19.1,18.708864200860262
18.6,16.093576527404366
16.2,16.471173952508252
15.0,15.521713560126955
19.2,19.059505335229915
13.1,13.355100303218933
16.6,15.785291381649586
15.7,16.5708850913652
13.5,12.842715942679206
13.3,12.806857805233449
14.5,15.144294371188153
14.0,14.35707148243091
16.1,16.895164295041468
15.2,15.046992575258628
14.6,15.082314921965008
16.4,16.467626404562907
15.1,14.877986012030306
19.7,19.247009630460525
19.4,18.60553157745744
14.1,14.88561674254015
11.8,11.777933528854192
15.8,15.927643293536676
19.0,18.660634236002807
14.9,15.187207175738877
17.7,17.747024529471673
14.1,13.62618501362158
15.2,15.429346999142581
14.9,15.2635439059286
5.2,7.57589179385468
15.7,15.653844610031229
15.8,15.610949504072778
14.2,13.996482487713365
19.4,17.941567930101883
14.6,14.295520174844569
14.9,14.576188487175386
14.4,14.52570911958901
13.3,13.138475166924763
16.6,16.722338145555113
13.8,12.856312407529913
12.0,11.882610660977662
19.4,19.38448685221374
17.8,18.32295062521007
18.3,18.384922567594913
18.4,18.85264807785279
16.2,16.165097247569065
15.4,15.246107593298802
13.8,14.366255930355692
13.5,13.801131256366716
15.6,15.389352985657752
14.8,14.666733060672414
19.2,18.418976381246466
15.0,15.227937242161715
11.9,11.256765646932763
14.1,13.86418208028772
16.9,16.915586797636934
18.8,18.92723600566387
17.4,17.10427913899548
13.8,13.617202636025468
15.5,15.59494930820074
19.1,17.981670067529194
13.9,13.843033671411831
14.6,14.535847159917466
14.2,14.938785930746235
15.7,15.008311760786455
15.0,14.556635374086909
12.8,13.824846157804132
16.2,17.484382419286703
14.4,14.053575738274958
13.6,14.055999462525506
14.2,13.776546000332019
19.6,19.280186702904757
14.1,14.456689043527149
13.7,14.739796630979981
13.1,13.72889470201335
15.3,14.999137230886845
13.0,12.72395936985049
10.0,11.613263943974744
15.7,16.415968638350023
15.7,15.809274891915265
12.0,13.120834847131846
12.7,13.051211216661613
14.3,13.915928574220743
8.0,9.341662244871259
17.3,18.085215249215253
16.2,17.110159518022556
15.6,15.326041852913477
15.3,15.248074397159144
14.8,14.513468394608935
14.4,14.664961297490663
13.4,13.95737376701436
18.0,18.196482193336124
16.1,16.35469895863207
14.4,14.70066608992056
15.4,15.472957287074678
19.1,17.805282624423853
13.9,14.361997794971103
14.1,13.81192121939057
15.2,15.30711381600122
14.6,14.5264348910423
16.0,15.637045384559315
12.6,12.38424371756264
15.0,15.630369589081965
19.1,18.927224329614546
16.1,14.944400807176862
13.6,14.284396018865664
17.0,17.43858684785664
14.8,15.011281910323305
16.0,15.505600470190984
14.7,14.663626625060715
15.0,14.611484691035002
12.7,12.139792984933592
19.6,17.408234149916098
14.5,14.507518707716372
14.3,13.946670993935186
15.1,14.769046082918067
16.8,16.033265708596446
16.2,16.071867489521537
12.8,13.490959265873244
16.3,16.18989722634069
15.5,14.782964860816719
14.6,15.278814368706662
12.4,12.555844549176982
14.3,14.058594824105967
12.3,14.037872294837143
16.1,15.77065979604231
15.2,15.174564359127544
14.5,13.246744244592264
11.7,12.202151842269814
12.7,13.232481545623159
19.3,19.29313661251217
19.3,18.298107996815816
18.5,15.976129422575468
17.3,17.351088136521867
17.3,17.08387622126611
15.6,15.550447460569558
12.8,14.001356023130938
17.8,16.691619861288927
14.4,14.807853445207002
15.0,15.309544589479628
16.3,15.404224612375401
15.3,15.96838452972952
15.2,15.18734544869767
14.0,13.367257100122515
15.9,15.30896286983625
18.9,18.030549783521565
15.5,15.616722854378168
16.4,15.978866565685166
9.0,9.670304004452191
15.7,15.601446827524342
10.3,10.875986033672234
12.5,13.762404161627273
16.0,16.423023794370238
13.8,13.285464164076984
15.2,15.404175960546127
17.6,18.18136526091257
12.8,11.894238716806285
8.1,8.42878693520106
15.6,15.991977160976603
18.9,18.603288409416564
15.7,14.647740266111214
15.7,15.355244315462187
17.7,16.47165045192014
15.1,14.86373276847371
15.8,15.667133357841522
14.6,14.860960583206179
12.0,12.160101522011246
14.5,14.970008404579858
16.0,17.0843645548739
14.9,14.991426223921735
19.9,18.434876570070628
13.1,12.404030391742708
16.7,16.093807566710893
14.1,13.80164899668307
18.2,18.22417583535207
12.0,12.262391647356708
17.8,17.069008671031042
16.4,16.76339432495297
15.3,15.368183430404315
17.1,17.039859542821432
17.9,17.7732600379386
12.9,12.728649033932015
6.7,7.13130104038828
15.2,15.41529042239199
19.5,18.64851828367682
12.4,11.786649237968959
13.0,12.110282187029952
6.8,7.948369560413994
17.2,16.579590304863814
14.8,14.397742934233975
13.4,13.691881001548609
18.8,18.758992033748655
16.1,16.184963139174215
15.1,15.000103011290776
17.0,17.290490578954632
15.7,15.914063296331733
13.1,12.902918750338358
15.6,15.969869976193877
19.3,18.84471568907611
13.9,13.64900826572375
18.7,18.15267259333632
12.0,11.078138963785022
13.7,14.507003530412476
19.9,19.359127226052806
13.1,13.366770352560707
17.3,16.93039012455847
13.2,13.071395937440684
14.0,14.352218596090097
19.5,18.34152154417825
14.0,13.924185819778359
13.4,13.516437767661046
17.3,17.84188448884379
8.1,9.032325766398571
16.9,16.72413808510464
19.9,19.584973644057754
15.9,15.715082780225202
14.8,15.03733872648445
16.5,16.32492346887011
18.5,18.026827043067897
16.3,16.38408871190404
17.0,16.353002626623493
14.0,13.537622532112437
16.4,15.663333710694133
15.2,15.437425440584775
14.9,14.97971920389682
17.2,17.370783305639634
14.0,14.66034047116409
19.9,18.127235268315417
15.0,15.705462379730307
14.0,13.700050599180031
14.8,14.632968691119459
16.4,16.781315630905738
16.1,15.80954137756271
14.9,14.808613203324057
12.5,13.21197419389864
15.2,14.43292871347876
17.1,17.274953747655672
18.1,17.568836366568576
11.5,11.971044802099641
18.0,16.723227306065382
15.5,15.52215315081412
15.6,15.453197505092248
15.2,14.943506219620758
15.9,16.12971575831034
15.3,15.139610826474382
13.5,13.396674895431715
15.9,15.953864040900953
17.0,15.850367272611038
9.1,9.929411258373875
13.9,13.701318419047311
15.8,15.74500436954986
7.5,7.668283087783493
14.8,15.256704552306473
14.5,14.67216527490018
19.5,19.165398350531177
18.7,18.38726915945881
15.4,15.600433773330224
14.9,14.60012217547046
16.9,17.688036051717063
15.3,15.850829086324666
15.2,15.482505902822595
15.8,15.816452978993766
16.4,17.320404941041488
14.3,14.42063084532856
19.4,18.66811466566287
15.7,15.672274249114707
14.6,15.223957040685491
15.2,15.62800769853493
16.6,16.70672128367005
13.5,14.174590553739108
12.0,12.134241943305824
15.2,16.01842400271562
15.7,15.46694867239421
16.0,16.241293440718437
14.6,14.592973383172648
14.8,15.329097956768237
15.0,15.210568470909493
12.3,13.016176329867449
16.3,16.056409430973872
14.1,14.663911778952752
14.6,15.28789069026243
14.1,13.176641178695718
14.4,15.239256736767857
14.8,14.72469733044636
12.9,12.900382976891706
17.1,16.74216250219615
14.9,14.648147246689405
16.2,16.34714395107585
15.7,17.341762210679008
12.5,12.899753642093856
16.2,15.967230534180999
14.5,14.573539741080822
13.9,13.812727235475904
11.3,10.917083840791747
14.9,16.362810438658926
16.4,15.986131051031407
14.7,14.14724675915204
13.6,14.638923033955507
16.0,15.493429217371158
15.9,15.9746326010536
17.3,16.79374622303294
9.1,10.98324523321935
12.5,12.482703096091427
13.9,13.676227492600447
15.5,15.310267983026279
16.4,16.462111382585135
13.6,14.187254642456537
13.7,14.992401511091884
13.2,12.968749750778443
15.7,15.620428493162763
15.2,15.364216255067731
17.9,17.73873597109923
14.0,13.56517387574786
14.8,16.903742554364726
12.4,12.779360276330408
18.1,18.259666923695477
14.9,15.604065284598619
15.3,15.578779174771626
17.1,16.706197993305977
13.3,13.381417054333724
15.3,16.1844108960413
10.9,11.77175673050806
15.4,15.605326730430534
15.3,15.823688292177394
16.1,15.13694025503355
15.7,15.885948523529805
16.3,15.996175816926552
15.6,16.09997246158855
15.5,15.6081103910401
14.7,15.662064819945954
18.4,17.613787513488205
18.5,17.75733478431357
11.1,10.9074121840531
16.0,15.50670231145341
12.3,12.42244870995637
13.5,12.75374535040828
17.2,16.562224477296695
15.5,15.511999573296634
16.2,16.37228915398009
17.5,17.96118847481557
15.6,16.54504787299811
16.9,16.700078125642904
16.7,16.09108137493604
14.2,14.269896776793757
15.2,15.132686728640692
15.1,15.178264017216861
19.9,18.89262671628967
12.6,11.932882906752639
14.5,14.239257803099463
16.0,15.960038251476362
15.9,16.118958181497874
13.9,15.117549642522135
15.9,15.293833158211783
14.4,14.338097891857615
12.8,13.941977626556763
14.0,14.466036806688862
12.2,14.035131728587658
18.0,17.07369501242647
17.5,15.994059190477856
13.3,13.898867897896707
13.3,12.483510843365366
13.8,13.888931324094301
17.6,17.217168270683032
12.4,12.645578625168127
15.7,15.40035727340728
14.4,14.29255597628071
17.8,17.852540061314357
17.7,17.744665873266058
13.3,13.812221033720562
13.7,14.350010130752707
17.3,17.2017357465229
14.2,14.243217535986332
15.3,14.926719289185712
13.2,13.025504472607281
14.8,15.217432032921351
16.2,16.36791907052975
14.6,14.738266743021086
15.1,15.466478708262002
13.4,13.71420379311894
12.4,13.081824877244799
13.1,12.900012779316967
15.4,14.961028702207841
17.6,17.674756512078602
13.6,13.727918201562716
10.9,11.517743122240063
17.5,17.032616933633108
18.3,18.626932978455443
14.8,14.89994793216465
16.6,17.32578350769836
14.5,14.348477698498755
16.2,17.120722730269335
14.8,14.829374885846846
13.1,13.541410342810195
11.4,12.239116694661789
13.2,14.06179714135942
19.8,19.45900454398361
15.0,15.041267935972428
15.2,15.290921590392827
16.4,16.09770013621892
9.6,10.477018870504253
15.6,15.663277397950878
17.8,17.31848045665538
15.7,15.869153609324712
15.9,15.633165206585545
19.2,18.292299519234803
15.9,16.463719433231745
14.5,15.09185579183395
14.5,14.086224487895379
18.3,18.395180443447316
14.7,14.979754828735167
13.0,12.95369611409842
19.2,19.117728769488167
15.1,16.136537716975
13.7,14.250211918901186
14.5,14.447395607829094
12.9,12.714254493394037
19.8,19.112726868508616
15.9,14.792693850875366
12.8,12.596085280762054
14.6,14.338899403170217
16.2,16.548338886615966
15.8,16.052087998883508
14.4,14.473543844826054
16.2,16.527587372009293
15.9,16.143952848156914
12.4,11.573607112048194
15.1,14.775209585030098
16.2,16.206826761335833
15.6,15.588206583275678
14.2,14.867624207021436
15.4,17.321187281806488
13.6,13.907509153068531
15.6,15.287758758466225
15.4,15.751139553169196
19.0,18.65749976708321
16.1,15.347234046163067
8.3,9.053792382939719
16.0,15.51431887792205
14.8,15.348654970461212
15.4,16.46752675503376
15.5,15.105884560311097
8.0,7.700581714860164
12.5,12.292030191019876
15.8,17.185210482537514
16.7,17.91771714820061
15.8,14.785191866511013
15.3,15.156443901360035
11.9,12.655251312884502
16.8,16.565640095679555
18.9,18.857657770102378
16.7,15.942419688450173
17.3,17.688873050909024
19.9,18.60580505951657
12.4,12.061927076603752
18.5,18.436033663601847
14.1,14.26402310289268
15.5,15.331397117031884
16.6,16.931592606506456
13.7,14.08381875788291
16.2,16.200215329998173
16.9,17.278138896042947
14.5,14.60883525848476
18.9,18.197996267612325
11.0,9.93694820604287
19.5,18.68314401639509
14.9,15.43489407918969
19.0,18.258530878840247
14.1,14.08001021813834
18.5,18.05712954539922
15.7,16.34644696355099
14.9,14.999126153066754
12.6,12.409333399147727
13.5,13.455940770101734
14.4,14.033327878147247
11.7,11.718151686131023
14.4,14.95386915677227
14.6,14.751419215263013
17.2,17.316842465806985
14.9,15.32052538805874
13.5,13.721525569271762
15.8,15.923180963236518
13.6,13.600209447118687
14.9,14.534833350076951
15.3,14.815602913940893
17.6,17.08276267731344
12.8,12.96011558972532
12.9,12.843571345496457
11.5,14.730270347936312
14.4,12.685244870459428
15.5,15.689346098490205
15.0,14.890536339051323
15.4,17.221000761637697
15.5,15.706783720408566
18.9,18.527542282332433
18.3,18.76598619666038
11.6,13.661771578656044
15.5,15.43274515986559
14.6,15.395312719570938
13.9,13.485828681266867
15.9,15.725917448893597
15.3,13.666585076018237
17.3,17.9774800617015
14.3,14.122964059355581
16.6,16.6328913688194
15.2,15.549652648383926
14.5,14.75855392892845
13.5,12.447565380371088
15.7,15.564814191195183
14.4,14.046236945509008
17.6,17.082705007691402
12.4,12.314247961527144
15.4,15.800634039507713
16.6,16.641055190877523
13.7,13.782999705785187
13.0,13.127813840168528
15.7,15.642843215948233
13.0,13.540896842430811
17.9,17.698913970642025
13.6,13.587282666238025
14.4,14.645370743441163
16.9,16.93763118557399
15.4,15.06402383412933
16.9,16.942015918102697
15.5,15.796755590741668
13.8,13.06994642294012
14.5,14.875706955004716
15.8,15.916327315673698
14.2,14.97056053817505
17.6,17.7656317572837
14.4,14.694862393196672
19.5,19.058138214604696
16.2,15.634913060031977
15.1,15.680109109227487
11.8,12.783694433659548
13.3,12.899410638292466
19.9,18.404526072292356
15.0,15.219443226204021
15.6,15.803081224730704
16.3,16.758444856328424
14.5,14.49010887602708
19.7,19.34847578505287
13.9,14.646182811527979
14.4,15.17011196929161
16.1,16.147085553850047
15.0,14.748809310985962
16.6,17.183533049261314
11.2,12.664470264367992
15.7,15.161593980243197
14.6,14.486319781382917
14.5,14.966929489461108
19.0,18.502642070961883
13.4,13.598517390582856
15.1,15.242540445615305
15.3,15.296750496112509
14.7,14.945621085647872
14.4,14.237266076908782
15.1,15.12955367975519
18.7,17.05676123444573
15.6,14.999338379973779
14.5,14.612039264524356
14.4,14.41385985983652
16.6,17.287311360094463
18.4,17.935944647557335
13.4,13.540318609942915
14.4,14.141681689885445
12.9,12.75953862717688
12.7,13.478532253968297
14.1,14.182909129540349
18.5,18.31758999422891
16.8,16.886853830859764
17.5,17.93000808241777
18.4,18.548440649785334
18.7,18.1192130940035
16.0,15.694557186481688
14.4,14.027901375826332
14.8,14.64584312371153
18.1,18.009360235504573
15.3,15.254934448084896
16.8,16.70444173828946
18.6,18.47312661720207
15.4,15.129192467022222
15.7,15.833428272017045
19.9,19.310112524894066
15.1,15.484854030502902
15.3,14.930508947905764
18.7,18.726516899303533
15.9,15.848454882238002
11.9,11.697448434511898
15.9,15.730328703328269
18.7,18.965699790860526
15.9,15.396931297294941
12.7,12.337948947795667
16.9,16.960227855804987
15.4,15.262567887641126
16.5,16.33546852555446
13.9,16.24112428821354
14.7,14.99816953780828
13.8,12.917003741778899
17.3,17.774710260913707
13.4,13.868030196870677
17.6,18.101438983605476
16.0,16.601839588722214
15.1,15.051249657994049
18.5,18.543860856676474
17.5,18.12207975977799
10.6,10.830038282030728
15.2,15.24478015571367
18.3,18.624876168585615
15.6,15.432556608617233
16.4,16.31613632443259
16.6,16.109383388451533
15.9,15.421900890854886
14.0,14.293895891960346
14.4,13.989791265488748
15.2,15.407350403133023
15.7,15.428768846082676
15.2,15.27096421776514
12.7,11.981709004525328
16.2,16.158679992920952
14.6,14.914510620325018
14.8,15.304457304213429
15.2,15.376326391924522
19.2,18.32762172792536
13.3,13.538486638717586
17.4,17.588795170828234
17.3,17.2165347293776
15.2,15.329665777673654
13.2,13.163796369321062
15.0,15.119814459991176
15.3,15.55057878344087
16.3,17.151788896611833
17.2,17.213013126547594
15.8,15.723773327888921
17.3,17.6386974109555
17.5,17.54784176783869
14.8,15.227321488870075
18.0,18.422738976078108
16.3,15.582027755477611
15.1,15.11186372404336
13.3,13.095033387497097
14.9,14.366353041841649
15.0,15.141937622687692
13.6,13.632980586378835
16.7,17.002738517301623
18.1,17.935890069027664
14.6,14.459564400112868
14.0,14.54721573664574
16.8,17.656623493036022
15.7,16.35432474975096
16.1,16.070573080098256
14.6,15.28854314002092
15.4,15.32809508376522
13.0,12.322651526308618
16.6,16.398940715744175
15.3,15.225786847036943
14.5,14.886365233163815
15.5,15.321936576190637
15.1,14.956823365850141
4.5,6.549219800075662
14.7,15.580642112287023
17.0,16.988280762685463
15.0,15.133435764611932
16.0,15.864618726889603
14.7,14.523318406345425
17.0,12.43642899900442
16.3,16.756111153648817
16.4,16.323030881525483
15.5,16.554150002972165
17.5,17.126129182550358
15.6,15.396934878022876
17.8,17.997318663925398
12.0,11.684656500117853
17.2,17.19453117782905
15.1,14.530461267771898
12.5,12.645626373327104
14.3,14.647754505975172
19.4,18.363681630347855
15.6,15.490791549880669
13.6,14.51825002059195
7.3,8.040214660781203
15.3,15.144194829161279
19.7,18.37742031045491
15.7,15.64729535987135
15.1,15.33482006007398
15.1,15.461891996783379
15.9,15.658851614833111
16.0,15.735378887886327
15.7,15.316126202145824
15.2,14.771991588208039
14.8,14.91176537546562
15.7,15.59808767028153
15.8,16.80607185875124
15.6,15.862766258218471
15.0,15.236543468599848
14.7,15.111399939742114
13.7,14.606546597264241
16.5,15.679055249758676
16.7,17.913788596604718
17.5,17.546407643058046
15.4,15.26875873201061
15.9,16.47395548948407
14.7,14.401893058471614
13.5,13.186308288946748
19.3,18.835216297913576
15.4,15.116751001391094
12.6,13.213344303920167
15.0,14.703302287962288
15.3,15.662552753281489
13.4,13.527907025883906
15.2,14.80660842809084
17.5,17.333670478576096
16.5,16.942325471842196
19.8,19.613757721934235
15.3,15.405283630039776
11.8,14.253573612630134
13.0,12.64666027223575
13.9,14.232393739604959
14.4,14.301971043692902
17.7,17.151760022272356
13.8,14.215222854782041
16.0,16.27930763110635
16.8,16.463199456185976
19.5,18.997859638300724
15.8,15.638546611531638
13.6,14.21281219870798
15.6,15.548756464384496
15.4,15.521982745092828
15.3,15.316244276727957
18.9,17.35205701214727
14.9,15.390720266790595
15.7,15.558302364646806
16.6,17.621642205456737
13.8,14.118186125902866
15.9,15.413919666345464
14.4,14.47537652097526
12.8,13.572250324439665
16.6,16.359704885660904
11.1,11.023805645934772
16.0,16.466623749758583
10.4,10.504355972865596
13.4,13.230289694845851
14.9,14.61888617250952
16.1,15.715732946060598
16.4,16.105448145943228
9.7,10.8501198712911
16.3,16.08147661224939
17.2,16.332519079067424
18.7,18.45601835648995
13.5,14.112487513397355
16.3,15.637777277797795
14.0,13.297250869281925
16.4,16.353702679134585
14.7,14.32661390409703
15.0,15.240449088818423
15.5,15.290528615940275
16.1,15.937594374398032
18.1,17.595443051308393
13.6,13.399867564963643
17.5,17.305778302659746
10.9,12.385797602997627
15.0,14.897210914965399
14.9,14.807000154978596
15.2,15.176535690086894
15.2,15.137763787875883
12.6,13.053065085056005
14.4,14.309961756142002
16.8,16.579005511914147
15.3,15.208894645056716
14.9,14.914860432960268
14.5,14.4617953502202
16.1,16.0382945232559
17.7,15.857401666527949
6.2,6.904311917722225
15.4,15.54499863833189
14.4,14.475290364236571
17.1,17.434094452561112
15.8,15.531212335132295
15.3,14.599114074691897
15.6,15.515111113349121
15.3,15.23344228111091
15.8,15.976988976748544
14.9,14.550482126680436
15.1,15.076862629590323
19.2,18.736175172642106
17.0,15.650820063397987
14.4,13.888351466099266
11.6,12.098871868045535
15.2,14.927537423500326
13.6,15.387703928652627
15.4,15.112480954936473
13.9,13.85799234785918
15.5,15.272975820626016
16.2,16.109574828180484
17.7,17.249487993969524
9.2,9.882755829486996
16.5,16.09438042039983
15.0,14.680904488137458
14.4,14.30734187347116
16.2,15.67927156623773
12.2,12.099608333519427
15.4,15.353371179953683
15.5,16.296877592860255
15.0,13.926198161731008
14.8,14.524182480861782
12.1,13.119486397190485
15.4,15.574346855399199
13.6,14.564311251386243
19.1,18.690373356221244
19.5,19.2948487662361
7.2,8.432124453105644
16.1,15.703437409072649
14.3,14.083193447208032
16.9,17.024756866325333
15.4,15.509718277276988
14.7,14.068286477559013
16.7,15.722800250165164
12.6,12.972447414300404
11.0,10.219589896441903
15.3,14.759328687970992
16.7,16.484137320541777
14.0,12.997488827710185
17.8,17.411756651010364
8.0,9.41895252536051
10.4,10.447674769326113
15.0,15.145061031740624
13.1,13.371016199089354
14.6,14.493522716089501
10.8,11.429403721049312
15.3,14.933132058475167
15.3,14.987696892922031
10.9,11.780988809186965
14.8,15.836547818616964
14.3,14.468637153491727
18.1,17.965517655153235
12.9,12.817579268070403
18.5,17.743427914974745
16.1,15.923104196168424
15.5,15.001534034352517
15.3,15.262965853355126
16.0,15.709856365749147
16.8,16.731156317488058
15.9,15.682001440836757
14.0,14.103751579648815
14.6,14.830701822938863
15.5,15.30168644557125
16.8,16.575956828717608
14.7,14.59296759366407
12.7,12.902321539142577
15.8,16.585781884161406
19.4,18.56021886417875
14.7,15.028440164169297
15.2,15.345746022230742
12.5,12.843887586990604
13.7,13.727965345606208
19.9,19.32862040726468
14.8,15.435028630976376
15.0,14.478537711314857
15.5,14.651129862642847
18.0,17.448609756538644
14.7,14.769182045914931
14.9,15.374244529206408
17.0,16.40956342161371
15.7,15.292231397237629
14.2,13.785373729420826
12.9,12.76428679403034
17.2,18.133491325948853
12.3,13.350236018333817
14.4,14.678370214509414
15.5,15.599033306880301
16.4,16.704806218927843
15.2,15.163259219931206
15.7,15.791749714117032
15.6,15.728029181575039
15.9,16.866386574183707
11.6,11.607000469550258
10.8,10.895948644087184
15.2,15.275979160651332
15.0,14.53261954827758
15.3,15.290176620765124
16.8,17.27871873285403
15.5,15.172607765853172
19.1,19.175015520420857
18.9,19.273520415852545
14.8,14.849053029905917
15.6,15.087289916822556
15.4,15.707018180415616
17.5,17.038023995881304
18.7,18.512188525321108
13.2,13.003511422444717
13.5,13.338797619337129
16.0,16.463597556750756
14.6,13.586377588537289
13.7,14.268828306847354
12.4,12.315629584743874
7.4,7.657071578898467
15.9,15.037479125196114
9.8,9.342112597543746
19.9,19.26425299490802
18.4,15.792327683564508
15.6,15.289543233902805
15.2,15.332677789090667
13.5,13.721423734532436
6.6,7.115682943200227
16.1,16.212245564733166
19.2,18.508888282056432
15.5,15.36314809837495
16.7,16.733402616802778
15.6,16.464150530984625
15.6,15.348216030710319
15.9,15.005347288242774
15.0,14.42787565846811
16.3,16.880146224459168
14.4,14.659599075996084
16.1,15.190039981825976
16.0,15.866467445041053
16.1,19.007820140192052
11.5,11.662383435992524
13.8,13.265866722882492
15.9,15.644761360425036
9.1,8.448080377769656
14.1,14.062644521589391
15.9,17.13875861321867
14.2,14.230249764281325
16.3,16.884981573501136
15.2,15.215673362026791
14.8,14.514496092364425
16.7,15.442661167413462
14.9,14.6374483325053
8.8,11.557280530949356
15.2,15.287601068182994
16.2,15.953549121481046
15.6,16.40907043570769
12.6,12.576972959621344
14.4,14.590925440454157
11.0,10.780095923691988
14.8,14.691817550923588
9.5,9.035541279241443
10.5,10.552569112391211
11.6,12.357338408479336
15.0,15.26576051604934
12.4,11.220233338564867
14.0,13.741740612749709
11.8,11.354828269628342
11.1,11.248833760735579
17.2,16.948263017489808
15.5,15.738047878377984
16.9,16.670516285987105
12.7,13.829051854409045
15.3,14.917942166357534
13.4,13.255992548020004
14.2,13.88641190121416
12.9,12.881113718540291
16.1,16.01852210681318
11.3,11.582779867574573
12.2,12.389389222109457
14.9,14.768592240739963
15.4,15.396013974561356
11.6,13.13571551797213
17.8,17.215507578715915
11.3,11.922460076515563
16.1,15.858607873542496
19.9,19.411642003629822
13.1,13.877506764634745
14.2,14.835470329009695
18.8,17.030874752003
11.8,11.410418855957687
12.0,12.801268119132146
12.9,12.869211759069003
15.7,15.018466690205969
13.4,13.18456540297484
18.0,17.87376344203949
13.7,13.470137611560858
18.8,18.19606080284575
14.0,14.57489705077387
14.9,13.80288163543446
16.5,16.589466748089762
19.2,18.72466686964617
13.7,13.730283646849784
14.2,13.939502316177823
11.5,11.640087111991306
17.0,17.361747232440393
14.9,14.345000899789738
14.4,13.766444290347863
16.3,16.25659533427097
14.8,14.580090489460417
15.7,16.301869107584935
19.1,18.560549657646334
14.7,15.091302140353946
13.9,13.522942686138776
14.4,14.746097556813766
13.4,12.763602091497887
14.7,15.135658413211786
15.5,15.779333763226532
12.5,12.596269954548916
12.0,12.762384547464535
15.3,15.241017257609201
14.0,15.353459033125546
13.9,14.052590535895433
10.5,10.155880936512403
14.7,14.897157504048664
14.3,14.353749800939113
17.1,16.51375626182198
17.1,17.782813141180668
12.0,11.592725146969315
19.0,17.74660250148736
17.1,17.164848546402936
7.8,7.761733883759007
14.3,14.708559214777779
15.0,15.60347734123934
13.1,13.320821298286319
15.0,14.990908427134855
16.4,17.077808280155296
15.3,15.208034169685561
19.8,18.666308246261906
10.8,11.108979476179229
15.6,15.58094598480966
13.6,14.63101930107041
15.5,15.14205498883166
19.2,19.224288074910874
9.4,10.590692002180731
16.9,17.839714300847845
13.1,12.989615338592557
12.2,12.343374548479915
16.2,15.803257075836882
12.9,13.198889174702344
15.6,16.315985420311335
19.1,17.282377367082518
18.7,17.965520080033457
13.0,12.965405795697734
11.8,12.695079611326946
18.8,17.708090772634023
16.4,16.725624243877974
14.7,15.510885577677982
13.5,13.545858254892664
13.7,15.10797899458339
14.3,14.220763655903284
13.5,13.634812484757276
18.0,18.161379892051627
12.2,11.868185981627903
13.8,13.982418547360794
16.9,16.71435839984042
17.2,16.935074080211052
16.7,16.795620142678672
15.5,16.141575671703322
15.0,16.099613613449037
15.6,15.360346927132923
15.4,15.06571780334707
16.0,15.391305096738506
19.5,18.595488748978823
13.3,13.043739753658883
15.8,14.889697349193739
10.1,11.115678106318228
9.3,10.650680010701763
12.4,12.781110874382648
14.6,14.680554363298143
16.3,17.161089426132094
14.9,15.141094785816676
14.8,14.076226782985032
15.1,14.97602068816559
14.0,13.770589653315255
13.5,13.782062150887214
12.3,12.35285832171212
19.6,18.651290101814084
15.8,15.187311240690178
16.6,16.910667908436153
11.9,11.881915392936207
14.1,14.359762871521525
15.6,15.263536921178456
12.2,12.073518074081221
15.8,14.67969913649722
13.4,13.718002823447023
14.3,13.953696385313378
14.5,14.594818200566806
11.4,12.302198225574102
13.1,13.979245292019186
14.8,14.556408325428492
14.2,14.175562996708322
15.1,15.026166836847551
19.8,19.35972293757368
19.1,15.953657075762749
16.6,16.08923950677854
15.4,15.292239959584549
11.6,11.808851038342254
17.3,16.990251872950466
18.4,18.0902458296041
8.9,9.153026373591274
16.8,16.524829413508996
17.6,17.258053420315264
17.4,16.65359456796432
15.4,15.442896003576607
13.8,13.186942356282088
13.8,13.871823364519514
8.1,9.17598517506849
16.1,16.583928015257698
15.9,15.568883875821484
15.2,15.211303100382793
10.1,10.177825096005108
15.8,15.460263702290831
9.8,9.604061609017663
10.8,11.088737719284836
10.5,9.981587516784202
10.4,10.575640626659151
17.5,17.791522092185915
14.7,14.462368496233466
17.3,16.34302354772808
15.1,15.142937203665497
14.3,13.680278394313063
19.4,19.34455319510016
12.1,11.672112888365518
9.3,10.756668885296676
12.8,12.281088405288756
16.3,16.52784912203788
10.9,11.973166183859576
12.8,12.407592461735476
13.6,13.98747697431827
12.1,13.486862965950422
14.0,13.385064142319607
19.6,18.473294363755485
12.9,13.717286465229336
14.7,14.283720582101523
11.2,10.46480667812284
17.1,16.91600239096806
18.4,18.15897235707962
15.4,15.402593682436418
17.9,17.647884487236297
16.4,16.57535018611088
14.5,14.665588762160041
15.8,15.471339115989394
14.0,14.08012273508939
9.4,9.76157870609677
15.0,15.411582842833013
11.3,10.643175832927227
14.8,14.233866382826818
14.5,14.99739844400392
14.9,14.6998877942533
19.2,18.9858826896525
14.2,13.28746481017697
18.2,18.40782593440963
15.2,15.609264913791776
18.4,18.043344797566533
14.8,15.861423463944448
19.3,19.264078815758694
16.2,14.296993189491332
13.0,12.369162902628887
14.2,14.028076441469238
14.8,14.227506336086662
16.0,16.243714835931314
15.6,15.92480916284876
13.6,13.289719209744362
16.2,16.16395268322958
14.5,14.480913176041213
15.2,14.57858098214274
14.0,14.676641137877596
15.0,14.684251866216073
17.0,16.774136332202033
19.1,18.405480726854876
17.6,17.270185087283608
16.1,15.506854757442852
17.2,17.305496943648905
15.1,15.474222109245602
13.9,13.700618266680976
19.0,18.645359339745482
14.6,14.6773919840889
14.8,14.53600608871784
15.6,15.554425422156783
15.0,15.017595506917132
13.9,13.950996622792445
15.0,14.74881713121431
15.1,14.92857271880348
15.3,15.139302406067145
19.7,18.920231532829348
15.1,15.297617514244848
14.9,14.894759750110097
14.5,14.50930588510164
15.0,15.409019282014924
13.9,13.092764497967437
18.7,18.1599063719259
13.8,14.50555369810536
12.6,12.876026424524753
12.1,11.520811559719732
19.1,14.205619660147931
15.4,15.726591931350413
14.0,13.937494491096004
13.8,13.76849549389226
14.6,15.32597856900611
15.4,15.380344191178665
18.8,19.07247567086597
15.5,15.55159178480244
13.2,13.15056881311466
17.3,16.748802779853577
14.9,15.234561327364645
16.7,16.983385297391578
12.6,11.580106773675652
15.1,14.479043194212863
16.0,15.499034393171314
14.4,14.532582311483566
14.9,14.397803360858234
15.1,14.568764625291806
13.9,13.553760125098052
14.7,14.426670760589332
11.2,11.686616638471605
15.0,14.907275395686156
15.2,15.375054551288486
15.4,15.695449078688398
15.8,16.092325639943738
13.1,13.944048573379405
15.8,15.5652214292204
14.5,13.688204126079654
15.5,15.226769100065212
14.5,14.38671874369902
14.0,14.01679227197019
14.0,14.324141455075733
13.8,14.540706891601076
11.3,11.01183821936138
14.8,14.9885597206885
14.4,14.396955831562082
9.6,10.59248930789181
15.9,17.044202604767634
15.4,15.154069749758492
13.3,13.942253363959026
14.3,14.236045543008004
12.2,11.86410971803707
19.0,19.123639093828388
14.0,14.590965961393522
14.0,14.039555870287586
10.7,10.95575464394642
14.7,13.928991868058802
15.0,16.052735097997356
16.3,16.069162857216725
13.1,13.046961216838099
14.4,13.972493541543372
18.0,18.177541070515872
12.0,14.026214544835966
15.6,15.695288086664732
14.2,14.569178054687654
13.8,13.832670055271592
11.9,12.17587405832819
15.9,16.276003378181485
13.3,14.043629704567138
13.2,13.431495389784686
17.7,17.01941477384389
14.6,14.696580724790692
15.8,13.79585012816824
16.2,16.187027409643633
12.7,13.215464041189989
15.3,15.177920715481378
17.3,17.066064907870896
14.0,13.754203990480164
15.5,15.677314370950626
17.2,17.829316336879856
13.3,13.385625320748659
19.2,18.829174433718435
11.1,10.751811183115933
15.0,15.0279972080898
16.2,16.406600862159394
12.0,11.771511216837098
15.1,15.186710117533949
12.7,13.449471903677477
15.4,15.46634174126666
13.2,12.659096467505151
11.2,11.418498950544745
15.4,15.04233112570364
15.9,15.976249036437366
12.9,13.266820032848045
15.4,15.35083756846143
14.7,13.622591982682934
15.7,15.321399264386855
15.4,14.891546851507883
13.0,13.070770558988443
14.0,13.973620187796769
14.4,14.474931068125443
10.9,11.938980257313233
12.8,13.812584619867266
15.0,15.044758814008674
14.2,14.357956467021722
15.3,15.243297126220568
17.0,16.983958244603855
14.7,15.273627128066437
17.0,17.34043946431848
14.3,14.000443957982498
15.0,14.680456304631662
16.4,15.725485452596331
15.2,15.119847969821421
15.5,15.265265833761077
14.0,14.142952337715542
16.6,15.834384079678784
15.7,15.511833819349704
16.5,16.024604784499388
12.7,12.671918853244279
15.0,15.470239678805228
15.3,15.130850245888723
17.4,17.4235375130811
14.6,15.234465595560323
18.5,18.67726571601088
14.5,14.690044200600823
15.2,15.678991642831534
15.1,15.32452843268402
18.2,16.471562901719153
16.2,15.436801107221982
18.0,17.88736911239539
18.1,16.33123401168268
15.7,15.69534353131894
8.0,8.487262296432164
16.4,16.372555208588892
13.9,14.950678991619498
13.9,14.339916088429163
14.2,13.724302171656745
14.5,13.993297553242883
14.4,14.208596891228808
12.9,12.381980067473705
10.1,10.332383642322384
12.2,11.682388193323277
12.9,13.219675228581764
10.4,10.758079013205133
11.5,11.80779635894578
12.8,12.60660588333485
14.2,14.12543142987488
14.3,14.634766399183718
15.0,14.596425285788428
14.1,13.149723851645831
15.3,15.034236621053424
15.1,14.227766001829877
12.3,12.230067938508
15.8,15.399301306795678
15.0,15.319390373222632
18.1,18.63555536675267
13.3,13.081009433662985
15.8,15.011581951810513
14.7,15.241089758148519
14.2,13.896403882390587
12.9,13.122694963298272
14.1,13.845929839648306
11.5,12.489179994154256
12.8,14.090999923504569
16.8,16.003053679771256
14.7,14.375302660922898
10.4,11.611052261374425
14.5,14.36762776580872
16.0,15.770293477489759
10.3,11.698365594027564
13.6,13.167946012537868
16.7,16.975030859641265
15.8,15.41598288341629
14.9,14.93990546927671
15.2,14.710762083348527
14.0,13.756032288627466
14.8,14.938194439455401
14.8,15.135019832348917
16.3,15.556992668047315
14.8,14.728843386445078
14.7,14.892814921680838
15.8,15.283940159255508
14.7,14.899008378852159
13.8,13.900842829698377
14.8,14.624219216178972
14.6,14.347380919731222
17.6,15.713999719475396
13.8,14.321449951215982
16.9,16.69328507359569
9.1,9.858859569416381
14.2,13.47740727692144
16.6,15.884112168219872
13.0,12.307373717980227
14.9,15.534503126829804
12.7,12.77323604898993
15.4,15.272806443128502
15.2,14.924267407084699
12.6,13.026385071658297
15.4,14.906600810911186
15.7,15.851660834567156
15.1,15.965897001471603
13.0,13.25932201294927
14.1,13.157115111418534
13.9,14.321230684552575
11.7,12.424314040195895
17.6,16.83550654688588
14.7,14.901808810944203
7.9,9.49280757427914
11.9,12.448304672085214
9.4,9.936456291412469
17.8,17.73645632120315
17.7,17.560957896166656
18.2,18.020245423569577
11.7,12.254332864147727
14.7,14.199981539830333
19.5,18.81822876683873
13.8,13.479094784066547
15.0,14.755865084531251
15.5,15.573398297128733
15.1,15.189087478127476
13.6,13.77769428814645
10.5,10.891837167553604
13.0,12.972787028527819
13.5,13.487245539523428
8.6,13.279172643442507
15.0,13.755454930491396
10.8,11.828813399886712
15.5,14.852139061200432
7.1,9.202021765406244
14.4,15.257836401520763
12.0,11.590958544231398
11.2,12.673946075025015
14.4,14.49509082667646
14.7,14.537104705610545
9.0,8.832527095626574
18.7,17.71185380249881
13.9,13.522572426125407
15.4,15.495751176145859
19.8,18.957195875875186
18.6,18.432639447273687
19.9,18.61186051450204
9.2,10.932732680346817
12.1,12.760065639624372
14.2,14.076541303802514
15.3,14.339548686344642
14.9,15.700659140740754
15.3,11.98526794067584
12.6,13.164609489584109
14.8,12.610450925916666
11.0,10.989486789738294
13.9,13.852579016485834
14.1,14.298264994227793
15.4,14.825666299002478
13.4,13.021246853259072
13.5,13.98608112821239
13.6,13.439783767942572
14.3,14.636801399115939
13.3,13.259815876052016
13.9,12.972511123109143
16.9,14.873536639153826
14.3,14.012193293194287
15.5,14.844736881699646
13.5,13.39478785879328
14.9,15.030362095552846
16.1,16.909819554071873
11.7,11.99450902562603
14.8,14.692830786982086
14.4,13.871387231454719
15.5,14.057244470051955
11.5,11.78308922162978
10.9,10.709743140556384
15.4,14.727015364871477
12.1,11.714840358879883
12.1,11.182027054223
14.1,14.252428839346976
16.1,16.190416499659477
13.7,13.629476444097236
13.4,13.67472062871093
19.3,18.39500796952052
19.7,18.948078713729046
13.5,13.382467749237549
18.2,17.85460018418962
18.7,17.325416233827127
14.7,14.696127855893792
14.6,14.70184547927056
14.5,15.519560018430639
14.4,13.93461835240305
17.5,17.287235134750517
15.8,15.173920785164228
11.3,11.96248988237312
18.0,17.79959889134625
15.6,15.22763891145587
13.5,13.37466486136509
15.0,15.27805960414662
14.5,14.734610883922869
15.3,14.867672555323225
17.2,16.637141134386184
14.5,15.187119315785822
11.3,12.275541225444613
12.5,12.65479105769191
13.4,13.785650726757012
5.9,7.443424366996624
14.4,14.611811581671645
14.9,14.80324365827255
14.4,14.732050211783644
15.4,15.644003826309927
13.3,13.39237294861232
18.5,18.361288028769195
13.8,12.969589189102408
14.2,13.814839562313864
17.3,17.466490908793276
12.9,13.516090926370453
14.8,14.691172400911455
18.2,17.331568013876677
15.0,14.995952957251575
13.2,13.532846297172
15.0,14.657109527708599
14.3,14.799140731402076
17.9,17.777600256493315
15.0,15.1895360431281
13.7,14.07386658361429
14.8,14.799839893534227
14.8,14.622284333807329
13.3,13.290209310507635
18.5,17.360825178504456
12.3,13.272673057479551
12.5,14.20135263161501
15.3,14.87666001258549
15.3,15.441009620280965
13.5,14.60704858752797
14.3,13.601671883487143
18.3,17.345826756141832
16.4,15.798870779835852
14.3,14.21721244143555
15.1,15.417532267605566
7.4,9.403144313022494
15.4,15.080102743842872
14.9,14.89901562826708
15.2,15.145236306856532
16.0,16.204576395219192
13.3,13.750204215262784
18.9,18.536315320205176
18.5,17.7591280459892
13.6,13.858897044588957
16.1,15.549015798493201
9.8,10.789819081197493
13.9,13.103014571068343
14.5,14.79633137662313
19.6,17.256707170372465
13.4,14.475878598750569
17.3,17.428525478087977
9.5,9.674904186038475
17.4,17.816219219530467
11.2,12.178570861316985
15.2,14.803374250244815
10.9,9.45482067822013
17.1,17.66547692505992
13.4,13.349262064672075
15.0,14.571151120471768
11.0,10.739895341772353
14.0,14.90774497980965
12.7,12.792984663072275
17.1,17.380869397718925
19.6,18.307215637119953
15.2,15.654372287797742
10.9,11.962416072259657
12.9,14.331277801136821
13.4,13.31333608323257
14.3,13.830674969416577
14.7,14.127595346595626
8.3,10.27579842734849
18.6,18.064175840874668
9.4,9.615734165417962
15.0,15.038640614253382
18.5,18.774160931963706
12.5,12.11138660821598
14.0,12.950948096258799
17.1,16.970379416048672
12.6,12.542719194549136
13.4,13.410476142948028
14.2,14.204800892581261
11.7,11.407182937371545
15.6,15.02442727854941
14.9,15.767553223035065
17.6,17.003875914160744
15.2,15.10336765885586
14.7,14.733974958886392
14.8,15.457380443955117
15.6,15.339894964527048
18.3,17.7502395537158
15.6,15.674750974110793
15.2,15.242304485091154
15.1,15.003420956290938
15.3,15.186839532805607
17.6,16.87567805213621
8.8,9.500908804067876
14.7,14.953199806263001
15.6,15.477742577932077
14.4,12.453436934185447
12.7,12.528472021658672
15.1,14.827841046924732
15.3,15.333149504240282
11.6,11.56260164960986
14.6,14.515200271751382
12.0,12.585460403963225
12.9,14.902416555443779
14.6,14.52412281888246
13.4,12.447493823536206
13.3,13.29016082684393
14.8,15.209174135845387
11.4,10.105400176544208
12.0,12.23493333539227
12.7,12.4421018124267
15.9,15.522815896369138
16.8,16.208584098581923
13.8,13.805499962792965
13.3,13.205321724643
15.1,14.741707641864195
15.6,15.511592156432016
15.0,15.78031929620738
14.8,12.714741678879363
10.0,10.117394643020816
15.8,15.643119045445928
14.5,14.013025656109676
14.5,15.060856529031298
15.9,14.492839179409202
15.8,15.244783864738565
14.8,13.017770073056454
15.1,14.40782011585543
13.8,14.02211807994172
12.0,12.482279508258216
15.9,15.716804943105672
14.7,14.988305365783162
16.4,16.75813650537748
15.1,15.053941472549923
15.8,15.46296544537472
15.0,15.295112999701814
14.1,14.648095517943148
17.1,16.24142981265868
13.3,14.142101284747696
14.0,14.091384188242955
17.8,16.89875558869062
19.0,17.59917229489656
15.1,14.844380433909464
13.7,13.200050558458315
19.2,18.279022010741755
12.6,12.222821001545526
16.0,16.11503678013105
14.7,14.600594662013464
13.3,12.143169313319959
11.3,10.996896766897407
14.7,14.686673258591327
10.8,11.920995363561815
18.9,17.928639630821635
15.9,15.247595563385403
13.3,13.068680775384564
13.2,13.054876971058547
14.5,15.050172408577055
10.4,11.273724781349301
15.2,15.442343452110435
14.9,14.991182161611505
18.3,15.916177064646035
12.9,12.264550407184288
9.1,11.486180436855648
13.1,15.375719249015674
15.5,15.234295996051515
15.4,15.182515545229762
15.7,15.689325729763368
15.4,14.429217488563154
14.2,13.796025196279516
17.0,15.823488809954142
12.4,12.857312091484346
12.7,12.539479850940552
13.2,13.286597850034013
17.7,17.20498291635886
14.0,14.469519492908148
12.1,11.474850358106778
16.5,16.748270760435844
15.7,15.34903494338505
14.7,15.875779051159043
14.3,14.513453371240757
14.9,14.759486987255514
15.0,14.709043172453676
13.7,13.287357136829087
13.6,12.485616562333234
15.0,14.874777117249323
15.1,15.463412623939803
14.4,14.301472032093443
14.2,13.83572618040489
16.2,16.063486609171377
15.9,16.72352144162869
13.2,13.286304660703536
14.2,14.104144386124972
12.8,13.133952355448855
13.4,12.674534683668753
15.1,14.598295968200546
10.2,11.13805762497941
12.5,12.915465041063726
15.1,14.012065907620126
15.3,15.023623255838174
13.3,12.166483663910185
13.3,13.501015617948724
10.9,10.546535451518139
15.0,15.19020984357303
14.5,13.716700952680185
12.5,13.285384354036069
18.3,15.919151985004646
13.8,12.79589997974108
14.1,14.052293218821433
18.9,18.00828323321184
12.7,13.140173084568232
16.0,15.85677148081595
8.3,8.935440056171501
13.7,13.436359463987174
12.6,13.300718273563689
11.0,11.677093505393714
12.2,12.097408005269244
16.5,17.087510612182086
12.6,12.895709878179332
12.5,12.448355083153729
15.7,16.254380880423923
13.6,12.937275475182105
12.1,12.242386192057893
13.6,13.552588165388443
14.9,14.502077257930068
12.7,13.071107108728029
15.4,14.653173431026516
14.3,13.820388080843259
13.9,14.50201734903385
19.8,18.607146207534242
15.5,15.449892618169542
15.0,14.259833805966991
14.1,13.778396080160746
19.6,18.72286819125293
12.9,12.79463284718804
13.3,13.457048104624846
17.4,17.60101998364553
16.3,16.26799968744308
12.6,12.485497685847804
16.2,16.696475306351203
13.9,14.783091510442318
13.0,13.736559480603319
16.6,15.297856088451226
15.3,14.46385817574992
15.7,15.043572557187872
15.2,15.029548981998232
8.5,9.784439112030668
13.7,14.12785324145807
13.9,14.558204350760207
15.1,13.999053123639897
18.1,18.343232548824744
16.5,15.689921556855552
18.8,18.073462232598104
16.9,16.917683195555583
12.1,13.931521900667576
16.4,15.349943610757691
17.1,17.59174364473438
15.8,15.958890067209722
15.3,14.915545353989728
13.6,13.69742319433135
14.8,15.139587377261705
11.8,11.657313615083694
18.9,18.022847182815894
15.9,17.433310768043157
9.5,9.686577174434206
14.0,14.139566318975994
15.2,14.675490193945734
13.0,13.07431765462752
18.1,16.450080901151523
12.1,10.242918409465346
16.4,16.869014729534683
12.3,13.28889770648675
19.6,19.29661361768376
16.7,16.301142017246093
15.4,15.274523701897124
15.1,15.113407253164041
14.8,14.09507130034035
15.4,15.39224125554756
17.1,17.71973807067843
13.5,13.834771132451351
15.0,15.15594208240509
16.1,16.38264739428996
12.3,12.450466660084203
16.3,16.12463118523374
17.2,14.564593107239489
14.9,15.006544150703121
12.1,11.844636773632374
18.0,16.65373932904913
11.4,11.666437724605203
15.6,15.554454714758322
15.2,15.055713290639687
18.1,18.620637292973697
14.1,13.821326071894873
16.5,16.926151446215954
18.2,18.07152485693223
18.2,17.375683277321514
16.4,16.598738484699425
14.9,15.781146657507634
17.9,17.35659242136171
17.8,17.872605282376753
15.4,15.806889520001278
12.9,13.80557990600937
12.7,12.644180054689059
13.9,12.781412736138009
16.3,15.290118900365997
19.8,18.78890924237203
16.0,14.347223042976111
17.3,17.244582635292318
19.7,19.437735388462897
14.2,14.21295349995853
14.9,15.172424026266526
18.8,18.472579619876342
15.1,15.71586858034425
16.6,15.995811423141276
13.9,13.453225873265183
17.3,17.48809215449728
13.9,14.031689507086412
14.5,14.873140398121905
17.3,17.928239684959408
15.6,15.066763885362889
15.9,15.858252834470477
14.0,12.770988444652176
17.1,17.822621452854946
16.2,15.781009392667329
13.9,13.917822051240364
14.9,15.217410141936853
12.7,13.026310047222069
15.5,14.808158645028016
14.6,14.888540926389396
15.4,15.484294183188467
14.6,14.537173834134592
15.0,14.596802641404793
17.3,16.501627069257665
12.3,12.703616134123877
13.5,13.715752337540835
15.4,15.774176724575227
19.5,18.98747958574677
13.5,14.009715896012494
15.1,14.847978121688357
16.2,16.15869662768455
17.7,17.510030660923803
10.0,10.678726408805232
15.9,15.701694478630088
15.4,15.390242348337779
13.6,13.10954432777362
11.0,10.952607437036932
13.6,13.476664218178485
7.8,11.293814785312861
15.7,15.98615604423685
12.4,13.161387020405527
10.7,11.222518682072405
17.8,17.332611456688028
19.9,18.018346705590375
8.6,9.929722306551412
12.7,12.70306094395346
17.1,16.435090847313404
16.3,15.856378854019567
16.9,16.023494937457144
13.1,13.186765562393703
12.8,13.153362063667373
12.7,16.0121148963226
10.2,11.137358416046482
16.1,15.53119970494663
13.0,12.024903632205678
18.1,18.397361674520653
14.9,14.684397247334346
10.3,11.04043287350214
15.6,15.188194665359333
19.5,18.81981320309569
19.9,19.344311236956855
16.7,15.949472252163105
14.8,14.468366624605551
14.7,14.583336470182985
17.1,15.984258233816945
14.1,13.158811837813118
13.6,13.02763583153137
19.7,19.035524020291632
13.6,13.358262168103465
13.9,14.227224295091219
8.8,11.803243581822244
18.7,18.48143254686147
14.8,14.215675400311738
12.6,13.574078375619138
17.7,18.13505886751227
14.1,14.268110720080585
12.8,12.42155953811016
11.6,11.102662697754567
13.5,13.909777925091475
14.9,14.796475463779643
12.9,13.404612352023832
14.1,14.600532064072468
16.0,15.891566008300288
13.8,13.75863885376566
13.5,13.628588050143662
14.3,13.995707638532622
13.1,12.68555277492851
18.8,16.98422813389334
14.8,15.708145031443564
13.9,13.829688874131534
15.3,14.57520300860051
11.8,11.797049150445673
13.1,12.570435282221297
15.7,16.913487044657813
16.3,15.319094740902074
12.0,12.244055262613983
17.2,17.406235861883033
13.4,13.251955715357326
15.1,14.906380093598273
15.9,15.50707752245944
9.5,10.737357045145473
16.7,16.516814434173284
15.8,14.71187610796187
13.4,13.470126898173476
15.8,15.530272402553237
17.9,18.31951752473833
14.8,14.53297240685788
15.2,14.867715337284608
12.6,12.480982917943038
15.5,15.455923772009555
10.9,11.276347256585723
12.9,12.984183948719874
14.6,13.831038893054938
13.2,13.437535834553273
15.7,16.232681065470388
14.5,14.002192286250647
10.1,11.663534559309483
7.9,9.203279834939167
11.6,11.451526198594365
13.5,13.491956740617752
14.7,14.714801968424581
12.3,12.11490564950509
13.6,13.377293522906257
13.9,14.11107600053947
11.4,12.117498666688334
17.7,16.73965699836117
12.2,11.831500514846994
14.0,14.001335904031293
11.7,12.139366552524734
11.3,11.767122945340816
12.4,11.500246692652581
17.6,17.234271608293056
19.9,17.95896066131536
15.1,15.144939719408285
14.6,14.886660252075671
10.7,12.556844639853807
15.3,15.322408217703924
11.7,12.056815856543835
14.1,13.908477623015642
9.1,9.68895128602162
18.0,17.354577424324816
11.1,10.695026235713158
13.2,13.180797939305194
14.8,15.052075916726608
13.7,16.258571140817367
12.5,12.05035089032026
14.4,14.773486122547183
14.8,14.722036509134341
13.4,13.282213407452218
14.5,15.622058257868048
14.8,14.53550314734457
10.8,10.649792235577479
18.2,17.778259172395337
15.1,14.756304213340627
11.9,12.627992421621457
12.8,13.332816405920312
8.7,10.000032622658182
14.7,14.87115180676301
14.7,15.386554255010196
15.6,15.271211845018115
15.7,15.579713001512573
15.1,15.290016671089688
11.6,11.731612280884292
12.4,12.073732822498641
14.9,15.061262381266715
10.7,10.987871233315673
13.5,12.970220678223995
13.4,13.244740675727371
14.1,13.57851323590512
14.0,13.894783918418398
14.1,17.268489047477487
14.3,14.051972293513245
14.4,14.896952430775855
14.2,14.478028743518735
14.0,14.087852185071824
11.9,11.678700752469013
12.5,12.600163824074116
10.8,11.599554133543279
12.4,12.808620669064112
18.3,18.021237500652205
16.9,16.154404978908133
19.7,19.179741654770623
15.3,14.8174027230707
10.4,11.426295458426466
11.6,12.545517197984736
15.9,15.695225755509455
19.5,18.4619139702736
19.1,18.25903515983373
12.9,13.168864883598872
10.7,9.818287505535409
14.0,13.803323846135754
10.2,10.584542045311537
9.5,10.975437751796562
14.4,13.83402079543157
17.2,16.19227134558605
18.6,18.324846140050795
15.2,15.12507783408364
15.5,14.408832732995506
14.3,14.468093844800023
19.9,18.563252063060645
12.7,12.311533080923255
12.1,12.64594835322896
14.4,13.598354207817465
14.2,14.538679505698383
14.9,14.830977591691408
14.5,14.600279834441608
19.9,19.278723639406962
18.6,18.948612381587736
13.8,13.763718118352699
14.5,14.130513287007489
7.1,15.414737224054988
17.9,18.365879324017442
12.5,12.352359518961748
15.6,15.573637686029542
18.5,17.720260728237918
15.2,14.992553078336641
11.6,11.964977608906338
13.5,14.667606228787918
15.3,15.187416759232292
17.5,17.822897109290352
13.7,12.97296334838029
13.5,13.428571012773318
19.7,18.00923651960329
8.6,10.305219655972905
9.8,10.60507259744918
14.6,14.151797926053405
14.7,14.29544477840318
15.0,14.651410811231472
15.2,14.426074441580568
14.5,15.859519367540997
14.6,14.68694138943647
10.1,11.287204848835245
15.6,16.117268268169937
14.6,15.010585367985186
14.8,16.188209479907528
14.0,13.469077705784002
16.9,17.351394191529835
13.9,13.986832464002873
13.5,12.719260457413839
14.7,14.050498559110565
11.4,10.977067253144924
17.6,17.977735762833618
14.4,14.208390116982628
17.1,17.38025309666409
19.1,16.926971088416394
19.3,18.779568133410066
14.9,15.17283979820786
15.7,15.49892053345684
14.2,13.914840977755375
14.5,14.809346590947825
18.1,17.49411246716045
14.5,14.561328227333433
18.2,17.746036268566968
15.9,16.01138199037814
15.7,15.322043786145514
16.3,15.797464711795328
13.0,12.311196082824608
14.1,12.687872802140191
17.3,17.44742752262391
15.6,15.458164423040216
15.2,15.35719128861092
15.2,14.593748014594894
15.2,15.06101818656316
13.3,13.430409515414794
14.5,14.904310582976905
11.3,11.842282209079713
15.8,14.867711646220414
13.1,14.124630437785527
13.9,13.4979717899987
18.6,18.59506054391386
14.3,13.833277697418453
13.4,13.851372651208294
15.4,15.523214756074594
15.6,15.957875230698846
16.7,16.913482782198116
15.1,15.298831720137969
14.7,14.113804873883055
14.9,14.99251079719761
14.9,14.3301633918054
14.8,15.222491874839761
10.1,12.100765725655947
17.2,17.353785023646196
15.9,16.765449901489774
9.5,9.738053471082821
11.2,10.620325360563584
14.1,14.570957438467303
15.5,14.815029242468881
19.7,18.866996697965078
13.7,11.762558790273033
18.0,18.634012932307087
14.7,15.33457253879169
16.0,16.619575349177467
19.1,18.955775516849826
12.9,12.97149975830689
18.2,18.773029999778373
15.5,15.82928988997628
11.3,11.154537276481278
16.1,16.87378549540881
16.6,16.35900709516136
17.3,17.66380856781325
15.6,15.566521487366117
15.3,15.653728641060297
11.8,12.57753620002768
17.4,16.36050415300997
16.4,16.121719505783403
14.4,14.068813934514765
18.6,19.032762332179118
19.5,18.776371936051873
15.0,13.8007745037321
10.0,10.931184043849498
15.6,14.757946343921503
16.2,15.542060462343215
13.6,11.23922730598133
18.3,17.86790685764572
17.7,16.381325583110083
16.3,16.65772082505282
17.0,17.183641898969654
13.9,12.390460655966308
13.0,13.20848215330625
13.8,13.46227777338936
13.6,14.188319917773697
14.9,15.31472886613301
16.0,15.968061143066734
13.3,13.25149202463217
16.9,16.31450651094201
13.0,12.644949796114815
15.1,15.403676716348855
13.7,13.48824269452598
14.4,14.476977146114223
14.1,15.480768542300211
15.4,15.116921222943347
14.8,14.245027700530045
11.9,12.400270755839301
18.4,17.645992627891246
12.1,11.934043944085715
11.5,12.635827792459168
13.2,14.474594648840139
15.4,15.181158401857829
14.8,14.908115525409812
13.5,13.367738979344722
14.1,14.046791721717454
13.7,13.709130306728184
18.9,18.309816967055667
14.9,15.040918586546468
14.4,14.507246122608194
14.6,14.788583656656556
11.5,11.823043488984695
15.0,14.729293405340286
11.5,10.632541040191427
14.5,13.957263418211369
19.6,19.027658784703817
14.1,14.498915867156029
15.0,14.829886588791851
14.1,12.956440822192235
15.8,15.164791285962565
18.8,18.11095246617333
15.2,13.895142017834587
18.2,17.553280686988728
14.6,14.881034066864231
13.4,13.171821593423374
13.9,12.607505151307123
14.2,14.808003677815577
12.1,12.969512443058193
11.3,12.165906007227022
15.3,15.297155175800071
14.6,15.677244318845624
13.8,13.704544179141521
10.8,11.123854085570201
15.0,14.807827947544865
14.5,15.065660243621096
16.7,17.02409887468093
17.6,18.233692770416383
10.1,11.151107433110155
15.0,14.378917638638086
17.2,16.405742661974728
15.8,15.411271771099564
15.6,15.47283221176258
14.0,13.566124892036896
16.1,15.528742610476911
14.5,14.441577251831404
15.3,14.755091102444567
16.5,17.596589402717655
13.7,14.121863287582528
14.9,14.40855538775213
15.7,14.740384645585436
14.9,15.349052636913257
18.3,17.76088188801623
14.7,14.234372306469595
12.2,12.141555934031203
15.2,15.323841876848746
14.3,14.48321004238096
14.6,14.189975988469087
14.3,13.879659719124902
17.8,18.183743412519107
18.9,18.731682747922605
15.3,15.278799587744288
14.6,14.321151615346025
13.7,13.471674315398559
18.4,19.210730535764014
13.9,13.949933451716788
12.3,12.817166543274652
14.4,14.326771645675763
14.1,13.667178339055681
14.8,14.608064193394966
17.0,17.257369391594693
16.4,15.38027994724689
15.5,15.08378132089274
18.9,18.905474347557174
14.9,14.06141365764779
11.9,12.186520608724095
13.6,13.606374996339582
15.0,14.53246100526303
17.3,16.787554874812486
17.3,17.0430334842531
14.9,14.662448018498253
16.0,15.550435119366739
18.5,17.48091805007425
14.9,14.385042976151453
17.7,17.802616719098296
13.9,14.22142403392354
18.1,18.476252442545956
14.7,14.627889744122513
13.7,13.314127905177884
15.7,15.475276209914227
17.2,17.539186011534184
10.4,10.392196753880853
12.0,11.704773773322813
17.5,18.333251173549797
18.6,19.211565026111202
12.7,12.490321898279944
15.0,16.10662463419976
14.4,14.733920575061347
15.5,15.418567054788582
17.7,17.642795513849705
17.2,16.879368578636786
14.9,15.15394147063489
9.7,15.282260294130538
15.5,16.191213816844538
17.5,17.82611976764747
19.2,18.621525241236668
15.5,15.295556617231341
18.3,17.727222337649437
12.8,13.34248573257355
19.6,18.408542233868502
16.7,16.143773287680233
13.9,13.574647587549407
11.9,12.008199088042602
15.3,13.608612205367535
13.4,14.13351779797813
14.8,14.933593468595063
15.6,15.643279594169144
5.5,8.293626127851894
13.9,13.993915096454657
15.2,15.678666183979658
16.2,15.848824631480966
15.3,15.0714719335665
12.0,11.796926257113228
14.5,14.474754284106893
18.5,18.766415605699876
14.3,14.162401847017463
18.7,18.59804544126382
19.4,19.723070502630435
10.0,9.99722432915587
13.9,14.176892130897613
12.8,14.473039578035241
15.3,14.614255006745225
14.6,14.133097909361823
15.3,15.356165564042385
11.1,13.803815477445823
12.2,12.905934663664084
15.2,15.304490726299264
14.1,14.038603743247222
16.3,17.07727989196428
13.3,13.548826878657565
15.8,14.91700993417544
19.1,18.19241326098563
11.8,12.49033592836713
16.5,16.034490424237447
12.7,12.305786838798667
18.1,18.09740537169273
16.7,16.45677477278514
17.1,14.769860162225086
16.9,15.53405069434666
19.0,16.178899149002973
19.1,18.40263188967947
14.0,14.473452722239017
14.0,14.270511999584414
18.1,18.58298927632859
14.6,14.728004968113964
18.4,18.354544742964208
16.9,18.16089189914055
14.2,15.408155269429699
15.6,15.396656889559381
12.1,14.784886733687017
15.5,15.260572763334494
15.7,14.819194648909615
14.4,14.007081477733664
13.5,13.59336338326466
14.6,14.504610202333424
14.7,15.04902087233495
10.5,12.06077509394163
18.6,17.611830761976307
14.0,13.545621477678651
16.3,15.176820956199663
19.4,17.655391397798667
18.9,17.280728085141163
8.4,12.022156112419907
15.0,14.755468130219015
14.3,14.31865540630497
13.5,13.798563143593128
15.4,15.18940555473091
14.8,14.986695486149983
15.6,15.576085208302175
13.1,13.124709400697611
13.0,12.955543988908175
13.8,13.997343033785
14.5,14.239778886525528
14.8,14.4992502485984
13.5,13.97922810347518
16.6,16.374060587048007
13.5,13.639912902959622
15.3,15.592060452327132
14.3,12.617464966984699
14.9,14.88385864355223
15.5,15.418812573643663
15.9,15.289413174905349
14.5,14.405490176872263
15.6,15.783628376455454
15.3,15.094613525539899
16.0,15.78465714307822
13.5,13.458888998429757
16.4,16.17117526744005
14.3,14.523494760331232
18.6,18.553916264732834
15.6,15.300909533256345
14.5,14.603848316444783
13.8,14.211925800138488
14.5,14.596188632422127
15.0,15.12690448743524
14.2,14.62383461277932
15.6,15.374466179899173
14.9,14.716936027158226
6.8,8.593822166090831
12.6,12.750615180993918
10.7,11.837982507538982
12.9,13.463861762837041
15.1,15.163260610675934
11.7,12.662293789384421
11.1,11.001586210040841
16.2,15.502796700922772
14.7,15.42883060555323
15.5,14.993461401609238
15.6,15.331307597836712
16.0,16.483997080795234
15.6,15.258499901034156
15.2,14.88310070359148
13.9,14.125682476325892
14.1,14.018297033908311
16.8,15.581843713523995
13.8,13.280892333728843
16.0,15.357182910192932
18.2,16.991089977822412
15.2,14.712230665958486
14.5,14.791897031507688
14.7,14.223343504127115
14.8,14.285652547932841
17.1,16.124759495520266
13.4,13.764397735416424
11.7,11.244079682888696
11.9,12.97559724500752
14.6,14.880387387578594
16.7,15.876573348068632
16.5,16.243262128704373
14.3,14.22241039542132
16.2,15.791790600782406
15.8,15.677756547869649
16.1,16.47575821657665
15.3,15.172424076590687
15.0,15.72183817459154
15.8,15.846291491674492
14.2,14.215810959954979
15.9,16.02493106035763
13.6,13.2523711710528
12.2,12.520034978811964
14.7,14.584748469904298
13.3,12.840531516325427
15.0,15.02791318169875
16.2,16.78542411845956
12.8,13.937042709008892
14.2,13.916397458844585
14.2,14.259455751554924
15.2,14.963432528158592
11.8,12.780286918223283
15.4,15.344941887509776
17.1,17.384927575389156
12.5,13.103451765171485
15.0,14.972105574299349
14.2,13.702061745600076
16.4,16.06580357157509
15.5,14.703225580502476
16.8,16.525922258355422
14.8,14.96165796747664
14.2,14.048302648012395
13.3,13.795361676893663
14.6,14.4551621141145
16.1,16.41480919707101
14.4,14.523115403513657
12.0,12.525382870837348
16.6,16.83110610987933
14.9,14.941858693264294
12.9,13.207563961877895
14.5,14.671860997192198
17.1,16.797154294126813
16.0,16.357438418024685
12.3,12.756035484577296
12.6,13.965663430781206
12.2,11.845752050809097
15.5,15.179390682867961
14.3,13.719121110974811
15.8,15.253270804008935
15.4,15.094721480330918
15.1,14.923048349830424
15.5,15.138423123309622
14.7,14.48124749721319
14.2,14.254779657465406
19.5,18.620482848898973
16.5,15.881883010617457
16.4,15.862538569548633
16.2,15.769568090850953
16.1,15.429767540917965
17.2,17.504711471778137
15.2,15.223040720724384
9.7,10.679003933269996
15.0,15.139273403663537
14.3,14.19963781788465
14.7,14.156380069463921
15.2,15.042261463589966
14.9,14.819699629879324
14.0,14.047221429354977
16.6,16.859308284230792
10.3,11.258115243224893
15.1,14.605853635730455
14.5,14.780221810860894
19.5,19.10026671650121
15.8,16.187087565536785
9.5,11.560295262141153
12.3,14.17433605934275
18.7,18.925336985150352
13.6,13.941914553783135
14.8,14.307292267418234
14.7,14.95672555339479
13.1,12.34010571212275
12.5,12.837261742795818
18.2,16.07471914810594
17.6,17.352057117503136
15.9,15.657743968191426
13.8,14.31202654568915
14.1,14.023200411524158
14.7,14.609021125041181
12.5,14.364676664350554
12.3,13.092948781797531
13.5,13.62262732902309
15.2,15.182182217598893
15.9,16.754477368027437
14.2,14.260596699779853
15.0,14.999432972257637
14.5,14.185702999733621
14.7,14.795508348592193
14.4,14.799675496615237
14.1,15.859858881973196
14.7,14.737630973773776
15.8,15.964298794602655
14.7,14.915482699760105
11.6,11.776130937680136
11.7,11.95920073482921
15.0,15.235214393876959
15.9,15.336902216949966
12.1,12.526452159072505
14.7,14.346674944943516
15.0,14.659222671874886
14.5,14.711125010804608
15.6,15.686718273183942
16.0,15.701265389099717
14.5,14.438305125455372
15.1,14.944838136903854
14.2,13.905524538486134
14.6,14.149923697899794
14.1,14.51021310017677
15.7,13.834857696992913
12.5,11.635117178724613
15.2,15.04596326284809
15.5,14.994669456198608
12.7,12.215709559735842
14.6,15.069763108971529
14.6,14.030511174962157
14.1,14.154515444359276
15.6,15.116298379027285
17.3,17.560143481765408
15.2,15.155464102490441
14.0,14.043481307866386
14.5,14.124328659672756
14.2,14.011722574068699
11.7,12.24766836798517
13.5,14.443340656904184
13.6,11.867840871069347
15.8,15.30900778952855
14.5,14.342937562119914
15.2,15.104443804031689
15.9,15.497794830187559
8.0,10.992950293104514
14.8,14.62819077783206
12.4,13.133223873472161
16.2,16.254727013110823
12.9,11.877786576951621
13.5,13.613072926091263
13.9,13.704612877631007
13.2,13.189974060718669
14.9,15.225237854281659
15.5,15.615153497137726
13.3,13.899189369611122
9.7,12.893267990089953
16.5,16.36291334710404
13.3,13.683837902386585
15.5,15.392405648395652
15.9,15.125150262871102
15.9,16.502984618324263
14.0,14.484009040234014
15.3,14.705109133414226
13.7,14.647023289613571
15.3,15.447547916619442
15.7,15.840332666106406
16.0,15.576396437918447
14.9,14.339786594244288
12.8,13.67227022285806
13.9,15.456517320504645
15.0,14.741401964536635
15.2,14.842724644468035
16.8,16.571326974697513
12.2,9.797830490628257
15.1,15.024754133459282
12.3,12.120140915683805
17.6,18.255374151602155
17.8,17.5848942589364
15.4,15.328974739124533
14.9,14.849992641364224
19.9,19.056600264564622
15.4,15.328636718855705
13.7,14.084919886197895
18.6,18.552484432060737
15.1,15.109280955948634
15.6,14.86963052325882
14.6,14.416234962734961
14.3,13.010701327875722
19.0,18.706185040646233
16.5,16.064279169630026
15.4,13.952041520096827
15.2,15.811100935883587
16.0,15.430791685445001
15.4,15.027683439577231
16.8,16.61854465599754
18.5,17.833474757993827
13.6,14.482025279168738
15.9,15.763753784791334
14.2,14.811077636346454
14.3,14.637600201152964
14.8,14.603279608090816
13.9,13.511746004689485
15.7,16.131700673227897
15.2,15.096909059677273
15.8,15.276670843741158
15.9,15.67177169921706
15.5,15.161103920283495
16.2,15.959090159121843
10.0,11.483805482304888
13.0,12.254111123154871
12.4,13.565393235476222
15.3,15.10342916433001
12.3,12.728670380229232
11.4,11.63598559203092
14.1,13.39193772280123
11.2,11.28378067741869
14.6,13.577772071352229
18.8,18.618269767146558
18.5,17.667817806624953
17.2,18.152269454149064
17.2,15.300157840352767
18.6,18.091606041329214
19.9,18.288349568727426
15.3,15.041338072249346
14.2,14.390968259132933
19.1,18.773480995791033
15.4,15.34009182601585
11.2,10.578016763553023
16.4,16.187134048494045
12.2,11.923414731951198
19.0,18.25149906243314
12.7,12.61066067731008
16.3,16.631076526889956
15.7,16.600908086053096
12.8,12.755449352924188
14.2,13.881724543665769
14.5,15.517374593355271
12.8,13.668336680122593
13.0,12.562676903940883
16.2,17.737924692744855
17.9,16.94366777734831
14.8,14.540601339947898
14.3,15.128294024389106
13.7,13.109989443273662
17.4,17.10203890108096
14.6,14.586957471212372
17.9,16.668558178607782
13.9,13.821932523802388
16.8,17.28484797375131
14.7,14.880043643635872
12.7,12.178663897153456
13.9,13.793115675623994
13.0,12.806729657451797
19.9,19.369976316054817
16.9,16.774221296924225
15.4,15.216118193642615
15.0,15.13013326676446
12.9,13.064863416395383
11.2,12.12346817163052
15.3,15.353097432907816
14.8,14.927933808590751
11.6,12.611769683775492
17.2,17.193294293130748
14.9,14.791664413898616
14.1,13.996583583530082
15.1,14.795433100782247
15.3,16.06753301018034
16.8,16.75064011867289
17.7,18.477947240811773
12.7,13.258952040661825
18.2,17.155883799830917
11.9,13.656872907624347
11.9,12.726856432273053
12.7,11.98400354271871
11.1,13.38016286382117
14.7,15.31534294406083
18.2,18.35998476430541
14.9,15.952024592930684
15.9,17.579686799726915
16.3,17.003172020769853
11.6,11.830282741342671
17.1,17.20488106342964
13.2,12.500754883687478
12.9,14.268552346722572
18.5,18.35060620328295
17.4,16.72746477214241
18.1,18.563337379717268
15.1,15.51499985279952
15.5,16.87775463151047
11.9,11.556224540545372
13.0,13.241383601736743
12.8,13.608790191501612
13.8,13.63354948335109
16.5,16.874886068722844
12.3,12.98184157095966
13.4,14.086983344570399
13.4,14.160087358035526
15.0,14.708980976840394
11.7,12.76670453636325
13.1,13.45615016960619
9.1,9.953578463813756
15.1,15.181504052123273
13.7,14.438049147138372
13.2,13.43729615601842
16.6,16.561868077202234
13.3,13.789089419358788
10.3,10.5109945142176
17.8,18.098585168190766
13.3,13.187023192178458
15.9,16.058311894976214
9.4,9.876659645698965
13.4,13.54511219644337
15.6,14.895804902631426
9.4,10.509249256632756
14.8,14.691398011171259
13.2,12.841430842498085
13.7,13.850342709047254
7.0,8.591724224974314
9.0,9.702290867178817
12.9,12.763918686541729
6.6,10.051784574374324
11.0,11.357737569545861
16.8,16.98221765193739
5.5,6.912789968715515
13.5,13.29739021716523
10.1,11.148094434814993
10.4,10.648117205739254
16.5,16.342380873436923
12.5,12.910350882570128
11.3,11.091087239416083
17.5,17.393987111227034
16.1,16.249746627363493
17.6,17.578405800541077
15.5,15.442828486557119
10.9,11.410546471921407
17.8,17.195055887414128
13.3,14.112033734942088
12.0,13.842926219313085
17.2,17.463104223690607
17.3,17.28735476519796
12.2,12.838740544777465
13.0,12.952951036262675
13.0,13.844359026730672
19.2,19.30852417089045
12.3,14.00660187154972
15.6,15.411472692858297
14.1,13.858410649529105
14.1,14.720714728236999
19.0,16.67044430761598
13.5,13.479177778557641
15.4,15.382841828006349
14.5,14.876116670206102
13.5,13.907684987934772
15.3,14.951755854159273
14.4,13.96389977025683
16.8,17.38638914641342
15.1,14.891197462482523
11.4,12.792395995929837
15.2,14.910977541894681
19.1,18.971182780980598
15.7,15.77934937865939
12.4,12.350514485355234
19.0,18.56349225883605
18.3,18.1001736393373
13.3,12.712268743780442
11.3,12.950537731871009
14.5,14.360185224562883
14.7,14.841213151928969
14.8,14.662135737540666
14.3,14.21088386818883
17.2,17.53127615350968
15.0,14.935998621735052
10.7,10.900158676231513
7.8,9.436942187952809
7.7,9.208503103960538
16.1,16.053179484319116
16.0,16.26563127055124
18.5,18.18203767281375
18.8,17.846113907871768
14.6,14.769502966868458
13.4,12.969022265286185
15.4,15.810403688199585
14.0,14.262806624412406
15.0,14.788474363740534
19.9,17.98216539927489
11.3,11.357608966267435
17.3,17.26909852953395
15.1,15.312258038844448
16.2,15.711858695634874
16.5,16.658993236855167
13.2,13.832695282821078
19.5,18.878022100339876
18.9,17.24560730938174
15.3,15.207847696263343
15.6,15.463242625733983
10.8,11.346054042485775
13.4,13.875412927158322
12.3,12.34338033039785
14.3,14.199766856856513
12.3,12.698071249236818
12.1,12.249433094926644
15.3,14.824445949507208
16.1,17.482924288895447
14.4,14.755291905690683
15.3,14.843655869917711
12.8,12.991531157225836
18.9,18.370024841417035
10.9,10.799651689943857
17.4,16.217069591453765
13.1,13.077752704557497
11.9,11.63206744089257
14.9,15.38775299808185
10.5,11.460782263311557
14.1,14.21721576579148
9.1,10.594421172892908
18.9,17.8644046697882
11.2,10.029181237798184
11.1,12.002896626596339
11.9,12.610510411206633
18.1,18.4147124006995
17.1,17.007595738796226
17.6,17.772764450259274
17.2,17.148152732654125
15.1,15.149991953163408
10.6,9.932777499405347
15.1,15.088907472938445
15.5,15.332672555654426
16.4,16.50207499283715
11.1,11.021970303729177
19.6,18.4545037636326
13.7,14.403997641789829
14.0,14.418616850511171
11.9,12.603027450128138
17.4,15.631797962007113
16.2,16.35159202988143
14.4,14.452712778005662
14.8,14.816192029742524
18.4,18.428619566551788
14.6,14.734126979368739
17.0,16.98664650466526
10.2,10.530715965927811
16.4,15.739260794071015
15.3,15.3256245778648
15.1,15.115994550247706
15.2,15.148320900654653
11.7,12.212157625912369
11.4,11.962276559410384
15.2,15.304709356772946
12.8,12.641329327656422
14.1,14.554653581835737
16.2,17.709431017938186
15.0,14.906734602354845
11.2,10.293179021075048
17.4,16.826421963982284
15.4,14.68502283390626
15.1,15.598621682005614
14.9,15.202843382183346
18.1,18.182591981596488
12.1,11.995519351563416
13.0,15.256964227644858
11.8,12.53868979742765
18.3,17.965981961606303
15.5,14.971570185021847
14.4,14.803352881834144
15.7,16.00915655036806
14.3,14.507730184815955
16.2,15.772506894136313
13.7,13.204313240308693
18.7,18.161750595041667
14.8,14.776013797702035
14.3,14.245984756755206
13.9,14.357837154500885
14.9,14.356510874524247
14.3,14.371120777650503
11.4,10.955617453349987
11.8,12.653798685234506
16.2,16.414108709090215
13.4,13.341953344501235
14.7,14.509730344754644
11.0,10.879645622801036
13.0,13.545481597277103
12.3,12.34374302262222
17.7,17.728692906617653
16.2,16.682652107498143
13.6,14.020583914825693
11.5,11.503583844052628
9.1,9.841392001602799
18.4,17.488472792494576
16.0,16.118149425285083
17.1,16.708557448524516
15.4,14.957253298664
12.8,12.93664485681802
16.8,16.297616759638913
10.3,10.802148274378851
17.2,15.588511993322754
12.9,12.953805372198985
12.1,11.795117860659957
13.9,13.703024045244092
15.3,15.471216946134518
16.2,14.758078916420345
15.3,16.185946885952944
13.9,14.882904012560175
14.5,15.32406709829047
15.1,15.099235106874403
12.9,13.766923515548115
13.9,14.051806105824653
16.0,16.02590882053846
15.6,15.630377707828302
13.3,14.224922903717015
15.7,15.413263756174274
16.5,15.441541826643515
16.3,16.108681627432816
12.6,12.104628547036555
18.6,18.353263265940768
17.2,17.073558543830586
14.7,14.051675983384484
11.5,11.746582958880026
13.2,12.312674414250068
8.8,9.725266135472339
12.5,12.475265544228023
12.6,13.168980150881907
16.3,16.289827973032516
9.3,10.546178361168131
11.4,11.99025996183991
15.7,15.654504943497159
18.4,16.059144456725335
16.1,16.407241666747723
14.5,14.499473722802577
10.3,10.475504803762306
18.2,17.198766514542513
12.4,12.732632949686376
11.9,11.48038173810346
19.2,19.043673353036866
13.9,13.989994337945973
13.8,13.98946751857875
12.5,13.561125178679504
12.1,11.859429650940001
16.1,16.767222094727913
13.1,12.902292030921672
16.3,16.63661822238646
18.2,18.126733293451252
16.8,16.88730123930145
16.0,15.767608566296985
14.8,14.607357906468678
15.3,14.88872374746461
15.2,15.394095159717835
18.3,17.998982611112297
18.5,17.709997814992676
18.9,18.486472533200867
15.6,15.428597662044922
16.8,16.927701122091094
7.4,7.470526498218533
14.3,14.311991098482395
14.4,14.380458335775984
10.1,10.174263337947195
17.1,17.139802014047746
17.2,16.582977850892348
18.2,18.170328526874073
14.7,14.242983254633145
15.2,15.300367090261716
16.6,16.01942374704231
15.2,15.413199312890356
18.2,17.718985163635807
12.6,13.213114662314183
17.7,17.50783903838601
19.1,19.199708064697916
19.0,19.226601956645027
13.8,12.716240172565449
13.9,14.124909575242782
13.8,14.49061399020502
17.0,16.327904741037855
17.4,17.53303415604023
15.8,14.660999301908305
19.4,18.540349555871217
14.8,13.937776958104223
18.8,18.968788439480704
12.2,11.774338075891137
13.7,13.506308626881946
14.6,14.132629863772308
15.3,15.825847518397495
14.8,14.781507215666352
15.4,16.399018043237447
11.4,11.87726817289149
13.7,13.966530638193944
13.6,14.034391530949506
18.8,17.062462226196658
14.1,13.990797209495213
15.8,16.180308979877736
15.4,15.44642972413385
15.8,15.956098212860525
9.7,10.675366476818454
11.4,11.336949080781778
13.5,13.088232649175552
13.7,13.683824118081247
13.3,13.096753101272043
14.1,14.441092031847802
18.1,16.454613036068622
19.4,19.26866386522306
15.9,16.313068488354475
15.7,15.677245852151827
15.0,15.779882631788496
15.2,14.890058108579979
15.5,15.255626939499052
15.1,14.857225198080414
15.4,15.040420374803944
13.2,13.01893040142022
14.5,14.392478167967056
15.6,16.32822109629342
18.7,17.42249126234674
13.5,13.7946383843082
15.6,15.280168748085998
14.6,14.27786208197358
15.3,16.099690802104305
19.9,18.886936238763155
11.1,11.81855909503065
19.4,18.36872910213424
15.1,14.849451323365429
15.3,15.240237498510396
14.4,15.345581048668464
15.9,15.520716702856589
18.5,17.494056556053692
13.6,13.576014485646738
19.9,19.050781245634425
15.1,15.305866978091217
10.5,10.22139982812223
17.2,17.333282031268027
16.5,16.201188620354515
15.3,15.610043255523124
17.4,17.767688990010356
11.9,12.751324127402768
14.2,13.539431306067854
13.0,13.402352789154975
17.5,17.950359026901424
9.9,10.148139992088545
15.7,15.593130175540864
15.4,15.575729695672635
16.9,16.848532136695212
17.8,17.73896659744787
12.8,12.794127317412858
13.5,13.479628682485782
15.5,15.383133099239785
13.9,12.977270731440512
19.2,18.11729244660819
9.7,12.294560143607669
14.5,14.565568065532716
15.9,16.022462077176897
12.9,12.398009078231553
15.2,15.037956748503348
11.8,11.21570240330766
14.7,14.137427969370037
13.2,13.340407518815482
16.0,15.71607711847173
9.9,10.698332739266334
15.5,15.538971418489382
12.1,12.565306417818647
13.7,14.763916431344114
15.6,15.28826211489286
15.5,15.521991886493197
15.7,15.68266575747839
19.9,19.24545920654782
16.0,16.068233325931942
9.0,8.687047593761235
17.2,17.652712985436665
17.0,17.719129003671696
17.8,16.70211830065091
18.7,18.52684039034648
14.6,14.684932608262898
16.1,16.136072276600316
14.7,15.20948086892895
16.0,15.69163320771986
14.4,14.139013582727785
13.1,13.208820050000213
16.2,16.266586287143582
14.3,14.064641510605725
12.2,12.146410968503915
16.0,15.847159933973671
19.9,19.41261674708221
13.1,13.609049348859116
15.8,15.574505158816464
12.3,12.887990638962947
15.8,16.174019196152585
14.6,14.114310779146763
11.7,11.880116389045725
16.6,15.929588121394772
15.3,15.181930133025162
15.3,16.897536692675203
17.3,18.02058862269041
17.0,17.35271137725067
8.0,7.907682718476281
14.8,14.045633959118277
15.5,15.767407315041055
18.5,17.5487797253154
12.1,11.260232577493298
15.6,15.637231879954925
12.7,13.266548368326767
17.2,17.21823848685017
19.5,18.915591068624053
18.2,16.967605117381027
16.0,16.136275755852694
16.2,15.673347245668992
14.7,15.550689936899289
14.7,15.567704530607443
17.1,17.456283873201755
13.1,14.049585613676754
12.0,11.408126764465123
17.6,17.629215860331897
9.5,10.529597724889754
15.2,14.928012440999737
19.5,17.44067957100924
13.2,13.978901095866604
16.1,15.188323838316137
12.5,12.739403347572079
11.8,12.877902072970755
13.7,13.667610714710463
15.0,14.931037084279524
14.7,14.73517833392907
16.1,15.708100251729775
15.4,16.34688348248892
14.7,14.665983714137838
9.0,9.20168047316838
12.5,12.274837193312123
14.5,14.635118430800503
15.8,15.299037908989703
12.4,11.826092891235021
15.4,15.185156864486999
14.6,13.844312810804695
13.2,13.989012214471586
14.0,13.841808886034414
14.7,14.847546195465839
15.2,15.858260069551761
14.1,13.407740711729275
14.4,14.762156059150584
15.5,15.80338075707914
13.2,13.672399494553247
15.0,14.725467287415086
15.1,15.118468273809412
16.4,15.983901771862293
14.8,15.107983064986911
13.3,13.623328070214484
14.3,14.50325330562191
11.4,13.027783193712821
15.5,15.150106842600508
15.1,14.95625290722819
15.3,15.662454820561834
14.6,14.26942381603294
12.8,12.143102583475411
19.3,18.781682706670836
19.8,19.35420720319962
13.3,13.79646462560413
19.8,18.97519969267887
14.6,14.87318731493724
15.1,14.279047389951302
13.7,13.381483428707725
14.8,14.64116569154794
15.6,15.551279445819091
15.6,15.265500696550589
18.8,18.150151052919682
15.4,15.032370282860938
13.8,14.002350784086957
12.8,12.576750929933041
14.5,14.531336433828983
14.2,14.376333469583187
18.0,17.967541653044464
14.2,14.453803776435961
15.2,14.838157049103756
15.2,15.220862882240908
14.5,15.664517639850601
12.4,13.042478042072617
14.2,14.522185406385688
13.3,14.12113785994552
17.1,18.056134230679163
15.7,15.519858651419781
16.1,16.074250033856515
15.6,15.128298407507828
16.6,16.44464203980533
16.3,16.278493312638602
11.6,10.860958826786373
19.2,18.016371835023165
16.3,16.443521896573657
13.3,13.276449192519067
16.0,15.872503434307873
14.9,13.349969072616659
15.9,15.84678633659496
12.5,11.627658310466359
16.9,17.103581387542363
15.3,16.041702257294673
12.7,13.578449928550981
15.2,14.978255612109933
11.0,11.55110295274062
15.5,15.513911498710513
14.0,14.306686031040954
14.7,13.879585326771121
12.3,12.809448773710756
15.5,15.396678163961042
19.5,18.94745849847095
7.3,8.225636708608363
12.4,12.523632160635316
18.8,16.990322248486336
16.5,17.386239746323554
15.1,15.67360543387258
17.2,17.13399351447879
12.4,12.41589003521949
15.2,14.999792647406139
13.4,14.243592342687407
17.4,17.3211957284002
16.4,16.5181291459794
17.8,17.512968579998414
13.1,13.15772045884296
14.9,13.720185655052774
17.0,17.2539899374824
19.0,18.028286458866205
16.4,16.169300078639935
13.7,13.562375154859183
15.9,16.076066366680607
13.8,13.83803221749622
13.3,12.849055822240189
14.3,15.020684490335043
16.1,16.00934711177615
14.5,14.686338944302406
15.3,15.579443714232184
17.6,18.111178819206543
14.8,14.407347996486351
12.3,11.544324054091703
17.5,15.595199495324778
13.4,13.287512057519052
17.1,17.060854615490825
12.7,14.264865054516122
15.6,15.670505886831961
11.3,11.301552877703216
12.7,12.525557304183167
13.0,12.498426832258701
19.2,18.659107801970094
9.5,8.894047777692322
11.4,12.627843487891369
15.9,16.308382193197758
13.5,14.104494317905846
17.1,17.810221756997635
15.7,15.643019219947746
13.6,13.146160795993637
10.7,12.113550269894404
16.3,15.849385022320348
17.4,17.78081139875576
11.7,12.4135184972547
16.1,16.117302492057206
16.0,15.241127923713066
15.9,15.929978508986096
12.6,11.6333932277048
12.8,13.839426375227049
15.2,14.994431096478365
15.4,15.568327805118315
15.1,15.306350079703407
13.8,13.342664773197612
15.5,14.90869536469836
15.4,15.305441476950364
11.4,11.824686738895252
16.1,16.07330757026284
14.6,14.69848969738814
11.2,11.809240510454401
12.5,13.456358458381146
13.6,13.818045266147237
15.4,15.34007179288892
16.1,16.526578124994558
13.7,11.967628476209939
14.9,14.861355000233743
17.1,17.276728788539913
15.7,15.861121168789396
18.1,17.93654820429947
19.8,18.91796674901707
15.5,15.683014857440867
19.4,18.657497243373655
12.8,13.906471670696192
14.7,14.907554210134549
15.4,15.275377998015756
16.3,17.384993560553994
16.3,16.840057098719626
19.7,18.917604359827237
17.2,18.11886080453405
15.1,14.505449213960674
17.1,17.05749245892548
14.9,14.716686081897933
14.9,14.971038640975166
18.2,18.57632944418583
12.3,12.805743204298778
15.4,16.019874769284797
12.6,12.648129845154472
13.9,13.465382884929568
15.2,15.357633776016883
16.4,16.9079955672496
16.1,15.791441867404501
14.8,14.591463923217816
15.2,14.880802920481074
14.8,14.465432806144236
18.6,17.30352418174516
15.7,15.526668886115658
16.0,16.082618795728195
18.9,18.987740381038748
14.9,14.849628806117835
16.1,15.58055933223659
14.0,14.683909294421028
16.6,16.410566371981986
14.9,15.154132515272067
15.2,15.54788264754825
15.8,15.899244935426395
15.4,15.952293446171097
17.6,16.49355545794242
17.8,18.40053821579204
16.2,16.582815639674664
19.9,19.274499215593096
19.2,17.575968551362166
11.7,11.783587754965993
16.6,15.73050630063517
15.9,15.390931303936668
16.0,13.662075988249853
12.6,14.174540833570063
16.2,15.779341099525482
13.5,13.921553639902413
17.6,17.292056909815074
19.6,19.157767609198345
17.2,17.462588718251936
12.0,11.521227482124232
16.8,16.804963885402685
18.8,17.22075169251184
15.6,16.180646133594564
10.9,10.641543700246984
19.1,18.68554366842727
15.8,15.340846117371257
11.1,10.507638633222086
18.8,18.543696829554392
12.4,12.442483360122424
13.9,13.117158604378346
14.3,14.528372033910273
15.7,15.465432687753491
10.1,11.83504472556524
15.4,15.228987558530207
18.7,18.081635070731863
15.7,15.914704161426926
13.7,14.176648590830155
11.5,11.738113779545529
15.6,15.329388257005121
15.3,15.2843889411306
15.0,15.06604695727583
10.0,9.339588711154647
14.9,15.220005477953237
15.6,14.937951215484645
13.3,14.474033451173455
5.3,6.646859635831788
15.1,15.762537826696644
13.4,14.204632419874542
17.5,16.918113153689774
14.9,14.595973908162705
15.0,14.59742185464711
13.4,13.41139107730487
14.5,15.21185379180497
14.0,13.685085633420385
14.2,13.859201095910976
13.6,13.751310889725573
15.0,15.089486059208866
11.7,11.62875955205891
15.0,15.026366475154646
15.7,16.05386935028946
17.7,17.906997248603147
16.1,15.696642698083451
14.8,14.843239373853066
14.8,14.983512739941943
17.3,17.660794388502836
15.3,15.915012543177
19.3,18.81746700112126
15.7,15.576035979524022
14.3,14.969376900029602
15.8,14.426101449324051
18.3,18.04991209678701
16.1,15.784710852913122
19.4,18.49212622363484
12.6,13.43233841023175
15.5,15.290929096714535
16.6,16.22090295003727
15.4,15.377337829151656
18.7,18.23473812470911
15.3,15.741060977685265
14.7,16.42912087053992
13.9,15.525968599133193
18.5,16.37169961715699
14.9,14.938680312465294
17.8,17.452967034623725
16.9,16.868198133452097
14.9,14.630594200192718
13.7,14.43609888125502
14.7,15.11473355918497
14.5,14.34843972834642
15.9,15.622933337115683
18.1,18.031494288676186
18.9,18.527728024491807
17.2,16.271879407489905
19.3,19.051176876353566
15.5,15.42801661606427
15.7,15.780565055865736
15.6,15.809731734334491
16.4,16.218558706523254
14.6,14.170261470309924
15.7,16.127988610518514
15.5,15.349024257451674
15.2,15.164642115341849
19.5,18.513676129747182
16.8,16.737812381434196
13.5,14.135780894226627
15.3,16.250354693635018
16.0,15.800673402496614
13.6,13.434754513305961
15.6,15.155087952083704
16.9,16.872877420337318
13.1,12.996984160830834
17.4,17.417696907374193
17.1,16.8890538267151
7.1,11.015608503541443
16.4,15.642386094143149
15.4,15.142512103644549
18.7,18.563761625700863
16.4,15.664271890884265
17.6,16.60868032783037
17.8,17.34268441310269
16.0,16.506487535254564
14.8,14.522840714369522
17.1,16.886884086270584
14.5,14.218176654336276
13.2,13.429377448221203
14.7,14.780752541526454
15.9,15.250331418705173
14.5,15.282328952249372
13.1,13.663810682954136
16.2,16.476157703320496
12.4,13.05273957837926
15.1,15.376293112929488
12.3,11.942026662029093
16.0,16.413472132160678
12.3,13.48414602302364
17.7,17.444890263461275
15.8,16.098629889049334
13.3,13.35596535456716
16.3,16.02015020217368
16.2,15.573130842749379
14.4,15.34609958564397
14.6,15.236657440487761
14.9,14.989925825124374
15.8,15.06464211770799
16.0,15.641241852885287
14.0,14.122671160926984
13.5,13.496202436832391
14.2,13.702810301503632
15.4,15.479429201979656
16.7,16.72578920019805
19.9,19.246980227151653
17.2,16.64909493351297
15.1,14.578358260105233
14.6,15.272023988585715
16.3,16.700878661740717
15.7,15.753482092404738
14.3,14.397109978453955
14.5,14.798138662012207
15.0,15.392893056035973
14.3,14.034324711217778
14.9,14.70031981295324
11.8,16.83323877051589
15.4,15.71050312758598
19.6,19.189757946209284
15.2,15.013743296312896
13.1,12.759827662055613
14.9,14.350460671761539
16.6,16.414637155983655
18.4,17.77517832344165
15.2,14.572556662664283
17.6,18.221575232921168
13.1,13.571833661844721
18.6,18.09871418858529
14.9,15.242403869739064
13.0,12.859312457401757
13.5,13.01536451780703
10.6,11.536697068368085
16.6,15.736024605226703
15.9,15.618376977032312
12.2,12.722389638714958
15.5,15.568576033667341
16.7,15.784813034963008
17.4,17.524369023449253
12.7,14.035493217757903
17.1,16.37918691561208
14.9,15.001536858006148
14.8,14.543628331241052
15.2,15.004385065549286
15.8,14.820230485522188
12.2,12.192260572279338
15.3,15.278576609678566
18.2,16.59317216454656
10.7,10.574627661088016
15.9,13.885847580619156
14.6,14.900248571739212
9.9,9.827655492350459
12.7,13.03251345276658
14.5,14.731736483518034
11.8,12.374599106260575
19.9,19.531266046629753
15.4,15.052437911333982
14.7,15.195078403605294
14.3,14.631453111031078
14.8,14.757114085950889
19.3,18.992119407572318
14.3,14.73239978053607
14.2,14.136611107671342
13.9,14.467362842173316
18.7,17.791124981478788
13.4,13.714230898302048
17.7,17.045092018001014
13.9,14.46933679303038
13.1,13.693860320490785
14.2,13.498237388586858
19.8,18.122473806979542
18.4,17.662693093152484
12.4,12.73964347760193
13.4,13.566051816567779
19.5,19.05031229025917
12.6,12.090159574378049
14.4,14.350490320826793
19.8,18.942512059700675
14.4,14.404194339242167
18.9,17.38958647128311
11.2,11.138318308920134
16.5,16.80388136811962
13.9,14.13013237832638
11.1,10.854125749785453
15.6,15.507586462103063
14.7,14.374541435074207
15.7,15.354500530898804
18.9,17.658630812808042
14.7,15.177528930569679
15.2,15.070555263830101
16.0,15.677130987227429
17.0,16.985229859832543
15.1,14.226981893196353
15.1,14.851964461460739
15.5,15.485207096964587
14.4,14.083610615847647
17.3,17.196236684321775
19.7,18.494849409005838
14.8,14.928134732070248
17.0,16.814088671133504
11.9,11.842282232450088
15.4,16.859747571201297
18.7,17.914294354981394
10.0,9.821610940503888
16.0,16.236714026716072
14.6,14.70329390081315
15.8,14.995808448908065
17.1,16.327734216614772
15.4,15.30498708577943
16.4,16.310969977115747
18.5,17.532907693603192
16.3,16.119618435390294
16.4,16.398916954814922
15.7,15.097453001046233
11.4,12.029526898637414
12.6,13.65300588766695
12.5,13.631616390062845
15.7,15.263688144565094
15.3,15.01116625398572
15.4,15.531352312958916
16.6,16.408527973806486
19.2,17.90663958140067
19.9,18.868327356991358
18.7,16.137227944738697
13.2,12.79038108815439
12.6,12.641540910117328
14.4,14.634292980656028
18.5,17.16773005912546
16.3,15.608111925219418
15.9,15.939516711354372
18.4,18.079206884576706
15.1,14.795631149900146
15.1,14.831755243125372
14.7,14.57328836582019
18.8,18.69132317660842
18.9,18.8328317735577
14.2,13.905164127616445
13.9,14.469780112767694
15.5,15.161188735553878
11.7,11.509768187795999
19.0,18.745176263299072
15.9,16.074717285058796
19.4,18.7111867495114
12.4,12.575746670685476
12.1,13.019067800953053
16.3,15.267108488740632
10.3,11.086337389137043
17.9,17.596422987175174
11.9,11.991884948631196
12.7,13.07168569136411
16.5,16.1007880877587
12.7,12.662113029160537
15.1,15.161641528180553
18.6,18.32797154696891
18.0,17.816717170586344
13.8,13.884190617856802
14.2,14.479989628805924
15.5,15.399366297322558
14.0,14.145897442853311
12.6,13.071544590056874
15.6,15.475480084307492
16.5,16.676338674253202
15.1,15.415339673698327
18.0,17.487253352766857
17.6,17.72417913013487
14.3,13.672049864951987
19.3,18.43004923305125
19.7,19.200194208766334
13.0,13.057626185938716
16.0,15.518494637159165
12.9,12.358149594569113
19.2,18.85954555857461
18.9,18.633902583635063
17.9,18.207687374459056
15.7,14.975726132179261
19.4,19.144319207494846
17.2,17.02579017899552
15.6,15.848284308074653
14.9,14.526450967343408
14.9,14.462184526142664
13.5,13.846646974652685
13.7,14.526460933004273
18.8,17.856868699978804
16.2,16.361929457183578
19.4,18.866977334488183
17.9,17.943877858808264
17.4,17.219207487331005
17.6,17.847918227518676
19.2,19.20633099856059
19.6,18.880626216938253
17.0,16.183675925189164
14.9,14.597632860328304
17.0,17.078663196472917
8.5,9.267082338192267
16.6,16.321680579589156
16.1,15.660064464522293
16.7,16.596676506916992
14.0,14.258342443641595
10.3,10.720777869661106
17.2,16.951008128904505
18.8,18.27678482964984
16.4,15.85841968952991
9.2,9.639781815436436
15.4,15.697598388236656
17.8,18.226300483423984
8.2,9.489634560362902
15.9,15.591831993166124
13.6,13.992288169189123
16.9,17.69253645162098
16.0,16.081898767417442
15.3,16.16404817898001
16.1,15.526836444594664
15.5,14.470614792808192
14.8,15.07664664285221
13.6,13.808030029031215
16.0,15.411209121288266
17.5,17.5777707731213
14.7,14.96831823714274
15.3,15.407841223743162
11.8,11.974870684265625
19.9,18.631629145529587
14.4,14.147827618842712
19.2,18.1504936866113
14.8,14.643941647380416
16.0,15.625870807167303
15.5,15.184958928613923
12.0,12.744279461796395
14.5,15.189090652966115
14.3,14.028594859881196
15.6,15.256532549572512
15.6,15.438255464541726
14.6,14.266643485316308
12.9,13.499528502903559
16.3,16.242758482716454
15.6,15.685903220957698
18.6,18.01375251862919
17.8,17.809851743586478
14.8,14.350314097973751
15.7,15.497722339147003
15.8,14.949778224516194
17.6,17.530143106261676
18.1,17.708575770433526
14.7,14.559229753271211
14.5,14.532947934465483
16.3,15.937986166849441
15.0,15.198891399777494
9.5,9.79962349589914
15.0,15.052505166240735
14.7,14.456860543054063
15.8,15.033357672960847
18.3,17.95208308135625
17.9,17.548368146439316
14.1,13.847774082154501
13.8,13.440164510189788
16.3,16.74192023980504
17.1,17.001306946127443
14.7,14.987108559114859
16.3,16.161323610402178
16.0,15.541286267520263
15.4,15.091910435119644
15.7,16.077668598991295
15.4,15.429548351821722
18.5,18.52534036544239
15.5,15.515485532043385
14.9,14.714390257227933
11.2,11.16576072719181
16.2,16.31106182336225
10.5,10.920972446554515
15.4,15.078220454975963
13.3,12.684684806328733
15.3,15.087074273003964
14.9,14.81953837195033
16.4,15.93898481078213
17.3,17.896044465745945
15.4,14.9884298631805
11.0,10.349612823114512
15.5,15.252457703962136
16.1,15.495059099092032
15.6,15.244174284714973
14.8,15.033365074026733
16.8,17.337588746948313
15.9,16.009269985897845
15.3,15.377469951932653
14.7,14.898954262782354
18.0,16.342791082162876
17.4,17.842887416776648
16.0,16.97235319284664
14.6,14.547756095322256
14.7,15.135666448171833
13.0,12.687668758735526
18.0,17.784044870757498
15.2,15.524208653154346
18.9,18.74562358532421
6.7,7.16926746748868
13.8,13.997124293164234
15.5,15.885109373946761
14.3,13.988505391205763
14.5,14.6673892810104
14.5,14.740597065367183
19.0,17.689873914350756
15.3,15.244061969005998
17.0,16.287683499976993
19.9,18.335998689988628
15.6,15.908394746096747
14.7,14.163806754164398
17.9,18.041972859737143
19.1,18.649198787170462
14.9,15.012463911261875
16.5,15.969359725248069
15.5,15.357209699694067
11.6,12.489432041882537
18.1,18.055237659194972
17.8,18.03753488190705
16.8,16.038877105136635
15.4,15.03064213210564
15.9,15.714248729898827
14.8,15.272760758500226
18.0,17.953572432044894
15.1,15.174307357432554
10.3,11.370973773591686
14.6,14.74075723270289
18.4,18.370958887593588
18.9,18.668375804205425
19.9,18.076357523146726
14.4,14.599495098569605
17.8,17.845086673274636
15.5,15.972257976278343
16.6,16.245271269952354
9.8,9.343174054054543
16.7,16.734223942072276
16.3,15.249303498349036
17.6,17.483221141130343
15.6,13.142578240542207
16.5,16.416862697722536
17.0,16.700388681754703
15.9,15.725799276784528
9.7,10.854979486088268
16.8,17.119466026346345
15.4,15.057449623287539
11.1,12.309775340836495
11.3,11.85333521548091
14.6,14.67578196868999
15.5,15.10273318644613
16.7,16.13930895386511
16.0,15.77748697513016
17.0,16.69854064032552
18.1,16.57754111586837
19.9,19.131322199915303
19.7,18.509762891451828
15.6,16.13876339588751
16.4,16.205555764088786
16.4,16.392159129565698
15.0,14.530335055897012
15.5,15.070216021529632
15.3,15.298110190520674
16.4,16.673908529737673
17.9,18.330658497594413
19.7,18.279474653674697
18.6,18.93348475771927
14.6,14.658148894353872
14.6,14.789139165732195
17.5,16.98872720115469
18.0,16.974898780492367
12.7,13.057147941235598
11.1,11.543726437234
18.4,17.390701586962678
17.0,16.588309714545176
15.5,15.413097503696918
12.0,13.025148715998512
12.1,12.34343314092257
15.2,14.810922883902094
15.6,15.582666990201687
17.7,18.17504433589056
13.8,14.17526352519053
12.6,12.03562036526273
16.7,16.80105555971386
14.6,14.290909171453677
15.4,15.348673540516756
17.4,17.62339409262495
17.2,17.45037636483903
15.5,15.811831933595386
14.0,14.106873663462466
14.4,13.977554178411083
17.4,17.695262405199173
15.9,14.077478372873884
12.6,13.425541456206702
15.2,15.19288251711987
15.7,15.886536554309714
12.4,12.57276434274172
15.5,15.360733116598567
13.0,13.12678022266482
17.1,17.359049774204323
16.4,15.739996764168609
18.4,17.654037391825113
16.0,16.629911856463877
18.2,17.80308424550458
14.0,15.26458752189501
17.2,16.98659900531493
19.7,18.68827644214616
13.5,13.36423842727163
18.1,17.944305286542658
16.0,15.995046179443307
14.2,14.034932590380777
18.3,18.781189095112495
14.4,13.395317341874033
13.4,12.977899496530881
13.6,13.700034640874946
13.3,13.566223867761437
14.4,14.614234059030423
17.2,16.03716190655541
15.1,14.115449191731386
16.3,16.578463897341862
15.7,15.794544630683959
19.8,18.517397783929482
19.0,18.60184082854539
18.1,18.174581760482397
18.9,18.285676809435245
15.4,15.446642202266958
14.8,16.15156705040681
16.5,16.416646832039987
13.6,13.997764420433668
15.9,15.338912081817398
16.9,16.871378474017547
15.4,15.052310556671728
16.2,15.770449183699384
15.3,15.207728443281667
15.9,15.466220583555696
13.4,13.897325325320708
16.1,15.61477745953016
14.9,15.384450677549466
12.2,12.478638542525005
7.6,9.751811658294173
16.2,15.117186428688
15.6,14.994357120216591
15.1,15.637213045387398
15.3,14.892280184885749
15.7,15.4458970449341
18.9,17.765378295560367
18.2,16.649751615354035
15.4,15.040157089177228
18.2,18.554575418238528
15.8,15.650742787085619
16.2,15.748180261987727
15.1,14.992942943812523
14.7,14.436163973383373
17.0,17.07821546404739
15.5,15.303177221794613
15.7,15.88365578520461
13.7,13.076272961799987
14.4,14.39621175418506
12.0,12.330202694342006
17.2,16.84896597678744
15.1,15.200036454567453
14.1,13.865536995101138
10.5,10.512676843442023
13.3,12.97972881703754
13.2,13.368675427773269
11.1,11.91293668246908
14.1,14.587433430191595
18.2,18.140542123524938
13.4,13.594927627917059
14.6,14.9144639512524
16.2,15.60609671389102
11.7,11.964294313685969
15.4,15.11262949090451
15.0,14.620152511522974
13.4,16.357818199763642
18.3,17.62480033285101
19.9,16.01673254900379
19.5,19.378960421483498
13.5,13.227130721736103
11.0,12.048987227492034
14.5,14.263511220771761
11.1,14.050522364623248
16.7,16.43458536217804
16.0,15.943776790925767
13.7,13.165868997195503
12.0,12.274420082307188
11.0,10.964153749926481
14.6,14.574889805666317
15.3,15.367551355539035
14.5,14.30391894924469
12.6,13.493289306410588
13.9,12.912540929217357
15.2,16.520248872318916
18.4,18.852759869594593
17.7,17.840555689086614
15.9,15.195666026171239
13.6,14.350888988687075
12.8,13.627940460637546
12.2,13.153306382155279
18.0,18.193242609326262
18.1,17.674139663780807
18.0,15.127528993674787
19.8,16.621695642883424
9.5,11.383980891725514
19.1,19.048112660151673
13.0,13.292846646305406
17.3,16.91868378772415
17.1,16.48989741949481
12.2,12.790244515286759
13.7,14.225729806308664
16.5,16.57422353516813
11.6,12.467705601622583
10.0,9.086739949299954
17.2,17.22848451693426
15.0,15.506281132882577
15.2,15.660896822117138
17.8,15.881119991274318
9.4,11.41797539574327
11.2,10.714950772817247
12.5,13.129478558461415
15.8,15.888603093251731
15.7,15.64077039626136
15.0,15.696665733819827
11.2,10.814870909205638
18.3,18.520035178924445
11.8,12.122445743530989
17.2,17.68581433822692
19.5,19.094322732882574
16.7,16.063128767098533
15.9,15.343581787459698
18.4,17.92045369114203
13.8,12.85957768803928
18.8,18.70902036788175
16.6,16.46475704794284
17.7,18.034112832774554
18.4,18.347480181459105
17.8,17.60544968015165
16.0,16.786525883857394
15.3,15.917046509712236
10.5,11.336030218895758
19.5,18.78404923423659
15.4,15.378420671422646
14.2,14.411967090563849
16.8,16.401992551491276
18.7,18.16317858736147
19.6,16.877501860875782
13.3,14.218472883721915
15.5,16.262651828466915
12.9,12.66877071763156
11.3,11.796479980752338
15.7,15.396225714332104
15.8,15.382086349185556
19.6,18.856521082518157
18.0,18.47704234815319
17.7,17.446290203799435
18.2,18.508520273389877
15.7,15.867692478670506
18.8,18.71056665442302
16.8,16.389523857884342
16.4,15.627845143950253
16.7,17.4987462204881
16.1,15.62626025933423
10.0,10.118745785031933
19.9,17.359081117087044
16.9,16.651984730284312
12.7,13.379265940748155
15.6,14.869917302377871
19.3,18.763676320493687
14.3,14.38153113226872
14.1,14.157438693302538
13.2,13.612377851037309
11.8,11.805683049897198
15.8,14.685393545369152
10.5,12.541286359133665
14.5,14.946883859496666
15.0,15.186889506177977
11.8,12.688954934536014
16.8,16.594053122320474
15.5,15.577852906191765
16.3,15.89439928298816
14.5,14.086218192664091
11.2,9.922868184454273
13.8,14.327576915791724
11.3,12.233140186846867
12.0,10.765468814177439
19.6,18.91317464207532
17.2,17.202143020134827
14.9,15.182933469026466
15.4,15.309713726022892
18.3,17.97742905531777
12.0,13.044432095459342
14.2,12.983225901029073
19.5,19.166540423582774
14.5,14.370481787453173
16.4,16.762619188437384
14.9,14.906800664995899
12.8,14.11755057494156
19.1,18.98619857124868
17.4,16.75979640695732
15.1,15.05872699484462
13.2,11.445787158038002
13.3,12.484391369856894
15.7,15.599437198310625
16.2,15.99419635731465
18.5,17.98914169985801
12.3,12.306710327247856
14.8,14.802521352597978
11.7,12.626534773851745
18.3,18.34937462909147
11.1,12.078616784885526
10.2,11.016187116212677
18.9,18.3517188874539
15.5,15.700472237065696
19.6,19.111681600334123
13.9,13.479080276272725
19.0,18.07589941576589
19.1,18.056521773105487
11.0,11.264720426406711
16.5,15.63907565534464
18.9,18.49973709625192
13.7,13.600238055170848
15.6,15.976479664561339
11.5,11.956456495063321
17.8,17.715641433664132
15.9,16.116743345442956
11.8,12.234241151250899
10.9,11.25577797438018
15.5,15.60991453713359
17.0,16.916099749767454
14.2,13.76762814804897
14.0,13.53923678488718
16.2,16.549078298005043
12.1,12.687733547674725
19.9,19.515723583550425
16.9,16.399539579986595
15.2,14.327903283410706
15.8,15.883791921602096
15.1,15.250220119185542
14.1,13.718089894580771
14.8,14.460331105456135
15.0,15.737941985134967
18.9,17.959063850259554
12.6,13.276889378354099
13.7,13.605937059852295
12.9,13.162022739914391
14.6,14.753876591916196
17.5,16.684398731042165
10.8,11.041967672645114
15.4,14.458760089008138
14.2,14.78990609993889
19.4,19.054472283256473
12.4,11.92529188352637
17.7,17.97053145163227
13.1,12.7998369547131
19.7,19.027142199658556
15.1,14.79681581247496
17.9,17.84660467065987
12.7,12.027175501250895
14.6,15.206732012768043
17.6,16.545480946806492
14.0,13.620922097907169
17.1,17.106804866998573
16.0,17.415672224626178
19.7,19.458058676827932
17.6,17.702329211144388
15.4,15.640658822077967
15.0,15.385549049507972
9.8,11.118525917379884
15.6,15.750033114702092
11.0,11.853266205551336
16.3,15.838865784044174
13.6,13.11946043802891
19.4,16.782408113853307
16.5,16.215762536448892
19.1,18.552416382008232
15.1,14.680620088101932
16.4,16.572189781989437
11.6,12.836823698806256
14.9,14.82081989076687
11.8,13.261268921924056
14.8,14.585218958971382
14.7,14.267067368164135
17.0,18.271660489408532
8.5,8.948154169658665
17.8,17.298750716527138
14.9,15.008424041403487
14.5,14.92555669003923
11.1,12.556150168680688
13.8,14.805532429691084
9.6,10.333510409574956
14.9,14.746918024568004
15.9,15.970223346725106
15.4,15.739598876913078
19.5,18.78118824941339
16.1,16.091359507459856
13.3,13.471185955979308
14.4,15.16043146991069
10.9,12.180656410520896
13.8,15.411872606608085
15.8,15.260376951191574
15.9,15.893893455671787
15.2,15.748064857383724
13.5,13.62434095385106
14.1,15.14756496832706
11.9,13.151130341691896
19.9,18.015124363126233
16.9,16.925578747832333
15.7,15.047985149016313
10.8,9.962757042027079
13.5,13.357784588035429
16.9,16.06174851563992
13.5,12.993799823834706
11.9,13.306057934334603
15.0,15.188737835007487
13.9,13.610561388661154
12.0,11.72278593361807
16.5,16.0300422838518
10.9,11.814752161881188
15.7,15.280270326213213
15.8,15.534527279021859
12.0,12.682031310388993
14.5,14.703811314568156
6.4,7.067797508323565
17.3,17.40501400953508
13.0,13.30580947524868
12.3,11.541505771281663
14.4,14.52097628285992
12.1,12.462721564777894
12.1,12.235333557560807
11.8,11.463704960100586
16.5,15.622729474693188
14.1,14.239068721653894
12.7,12.067020993770711
11.4,11.23049613434705
15.4,14.721705103991553
12.2,12.278436860564398
14.9,14.541846212814562
15.6,15.600276104556542
13.1,12.655589985399274
10.8,10.40456379938405
13.2,13.718431162415072
14.4,14.105669377418963
11.8,12.154391641413895
14.0,13.871443996460584
14.6,14.097738462942289
14.9,14.794041707820725
14.0,15.119533735924051
15.4,15.568285470275441
12.1,12.104593495023437
14.7,14.741321420122404
16.2,17.70613093924476
13.7,14.139717452868354
13.2,12.914387570257531
15.4,14.866791671962346
15.8,15.776509711198742
17.8,17.275183698511682
13.9,13.866706460252317
14.0,13.878760662832065
13.0,12.656827177863306
16.9,16.84365222897395
14.6,15.744161836017156
12.2,12.26027600420639
12.4,11.984377122600563
14.7,14.624835504690054
14.8,14.436739778408082
18.8,18.42475702939555
13.6,14.174356116709532
15.0,14.57395135711704
11.1,10.265036132448586
11.2,13.494345726096071
15.6,15.385581044421997
15.4,15.656878570000117
12.0,11.209303909679875
15.5,15.469349826977123
14.5,14.73665238027752
19.3,18.42547426361125
14.1,14.465685635650516
19.8,19.217885235964786
13.0,12.98635743453633
13.2,13.710891593364067
12.4,12.436228736667545
14.6,15.4007348317391
11.9,11.721738994237967
11.6,12.118397420043038
13.1,13.618831183412112
13.7,13.90754863381153
12.3,12.107881835112494
12.1,11.887348621792626
14.7,15.671294337065774
16.0,15.890642828657292
12.0,11.567690121359192
16.2,15.639258610724937
11.7,11.041714122344274
16.1,15.921783752157353
11.6,13.196849230560474
15.1,15.160515579022103
12.2,11.904105638212059
15.3,15.038648361023661
13.4,13.818914673960535
11.7,12.981070439796895
11.4,14.106973495019702
15.7,15.463618384796064
4.9,6.46957817429211
11.5,11.61924988188548
15.4,15.276713066210505
10.4,11.907400182099082
19.6,18.841467305028345
10.9,12.113091872539371
12.9,13.21311725043779
14.7,13.575239937577862
14.0,13.808569967804942
12.5,12.603925982577493
13.5,13.50408799861907
13.6,13.70752427354455
15.5,15.305844786900707
12.5,12.112907743314281
16.1,15.92962181911571
11.0,10.581526655354537
10.8,11.615413683000952
11.0,12.453844264586223
14.9,14.634483008854659
13.0,13.120356287286995
11.6,12.38310694086249
15.6,15.267903829109855
12.8,13.358455387875438
10.8,11.028615674120374
13.5,13.60543961028452
12.7,12.57773550946149
18.3,18.661421989752853
18.8,18.214082924183458
13.7,14.082421820232412
17.3,16.48033176449826
13.3,13.054771329741925
12.6,13.08089459207622
12.8,12.780729323334526
14.6,17.273723357211566
14.2,14.59443607443609
17.3,17.795919911644887
16.8,17.11856548837386
19.4,18.90729535196442
19.5,19.365983095485717
13.2,13.304305789410137
13.8,15.461897204833804
9.3,9.953752838482615
8.4,13.080603287706253
18.5,18.76934428876848
15.5,15.531023197596369
15.9,15.008876415759005
16.4,16.758473097932438
13.3,13.457431372462452
14.1,14.024343717348529
15.3,15.985127108564484
13.1,12.634327284918982
13.8,13.96034319861792
17.8,18.062546640925575
14.2,12.913819347275421
14.1,14.048264986287904
14.8,14.222997250879416
16.1,16.403442920709495
19.1,18.424571847252082
14.1,13.235087247157935
15.9,15.88205689942697
12.3,12.15123494385989
11.0,11.622094640391879
17.0,14.549782536696512
19.8,18.5432524564294
16.9,16.261078268202255
15.1,16.07830184640443
16.1,16.272184646535607
17.5,17.503388086304767
12.2,11.875510965153808
12.4,13.631589309050469
16.6,17.236102983581077
17.9,18.121771742473356
14.0,13.591331997682573
18.7,17.747996648948174
14.5,14.677061234018765
14.5,14.837282625521766
16.7,16.739260897156782
15.1,14.850880770047297
13.6,14.121659419521166
16.3,16.689205506729195
17.4,17.889180393744027
14.0,13.928127164952457
13.1,12.798318139102776
14.8,14.915314665753613
15.7,16.10669743246399
19.4,18.736389119381784
19.0,18.879804780095583
12.3,13.207248005201109
17.5,16.005255502532236
19.4,19.59770813578507
19.6,18.684398068959126
12.8,12.97449656680692
10.7,10.904633213882335
12.9,12.436695380485617
9.6,11.423465835512616
11.4,13.503984592185589
9.2,13.276423274655826
8.3,8.867381691001356
15.4,15.028166748499643
16.0,15.96303027801332
12.9,12.800255924608791
12.3,12.094221758219646
14.3,14.03556918608956
13.2,13.468628288454056
16.9,16.456100208044518
19.5,18.677936187537853
15.1,15.333058027084917
15.3,14.661897711590427
17.8,17.996879819838796
14.3,15.174516287981533
10.3,10.079911641660146
13.2,13.276887845864621
15.6,16.674707764177583
15.1,15.079408747405978
12.3,13.477724701375337
18.3,17.810533955567735
12.8,13.395036632602569
15.8,15.76524680642433
15.4,15.600186840460083
17.8,16.53482670104131
13.1,12.377693330403417
15.8,16.001121947192587
13.1,13.635915558319539
13.2,13.545597562770126
15.4,15.077789057417249
6.5,8.87766450154595
11.9,11.988586466002744
13.7,13.953886222301662
13.9,13.329269817011664
13.3,13.531315837106376
14.7,14.90984156122795
15.1,15.16301017650403
13.9,14.11190749245543
19.0,18.695400499622338
15.8,15.062962638505269
11.7,12.326552762300707
17.5,17.530558020429453
6.3,7.301489706558641
16.2,16.151504424662562
15.3,15.373602022009436
12.3,12.15021615344449
12.5,12.511385198831704
16.2,15.859190247079823
14.8,13.373447764199227
16.8,16.605329877347685
14.4,14.4260450709844
14.7,14.422981032708776
18.3,17.701894609082956
12.6,11.870005441596732
19.6,19.124673251295462
18.7,17.73905305020162
10.6,9.459761079531745
15.5,15.266514715363883
9.5,8.77127033029683
16.5,15.493808485713089
13.6,13.608915064338362
11.7,11.773656547477003
12.3,13.204166075423927
15.6,15.469981190632097
17.0,16.22438735648757
15.8,17.09151430608472
18.6,18.343213826185092
14.2,14.118223537312588
14.7,16.211594751293887
12.8,13.184665819575457
15.7,15.399734366772464
14.2,14.43080013524741
15.9,15.427662831123598
14.0,14.314827305503059
11.4,11.522336293128319
11.9,14.56655672661691
13.6,13.910510272893589
12.8,12.50034961745041
15.0,15.235681570949964
13.4,12.352610298956279
15.8,15.415346606285311
15.1,14.888557172005676
15.7,15.150260260972573
16.6,16.502829880779245
15.4,15.045431835900672
14.1,14.352910802088445
13.3,13.266735691344365
13.3,15.339127053361153
17.2,17.35706840241619
17.4,17.604031409267918
15.4,15.573064608353889
16.6,15.960467023036472
16.6,16.89184287568787
18.0,17.59642594741308
14.9,14.86924027799978
14.6,14.296719589125132
14.3,13.92855241871439
16.9,16.630651831481373
15.8,15.098522270069225
13.5,14.777780695279944
6.9,6.883891155885067
14.9,14.440443727424281
15.2,15.886510514188558
13.6,15.97890795452986
18.0,17.853439676749986
17.2,16.107152600108748
16.0,15.945377311552875
17.5,16.904651128832484
15.7,14.894221816346544
12.0,12.045627515995875
16.2,16.54551542593981
15.7,15.071429999981774
16.2,15.505893989291508
13.1,12.359802087536082
14.4,14.540865187944291
14.5,15.005108128185384
17.6,18.104347080399748
15.9,15.828740093216766
19.7,17.773420204430295
17.9,16.548095707134053
15.0,15.114296918360196
15.5,15.269119673612295
14.8,14.923164054434892
14.6,14.577763682744262
10.5,11.082219896023162
16.8,16.54167436667558
15.2,15.072787359007634
18.8,19.23187302253791
12.4,12.595033152731048
16.0,16.549976198166405
16.6,16.332646738912445
19.6,18.637505472637713
6.7,7.8415114094968885
7.9,8.975195916194934
11.3,11.33544516353868
14.4,15.11867951383465
16.0,15.601226549122657
14.2,13.881516207329696
13.8,13.785158393409802
16.0,15.653331806330243
15.1,14.984566091705346
13.4,13.644554171623895
15.7,16.381032161647454
15.3,15.115325622231467
14.1,14.376372753555188
11.4,11.195203079667408
14.5,15.000545658351257
19.2,18.58533501729835
11.2,11.032597596640699
15.9,15.898307563737035
16.3,16.144905734403437
15.4,15.276257796684149
16.5,14.898219744907692
15.7,15.29490122696734
19.7,19.20302175611141
11.9,12.09787558123935
13.5,15.520659880305175
16.5,16.088170543895103
12.7,12.570122365199495
16.9,17.717212984192884
18.0,16.557325510017108
15.3,15.469336951704463
14.4,14.319501531383139
12.7,12.852983277436579
15.2,16.576086596593086
15.3,15.873220099296304
18.2,18.235860035296355
14.5,14.670134889602195
15.5,15.551005955829169
13.5,13.750435003894381
17.5,18.258028367359657
18.4,16.959040643647313
15.6,15.218158640171168
15.6,15.44747587524762
14.2,14.06552303652279
16.9,16.111727901472477
16.3,16.757140470032027
15.0,14.583241625430674
14.5,13.537743670196505
13.6,14.768885892932303
19.4,18.011907743348274
17.0,16.422865814010947
13.5,13.533555283840542
12.8,12.506196025909958
19.5,19.062374694214668
14.8,15.013569504779298
15.9,15.53757314995164
15.1,15.324491535982816
14.5,14.810226414239878
15.1,15.20344423325696
19.5,19.25011273814016
19.1,18.69652501231758
13.2,12.372856841015164
16.6,15.834178168028302
15.7,15.566678150840744
15.8,15.652969857466815
14.0,15.736505088603735
17.1,17.421919083746616
15.6,15.641831454871863
11.5,12.148515410721302
18.4,18.69511200056877
15.6,15.35755035773036
13.0,13.563082196829782
15.2,14.964104258519
12.4,13.323124890623149
16.2,17.665045794157777
13.2,13.420567042252515
14.6,14.325834788294742
15.4,17.101481556150247
12.7,13.69394966866821
14.5,14.345268832348665
9.8,10.733350347436499
17.4,16.303962237696396
16.7,16.550239424337633
18.9,17.513217555941083
15.4,15.527316268100549
15.1,15.63298638787819
14.7,15.106418418232352
8.0,9.667082832427695
11.7,12.903083269717172
15.0,15.04315012099687
14.6,14.821607333982683
16.5,16.238025225669844
14.2,13.910423952504061
15.0,14.346156479412457
18.5,17.35752637841506
15.4,15.303856444807025
14.3,14.296156643271388
14.7,14.37413635358098
11.4,14.477674641238991
19.7,19.12353537627496
15.3,15.579094227918176
6.5,8.83145058597438
19.8,17.352543652872555
16.1,16.058153687539743
19.5,18.43797023393563
12.3,13.039304424979491
9.7,10.233761491341284
13.2,12.826920571147639
12.2,12.084676768514328
13.5,13.8427982811736
15.6,15.642028397676768
19.0,17.54184858762892
12.3,13.349970013048733
8.6,9.533519119024277
12.3,14.120567157166079
16.1,15.256984008621657
12.2,12.24874784165877
19.1,17.96784711140208
14.4,11.791644818847999
14.5,15.646824311552336
17.1,16.940101119340397
14.0,14.04749510451802
17.1,15.729842339031165
13.6,13.784356326585112
15.4,15.4119555351499
17.9,18.175141351734055
14.5,14.874482622544747
14.7,14.711218382624793
18.8,19.086275090259733
15.3,14.977553865872324
14.2,14.37557709097382
17.4,17.328914648562204
15.0,14.95687334574177
13.0,12.282273525695928
14.9,15.703323974099476
14.0,13.833322374475756
12.8,12.495031626836862
11.6,11.211667029594537
12.6,12.61657780018868
15.2,14.817638876455021
14.2,14.77433933129032
15.9,16.081938939478277
16.4,16.886022400402
18.1,18.688224604498828
10.2,11.678618277514033
11.7,11.633492219407344
14.0,14.532057735777926
18.5,18.38579732226208
13.7,14.045674688124564
12.3,13.18606258134787
14.7,15.055359555557516
14.3,13.92611045531521
14.7,14.474986726039788
11.8,12.185606232262217
15.1,15.19549674330301
14.2,14.76537143427413
15.8,15.576111517606478
11.5,12.523071421659552
13.2,13.684360044891946
12.7,12.32310163776856
13.7,12.992398069178307
16.2,16.324929050926585
15.7,16.550942590052728
18.0,17.3409064191801
15.5,15.170262437028214
14.6,15.006587244279217
15.6,15.017871191143058
13.9,13.952001910456602
15.0,14.824781656381674
19.1,19.034492840786697
15.7,16.182064251863267
14.9,15.04627020037151
15.2,15.035321095434483
17.8,18.05309698288329
15.7,16.02652340401255
15.7,15.996268649527337
18.9,15.749409091833513
18.1,16.024926101556048
16.2,16.417711740232335
15.1,15.464940710277006
16.0,17.17185132364102
15.6,15.102542574284598
17.8,18.191732863444486
16.0,16.526224687695503
15.4,16.19814347998181
15.6,16.658026826029527
15.4,15.469184129880887
17.2,15.907962313101962
14.9,15.9995703304794
16.9,17.711679423249734
17.7,18.388815172438626
14.5,15.759498634623014
19.1,18.12446056472254
8.4,8.805196061264724
9.0,8.756060827989131
15.4,15.436307386149565
14.2,13.193930348177673
19.8,19.121852564974688
15.6,15.63702498771454
10.0,10.71834510716144
9.7,11.294599006418139
15.2,15.253936871687984
14.3,14.199552080626745
18.4,18.89691631347523
11.6,11.762627259944566
12.2,12.309160903758311
19.8,18.773352372052614
15.2,14.858815518695337
13.6,13.301963458736282
13.9,13.224352332443232
15.5,15.088343462062767
14.6,14.353039641928262
14.8,14.826143877380673
13.9,13.60112617537925
16.0,15.770056595436472
15.3,14.743653139015805
15.4,15.07707101932101
14.9,14.055751411448
14.4,14.784264874935616
13.7,13.766580224797508
11.2,11.790031173324678
15.5,15.348966729743552
14.2,14.077424719176634
19.6,17.929162258194992
14.8,15.044016859610565
6.4,7.971009672415676
15.3,15.070554716439801
14.3,14.594282214413397
12.4,12.085287179914303
19.1,18.72658312288695
11.1,10.875906455738004
16.1,16.0868801450124
16.4,16.33094081224408
14.9,14.614192759428988
15.4,14.896674010175047
9.4,10.172958243929315
16.0,16.28384561187704
15.2,14.77831882544524
10.9,10.979831722506788
14.8,14.379230830385495
9.8,9.771910464158282
15.7,15.88936691471099
12.9,12.75849032116821
10.0,10.668016315801651
14.8,14.586699678504374
15.5,13.90742429610691
12.9,13.254725909180706
15.7,15.292855699954089
14.4,14.54988337220857
16.2,16.18575274941395
19.4,18.698484494816512
13.4,16.25618862308329
15.2,14.257103930111043
17.7,17.55445795887499
17.0,17.513455046660965
15.7,16.178983000956578
14.7,14.769310533913085
14.9,15.031418307433341
10.0,11.111947053897893
8.6,8.627697710646316
8.2,9.000971181143541
17.7,15.169171641435241
15.8,15.148062077932991
16.9,15.582400414103176
13.6,13.267582742089871
11.5,13.684428928478155
14.8,14.73548344647861
11.8,11.739330416312441
18.9,18.390383891150123
15.5,14.492804055975284
10.3,12.401130719896173
13.9,13.762168186483905
15.2,15.165739451651461
12.4,13.244796873419546
12.9,13.298494753718842
14.8,15.530591983682825
13.7,13.175216241332237
15.2,14.969175638692832
15.6,15.382773805147735
14.0,13.863584589009406
12.0,12.400305821327493
13.2,13.294611197081394
16.0,15.779909061995568
15.3,15.449765246419702
15.7,15.538221434733714
14.0,13.703853082610294
14.5,14.402148842716997
10.5,10.96107718339772
14.9,14.883727795851883
15.1,14.971218960854458
14.1,13.823634040454635
7.9,8.664894126355648
13.9,14.110088335841283
16.0,15.906474368644922
16.9,18.24066351627698
14.0,14.156159246558673
17.0,18.11041652849235
18.6,17.62239984865846
16.3,16.314194354694337
19.3,18.32600251113763
17.1,17.576730828732252
15.9,17.92262951048906
12.8,12.499481264327187
15.3,15.601093217439484
12.3,12.59450390468919
14.1,14.020353614730993
16.1,16.21877944818698
19.0,17.70382753017475
15.8,14.785236870433437
16.5,16.833047097432427
14.5,14.001288427141844
13.5,13.645463456166908
16.5,16.917709160610684
13.6,13.1779422769323
12.8,13.254401332891575
14.0,14.079793640288699
15.0,15.435049642575905
10.2,10.843536756554386
16.3,16.29888534132624
17.3,16.95668841956649
15.6,16.362535633699736
15.9,16.661436645772483
13.0,13.386850148264784
15.0,14.822197372850496
15.1,15.310905760828973
16.7,16.146508126403205
14.7,14.785100936278468
14.9,15.576322351262206
19.3,18.524827476372593
12.0,12.345128543965984
12.7,12.868168318032986
13.1,13.312219622079283
11.6,11.493263200711226
15.2,15.072304773351789
15.1,15.090526599320583
15.2,15.70340488597867
13.3,13.391411407181295
14.3,13.820101739538586
14.5,14.404767005471513
16.0,16.134603217826225
12.7,12.921216752234614
13.2,13.813421836850466
14.3,14.941634557850193
15.6,16.01629515712557
15.6,15.136709683480149
10.9,12.507996555359568
16.1,16.171504191883287
14.8,14.64534743357217
11.1,10.470525380107574
15.5,16.32892492748215
14.6,14.774265861895401
15.0,15.10159875095087
10.9,12.250880189385498
15.7,15.53928612460004
13.0,13.393727940338067
10.0,10.306107165757567
11.8,12.640953668189468
15.1,15.441283045103773
13.9,14.434624523801176
14.8,14.637995937286178
15.8,15.117964505654527
11.7,11.987793897860684
19.8,17.192281203111634
14.5,14.813211077158485
15.7,15.514151689887512
14.6,14.58313769788947
18.3,18.100146486773156
8.0,9.39325806609122
13.3,13.80115913253394
15.3,15.433252079434169
19.1,17.762846805679146
10.9,10.10826953157084
15.6,16.36511090886779
16.8,16.60271927402937
16.1,15.667439944074431
16.9,16.80516578705283
14.4,13.72397522299434
14.9,15.058404302501003
18.5,18.252104333005263
15.7,15.181765970308334
14.4,14.659075791976647
10.9,11.575210243521724
16.1,15.96194294388988
16.0,16.04043408220423
14.1,14.060259946330916
17.1,17.099127352819778
14.7,14.408337109605782
15.4,15.75306812067356
14.8,14.970609755542682
10.1,9.292497939692112
14.4,14.300507248513895
16.1,16.27922739077985
16.7,15.442180001575252
16.6,16.44253109168494
12.4,12.388966960948892
16.7,15.663641370685582
16.5,15.644464265089482
18.5,16.817089827993186
14.8,14.5562113027554
15.7,15.539226862165378
15.6,15.180769795493688
19.5,19.295548941590823
18.2,16.86210957900039
15.0,15.069887421606836
15.2,14.73635902625756
13.1,13.4246831581695
18.6,18.30673130636569
15.3,14.993673474265961
17.1,18.07532981831173
16.5,16.2312744424853
19.8,19.232456856116187
18.7,18.251062839786755
13.4,13.744468923865497
15.1,14.995185865735039
13.4,12.565521527692908
13.5,13.748095742834266
16.2,16.2101377975996
15.3,15.463216028896568
13.2,14.55436647755414
14.2,15.404919663007604
18.0,16.305575325037353
15.4,16.1649076467329
15.0,14.592348271398805
15.7,15.353755462390836
16.3,17.080917302839225
17.5,19.978693861339707
11.9,11.970801985124126
12.5,12.898539165005786
13.9,13.669663563796348
15.4,14.72624736619764
15.7,15.669475328217231
13.2,13.557537733286154
14.3,14.353872337349458
16.7,16.526387875550427
15.4,15.234885195735842
16.6,15.469689333605857
9.6,10.27347602986265
13.7,14.166394758969545
14.7,14.40526815870544
18.6,18.287583013967378
15.9,15.480876815770898
19.4,18.64073757865117
15.2,15.762429160275133
13.3,12.271386975626228
15.4,15.22188835736597
17.0,16.715758140169783
16.0,16.409901235834695
14.2,14.043437223728688
9.9,10.724372385942843
18.1,18.41698020248441
14.0,14.305516992804769
13.5,15.244589684647508
15.4,15.278562271181727
10.1,11.969157794606872
14.0,14.360030435607769
15.3,15.50231175000954
12.1,10.803592977666995
14.3,15.114195331814699
13.8,13.63215518501238
13.5,13.88880050170701
17.4,16.60894830993493
15.1,14.969306902974495
15.9,15.745304976066109
10.1,11.157047715503722
14.6,14.925446647263016
17.7,17.92834052530816
12.7,12.887364011723548
17.1,17.672855094715487
16.2,16.774727896263357
13.5,13.706820214749314
12.2,12.533361354988301
14.5,13.33919802564742
18.2,17.220593354897574
14.4,14.634312310576206
15.7,15.135397320880656
12.9,12.724156152718933
13.9,13.267698645504424
17.6,16.279295033571543
15.2,15.388648418003868
15.9,14.63704826933099
16.6,17.135714723699493
14.7,14.342036766698584
14.1,14.121072733367328
11.1,12.160363111412153
19.3,18.84175085107563
12.8,12.431206085810118
16.9,16.753256837735535
12.8,13.293976443324937
13.2,13.003129235614324
13.9,13.599402866406308
17.8,17.61362700886093
15.0,14.787884581513936
14.1,13.337337203702191
16.3,15.710473604998697
15.6,15.152229496918153
9.1,10.082202844343556
13.6,12.800617096136193
15.8,15.80808196815633
14.6,14.757560055095382
17.5,18.022740510408767
15.5,15.052586925046853
18.8,19.01481941260863
15.0,14.84989912130186
13.2,13.650230167957488
14.8,15.207570702743396
14.6,15.034501681657275
15.3,15.0383856522094
18.3,17.949191312261974
14.5,14.517828396670666
14.8,14.624674737424357
14.3,14.416601673903642
17.4,17.568454807216767
14.5,14.27736402989467
13.3,13.563734782423126
15.2,14.98750357615063
15.6,15.01095094057382
12.9,12.93070279431413
13.8,13.837478052431834
14.3,14.300715949317237
13.4,14.00409541267436
12.1,12.989942667223659
10.0,10.287283052573912
17.1,18.68314690454281
15.6,16.473207640869077
19.8,19.150928649585694
15.1,14.692624169449118
14.4,13.81924727075966
14.7,14.246828824921977
14.4,15.498450132436119
13.7,13.536131127068074
14.7,14.544711676455336
15.7,16.392010685201967
11.2,12.225303007173352
19.1,18.82114552942221
11.6,11.441178049019072
10.3,9.977170195663348
14.2,13.857945069496054
15.0,14.503740872401977
16.4,17.38380503008375
14.5,14.805325488872768
19.9,19.14398614206584
17.8,17.87401861717808
16.0,16.08759206315699
15.2,14.910517889424227
15.1,15.79077316186158
14.4,14.365533997746752
12.1,11.511037657794077
15.7,15.51186250946921
6.6,8.693193321116269
15.3,15.105011700823525
14.4,13.939171237725532
12.6,12.309501548414119
17.8,16.833309082925553
15.7,15.21594745357288
13.4,14.191473696148023
14.7,14.762593076738995
14.5,14.847704567968321
15.5,15.85913464933401
15.5,15.610028796712868
19.6,17.361397022003075
15.2,14.481466248398647
12.8,13.36090690054698
18.1,17.63943641789956
18.8,18.649745778238866
16.2,16.59331015640055
15.2,18.074702282669023
16.1,15.648058406077325
15.7,15.516655902352795
14.7,14.819551291182506
14.3,15.313839094800642
9.0,10.217130614444613
11.9,12.085665252732724
18.8,18.889414044300793
14.3,15.30216622500302
14.6,14.833191488234661
13.9,13.991255399771035
15.6,15.384109163980611
18.8,18.322380512807285
14.7,14.804954049614025
16.8,16.414927489728143
14.5,14.194251298053132
11.3,11.866248628532048
14.3,13.900720264500706
9.3,8.940303399111144
10.3,12.682754191046115
14.5,15.012535439389467
15.0,15.014489842258627
11.6,12.377486281824531
13.4,13.884444813567825
16.9,17.145361500417494
4.2,8.413429052801803
13.2,13.237003770336742
9.7,10.942416071193293
14.1,13.74083841603715
14.2,14.578969342226628
10.2,11.2841332484968
13.1,13.469475803925889
15.5,15.229448227448302
14.6,14.533098501706263
14.3,14.503807355213212
18.1,18.441950147534953
12.3,12.75594443755108
17.5,17.31120614471729
12.7,12.298028086603153
15.7,15.509627060149796
11.1,11.712741447379813
15.9,16.206466585910675
15.9,15.457978323647694
13.2,12.536448323255172
14.2,14.292219721326546
15.7,15.751841557768785
14.6,14.749540431410423
11.6,10.933436377614271
14.8,14.994325396959539
17.9,17.87535527581349
15.0,14.775473674439127
11.8,11.233720726071624
16.4,16.000010792275134
12.9,11.945569741685176
12.4,11.749802506354172
10.4,12.009814144694246
14.9,14.640982277684088
16.7,16.825477034703
15.0,14.674838922632262
15.0,14.382506861031288
16.3,16.642036248913428
18.5,18.27665152779082
11.3,11.366987648478243
14.7,15.50339327871734
12.3,12.287905606266577
15.2,14.837518383217684
16.0,16.620530579180922
15.8,15.685514806085848
15.3,15.306819172099495
16.3,15.584890726953745
16.9,17.425668082694756
14.3,14.052199053112417
14.4,14.126139189029345
14.2,14.408261020347709
14.6,14.374688746964239
12.7,12.937277241580887
15.5,15.626365693722619
14.5,14.483855505244719
15.0,14.99451402827981
10.1,10.83075938152615
14.2,14.436676842247834
13.6,14.83321928645455
16.1,15.785165858222172
19.4,18.016468111774884
11.1,12.17152658314808
13.9,14.016429130773759
14.5,14.60182088858528
16.2,15.948141821543686
11.7,10.244448499550344
12.9,13.672018053301144
12.4,12.39764194007148
14.5,14.542583877806464
14.8,14.777464967895867
13.7,13.94994111865526
16.5,16.8793468066724
16.7,16.019924897002056
16.6,17.073083242947177
13.2,15.02034001917309
15.5,16.263144950213245
17.0,17.081283540057484
13.3,13.908925011175597
13.2,13.230271125037689
17.2,17.25675763576146
17.0,16.555088500113925
14.8,14.659367675048998
13.0,14.898727463214527
8.3,9.419646508991718
14.6,14.518490825750632
15.0,14.75814300775528
14.3,14.411084296632907
7.4,10.06316241825698
15.7,16.117000116501004
7.7,10.636304237268632
7.9,9.296614768099971
16.5,16.256981397717027
15.4,16.134810271007154
15.0,15.263986238649522
14.5,14.068949654349126
9.0,10.002620196493808
14.3,13.296304367599078
11.8,12.32682097365614
13.7,13.049773655162426
15.8,17.10395365371369
11.9,11.536093817441724
9.4,14.947890686429673
16.5,17.278011280388455
16.5,17.076843837625347
15.0,14.931331046556807
8.9,12.533285737095866
12.5,11.937638329574838
11.0,11.352917178475764
15.1,14.97281705695059
15.5,17.356606907502282
11.9,11.107501985272393
19.8,19.415249576501083
14.2,14.130002738645999
14.8,15.378111349564278
15.4,15.539753419834597
13.5,13.186173894238891
13.3,11.86070300929714
14.5,14.615958814647456
15.0,14.925312089544605
15.1,14.824425439175684
15.9,15.920989755075425
15.6,15.899488880275385
17.5,16.846411357430043
12.3,13.461126742477063
15.5,15.280899326287908
15.9,15.351595581560105
19.0,18.00900700717466
15.7,15.982453909964534
13.9,12.47215258819051
15.3,15.664318131217442
18.6,17.006977627432207
12.6,13.01173115943675
11.6,11.531895185325993
14.4,14.048508156847674
8.1,8.877445850521326
9.0,10.328581392124761
14.0,14.531310597350966
16.3,18.96455083231558
12.9,11.83420634851791
11.0,11.540634465432959
5.4,9.780595974705648
14.9,12.69310495420359
17.5,17.083083551115124
17.3,15.035405970003922
14.2,14.707790341111831
15.6,15.598749456032238
19.1,18.86733955159434
16.1,18.362573414458893
14.4,15.078262282942887
17.1,17.547747757715115
7.2,9.349577471235534
19.3,17.85150397749385
14.6,14.124391168617876
10.8,11.700922988900857
15.2,15.83587343781619
16.2,16.34034776079352
15.4,16.171604760864284
16.9,17.036495507869404
17.6,17.69769829348661
17.5,17.526793959608767
17.0,17.334571999095715
14.5,14.949533542327117
17.9,18.76406760206737
16.3,16.1786585922855
14.5,15.417491960744883
14.4,14.703858857756131
11.1,11.903393853019224
15.3,15.585569093986123
19.2,18.660458111786284
19.3,18.010835328750545
13.4,12.637901273323223
15.5,16.77948749992356
17.4,17.442742020182777
15.0,14.716588281153236
15.0,14.754186781065073
16.0,15.235214741405798
19.3,17.516567317245062
17.6,16.734735814505257
19.4,19.06763676647097
13.9,13.747024564214371
12.4,13.63919749672641
11.9,13.621253381599672
17.4,18.424195428517123
16.1,16.42836882575648
13.7,13.958282520645298
14.6,14.373426651076443
18.5,17.10144385451531
15.7,14.482441307922272
15.7,15.54667205349324
14.3,14.49159622368461
13.8,13.797236155049177
17.9,17.927271613909397
11.4,12.116928136936622
15.4,15.405525538430084
14.2,13.408006469897373
19.6,18.919477822026238
18.5,18.111855894414475
15.7,15.225099481118377
15.7,15.75247457822843
14.9,14.008297314139782
19.3,18.773303023306653
10.1,10.834618799533928
13.7,14.359678761509713
17.2,17.555727600556565
14.2,15.316764197923476
13.3,13.110459032453946
13.4,14.096787566148123
15.7,15.760832368629053
14.4,14.89825018497504
11.6,11.687965746159534
15.1,15.341470490726351
13.0,13.729688112565782
15.2,16.249369979137555
19.2,19.118098429986276
14.9,16.060730090597644
15.5,15.951167600767803
15.3,14.88657653768314
16.9,16.7739806855825
14.8,14.887850892031565
19.8,19.134074159679585
14.9,14.913760242312492
15.7,15.324970022342313
13.6,13.757375693996437
15.1,14.835446471732212
13.6,13.726385014830157
16.4,17.43600895765121
16.8,17.135252095053147
16.4,16.006537649722304
16.5,16.962647654028842
19.2,19.054156008030986
19.5,16.425512681889813
15.0,14.821482311934233
16.5,15.972327895316994
14.9,15.381175093454658
18.0,17.69873106572777
16.2,14.683185323956423
18.0,18.869467472512042
15.1,14.710248822641006
15.3,15.202594738544576
19.7,18.143314619286684
19.3,19.071152652380988
13.4,14.493535577246803
13.5,13.531890759710222
12.8,12.904291398182977
19.6,18.248057730146684
15.1,14.811357325372228
15.8,17.18406705945381
15.4,15.808531720860628
15.5,14.8786378208315
15.4,15.298294951062417
16.8,16.73141148391005
17.0,15.7743231333734
13.1,14.55759085626596
10.4,10.678796852240339
17.7,16.774586083221948
16.1,15.254477687296458
16.3,16.34748549660435
17.3,18.21034732280532
16.8,16.811861868980486
19.4,18.30774597648997
14.0,14.81683259276906
18.0,18.886787890281994
17.4,17.986773739830824
17.1,17.29464801159338
18.7,18.854246045346372
15.7,16.332611656107474
16.9,17.627214880281826
16.1,16.244442160741528
14.8,16.024194210680434
15.3,16.94007486384362
15.0,14.82319921022281
14.7,14.989031060715206
15.7,16.11994124701596
13.0,13.861230894741311
19.1,18.46413621705142
15.5,15.891069056189735
16.2,16.77820981192599
14.5,14.368726729648188
19.4,18.326056167657953
10.8,12.000368299457477
15.0,13.994807435577968
15.3,15.170348902109254
13.1,12.88626119410037
14.9,14.812446289439322
15.5,15.027229207247728
14.5,14.7955328453736
15.3,15.459065857754467
14.4,14.387551185907796
16.6,16.02632597507909
14.9,14.986108136410621
13.7,14.232670182278525
14.4,15.2843167122046
16.8,15.926927171676653
14.2,14.32081129393191
9.5,10.62290245647273
12.4,12.03282491734717
15.5,15.0989297957276
13.4,12.748387602390721
14.4,13.96023439685814
15.9,15.638899402751122
14.6,14.893914640299045
14.9,14.68221738055945
15.0,15.287747945571027
14.1,13.1826220509829
17.2,17.85047132469481
14.1,13.79410386327072
14.0,13.879255599080352
12.0,11.53522924495337
13.6,13.980058195797028
16.9,16.736641481504194
17.6,16.454647425160147
15.2,15.611540894169593
16.1,15.551195570413256
16.2,15.148202077543829
14.7,14.2043394621287
17.5,18.142082323061913
15.8,15.364755896680435
17.5,16.75437403691467
14.6,14.456101904885145
17.1,16.88632450220757
14.1,14.294009845820256
14.2,13.997031405146117
13.6,15.29587651268048
17.5,16.785122449320625
13.7,13.779785293263558
15.0,14.815190122637432
16.3,15.662831768626347
16.7,15.959047982269112
16.3,15.117822736559901
14.5,14.824334489458124
15.5,15.48444465801549
15.5,15.512337618774836
15.1,15.063665414782008
10.6,11.169943702028831
13.5,14.88909033886739
14.1,14.6891759730388
14.6,14.379934870205034
11.8,11.879349663533503
13.9,14.937386911798967
14.4,15.375505902446093
14.7,15.052669107288239
16.8,16.367354477994013
14.6,14.323816535532387
19.3,18.9815711939591
14.3,13.844777243182762
14.9,14.680724540899973
19.0,18.36983359599799
12.2,11.913698766065863
15.4,15.210542864550007
19.7,19.18017303486704
18.6,17.749442702308443
13.0,13.611006752169487
19.7,18.64912096245098
16.1,15.713807886291761
18.0,16.18465259772347
12.3,12.671461033756714
11.7,11.607062446884811
9.0,9.046427243971266
17.9,17.40490802229033
18.1,17.826196103385882
15.5,15.11730366354459
14.7,14.597725304896812
17.0,16.81187352660345
7.4,8.192835750291124
14.7,14.891056135267718
11.3,12.308254024479538
12.7,12.379184049495962
16.5,14.776178847649135
14.4,13.978548819744901
15.4,15.439766213885378
15.2,15.762026694595988
14.8,15.141577354312176
13.9,13.976017201435752
14.0,15.004812893928829
13.7,13.518216411641333
10.9,12.006697661941871
13.2,13.375386379513657
14.7,14.332975106290178
14.0,14.226566003784683
14.7,14.397743406960217
13.3,13.157224658993073
14.2,14.557150897890097
15.2,15.327995159197599
16.3,15.296731577429455
14.6,14.886880482452398
16.5,15.937333301064427
15.7,14.494419159804238
18.6,17.420102414966095
15.9,15.720440135963145
14.1,13.967356631404982
15.4,15.07792058200539
12.0,12.415713242429774
13.5,13.991562066861661
15.0,14.683072561223526
11.7,11.105345051055338
16.3,16.20816583139822
15.9,16.07626826606065
16.5,17.242834785574814
11.8,12.198402910580626
15.6,15.273557202941447
17.0,16.194536683004117
17.0,15.973462937694421
13.2,13.605609647876918
17.1,15.136295497306492
15.3,15.651184471869783
14.2,13.776925491954898
14.8,14.642914316156748
18.0,17.718027071590768
18.8,18.259193144884193
18.7,17.825388089375338
15.7,15.851281738228863
15.2,15.213342998791632
13.0,14.641497873177286
14.7,15.77881750202505
17.2,17.94266495370539
13.0,13.875078391196439
16.8,16.35723091138061
12.3,12.217401320498539
17.8,17.51746449735947
18.0,17.17906132567441
14.7,12.267103550635511
12.4,12.445604291482596
16.9,16.126621027535293
15.5,15.07048086920986
14.5,14.459146298686392
15.5,15.141521393874427
14.8,14.576487558049848
17.1,17.73529372254052
15.4,15.213538085397886
14.7,14.693505341303535
13.0,13.464124822654412
13.9,13.76491887416887
14.5,14.155950014683185
19.4,18.839261557382997
14.6,14.788493388279676
16.1,17.09137089687283
14.8,14.737308253184892
15.6,14.513070465749479
14.1,14.022374588937964
13.2,13.825624443212291
15.2,14.986506260873284
16.2,15.155160639847963
15.2,14.915959475725685
11.9,13.429613960266579
15.4,14.714194367552409
18.3,17.147315884740237
17.0,16.69396155700997
18.4,17.672061953984667
11.0,11.354547506954987
12.7,12.294724104343913
14.2,14.055059009799152
9.6,10.608403507212643
12.0,12.126294474990573
12.3,12.72912095929496
12.7,13.530060322780628
16.9,16.57421857630834
15.1,14.94724841901916
16.0,15.598341929580783
16.6,16.396182514552493
10.9,10.902614967722911
14.8,14.73012471117545
15.1,14.953970108588692
14.4,14.206896475603571
13.5,13.015058813849464
17.5,17.773724336060695
15.2,14.348910225729924
13.8,13.076144823751747
13.4,13.453917569451733
12.5,12.412183162174188
12.8,13.21750343709573
16.9,17.05436508898856
13.5,13.901946471189149
10.8,10.692110672942363
14.3,14.56678896927042
14.8,15.322485079439502
19.6,19.02591655420838
14.8,15.332013510138495
14.4,14.344734522572253
15.2,15.240868348861113
16.3,17.16966082388535
15.5,15.264121905958746
15.2,14.974947176280693
17.8,17.23409905574954
14.5,14.544105582594057
12.2,12.350837132864399
14.0,14.896326599555323
14.3,14.75363157321408
16.7,16.68461119702988
7.7,8.34925709563322
15.3,15.14590623867116
7.8,9.278425190132111
12.9,12.567383126821369
15.9,16.540970529486003
17.4,17.961407213791972
19.5,18.578287873140653
10.8,14.571170570217873
15.1,16.654105620957125
14.7,14.936471430817619
12.6,12.631759376905393
13.5,13.410264503530925
14.0,13.936779393872712
14.5,14.637729409791064
15.1,14.982458283629967
15.2,14.990259203565074
11.5,11.622777544169367
14.6,14.172692596934212
15.5,15.268683137604967
15.3,15.191370537446346
15.0,15.083911860310764
14.5,14.595469738167594
11.8,11.137741386599373
10.3,11.096657347283326
15.1,15.378404991643038
16.0,15.070121521013789
13.3,13.692720000457484
13.9,13.40268540897523
17.3,17.051456609216984
16.5,14.391359390945581
9.1,10.65744846247253
14.2,14.852781082188812
17.7,17.52325263590319
15.2,14.433709514534712
17.1,17.754711269109976
19.0,18.19893322585267
15.6,16.451914308883715
16.5,15.326678372221068
15.1,15.821792011092839
11.8,12.076327214366756
16.5,16.16181175195925
12.9,12.781703276647022
16.4,16.883077623968347
14.5,14.721961519375327
16.0,16.736568488853663
14.7,14.419037796149496
12.9,13.749321711278753
14.2,14.276319072399929
18.9,17.367356229777215
15.0,14.797112941596424
11.6,11.902421238075476
16.0,16.55345654604571
14.6,14.080507103590207
8.7,11.07301547343377
16.0,15.517673095921054
15.5,14.656172573339063
13.1,13.416970108868554
18.0,18.539073751107935
18.5,18.573350144870346
18.6,16.2645363030897
14.2,13.980328353820369
15.6,15.52833224128699
19.2,16.118128024594625
14.2,14.854310924478341
17.4,15.961718591162935
15.5,15.02314918205957
13.0,12.892369871784467
16.9,16.596289178269217
15.9,15.470056936785113
16.5,16.03389278042596
15.5,14.908586076348001
13.6,14.436044464207953
15.5,15.04657269238669
16.8,14.997710855770492
14.6,14.183662470604759
16.5,15.398545299423859
17.5,17.749066376272822
17.9,18.63505719951354
16.8,16.594341759046074
16.5,15.506995797622949
18.8,18.581140991009306
15.5,14.840152333174046
6.5,13.6449666608587
12.7,13.553515166393481
17.0,16.349504702026024
14.3,14.521607561444398
14.9,14.710761661688593
15.4,15.468421464120183
15.6,16.294056862796424
18.2,18.565238161216257
13.7,14.564532639225945
8.3,8.52613763944828
15.6,15.346735902465298
14.3,14.606709380808752
13.7,13.558635448895075
8.5,8.837796160751168
18.5,18.347112792776898
14.6,14.583344566839514
17.3,17.373040052014403
14.1,14.084905991971027
14.5,14.421253460055595
18.2,18.424053211667342
9.0,11.313147182900138
19.7,17.31069715396734
14.6,14.20646939731887
18.4,17.966970453155227
17.5,15.965668519493192
16.9,17.070949602959445
14.9,15.050378922649543
15.3,15.383756235358305
17.5,16.945941176265478
16.9,16.803037201898405
7.5,9.452351025654934
15.0,14.24781484916457
10.4,9.933841983089224
19.6,18.865142750291852
18.1,17.91159951724694
19.0,16.436959991813637
15.3,14.277136473858263
17.6,18.11555241269525
14.1,14.428285008270905
19.4,19.086428680311656
10.7,11.776382139272755
16.4,16.60722193102083
16.8,16.873340622347314
16.1,15.264423943348447
15.3,14.946107412164565
17.4,16.242619991098763
18.3,18.032232402067166
12.1,12.60140094297094
15.5,15.24118134303717
15.7,15.457657086357358
15.0,14.86116052633406
14.5,14.31936058454994
15.7,15.558506314759143
15.1,15.042721089208499
15.8,15.613577301497571
19.2,18.076178961258847
17.8,18.06117860742961
13.1,13.397174078447279
19.9,18.954524256754667
19.7,18.680761666415492
19.9,18.47374055912951
15.6,15.196341097762343
17.7,16.7125308989489
18.9,17.91044066811446
19.8,18.58386358397547
18.0,16.945647461223416
19.2,17.351788365689572
15.6,15.754505940145464
13.7,13.522782309853937
14.5,15.524611020402517
17.1,16.610018805255095
12.6,13.53166203823639
9.8,10.234396246960387
18.9,16.98598043154925
18.1,17.06433329137508
10.1,10.860521577240434
14.7,15.174571589304833
17.8,18.03256114234682
16.8,16.172050914145075
18.9,19.15861837909324
15.3,16.20884002704406
15.5,16.793666200543157
14.9,13.067973900782818
6.6,9.072353418800049
14.8,14.828381020226516
11.4,14.349556038127048
16.4,15.95742867726949
14.6,14.852820723788682
18.3,17.86523002112517
14.9,14.583294173207833
17.6,18.084133027172356
15.0,15.208507210249081
16.6,16.410812664660625
16.5,15.245032343391358
15.3,15.465066657143325
12.9,12.99802775059652
9.4,9.727976592781488
15.0,15.004194180699415
17.3,16.130793635738883
15.2,15.01238072157139
13.0,12.546916251507355
15.1,14.801682094257558
17.9,16.21023762092227
17.5,17.032456356755574
19.6,19.150618739775382
16.8,17.304814693779917
17.1,17.781262681353837
10.7,9.801781792621114
19.2,19.232543625024846
19.0,17.89850320140613
16.0,16.13494883043313
13.9,14.417427350677826
12.8,13.46165341478627
15.8,14.981801374233328
18.2,17.954741704190383
14.5,15.79587254258513
13.7,13.440931367047597
18.1,18.00226867053425
14.8,15.305082344391849
14.5,14.910675369235832
12.6,13.252677759941434
12.9,13.41318500583293
12.3,13.568613104369433
13.1,14.003787282097619
17.5,15.63401278690435
14.0,14.13211545496597
10.9,11.798376283986727
16.1,16.412606584262903
12.4,12.389034087740583
15.1,16.489281476882752
19.6,19.35375871893484
17.8,18.24923861422576
19.0,17.96407055601594
10.0,11.516294262808515
17.5,18.07070691723493
15.9,16.645442437336897
17.4,16.308151980134426
14.1,14.306825838284567
7.2,7.707198426942341
13.6,13.035908786638174
8.5,9.582579922664081
14.7,14.606014527413208
8.5,8.874419455532916
15.5,14.916871987388731
12.6,13.654733819013927
15.2,15.119689293136616
19.2,18.738224611326586
15.0,14.856677591829794
18.4,18.44134887315886
19.4,18.09984458033432
9.7,11.5456026813481
14.1,14.321907209145138
15.4,15.419747916574124
13.4,16.321652825223282
19.1,17.58315787819447
19.6,17.552942594513297
13.2,12.435925663157832
15.4,15.046630255877972
11.0,16.3441271429474
15.9,15.863400178321172
15.9,15.504495207133004
15.0,15.01144571180339
16.8,16.263509242620785
17.8,17.389298153517302
18.5,18.719054366949422
17.3,17.86275912792189
15.7,16.92828608158743
8.8,10.086020456597907
15.2,14.834416083947872
13.2,12.781357402887807
13.5,13.488205175439361
18.0,17.314226589456666
13.5,13.398809477424948
17.0,17.201967465014604
16.1,15.281471490947297
12.8,12.679277160088532
14.2,13.977083236095496
15.2,15.256721506419126
12.1,12.190530302585103
12.4,11.739918392651816
12.7,12.477431378501933
11.8,12.925411323874869
15.6,15.222793365381222
11.5,11.932120546509395
13.0,12.478061608417192
8.8,8.184163144644117
12.4,12.515489233614062
17.9,17.60642753513821
15.5,15.847621253109537
14.5,14.982629309670301
14.6,14.971325262391474
12.8,13.534674859576626
13.9,13.796054824433668
13.3,13.566046035673935
13.3,13.44935135229025
12.3,12.029320863846806
13.3,14.126568453386426
13.4,14.00664932950167
15.6,15.69055177870905
11.8,12.431922852792923
12.2,13.595489704519423
18.0,18.313758383323147
15.3,15.370290309598204
15.2,15.148150715598604
19.2,17.391324937867466
17.4,16.739087160967756
17.8,17.49865638292431
16.5,16.148255710293597
15.9,16.74014021246694
13.5,13.228397136175772
17.2,15.425677804101724
14.2,15.261048376385588
18.6,18.699359892110806
17.8,17.734423599758884
15.3,14.884525473176836
14.0,13.932593406734668
14.9,14.610903067141408
10.6,11.098544624925125
10.3,9.989412491966505
15.6,16.689940565556753
13.4,14.490025460578181
14.7,14.190057648671427
16.2,15.541780603525694
13.3,13.045145493106247
17.4,16.959931010205764
16.2,15.150227431557141
11.9,12.160486026317813
15.9,15.90653039047902
11.2,11.65284997902927
11.1,12.990001033849694
16.1,16.53249188794871
14.4,14.172382140546688
16.6,16.205459596912988
15.1,17.17021783691598
9.9,10.25728551406064
14.8,14.589525420224163
14.0,13.875599801400313
14.6,14.415237843582872
17.7,17.367652560089482
19.1,18.95822927338304
14.1,14.88532191851482
13.8,13.715978781696322
15.6,15.87964538176675
15.7,15.604012582480209
15.6,15.491278207162395
13.6,13.64433395924243
15.4,15.307649585247418
19.2,18.787429638265166
14.4,14.011106721478427
11.0,14.155854366375934
13.0,12.870450007467298
15.4,15.314041662441014
15.6,15.757549205332907
16.3,15.378617596114054
16.3,16.900840623653494
15.4,15.378959869616665
15.3,14.980747288587736
17.2,16.287602072028676
15.5,15.322592276876094
19.5,19.073624858167022
15.9,15.420080991636496
18.4,17.620444472006056
16.5,15.708058591702866
14.2,14.1472254809687
12.5,12.115224839071743
15.6,15.435147269603476
15.6,15.314929488973576
11.8,11.975776901032077
18.3,17.832630544202402
16.7,16.495203561356902
16.6,16.45744774118066
14.0,13.554058565379819
14.5,14.580926287686452
19.1,18.56365430713049
15.8,15.443725835066289
17.6,17.61822606594069
15.2,14.882659120139579
13.7,14.187689355683688
13.2,13.339569017261965
15.7,15.383122729544993
12.7,12.035143247227097
16.3,15.859553451038664
16.3,16.891965981054454
17.2,17.66795341926627
14.5,14.85284170761588
6.1,9.633831246464979
15.4,14.564545755423751
18.8,18.41109567505191
15.4,15.415504625590984
11.8,12.189271839772118
15.9,16.110134024020226
14.3,14.213839820968133
9.2,11.351752499385839
14.4,14.125751056242734
13.4,12.2717884798476
19.6,18.63995806715684
13.7,14.150071201787796
14.4,14.65219538245583
15.6,15.608780867303722
11.7,13.429611572464637
16.4,16.765330003087
12.9,12.830386271234602
12.5,12.294738961840267
13.0,13.828559480933109
15.1,15.386298269033432
14.2,14.262754087569192
16.9,16.84347199615513
16.1,15.800167865352705
15.8,14.384728167206049
19.2,18.945992290158756
19.6,18.775599764107028
13.7,14.381346637295792
17.2,16.835433267086046
7.7,8.74455798929921
10.9,11.120902715600096
7.6,10.49665701133199
14.0,14.386882865777807
14.7,14.86488086666759
18.5,17.622850657979143
15.0,15.106662958016386
15.6,15.653593117276614
13.4,12.919326723000268
16.1,16.17913135548588
15.0,15.438145125546725
13.3,13.538126059607748
15.1,15.014353086266055
13.6,14.46329883477847
19.0,17.769647326000268
15.2,15.381965392609345
16.9,16.453618599414767
15.8,15.909027775458526
12.3,12.883265471216873
15.6,15.485284993366804
14.4,15.02884855713637
16.1,15.758396252487728
16.6,16.33496029078742
17.8,18.243820308620343
15.3,15.658956557774218
18.0,17.64590768777998
7.5,8.611407519492786
13.4,13.781778619837496
15.7,15.77064813472498
13.4,13.4592066804762
16.5,16.378611232612457
15.7,15.49309078386068
14.3,14.372089160780888
16.0,15.697561118948215
5.2,6.342070315731689
13.9,14.115999783392908
16.6,16.72030256903963
19.7,18.79589863860747
15.7,15.9184400569211
16.2,15.86781722484011
13.3,13.032953474285023
12.9,12.77174001088133
19.5,18.83679476121324
17.4,17.091388186454424
16.8,16.589546542498283
19.9,18.923332273843698
13.9,13.871670056250878
14.5,15.549670295775286
14.0,13.871537357077614
14.8,14.229199381403305
17.7,18.37306023178826
19.1,17.234195400844328
16.5,14.361716542369322
12.7,12.22990875627147
16.2,15.470138828910422
14.8,15.135683339167372
15.9,15.486066523299087
11.1,11.483887344773393
14.7,15.266159069360583
15.4,16.546931538632634
13.4,13.991450307847117
15.8,15.595746600854909
15.4,15.896950005115286
12.7,13.028739735818817
15.3,15.9431631185289
18.9,18.693701512587722
18.2,18.090356280677952
14.6,15.479716659261612
12.8,12.489186128077563
13.8,13.596569886867655
16.1,15.684554796433076
14.2,14.681158827515901
15.5,15.08449895431113
15.2,15.254055194789544
13.5,13.98432326875627
11.7,11.608351694536395
18.9,18.682223684634664
15.9,15.12137127985443
15.3,15.478346104824595
16.6,16.714303890508745
14.5,13.767731707681378
15.3,15.783159875209094
18.6,17.68809009058168
12.7,13.444370488292407
19.4,18.538972390524577
17.4,17.404508244675526
15.3,14.820566598900768
14.1,15.188767460924282
15.7,15.572549089851236
13.9,14.397532999020768
15.8,14.924384954909328
17.8,18.06114080219413
16.6,15.550144135973824
14.5,13.655334169952766
15.0,15.197393880282107
14.1,13.714648727825988
15.4,15.386746136267902
15.3,15.529572135870694
15.9,15.307240259484388
15.8,15.92097615997045
11.0,12.074852153193206
16.4,17.05021722381207
15.1,14.825664787291316
11.1,12.34717766410904
15.5,15.564736469797936
13.9,14.17691613056013
10.3,10.548987156245857
15.1,14.846676407265477
16.2,16.030003911582753
15.9,15.420122891815481
11.8,12.123799972236156
15.2,15.305548618116518
13.5,14.272144873018988
14.0,14.476356692233821
12.9,13.612478806753643
14.4,14.365138143568402
15.4,15.173013552324846
10.7,11.312672075408045
15.3,14.583395182999084
14.7,14.892911410919623
14.6,15.200912069558399
16.1,15.74819149193354
13.8,14.155732002604054
15.0,14.773907550872536
14.7,14.799930858163862
14.3,13.981107213887299
17.2,16.61315477977041
14.5,14.694126734384554
17.0,14.052691618611789
12.4,13.188886168558383
17.0,16.150383559812326
18.9,17.789719743805108
16.0,15.770413596124854
14.7,15.489558200168176
15.1,15.318966730235843
16.1,15.38285761285806
16.2,15.769629001064459
15.1,14.952801655046642
14.6,14.961200286203166
15.6,15.423165735672228
14.6,14.531461148644667
15.2,15.119649756761646
19.7,19.214065055013634
17.4,18.005236757919192
15.1,15.103374125581468
13.2,13.671809336145088
18.8,17.86208074860042
14.1,15.105026575402007
13.8,13.501302600605413
14.2,14.818136277375743
9.0,10.862788167374674
17.8,17.899268456327263
14.3,14.02198829995541
13.6,13.53918724716641
14.8,14.679033781168982
15.4,15.037694749427828
14.8,15.189872610819293
15.7,15.31881400835664
12.3,12.193858173617627
14.7,14.495215206756257
14.7,14.941526953252833
15.2,15.030135114377117
14.2,13.926444193988573
15.4,15.61648124083149
15.2,14.344418152526487
12.6,12.555403329886758
18.6,18.73707184752857
15.6,14.995043145176169
8.1,8.690460415265989
12.9,12.5298273586086
15.4,14.92938496849456
12.5,14.53956233334975
16.4,16.088403984264005
15.4,15.184764665784314
17.9,18.10413378669182
16.1,16.121935922798002
17.3,17.335867038054857
15.8,15.411133166227955
14.8,14.880281665657094
17.4,17.65953858147259
18.1,17.47379185326281
14.5,14.639604361818783
14.9,14.7571611804633
13.3,13.1491954724479
15.0,15.361510179616744
19.5,17.49439674623136
13.0,13.40796536966809
15.3,15.19589714774338
12.6,13.719791211246047
13.9,14.175943967176863
14.2,13.675954381062184
18.2,18.29070066206623
13.7,13.217753113538492
13.4,13.572025830799248
15.0,15.021455048467033
15.9,16.315286756434944
18.1,17.664989098149817
14.4,15.829254329990363
17.6,17.326656317574816
13.1,13.61381060389067
11.4,12.389918911218047
16.2,16.043403578823927
14.2,13.3761522245768
19.5,18.12212572048884
14.5,14.835161838480417
15.3,14.590613849726651
14.8,13.989881804594916
10.4,10.636831531563075
15.6,15.48940529061656
13.9,12.798085028451169
15.1,15.887963247534572
14.6,14.963204035830131
16.7,16.547003609819512
15.1,16.066606001812033
16.1,16.21301989073254
16.8,17.02010463904662
16.4,15.190353352945749
14.5,14.2794722289309
13.6,13.800490035617258
13.4,13.173041411384474
17.3,16.96226085667513
13.6,14.201196030280698
16.8,17.423829882289283
13.9,13.594201820209491
17.1,17.655973203058238
15.6,15.446594273118535
16.7,16.731262305518612
15.8,15.61152305718133
8.3,11.399589502834715
18.1,17.566807266674004
17.8,17.853428435424576
12.6,12.748537685703923
18.9,16.272902741795406
17.6,17.157468958350364
18.6,17.61056203579028
14.3,13.229362596310239
10.0,10.93670159886824
16.7,16.654517986346036
12.3,12.077820793638239
14.9,15.16136418955648
16.4,16.667684634157922
12.3,11.945191228853218
13.3,13.477879951509749
15.0,15.279618006316014
15.3,15.011210271390155
19.0,18.944142398468102
13.1,12.951840548517794
14.0,13.986926038754973
13.5,13.679812393180327
17.7,17.516845033853315
16.7,17.15264345158357
12.8,13.364000457775546
15.8,15.661373178882059
15.1,15.205080595162144
16.8,16.666021895103768
14.3,14.747699655155884
15.5,15.808333466819022
14.7,15.211490872548893
15.8,16.22226536308881
13.3,13.049586901441216
17.3,17.049926601583138
18.3,18.1984432823956
15.3,15.868353311961982
15.0,14.7886681696109
16.2,15.894547215255443
12.1,13.513338933087653
18.6,17.553096632822417
7.7,7.553330438386183
17.1,16.817036612104857
15.8,16.053595415025484
10.8,11.466884467226919
15.4,15.302131420237856
18.7,18.458933233021526
15.6,15.968926129979081
15.1,15.085235432197805
11.6,12.506283768452704
15.9,16.818502506561344
19.3,15.652626416649582
15.3,15.120816556232967
11.3,12.509195384802297
14.4,14.51318668681779
13.9,14.091176742214884
17.1,17.509941993244865
15.9,15.722381089173723
17.0,15.992863028834108
11.6,11.9948515040669
18.3,17.37256616522791
16.8,16.449488645645033
18.6,18.023452239576727
18.5,17.0677935652202
15.0,14.924958545254412
14.8,14.42503832906732
12.8,12.866215087560704
14.3,14.477364172435045
13.1,12.575655556778656
14.2,14.307948521513026
12.8,12.509578147190041
14.9,15.05439945085891
15.4,14.594765538442516
12.4,12.352915375322482
13.5,13.005028117389884
15.5,15.476304498166428
18.3,16.98608737575705
15.6,16.113281964484486
16.8,16.490803915075958
13.7,14.258657446873258
14.6,14.22698519541882
12.6,12.483053322157502
13.0,12.66180622149841
15.5,15.460363591380883
12.5,12.665498267102521
19.7,17.858179853996262
14.5,13.905795047685388
13.6,13.433152330806479
15.0,15.193542141074431
14.7,14.44613499630941
12.3,12.047244713758118
14.8,14.858313829463441
17.8,16.768560375518064
11.7,11.764278087764978
15.2,14.596192833883833
14.5,14.70502637384925
16.7,16.352416476631333
12.3,11.947473366220947
15.2,15.130100030684844
14.3,14.180471901752753
12.1,11.32594986501499
15.8,15.686097287853045
14.1,14.583858843316193
14.0,13.925791360397852
13.9,14.722357622453274
15.7,15.34914824628504
13.7,12.928524849359746
16.5,16.398354333741736
15.9,15.0124416295439
13.1,14.442329705605516
19.3,18.692276756162755
15.9,15.563430562935537
13.5,13.625998139963485
15.9,15.623181567672873
9.1,8.985943070147187
16.6,16.18996774905827
15.9,15.531742503575515
15.2,14.089766929857433
13.1,13.683120050263824
14.0,14.440874359075679
14.1,14.390213854145259
18.3,16.994293060943164
14.8,14.790676448421436
13.2,13.69138740393646
18.5,18.252478931768565
17.5,17.568120695566904
16.2,16.490311468158325
12.6,12.62459955108352
12.7,12.086578993257717
10.6,11.390312871604692
13.0,13.162359158828622
11.8,11.69463059931877
11.7,11.833395433844998
17.9,16.197179430222604
19.0,18.31733567997435
13.6,13.321162772073876
16.1,16.167800374567378
14.1,14.141220398421865
17.3,18.128043589138542
12.9,13.415176056441851
19.4,18.568090671906248
10.9,10.823769005888607
15.7,15.435035787231755
17.3,18.450318380928366
13.0,12.966778745874763
14.2,14.841517833096077
17.7,18.250844726571813
16.1,14.945596585894236
15.2,15.585278279104386
15.4,14.836509253311306
17.8,17.81131618109066
19.4,18.59303982683923
9.6,10.96267881966196
15.5,15.202164447840914
14.2,14.554527454049094
16.6,16.961872583749937
12.6,12.885852600133148
12.2,12.46625907230191
14.6,14.37228618763038
12.1,13.005342262011254
14.5,13.837261058090007
13.7,13.858496698056115
13.2,12.796801637043245
13.6,12.97063375392463
11.4,11.837314440923365
16.8,17.1526195424085
14.6,14.729580370621989
14.9,14.970267095926829
15.3,15.494488370633917
15.0,14.846286540356232
16.4,16.120551371219335
11.9,12.6774306606967
14.9,14.517595456447452
14.8,14.829944915563829
15.2,15.495609628065722
11.4,12.971596556628356
8.8,9.064562558254693
14.9,14.426917677268648
13.6,13.181649021455087
15.0,14.511953387409449
13.7,13.959744660187425
12.0,11.422131438521319
16.9,17.45813164957508
14.3,14.284171682698798
15.9,15.383477030321956
15.6,15.562366958823986
15.2,14.982600104471203
16.3,15.0754232640611
14.0,14.105863844382839
15.7,15.278970070963624
15.6,15.6432451835135
11.7,12.341990551009076
13.5,13.857555522787152
12.7,13.034121513541322
16.8,17.74922122026328
13.1,13.389873459382216
15.8,15.641273970599286
19.4,15.868958541279426
12.3,12.608651648944942
11.7,12.695400117605459
12.0,14.00620959274238
12.2,13.288211902196053
9.5,9.763845666369889
12.1,12.653837594261859
19.5,18.994935109862126
15.8,15.579069707982853
13.3,12.584147370653227
15.0,14.672699488146463
14.1,14.720567600044888
18.1,17.535277590388432
18.2,18.424756258609705
15.0,14.498210468504112
18.2,17.36569286387021
13.0,12.348214326892048
12.4,12.104372672882164
16.4,16.7452677407764
11.1,12.747481771817547
13.0,12.54250724664962
14.0,13.752306821401362
14.1,14.25962894577242
19.4,19.118149702553637
12.3,12.643181443039794
14.8,15.052589901839383
13.5,14.027455980423838
12.2,11.897923522687051
13.5,14.318498493084917
14.2,13.831103619304486
12.3,11.697633300093003
17.0,17.531743924573675
11.6,12.791762658016523
16.0,15.927500155788948
12.7,14.164788780733943
17.4,17.59390525255003
10.6,12.258806428406388
9.8,11.486018298193812
12.8,13.114767808729084
18.2,16.985845634219004
13.5,13.64029129015762
11.3,11.491786150552798
14.6,14.891742527164752
17.1,17.255633828230202
13.5,14.098824621469248
15.7,15.82668894410017
11.0,11.45115627692212
15.0,14.896887557659284
18.8,18.40471557766432
12.5,12.492748105292776
13.1,13.21915819568676
14.2,14.664178349183203
14.9,14.685427935739426
13.0,12.922140433540335
11.7,12.381084810825996
15.0,14.952676665678155
13.5,15.707265395103605
14.2,14.138121742356816
11.2,11.845491812098771
16.9,17.64492636313662
14.5,14.080642539658584
12.6,12.890256184071404
10.3,11.732319914852269
15.2,15.234110884095571
13.1,12.51066572178388
14.1,14.027661147425533
12.5,12.937134314302966
15.7,15.39177872808068
12.7,12.841017613787699
14.5,14.358344863561797
12.3,11.675260855234228
14.5,14.450060157882035
12.8,12.336507678355702
15.5,15.441831736185122
17.0,16.494230141564913
10.0,11.5195505539632
14.5,14.827167924493551
14.2,13.888445324701024
14.0,13.763051632879069
15.4,15.081599167431705
14.0,13.582105728570241
16.2,15.602436586072145
13.6,13.687737572879996
12.0,12.091012187069282
17.9,16.742021029906027
12.2,11.81295701113413
19.9,18.21051145455567
10.1,11.085665348175098
13.8,14.023123004677473
14.8,15.579558207879018
13.3,14.103690176012606
13.1,13.261731648235582
12.0,13.223189465472387
12.6,13.375492030263558
14.1,13.926834391750162
15.4,15.641227704283665
9.3,10.181221216771519
15.1,14.958592534880154
11.8,11.83318118200259
13.8,14.372470961234285
15.8,15.93362620883272
17.0,16.815663465651596
10.6,10.781549017585348
15.1,14.941720687726047
14.7,15.288842074973218
15.9,15.3259389828836
9.8,10.16053098172415
9.6,11.148394453775836
11.9,11.233801053953357
14.7,14.603389692842029
14.7,14.964535472012358
12.0,13.010062836663565
12.1,12.143490008311346
12.1,12.355474582320312
13.1,14.189560278420686
12.5,13.200173670076765
14.8,14.503954194646212
13.7,14.514661380409962
10.1,10.02391372519196
15.9,15.95928703748541
17.6,17.796158548128005
15.7,15.577894551257486
19.7,18.04059692629744
15.5,15.532271911608404
15.1,15.062466427410982
11.6,11.949443136560149
14.8,15.166963962139562
12.1,13.447809679433703
9.9,10.50813235816895
14.1,14.540274330007378
13.3,12.015597208286636
15.3,15.153609194767341
14.2,14.740358972998365
16.5,17.112428186976103
10.7,12.563086176058277
16.5,16.697838087944547
18.3,18.288738313276554
13.0,12.63838628999656
13.3,13.060088489379268
13.0,12.843862384179374
13.3,13.485722579149297
13.7,13.7840907908394
16.6,16.85285234467301
9.7,11.340620303933974
13.8,17.95141263824189
11.7,11.279179429082433
17.8,18.086616405766108
14.2,13.916907912236638
18.1,18.630776727797638
16.1,16.2631223576318
12.7,11.973911676139323
12.4,13.610689940920565
13.8,13.667876475337835
17.0,13.900164437887724
11.8,11.719256001597387
10.8,11.365751683071721
19.2,18.07047453393716
13.3,13.424882921972312
15.5,15.514074245817028
19.0,18.222845180891454
11.9,12.150650052502897
14.6,14.752308148197699
13.8,14.0678532528691
13.8,13.727827942278964
15.9,16.042063063940077
15.4,16.787849694417673
19.0,17.704511191381243
11.8,12.283086058774643
16.4,16.529581689363113
15.5,15.514470215886831
13.0,13.377349885777221
19.5,18.115556617558468
18.1,18.60482335978304
19.3,18.84104252140969
15.6,14.717621858639177
13.8,13.976259834511438
17.8,17.47698831854177
15.8,15.515898806537734
15.4,14.540804335498251
15.8,15.472824507567566
9.9,10.050109264120692
15.6,15.734006385318935
15.6,15.601841704861727
7.2,11.184233301726636
10.6,10.15078357089078
13.9,14.163824696835945
14.9,15.017736932557455
16.1,16.180104471066443
9.2,9.52707045704301
15.4,15.546229825456976
15.1,15.290951539835078
13.2,13.192709945080423
18.2,18.00537183094093
14.1,13.95693403135374
15.7,15.743006758450065
13.7,12.882999037705304
17.9,16.75302009980078
13.8,13.976286802328104
15.8,15.17719354655128
15.1,16.009369165287353
13.3,13.404997876748894
13.8,15.268387081916444
13.3,13.5223535781588
14.4,13.52885775359755
16.1,15.4842594480142
16.4,16.20250991773173
12.9,13.382018874865025
16.1,15.962597051897319
14.6,16.600847804544173
14.1,14.130448170972159
16.1,16.14758225987316
15.0,14.895454514247831
14.0,14.435987160217337
15.4,15.150148842458293
15.9,16.44746037216646
12.4,12.738421784422826
16.9,16.120223926458493
14.8,16.011014433475793
16.6,16.626936393724463
15.7,15.94982282530691
12.5,13.052428700553719
12.1,12.140732333587948
15.0,15.560434297192842
15.2,15.316365636754199
15.1,15.154739359761152
14.2,14.370708453468978
15.9,15.4298270393665
14.1,13.90664476720849
10.9,11.505838455166668
10.4,11.875002290616976
14.0,13.98503159993561
14.9,14.969543236016762
19.7,19.298864563927054
15.9,16.730569501996797
7.0,7.839160643343348
10.6,10.93024804489687
11.7,11.931190435250755
17.8,17.33402200145065
18.9,18.286962250036595
14.1,14.430152138753328
14.7,14.672933463967638
16.6,17.032785950344987
17.2,17.89229352696566
12.7,13.902514197456185
15.6,15.636480531829875
18.4,19.200994559272658
14.1,14.335984599310905
18.5,18.788083831546828
16.2,16.865659328905167
14.5,13.515361114637926
17.5,17.6716036798025
15.1,15.620663856272586
12.2,12.607905063370708
15.3,14.735983859747648
11.0,10.781554480523482
18.0,17.750812428304926
15.0,14.897820320536994
16.9,17.24307973231771
15.3,15.24937834503362
13.0,13.12789007264655
13.2,13.424286891357042
14.3,15.150312927642517
12.3,12.887596593267517
16.0,16.02740766311763
15.8,15.51772165260627
15.1,14.779453529457896
15.4,16.189255336648785
16.1,16.220782377018622
13.6,14.461906442476902
14.7,15.064037217962323
14.8,14.669680330727715
15.7,15.392879524026284
15.8,15.625930943991989
14.9,15.290734098240137
15.3,15.012103946239222
15.4,15.762563008218422
14.7,15.466845055945669
15.2,14.752185875491705
12.6,12.731494808220305
13.2,13.361229668546002
12.2,12.736895631882362
14.0,14.094497018842958
13.0,12.365807876893086
13.0,12.715889524060913
14.0,14.462495203944854
15.9,15.696107584546553
15.5,15.537154385456233
15.1,15.193580352139179
15.7,15.2318739927141
14.5,14.22792923295492
15.5,15.429180237551918
14.9,15.014777339296415
14.6,14.955506325699389
16.6,17.166046817583265
15.3,15.129195778161375
14.5,14.53077551498427
19.9,17.855623381125042
16.1,15.58094093786167
13.0,12.998325074644526
15.9,16.25925491412636
14.4,14.576554425701033
15.7,15.55724438418838
15.4,15.234186006475284
16.1,16.15834878224996
13.8,13.685652480871795
15.7,15.648916515339806
17.8,17.399645947145473
14.8,15.338674320475548
15.1,15.379596502520144
13.9,14.499591152969515
12.4,12.582205605669515
13.3,13.27117690828527
18.1,18.015639663557522
12.8,14.838151707721408
15.0,15.025370173592819
18.6,17.708570706367027
14.0,14.277224299876252
18.7,17.934010206256062
18.7,18.144432610133663
14.8,14.677383284408279
19.7,18.907387839688454
15.2,14.89123401753568
14.2,14.049568936025025
16.5,15.688969705079217
14.8,15.05189610305024
14.0,14.662295282061677
16.0,14.841212257219013
12.2,13.691567084406415
13.8,13.713764239742886
14.2,14.029832795251423
13.9,13.488550322410447
14.6,14.628246113978093
15.3,15.106406480335863
13.7,13.990289024077356
10.3,10.760117539728526
14.8,14.408221544115804
14.5,14.416892985438608
16.0,15.533661915971607
11.8,12.785219853336457
17.1,17.467708097072318
14.7,15.275537272944348
13.7,13.757341119027842
19.6,18.708077663119184
13.5,15.48251395393163
14.2,14.644651308801258
16.2,13.774802885600366
11.6,12.853495197865414
14.3,14.169729759480106
13.2,13.166058956005145
9.3,8.130023958161473
15.2,15.057237498105678
15.6,15.054698039893992
14.5,15.661537441657856
14.3,13.953056032274617
16.3,15.401968289257638
17.2,18.41517259075772
14.0,13.847615266538924
12.6,12.536103359656408
14.3,14.43596207225346
18.6,17.947476883564377
19.3,18.98297720728442
12.1,12.01047470245976
10.9,11.384665427496657
11.9,11.815636341318168
18.6,19.234408456279198
12.0,12.139826199621893
15.3,15.125840922191855
14.7,14.58692616704866
16.4,15.75410099563669
15.1,15.057079675694695
12.7,12.755371104343794
14.9,15.140547626768239
14.9,14.889388435727597
12.2,12.873765121621545
14.4,14.497694943653187
15.8,15.930678363849438
15.6,15.667687033303082
14.9,14.713798889071768
18.3,18.41229258099338
15.5,14.906446506036445
11.1,11.806621888332302
14.4,14.88858022619388
15.0,15.221072482956515
16.4,16.322073404560797
15.8,15.198235690651927
12.5,11.955678284808528
11.4,12.306174279772677
16.8,16.896929714712314
12.1,12.117970780178439
11.8,12.106374570073967
14.6,14.942982833650603
12.8,13.516545778315049
15.7,15.49001082223549
17.2,17.439135281019844
14.5,14.570709440924475
8.9,9.609392385173123
15.7,15.903084044193747
17.9,17.385874516505282
19.0,18.10381889756536
13.6,14.361518051999155
13.5,13.369770242716186
11.1,12.053906339395326
15.4,15.524275556905195
15.2,15.279832503907528
15.3,15.267522234615171
15.4,15.42712349415524
15.0,14.989961350835074
10.0,11.503139095730148
19.4,16.80991298857043
14.1,13.510584569041384
16.8,17.460244686284568
14.7,14.510443881095853
10.9,11.854957155323063
13.5,14.092547811542318
10.9,10.829082042095251
18.2,18.296546385477995
13.9,14.158950010081753
17.7,18.236557165684644
15.8,15.842099743051222
17.9,18.0601265890582
17.8,17.01998678248492
12.2,12.258177165487723
11.4,12.585253695840947
12.2,12.229180546477437
14.6,14.857587577502272
16.0,15.573403682967182
14.4,14.44553476877627
13.7,14.286608370166505
15.6,15.342547525491682
10.2,10.208632284600753
14.7,14.723548006055353
14.4,14.632593014684971
17.8,18.0950443665497
15.2,15.080538852605969
16.1,15.640037343753647
15.8,15.923132733034436
11.8,12.003157740080496
16.8,17.27407063999999
14.5,14.630741448758272
15.0,14.966522366274148
15.2,15.364690920941939
10.4,10.106201790538762
12.5,12.737991734151365
12.8,13.257908659375971
11.0,11.521403903610917
15.7,16.665688914396014
15.6,15.433129174365604
18.0,16.819833968998864
15.1,15.191909484827193
15.1,15.341690688805102
15.1,15.775420989200938
11.8,11.591372809925815
17.2,16.47672713024076
16.7,16.455227259808453
12.6,13.113755566089822
9.9,10.524905252561439
13.6,13.528370758858728
10.9,11.04716783191543
17.1,17.66185941448566
15.5,14.811060093546985
17.4,17.288826890104247
15.0,14.846460493979976
13.4,13.594289533593837
17.0,18.67144119623117
15.1,14.732241949182935
15.1,14.735051154348184
19.5,18.049813570003607
15.4,16.258305367842695
12.7,12.303715578455012
15.9,16.182165393664036
14.2,12.80720730633766
14.9,14.949702472977151
13.8,13.81024725700263
10.9,10.939098575385287
14.7,13.936092142190319
14.8,14.32602066535037
13.4,13.61144922591484
14.7,14.30948711414203
16.1,16.09186054804377
15.0,14.918538705998799
13.8,13.964635582626215
19.1,18.490443159564165
11.5,11.889192533679307
16.7,16.525980388047174
15.1,15.300492493573984
15.7,15.484382470371202
16.1,15.484746732283384
9.4,9.691663117380813
16.1,15.783059500550735
12.9,13.099423924017174
13.3,14.39720880863024
13.8,13.81700244158128
13.3,12.686321955028689
15.7,15.31838978707674
14.3,16.21772275420153
15.4,15.560474802856334
18.6,17.150481311546173
12.7,12.717592583212536
12.2,11.68553019547835
14.7,14.977035444811918
16.2,15.750254001141002
15.1,15.490322338351689
11.4,11.705987520719646
11.7,11.381791591324145
15.0,14.549664060061332
16.9,17.235695338025835
11.0,11.742061496857787
15.6,15.36650486732833
14.9,14.311726030544378
16.9,17.97029334803483
17.6,18.269345249806065
14.3,14.338166940811789
15.3,15.113391613387648
13.0,13.49432034129859
19.3,17.898681844235398
13.8,14.660950052872067
18.0,17.595558087836253
14.8,14.9466987074411
15.5,15.156449177276954
16.1,16.353894278247026
13.0,12.761213753197808
17.3,16.31725287423251
17.0,17.555801374663133
14.6,14.834176914693671
13.1,13.53929538965167
16.1,15.717535296571441
15.0,14.806480217725039
17.3,16.940672550728777
13.7,13.434524854412302
17.6,18.321467800618848
15.9,15.12968150989036
14.0,14.044985930981056
14.2,13.773666354769375
14.8,13.903360792290187
19.4,18.951515017135534
15.0,15.1519023119763
16.1,16.116877042179112
14.5,14.471548362625981
17.1,15.527480889228173
15.8,14.80033856339287
15.4,14.87683086443576
15.0,16.030171010963386
14.9,14.944784824852832
11.4,11.446085620802478
15.5,15.750399543147068
19.8,18.54966423881706
10.8,11.384315011207946
15.4,16.03175259694399
17.4,17.400771374988835
16.4,16.39055265922798
13.9,14.531589887104928
17.9,17.896249704324873
15.9,16.285271840752102
15.9,16.578113047900843
17.5,17.65448160053711
14.3,14.995372489820511
16.3,16.12761443844647
14.5,14.627305314410478
13.5,13.50654698474682
19.2,18.06996815124876
13.4,14.877867632229027
17.8,17.6942278459901
12.0,12.579850290669128
7.1,7.5677178335608914
10.0,10.623643255850766
15.6,14.591042677755468
15.4,15.378152316119667
13.6,13.866337564983041
19.0,19.215568975982023
14.5,14.65488894257578
12.6,12.712485900749016
14.2,14.6102818458221
17.8,17.377165212412365
18.4,18.38790247356519
18.5,16.85182332486147
15.8,15.540170223393943
9.5,13.052083678461713
14.5,14.687353631950828
15.2,15.35844353113498
13.4,14.205732406815514
12.8,12.961283120856024
16.0,16.145420732384082
13.0,13.691318597126156
18.0,17.617447437369265
13.8,13.090408758993362
18.9,18.702741885674186
16.5,16.60979395727918
17.7,18.40772222171654
12.7,13.045771297969623
16.6,16.80653464543866
15.9,16.054410135082435
13.7,13.005573797272518
15.3,14.644523974478943
19.8,19.151092191721546
11.4,10.658077314146794
13.8,13.54951792099746
16.4,15.304072669949164
15.9,15.794341524655465
10.7,11.94470179185737
14.9,15.097161304292968
14.1,13.321431964519434
15.3,15.21859060350107
14.0,13.767954153829123
18.5,17.601085667702137
19.4,19.34263957699295
15.3,14.369723097979659
14.5,14.180960536294151
14.2,13.465798058801738
17.8,17.706188300944632
17.7,17.16307725099614
14.0,13.743486022111028
16.6,16.904940168649773
19.2,19.08278822572902
17.1,15.863865552382777
15.0,14.074101402540691
10.7,11.673816213326063
15.3,14.715693060225021
14.3,14.407869042770471
14.8,14.453440713583404
12.9,12.75216072506737
14.5,14.288077438759501
15.4,15.389453762647463
17.8,16.59051479230402
14.5,14.425082676287275
13.1,13.255582011421211
15.3,15.81329372874825
16.4,16.378182506537996
12.3,12.008142931881594
11.3,12.131730944704032
15.4,15.49885806459315
18.8,16.749376093881438
8.5,10.288850327287946
17.6,17.35148929746356
11.2,11.220190125808585
14.9,15.899662532872753
13.7,14.26717480444131
13.1,11.962960907025263
13.2,13.585432062362088
5.9,9.107833729940467
14.9,14.57238037046045
18.0,17.76547015446704
13.7,12.852846500158194
15.2,14.96229483408024
15.1,14.673185074911089
14.2,14.075712763762567
15.7,16.547600003075786
9.0,8.047607442282242
15.8,16.51593284694536
14.6,14.804945315758232
15.0,14.798584224568913
9.2,9.408738647995051
13.4,13.380683790310286
14.8,14.890909856680082
18.5,17.926487271121005
16.1,15.506518429119751
12.3,13.05797784292372
15.1,15.523323743103902
17.2,17.219982164882822
17.3,17.859734133147867
15.7,15.872593531777966
19.4,19.290923125925474
15.7,15.054035616329202
14.3,14.163260658217041
16.6,16.0979380691424
14.2,14.818011405895959
13.6,13.418350854044547
14.7,14.752374728879659
13.8,13.276285387086318
15.0,14.525850958030787
18.5,18.095152402529493
14.9,14.78327513797558
13.4,13.26122013782151
15.2,15.115680421004072
10.5,15.278736230102368
14.4,14.648958460107679
14.7,15.117744763574592
11.7,13.453342057619011
14.9,15.206477007392095
14.6,15.32850540621439
12.6,12.434645258705132
15.9,16.064222233711916
16.5,17.083162222930696
13.6,14.091186219608062
13.6,13.871993641339941
17.0,16.856255746130046
15.2,14.585900510806823
12.0,11.842842218640726
11.6,11.497839800082147
13.0,12.144949564884882
19.1,18.228035149164498
9.1,9.146647419023793
15.5,15.76564926066203
14.9,15.136076850554673
14.5,14.19052325177472
16.3,16.42456410425075
14.3,14.895562335184877
13.9,13.453005562525505
16.2,16.263047745422227
16.4,16.377421390730888
14.4,14.194534683329039
14.6,14.847721458092565
13.6,13.859857045321405
15.0,14.47724584554635
14.5,14.884436957034268
17.7,17.389085149785387
15.2,15.536687074054498
15.7,15.55203561320377
18.7,18.31833292983356
14.5,16.275481946591754
19.1,18.298027441021986
10.3,10.542070205996424
13.6,13.827885973561933
13.4,13.537408871896332
14.2,13.60316558505292
11.6,12.793699254834792
13.3,13.057209725229768
13.5,12.722905822714893
16.2,15.19831249100389
9.7,9.296422397950664
16.9,17.47783453532611
12.6,12.784411511500366
16.5,16.695655032453942
9.5,9.575148933450691
17.6,16.976012128812727
15.7,15.98346087342361
11.9,11.984480316663394
14.2,14.032204291346716
12.1,13.941991999592574
12.7,14.264854541488603
17.6,16.93731866654707
14.7,15.241421037590044
10.7,11.583145719871027
12.1,12.208605582243763
19.1,17.95093314399128
15.9,15.936919024421513
9.7,11.055756476591341
14.2,13.803054032428918
15.9,15.622790202061879
13.0,13.655623616679804
17.3,17.13580176150208
15.2,15.330353772520539
12.3,12.474588878249051
14.3,14.40490947003127
14.4,15.558947442132194
14.4,14.292967653314918
11.3,12.509865503263427
14.7,15.38891112204874
15.8,15.817693490476813
17.7,18.033387666451745
19.3,17.77422689233208
16.8,16.908231650246307
7.4,7.950404605886433
15.0,14.140268143126377
12.9,12.637604920309968
13.1,14.066743223957019
15.5,14.677293526474386
16.6,15.416295343689853
17.2,17.51676570350537
19.6,18.4616349110147
15.8,16.514783098420594
15.0,14.7368115317513
16.9,16.696003373072017
15.5,14.853060583671322
19.7,18.070641907659592
11.9,11.993382155254949
16.6,17.977924238482956
16.9,17.468894552614074
16.0,15.765372898778878
16.8,17.558093591418583
14.9,15.818585119908676
19.6,18.912401062989375
12.7,12.576317647792166
14.6,13.822194679238237
19.1,19.44582667798386
18.3,18.459429168171482
18.1,18.338341302005574
15.2,15.098198488354683
17.0,16.712403245910536
13.3,13.527396983674407
19.2,18.877142515790183
17.9,17.48791875736788
15.2,14.852035713731311
15.8,16.172261085772334
15.6,15.452941152179847
15.0,14.55565649496566
15.2,15.450465747504495
13.8,13.764796177187236
18.3,18.154943888133857
19.6,19.09895395723288
14.5,15.657955390277493
14.8,14.920740461020614
14.4,16.81227103646961
14.5,14.949207291521816
14.2,14.004378024314065
16.0,15.682459036295768
15.6,15.117991102510132
18.9,19.171426454820903
13.5,13.527673316886649
15.9,15.774266750027891
16.0,14.884140944341198
13.0,11.999032840249129
15.6,16.55145058443304
15.6,15.425237688206835
17.2,17.336140082319616
18.0,17.817806038307026
18.9,18.96339878201252
14.0,13.717325396632077
18.1,18.41919889318524
12.3,13.190069105068687
19.7,19.534068090142682
14.4,16.34529528141138
12.2,13.28579478210304
15.0,15.340345773409354
15.2,14.65095265673881
14.3,14.202641321826377
18.0,18.206947901082458
13.0,13.554841796256369
14.4,14.50326704676263
17.1,17.59899282141123
14.8,14.635493933223188
16.8,16.39784921104001
15.9,15.746630306646693
14.9,13.809757505601738
5.3,10.5673067382304
15.1,14.486528021690901
15.7,15.550224192111273
13.0,13.099989116604775
12.3,13.214226217358373
17.8,18.51164218136546
10.3,11.343556287174579
15.1,15.009332582332718
14.5,14.66749462406733
14.6,14.985193623611849
16.9,15.753608564002207
17.6,17.474099964681955
14.2,14.85450711845624
15.7,15.388517396349926
17.8,18.32203146442771
15.9,14.998188908768498
15.4,14.9625942400653
15.3,16.336798757611177
15.3,15.525465533579336
19.2,17.354487194505055
14.8,15.363501166639253
17.9,16.891089838929474
17.6,18.02613709337311
17.6,16.838574097317178
16.5,16.843715583501762
11.6,10.05851354758488
18.4,18.125490918726427
15.6,15.727694142609835
15.5,14.990708604775136
17.1,17.810655156910798
19.4,19.24218297371408
10.9,11.368677434686106
15.2,15.687812892156217
12.2,14.276817674492122
15.6,16.192848561826395
18.8,17.950360438000644
14.2,15.185468664276414
16.7,17.40803260368193
15.8,16.029817984061083
18.8,18.730113931771484
16.0,16.285141313594067
13.7,14.586056454689242
15.0,15.918437851825729
17.5,17.102368987805676
14.7,14.752081770071527
16.5,16.606348291263203
16.9,17.333982087904587
15.1,15.905495273531415
16.3,17.133904067450203
13.0,12.813418160425499
19.0,18.78088849305641
15.5,15.975950941967312
15.7,16.32761653373018
14.8,15.959368909932891
16.5,17.35571564172642
14.9,14.746868665301008
17.0,17.957563173320523
13.5,13.130879564303541
15.4,15.402109490474686
12.6,12.459928526659496
13.5,13.065662607437844
19.2,19.230941572604934
14.7,14.470717146847164
19.5,19.401522634376306
14.6,14.663552012862056
16.9,15.827883118006866
14.4,14.049786646242865
19.3,18.17043890099012
14.5,14.573619098111521
13.9,14.39019191492116
17.7,18.472522488154937
14.8,14.354571126465089
13.9,13.517316412297077
13.7,13.84952896777395
16.2,15.713088816264644
15.4,14.921176848589312
15.2,15.239629501302261
14.6,14.458844498934923
14.8,14.656998416758142
17.4,16.743048445292516
13.9,13.683293655372836
16.1,17.093999251534115
9.5,10.652089170063846
14.8,14.322211070440972
15.0,14.664791356568458
16.1,15.102236515256664
9.4,9.550717934645945
14.9,15.01455838365655
16.9,17.763559386803536
14.4,17.338554444984766
16.8,17.12931819666119
17.8,17.60065475938609
13.9,14.372438070131466
13.1,14.006230882154341
15.6,15.12433680536924
15.3,15.345606151171523
17.2,17.579431181336986
14.7,14.314173276856309
11.3,10.791176353930496
14.3,14.227923075202852
18.9,18.38679857860552
19.7,19.248844785557594
16.9,17.396842129295692
18.9,18.03373529482633
14.7,15.137798970928998
18.0,18.094789903669152
15.4,16.3851313451014
15.0,15.30935019422759
17.0,17.411598048725864
15.1,15.391512543548743
15.0,14.968964609783143
16.4,16.47324899220257
15.8,15.45188471741858
17.9,17.75574486248661
14.5,15.358645664789947
19.5,18.578144257589884
15.7,14.35948866349645
16.2,15.141953997197561
16.8,17.045119394926587
15.2,14.929258679649138
14.4,14.436128940844355
15.6,15.207441515172832
14.1,14.241010262805503
14.6,14.46588917128065
14.2,14.347554884225246
14.7,15.395906620309688
18.4,18.010989309317665
15.6,15.479139441336883
12.4,12.539291861699894
18.2,19.020368206198327
14.7,14.829133944527712
15.0,14.690665477019138
13.4,13.372566065459978
13.9,15.204391866695005
17.8,16.291597696195822
13.7,13.44969937831047
13.3,13.507774596422678
15.6,15.151172789919656
14.7,14.841066678927746
14.5,14.304586652870057
18.6,17.4529068316333
19.6,19.128728771262104
12.1,10.83154980908148
15.0,14.522160386346513
15.9,15.41062507921015
14.2,14.459812571258226
15.9,15.473541062352524
11.4,11.710516392689897
13.4,13.758024588780245
12.5,12.46747960956418
16.9,16.476348899974255
19.2,18.886660614516586
14.4,14.46843511710722
16.7,15.906805901919142
14.4,14.106712993234396
12.9,12.377627664187457
11.9,13.033461415208876
15.2,15.101931428571334
9.5,10.628301267395727
15.6,14.015491168189328
15.3,14.606832763820421
15.4,15.033821989833086
10.9,11.392931849870365
14.4,14.858740755706094
15.4,15.340248472166422
16.3,15.442587798868772
14.8,14.911730682404595
15.2,14.353133191405504
13.0,12.793215080047958
15.1,14.921003653726075
12.7,11.902337061241269
14.2,14.45753982255701
17.1,17.615267014451092
12.2,12.896411994937807
14.5,15.127826412706781
18.2,17.942750394606264
14.4,14.87949328799732
15.7,15.686126701177272
14.5,15.246746294977129
15.2,15.418476370541612
17.6,17.379035460355226
13.6,14.411900004546624
14.8,14.638976599529997
13.6,15.435966682263825
10.9,11.09827831783332
15.7,15.178568640258163
14.2,14.624765971151646
15.6,16.39619605291773
8.8,9.186405482585542
13.2,12.99989519699011
14.7,14.421641520457342
14.3,14.275349412022479
15.8,15.224839345552027
14.8,14.149781053569313
17.3,18.46137655628263
16.6,17.00397831655573
15.1,15.031857095154919
18.9,17.305807186092352
14.6,14.552923126961105
13.9,13.618856593213422
15.2,15.243174786144664
12.4,11.841388988832477
14.9,15.162020222574938
15.8,15.726702511812618
16.9,16.371456383662007
15.4,15.917589717137162
17.5,18.211085669667227
13.0,13.535611917759525
14.8,15.431795100332238
15.8,15.54638051224174
15.7,15.456313426082488
17.5,16.96697890458745
10.3,9.286615353106754
12.1,14.277144763880642
18.0,17.121304545667954
12.1,12.431410457778838
14.6,14.83374631568222
13.7,14.062035451992415
14.8,14.103473899129312
12.6,12.916426524945564
13.9,13.801374060092712
11.7,10.527664905592246
10.4,10.167574276390951
16.8,17.54576727480162
13.5,12.907983399258228
12.4,11.797802768851398
16.8,17.357456670026295
15.2,15.328855474013835
11.8,12.447002930159215
15.3,15.940997192054056
14.4,14.895902913998725
11.6,12.65138483166811
15.3,15.020227501232512
12.9,12.78056652052328
17.3,17.752495283817552
9.8,10.054014798253775
16.1,15.505315426793459
5.6,7.983952371228952
9.2,13.246374019747236
17.2,17.814454722421942
11.7,10.929975621547783
12.4,13.174611019610893
15.1,14.664423434151104
15.4,15.27603685244685
18.1,17.71888065294479
16.8,16.695005043118726
14.0,14.360104151477572
5.6,8.058399190718774
16.5,15.680525500152726
18.1,17.179694212245522
18.6,18.51978802665508
14.8,14.688041482819244
14.0,14.060796500263677
5.3,6.675263619283214
14.1,13.408885800599819
13.2,14.17222536393092
13.5,13.945818012700329
14.5,16.069471899614655
14.1,15.878336161142215
10.4,11.512636700965231
14.9,14.885266307650454
16.3,15.008603603346273
14.5,15.525174908150802
14.1,14.74838740551786
14.7,14.532484996845596
11.8,11.516304405406117
13.4,13.570029418948252
13.0,12.593498303322122
15.9,16.11953641281434
13.0,12.85740178186461
13.3,14.632253030780703
15.3,16.529853317790185
19.2,18.247798567463178
14.5,14.39479404850863
14.5,15.515319996222388
18.5,17.84766895227949
13.7,13.070282799657434
17.1,17.462711086758645
12.8,13.109568828804186
12.8,13.995427089743316
13.9,13.94517664768864
14.9,15.065667814493281
15.1,15.018216992291855
14.7,14.483960077777738
14.6,13.387360261782305
16.7,16.38611770735588
17.4,18.145770378425368
14.8,14.221172194404062
15.8,16.278032518021064
15.5,16.70527722319821
18.3,17.75478485036001
13.4,13.724729899462545
18.6,17.687442122842185
11.2,11.56394429973443
14.6,14.961335938474804
18.8,18.15694466640707
12.8,12.967281296732835
12.3,12.129115878487937
18.2,17.802114424179308
14.0,13.706680243252777
10.3,10.69029495830182
19.5,18.264827102189884
15.6,15.211637005762896
14.1,13.821183028107043
17.8,17.444968353578588
17.5,13.578502405876861
14.9,14.659683874750044
15.6,15.522343854889186
18.2,16.166986963740783
14.3,14.205376129393699
18.1,18.673185680207098
13.3,12.878004833357409
17.0,15.861348636943148
17.4,16.741949682531413
12.6,14.319384439766509
19.0,19.094325401529204
17.0,17.56569065898657
15.5,15.932718797484995
15.6,15.351419620776142
17.3,16.838479806334362
13.5,13.014964561909437
17.1,17.092966564552626
16.1,15.591803138362593
19.9,18.9733962888713
13.3,13.449885277543217
14.6,15.441385250043822
16.3,16.519011596135897
15.3,14.789854391088738
13.8,14.0818743656273
16.2,16.35478085549221
18.6,18.657550555159105
15.8,15.528546261135489
14.0,13.305616594860112
15.7,15.9015693886613
15.2,16.095362579842913
15.2,14.97250848665135
15.8,14.821516272728331
15.9,16.70237082798849
13.4,12.867652072502096
15.2,14.531951590091921
15.4,14.554313066508257
18.2,16.919120242877398
19.6,19.16963570934604
17.6,16.802002008573254
13.1,13.943127908540191
16.7,17.39677704416681
15.2,14.983838551101144
12.6,12.418049390602391
16.0,16.51171225286089
18.9,19.12581990362378
19.5,17.02835582778789
14.8,14.797077602259378
12.4,12.754822382270504
15.4,15.074979017605074
16.0,15.894625052329502
15.3,14.998030786926392
15.0,15.121920453239
15.3,15.323114225440804
17.8,17.705298902466893
11.8,11.346426687410712
14.8,14.85766073060222
15.1,15.010166552510782
15.9,15.451058307186031
15.6,15.570334951951736
14.1,13.758878532331437
16.6,17.380496552685145
14.4,15.00407099135009
14.5,13.996681309276028
14.4,14.363991690654075
15.5,15.287551852530669
14.1,13.942096394050168
13.4,14.193947519466747
15.0,14.978794261613075
14.8,14.193597607536503
15.5,15.186915168451378
15.0,14.929539894801565
12.6,12.977813220699318
12.5,12.745588929275982
12.1,13.030018562887562
12.4,12.774292420828715
14.7,14.467470938398037
9.0,11.188115286029642
16.7,17.3910895777517
9.7,9.95135719422251
14.4,15.397020048192644
15.4,15.604162005176477
14.4,14.742023222032003
18.9,19.06590805403539
12.3,14.590883154391122
13.6,13.154133863281459
15.4,15.609274091752013
15.2,14.475770988792647
14.6,14.68731919664424
14.8,15.028028336662828
13.8,14.273137973277699
14.9,14.899813639440254
9.9,9.787483407508262
13.0,13.528833362011937
14.2,14.481847673770972
16.5,16.367612941365223
15.3,16.171749244836974
18.0,17.356590105486248
19.2,18.839712632412557
15.4,15.497854949695466
14.5,13.713497634627856
14.2,14.430022076558089
10.0,11.104184148425702
10.4,10.891486693057232
14.3,13.77396443984253
12.7,12.602403126948047
19.8,18.82236409233883
14.4,15.028640725009609
18.5,18.56983687481261
12.8,13.158324520394672
13.7,14.629092026973012
17.4,16.48357550619403
12.8,13.406594923369994
17.2,17.46733458089875
17.4,17.713644105184358
14.3,14.567169722249673
14.7,14.296190508030122
14.8,15.32900551539933
11.7,10.896193744032644
14.8,14.122919549408834
15.6,14.505745390750235
12.7,12.786588053997548
16.3,15.36143302347591
15.4,15.51444996111968
18.4,18.792422090278706
14.2,13.833247500762809
12.5,12.732666055846494
19.2,17.86108473650529
12.5,12.986817272321787
19.6,19.034628258435987
15.0,14.912141712549783
14.7,14.738876910632825
14.6,14.097995043226547
16.2,15.530403164364543
16.5,16.855140611587558
15.0,14.891004398930818
18.0,17.615041702263625
14.0,13.940477437750815
13.8,13.468426515091778
18.1,18.43439972124179
17.7,18.372220969817135
17.6,17.035932096114266
12.0,12.564206679326162
14.9,15.03248526167954
14.2,14.095934850945923
16.3,17.87967175914673
15.6,15.44610354976976
16.0,16.857428940798854
14.9,15.761387673090212
13.8,14.343994974915404
18.5,18.76969729634584
16.7,18.03624991023389
14.9,14.755786371068098
13.1,13.364190714230062
14.0,14.652913764006371
16.0,16.519580634016165
14.4,14.302358059998369
18.8,18.80526170815574
15.5,15.3329083189019
15.3,15.310279529952822
15.2,15.05233671978931
13.8,14.068026438486413
15.5,15.252383681741776
14.9,14.815466628555441
16.2,16.12918122713745
10.0,10.664396461041179
19.7,18.832204049103893
17.7,17.730028915320872
15.7,15.235477148899008
15.8,15.626401884685038
15.5,15.264832926102827
11.8,13.19055459872834
19.1,18.88354276912287
19.3,18.39882586686872
16.6,17.354901777987834
16.8,16.403637464070925
17.1,17.6270439735963
18.1,18.172305538580986
12.5,12.768147397062421
10.6,10.791240449121688
13.2,15.454339189949678
15.7,14.984144829726574
15.4,14.860572362114908
18.1,17.89794108690694
15.8,15.369002600156819
16.5,17.13131628138217
9.8,11.168312929516105
17.1,17.07132016980904
15.3,15.335360316821607
13.7,13.654505270533264
15.3,15.070862035587197
14.3,14.90852774103405
17.2,17.773861884517828
15.6,15.915139328222722
15.4,16.647525187028805
14.3,13.887726822173136
15.6,15.505695744963305
15.9,15.485255635925569
17.4,17.080116253146116
15.0,15.315143645711942
15.1,16.55442819718155
16.2,16.21899937338094
16.4,15.443324272622704
15.9,15.280755355663132
15.6,15.25312978916918
15.0,14.85901985791861
15.0,14.163047878921134
14.8,16.326858335291035
15.7,16.85899173692451
16.7,16.46859011275228
18.7,14.805257007776163
14.0,13.816205072074808
14.5,14.267747529927874
18.7,18.47636878164485
15.7,16.458410207997076
16.7,16.4976423790431
14.7,14.973839581245556
14.7,14.306770664325086
15.4,15.184793318505399
17.3,17.29745183878549
15.7,15.702601477314602
12.1,12.007444467253663
10.5,11.180133802292403
19.3,18.58455614442937
18.2,18.176461251452565
17.6,16.98183171384153
14.9,15.32504468435036
15.5,15.548764818056952
17.8,17.70706480662193
15.6,15.627542737842305
16.2,15.711463099854882
19.4,17.907129291885212
15.3,16.307933116477216
16.0,15.764611820341088
17.7,17.000829506723676
14.8,14.751834373637394
13.3,14.219063842785545
13.9,14.150621764598327
14.1,14.161391481000464
18.2,17.34748006911832
18.8,19.18147695949301
13.6,13.215987576782936
10.8,11.27722727890432
10.9,10.49373761471361
15.1,15.034482247923734
19.7,18.79092713719001
16.1,16.408033728948794
15.6,15.696566604425243
13.2,12.990740653800458
13.5,13.172758812725078
11.0,11.29960824502632
6.8,7.29289121623151
15.5,15.250786731339758
12.8,12.713386921654092
18.1,18.135208038205747
15.5,15.501772456569597
16.4,16.323218176803493
18.2,18.02013292600168
15.3,14.040753031877102
18.6,17.92867096926784
15.5,15.03406005891702
15.5,15.350839953251125
15.7,16.164691069177934
19.1,17.849178594979094
15.6,15.635116792218469
19.7,18.532085989252664
17.5,17.32627141912235
17.0,17.870849487637315
17.7,17.14711896580411
13.4,14.029824856144842
9.7,9.764456583132414
12.6,13.322444957215339
12.3,12.41380408464829
16.0,15.672356349503389
14.5,14.138983132928843
17.8,17.5806416538544
15.0,15.620343957620207
17.4,17.322550130542368
14.1,13.734329643775709
17.4,16.83994378845091
14.2,14.238233206386212
15.5,15.268020063173026
13.4,12.535680771514308
14.4,14.868986087676603
12.5,12.312359277711948
15.5,15.925605384720257
15.6,15.435713134065736
13.5,14.213751083647367
11.2,11.351228794490453
13.1,13.086243846279103
17.4,16.813584493706003
13.4,13.097421998012578
12.6,12.541664705408039
17.0,15.937685237096957
18.9,16.91877265414223
15.2,14.901390254934086
12.5,13.062016294308705
10.2,10.973122444469482
12.6,12.771825874748174
18.8,18.880743395129684
17.0,16.67340805506683
10.7,10.111098764406051
15.4,15.405876911856467
16.1,16.489138729521073
16.8,17.15629820601316
11.5,11.922484948823694
16.7,16.91089979395474
14.8,14.720293505557493
13.9,13.38403905951418
15.1,14.756606919243495
15.4,15.276952825985063
15.6,15.17268640194743
18.9,18.920853915740736
15.0,15.571243097947445
19.4,19.55796290343278
14.9,15.512211821886012
15.8,15.613683081872296
11.4,12.138726803532336
15.4,15.518619998707436
17.4,16.656499907490797
13.7,14.41159096636693
16.3,15.828117485623807
11.7,12.189366906532086
17.0,17.017622299234063
15.5,14.71205568707046
15.1,14.733591482192423
14.7,15.261191886136658
15.8,15.951383532086766
19.5,18.65082715713652
15.3,15.347577685359283
7.5,8.609635259810602
11.2,12.607312680600444
13.3,13.866735407382293
13.6,14.773238695721375
12.5,12.794131212838693
10.1,10.03775729809422
19.5,18.74009275797289
10.8,11.521288922638632
18.8,18.06751380773494
17.9,17.983313147560693
16.5,16.57572807665565
15.3,15.39884371455264
15.8,15.791342850563524
10.9,12.159354869436356
14.0,14.823610823310446
14.9,15.310772703051043
16.6,16.719273088208865
13.0,14.038186371239135
11.8,11.694798713346245
15.4,15.629765098819917
14.6,13.542988134606276
16.2,16.421450099500362
16.5,17.1904830920721
19.0,17.593488503702247
13.7,12.508314918202814
16.5,16.230094132988597
16.0,15.79282073045033
15.6,15.576453816320281
16.1,16.108886079106014
15.6,14.248546082468238
15.6,15.189962639065925
16.2,15.395250357687473
15.9,15.319160177838057
15.5,15.05179310409585
16.4,15.510968958988087
13.5,14.189069373916936
15.3,14.837788304743299
13.2,13.64460914162919
14.9,14.820680901029846
13.7,15.307710860912266
14.3,14.659722148153378
16.1,15.778784543392248
10.3,10.28312022559112
7.3,8.508429799054284
18.9,15.260497208399102
15.0,15.512847046877141
16.4,17.157004247728764
16.0,17.354208889213623
15.8,15.902687629917637
17.3,17.17214070618502
15.5,15.181754928085866
15.9,16.000665023428155
12.0,13.420578686131194
12.7,13.646877001301618
14.0,13.570303220622009
12.1,14.642772013845388
12.5,12.994015710635722
11.0,11.284148054139223
14.5,14.59440536989132
14.2,15.241887980540923
17.6,18.549393626424717
16.7,16.678165271296166
13.5,13.273463885125238
15.8,16.434521517367102
15.3,14.907130703300936
12.1,12.094905509904493
15.4,14.955556960892864
14.8,15.092782050080132
15.2,15.920737701526377
16.9,16.651910357270026
15.7,15.642165480239782
11.6,12.222942002641503
18.4,18.415902094799094
15.2,15.32090786452136
16.0,15.947004749386906
14.6,14.538765707946368
19.9,19.352682043914683
17.0,16.895175056204607
15.4,15.646396756714239
12.7,12.736049082966929
10.4,11.893031721094303
18.8,18.65115036885254
19.7,18.614863703784067
15.4,15.625641922932118
13.2,14.58119831950171
15.8,16.351431416376727
15.7,15.56220553664025
16.3,16.146141016826732
19.9,18.034719566232525
16.8,16.89906941456138
14.9,14.976106236877968
16.1,15.992863340012264
16.6,16.13626680977177
16.0,16.248958788841264
15.1,15.035410120384768
14.5,15.174511900657308
19.3,19.047854662232567
15.1,15.134485746413702
15.6,15.284123609366361
14.5,14.646299773856299
16.9,16.524506248513717
17.2,16.86607042979449
13.2,13.828488580154954
17.0,16.672304931184044
12.4,13.006645179382758
14.7,14.207415116594348
15.2,14.911543109512422
15.6,16.258306610776344
16.5,16.23995026826742
15.5,14.896668380000847
17.3,16.370208509499207
12.7,13.104433404121664
12.8,13.918924611469265
15.2,14.996269660976395
14.4,14.863380736995168
15.2,16.29182050417876
14.9,13.215463520493358
14.7,14.809597967778245
15.4,15.679917831206694
11.0,11.827867106767371
16.0,15.713133940989792
13.3,13.449805108451983
17.9,17.58466875616614
16.5,16.311242928204592
10.7,11.942154193297029
15.9,15.848839134152513
15.1,15.26372760158847
14.1,13.377784697215247
11.1,11.90547007281566
15.4,15.223181916197063
15.6,15.556875826558098
16.4,15.562068304110653
14.7,14.946582189033506
15.7,15.368186634939775
15.9,16.254893788867776
13.2,13.495249480001803
15.3,16.718834379164036
14.2,13.59358790499391
15.0,15.210969302488593
14.6,15.968248313118238
15.8,15.018964634602526
15.7,15.452614215726499
13.2,12.290044513123576
8.7,9.926557893501013
13.6,13.54902367424802
12.4,12.844244584790431
14.8,15.200713771126175
19.8,17.956011565751396
10.0,11.040275424864376
13.6,13.969520520680817
15.1,14.92594167718562
14.2,14.914126705174567
16.9,16.47371792935155
14.4,14.350598221026303
17.0,17.486222901687142
11.6,14.423601743565087
18.3,18.13916696351953
14.9,14.340156553749694
11.9,11.445456645542436
12.8,12.037305591802578
11.5,11.612858951470116
12.7,13.29097524395911
11.7,12.046013466198929
16.7,16.984335887857014
17.0,16.864137509517604
12.7,13.267113253532443
13.3,13.212858176237205
13.9,13.861265896091936
12.5,12.695172588981222
13.0,12.716233236074913
17.7,16.72809897706611
12.3,12.954533112380886
15.4,15.168272184795569
13.9,14.261080200958531
14.1,12.90196194552118
13.4,14.455715603507997
14.5,14.553498033608776
11.7,11.73174955585273
19.6,17.3748528592987
14.7,14.770295609370805
16.3,15.76624528557295
7.6,8.87864894932136
11.7,12.363604471407598
15.8,15.727980218360244
14.8,15.696228134562261
15.8,15.400665941942862
15.8,15.367168574535754
16.0,15.334503569849403
13.8,13.320227508549578
16.8,17.22507329054679
16.3,16.165131021833076
16.3,15.647913134765986
15.7,15.395911084564432
14.9,14.94031160644954
18.8,18.436591524077812
17.5,17.44444325900986
13.9,13.673468549823156
14.6,14.795335140286625
15.2,15.428350709116785
11.7,12.2745702638058
14.4,14.841667739201512
14.1,13.530268675996922
15.4,15.799120750831207
15.7,16.310369674634785
14.5,14.678494391555432
16.3,15.922401687130332
12.9,13.567231647877634
19.7,18.992351047229022
13.7,14.59959216561765
16.0,16.069715153222205
16.1,16.315819715091493
15.3,15.960379845288116
15.1,16.34862262961542
13.4,13.271728775962401
13.2,13.058036805450683
16.6,16.921879691479262
15.1,15.27198450898868
14.4,14.623566720285453
15.7,15.329166337527568
11.3,11.785562183475122
13.0,13.768653705454199
14.1,14.154341653887968
17.2,17.31799208663142
14.2,14.41334637275213
16.0,15.6685428180499
16.1,14.912589189683786
16.7,16.14431915828027
15.2,14.978111201315187
13.9,14.314287143817637
14.8,14.803516942780334
14.9,15.349593751045177
17.3,16.66630589045235
14.8,15.088905400014482
18.3,17.494341560002795
17.4,17.36957886678283
15.3,15.02057087403955
13.3,13.318440014269072
17.4,17.443801850753516
13.4,15.1656397832121
19.4,19.227377039118437
14.9,14.235743986850139
13.7,13.502992898109369
15.5,15.037454318488017
12.2,12.444029203310492
13.9,14.126367822580505
16.0,16.25597209771513
15.9,16.244328450105968
17.3,16.129140025528613
17.6,17.398510189788794
13.1,12.463876740075648
17.7,17.67830449118628
19.9,18.941850813658675
13.4,13.102708547696238
16.3,16.355988856310432
13.9,13.890617451746948
14.3,14.129549692210276
16.8,16.50957800191827
18.2,18.661148539191345
15.7,15.808184927886032
15.1,15.193663126576212
16.5,16.611887431237847
14.5,14.693283809410786
14.8,14.68229748151498
14.3,14.927353002596647
14.3,14.704778998862821
18.9,18.441988160047913
13.9,13.926121782511473
18.1,17.379074723488884
17.3,17.110582743427585
14.6,14.418372343876399
16.2,17.750788997975178
14.9,14.827583241814864
14.3,13.833825605805032
18.0,18.063895017665345
18.8,18.27118603279814
15.4,16.235421554200002
15.4,15.510756862786366
13.9,14.219218124533654
16.1,16.640006594068836
14.1,13.937050664157141
12.4,12.568773478618823
12.8,13.460991599658882
16.7,15.8928966303356
16.1,16.356598450889578
15.5,16.093345259932903
19.9,18.755688934965292
15.8,15.549699396398864
16.6,15.440469177061459
13.0,14.883359925064724
15.7,15.917710876499768
17.2,16.738666665623896
15.6,15.452573221497005
17.4,17.197642555067432
14.3,14.177066831389311
16.5,15.798924079659628
17.7,17.774921142325184
19.6,18.524338238144992
14.7,14.441699305374641
18.0,17.737960066384403
16.2,16.063997639226727
12.7,12.27220973841031
19.7,18.64711437461665
18.6,17.424762103944886
18.1,18.367315584706375
14.7,14.828548840145231
19.6,17.388741513952482
14.1,14.007693938128796
14.5,14.188644364685388
15.4,15.410882814518118
14.3,14.711218834683677
15.3,15.297137022953393
15.1,15.171646728704218
14.8,14.820474831649335
15.7,15.439985065342626
13.2,12.928143650351558
14.1,13.488142280490138
12.2,13.073989961936604
14.9,15.249948308453895
14.2,14.827586760446138
14.5,13.650198134811944
15.1,15.074118990763964
15.6,15.501199234800879
15.1,15.037909072445473
15.6,15.259464791190112
14.5,15.112403185659787
17.9,17.97818625155196
15.7,17.013729467405938
13.7,14.059069896669826
15.0,15.226183650018356
15.3,15.067484111210433
14.6,14.626194555632537
15.3,14.987212730678948
13.7,13.600733653423958
15.4,15.348963024680415
14.6,14.804246633299044
10.0,12.624655543919289
15.1,15.129228209149005
14.7,14.768516837946663
9.6,9.856455760949757
14.8,15.415511983946999
16.9,17.150782439508475
13.1,13.489077148584329
9.8,10.774653050524648
14.6,14.76322608688497
14.6,14.366253687097924
16.6,16.805712237895932
15.1,15.010653686782462
14.8,14.608732003864134
15.3,15.156220525026583
16.7,15.764337306376547
12.1,12.124015859793872
18.8,17.837020537321223
15.0,15.568089579683146
14.5,14.217700076522306
15.4,15.637522478034953
12.1,15.054354996338589
15.0,15.217479299803017
17.1,16.813057091261726
16.5,16.509082727192435
12.0,14.45946044952143
17.2,17.267983507059398
11.4,12.250016642297851
14.9,15.123864747874904
14.7,14.883986794942757
16.7,15.779024820018094
16.7,16.812607816187665
16.2,16.279135064925867
15.0,14.938050476834178
12.9,12.913010938791558
15.1,15.3304886175938
15.5,15.09737161529847
15.8,17.073806817177683
17.7,18.270557199255563
19.0,18.077426104951883
19.6,18.875339161924785
11.5,14.278891624329844
15.6,15.301839956257027
16.0,15.707678737922834
14.8,14.96984526491724
15.0,15.325571190889605
14.5,14.86367949398118
15.6,15.019418251240495
15.8,15.647199301227374
14.9,14.814999060035916
19.7,18.6363077245187
12.4,12.723235151701374
13.8,13.625763829855714
16.9,16.644431679451372
16.1,16.01729754891494
15.4,15.374002491145802
14.5,16.157542604985792
14.7,14.12345827502213
16.1,16.33842882251338
14.5,14.330439421406481
17.2,16.139055835315958
14.3,14.158597802777876
15.2,15.000255100036156
14.6,15.238775955154779
18.2,18.75303089886438
15.0,14.876486440480221
15.4,15.41632592183305
13.8,13.766888257148821
17.1,16.33164898094219
8.7,10.094414141611196
13.6,13.427580629533622
16.0,15.548681322397897
15.3,15.416214438009774
16.1,15.280761494141188
11.7,11.836641094414517
13.3,12.854114589257733
14.9,14.390884275786448
18.8,18.26540530352213
15.2,15.151500221114475
15.0,15.36330693634227
15.4,15.043621336808428
16.5,16.361670314799994
15.2,15.104589041351574
18.3,17.966223986906698
15.4,13.836628301874953
15.5,15.227081233088029
18.2,16.975224043475464
17.3,17.695608374662697
13.4,14.558666036988143
19.6,19.681212828756543
14.6,14.804749398874264
15.5,14.974016598644084
11.7,11.662391620357084
14.5,15.237166733000777
13.7,13.416904908957804
14.9,14.51053013461933
13.9,13.82356372787035
16.0,15.759417308079719
9.0,12.232883624616079
17.4,17.17800189931586
12.8,12.633517102949554
14.2,14.514154600648908
14.7,15.370168088425999
18.9,18.806694595812587
15.9,15.82658342254581
15.7,15.463784823426977
15.4,15.208279708713235
15.4,15.773445049446309
10.3,11.38143560255412
15.0,14.637881003032817
13.9,14.195104325714055
13.5,14.01053829833836
17.5,17.11681962313014
14.8,15.016531044870135
17.3,17.997219102457166
7.2,8.671513177570887
15.5,15.290416436560918
15.4,15.483521918216866
16.2,16.399579421391536
16.1,16.042187046667095
13.6,12.845577881558711
19.6,19.101192297879606
12.5,12.187309929839103
14.9,14.942864362328692
11.6,11.915940629411125
16.7,16.216150113687036
9.2,12.953968405432533
15.4,15.258946103713242
15.7,15.271491149265785
16.3,17.8776781726192
13.7,13.665716450885157
15.1,15.319786905100045
19.5,18.89764429841307
16.1,16.150327373170512
16.5,16.44652977399528
15.8,16.21578454450355
16.6,16.634785771315364
15.3,15.604941719997441
17.2,18.0840664231946
17.2,17.673545496392762
17.0,17.31714318638842
8.6,11.526352665561717
15.1,14.722983681718688
14.9,15.053523500158917
14.9,14.706453864258947
6.9,12.17271725757746
16.2,16.12597072008066
15.3,15.579090133192949
15.4,14.223304462764645
17.5,16.23489507008344
18.8,18.86920887994347
13.9,14.665905236382969
10.6,10.578705368159717
15.8,15.88847154672112
12.2,12.786694173235446
15.5,15.689369839732535
16.8,15.027850532031152
15.4,14.859683207119815
16.1,16.250957320444286
16.3,16.173009248041126
17.0,17.929095191473607
14.6,14.362305815451691
16.1,15.910629172016343
14.7,14.129003738402389
14.5,15.482755566044943
14.8,14.602598839341226
12.8,13.329762632143684
15.1,14.939061297976878
13.5,14.316178637673147
14.2,14.175549009843962
14.9,14.828552241888246
14.1,14.459910437377403
16.0,15.294487101811683
16.6,16.79239799384959
15.0,15.473837137280498
18.6,18.573135576909408
16.6,16.252774127082375
19.5,18.567848371894797
9.7,10.64471955769477
15.0,14.494414916527603
16.7,16.73308773876488
15.8,15.007633269477083
16.7,15.694155441422481
14.0,14.307775609573582
15.4,15.645484386070166
13.7,14.159082118078004
17.3,17.710668612795416
16.6,16.647540036705323
12.3,13.964799190644044
16.0,15.759889200700854
15.3,14.831326198418537
18.2,18.32550595610519
14.7,14.522746047212422
18.1,17.983872795102798
10.3,10.990120103466325
15.4,14.949248898017686
12.5,12.911555215338012
9.4,10.62046991623356
11.3,12.001153874676675
15.9,15.994054011916887
14.6,14.28751472075237
12.2,13.652042492467444
16.2,15.870105796624557
16.2,16.543413186391263
12.3,11.973962659718381
15.1,14.99477215877232
15.7,15.487465021113167
14.9,15.42866293622501
18.6,16.95222907187417
15.2,16.588574880965098
13.5,13.628682575246785
16.3,16.194722757300042
11.2,12.458106946141925
15.6,15.33724178657576
16.1,15.84841429523658
14.5,15.276194024118013
13.2,14.055451203423218
12.6,12.67725625008461
15.4,14.622499330806022
15.2,14.829721571502887
12.2,13.301871801901143
15.5,15.207316591287963
18.0,18.11967075098073
14.9,16.04427963247872
16.2,16.718896004429553
14.8,14.237057294554688
13.7,14.418552738297876
15.4,15.162962577858707
16.2,15.323408208729234
18.0,17.534947206353536
16.5,16.2076664026863
18.6,18.579982132214354
14.8,15.213505960418843
18.5,17.11116446671076
13.3,13.787764739594422
14.4,14.701819829992019
15.3,15.803310252371375
15.7,15.916878504094711
15.0,14.56231375515199
15.8,15.11110296784318
15.4,15.310067617589084
8.8,13.246512877265559
16.5,16.479409206018317
15.1,16.171046508607105
14.1,15.014229718537536
14.7,16.11585255875616
14.5,14.529708752808801
15.5,15.47648116973869
13.3,14.56984724724316
13.2,12.538993251597276
14.3,14.151934011111734
14.8,14.13823908084305
16.0,16.01018324040342
16.1,15.61123695227252
15.3,15.832583048228116
15.9,14.30441042923485
15.5,15.597351877329857
15.1,15.135661138634532
14.7,14.553647469385396
16.0,15.994229065807303
16.2,15.198321221236256
15.8,15.430247765543754
17.5,17.891309023165377
15.2,15.40166323005542
15.8,15.98727457075438
16.9,16.568626486798166
19.9,19.043009385466576
17.5,17.211834831687156
14.4,13.848414480162319
15.7,15.006254148553126
14.8,14.959294270927785
15.2,15.444453318123124
13.4,13.382671185856452
18.8,18.875716723967344
15.3,15.586591038561892
14.6,14.950346188059484
11.6,12.014933956495952
14.9,14.768912742645625
18.0,16.58053042567917
19.4,19.02635860198643
15.3,14.720270349935163
15.1,15.040873861522414
13.9,14.096771767304745
15.1,15.163592561410042
14.6,14.668078181737656
15.2,15.357222797603754
14.7,14.855988357157912
16.2,15.573876870126696
13.0,13.522061816704081
14.2,14.063778669282328
19.7,17.33431035481044
12.9,15.035690326010808
15.5,15.166048241429962
14.4,14.503322366368593
19.8,18.45191608861205
18.0,17.478265920100966
19.6,18.8042434589006
11.6,11.223537220677827
18.9,18.6356409410364
15.9,15.502532211248763
14.6,14.327216602459885
14.2,13.875346637243638
19.7,17.50091595284721
11.9,12.456787753035314
14.9,14.718461839196607
14.9,14.667340337531641
12.4,12.523324501511524
15.4,15.234415263170376
15.2,16.023649659517105
15.5,15.241517754044253
14.6,15.177051177131943
18.2,18.540736889306572
12.9,12.602567051675578
15.8,15.793826230568811
18.6,16.524601449904367
15.6,15.409447890677257
17.8,17.23505010342342
15.1,14.953688381705433
7.2,11.065204745042138
17.3,17.125046244822443
15.6,15.286173379136017
16.3,16.90831929365595
17.2,16.748883290507365
18.8,18.432029292336665
14.7,14.888449583464535
15.3,15.69903006637469
15.3,14.839565710426541
15.7,15.611959034371466
18.0,17.931638586131157
14.0,14.043439333501738
17.4,17.58209876573528
15.5,15.384790275304113
18.2,18.35149264667416
18.3,18.729884914442664
16.0,14.775997110094977
13.9,13.954511064221151
15.2,14.944741265266202
13.9,13.790100563608576
11.4,11.365422252099961
15.2,15.348293476421532
15.1,14.62584559541392
14.8,14.951408779044868
14.2,14.273098407458747
14.1,14.207827517064288
13.0,14.870780819939682
15.0,15.79054606630234
15.6,14.987831424316028
19.1,18.974242445779964
15.8,15.398554769111797
14.7,14.86089568312127
12.9,13.596969073143555
15.3,14.717209821887081
13.7,13.767520537774544
19.5,18.09131425563828
17.2,17.02444738300983
18.0,17.019269223092124
17.8,17.186742160032736
19.2,18.331390988721978
17.1,16.97065447186469
19.5,19.35184626377304
15.4,14.49518615676061
15.6,15.504826032876736
11.9,12.33695420587901
18.2,18.095293350255815
18.5,17.440751057467423
18.3,17.12641899481787
16.9,16.343405619845726
5.6,8.069046911143232
16.1,16.560926811353056
15.3,14.609166645008372
17.2,16.454709661367815
15.0,13.882799109444022
17.5,16.646501940704184
14.2,13.859043454698622
11.9,12.236390407022554
16.6,13.905006988788955
16.3,16.95897260651691
14.2,13.40882865171261
14.7,14.069709003728349
13.7,13.73016221189755
16.5,16.426573543227278
13.1,13.240103966847528
12.2,9.95817149215145
17.9,18.220497034635628
12.9,13.121661411094465
15.4,15.25278674861147
14.6,13.578770983731374
14.7,14.768653628943866
15.3,15.055071382870665
12.1,11.62509471827434
10.0,11.199545131501509
12.4,13.397537270968314
15.4,15.134698587473395
14.9,15.597754684644315
17.4,16.450731660244855
14.8,15.113391781580503
17.2,18.311452988971723
17.8,18.18202748891781
19.7,18.222951243224088
18.5,19.017805534182116
18.3,18.291492542542983
16.3,16.069537765608402
15.4,14.74144694008828
16.2,16.960224455222487
17.4,17.942873095715186
14.0,13.992332307025208
17.3,17.80263353162445
16.7,15.975487040996086
17.4,17.62012318422785
10.9,11.691165482188808
18.7,18.01305729051819
19.0,18.080333829158917
15.6,16.116161243615352
18.0,18.456917373929173
13.6,14.484406373143429
15.6,15.592798855883302
16.2,14.965682100359118
13.8,13.703450270904796
17.1,16.85311644981266
18.0,16.985226335236803
13.8,15.348393587093597
14.7,14.15992599787387
15.4,15.37225993652828
14.4,14.837389308959246
14.8,15.005063452670584
14.5,14.089524756120227
15.3,15.4836804002407
16.9,17.063045200906345
16.5,16.49889463034924
18.2,18.04697384010069
15.1,15.074027050635777
12.1,12.365449731445551
15.6,15.780586237935495
17.4,18.330991369177354
13.7,14.128753987984965
13.8,14.238542700419202
15.7,15.169510102714412
6.9,7.655951309716329
18.3,18.24253255286021
16.3,16.111028274404816
18.3,17.603118620143505
15.5,15.423422431718791
12.7,12.645583457138855
19.8,19.27864137463621
19.9,19.593808631412685
16.8,16.81421261743526
15.6,15.083181236297605
15.6,15.577851189038483
14.8,16.163054095290136
17.1,16.937873258633772
12.1,13.093888447911013
18.9,18.15117624908453
15.9,17.613686742988648
15.1,15.493803149045561
18.5,18.975963038683403
17.8,18.125463287200546
17.1,15.433550280809868
15.6,15.279899599321652
15.6,14.895157119666692
13.6,14.291788391856244
14.1,13.004070986498846
17.5,16.950639996983227
14.7,14.340540856996085
13.9,15.141069726616479
11.7,11.174733249325072
16.2,15.3359949739297
15.1,14.447320528270211
13.7,14.283524458995089
15.7,15.15317296370631
15.6,15.150353157547215
15.5,16.268598836459205
15.6,15.796418435347732
15.4,15.63606605870882
10.0,10.076565718831262
15.9,16.611409492241364
16.6,16.3690650233184
17.5,17.244514373222046
15.7,15.551025725091677
13.8,13.819739518923598
16.5,16.220610133488663
15.7,15.294408346153432
15.3,14.992638719661045
18.0,18.147983098460827
18.6,18.828225804725662
15.0,15.485947447945364
15.6,15.839500111178495
17.3,16.376738310247674
18.4,18.12339931598399
16.7,16.902100222592708
18.2,18.661163222277537
15.9,15.366901627916377
11.7,11.95084864319142
13.8,13.470292055053505
13.9,13.775466737628449
12.6,12.752570940298028
9.1,9.258617872925242
8.7,8.51962792314589
16.5,16.39039689442143
18.8,18.664350298669888
18.8,18.33393619855633
13.0,12.335933548631147
13.1,13.890482402057387
11.9,12.019238588036387
16.1,16.504387527209474
16.0,16.25555281085508
16.0,16.206955900390312
14.5,14.460544821518852
12.6,13.348398970381822
11.1,12.073056046036072
16.8,16.887666624068515
18.1,17.957047842122847
15.9,16.046005888769287
14.5,14.544796155241784
14.5,14.477981919844751
15.3,15.4057933049844
15.2,14.988464753492735
15.5,15.289416999265086
15.5,14.942605389478558
15.2,15.157147118738067
18.1,16.624085103307152
13.5,13.057350359076736
14.2,14.32453653795892
12.3,12.747358487104066
17.5,14.400538431116729
14.8,14.69083326990949
10.2,10.30111876456067
14.3,14.184423632977996
15.4,15.127663723360456
14.5,14.355639867018908
9.0,8.718292105128057
15.0,15.035064853587755
12.5,12.82121190673206
15.3,15.382283465009095
17.0,17.173982629843522
15.9,15.920596739706525
14.8,15.068947160911193
19.5,18.736982465081383
12.7,12.708841315237805
11.2,11.588813645066693
9.7,11.520899810187984
11.5,11.080837399407756
10.8,10.285395417013206
16.2,16.419048848129023
19.6,18.701058794220444
17.6,17.88552030082792
15.4,16.72395782280364
15.3,14.365492043667473
18.8,18.74557539846137
18.6,15.973210440837647
15.2,15.513206030525907
17.0,17.087024282407583
15.6,15.46501300032105
15.0,14.766252201225143
15.2,15.567304633579624
16.0,15.618595886800904
16.6,14.893349339195993
14.4,14.668065269099316
17.9,17.41459134311299
14.9,14.71764906795579
13.5,13.782354320683226
16.4,16.8055971494814
15.3,15.268026244535577
14.0,12.990437272645067
15.7,14.68823225396045
15.5,15.088853897352237
11.9,12.68962085995372
15.5,14.927690265671117
13.6,15.003228580928408
15.5,15.142948730819626
13.4,14.394320203573443
11.7,12.263273757387651
17.7,16.54739953117678
16.3,14.664300013217144
19.6,18.823230356298154
18.7,18.468972180737182
19.2,18.657424605975393
19.5,18.771857624466065
15.9,16.150772682536626
10.4,8.803958108415827
7.3,9.246842745807953
15.4,15.416804642904026
13.9,14.749220127492663
15.9,15.958582898594614
15.0,14.672113367007114
12.5,11.872126825188388
16.3,16.258165093895514
15.2,15.048816438909853
15.4,15.138653203845024
8.5,9.111890833009966
15.0,15.207283618448855
12.8,13.487823881092481
17.2,17.011575031327084
14.4,14.358706537692342
15.6,15.50140918753823
11.0,13.059977793047437
14.7,15.209920104494813
13.3,13.985641131466764
12.7,12.327083579613827
13.4,12.9829897605523
14.1,15.501975325067178
18.2,18.537641033297405
13.1,13.853668964002281
12.8,15.792130817066209
11.2,11.544702628918458
14.9,14.81362086480658
13.5,14.083151806757087
14.2,14.387974064557056
11.7,12.405854172626277
13.1,13.130983773371554
14.4,14.6425774614072
13.8,13.417517923167907
9.7,9.32768344989745
15.9,15.488828467437997
14.6,13.976467085070908
13.5,13.737773134431336
10.3,11.599654034163905
13.2,13.260431857488584
15.8,15.458532396674855
18.7,18.14268883303157
14.5,14.434849239745745
13.0,13.767320210288744
8.5,11.99319912691135
15.3,15.303650250243663
11.8,13.691570369153851
15.0,15.234171608783072
15.8,15.563082641208894
13.8,14.319546725251712
12.3,12.269335185501404
13.5,11.90083377348492
11.8,12.149364596691157
13.2,13.197915153286885
13.3,14.294702058128678
17.0,17.319054350016813
16.2,15.853737947298214
13.8,13.386225369438762
17.2,17.424207292344363
14.2,14.284991901342437
10.9,12.923599905152514
14.6,14.929600941519311
16.0,16.106034671072848
15.9,15.663458336610347
17.0,17.201702854887117
19.0,18.84811649353651
18.0,17.199947811313905
15.4,15.451130868925247
19.2,18.529469985776814
16.6,17.033684691938106
14.5,15.710021098479046
16.4,15.74829742941074
14.3,14.442706036428717
16.4,16.272778484621085
17.0,16.96269305174792
14.4,14.210398984985659
13.5,13.809405325584521
15.1,15.47156306911711
16.1,16.268168702186813
11.5,12.452298584481468
16.5,16.303870207329965
10.6,11.390996822097804
13.1,13.335378967276483
19.7,17.705409654681716
10.3,10.203409008681774
18.9,17.565226738515776
14.6,14.26776782079105
15.7,15.169000030888128
19.9,19.21453840180766
11.3,11.770450443294976
16.3,16.41098389830222
18.2,18.21746796357911
12.5,12.140748764828459
14.9,14.749338083671319
14.2,14.316790249813494
16.0,15.956892766000237
10.4,10.247782942606136
18.5,18.6439942769357
6.2,9.23528059385717
11.5,10.552073048544116
13.1,13.155459512083326
18.2,17.276274758391082
14.5,14.421769042834057
15.1,15.057323708266267
16.0,15.914575251745191
15.5,15.414743825182086
15.0,13.699632456788095
15.5,15.600111778101564
7.0,7.802902767143678
13.0,13.523662664549192
11.4,11.864681576495059
9.1,9.249617821129505
18.7,17.83196607604623
12.9,13.033255569636822
17.2,17.498417949442228
14.6,14.688913599986336
13.4,13.112370141607244
16.7,16.41635670116375
15.2,15.322779622016242
13.4,12.707071821554564
15.8,15.866305710427696
13.5,12.98189925024053
12.4,13.321599371853154
12.9,12.806214297328552
18.2,17.904788270418067
17.2,17.17937868181616
15.9,16.21031747314555
13.7,13.913000082800863
15.7,16.223151927031722
18.2,17.71889639206347
14.0,14.427661584020825
11.9,12.384521276049782
17.9,17.52819328046462
16.0,16.124090635648827
14.7,14.65437684288554
15.5,15.589542572357459
14.9,14.67813390441006
10.8,13.157240393080428
16.3,16.3837506034979
16.6,17.376883842916868
12.5,12.613251353497617
15.3,16.02975624463579
14.6,14.927586355535823
17.3,17.554797166136268
11.2,10.889468505862169
15.1,15.229687988496153
15.7,15.657707003381802
15.6,15.816391846601618
10.6,11.996022391249426
9.1,9.763008368536248
14.5,14.39571483916734
15.4,16.1556592383713
13.6,14.276234221848426
15.3,15.951936574849242
15.6,15.94844574075978
17.8,17.620670982087177
16.4,16.24179570166234
15.7,15.520190254164845
9.5,10.892165095254313
14.5,14.130263031376671
15.3,15.349930878879604
15.3,13.97508823761018
16.4,16.612719182943692
13.2,13.101878834830131
15.9,15.854825215414166
11.2,11.484434317157138
14.0,13.930709903448587
15.4,15.455191541161184
15.9,15.823272706591524
10.7,11.1200861823163
11.8,12.379668892914196
13.4,13.543652885855408
14.5,14.574389000365045
15.6,16.35522804275388
15.4,14.828458902051352
15.0,14.922795433085412
18.8,18.67239052244986
17.3,16.96693608215719
17.3,16.986358287718758
16.4,17.336944655398838
16.6,15.957033457223588
16.2,15.872340146019269
16.8,16.92646726721432
13.8,14.392196628556121
13.6,13.414524069637991
13.5,15.294962186126213
19.3,18.793609234620817
15.9,16.253469845371
13.7,15.30894950844231
14.9,16.40266306902413
15.6,15.9423802040983
19.8,18.938076911690587
15.4,16.142510421377665
12.0,12.553339485344623
14.2,14.82872140132531
16.0,15.435326260216243
15.5,16.702847275941167
15.7,15.24895220547296
13.8,14.432900624640752
17.8,16.61221440456393
14.6,15.118886796515653
16.1,15.935560444740986
16.5,15.979842229968199
15.2,15.455584785642714
18.8,16.994617857097182
14.7,14.800695385609288
19.7,18.81580786298582
15.3,15.398433527203451
17.3,17.620013746116456
15.0,15.564023832375824
14.2,13.676850104297046
18.6,18.161312905831437
16.1,16.117230196512537
15.4,15.521127910957148
16.8,17.41293442453025
17.7,17.543364400509745
16.3,16.427024857075594
18.3,18.155797493993305
19.0,18.08073456888087
15.7,17.08277140452992
18.7,18.74124854188267
15.0,14.93690264158613
13.2,13.834823131328449
15.3,15.369289875496179
17.1,16.976525046244205
15.0,15.401555310105323
15.0,15.180439264513552
18.1,17.162257082527503
15.5,15.80831850625691
16.6,17.324398795346497
14.0,14.776039276941447
14.1,14.599558197776787
14.6,14.948830754554365
14.9,15.385271499719238
15.9,15.610776617329975
16.3,16.039898337126942
17.7,16.34289083146723
15.2,15.80836883129632
17.6,17.730447742636898
10.0,11.12433483521454
16.9,17.88555475751491
17.6,17.63855122489622
14.8,16.698297652386827
14.5,14.367207138246158
17.2,17.055412338744645
14.9,15.217900409799768
14.1,14.289739837455272
15.6,15.75467851763824
15.4,15.016559962014071
18.6,16.359226904576644
15.7,15.252441047603497
13.7,15.42560766551469
15.4,15.1033849689411
14.8,14.99139115435537
14.7,14.892276551923715
16.6,16.173514577960304
15.3,15.332010964702931
14.7,15.101815489870205
17.2,17.70891126553761
13.6,14.21763984815334
15.9,15.323263053171104
14.5,14.791670778002299
14.9,15.267476145723776
13.9,13.778686901001493
10.9,11.29055241367314
16.0,15.59020573593989
13.9,13.948710727068828
12.5,12.620473701128503
15.0,15.260473278645804
15.9,15.844881026103394
14.3,14.96284514052968
17.2,17.051880065839214
9.5,9.180450306423154
12.6,12.74752475056448
16.0,16.621744656386
10.6,11.889881082170177
15.0,14.611303734651301
16.8,17.506418580247555
12.3,11.811372430762276
13.2,13.48354412073968
9.9,10.656785834657057
16.7,15.896108582417583
14.4,14.550918481239933
14.1,14.435503917604365
14.6,15.289085739044822
14.2,13.651973590996931
12.3,12.939609950006343
17.9,17.552764814696275
13.4,13.479588691116078
15.0,15.25576722533151
12.9,12.936378395010252
14.1,14.557773425962296
10.1,12.029795086971717
14.1,14.044136737531517
14.3,15.022431116434745
12.4,12.505513521726243
17.1,16.825594055117108
15.4,15.304106985393446
16.1,15.663160099531524
11.6,12.20211120735621
16.1,16.202667821460636
13.6,13.769254338927567
15.2,15.486373352876399
12.5,11.908146001078421
14.5,14.597136985108591
12.8,12.660896739456803
16.3,15.53909890214527
14.6,14.966275423594197
16.7,16.225327924243174
14.6,15.433698374921732
14.0,13.810248531888647
13.0,12.396702662634198
13.7,14.181010299289483
15.1,15.5812153818988
15.5,15.834426573132077
13.5,14.170998089601198
16.2,16.46281883771735
15.0,14.79361758424784
15.1,14.290470051992088
15.7,15.13050980688422
13.4,12.328695258591324
12.8,13.879812752100406
15.1,15.321672793477774
16.3,15.922271219606046
15.1,15.337002997941454
16.2,16.490818236838095
10.7,14.507730643428658
16.1,16.19257143057621
16.0,15.768569793028291
19.7,19.146779073984362
16.2,16.68028851869167
19.3,18.868899297667667
18.2,17.023088797757737
19.8,19.356554746511392
15.3,14.973455333622042
16.1,16.17682744677586
15.0,14.991182545045376
11.6,11.367962292279117
15.0,15.246835659554563
17.7,17.590552548266714
15.4,15.195837516439497
19.9,19.359703199588694
10.7,8.693194227525964
5.4,9.62996083003236
15.0,14.828101794875693
15.7,15.599642966757528
16.5,16.62609847038766
15.3,14.641135316080181
17.5,17.547685750760138
17.3,17.346445865056012
16.9,17.481571138523577
15.1,15.058076512832486
13.3,13.082496025826913
14.3,15.13037067102232
14.3,14.81762212869944
13.4,13.601896660897182
12.2,12.216518429922871
14.2,13.470510022700182
16.2,16.00930151463035
15.3,15.534633574330655
14.8,15.334174960065866
13.3,12.721704819792649
15.0,15.446175012330059
17.0,16.732922950875945
19.5,18.82481270221615
17.8,16.53869458870031
16.8,16.96695843571797
11.8,12.758151490415912
17.2,16.256204729928868
14.3,14.861198797210818
19.4,18.34249331924366
18.3,18.537601065319905
15.5,15.87234642470139
11.5,14.164266674953979
12.2,13.270783736399608
16.2,16.603028237077524
15.5,15.382684537406021
13.1,12.28357304999372
15.3,15.017288880830165
16.0,16.103929647128098
17.0,17.069632214643207
14.3,12.283380336040864
18.0,16.88055979894125
13.1,13.327608537998458
18.5,17.264195930445567
16.5,16.13385892656879
14.2,13.885275663522407
16.1,15.750642789964331
16.2,16.265543410088867
17.9,17.844770772120683
14.2,14.289533054216008
15.1,15.209083822170214
14.6,15.5640271402699
16.1,15.080746315850774
15.0,14.291354797838721
16.4,16.549217676816625
15.0,14.891300799998135
12.9,13.989303866657792
14.1,14.4743188238117
15.2,15.144594858278651
13.8,14.781492115838773
11.6,11.880361397901652
14.8,14.934677015688067
13.4,13.80782446984449
17.7,17.79896764368459
16.4,16.10242221003864
15.8,15.982620978207706
19.9,18.789047662052326
15.3,15.697207826553495
15.7,15.602989957420505
16.3,15.60954662063159
15.7,16.07141795345524
17.3,18.098122553965368
12.0,14.156213244456012
13.2,13.830790080828592
16.1,16.552587554870115
17.4,17.675164047184808
13.3,13.705774746287716
14.5,15.019550567574697
19.7,18.919830873725004
13.4,13.826188345279661
11.0,10.984523485880345
13.1,13.095763414283283
14.2,13.8788308094081
15.3,15.197184774748166
16.9,16.72153236819213
13.5,13.967784665815998
14.1,13.579919667477952
9.7,10.55355303750548
14.4,14.426330830261577
14.0,13.604564415047207
14.3,15.136103351518614
14.1,14.378664237054181
13.4,13.44323302191333
16.1,16.245825365302153
14.8,15.068387716226425
19.3,18.378610201354604
15.0,14.456897708179895
14.9,14.73954308424436
14.1,14.547310285561252
15.0,15.32520396268228
14.4,14.345192366297852
19.5,18.61328623557347
17.0,17.758106189663522
15.3,15.18878042511642
16.5,17.372563021577662
15.6,16.127660198799276
12.4,13.451311815879308
18.4,18.880527003813768
13.5,14.309197069800575
17.2,17.984933578249183
15.2,16.205194567217404
14.7,14.544501370750368
16.2,16.292924893252348
14.6,14.799784797642133
15.7,13.777659125771606
19.0,16.0581460428657
14.0,13.8209337041244
16.2,15.63612851095968
12.4,12.950182049073192
15.0,15.10362148936838
16.3,17.773151319415774
13.8,14.64483066034154
17.0,17.42233708290587
15.0,14.943644086743006
13.6,12.574639594720793
13.3,13.358994628306391
16.3,16.784585234956467
12.3,12.147234870120883
14.4,14.583021603175439
17.0,16.10111396361026
12.5,12.742817697959254
15.1,15.519046411842282
19.4,19.38917108874739
15.0,14.758776539098108
19.9,18.55669786661747
16.1,15.500248428870691
15.9,15.665819487854606
16.8,15.625877570797456
18.2,17.46970096557925
15.5,15.25583515909966
15.8,15.626948184275534
17.9,18.946315385692287
15.8,16.49032324113432
15.4,15.387548856122521
12.6,12.545602822181536
18.8,17.121042921789922
19.8,17.681274890433997
14.7,14.798938967927825
14.6,14.497821065611788
15.2,14.532633178550896
12.1,12.021855732047698
17.8,18.178814319246158
15.3,15.324071480139537
12.1,13.003387421515072
14.8,14.722366194560891
12.0,12.19105687388219
18.4,18.463527788990177
14.7,13.310476728904177
15.6,15.372340568428626
14.6,14.619590727292234
14.1,14.547911036086589
15.8,15.38886550461757
16.2,16.810634085475613
15.5,16.161163571645375
14.9,15.95636083462523
11.6,13.17750529164914
15.4,15.54676053118601
13.3,12.375761476636399
16.3,16.43487417785218
12.4,12.858931085447693
14.1,15.647199615024874
19.1,18.881954231241252
17.6,16.286487769626547
12.7,11.915773468324915
15.5,15.299613471725024
16.4,16.702685110503808
15.4,15.35035855048045
18.2,17.87496573239332
14.0,14.011426055600168
16.8,15.511357540031895
13.8,14.585783745331355
15.9,15.66439982142765
14.0,13.447926861408632
17.1,17.03366927881143
15.4,15.040339973027585
15.4,17.58513369958382
16.3,14.923521393884585
11.4,11.867087110935245
14.9,14.75447281214656
15.4,14.875728178929421
19.3,16.960935299750417
13.9,16.05134149439982
15.6,15.648315782484133
15.2,15.330692385367001
15.5,15.64852032084309
19.4,18.383583380433265
16.5,15.666993104590802
11.9,11.87984299098025
13.7,13.555389439628925
14.8,15.698700975719476
14.6,14.614194638175832
15.5,15.274698894412722
18.4,17.119864040258108
16.0,16.19279297399771
13.6,13.587936089199502
14.9,14.952962030627532
16.1,16.106067442975473
13.9,14.478840682801092
14.8,14.57721310452689
10.5,9.892879723371152
18.5,17.719462793291314
16.6,15.681265999563038
12.5,14.246098764204362
17.9,18.450325089332182
17.1,17.15657126435326
14.3,14.500847949791932
13.3,13.754905200003122
14.2,14.481539154839993
19.7,19.776902242738288
19.2,17.9300110124168
18.2,18.45560230119736
17.0,16.90875185146433
13.3,13.43491070078744
13.6,13.51811458066004
8.5,10.087351192662027
14.6,14.852352736957982
19.0,18.83091064513428
18.5,18.58879707849701
14.5,14.730628724475537
17.4,16.541150250533974
14.9,14.623243800655473
13.8,13.897583341051359
18.0,17.71986771599404
15.0,14.919750167566235
13.5,13.248996452603023
19.1,17.707384450481186
15.5,15.374719103283496
14.4,14.89608106408923
11.2,10.866068817005726
16.5,16.40764381529152
14.7,14.60906764124229
18.5,18.153525938047096
18.5,17.490403470033925
11.9,10.901578555698507
15.7,15.91359900313546
18.6,18.68463243462611
14.9,14.470284542418085
11.5,10.99260887633136
18.4,18.747871900122846
16.8,17.369786498287795
18.8,17.551710206229473
16.1,16.253285788872745
19.8,18.96161067223875
16.7,17.09689980742405
13.0,12.982783969026059
13.9,13.835042453050846
15.2,15.232387761468999
13.5,13.226220879765606
13.5,12.850738143897615
18.2,17.929404859693022
14.9,14.863663142867154
16.1,15.984292475743132
13.1,12.749145498703001
17.5,16.780450988710072
13.8,13.72241168282926
11.5,11.185236647666898
18.8,17.98592669473146
13.1,13.516802140482469
14.6,14.617425876675043
13.1,13.422770441367902
13.7,14.219023538316833
18.6,18.258821786759654
18.8,15.585309291462181
15.3,15.057763167264056
19.9,18.95255466469098
12.3,12.3433978453686
13.5,12.51835368265165
15.7,15.912225357431453
12.5,13.460422948410269
14.7,14.956236984333373
12.6,11.848464656213764
16.2,16.490036624512868
11.1,11.256298495572992
13.8,13.699195974739268
15.8,16.198493759759003
7.5,8.713634128551348
13.4,13.582714717198542
13.5,13.237794677017519
15.7,16.56272308943153
14.8,14.580980970180462
18.8,18.65547783722286
19.0,18.55909439403331
15.2,14.752257176412968
13.0,12.483187852194533
12.0,13.550600013933945
14.9,15.226450247213506
7.0,10.538823316106573
17.7,17.988209143921267
17.6,16.468285875715083
14.7,15.256999321340118
18.9,18.539552105794428
17.2,17.42142216314096
16.7,16.984550425611815
14.3,14.182791248254944
15.7,15.23339000204578
18.8,18.02531564448691
15.5,15.165672973220353
13.5,13.112498723672616
15.5,16.12492022261722
15.3,15.05404295027256
14.9,15.090829136977845
15.1,15.484204667212907
15.6,15.174713975900886
16.0,17.17702799467952
13.3,13.684383197803982
15.0,14.739733898930353
17.6,17.603700797124475
14.0,13.639868566853693
5.1,8.05043950030813
15.7,15.242392102343729
12.8,13.156008228077553
17.2,16.350016373762628
15.0,12.845543376786736
14.3,13.709783226746367
17.0,16.05053210936967
8.9,8.033377894753357
11.1,11.517931654583663
14.0,14.2235342864642
11.7,11.175525135622593
14.0,14.133120751997922
14.4,13.938044871378224
16.4,16.60527994898439
15.0,14.654624252614667
17.1,16.314931199525745
13.4,13.748509215445665
17.1,17.186369587754598
15.7,15.722844850970432
15.4,15.49700653651962
13.9,13.770983645772503
15.6,15.313484033191344
14.9,15.48396569173201
14.2,13.971144518756773
14.8,13.722582992486423
13.1,13.751413863850757
15.6,16.09747233991584
15.3,15.241435707466735
14.6,14.151634330570232
15.1,15.32143171603093
13.9,13.975743012182647
19.4,18.578036845778115
14.7,15.152347933879355
14.0,13.739102604671643
15.5,15.413427791183494
13.3,12.801863337663235
15.5,15.123043097904883
12.4,12.825834027433302
11.7,11.97535296497881
17.9,17.87600223251502
15.5,15.328124730323907
9.4,10.365008988708723
15.3,15.065558822941966
12.7,13.618030719197122
12.8,12.51684886487783
7.3,8.975298620644026
14.0,13.62885010822174
11.8,12.232904790434986
15.0,14.886284632613751
11.9,12.701937729027122
13.3,13.523579001310281
11.4,11.847065463633044
11.9,12.01127352050753
13.6,14.942401070587948
12.6,12.192896119580837
12.8,12.41058759673615
15.1,14.9351980218471
14.6,14.817650867658813
11.7,11.945326144399587
18.3,18.23996467165125
13.8,14.842926015586272
11.9,12.98074351328978
14.3,13.712049964611651
15.6,16.88703389494549
16.1,16.69336037116591
17.5,17.326121451507788
19.9,19.21503358060727
15.8,15.30050771318929
13.2,13.403573442388733
10.1,11.048298543697456
12.2,13.200238536432153
15.3,15.675723713124171
14.7,14.90808404663403
11.1,11.088263897196157
15.4,14.157335518830223
11.7,10.8481982575031
13.0,13.12184424919542
10.6,12.173028111486929
15.1,15.229670265896857
14.8,14.489817414321806
15.0,15.446404588845326
14.5,14.529957789549371
11.9,12.036535258695949
16.2,16.14635664911475
15.1,15.098994567626505
13.8,14.078772518376354
14.5,14.329365706827957
15.3,15.211744568692666
12.6,12.981827036026516
12.7,12.170195582904853
15.1,14.834196871384847
9.1,10.136790734341048
15.3,15.147680651749397
15.9,15.140098855137694
14.6,14.662033923654235
14.1,14.353259825616988
15.2,15.440982578060357
17.9,17.761817164020613
11.6,12.707693868782371
14.1,15.124785220716149
17.3,17.9828024643939
9.4,11.707691752773826
13.7,14.505348540978957
14.7,15.06512477886281
13.3,13.56871953735208
15.2,15.269322072770592
14.5,14.48062479582768
15.1,15.181082766932377
15.8,15.909231734818604
6.7,7.965064190502744
17.5,16.988749539763376
14.9,14.526029332075268
18.1,18.01588273246307
19.8,19.168838380050147
18.4,18.305582027649507
18.0,18.170442403985362
14.5,14.733256875093502
15.2,14.963152322514361
15.7,15.722434217052069
19.8,19.036029623290233
15.6,14.313666410656879
14.8,15.067473822331522
11.0,10.730935823958134
15.9,16.320463809533976
12.9,12.979258964944165
14.4,14.978136711812112
17.0,17.298056817933684
9.6,10.421090170682874
16.2,16.169597117048397
9.1,12.085245526686776
12.1,13.085032284294357
15.4,15.431828972476069
18.9,18.931211894843727
15.4,15.411953224916942
16.8,16.415661274546437
14.8,14.839052680152236
17.9,17.117781333072344
15.2,14.6890412318171
16.3,15.853250710468274
13.9,13.174831407843158
19.5,18.233005838734243
16.3,16.980246524850372
16.3,16.5918348893465
10.7,11.715540439909091
16.6,17.502656213968294
5.1,6.786823748261668
9.6,9.907580449100351
15.8,15.697993836074602
12.8,12.962755889515392
13.6,12.444308144655224
14.5,14.641377898282371
16.3,16.491402709682006
13.9,14.076859198743477
14.9,14.556581228913274
13.9,14.180067906147087
13.8,14.158437787431467
14.8,14.888383472920395
13.1,12.707232571177883
13.4,12.703798690345138
14.6,15.027416544297012
15.7,15.507214414745249
11.2,12.911163069482427
15.3,15.14105705741349
10.1,10.849482938705478
12.0,12.232841312481469
14.5,14.073909547529183
12.7,12.876592468563103
14.7,14.476235861337045
16.4,15.49931407256372
13.6,13.151833511805307
12.6,12.521705014092731
17.0,16.789710421231575
14.3,13.820845140817255
15.6,15.208981277588464
14.9,15.404769470973406
15.5,15.495750139351003
15.4,15.440511858869286
15.7,16.9001226554974
12.8,13.198527618427761
16.4,15.517033507354427
15.9,15.922347088344395
7.8,7.982623417396098
18.1,17.409871036128607
14.9,15.114700194131728
8.2,8.91692567768041
17.5,17.416331564920256
14.6,14.441892827046104
14.0,13.960805084658205
15.5,15.70412711770041
17.1,16.282885279033508
14.5,15.11635369348187
16.6,16.57395259581972
12.1,12.01573899932555
11.8,12.808946387260221
17.1,17.390180380782112
13.1,13.860687968350248
10.4,11.426373436464928
15.1,15.514986597965617
15.8,15.611668214165547
13.1,12.586953505757265
16.1,14.180550810298882
13.3,14.156998250022298
16.1,15.949992346832005
13.9,13.959402206353843
13.8,13.510654031939339
15.4,16.414908246457344
12.3,12.202360269700876
17.4,16.708217782725114
14.6,14.613039436284453
15.2,15.364235563378315
13.4,14.293236169822194
13.3,13.81923552553053
16.9,17.04790858994602
13.3,13.712650672670861
16.3,17.55368127838301
19.7,18.49933264584979
16.5,15.79032512521917
12.0,11.83193418031442
13.9,13.674951826076722
13.3,14.223884857347002
17.7,18.082230731641175
10.8,10.340239273820771
15.5,15.254393060138682
16.6,16.745925126204384
15.6,15.586180505230004
14.2,14.787033617481939
13.0,13.140892526571406
12.8,12.235125175153371
12.7,11.897320230375044
12.5,13.528096846397602
12.8,12.902549135760637
6.6,7.662035332992673
12.8,12.327336229966022
15.0,14.497573509142967
15.3,15.178559409738227
16.2,15.70545609495457
14.0,14.156500119992415
12.0,13.172077210387215
14.1,13.836977908624249
18.4,18.127845812530722
12.6,12.717734772511903
15.6,15.321922144392374
13.5,13.835482430155025
14.6,15.020694524420833
14.7,14.593211188072019
15.2,14.782614929426927
11.1,11.548520827176617
13.9,14.248307271936937
13.0,12.220025036804145
14.4,14.714530084078433
16.4,15.822054951044265
13.8,14.32464785411139
14.7,14.444211014371831
13.5,13.669680871069431
14.1,14.38521052186843
13.2,13.1778479317436
11.4,11.633224792429246
11.7,11.41762732292409
14.6,14.584509116131812
15.2,14.863667573274142
17.2,17.29421562841162
14.9,14.803829711439903
11.4,11.578049420873867
11.3,11.505253544868538
15.1,14.976959728519432
12.7,11.248014844255522
15.1,15.51817439176375
16.7,16.907810513454024
14.6,14.55837562733177
13.3,13.051087602187181
14.1,13.726681257487144
18.3,17.944500801466347
15.3,14.823136963565048
14.7,14.958432784833349
13.1,13.65018431917997
17.0,17.434647564194165
15.2,15.333003913783614
17.3,17.812461136745696
17.7,17.36504885184695
15.0,14.941306615859503
15.0,15.16439385155536
11.2,12.193061706668232
17.1,16.44547517736646
15.5,16.329580736230128
13.3,13.487435217684833
18.1,17.480170711371102
14.0,14.213950142035173
14.1,13.376699666696368
14.4,14.368571216637065
14.2,13.597956533631077
13.3,12.534628069697646
17.5,16.51050218823366
16.1,15.774616339593194
12.4,12.964756101209787
15.1,14.668406226788647
13.5,14.102115151559701
18.5,18.81352717569098
17.2,16.861668448982527
16.0,15.975959040166344
14.1,13.745407328562578
11.6,12.013417100883089
16.0,16.00175629954174
12.9,12.593736433122103
5.7,9.145091602695175
14.5,14.293696004722733
13.7,14.230149797629565
15.3,14.982488153953454
12.4,11.396772027888801
13.7,14.128329372473672
15.1,15.33851770684123
16.5,15.970323993184138
19.7,18.770318410824984
15.8,15.041658110305434
15.7,15.492833520052955
17.4,17.80192528947373
12.4,13.117144825519063
16.8,16.633593984388426
14.7,14.308793113974389
16.7,16.592630000137433
10.6,11.643030742940027
12.3,11.935529290582053
13.7,12.391114279660542
15.7,16.581398138718214
14.3,14.022818154531706
16.4,16.252141761942767
17.6,17.836553946486674
16.4,16.277887442498468
17.6,17.68555546396965
10.7,11.649994175648317
12.4,14.004326716734795
15.6,15.19625656172866
10.3,11.055884889536173
18.2,18.90738858457189
19.9,18.727316947974032
19.1,19.009869943809463
19.3,18.194049854035256
15.7,15.580430326372152
14.5,15.193269256724307
10.2,11.070529695803998
10.7,10.772226202505408
10.9,10.881516798981465
14.3,14.573439707693979
15.7,15.382458728505298
13.9,14.361122184578562
14.3,13.850795457507047
13.7,13.434464017591381
14.9,15.0860516699031
13.9,13.812211325950557
14.0,13.481163330492564
13.6,13.763313353429112
15.1,14.930128318950665
13.2,13.464014612101892
15.9,15.513997580826981
15.3,15.340290883375928
14.1,13.559986970911268
13.0,12.96654138606391
13.0,12.535774142917944
13.3,12.344567812004243
12.9,13.641600253153229
17.1,16.477097127637535
17.9,18.25464587015449
13.8,14.010208865249297
14.9,14.747135304409312
15.1,15.199218959314749
13.9,14.527128359652124
14.8,14.602918375941954
18.3,17.52713313338245
15.5,15.84686289849924
15.1,14.89212385371502
17.0,16.579004727303982
14.7,14.760329342831028
14.0,14.947771392035065
17.7,16.88192232572328
14.3,13.499273383640684
11.3,12.056029635106825
14.5,14.66124193399446
15.0,15.43123012493561
12.7,12.767495264211902
14.4,14.091547632910078
13.9,12.513275825451274
14.3,14.494039827917732
12.6,13.598796669655712
11.9,12.208466695738025
15.2,16.159487159748096
13.2,13.513019735435591
9.4,10.586024713236839
14.1,14.340088050235863
17.9,16.901911684661172
17.0,17.24141732697899
15.7,15.455882314334303
15.0,14.983058094254375
7.5,8.747241231962107
14.5,14.45953335633385
11.1,13.28529787203297
16.1,15.610335520677836
8.1,9.190978570841253
18.2,18.551318754267413
7.3,8.10013340509613
15.6,15.80954705759359
7.2,9.268744360771962
15.9,15.928023226675577
17.7,16.979121953540016
15.3,14.800450199341867
16.6,16.719012450106675
16.1,16.198111280798912
14.7,14.860709636099273
19.4,19.03652458830038
9.1,8.728186394553632
14.7,14.682884681364158
15.2,15.549999263253994
18.1,18.885976527584717
19.7,19.459682123473613
13.1,13.463954161503352
16.5,16.192539719399065
15.5,14.251721104723401
14.3,14.059829590900335
12.3,14.24435597914271
9.0,9.709283275413327
9.2,9.678312055650167
16.0,16.008183230180293
15.1,14.841618574224412
14.8,14.52001025757636
14.9,14.974939492283738
10.1,10.539741184649756
13.8,14.96164030185173
15.2,15.166322297242004
18.9,18.51936284126714
9.3,10.014559934061253
15.3,15.01120681228349
13.0,15.025992043752922
15.9,15.697699778305832
15.6,15.962861764859554
10.9,11.243831322266487
11.7,11.890357422991656
18.2,17.97720226275851
17.1,17.50138428626815
16.6,16.320183592528338
14.8,15.179638148692902
15.7,15.830565714801196
11.4,12.027602098765783
10.0,11.587108860636363
15.3,15.1153053599337
15.8,16.299767016029364
11.0,12.187448194890749
10.2,10.772208467882592
18.7,18.31704680796247
6.1,8.650393230782356
14.8,15.048740769729193
18.3,18.4011499483604
7.2,10.795001452730503
14.9,15.331912546796957
15.1,14.625390606350265
15.3,15.578530183025578
15.5,15.792375412209367
15.8,15.78931623644894
15.1,14.785094764083624
9.7,9.125537763611646
19.8,19.452987506752834
15.3,16.21172707984806
15.8,16.76354697018178
16.8,14.827489469840657
13.8,13.373208191304002
12.1,11.559516409179196
13.4,13.84850918938173
11.8,13.195839044987224
15.3,15.56095439366618
13.5,14.059427060710732
15.5,15.503968659257225
13.9,12.740315555438428
12.8,13.041027974250028
14.1,14.475713512802031
15.1,15.3966229592952
15.1,13.904884502175264
15.8,15.610615943754965
15.6,16.28622178857404
15.8,15.724555854078062
13.7,14.18021116455202
15.0,15.035213525265135
15.3,15.292448451571545
14.9,15.484264703234658
13.8,14.306178243044997
15.7,15.964648879678862
9.9,10.104844538785983
14.7,14.453096825143803
15.8,15.466265747672878
14.0,13.31077540712431
10.5,9.620453581825132
7.7,8.257240779465064
14.9,14.307537590590073
11.5,12.972500442090677
9.5,11.581268073932733
19.6,19.111986714793602
15.8,15.346416750719072
11.7,10.562579074990936
11.3,11.475184592127334
14.1,14.171505856302247
12.7,13.712847955353936
15.5,15.233544809714658
13.5,13.44846738724118
13.7,14.905558777994884
18.5,18.18795658633462
12.7,13.065303488074278
9.3,10.59741471381858
10.9,11.794301704620011
9.5,10.132929210492875
14.8,14.660456128858641
6.0,7.213526948937215
15.4,15.576653596530377
5.9,7.209325315896422
14.8,14.928635666525224
19.7,18.714425319980364
18.6,17.727277845930075
14.4,14.282793393285829
16.3,16.397809154677816
15.3,15.211266292841174
9.7,9.517440958414227
15.2,15.536146290483885
14.4,13.67375112240552
18.2,18.121202391717816
11.9,12.265458808804397
15.5,15.904428111214656
13.5,13.595364810247702
19.0,19.246725213888567
10.4,11.179535336244953
12.2,12.60551265905815
19.2,18.608773423242383
15.0,14.854139393166406
10.8,11.677528140397044
14.3,14.075804597290698
13.8,15.629585456033965
13.1,12.823835130402585
16.0,15.024262316757813
10.5,9.794302361086011
17.5,17.517867910766654
13.7,13.34373481219518
16.7,17.004492701860727
14.9,14.407708768558223
15.9,15.575185603229329
14.6,15.015360515099019
17.2,17.31733533894294
13.4,13.492917828905775
9.8,10.113257581018843
12.8,12.562734458828345
13.7,13.923980605764882
13.7,13.12082145770546
15.0,15.454909525804396
14.8,15.27315559409908
18.9,18.624115490732947
11.4,11.488553622941254
15.4,15.534896766243037
14.2,14.550558048067614
17.5,17.83861310244538
12.9,13.200757177610285
19.4,17.44293007007218
17.8,17.37620158921345
13.1,13.170563990046503
19.1,19.613723998132627
15.4,15.738822957842785
14.9,15.236893441060602
17.6,17.968457709852373
15.5,15.136907826119568
10.7,12.475406966230366
17.0,17.341833299171412
18.1,18.854049894143827
14.9,14.84930421350873
13.3,12.871828442352125
10.8,11.224550002400065
15.5,15.455803679011296
15.6,16.12030354482704
15.9,15.990731358120684
14.1,14.344808068177372
17.5,16.9838072656421
16.7,16.867305031526485
16.8,17.818542123102816
8.4,8.9892754277098
17.0,18.015690726635512
14.7,15.008851915736159
18.4,18.351934124104446
13.5,13.911675665271105
11.4,11.280468217562884
19.9,17.900587598822312
12.2,12.94004447534644
14.9,14.973058190720621
18.2,17.696028466598364
15.8,15.635076098207719
11.3,11.033195784639247
13.4,13.694415721169207
18.2,18.217436765611637
18.8,17.92426104217884
13.2,13.926706104713958
10.4,11.40789486959693
13.9,14.066102518758271
13.1,13.227419578965055
14.8,15.59870638818029
11.7,11.40467628656188
8.9,9.864946962916292
13.6,14.236379803100135
15.1,15.12608374413685
15.1,15.182171017804649
15.5,15.516330972644937
17.0,17.920807612899807
10.5,11.129204963013763
9.3,9.547687804908492
8.7,8.323093466053251
15.3,15.21051144390367
13.9,13.352031869901111
15.1,15.097404310276033
18.4,18.04816204647068
13.9,13.597197186638368
14.9,14.88179895549547
18.6,18.241820904338965
11.7,12.310210218653083
14.7,14.364561553593376
12.2,12.33395542402286
13.7,14.187059392395895
11.8,11.630554074276006
11.6,12.080256716464646
12.7,12.232953232829459
10.5,10.812987890472868
19.6,18.359443388359068
11.1,12.977544703171588
13.2,13.004388735047542
14.4,14.75183828221634
12.0,12.092277605610434
8.8,10.00187755090883
16.3,15.85405648393862
18.2,18.085854232107522
13.8,14.166690795091199
15.9,15.932237835193519
14.1,15.994866281427676
13.5,13.69395988053293
16.1,16.299469702356873
13.0,14.143534173494118
14.5,13.785854540125001
8.7,10.48086337838322
14.3,14.095242409206548
15.1,15.437488130852216
14.9,14.743509870429989
11.7,11.900708172172017
15.4,15.036995245885919
14.8,14.664739765576087
17.5,17.19453409730886
13.1,14.108372297458118
14.7,14.457039769884432
6.7,8.857443589251488
16.3,15.996222051762743
9.9,11.18002421563142
15.1,15.522946625125769
18.5,18.406397772574564
15.0,15.195393084781244
11.9,12.26638760502101
14.4,13.584480211458867
14.5,14.478656594321365
16.1,15.929501182195963
15.3,15.194135220401222
15.9,15.99896448207437
15.2,15.367115322180325
14.4,13.534926019772684
15.7,15.462255653668763
14.3,13.856889241957106
15.4,15.497195726993596
13.8,13.946839501266368
14.2,13.717030581894505
18.1,17.22228260603515
15.5,15.089595430588815
9.6,10.01119908306282
19.8,18.74999228134402
15.4,15.075088874233188
16.0,15.938094952318352
17.4,16.690275089495117
15.3,15.267035912140273
13.9,13.817183017876232
13.8,13.36663179853349
14.6,13.996469983831048
11.8,12.59666593367001
13.5,13.40694486596476
15.6,14.999521894356803
15.2,14.312697742308956
17.0,14.97644439197029
16.9,17.56795168557437
14.0,13.627900055755163
17.0,16.501144727479186
15.3,15.01438818871975
15.5,14.346878769953037
13.8,14.217938385761954
19.8,19.21967181537184
15.5,15.074213267915184
14.6,14.437402099392784
13.4,12.969476157304598
15.5,15.448144062975189
18.1,16.69403303519357
13.6,13.866452839403792
13.9,13.856405598198762
14.9,14.87702725364943
14.8,14.692894524490839
17.7,17.864091626834124
15.4,15.297313028684584
13.8,13.911170063212921
14.0,15.10762062331196
11.0,10.94039235881064
14.8,15.25138516151128
15.2,14.970894789410522
12.3,12.305714554153383
10.6,10.439521436492214
14.7,14.496437192312442
14.7,14.332430564420065
15.5,15.28338788691326
12.6,12.650161162688164
15.2,14.926131889489625
14.9,15.32860723126214
13.9,14.820890352071729
15.8,15.76191503170412
15.2,15.209016970708035
11.2,11.49432941973646
14.4,15.07666844585583
15.5,14.757281648810022
18.5,18.85911326878704
12.9,12.331252810748992
14.1,14.670685199875152
14.1,14.422065818012925
13.4,13.8098076997303
15.1,14.947583873872645
14.0,14.443219343593228
13.2,13.311575711504702
15.6,15.453779058811051
16.5,16.729490999889094
12.8,12.705684108950663
15.1,14.501055023563822
12.3,11.029558323643869
15.1,15.232981130484404
14.4,14.206464193066495
18.7,17.369297747150995
10.3,11.561545072763693
16.8,16.74777207156876
15.8,17.134300767153036
14.8,14.655541825679393
15.6,15.812019886332564
16.0,15.94689968269995
12.7,11.774063393710094
16.9,16.780658260831842
16.4,17.312357675138628
10.6,12.016576756432187
15.2,16.311411350936396
11.2,11.493929127347656
16.3,16.35820250550023
15.3,15.092882178840227
15.8,15.58995889513244
13.5,14.003309873398393
15.2,15.198322549251316
14.6,14.433462777000386
12.4,13.21284528975957
15.3,15.347975535783917
16.0,16.132852907558117
9.9,11.445511640253244
14.9,14.656490760786255
14.1,13.916289127309938
13.0,12.433305998914875
14.6,14.604801743087592
13.2,14.05012311536666
10.9,12.519006550806807
19.7,18.25242905833875
14.6,13.113021980130725
18.1,17.77298527469975
12.6,14.740243964071851
19.4,19.006549763376825
12.1,10.844402506409097
13.9,13.949752529617399
15.8,15.684254620540742
13.5,13.608409348838904
14.9,16.58563611820864
8.9,12.031303594674682
11.6,13.26233594113728
14.5,14.666974055231549
15.0,14.682392524340685
14.8,15.072057684610627
15.1,15.539667954602919
13.9,14.353269089828245
14.9,14.653175976074635
13.3,13.055805606243666
14.8,16.257116783846868
15.3,15.10487302601905
12.5,10.480304491706192
14.8,15.131623528845012
15.8,15.826886180177098
14.0,14.173165092615818
14.3,13.782273934604746
14.9,14.469660660739464
16.6,15.343608398345168
12.8,15.568173650914105
15.1,14.719448933348758
16.6,17.083604790532263
14.6,14.586178104917053
15.8,15.570003810338676
14.7,14.35003706594216
15.5,15.822345649183262
8.9,11.146818122651894
19.2,15.191168260998893
16.4,16.502220877446234
14.3,14.209027735309064
9.5,10.372782106976956
14.4,13.909459104010239
13.2,13.83821684234863
14.7,13.946223375056434
15.3,15.379863674403168
14.3,14.393025599158136
14.9,14.840997846724349
14.4,14.57556325292353
16.1,16.749724327575677
16.8,16.89270831009526
15.3,14.97489467530977
16.4,15.810039746836992
16.5,16.382750693242997
14.5,14.881056803569663
15.6,14.94359404259012
14.0,14.152368559021852
9.7,11.923363657027949
13.6,13.745105294918176
15.0,14.989651683223201
14.0,14.136901529498573
13.7,15.792476471338887
13.5,13.673127457761439
14.9,14.276220002884656
11.4,10.750132688262966
14.0,14.516471883631311
17.8,18.106971334811533
10.7,11.6511610832531
14.8,15.10492620273726
15.6,17.79201202695549
5.5,8.661961457692087
16.4,16.768712207573117
11.3,11.71940717677353
15.6,16.099713730538497
14.7,15.039877990755485
14.2,14.439493343845243
17.1,15.415952262890642
15.2,14.994436014487292
14.4,14.909432110922353
15.8,15.352480784236832
15.7,15.311324334546953
14.4,14.070849628580618
12.7,11.945393596601207
13.3,12.301560275114753
12.6,12.588166748930234
16.5,15.973734358725778
16.2,15.916946141427616
10.7,11.296763232530793
15.9,15.561662472609896
14.8,15.792521291426965
12.1,14.439567054043437
15.5,15.166305781840492
15.3,16.00966569170123
14.8,14.463572919186845
12.1,11.802065000985749
15.9,16.556904568627942
14.3,14.251616617086256
14.1,14.136668219405692
19.6,19.31586368972785
10.7,12.29164008970838
10.8,13.432133844529744
15.0,15.189875716198003
13.6,12.875771877384977
16.3,15.717840827273903
14.2,14.358081946964376
10.5,11.543123768467922
10.0,10.396729837288149
13.4,13.413884673675057
7.5,9.115944074699655
12.8,13.401563491788693
14.7,14.750667304371746
13.2,12.2155050811416
12.9,13.674042015627492
13.9,13.78181608239538
9.6,9.235376800177619
14.5,14.531169751635389
13.5,13.000187320067198
14.2,14.020792426279513
14.2,14.075300052209059
11.5,11.607089470431674
13.6,14.69797418062808
12.5,12.113630567735527
13.4,13.765688618819695
15.4,15.573103389149765
13.3,13.32461096777115
14.9,15.02395370634622
14.5,14.585931578336385
14.8,15.031094418955036
14.5,14.199464713536145
13.1,13.757329844054766
13.0,12.220656081219204
14.2,14.13478308372214
15.0,14.860112330650736
15.6,15.067137156496756
15.3,15.075831500987988
18.7,17.45785336897825
19.7,19.226140690851025
14.7,14.596924465760821
14.3,13.828747396735707
11.4,11.532639570508763
17.4,18.1660092069651
14.1,13.768807508549799
14.0,14.007434652830852
14.8,15.110046869522193
16.1,16.51397477777209
14.3,14.163254544429947
15.7,15.719796298222718
16.5,15.824483351607341
13.2,13.304966543073533
14.6,16.492595882329624
15.1,15.97993118170416
7.7,9.940598705346929
16.3,18.48309697874356
14.5,14.51638318042751
14.8,13.387664643441894
16.2,15.877630510418385
13.7,13.886148523830343
12.7,11.689693657182943
15.6,15.445814658596646
15.6,15.433427408250282
13.0,11.081185495830141
13.4,13.47736319325486
13.2,13.207556930596184
14.5,14.19637647196214
16.4,16.17727665451821
16.6,16.770283456069592
18.0,17.82237769337371
14.7,15.4154870393686
16.1,15.719281005091034
15.2,15.861865141778253
19.1,18.37194462987827
13.1,12.74792739644181
10.6,12.11291361018084
16.1,16.34233278656029
14.6,14.105243768019136
14.7,14.758492812718032
10.9,11.420619197539054
17.2,17.511107903788798
15.6,15.215945740405004
19.0,18.587348736589774
13.1,13.642816034487623
14.0,14.412900617657215
11.6,11.677229514694773
16.0,15.786304480861872
17.4,17.36525122539024
14.4,14.33330272656167
12.3,12.58583060300407
13.4,13.63787019593292
17.8,17.85595908653886
16.2,16.280494799430016
16.0,16.1029218082258
18.7,17.4336552474997
11.3,12.244136883353349
14.9,15.283709003269905
15.5,14.430738610390108
11.2,12.076869070937391
16.6,16.905390465457458
9.8,10.229094225913286
14.4,14.188809148274231
9.6,9.914189241710119
14.3,14.583736604632577
14.2,14.333872879709816
13.0,12.136165640316904
12.1,11.810020092292689
12.6,13.241111379815266
12.2,12.416602693007007
18.8,18.947279219690245
14.0,14.102603829371219
13.7,13.164287350868108
16.6,16.361831615538904
10.6,11.21194006735459
19.8,17.499575449037366
11.5,11.858075168263895
16.8,16.131370727909598
9.7,10.026656221511075
14.5,14.000429778219768
13.3,13.897851741116028
12.7,12.244115090783453
14.2,14.57928370026093
14.9,15.167562272143186
5.2,7.190958267077804
14.5,14.85670538173872
16.2,15.233043122541858
13.0,12.863032623368781
14.0,14.003432534569583
14.5,14.789784306682122
12.3,14.7686826900499
11.8,11.916824993477348
16.1,14.98934355097299
18.1,18.274524658889277
14.5,14.905694202134327
9.9,10.75308988179313
14.7,14.59733242742368
13.4,13.338927495326061
8.0,9.492823404842056
13.9,13.84609372671548
11.8,11.864605505637883
16.9,17.059998108399668
16.0,16.2701180914446
16.2,14.419337685976643
15.3,15.524178820385714
16.0,15.608988588359352
13.8,13.737482387985438
14.7,14.984730231837602
13.4,13.575511734266911
12.1,11.953777061215078
15.6,15.811572791775689
15.1,15.171037908177823
16.2,15.791394136631425
14.3,14.495134213153506
16.1,15.785485496919136
17.2,17.652058593608672
13.9,13.482954914390575
15.3,15.701774064276833
12.4,12.046623699367046
11.2,11.026682136172894
13.9,13.698964564478956
11.6,11.816389180370606
19.1,18.786666512256488
14.9,15.145481525192736
19.2,17.932016485603526
14.4,14.636615208233707
14.7,14.170838395584724
15.5,15.563618627318647
19.8,18.331583888444584
15.7,15.564517768565565
14.0,13.983668198226951
13.1,13.862735739647178
14.5,14.297469897521296
11.7,11.910735478511924
13.9,14.378146091126837
14.6,14.519252258760389
17.3,17.565244484576397
14.0,14.326147708605276
15.1,15.016537840012461
12.7,12.960665836901171
14.2,14.502147466439055
12.0,13.34911042265594
14.3,15.266462507941469
12.8,12.556690506087762
16.2,15.922486314899288
15.7,16.22267419032869
15.1,15.157558403085204
19.3,19.059471638087416
4.5,6.930025802925229
14.2,14.147734984788258
15.8,16.460547414433677
14.7,14.32784545692266
14.8,14.721033490342961
11.3,12.864084077475127
19.9,18.90347282899893
14.2,13.763277542137075
15.8,15.822125334052544
15.1,15.030935088623664
19.7,19.48712425721169
14.4,14.264871434948873
17.1,16.986301819710206
14.5,14.81153629621258
14.5,14.340148165196297
15.4,15.185505085799377
15.6,16.266602078889264
15.5,15.008034342637984
14.9,14.111277302698
12.6,12.081680892591976
15.4,15.771148462568817
18.8,17.376549929613248
14.0,13.775874191767798
12.8,13.280462987429928
15.2,15.854979904863285
13.0,14.190272715663014
13.7,13.701837376083859
13.7,13.287751479925646
15.2,15.012307067780057
13.8,13.894313846341902
17.2,17.81444973620819
12.8,14.661309706134489
13.5,14.696995793405222
18.8,18.439735206149635
15.4,15.589495280377378
10.4,11.135038375039585
12.4,12.414529516976472
18.2,17.352854203956667
15.8,15.717162963410374
13.5,13.76116612018086
15.2,14.833678414550377
14.5,14.643476042361726
14.8,15.988456067774678
16.4,16.73006748780608
14.8,14.11389233450609
14.1,14.308243791107088
14.7,14.31657060427824
8.6,9.376316655660048
13.4,13.727717137357104
11.2,12.800679062085692
10.1,10.611735758779105
14.6,14.24766761844512
10.8,13.07096606201958
15.2,14.624164654585911
12.1,11.932295356760733
15.3,15.036303892358774
15.8,15.895678846811279
19.6,18.943335812393343
14.5,14.272683562827297
14.0,14.37710225297269
16.9,16.645989828590245
15.5,14.605689920193981
15.1,14.732383435271913
15.6,14.89611063094344
14.8,14.720279690576717
14.7,15.296959208208136
13.9,14.346109916979913
14.9,14.369441912247567
14.3,14.978826569107696
12.5,12.262516425282229
15.5,15.258182500023395
18.7,18.03210656173178
15.8,15.008501156582497
14.5,14.764472161739832
16.4,18.051542216533562
14.7,14.683245354419341
10.2,11.039021743228659
14.1,14.091395109226141
11.3,13.862017443319928
12.0,12.229178337816847
13.5,13.803120551488973
12.2,10.676418311370071
12.8,11.014995274308603
14.4,14.252726117148995
18.6,17.550643732654862
12.7,12.842619254050078
14.5,14.127014401718043
8.2,12.489956880104728
12.3,12.460783028276637
13.2,14.240967215038836
12.2,12.290584581613075
13.5,12.662874050147366
15.1,15.22439697824666
11.5,12.002329199458472
13.2,14.916822668805253
15.1,14.638017505698372
15.0,14.831338505784515
8.2,9.349823545984691
16.7,16.526363943121396
13.9,13.682748615276068
8.7,9.290276255254867
12.0,12.066830603056587
17.4,16.29873616527766
8.6,12.607008259685244
15.4,15.126658607914578
13.8,13.490033276524628
13.6,13.063002471928485
15.0,14.72547390771797
11.4,11.640099645068403
13.4,13.385494675516384
11.4,11.417542038077954
15.5,15.603677160514053
11.7,11.927394846570678
10.1,10.467730020696763
9.2,10.217434546095319
16.1,16.382445939438185
13.3,14.205948033893947
15.1,15.48971394673572
13.9,14.091760857547342
12.2,12.607537012168905
15.4,14.448614951979835
14.7,15.436790724139428
17.2,18.303821304580197
12.0,12.719443856185535
16.3,15.774409790639766
14.5,14.47404063090653
11.9,13.073457013058942
18.5,18.5206609297893
15.2,14.618346968924016
13.4,13.671380141022382
11.4,11.848967718833592
13.2,14.083839506463846
5.9,7.204760425025597
12.5,14.758240538101745
15.3,15.570354351308197
12.8,12.446372021513525
13.2,11.716203873133054
15.2,14.972710681380704
14.7,14.707216714537935
11.8,12.85918069028412
10.7,10.917367717658635
9.0,11.309167275263462
12.7,12.86818040633807
13.9,13.552194432035321
9.4,9.774551953669288
15.0,14.812004315497688
15.2,15.312090483063002
10.0,10.849687441601418
15.6,15.54410514774463
13.4,13.621078186421073
13.6,14.470276617419586
15.9,15.562715113250306
15.3,15.835410971481906
14.6,14.814910941582639
13.5,13.46382227059803
16.1,16.64462873454977
14.9,15.138765404175501
15.3,15.13645010705659
15.5,15.586319565190934
16.5,16.214253029582324
16.2,16.18629575628438
14.7,14.86716533184881
15.9,15.032593113894109
14.6,14.087188374920515
14.3,14.204597948642913
15.3,14.971775320067536
14.9,15.338271404882107
15.2,14.949668575980468
12.1,12.439174621307757
14.4,14.497138233773512
14.9,15.073854855378158
17.5,17.255862375634024
15.0,14.541977009823313
14.4,14.777715892152628
18.3,18.943046472675633
11.2,10.968290564487688
15.5,14.716158764145803
15.3,16.187528536305763
14.2,13.796098245305984
14.3,13.691279814229347
12.7,13.706844163461938
14.8,15.11201758577954
16.2,16.281211824061756
12.8,12.574347560264869
15.6,15.794340934055072
15.7,16.727703161057434
15.4,15.083996839239262
14.0,14.348448731849203
13.6,13.61272843403276
18.6,18.727492285514018
14.5,14.633250193466665
18.7,18.478740623308113
14.8,15.13924384717393
13.9,13.701434030095697
13.7,12.87809278711211
15.5,14.773802645446267
16.1,16.292270017263945
17.6,17.561034303133056
15.1,14.550358827866148
16.6,16.976756227759324
13.2,13.361311047716299
17.3,17.157145517678146
17.1,17.560066277193982
13.1,13.099182463280158
18.2,18.510604731040075
15.4,15.564170144643867
14.9,14.850017625642067
15.4,15.498886653978843
16.3,16.686596693471074
16.1,15.9719900884229
18.2,18.628799640209763
15.1,14.87949049047893
17.5,17.884622092235077
14.3,14.364516960695255
14.3,14.025281614220148
19.0,18.473979903472355
17.3,17.413572198682232
15.8,15.864108332345495
11.6,10.862710495333886
15.1,14.533608332683798
13.8,14.029920464236056
15.8,15.190523125696927
16.3,16.587630912137683
16.3,16.14429879733143
16.9,16.042591904260917
14.7,14.530560810675524
17.8,17.51280132238753
18.7,19.002103676786646
19.4,18.385129876085557
15.5,15.67209149140399
17.4,17.74072029427043
13.5,14.342173245619051
16.1,15.866442852500768
12.1,14.159025930857752
17.3,18.214262269990286
16.7,16.8107366762124
17.0,16.82870771808666
14.8,15.569747040688526
16.6,16.576992853071715
9.5,9.040699352568481
13.6,13.350812231365126
13.7,14.666373382802703
15.4,13.75223690277744
14.6,15.883506936315825
19.8,16.860938142786836
19.9,19.39318662841106
14.8,15.075998899032129
17.4,16.36320932995295
10.5,9.536259414744563
16.8,15.949732462473548
9.1,11.043020868557505
14.0,14.33321299115778
14.8,14.67469832158531
15.4,15.865002411068417
15.2,15.383657946193125
14.2,14.156394116289448
15.6,16.001796390482923
13.8,13.949579984153388
14.7,14.269002828543307
14.7,14.915724759539444
15.3,15.366186460101744
16.7,15.642350963200442
14.2,14.033021710347384
14.5,14.867551359144272
18.3,18.556941780843772
13.8,14.240415839163688
15.3,14.98559045285765
13.9,14.578502551914426
14.7,14.822387796099065
15.1,14.78807792958105
14.2,14.580861139103945
12.2,12.301999368472025
7.3,12.609717492421623
14.0,13.550942668405696
19.7,19.28373908897629
18.6,18.639194292278262
19.5,18.97232692941907
12.6,13.0306378013629
12.7,12.635729576610174
10.7,11.059096973447595
15.1,16.762358096952084
19.0,19.23941383647616
13.5,13.544101761712227
14.2,14.283266956859734
8.2,9.014665928552859
13.3,13.547725387848914
14.5,14.811537909114122
15.8,15.718674853094853
11.0,10.816980383038754
13.8,13.493493028305238
13.1,13.046260127506685
12.6,13.886494772483275
12.3,12.114541160815861
14.7,14.189319496799726
16.0,16.280888262353983
14.8,14.316187286143759
14.0,14.600984509947011
14.7,14.543087283911518
14.7,14.908302287309198
14.0,14.166996466345154
14.3,14.329214635377866
11.6,13.095659074315336
13.2,12.932024195673876
11.3,12.450107477727215
13.3,13.42318509877623
19.3,18.60676200906164
8.9,12.737652491137851
13.9,13.484625652374234
12.9,12.911425649832381
14.9,13.711290913866833
13.8,14.066414700064342
15.0,14.554121310939081
14.1,14.671585869771661
11.0,14.290339176926864
16.3,15.857881788746454
13.1,13.979713594948407
14.9,14.628474152297713
14.8,14.492260321159847
7.7,9.881317867289908
16.2,16.119548602902796
15.0,15.205941637177602
16.6,16.699176249476295
14.9,14.929816521995235
13.3,13.577229367103428
16.1,16.551771237420326
11.2,12.009543150779791
11.9,12.761790060903877
14.0,13.782777350919787
12.4,12.38770222623134
14.7,14.584046787029365
12.0,12.318743328534765
13.6,13.830799395567738
18.5,17.505145554197952
14.3,13.749109546799446
13.0,13.49173284706194
11.7,11.801662598678377
13.0,13.565564433874897
18.2,17.417527784627964
16.8,16.707484833459603
12.8,14.522219864011277
12.5,12.53919570879043
14.8,14.526099599635927
13.1,12.775232160958694
14.7,15.012365725071504
13.5,13.024735262792092
15.6,15.110574335185447
15.6,15.510402715415694
13.6,14.469992410711711
11.4,11.654127206187695
13.0,12.415825016214512
14.8,14.634983938103687
15.5,14.984722221735865
14.2,14.271121895411852
15.7,15.91029360821085
13.3,13.520193348638713
12.4,12.32201872637961
12.5,12.668280456331559
13.9,13.858699593110941
14.3,14.934867682983167
10.4,12.005166932853172
13.8,13.330446737556485
19.3,18.692662099492736
11.1,12.134123566327617
14.5,14.729309131453192
13.1,14.25920798513107
13.1,12.9509672136046
16.8,16.75930400751531
15.0,15.25650766063336
16.9,17.122474806077662
15.7,16.574663057515863
15.9,14.584192424634239
11.5,9.322450137231499
12.8,13.855154374672566
18.9,17.12820877734339
15.8,15.609454458754044
18.1,18.078086063294904
17.9,17.794644011446508
15.0,15.028762296224158
19.6,19.01739663380431
14.2,14.30012556008296
19.9,18.987731749075465
17.2,15.83887320975191
13.2,13.807510496699251
19.8,19.146321802341845
14.8,14.307845245755743
16.1,13.64288563869195
12.9,12.433921125722918
14.7,14.596046207501786
19.5,18.97683912119828
14.0,13.97501104453113
15.9,16.547748034667165
17.0,17.724834294698667
14.0,14.743423999116203
17.6,17.994231815857347
16.6,16.758752857072977
13.7,12.591681197518483
14.1,14.27228862742777
18.2,16.98420753436949
13.6,13.848352002882166
12.0,11.701564171598875
16.0,15.645980101344321
13.9,14.10094683789066
15.6,14.914091822458431
15.5,14.813112286843534
14.8,15.235394065995933
14.4,14.365969894570298
15.0,15.487275044157286
14.5,14.921681903171702
18.7,18.12002766938531
14.4,13.589661839700057
14.7,15.135575682274066
12.2,13.605470289436198
19.4,18.9439305774722
14.0,14.190867380675627
8.6,11.337841139058582
19.3,19.25737710177782
14.6,14.585636813309975
14.7,14.741661461335752
13.4,13.360114102601074
19.5,17.484914253116585
13.0,13.100258045864393
12.6,12.649603230820503
12.5,12.740546825021738
9.4,10.52653127440135
16.1,15.914069369260687
10.9,11.157477776287124
16.3,16.17090269055916
15.3,14.680122159767052
14.0,13.51459810405504
17.0,17.080838515801588
17.0,17.47105391754667
19.8,19.136463367554825
13.5,13.338096117542591
15.3,14.348682507697958
15.4,15.76975881238468
17.2,15.800301867386224
17.6,18.63553984419559
11.3,11.761526241345564
15.1,15.911783502058825
18.4,17.98377345339395
14.7,15.176807339410516
12.5,12.294288820412476
17.5,18.131112310802564
12.6,13.66544988644273
14.2,13.269692912814207
15.4,14.983186540135648
11.7,10.843976556498092
15.6,14.61607119339169
16.2,15.988337138027418
9.8,10.155826393893221
15.7,15.584871291648597
12.7,12.409001973923296
14.9,14.968410656952983
19.4,19.014985114801675
15.3,15.121447634039214
9.7,10.21213071254897
17.9,18.315416173718404
13.8,13.372905509721022
16.0,15.695233820993963
14.1,14.242523561260896
14.8,14.466349417576566
15.9,12.832265772507526
19.5,18.31416299380362
10.2,10.90056249202462
17.5,16.520761337829754
17.2,18.05319277686067
18.5,18.501072925981134
16.3,15.947341598715866
15.5,15.164420272863936
16.4,17.600574336647696
16.4,16.07750943308929
14.8,14.265775070023665
15.4,15.02025600138586
18.9,18.287539595068665
19.7,18.683857241121586
15.8,15.107408770971233
13.1,13.931513097020797
15.0,15.581091473344713
12.3,12.02046835317742
16.2,16.054831182584167
16.9,16.751812380003685
15.7,14.125158463750267
14.9,14.67077274111216
19.0,18.505435699946247
17.4,17.453198443683505
15.0,15.281600824298948
13.5,14.239675572374836
16.0,15.85751357292611
14.6,14.688656652579084
12.4,14.031812027247724
9.7,11.458842600724893
14.8,14.463862215983681
18.0,18.44785056359251
10.5,12.275248184567317
15.2,14.616090277995681
19.1,18.54367688187631
14.0,14.09162071038736
16.4,16.25322012619654
17.0,17.41062764864182
9.4,11.171223859972088
16.0,14.440438049816294
16.7,16.86369440398994
9.1,10.437028535234276
13.7,13.344695506326389
14.7,14.11199161602417
18.5,18.868284390453482
15.3,14.977627676129487
15.4,15.364027545874706
16.8,16.601631631230703
15.2,15.3889444045235
17.5,18.78548488198794
12.4,12.221076843765331
15.6,15.77129302022513
17.8,16.778536562898807
12.3,13.764782322634346
10.8,10.567995764289662
15.4,16.131696693342747
15.2,15.05773093312746
13.8,12.88377001263143
15.1,15.006726569472448
10.3,15.844555357387435
12.5,14.94201141648773
12.6,12.935818579309853
11.7,11.874545960163232
13.9,14.194930762463628
13.7,13.835704222903587
17.3,11.188372455046192
14.8,13.972682170715416
5.7,11.662588625860735
13.9,7.148451013024896
6.7,17.50928315881174
12.2,15.627926186600234
19.5,19.01744954951573
13.8,13.480833469177014
17.9,17.652325334463967
17.8,18.77968240925111
15.5,15.660621595448902
17.2,16.106840346072204
13.7,13.916080999217229
17.7,18.149992707622005
18.8,18.799312714865664
15.4,14.346756533661392
14.0,14.12126037611597
17.4,18.76971008675173
11.7,11.813298620982096
14.0,15.239142397593241
14.8,14.527559145208215
10.8,10.846764283778612
13.6,13.441599672660232
14.0,14.991675815042981
19.5,19.17385276843561
15.3,15.209855790162692
9.0,10.669845624972368
16.6,15.384114292479353
13.4,12.231241522851633
12.7,13.363014220638433
14.3,13.646247979282634
11.8,14.254322139784563
14.2,14.063895313302055
14.8,14.894766118202824
14.1,14.332481312245363
12.8,12.044956398312934
13.1,13.446990570366324
6.7,10.267215644998942
10.9,11.959554805100197
14.4,13.642241294321138
15.0,15.03173397214232
15.3,13.756320213025901
15.6,15.976769345832508
14.5,15.07646269108227
16.5,17.475889849010855
14.4,14.749694614984037
8.3,9.558241664024536
10.5,10.613938472990412
16.0,16.06866800429998
13.2,13.02523809595732
18.0,17.658788608765462
16.0,16.6156405506772
15.1,14.540873103687773
19.2,19.21691691761953
17.1,17.694733375537908
10.8,12.476461453014053
17.6,17.115692578405287
19.3,17.145669792807894
14.0,14.066052514977855
14.8,14.557625109096989
15.3,15.370648579355475
14.6,15.666779354889513
16.2,15.139869386097416
15.5,15.016867850616109
16.0,17.176875396748073
13.3,13.643718716490184
15.0,14.793171748460736
14.4,14.629855863115154
13.2,14.5055626918911
19.6,17.11306163034169
17.3,17.786096790310694
16.8,17.861407527059782
19.7,19.31580150613445
16.3,17.677099523250945
9.3,10.479270663839998
10.4,11.304827118292451
13.7,14.494727589160902
15.1,14.848877506592544
14.0,13.941564348817337
16.3,15.244750341924373
13.6,13.103622064074443
19.6,18.559336372534744
16.2,16.503813304996584
14.6,14.605413631157717
11.4,12.210349730536109
19.0,18.210162457777187
14.4,14.732078547211131
11.5,12.105555744376034
15.5,15.912074944877531
15.8,16.00358827895252
15.9,15.754725177685032
19.5,18.246355390030658
16.7,17.092797896708362
14.6,14.6655795716797
11.0,12.524694394063772
9.8,12.582916318438947
14.0,14.298948878160445
13.7,13.631016568286213
12.4,11.900247727346141
16.7,18.129735564463772
19.9,19.373566877504345
14.5,14.372797403373625
10.8,12.069206336862408
15.7,15.928668383381591
19.3,18.79026838048594
12.1,11.971490666619502
14.5,14.199747243023012
15.0,14.331622168276226
11.4,12.033569452381926
12.1,13.796984388725832
15.0,15.117862415359923
12.9,12.989412972150603
10.6,12.169276321714278
17.7,18.002637025201693
15.7,15.783931519079488
13.2,13.627923414926045
13.5,13.409095619885193
14.9,14.510047816467704
15.8,15.584608184872195
16.6,15.68743521862416
10.0,11.104317436693236
12.9,13.248250087344786
15.8,15.62423420813866
13.4,14.743860804999713
18.1,17.52967480816369
18.8,18.154380217310973
16.4,16.581697894143872
13.8,13.786064420157345
14.2,14.77076068182214
13.3,13.532317580713425
14.8,14.337727954552975
14.5,14.578902193694375
19.6,19.342337362701073
13.7,13.699226037279004
18.6,18.103248259343673
14.6,14.15981952130096
14.6,14.512577655521454
15.7,16.789839450333602
17.6,17.658288647508016
15.7,14.694193836592603
14.7,15.27083873513584
14.3,14.843174833913508
17.7,17.815602775259322
10.3,10.483627822773997
14.9,16.3367578558682
13.8,14.38976853058557
15.8,16.28175693945377
10.8,13.628691230260301
15.3,14.574706500920001
17.5,16.8933364533641
16.6,16.413787552941358
15.1,15.378283611455117
15.2,15.053049296635436
13.3,12.435631763655692
11.1,12.224336567218415
13.7,14.04105211357819
16.8,16.37114608671982
13.1,13.496062845631968
16.4,17.385661719366908
16.5,15.493543434888124
12.3,12.74130648791288
14.9,14.753049825900234
18.7,18.886594255600357
15.8,16.024784077657387
13.0,13.118892277532723
17.0,16.535612960287835
15.3,14.668537507237488
16.7,16.13894198174785
16.3,16.1765181800929
19.1,19.122887306904886
11.0,12.066786259994842
16.5,17.042777386202943
12.6,12.943970072141383
11.4,11.763908217311837
15.7,16.14645494474098
15.5,15.487400044803508
9.9,10.24905909440713
14.2,14.175511439505499
15.4,16.64244377837167
15.7,15.494960580370389
19.0,19.078930258809123
14.7,15.048406138419523
15.8,15.80111770957592
16.9,16.452880863251266
14.7,14.554404195136158
15.4,15.801256686390843
14.1,13.805123599817307
14.8,14.76875046933128
14.7,14.418946840334684
17.0,16.941044091887306
14.5,15.015590291153785
14.6,14.864936953139477
12.9,14.369711759267375
13.4,13.77082092317869
19.6,18.575310024316423
13.6,13.610192115331301
12.1,11.45650568176643
10.2,11.710725911980262
14.9,15.040762466480373
14.8,15.100648769424879
11.1,11.9870082125708
14.0,13.417530941631412
14.7,14.97597928516916
14.5,14.556881084456109
13.6,14.594024449193967
11.3,11.806167484264734
14.3,15.38234482894768
11.2,11.611910299223382
18.3,19.018546471954323
18.1,17.64059894080856
16.6,16.456429236015538
14.1,13.496910476125777
14.6,14.434772214328405
18.5,17.98062732128892
13.0,13.34374658370507
14.2,14.013250648560643
15.6,15.279657410108484
8.7,8.648942667030497
19.2,19.140711560379714
15.5,15.209853304026183
12.2,14.542701859056251
18.7,18.573530694731744
17.4,17.4563072170713
16.5,15.516342684277333
14.9,15.084379192765482
16.4,15.528764627117198
19.3,17.642733725864673
17.5,17.543279716803227
18.3,18.14828911307268
16.2,16.835771290032426
16.9,16.58152608713135
15.6,15.140122835873626
18.7,16.94568195519969
13.9,14.522289238695521
15.7,15.517685083730612
16.9,17.408174270472955
15.9,16.09773206943646
13.8,13.073868175823009
19.3,18.253623730735853
10.8,12.876362350045383
19.3,18.50098254508339
19.1,18.362128034059424
15.6,15.278412143641617
10.2,11.138562064094003
14.6,14.76716243048213
19.5,19.192545345285907
19.1,17.646361579623772
18.9,18.22926868707873
14.3,14.731158545535436
15.2,14.859229758614674
11.7,13.154431197035592
16.8,16.126234804833075
13.8,14.725320973433554
10.5,12.045547254267149
11.1,11.895471747760894
9.0,13.725377695373027
15.2,15.284848190305638
15.5,15.882801761501469
12.7,12.43139482018887
19.9,18.843273443344515
13.8,12.906345043742476
14.4,14.29377861386456
11.8,10.886938142299186
14.2,14.125229797638895
13.5,13.890727938844066
17.1,17.642792948288843
15.1,15.59701528068399
12.3,12.5230769792106
14.7,14.850931897619375
11.0,11.162365122756455
11.5,13.19960900908336
16.4,15.508071544929408
18.4,17.679369034740375
16.9,17.00438806254533
11.4,11.677678909996757
14.4,14.14195905593806
14.3,14.907136983791133
12.4,14.114837256842293
12.4,12.901076239999384
12.6,13.250350740680005
13.5,13.135138265613932
11.4,11.94317185023101
9.6,10.339714237779845
13.9,14.089328336325707
15.0,15.91878596629249
12.6,12.988852665439481
16.9,16.447718556621112
13.5,13.817805922939442
16.9,15.144682764221216
15.0,15.8520101683971
12.7,12.964943708531791
13.2,13.142782203678507
14.8,15.006995173345786
9.4,11.747774777788436
16.0,16.65263451784267
15.5,15.229225110178959
14.1,13.957551903637068
15.5,15.457799779251218
12.3,12.754302548593841
15.4,15.211349383782363
12.3,13.510769571210403
17.9,17.986041746131377
15.8,15.495866742276121
16.0,15.651043581601698
14.7,15.989509700943017
10.5,14.894820448527753
15.7,15.773667854609812
15.4,15.741103832260706
11.4,12.050833563964261
18.7,18.468524741125293
16.3,16.422101545031182
14.9,16.07521544382689
18.1,17.80312492675148
13.9,14.568440229977568
15.0,14.764170882837789
14.6,14.96016937004606
14.5,14.412437096205394
19.0,18.354696463327855
16.2,16.99674058821256
11.9,13.040292310084624
14.6,14.904315518331714
15.5,15.500218507018872
11.4,11.359186012035934
14.6,15.126920323702507
18.7,18.895081541646505
16.3,16.532345434228773
13.3,14.61013017874211
18.0,17.59330364104244
11.8,11.942826610495104
10.9,11.680980619043112
17.5,16.73221492441371
16.3,16.29864861437818
14.2,14.024123120272634
14.5,15.074761169875273
13.9,14.44495573817403
18.1,18.56324198641596
15.0,15.134057121296792
16.3,16.38304909503495
12.0,11.7066961293458
14.2,14.275517069763737
14.6,14.459219074742578
15.1,16.13930988643915
16.2,15.885680040111765
11.8,13.710447995457798
11.5,11.198300066316733
11.3,11.4879622842127
19.2,19.193317825818667
15.4,15.321795499097789
14.8,15.254935222241329
12.5,12.93024963393691
14.6,14.843396863263479
12.5,12.258956514298916
9.6,11.06303974331604
15.4,15.474586192925926
14.5,14.611479100756696
13.8,14.250919032405363
12.9,12.143911849707365
17.2,18.198248334243544
16.1,16.466784475778695
18.5,17.276453341473825
15.6,16.34254251755192
15.8,15.332673490862362
19.0,18.73526335437782
13.9,12.990275468593609
13.6,13.293209603929427
15.4,14.91781260733842
14.7,15.318129751773085
11.0,11.775645903486293
13.3,13.475007667089812
17.6,17.689075816597324
9.4,9.958790778706316
16.2,15.60733428268577
14.5,14.809299120917785
19.4,18.74228278521332
13.2,13.649557864489907
15.8,15.211708789633121
13.9,14.18709884697455
16.9,17.48131045199989
11.7,12.575609180585161
17.2,16.79863617805495
17.1,17.148316062171943
13.1,14.088879771414213
12.2,11.790179941715905
13.1,13.445999295163347
19.4,17.607892328960588
13.6,13.334999518992845
15.4,15.118649279596866
17.0,15.142602856300073
18.5,18.776589486544253
16.6,17.056148677220335
17.3,17.590674870098155
14.8,14.715624629279773
13.6,12.49275444605155
11.7,12.306979590415722
14.9,15.140852295000514
12.6,13.654701371560805
15.0,16.06696339030168
11.6,12.28154378533145
11.0,11.792061870539328
14.9,14.602666113176383
10.6,11.37389764530235
17.5,18.11287233652547
15.4,15.743808485058253
14.6,14.268944706040202
14.0,13.722010036697611
19.0,17.54937307856744
13.8,13.764257716338761
17.9,16.943275850149803
14.9,15.624611100094626
13.9,13.667477829556447
14.2,13.896976881020237
18.5,16.68282131516571
12.4,13.691264325301745
15.8,16.06089042435633
16.5,15.955644999334254
15.9,15.970735005515962
14.6,14.438196677107044
19.6,19.35375940753147
18.2,17.4657854072575
14.8,14.588597194440808
12.8,14.661881292937323
16.1,15.290878627623897
14.8,16.09724129838287
19.2,19.006664343876764
16.1,17.061572336475365
10.9,14.286953717004508
16.7,17.007025171944406
17.5,17.348393098305678
15.1,15.041132857473713
17.6,16.895679663168266
17.0,17.27377268319833
19.1,19.067079661908792
19.0,19.059232975938357
15.7,15.533912050304934
16.3,11.973653646185994
14.6,14.682054486591369
15.7,15.20895643593758
14.4,14.99329282416511
15.5,14.968936710116395
14.0,13.858831702003954
17.5,17.364436023897724
14.9,14.647535601921845
14.8,15.469074674245348
14.7,14.725787795647193
14.5,14.414317353250226
13.8,13.464949793327833
14.3,13.179621656425297
16.0,15.997311678598635
14.8,14.119466340562212
13.4,13.693186254589818
14.9,14.71304964547744
17.2,16.632255783537403
15.2,14.787555883696768
9.7,10.412823023274541
15.0,14.949828171462286
16.9,17.877254062041175
18.9,17.938261976931244
12.6,11.891820734876092
7.4,8.87544693495147
17.1,16.735285850882065
16.6,16.144489854548738
13.9,14.83429375212836
12.4,12.294310565222986
16.2,15.921233388711698
12.0,12.668576654570643
15.8,14.556212412499008
9.4,9.781111907504965
19.9,19.327242033847142
13.7,14.492931446051443
15.9,15.2078304058723
19.5,19.206056062626885
14.3,12.593146163329948
19.2,19.417720348224975
12.2,12.766806485560664
11.6,13.039787126210285
11.1,13.251989067623072
18.2,17.460236530056136
13.9,14.169336320192087
11.5,11.686681737424806
17.2,16.35434285670999
19.5,18.721502408734523
14.3,14.610407049043715
10.7,11.635560513503151
15.3,15.08960289490642
11.4,12.032944842274446
14.0,14.086007051577326
16.1,16.340204377658665
19.0,15.836612548388075
13.6,13.432603661814937
12.3,12.530323190847412
12.5,12.774304800921527
14.5,14.439121925479412
16.3,15.742377086487977
9.9,10.517181041534059
17.6,16.551433763408568
13.4,13.700225437787594
15.0,14.960147026198683
12.9,13.285156936442945
17.9,18.451182545832125
10.5,11.743365430447739
18.6,18.331630054017296
12.3,13.280996253131889
12.4,13.243218031275319
13.7,13.468939555285033
10.8,11.2159854695783
15.4,15.514660279499367
14.8,14.688479744396318
15.6,15.351939467687771
19.7,19.044517688453197
18.6,17.91618242498953
15.7,16.100365939346375
15.2,15.287109712080564
15.7,15.236939656024333
14.1,15.489800674753496
12.4,12.930828623648267
13.5,12.976526222148095
14.0,13.316078415664379
15.3,14.9842028812418
8.0,9.244569081696682
16.2,15.935676348861307
9.7,10.081661109346896
14.2,14.15042534287204
19.2,18.01174851297401
17.1,15.803380642391858
16.3,16.42814698064467
14.8,14.464014891418628
16.2,15.89899617494666
12.5,12.366712547256611
12.7,13.072598035738338
16.1,16.019601497304393
13.6,12.863753570069093
14.0,14.64129470376065
12.3,12.105765246378724
10.2,11.028903579688631
17.9,17.84558918903349
18.0,17.051173930201912
10.0,11.302182753977831
19.8,18.300502643105574
16.6,16.180827701929957
17.3,15.79111422704591
14.6,14.851994122029282
17.8,18.020283504103645
11.5,13.207893943035742
14.9,14.757669941443964
10.8,12.237048841605429
17.1,17.082925288475963
12.2,11.488355902547482
12.7,12.857173856715235
14.7,15.616893445374444
14.5,14.286401543289685
11.7,13.996464145660866
14.7,14.613077288056957
17.2,16.30390278689447
15.3,15.131405940039258
12.4,11.665916755911894
15.6,15.324043903445272
14.6,14.488248848210787
15.3,15.0540104516258
10.7,12.030887723958585
17.2,16.369523829755053
11.4,12.0533797029384
19.6,16.218829443969298
18.1,17.294247261081182
11.8,11.535431319091003
11.3,12.538372392591555
17.7,16.58237103090869
17.0,16.07038766131518
14.4,14.117068793999351
15.9,15.45822775833949
18.8,18.540231511753518
15.5,15.256304846789135
5.2,8.550403162720613
10.0,13.020821296377108
14.6,14.0014245325292
18.9,15.96826574366969
15.5,15.268997060280526
14.4,13.930889001378091
16.1,13.871759607776767
4.8,8.045070531370584
14.6,14.269851862656651
16.3,15.872357287787963
11.9,13.870033856428563
18.4,18.20415938680526
19.1,18.431328180071432
16.8,15.878765303699765
17.6,15.862876494094962
12.5,11.943231904646382
14.1,13.986854092945578
19.6,19.278875817690277
19.1,19.44117749709403
14.9,15.528663156117545
18.4,18.742026316496776
15.7,15.128940691094613
19.0,18.97564133265405
15.5,15.081737324770074
13.3,12.845537019631593
15.6,15.185205608198885
17.8,17.20648466280545
15.5,13.590239918907173
13.1,13.009612191002816
16.5,16.20063829983701
15.8,15.690557078667553
15.4,14.812373209104408
15.0,14.692128815804608
19.4,19.155593720352044
16.5,17.018915920343716
19.5,19.27222525072284
16.2,16.674508264288306
15.7,16.346265880885767
12.6,12.872618370111013
17.3,18.198810341622448
17.7,17.744255519719445
18.1,18.841155647547566
19.1,18.306808020395692
15.8,14.946617094225076
15.2,14.905685798123159
18.3,17.888666721177287
17.2,16.973804029956227
16.6,16.729569217044627
12.8,12.676273918890729
14.7,15.068927456362871
15.7,15.666456059829216
13.3,12.190093878729385
16.5,16.382209836669062
14.0,14.227220699656755
13.5,12.79713840326258
17.9,18.62562198546948
13.1,13.087113594316179
14.3,15.855945856084873
14.9,14.685454642047262
16.4,17.153606552823476
12.8,12.288996436283924
16.2,17.213163134583738
15.4,15.057299295935081
14.6,14.37739196131588
12.5,13.247245084878159
14.6,14.692920236760983
15.9,16.482505335330643
12.8,14.082629614975303
14.0,13.751468180736993
18.1,17.7443065525149
16.3,17.350732459890423
16.0,16.206607198084384
14.4,15.665649045524333
14.2,13.634387581492774
16.8,17.080580350913806
16.5,17.189280543621862
13.4,13.237979443632867
14.0,14.516879681264982
13.1,13.360760956275044
11.5,12.977629804576281
18.6,18.482347614510218
10.7,12.862936338817235
19.2,19.139000454626512
15.5,16.834161083825165
13.1,13.31241990881972
14.5,14.287880143330767
13.5,13.86667408849462
13.0,13.475874141819077
15.1,14.559704225699534
18.9,18.853205511899432
13.5,13.504713699221611
15.7,15.939860211132327
17.8,18.68853679354652
14.0,14.098890387860592
15.6,15.611050807585343
15.8,15.651645059493603
16.4,16.69200240590726
15.0,14.935994612111244
15.6,15.981791454138147
18.9,19.15267216245411
18.4,15.99069876716203
19.8,19.30223465547897
19.0,19.00055213351152
17.0,16.064493721933104
18.4,17.711668184318114
8.6,10.512659169035032
16.4,16.961760629579658
14.5,15.204676251645651
14.9,15.180889331408252
15.8,15.862591259006876
10.8,12.344027931831079
14.9,15.199805147793086
11.6,12.185274804272922
14.1,14.18048740120139
11.2,10.488087487145094
16.6,17.03304506727727
15.0,14.989892913876247
17.0,17.03447906393194
15.1,15.58239361714186
17.6,17.205074032535776
16.9,16.418922495096922
18.9,18.748966023966204
13.6,13.896801181224873
14.2,14.500144549019751
9.3,10.157880741520785
15.0,15.02611586995772
13.9,13.705964090913767
15.0,15.110875032201875
14.7,16.63016104849885
17.7,17.258383538010094
15.1,15.516817249676023
18.0,18.100914237613324
12.6,13.022351232299116
14.9,14.85043270236929
14.1,14.45163065858651
16.0,15.670940046926262
15.4,14.635400269267848
15.0,14.852016759221442
16.5,16.27052198795718
17.6,18.02663864081842
15.6,16.027385820489144
17.2,18.2541552320763
14.5,14.902880656591151
15.6,15.312787937058602
13.1,13.549060102493968
12.3,12.581789544434287
14.2,15.041882606921718
16.3,16.731739407143323
14.9,14.351288438396296
15.2,15.029614713863339
16.7,15.59075296021183
18.0,17.595677112074554
18.3,17.32054386724485
19.3,18.66980429837713
14.9,15.28309843322495
18.9,19.24338473039097
16.0,16.82559174855487
15.7,15.633667355372381
14.4,15.950060756062157
14.8,14.16456810303498
15.8,16.11274310201952
14.9,15.79448850470726
19.6,19.347038153588073
14.3,13.953969460271765
14.3,15.054125371389091
15.7,16.072506029857323
19.0,18.529282774863532
18.8,18.58837536352803
15.3,16.939006346015958
15.9,16.127798659177643
17.4,17.85964791319566
15.0,15.797934202482793
12.0,12.054195930657443
14.6,14.463315693978075
14.5,14.428441416617716
15.4,15.10410291235894
15.3,15.268756422829028
15.5,14.322519599027146
13.4,13.526525676808888
14.6,12.861963468429167
16.0,16.331374986330047
14.2,14.852172220729699
14.1,13.73165030477685
19.3,17.63752593821846
16.2,16.059075342047436
14.2,14.733219663321506
16.8,17.36864980304381
9.2,11.920890057144788
17.6,17.23809010128025
14.8,14.183318552697529
17.4,17.401815358025488
17.2,15.695114975664183
14.8,14.955851557373535
17.3,16.801868107169867
14.2,13.769627030065749
12.3,13.305973207839997
14.7,14.278095061867134
14.5,14.771328122238629
16.2,16.86808408651268
11.4,13.844207833113614
4.0,12.053473116946407
13.4,14.372947405650848
14.4,14.44451540598493
15.1,15.432579117361456
19.0,16.72760040842695
16.0,15.983623044587148
12.7,13.748286129126427
14.6,15.311082848091246
13.7,14.838476975062804
18.2,15.716584930143654
13.6,13.591622240492143
15.5,16.219637610982318
9.7,11.420232088688863
14.8,14.718359893275192
12.8,13.207018427900039
19.0,18.867108225414995
14.7,14.838938829881954
11.8,14.678322012216086
13.8,14.368729622510727
14.8,15.092418872165581
16.3,16.68593669933034
13.6,13.957764215831048
14.2,14.686899602360427
14.9,14.615772616327376
14.3,13.655479755660053
14.3,13.952203828230267
15.5,15.469733413716312
14.7,15.445665114413714
12.6,12.10649984277552
15.2,14.633251961093265
18.0,17.497602829767857
13.0,14.050584815244292
13.6,15.177500764883007
19.7,18.50154478609329
14.4,14.73224105418194
16.5,16.34645557019394
15.3,14.878566571278498
19.8,17.185287615575362
16.0,15.48471076763235
14.5,13.433464228408411
15.5,15.530315795913339
14.3,14.41544808267281
14.5,14.675493468705099
17.8,17.28185417642817
10.5,12.377777431800496
13.6,13.74016472400399
11.2,12.09535859368043
15.5,14.75816592486808
18.2,18.357016223017126
11.8,13.661359917172376
16.1,16.84714289396652
15.7,16.052040202950593
18.5,18.572807109419955
14.7,15.572348047164269
11.6,12.850701891904464
12.9,13.041855170595227
14.4,13.926892430992666
15.2,14.997346021968042
15.3,15.485422183988703
15.5,15.783805218510679
14.7,13.407653968024533
14.7,14.763781949466647
16.9,17.710130282710452
14.3,14.237862266367301
14.2,13.248443464312004
15.2,15.61372235845738
16.8,17.35184198259958
15.4,15.168919740361162
16.6,16.693603007413913
18.0,18.543905418919167
11.5,12.619901411875617
15.6,12.901352513756137
17.1,16.501661468995735
19.7,18.680919105681824
14.7,14.621175142936409
16.0,15.157600871025352
9.3,10.525961820272641
19.8,18.603639083215967
14.7,13.586747998026112
17.3,14.117392758722417
13.9,13.919659410055829
11.0,12.127601458778372
15.7,15.3231135137612
10.1,11.002658939454705
15.0,15.244899767805691
16.7,17.02636919933684
17.5,13.322998114163056
15.1,15.047219569853041
17.1,18.060094135260442
13.0,12.786736682322953
14.7,15.033084078808315
17.4,17.925349305951386
13.6,15.181318068327528
14.4,13.991662009095307
11.1,12.12664856261108
14.6,14.684912300868746
19.2,18.54154631725396
19.2,18.243473844369873
13.1,13.206862527062185
14.4,13.992928271647543
15.0,15.53065209405031
13.6,13.54460832834593
14.0,14.769360636040801
15.3,15.309564370754742
14.1,11.555931448179763
14.2,14.85379160528828
18.5,18.96179353268235
15.6,14.316742238530423
14.4,14.75445901450803
14.7,15.58800967654679
15.3,15.162007344246376
12.6,13.625934185489314
12.1,13.958880847383625
14.5,14.76864374746765
17.9,16.857801428999664
17.9,16.579219347797334
19.2,17.41291719812216
19.3,16.916779738035984
17.9,17.46300738939317
14.6,14.48796397706974
12.5,13.4638399463729
11.0,12.680263979860683
15.4,16.206241442792816
16.7,17.23061894768398
15.0,13.672058930795174
19.1,17.774752137222094
15.9,16.428846250688366
19.0,18.739442997262813
12.9,12.9559601424844
12.9,12.659403760568239
15.1,15.060390671074856
16.6,16.125307198090013
13.7,13.640425778698045
13.9,13.99865458088425
14.9,14.881485163292382
19.6,18.373363672613777
14.6,13.412507750244913
15.2,15.017983464906138
16.2,16.55195191988605
11.6,10.972118802310433
10.5,11.508731577487197
8.4,9.683825964399148
15.2,15.454650526779005
13.7,13.616959201259306
12.7,12.575056984642288
9.2,9.466417591931531
10.3,10.202422107777238
15.9,16.60895697886008
11.8,12.34423006058205
15.7,15.46478661565925
13.3,13.030522341257893
17.1,17.27607220711434
10.9,11.966531858668532
17.7,16.12943612422532
11.9,12.45978578843642
9.9,11.51726565574063
17.9,18.319756281824084
15.1,14.892889974860736
12.1,11.620790233369917
12.5,13.147383577545042
10.0,10.2655972330831
12.2,11.629412218846483
14.2,14.383382952655666
9.5,10.79150047065923
15.5,15.315557847963646
15.7,15.188415057491511
16.2,15.21133660900523
9.3,11.175049138662871
11.0,10.733970569888697
18.4,17.827550608402817
13.5,13.114462463858217
14.4,13.68606218541754
14.1,14.044116950848547
16.6,16.411431879467273
11.3,10.738522873667534
17.1,16.64262257007067
15.2,14.953937688980659
14.9,14.819462614919757
15.5,16.586105069582118
12.6,14.494204837372308
16.6,15.906705616303952
15.2,15.254151521563472
14.9,14.974568274592457
10.2,9.869189047079999
10.3,10.628786875342485
16.0,15.869552168762311
12.4,12.681947057368234
11.1,11.392568731098436
16.7,16.646194429893512
10.9,10.552581386757083
12.7,13.64788516520639
10.9,12.103986913196422
12.5,13.241559195972513
11.9,12.225409006001428
13.2,13.556111446923751
12.4,12.5305699215387
14.9,14.51569293452485
13.8,13.943843596167426
13.3,14.497551249864046
11.2,11.972745299281087
16.1,15.562963221454993
16.8,17.11085206840653
17.2,16.220417381089646
13.8,11.835639172408264
15.2,15.303853147521295
15.0,14.713237143911101
17.2,17.214370742905885
16.9,17.73990071546359
10.6,11.355360904475674
17.9,17.082766792853363
16.5,15.712910173955606
13.2,13.296793140660156
18.3,18.496010565781035
12.8,13.136551110335859
16.1,16.317600271024276
12.5,12.031438128979062
15.4,15.2672441466093
9.7,10.474250230006874
15.7,15.519266380375484
19.8,18.799171809536347
16.1,16.518862502187403
16.0,16.050748736444802
16.9,16.866531242761994
15.6,15.522655560343992
14.8,15.360542244505268
15.3,15.388596481570858
19.7,19.05608570628101
15.2,15.126460787898395
15.8,16.305426569248084
12.3,12.11882723600138
17.4,17.309615840233164
13.5,13.98537810187554
14.2,14.29502792954736
14.7,14.611029431805946
15.8,15.194248209449142
15.9,15.879347081834567
14.0,14.174025939515559
12.0,12.033818013384007
10.5,10.675296638451982
19.0,18.368135270880884
13.6,15.139015514483617
15.3,15.327706166459393
15.6,15.222225976118352
16.2,15.884821507530432
14.1,13.985234544761624
16.1,16.423014452586358
18.1,17.696180443716003
14.4,14.718183437624248
14.0,14.650462838666499
14.0,14.572418336101691
14.1,13.965870186977554
15.5,16.88738737316453
15.9,15.762253597498784
15.5,15.278037806565408
12.0,11.409039232472423
15.4,15.177868166150802
15.0,15.77094874875911
18.5,17.692350153629377
15.5,15.8445827003452
18.7,18.667292481986806
15.6,14.618711723745946
12.8,13.080178668464214
13.4,12.924636853451375
14.0,13.145379073102959
18.4,18.382685910532018
13.1,13.84334324602969
15.6,15.74854745270568
13.5,13.115332514458714
16.7,17.182247365824878
17.6,16.982317496527685
16.9,15.790583242487628
12.1,12.782687963306671
12.6,12.303445014695171
8.9,12.99350851931922
12.9,13.728545202233363
18.6,18.14353824101272
14.7,14.92102025503118
17.8,17.937831545306835
14.8,15.247147210058756
11.1,12.289307936152909
10.7,11.970778748538578
16.2,16.98212995575159
13.8,13.653266539273318
17.3,16.709593668114394
18.8,18.33894383988809
14.8,14.443998773029307
19.9,19.040379526442848
16.0,15.51243279397022
15.1,15.579685365024488
9.8,11.062237687123343
16.5,16.17975559772458
14.1,13.605904604923126
19.9,19.320081936602946
19.6,19.08496624440886
18.7,18.60582052400423
19.5,18.80877751891967
12.9,13.418693639832782
19.3,18.629230227612425
11.4,12.47086002654396
10.9,10.303099327720702
19.1,18.996595618780702
15.0,14.358905496090301
16.5,16.67678453731787
12.5,12.235952642775374
11.9,11.177327626477563
19.3,18.90546712712967
16.0,15.687411378370598
14.9,14.404409018117803
19.5,17.530161383678205
13.4,13.488697536522523
13.2,12.403237774924492
15.8,16.08580848883139
11.7,11.106256685743574
18.8,18.60277066382696
13.3,13.132688465819228
15.4,15.18234173435485
15.3,15.315101158746984
12.6,12.053051865426823
13.2,13.375194936670596
14.8,14.95830447442495
14.6,14.067853127839044
16.6,16.48098328022752
15.0,14.171799887728412
14.5,14.517167434794828
14.7,14.02366328064818
14.6,14.068589326459914
14.7,14.926813048718031
12.8,12.699507429613732
16.3,15.818926028674468
19.5,18.612295397208072
14.2,14.746029305828415
16.0,15.698548021260649
15.5,15.502141453813238
16.1,15.873001547995955
15.4,15.661359460529638
12.8,12.544983678264543
12.3,12.33681252389215
19.5,18.43300932282
19.6,19.102273584110662
15.0,14.965833917827695
15.4,15.126030119286952
15.9,16.00111963530071
14.0,14.459652217676194
11.7,13.177148538094116
15.1,15.135001060029026
16.7,16.600721646886086
14.8,14.866933642799268
13.9,13.35226946376497
16.7,17.311231861938722
12.3,12.090345792195876
15.2,15.206522121243324
15.1,15.212349946508766
14.5,14.554034593544202
17.8,17.191740320675308
13.7,12.940065964794485
9.4,10.11178150831256
18.9,18.153022526938003
18.4,17.94754668866517
15.2,14.827578643424204
15.8,16.063495850863546
14.6,14.880208425049204
15.3,15.094690509693464
15.7,15.650392940282472
13.2,13.533633042592555
13.7,14.318862212361637
12.4,12.62011871516006
16.9,16.27311943253153
13.5,13.129566726391204
12.8,12.36130330148444
17.9,17.500331413495587
14.6,14.038430236134445
14.8,15.21423172528739
16.0,15.950505510380026
12.8,13.498021001520101
13.8,13.773726480460027
17.3,15.072598995408043
11.6,12.311064756766427
15.5,15.574554956889187
12.6,13.469189819355961
13.8,13.935154089936987
18.3,17.04289593442809
13.0,13.164889334701002
15.6,15.562165495291993
14.1,14.320539995154832
15.1,14.744876426853807
13.5,13.480244739184855
14.0,14.244250082760118
19.3,18.939173268096056
12.5,13.603476894844789
12.7,13.237101002654526
13.3,13.598513299773913
9.8,9.784997595968889
12.4,13.420773965106491
11.8,11.628355571534485
15.8,15.631788643629989
15.6,15.682794411031864
14.7,14.730606318553328
14.5,14.202984165473026
15.6,14.19783738001206
14.1,13.199475554720266
13.4,13.56965902367665
13.0,12.462915192605578
13.1,13.138623126302264
9.9,8.89088945533149
13.9,13.203111923357937
13.6,14.353029934194637
18.4,17.067324140230994
12.4,13.207339363594656
14.3,14.570707608718294
15.8,15.869735394928284
17.6,16.620575643311895
19.6,17.035630411235616
15.5,15.532693140674382
14.4,14.714928211338702
18.4,18.06058439007029
15.4,13.616411782801151
14.3,14.572314137389185
18.8,19.114348576171324
16.7,17.34927679422617
15.3,15.108283228531945
15.4,14.96563918033462
13.7,12.61282873302116
11.2,11.750899666105397
14.1,14.197121067143598
14.5,14.340776802477194
12.9,12.740221077343449
15.7,15.230277866565302
12.6,13.073317076428793
14.3,14.822358530951533
13.6,13.99320026638452
15.6,16.555386198164342
12.7,12.354428682650905
16.1,15.490573350485647
9.8,10.891698951367289
15.9,14.931183765584137
12.0,12.299080808123108
16.0,15.938757442832866
15.3,14.893248283391586
14.3,14.824184973695083
14.8,14.58192070183577
14.5,14.408790676563513
9.7,10.17810461379122
12.9,11.887983244145289
15.7,15.059302197390934
15.5,14.963880069932202
15.1,15.49720175017137
15.1,15.213761302124112
15.1,15.436198550683912
12.7,13.495992870652117
12.7,12.332990541035542
12.7,13.021587346913293
14.5,14.437862595092156
14.8,14.699436478025746
12.5,12.004914551915135
14.5,14.417866057017818
16.9,16.579823766835034
11.2,10.99313966522459
13.2,14.605596950103063
19.2,19.11615133000305
13.8,13.462869174316438
13.3,13.595379325466638
10.7,11.599224999459693
14.8,14.816586743138032
12.1,12.069167629990261
13.9,13.513413445907645
17.0,16.88925459701568
13.5,14.446839955873656
11.9,12.082074909503717
18.0,18.30466261156107
15.1,14.139685102942167
15.8,16.273677716904785
13.3,14.003099175810348
13.9,13.372198403842049
14.1,14.402464118931675
15.4,15.435953653694014
12.4,12.53908264022175
13.7,13.066557304482558
10.2,10.580796229711268
14.0,14.337979217543761
12.8,13.223716831882484
10.5,10.501818553908379
11.0,11.181286788476427
14.7,14.634419944719411
11.8,11.911782284325454
14.2,13.958879631003583
13.9,14.104440713970689
15.4,15.52018142464658
14.7,13.332253000990022
10.6,11.097636343794875
13.8,13.662629657250363
14.0,13.670646292390302
12.0,12.846249476166122
15.9,15.143797661788994
12.4,13.06103616961991
12.8,13.537524251267314
13.0,13.444683472742327
16.9,16.566934854752617
14.2,15.415845194278518
15.1,14.583527534414316
10.2,11.707356310333125
16.6,16.12450235441611
16.2,16.128923482465325
15.6,15.507205074711237
14.4,14.261796666505688
14.7,14.83083363024707
13.9,14.161592565800674
14.7,14.66063047085845
14.8,14.472927825434454
15.3,15.08947470577914
14.0,13.746531686687376
14.2,14.638556301099015
16.5,13.992587673554226
15.0,14.627951834889245
16.0,15.975198337453548
9.0,9.618351715849712
14.5,12.28104539515698
17.1,16.827459471263865
14.0,13.489647225185763
14.0,15.658772909495383
15.2,12.97017702262383
18.0,17.84096301632235
16.8,16.31670942439814
12.6,13.39741719837184
12.5,13.336192301741903
16.3,16.330424894666066
15.9,14.368116563189687
17.4,17.677188809866493
11.4,10.774975880980492
14.3,14.202839497971581
10.3,11.267662026482867
13.2,12.763342773545446
12.3,11.90544873996987
15.4,15.454777781749726
9.6,9.2542468804495
16.7,16.85936820450297
14.9,14.374109477088496
12.1,12.45241142087616
13.3,12.967860941018444
15.1,14.849543333839392
15.5,14.743407513771672
15.1,15.085691181424409
13.3,13.685534343239851
13.7,13.928781409857038
15.5,15.315774784452515
14.5,14.672778558917344
14.7,14.77695264632348
15.5,15.065570553138969
16.2,16.58927790436428
13.8,14.47177735076366
18.0,17.444894116109936
16.0,15.533403463545255
10.5,10.720302032103064
15.9,14.999930470163235
17.2,17.774607674626168
13.9,14.401402136925753
15.7,17.28487601732195
12.6,13.532281791325659
14.6,14.720912218650483
13.8,13.744432188221253
13.9,13.795527583308285
14.8,14.958232170352858
14.7,14.707541303210746
15.6,15.378728803223567
13.8,13.843252402934013
14.3,14.014146481338685
14.8,14.32833601240418
14.5,14.27967955425811
15.5,15.176250600750791
13.8,13.92950854060473
14.6,14.765109690313693
14.3,14.07111374248052
16.7,15.768293045228347
15.9,15.645055532862898
14.8,14.936898972693598
13.8,13.982136808939686
14.7,14.73925760289967
18.6,18.46230348359677
15.7,15.111983028706163
14.9,14.551613540481412
13.3,13.662873290391872
12.9,12.752361269231187
11.9,12.104929894645466
15.3,14.533273471111897
13.1,13.028769427677616
15.7,15.390141123207286
14.8,14.56316859798244
16.0,15.718402231670552
12.2,12.523601181255799
15.4,14.94986902317396
13.5,13.111668961617397
13.8,14.335040664765984
10.0,9.776847910688957
12.0,11.812035424809437
14.5,14.500234323675613
14.7,15.083796288468875
16.4,16.4913561526555
14.3,13.875479133654153
14.3,14.004227035766235
11.7,12.392522919140902
12.2,11.966843858826905
14.2,14.358337717829272
11.8,11.502355740612984
10.8,11.673776623851154
17.2,16.871688780280238
14.0,13.852789796001161
16.5,16.415756036090897
15.3,15.034150912968471
18.8,17.35126434796257
15.3,15.360827132171835
12.4,12.411519292494631
13.9,14.026866816746406
15.6,15.487553602841217
11.8,12.010857801884413
15.3,15.320696697366657
14.7,14.341151448112214
11.2,12.147666926466627
16.3,16.69749797625991
13.7,13.605195231826656
15.0,15.093946159138795
18.9,18.8916235762008
16.1,15.989524027099833
10.5,10.728517360170372
14.6,13.391752304654801
9.3,9.77689145313343
15.9,16.221678769928985
12.2,13.692345648763876
14.6,14.829794842735282
15.4,15.501693597245321
14.5,15.64492084824451
15.4,15.363660146953407
19.1,17.824732205921464
14.6,14.445498842425877
13.8,13.535943151655374
15.5,15.778851761831902
14.8,13.872417294653133
14.7,14.64415948552778
13.5,13.15596042051402
13.0,13.084632066795166
16.7,16.62400956082638
14.5,15.484364423002262
18.7,17.921208885789383
12.4,12.784278747412827
14.3,14.612831574719166
16.8,16.870582317642402
14.8,13.657405605428721
16.0,15.990976450520975
15.3,15.158206609194167
18.0,16.278104778990382
15.3,14.230872736137826
11.8,12.173297076107701
15.6,15.203192326735007
13.3,13.698299676678289
15.3,13.334709487073269
8.6,10.049044547136873
16.4,15.702785399917047
19.5,19.275423834857065
15.2,15.484563256555703
19.6,18.645485964487307
15.4,15.285590950050391
15.2,16.95008281362243
8.0,9.445412442844827
19.3,19.2263063180435
13.9,13.468754010744306
14.7,14.95743682662578
17.6,17.53644221884315
15.8,16.060179339547176
18.0,16.624426341499202
14.4,14.492422733077547
15.6,16.007679467704293
14.9,15.573016394031583
13.7,13.916536284872564
14.9,14.37751229884816
15.6,15.343829701392679
19.1,17.905860021761328
12.5,11.843467828348366
14.3,14.322174758010078
16.2,16.674405681922508
10.3,10.025332344841445
13.1,13.470460802403977
19.2,17.99818826111732
12.5,11.895263583006454
16.1,15.49118444690248
18.4,18.32952845060936
17.6,17.83827264670981
15.1,14.405803050298346
13.6,13.445447197795147
13.4,13.843454273639509
13.6,14.461731479794253
15.3,15.447411796223605
17.9,17.956835171124112
15.1,15.201001809735317
14.0,13.59920300504018
16.8,17.320098938595038
15.1,14.450434006314026
14.9,15.026838656274776
16.0,15.782247452007141
15.3,14.835555628324073
18.4,17.999406813152746
14.9,15.856461688490526
16.3,16.103341888105206
13.4,13.256189377483679
16.0,16.53182509369799
13.9,13.451237793429755
12.4,11.429805518127978
15.1,14.789078405679902
15.1,14.942686016007428
16.0,15.665198959992267
19.9,18.84144754317822
17.5,17.812585075604147
15.6,16.068911934649805
16.5,16.5666803153581
14.8,15.049476323187264
18.7,18.54945618507918
16.4,15.859086397569627
14.7,14.747642908478156
15.7,15.829305119077617
11.9,12.677273294597398
15.3,15.190640662127407
15.0,14.850857903542419
15.9,16.083688256177993
15.9,15.896625035671605
16.3,15.977485270817851
18.8,17.770714016776765
16.0,15.451442009856692
13.1,11.945420584379463
13.3,13.258146796753863
8.8,10.183171117652819
13.4,13.767714768735459
14.4,14.88560580054218
14.5,13.800417855287378
14.1,13.874686386669055
13.4,13.53336270555701
14.0,13.977819267520317
17.8,17.496617992350366
16.4,17.008646802292787
16.1,15.418004812225263
16.8,16.309590100121568
12.2,12.656843343313085
15.4,15.324865477479761
15.0,16.65885114581397
9.0,10.346634879999328
16.8,17.570605558736133
14.8,14.684076234789245
11.5,12.93717079871567
15.7,16.16288113124756
14.7,14.638753050923697
6.9,7.453701372956857
15.6,15.351372464623637
14.9,15.234766122433939
14.7,15.4708242451361
13.5,13.804788528068457
14.9,13.318485886207782
14.0,13.453463239216944
17.5,16.924783967988333
16.6,16.3664556342992
12.8,12.650378739832377
14.2,13.929731682539568
14.9,14.987982953523897
9.2,11.939962740667397
12.6,12.612147403931885
15.0,16.549814004582004
18.8,19.150240487622796
12.5,12.969889712700024
12.5,11.715186994406395
16.2,15.72401883173734
16.3,15.903168526827358
14.5,14.260972773248795
13.5,12.215802890190389
15.0,12.957481013208962
13.7,13.709177741395251
11.0,11.839911650225986
17.6,16.586175702977926
16.8,16.661976478178985
14.7,15.310520219882164
16.7,16.23698231484741
17.0,17.59770152566489
16.5,16.56182210467523
15.4,15.62775111191877
15.5,15.334744894469623
15.5,15.290787285461192
14.6,14.547628407308366
15.1,14.560954515702178
15.4,16.239985371841613
16.3,16.171820574847516
12.1,11.644133595313178
16.2,15.604153379121271
16.4,15.883202757477193
19.7,19.100898359865823
13.3,13.571880219707964
13.1,12.959052012418397
16.9,16.4072501989358
13.4,12.905248042021412
13.7,13.912568008090602
14.9,15.440183721691938
17.1,16.42664382030489
15.7,16.294841185823316
14.8,14.890542337001534
15.2,15.187858933408279
16.3,16.687334617708984
15.2,15.595321599801537
19.1,19.027883120746992
11.1,11.09349451851449
13.3,13.676208131419116
15.4,14.997376330342377
18.5,18.13321290697786
14.9,14.896339489438105
15.0,14.465075151412748
15.8,15.164084186973923
14.4,14.675236181908986
12.0,12.708910078479676
14.5,14.305115633422247
14.7,14.944263775298168
15.8,15.816513475268948
13.8,14.194991017415305
13.9,13.634186303592287
14.8,15.151511905613006
15.7,15.786810337682255
17.2,16.240407872624928
15.4,15.29976511629502
13.7,12.719753201003186
16.5,16.763797285966575
14.9,15.024159412711015
15.2,15.315371267648516
14.8,14.94385189158129
18.8,17.74962400260847
14.0,14.813891157740727
14.7,14.964223818824394
15.1,14.97368067142088
13.3,13.48249814098017
15.1,15.344274323291756
18.5,15.227368210194982
16.7,17.2598782652276
12.5,12.791449000418652
14.8,14.448295633590533
16.5,15.747439152932202
16.4,16.380900984397158
13.8,14.568668620602693
14.7,14.311793136992492
18.7,15.7190802614532
11.0,11.809121569447598
14.7,14.090188613328792
19.2,17.86996652779635
16.1,15.599219013471156
16.0,15.48859925888246
18.0,15.85000529314857
17.6,18.24088936659973
14.8,15.029544933600846
14.7,15.254893401273875
18.0,18.478518476884346
19.8,17.70153430866776
18.6,18.433619893854484
11.2,12.47334235182825
16.3,15.129996984731406
14.7,15.025483256751613
12.9,12.881833006889792
18.5,17.96752727945568
14.6,13.843896964215674
14.8,14.904759475262836
12.5,12.826368103058485
16.0,15.046186469262466
13.2,13.593662750519798
15.9,16.794139947509393
15.5,14.704785249661654
12.3,12.380147282150574
14.9,15.068069606117206
18.4,17.835345936589874
14.0,14.250966295241597
15.0,14.728850261910338
10.1,10.728579715214437
15.0,15.105114386873538
13.2,13.356598371523432
12.8,12.668656531284796
14.4,14.499714073321229
12.6,13.441870680107968
13.3,15.106061429629335
16.7,16.02721998922061
8.1,8.832708827103488
15.5,15.164824312349083
13.5,14.013156082393834
19.0,18.677764148218557
15.0,15.1772615681748
17.1,15.64854536880739
15.0,15.394194723910914
15.8,15.424096733364422
13.7,13.74770234155585
14.8,14.799764847703045
19.7,19.25866491763736
15.0,14.613085021002917
10.5,11.474758681550156
19.8,19.271513117826544
14.4,14.683144667855231
11.5,12.337183550931513
14.3,14.98506803753844
19.9,18.265046211425215
16.7,16.625772132654674
18.2,17.361024001264013
15.3,15.220479541661916
13.6,14.507838569988962
16.0,15.50245022456511
12.7,13.332766020961571
13.4,13.944282015785575
16.4,16.17778309516143
10.4,11.313546362071065
16.9,16.248007949528983
14.4,13.972513057349715
18.6,17.899073920270894
14.5,14.568691902357386
12.3,12.817455054842867
11.9,11.814565703331027
13.3,14.252289283282153
15.4,15.400780118914554
14.4,14.336077438434586
15.1,15.023993755276024
15.1,15.12163607225375
15.9,16.1539066915866
15.6,16.620679281166304
14.5,14.374963540543831
15.4,15.560640497744316
15.4,15.938412687355594
15.0,15.336414433593745
19.1,18.628396689833608
15.0,14.724463502847357
18.0,18.45689012861112
15.4,15.377922176994616
15.0,15.215492655963317
12.2,12.21617160984897
15.4,15.530665963822685
15.0,15.216954212399287
14.4,14.211981773842126
15.3,14.829440138535574
18.5,18.21101631806232
14.1,14.05309821901028
11.5,10.730732114170678
18.1,18.047077400420676
12.5,12.789328877261141
14.3,14.242068755000219
13.5,13.242144005926093
12.8,12.695588216738543
11.0,12.35092995222658
15.6,15.90690219031967
16.3,16.05279624472314
19.3,18.785038729198277
14.2,13.894380701647606
14.7,14.947989864536794
14.6,13.799672571534757
18.3,17.562698750349227
10.6,11.710203870548867
13.8,13.897083185147494
18.1,17.289077279536286
15.7,15.841114154376555
14.5,14.84475093090441
17.9,17.724839803006034
15.6,15.041527789137035
12.7,15.132000124553088
15.2,15.276249841001118
10.9,11.300113476114348
15.3,15.511382752592908
15.8,15.330749411339639
7.9,10.010365524329245
19.7,18.99350228824187
15.0,15.129081819788553
13.7,13.467754883953603
12.8,15.136564207850824
15.4,15.443724602897419
12.0,13.455220387699228
14.9,14.258459689332085
13.7,13.654277124500368
16.5,16.09949586588482
18.9,18.192991404619534
15.6,16.14613931902568
15.6,15.266458298254292
12.4,12.40745339572095
14.6,13.47355322941803
13.2,12.765044731728267
15.6,15.740840846898209
16.1,15.978656205545121
15.0,14.17430792489904
12.6,12.341788136371179
13.6,12.666561520134564
18.1,17.844155487866374
16.0,15.466186012956314
19.7,19.455383356718812
16.6,14.000377815187676
13.3,12.907781260844786
17.3,17.8286379542551
15.8,15.037265629100148
18.7,17.194812534638913
13.1,12.789854965274571
14.4,13.78428772217012
14.1,15.018166158144595
15.0,14.218996448151302
17.0,16.898154401424108
15.0,14.609956386237172
18.4,17.909765079733916
16.5,16.845278671469714
11.2,11.508043362762692
15.0,15.224973803851753
18.0,19.04707642761059
16.2,15.49900532621541
11.4,12.73571072309278
14.8,15.159230645196658
15.5,15.226789697539061
16.0,16.27550997189246
10.8,10.45850854436867
9.8,10.776995513471775
12.4,12.652328776515787
19.0,17.603929403238
15.4,15.272407842450775
15.4,15.705426176064066
12.1,13.03901107609272
18.5,17.29762892591316
14.5,14.301554107223637
17.2,17.721585996820068
16.2,16.345514936365362
16.0,16.80721400832772
18.8,18.493093691387912
15.8,15.531885333766695
15.1,14.80006894559483
15.4,15.302417210066778
14.0,12.801522970432416
15.3,15.143829965760233
13.8,13.601358152169269
15.4,15.114992409326078
14.3,15.4733549770026
14.9,14.853750680485973
16.5,16.798115638288436
13.1,13.16158454408287
13.4,13.02596634379006
14.1,13.831815710442243
15.5,16.497347196243936
12.9,12.775687751331134
17.7,17.351246002013795
14.6,15.086758574165287
14.6,15.736834105206071
18.6,17.634748568525538
13.2,12.95475322578568
17.4,17.2759098156821
18.8,18.309134061288205
15.0,15.218703949358314
15.2,15.09426374384202
14.1,14.326009734626496
14.7,14.473310620189295
14.2,16.163217257228098
15.2,15.187837109835527
10.2,11.089063860708848
16.1,16.053460086921405
15.4,15.513429721526336
18.7,17.759468356967773
16.2,16.42642917111516
8.1,8.477050937130116
17.2,17.68122537448653
18.5,16.67079275225842
13.5,12.918757919105701
17.5,18.006699548859615
19.5,18.996522861445555
15.6,15.494293756055413
13.8,13.569492409360464
13.2,13.105174540547523
14.9,14.383254735148512
16.6,16.57009699329501
15.4,14.734892371285241
15.8,15.163566069495573
12.1,11.585669055290055
15.7,15.508965266024461
14.7,14.6395337884951
11.4,12.036485449061729
11.2,12.517841268796474
15.6,15.331776111288491
12.5,12.794592459336855
13.6,13.852496083884034
15.3,15.25784523456241
15.7,15.181725027883658
19.4,18.12128275862051
15.4,15.657228547730483
15.6,15.547749714547535
15.6,15.166017753304914
15.6,15.272210572176846
19.0,18.44100559159415
11.3,11.684096520824824
13.8,13.208911993016955
8.1,9.769252764002886
14.3,14.443187615310308
14.0,14.739985044294372
14.6,14.832756899069864
15.4,15.201802427938674
14.5,14.8333338185912
12.3,12.42679079712616
14.7,15.337693420418873
12.8,13.136759991466533
15.8,15.522765960915422
13.9,13.826553446531761
15.8,15.191739550995408
11.7,11.851922440138878
13.9,13.15103892388288
15.7,15.586244085803628
13.8,13.846441959751246
15.8,15.366975654736962
14.6,14.454637627597549
10.8,11.139294102729764
12.5,12.773970972324605
13.0,14.293896297895117
13.3,14.209061292145634
12.1,12.621964182762895
9.7,9.196469034766778
15.6,15.500297933103866
15.8,15.266024842276238
13.6,13.297403186708834
18.5,18.591255397419445
16.0,16.212362503520126
11.8,12.437907540239394
13.8,14.639245101488996
14.5,15.066724833221087
15.6,14.962422099173637
10.7,10.846562914550304
15.1,15.173285939716152
13.0,13.376279309595702
13.1,13.176153087842977
19.2,18.075234780670144
14.5,15.656390936113894
15.3,14.948407990559645
10.9,12.26447698508855
15.4,15.041016202510946
10.8,11.075325360347051
18.8,18.448422614688752
10.1,11.978084784117527
14.1,13.220407524924667
13.8,14.38897270252346
14.0,13.875263412774075
5.2,6.9827149491757154
14.8,15.073334095621249
14.7,14.938742816550075
14.3,13.554434797901195
16.2,16.21826902794419
15.0,15.141206433825573
16.1,15.512617976113688
13.4,13.370332270224026
15.8,14.789679653593339
14.5,13.795993422332685
16.3,16.423364885820774
18.5,18.34836545647704
14.1,14.980590624942124
14.6,15.048788764805067
13.8,14.144714609370567
12.5,13.320197480439674
13.7,13.770080092421267
12.6,12.209348462580238
15.0,14.836331210506614
13.2,13.209397208469454
16.5,16.062429112091195
11.8,11.689453509578016
18.6,18.534756986278808
5.9,7.6708190239733085
14.1,13.977659346812288
14.0,14.840762241801713
14.7,14.920763259375235
13.9,13.467123030073708
15.6,17.160007631609915
14.3,14.752185072400607
7.3,7.494276487966999
18.3,18.848575608164538
14.7,13.911547381627315
14.7,15.620303195919405
12.9,12.586081014946103
12.2,13.707679619576083
13.2,13.811906369641292
8.7,9.167138025048189
14.8,15.120743136974852
16.0,15.926664970756974
15.1,16.301149928058294
14.9,14.488173978808845
16.4,16.76413741122815
14.6,13.763710153032662
16.2,15.720456714076136
16.3,15.914998133404879
14.8,14.929123449139297
15.2,15.041756992723094
12.2,12.489205723035411
19.4,19.559789653256303
14.2,13.612316970513348
17.1,16.39567589800572
13.8,13.03628057235619
14.4,13.759626023142118
14.7,14.80077096883906
12.8,12.998030518792802
17.5,17.821854490779515
13.5,14.082073792265874
14.0,13.928232550504617
11.7,13.668300330376951
14.3,14.343495118291685
13.3,12.936752373876516
10.7,10.853531275846763
15.0,14.6572863367619
15.4,15.302897231929819
14.9,14.868197112751659
17.4,16.787860290718527
14.1,14.400430806013901
14.9,14.807078805057245
15.4,15.131198996448802
12.7,12.047692299820483
12.9,13.123771636426682
15.1,14.574808111679886
15.7,16.84118936023515
18.5,18.71787195900106
12.4,10.892205779673532
11.6,12.04863684209704
7.2,10.178645694628358
15.3,15.02126922935713
14.5,14.52720314238104
13.8,13.680545990297105
12.4,12.442154842894524
14.5,14.281024200870888
15.9,15.713204306845
14.6,15.147570849301701
16.2,16.286133782930847
19.0,17.27119941366618
9.7,9.732126151473494
15.5,15.213108061205276
14.7,14.786023663127708
15.0,16.0574763786899
14.5,14.071668587426757
12.5,13.526277201661287
14.3,14.109475394201581
14.5,14.588908423407702
16.7,16.377568225079813
15.9,16.18781831760134
15.3,15.110494807624491
12.5,12.51227061753707
17.3,16.95600506477058
14.8,15.019380825193366
15.1,15.810532431001775
16.4,16.678363210729003
14.8,14.568428915721597
18.4,18.833059888362186
15.6,15.881444433471188
12.4,12.162241276004352
15.6,15.243711575400084
14.1,13.922720973292599
15.0,14.280595643933339
19.8,19.20908523525577
15.7,14.983082236785776
18.1,18.195788910030387
15.7,14.958044787868857
16.4,16.4914711296733
13.1,13.147544071951415
12.4,12.246377327304799
14.4,13.811791236686986
19.7,17.32358205402852
15.6,15.419087905411288
15.0,15.148910387593787
15.2,15.059941156068817
12.0,11.188352805795148
17.5,17.343985290033743
17.5,18.663213899708353
12.9,13.434518997048144
14.3,14.307594553712988
15.1,14.631496217116364
11.5,10.712255750608165
12.5,12.6397544205538
15.8,15.929821997648105
14.9,14.860233503062773
15.9,15.156128767994232
17.4,17.63247902027797
17.0,17.354550696261867
16.8,16.348323628422804
18.5,18.68153014834388
11.9,11.580037310748594
11.9,11.74338619329501
12.0,13.287848078412935
14.7,14.662067215424031
14.2,14.307172948727384
13.6,12.775035533151822
16.5,16.403538428246975
15.9,15.358262367552015
15.2,15.285045720243943
15.6,15.541990956000518
8.9,9.464902300445829
14.5,14.74744471662234
16.3,16.43396387026951
14.1,13.939633833870175
16.9,17.02899623234407
12.7,11.633158788579749
15.8,15.362956809869502
12.5,12.562463603448123
11.9,11.638220675929915
15.3,15.083640886470675
12.3,11.601529193547321
6.5,12.173165050509851
16.9,17.49330430617556
12.0,11.803076397387485
14.7,14.486140777909895
17.0,17.397039485796995
14.4,14.172432003513677
5.6,7.756511905870866
12.8,12.669646308582742
15.6,15.883652460353915
14.3,14.517583038541488
15.6,15.36433027057501
15.1,15.109843372007163
13.3,12.758850846556015
17.2,17.89885249512008
17.9,17.86832512903493
8.4,9.492268496838733
11.9,12.207916562852915
12.9,13.69376657588873
14.3,14.720175027607183
14.1,14.901614315938787
17.2,17.46163120510755
15.1,15.235624935947271
15.7,15.482244708808139
15.5,16.444695030837465
6.1,8.460303385276347
13.2,13.628805947242654
14.2,13.43049493682338
14.6,14.672667745602666
14.7,14.379022567416541
15.3,15.321562823348359
15.9,15.53913687664317
15.7,15.993711549905129
6.5,8.69155868072994
15.9,16.001048905949574
14.8,15.77832169571775
14.4,15.093644058642894
14.1,14.223756120627513
10.4,12.995179507972352
13.8,13.186796404217603
13.5,14.90012138082966
14.7,14.684639548067935
11.4,11.64914491615491
13.5,14.236252641600004
15.4,15.640532758814516
14.4,15.344197105536296
15.5,15.757747040304821
14.9,15.155493626811221
15.3,15.124910957063548
14.8,14.572544479800854
16.1,16.391748767986428
15.9,16.194568861537846
15.6,15.868919814434776
11.1,11.258759389049374
14.2,13.918751570919994
16.0,15.673448892426677
10.2,10.795182924484834
14.0,13.752576951726951
14.3,14.593496962337667
13.2,13.848917110211914
14.2,14.315600509555225
15.2,14.947074678668287
14.0,14.542854745173827
12.7,13.404899811721407
13.5,13.732299318071455
12.4,12.685940614028368
15.2,15.270991235709516
15.3,15.670137484543375
12.4,12.587423865392338
11.1,12.072718914310826
13.9,14.474906856576126
15.1,14.949555268336553
14.1,13.360487801779527
14.4,13.765474154808544
15.7,15.618660897045629
14.2,14.03481968556298
12.3,13.060910290652828
15.4,14.586535213096795
16.0,17.251920281447383
12.1,11.654121607585694
15.0,14.783562933851499
15.1,15.137743284518365
17.3,17.759000138976262
13.4,14.175435217071936
13.1,12.957433606527047
12.3,12.448373378050746
15.8,16.20635287798359
11.3,11.157243414898403
15.5,16.36197415769857
14.7,15.398098464967916
15.0,14.384560877020704
14.4,14.398932155167131
10.0,10.119540389685426
15.4,15.033682854851577
12.8,13.135964983666781
12.5,12.147496358360513
15.9,15.82820674755203
13.1,12.886992142070085
16.9,16.885668366681784
15.6,16.43130167669733
13.8,14.23477503376489
13.7,14.755459124047775
11.3,11.776846527503949
15.2,14.821388953918358
15.3,17.055942581937416
9.6,10.608363752136938
14.6,14.823969084682176
16.4,16.251320358685916
15.6,16.04687437735265
18.3,17.467241667012786
13.5,13.844226427550893
15.7,15.973837736120913
15.3,15.390614567062585
14.9,15.584313717641635
15.7,16.588188047753647
13.3,13.662753102287752
13.3,12.866336096194573
14.9,15.502439464617055
18.1,17.655340550474648
18.0,17.617474702128675
16.6,16.909667752304813
12.9,11.754247166740242
17.7,18.681714984682912
15.6,15.232310676772613
14.7,14.740558536221215
8.9,8.584007460391149
16.9,16.508978021505754
11.0,12.175616557884496
19.2,18.809238117368295
14.4,14.176885120279621
16.8,17.353728541758755
14.9,15.877798458477628
14.8,13.927743210311746
13.6,14.461111343451194
15.5,15.184661836945452
14.0,14.26576603169633
12.8,13.855011749139521
15.6,15.741745203406026
11.2,11.869217381230555
12.9,13.10211988510855
16.1,15.912737234553788
15.7,15.661225913499948
12.7,12.807119224249618
15.8,16.033206932101166
11.8,13.785958023392595
18.0,18.573938702757005
15.5,14.11882689106642
19.3,18.824513633473543
18.4,17.40838669030927
7.5,8.820382431033067
17.6,17.6294281645678
11.1,11.681228065383038
15.3,15.628365569777088
16.2,15.810133645543829
12.0,12.800368212803733
13.4,14.026481501816306
13.6,14.587788000979344
12.2,12.144252823083661
14.4,15.1508410222159
18.7,18.876638146699406
14.4,14.132491607262637
16.2,16.228467008753796
14.2,14.02426091765301
16.8,16.728339635912562
12.9,12.846082170202862
17.3,17.27079722948838
12.4,12.565261459036265
12.3,12.281806479910301
15.7,15.154543270789873
16.1,16.28802426189941
12.9,13.26308933206019
16.0,15.180898632039316
14.6,14.681071156292091
14.0,13.778908451626194
17.1,17.384131193328358
14.0,14.512783009005943
14.0,15.262743331133606
13.9,13.77423015342174
19.6,19.238120169437025
17.3,17.14265276349397
12.3,12.630776820529718
15.3,15.124015202454757
15.4,15.862286049819886
15.5,15.25910845873841
14.7,14.180109042616095
6.7,9.79461477048244
12.4,12.436487889557611
6.5,8.060948879516218
12.3,12.636226281523705
19.2,17.968544973467942
12.8,12.352774053812027
13.5,13.422426897101104
13.9,13.586545622849371
15.4,15.77795445281663
11.4,10.505458143365104
15.1,13.938011923635713
16.9,14.320651831221767
14.1,15.065972905900708
15.5,15.384008970984723
13.6,13.262067102856236
12.8,13.23072667082306
13.0,12.772541976475623
14.5,15.39501677844055
13.7,13.673941300716251
17.8,18.364454968017526
13.0,13.41446688468568
10.9,11.018355944019277
15.4,15.612145377381239
19.2,18.35181927648955
16.7,16.184858052438358
13.9,13.441032596780133
11.1,11.015816826373339
14.7,14.568799217586275
8.7,10.186962570005562
15.9,16.16686892134021
14.5,14.4145597658935
15.5,14.756142352402094
17.0,17.718933759257197
15.4,14.92709344040486
12.0,11.963488392098952
19.9,17.465658763423562
14.9,15.312380583112827
15.9,15.317667593597434
16.1,15.450087198030815
13.8,13.478681443812093
14.1,13.780847953054035
14.6,14.37469978539957
17.3,18.106850026961183
16.1,15.912106281874003
17.8,18.461258680650644
12.0,9.896198993490543
15.7,15.302883071672113
16.9,15.380982870166918
15.5,15.41798512407695
17.6,16.18519327789545
15.1,14.80170913899201
14.3,13.909867347654654
14.9,14.86422334969393
12.5,12.426177272252971
12.9,12.508078949293122
14.3,13.987871732882923
14.8,14.869979719311232
14.9,14.712800482200691
13.5,13.434448605054058
12.9,12.725023711449467
13.1,12.982468063302804
12.7,12.945631060836604
15.6,15.333382955266643
16.2,15.923106734495377
18.4,17.27504352764663
13.7,13.899286989442771
14.4,14.578248271169286
15.3,15.375413599191234
18.3,19.127668308792636
13.8,15.383394437201787
19.7,19.640435148758115
10.7,11.338422678498318
13.3,13.117524243018124
17.3,17.371627142711077
12.6,12.64134938956704
14.6,14.454791562980972
16.7,16.903226791029738
15.2,15.28785634806627
11.5,12.815929674281506
17.2,17.325111835845746
16.2,16.287284153488145
12.3,12.726162526349071
15.0,14.783501609665109
13.8,13.055374727908202
14.8,15.44286668548375
10.3,10.686856830667239
16.3,16.104896483017
13.1,13.490287112159422
11.1,13.575538726378
14.0,14.042316859122366
15.7,15.394170342831785
14.7,14.105014584347373
15.1,14.817180245387135
15.6,16.653464186005294
9.5,9.462367531785276
13.0,12.845006977178855
16.7,16.33194930135869
18.9,18.180109857814386
15.0,15.230409394018352
12.5,12.759203189460095
6.6,7.238670295337215
14.5,14.340530982910423
16.5,16.38237198232673
11.9,11.975457947002724
9.9,10.541623633471318
15.2,15.2037527791108
15.5,15.379528684250545
8.4,8.667572990409099
12.4,13.34418954357352
12.4,12.290462186792865
14.3,13.871231657441967
17.5,15.827712407277431
15.9,16.019765580131207
16.5,15.212396507406083
13.8,13.209365181566682
11.7,13.095770365500357
15.2,14.933441014349228
6.9,10.342357823072234
14.6,14.686546640796223
16.7,15.21572194737928
18.9,17.949323523935163
13.0,12.658787747612223
15.8,14.997990795818623
16.5,15.902529395418242
17.3,16.97650003567105
18.3,18.451064371562097
13.7,14.353297872963594
15.1,15.127217354285676
14.9,14.0365181552188
17.9,17.29509230091935
15.7,15.294826435652794
11.6,11.557206970348489
16.2,16.118526475387625
15.2,16.084065272007138
16.1,15.797268769645598
14.8,15.038936103024753
11.7,11.683443615271244
14.5,13.659198969049612
14.0,14.252912949974416
14.5,14.616914854565039
12.9,13.350662821525475
12.4,12.557456920249024
17.4,16.596579277338606
14.8,14.36060133189676
19.9,19.6358852503472
13.6,13.739797172136605
11.5,11.700454987905687
16.6,14.742112962761894
14.5,14.035894873959478
10.6,11.271382862911196
18.2,17.33447905437788
14.4,14.608742575030192
15.9,16.2306751660999
12.0,12.302738016329386
15.5,15.431365346332313
15.4,15.442352895552176
13.2,13.573677992331795
15.2,15.55674182481016
12.1,13.476486428528005
11.8,12.738579299504636
12.3,13.995365719601978
14.9,14.49207978254708
12.9,12.791676712135086
19.0,17.680820316891186
15.7,15.512245737059857
16.0,15.775481263342954
13.0,13.889459103205809
19.0,17.667178950214293
13.2,12.773225218814332
10.2,9.911031335490406
14.2,14.83127121362486
13.3,12.817910108686192
15.8,15.567774464281683
18.8,18.81233452176093
15.6,15.134346023667604
16.3,16.380209705908783
15.9,15.33189470040088
13.2,13.065337392908987
13.2,12.275433009432163
18.4,16.22579378611408
14.6,14.418224956767517
19.6,19.522846021747682
8.8,8.34769818233326
16.7,17.03485315537546
4.6,7.053262074536178
15.7,15.146620094659738
14.0,14.210101825568927
10.6,9.997970773547422
14.2,13.839487625260517
12.3,13.019582805023674
13.7,15.291513573843986
11.6,11.901700079994043
16.1,17.246649906475795
15.8,15.520471312163863
14.4,15.42543381289579
13.1,13.521143660982489
10.5,11.205708367808256
19.6,18.966408888227306
13.6,13.591635034274077
15.3,14.755253414015897
14.0,14.0643674658495
16.8,16.746061307047057
16.1,15.444013235501188
13.6,13.7543091176085
15.2,14.986585844369984
19.4,18.399115385196637
12.8,13.180550546268933
15.7,15.911310496507213
18.8,17.804166696732864
11.8,12.109723729685356
11.5,11.001685899027507
17.2,17.014462857099716
13.4,13.42010605847463
15.8,15.327999094006373
12.4,12.81563591925078
14.7,14.723092681597336
14.5,14.372426021407591
11.5,11.61771202654927
14.7,14.518262889017933
14.8,14.780981876072474
15.5,14.86821781337494
14.8,15.445481699065567
14.5,13.335497201944236
13.0,13.109743018831068
5.3,7.032789749384392
11.0,10.457896696549142
19.2,19.092979942681268
15.8,15.479339348414214
17.0,17.805409294145647
13.2,12.91039961745264
8.3,8.551656361290952
17.4,17.697708204912487
11.9,11.461642145557562
14.3,14.044736299896613
15.8,15.245303506948403
17.1,15.688975762284826
13.2,13.841446363629075
13.9,14.366529370628996
13.8,14.465435484837144
15.8,15.637565592041938
10.2,10.77794914972037
13.1,12.664407484815456
18.3,19.122294219851028
17.3,17.22476863017073
17.1,17.31649001777987
14.5,14.539227134955581
14.7,15.271041359868832
13.5,12.780249075665779
18.6,18.496804789931048
16.0,15.52997452042473
16.3,17.158026024524588
16.3,15.48192749818918
11.3,10.451767021368141
19.8,19.313810811087023
10.9,10.936372408468742
11.4,11.918982413917547
18.8,17.88613814517157
13.8,13.510920122935204
12.7,12.835175509302644
14.8,14.859979358085184
15.0,14.687103217587719
13.8,14.657010960858315
14.1,13.759105032535444
19.1,18.58964188833488
14.1,14.27288888610201
10.5,10.786263640566176
14.8,15.091893800898106
19.2,18.651355040085036
19.4,16.702314342663158
13.9,14.305574382538907
10.9,11.006586617440917
11.9,12.763873767456971
17.4,15.616052084020339
16.3,16.326324694935465
14.5,14.578145782928914
15.1,15.021100336853124
8.0,7.974692854098976
16.7,16.771296005055774
14.0,13.69444299917086
17.9,18.760439985606354
7.7,10.294477556657512
15.2,14.40899894060567
15.1,14.615714611456497
10.5,10.893495735421311
11.3,11.633691935858224
11.6,10.622287934762426
12.9,12.486412942555035
13.6,13.715548719919752
15.3,15.662461755855475
14.5,14.363634579640348
12.9,12.716521689901128
13.3,14.790286720590302
14.7,14.372190946043702
12.2,12.136670198655338
13.6,13.524325050460902
14.5,14.499954923754558
18.1,17.369397365138866
10.5,11.005041023454396
13.9,13.195482306786289
18.2,17.537798177538207
18.5,16.850093548797304
17.2,17.4975547202921
17.8,17.80070302936656
16.6,16.4621037877223
14.8,14.92722828272963
12.1,12.575755571917398
18.4,16.69894416121315
18.3,17.605037654779153
12.1,11.439255115110427
11.5,12.135536645131651
12.7,12.051006126741413
15.1,14.576556541316677
14.7,14.606328336172737
17.4,17.644389339722693
16.9,16.947279841231648
13.4,12.564771127828863
14.3,14.140967528630426
13.0,12.323397806383582
16.7,16.73084733749056
14.6,13.56103990279371
13.1,12.958074018039042
15.0,14.336868702148422
13.8,13.670371088872344
12.8,12.773570433229906
12.9,12.503652585233795
11.1,11.612289436307037
13.5,12.658999036371824
15.1,14.22927031153813
14.0,13.493266194855096
13.8,14.610173318884335
13.0,12.751623972377274
10.1,12.345566748437705
15.3,15.664825731568271
15.8,15.830663718195865
12.7,13.732923500298057
12.6,12.705790514533874
18.7,18.115779864339856
14.9,14.749201798380454
14.1,13.907359105345677
12.4,12.862255514774006
14.3,14.396725904400228
12.7,12.65854095373652
12.5,13.415031251297478
11.8,11.626704038062599
6.7,9.104606048786081
12.7,12.58416321981349
17.3,16.531272960826755
12.9,11.554306301521137
9.0,9.393031919316854
16.6,16.933053642016603
9.5,11.235796871595085
13.4,14.006937801988897
13.1,13.404135632945327
13.9,14.014778166078031
14.0,13.660884687589714
10.7,11.000251446768743
9.3,10.278992966894293
11.1,11.628318658273201
8.7,9.271209664992057
7.5,11.041288764390629
18.0,17.383988580520963
15.4,14.896214115698967
12.2,11.606317930738442
14.9,13.992508786177495
14.6,13.811393484007567
18.8,17.224925590577186
14.1,15.071441600390244
14.7,14.33503910401123
15.4,15.16720322196852
13.4,13.899466582777677
13.8,14.358778998430353
18.3,16.76457221707642
15.0,14.410317353380378
14.7,14.237073121446883
14.8,14.430008322338836
14.6,14.751972648693481
14.6,14.834282391006127
13.7,13.463795932131688
14.0,13.311376439029118
15.2,14.418588493193965
15.0,14.35618726076791
15.5,15.069422445842065
15.2,14.722841094124306
14.9,14.131832581071649
14.0,13.605638256820384
14.0,13.17944631743012
12.4,13.166106828895863
12.9,12.936678625148488
12.7,12.984172230266267
15.6,15.420645377180335
14.6,14.54473374884401
12.4,12.139536124130245
12.0,12.250069833535235
11.5,12.363232783856802
13.3,13.325476151574549
6.9,7.8208822859451175
14.9,14.895857904397417
17.0,16.816369571577525
12.8,11.99651193767204
16.1,16.414631828432903
16.0,15.181895702553447
16.1,16.524124598130584
15.4,14.946563731500646
8.7,12.789481642830651
12.8,13.192402810731437
14.9,15.111210852162912
11.1,11.79155625301064
13.7,11.934919019171502
13.6,13.138134259002982
11.1,10.777208043669816
10.6,11.096376254106872
14.2,13.528494304497144
11.9,12.124429316467285
15.6,16.091566307877656
13.4,13.414124235016061
16.2,13.83870181167731
12.2,11.938335428072605
14.9,15.053675430099247
15.1,15.406834845802223
14.6,13.742479564331006
14.9,14.618316582287662
14.2,13.92712035999648
14.1,14.350206802599132
13.8,13.783925040159374
16.2,16.450076478271512
15.6,14.108644137133524
15.0,14.5833298780708
13.4,13.73878458220861
16.5,17.80055082112085
19.6,18.5105167151778
14.2,13.456633685709676
14.7,14.484459409140982
19.3,19.255745746195316
15.2,14.952602507197298
16.1,16.171094212681055
13.9,13.974817960115615
13.4,12.70324928170885
15.4,15.694104700329262
16.6,16.558424621383892
15.8,15.645218468058374
8.1,8.378485431636364
15.5,14.876096817755752
15.4,15.23458984712488
18.7,18.959212331916206
16.3,16.251241294812644
17.1,17.90570812500664
13.0,13.217508217843715
9.2,9.962154020322487
16.5,15.312143238377757
19.3,18.573157623934094
16.2,16.508272752689663
11.5,12.0437520165342
7.1,7.418058348761406
17.9,18.04276238998864
17.3,16.63229192669678
12.2,12.55827959094313
19.1,18.672573881980497
15.8,15.380706023803214
14.7,14.516955770412096
12.0,12.658828155137599
17.9,16.06866869473015
16.8,16.898352277426966
11.7,10.965424474066822
13.2,14.079056075133849
12.2,11.898532852937933
18.1,17.4974363879046
10.0,9.667125965705054
19.4,18.972351339267334
13.4,13.848366995429387
17.5,17.552025773649802
14.6,14.67399326513987
16.1,15.755636553836666
13.1,13.128400846850127
11.5,11.746201233152533
18.0,17.40200852637645
17.9,18.41617620922625
12.9,13.171883516712114
16.0,15.563419298443478
14.1,15.029451786132995
15.6,16.15403258544393
12.8,12.298137304314878
19.6,19.2962766882265
14.0,14.125104869599454
7.6,9.20853300037561
14.2,14.472757753625046
13.9,16.634502661938313
12.9,12.366461434896337
15.0,14.531691011303337
12.1,12.429896003042813
17.8,18.358830726443557
15.9,15.894648856570711
14.1,14.059641871979693
15.1,14.397365223790985
13.4,12.466726192855276
14.9,14.209884584479369
9.1,9.666306811675895
17.7,17.0846187165007
10.6,12.423827561433427
8.5,11.97063416999299
11.1,11.263999415677972
13.3,13.136713855434209
18.4,18.12978919618763
17.4,16.656322109571192
15.2,15.778992255640333
18.8,18.21230221024598
13.8,13.51328838835434
16.9,15.90546483558137
16.0,17.28817570678075
13.1,13.105757313518552
11.5,13.918998659966746
19.3,17.919659337523626
9.9,10.765459280839423
15.1,14.932242452923674
13.7,12.699377120174177
11.6,12.270434168429347
11.2,11.609893494372955
13.9,13.710720428905915
13.5,13.617899368779035
13.8,13.42602767324206
10.3,10.407589079171885
10.0,12.035395063314354
13.1,13.159672126901569
11.8,12.098259327409323
15.2,18.425745807762723
14.7,14.738842579448828
16.0,16.187070013522316
13.5,14.368529447165201
14.8,14.628652329818578
17.3,17.28428364958927
13.3,12.364930132163863
15.2,15.1792816461857
19.5,19.192725488508586
16.8,16.883627016912214
14.8,14.538676477899571
11.8,11.867624547190644
12.4,11.890084692800883
14.5,13.576976150507107
13.1,13.151300976638595
14.7,15.321414225056287
15.0,14.931583547833725
12.4,12.861579051794251
12.9,13.492356946269865
12.9,13.149904395046178
12.3,12.425281809293665
14.7,15.905508801402902
19.0,17.764026462100446
18.7,18.597298996875907
12.6,12.482679954177001
16.2,16.168292649579598
13.0,12.909963641955983
12.3,12.227778009917529
11.9,13.198207910672863
14.4,14.308394851370394
11.6,11.534289519186132
14.3,14.689676241978304
13.5,13.785782477614703
13.3,13.978759235236794
18.5,17.501086720469175
13.0,13.289643771422561
11.4,11.670701024995651
15.1,14.92978946524454
12.8,12.42274201379405
11.5,11.926243256806629
13.6,13.757798593047482
15.2,15.027951805532211
8.9,10.751760404295055
16.8,16.921624292357592
14.8,14.417027139017591
14.0,12.97086694164318
19.8,19.329199838655768
11.9,12.872292078624014
11.8,12.041439108958002
14.7,15.461420620646095
12.2,12.189965998884873
17.2,17.733555075130425
10.7,11.66034687589854
14.2,13.277227756101638
16.7,16.979842136759544
11.3,11.38032556354301
9.5,11.156491932692006
13.6,13.77728312363979
13.1,13.009758279164089
16.5,14.671374385245144
11.2,11.686018475913443
17.5,17.62237718247343
16.6,15.58572496578563
17.8,17.93764526492305
19.2,18.64670479646884
12.5,12.815178193966858
12.3,11.845257775948994
19.6,18.492679173941724
13.6,13.643479957099771
11.4,11.803614215401467
12.6,11.755204227258218
13.9,13.441880283557111
12.0,11.709341631794814
17.4,16.58882830110815
18.5,18.408099955879152
10.8,11.314320606936235
10.1,10.819912438237225
14.7,13.775148238171823
17.9,16.633209101248212
12.4,12.447390741552226
17.2,16.851112938602455
11.7,12.112535938300425
11.3,12.524202098695241
14.1,13.04173899826128
14.5,14.219610971049406
12.8,12.00426018476719
12.3,12.626604097313248
6.0,12.558298546937294
14.0,13.236533171846531
12.2,12.778057332208846
18.6,18.1737300907007
13.4,13.398932200612762
13.1,12.264869552047458
15.5,15.75518484391796
15.2,14.541877292649588
15.0,15.012530267151305
14.7,14.982252033572877
10.3,11.297665669902926
14.0,15.094375247430435
14.1,14.046987285400974
11.7,12.208650825996301
14.5,14.32323036433445
10.1,13.484207054314538
13.8,14.253768606728045
12.9,12.945190067985095
13.5,13.319393371173646
13.1,13.162359234935138
14.0,14.187494379177224
15.4,15.269728592818865
15.1,14.739679577440256
15.1,15.307582722787629
16.8,15.29351035982836
13.3,13.257182094472228
12.1,10.47241960739484
10.8,11.442506669147406
15.7,16.220571529342124
13.6,14.663997942643618
14.2,14.29573577258816
8.6,9.043015667179134
13.1,12.806815707910573
13.7,13.979532834637212
14.5,13.460885243088342
14.7,13.950795063923579
15.9,15.36305308365263
14.6,14.583867107610786
14.4,14.34955752172391
14.6,15.272078284095187
14.5,15.013527178734876
15.0,14.26378075937646
14.6,14.983434549989397
11.0,11.619897925527766
17.8,17.365481203072704
14.2,14.680424149584724
13.3,12.403405274555553
13.8,13.8275241611409
16.2,15.965895065681252
15.5,15.74392854134021
16.3,16.273642240998015
12.9,13.29480424884241
15.5,14.624148877162952
12.3,13.143220430647489
19.1,17.877169542305637
13.2,14.28920884899344
14.2,14.138774208084214
12.2,12.12889030057704
14.1,14.448200698292567
15.0,14.878114507801001
15.9,15.693909232039005
15.0,14.619677347247489
12.5,11.819295597000746
15.5,15.546260196191724
14.9,14.521793700905619
15.7,16.48337371420348
16.7,16.676313479649252
16.4,16.48662092698214
14.4,14.350823632907122
13.3,13.215084989817115
13.7,14.188311739015262
15.2,15.04395160562126
17.6,16.422242950618966
13.9,12.589699524774915
17.1,16.176446717090585
18.3,18.11064359237207
16.0,15.564321025944082
18.2,18.78241260838695
14.3,13.612740204349393
11.5,11.703767207509372
13.8,13.489777284557931
14.5,13.457252303312998
15.9,15.915989744942635
17.5,16.761328657419654
18.2,18.493163065519184
16.5,16.09740547524416
13.9,13.252100444253301
14.5,14.367881149577443
13.8,14.198176805395633
14.6,14.864160451572388
13.4,12.858017938182456
18.3,18.36339267308358
15.1,15.017683125683106
12.2,11.805242164118681
18.7,18.345729121152544
12.6,12.489721909951186
15.5,15.297251700894776
12.8,10.77482937159948
12.9,12.823980623215903
16.0,15.614310676290188
14.2,14.073407651812886
13.9,13.650782303477172
15.4,15.366343540075832
8.7,8.611626405181596
17.8,18.63486941694282
19.0,16.605098963249475
13.8,14.185559915320482
17.9,17.630561664700508
15.7,14.12471562112296
15.5,15.906124265595281
15.7,15.363262417178703
14.1,14.016139248938998
15.4,13.922738733181177
18.7,18.191294222924626
13.8,13.670827144320356
16.4,14.178321283659898
14.7,14.247492533057084
13.3,13.282344230421586
14.6,14.007320778420763
13.9,13.721806057001231
18.0,18.062019240285736
14.2,14.111036813443206
17.4,17.430330154689727
11.2,11.045893578149844
14.5,14.446763284417102
14.1,14.166558548080502
14.4,14.42482451206888
17.1,17.557942576648202
14.9,14.463499454581324
11.7,13.42552772160343
19.5,18.00511518482199
19.8,19.21526510681724
15.7,15.224601896275999
14.7,14.26694124378264
15.5,15.548349616907217
15.1,15.349312757723965
14.9,15.506073523996747
16.8,15.640819271560758
11.2,13.232165343739325
15.7,15.36638923099963
12.1,11.892821496003307
17.2,16.55940390957403
16.5,17.962204751358513
14.5,14.425649605051149
13.8,13.928782601986313
19.7,19.080204781028442
14.7,14.647006144747138
15.0,15.042223803646266
14.1,14.39113691959028
17.6,16.236513796116924
15.7,14.848695284788846
16.0,16.032739501497417
13.4,12.997037301276578
14.4,14.926869935621653
14.7,14.041137401192827
18.0,18.042618253562978
19.4,18.77614532969892
17.4,18.256233913765755
15.1,16.108338154503144
16.6,15.999665043695131
14.8,13.681477371428628
15.4,15.548798899540998
15.7,14.708655725698918
17.9,17.93828880478395
15.1,14.869959172152448
18.1,17.995075424056267
18.0,17.774550389964134
13.5,13.402073151664808
14.1,12.84133100049803
15.1,15.015768350014696
13.6,13.319298649847042
11.0,12.621341526571996
19.3,18.47245181191829
13.9,14.321148202321638
17.7,17.536744776505657
13.2,12.776704205432907
17.4,16.91391203817693
15.2,13.778736490354277
17.5,17.870658879899565
12.8,13.352606880071107
12.7,11.969679870962864
14.1,13.83904204389546
9.2,10.434932127944194
13.0,14.054614858125206
14.4,14.745316694568828
11.0,11.565375189069528
15.2,15.027859519095728
14.2,14.449363074461871
13.6,13.324365211592522
18.0,15.20367132753563
17.3,16.68050639447756
14.0,14.15950909426283
11.3,12.066077312629204
15.7,15.203300271736225
14.8,14.602508182288148
15.6,15.460057459888048
14.8,14.93992971906846
14.8,14.901541089237071
15.1,14.639793003418163
9.5,12.951549087913008
14.1,13.240536560420878
16.8,17.413262634217972
17.5,17.86743151094379
14.6,15.088644549459787
11.6,11.995735182692442
16.8,17.768668269913178
15.3,14.967272284062346
15.5,15.325269203458447
15.2,15.421640615561046
18.4,18.444677061692346
13.0,13.469701651483774
15.1,15.37450057015485
16.1,17.26698205503635
14.8,15.024947302448709
12.9,13.05558955504057
15.7,15.678777763405378
14.2,13.938765572034754
10.5,10.32083774136845
13.8,12.943635447940324
14.9,14.160012092848774
18.9,18.414764713088516
14.6,14.663982283556834
17.2,16.845227356756368
14.1,13.402541855728487
14.7,14.012668766343268
16.1,15.804940600413829
11.3,11.750443844561232
12.6,13.478456580807688
15.4,14.987270585581427
14.3,13.856318954727612
10.7,11.03396608530602
17.1,17.084484345454257
17.2,18.0800081944908
13.1,13.093141708814073
16.2,15.793404806216131
15.5,14.856075468793279
18.9,18.05907864718756
13.8,14.551028567953836
18.4,18.432221206559916
11.4,11.586252849083394
11.2,11.750855345919263
18.4,18.81126224421314
17.0,16.89999521127902
10.1,10.742144644958898
10.8,10.531534946407191
19.8,19.404284412041306
14.4,14.886154619773151
13.3,13.858932395960437
17.1,17.77954933574074
19.6,19.216427909297636
18.8,15.756186888704178
11.5,12.393509651883505
14.8,14.934993729624694
15.4,15.400752482702956
18.9,16.227397412760183
14.0,16.458246859081555
17.9,16.19131404662039
14.1,13.909096842955478
13.7,13.64946889600833
16.3,16.031246614205884
11.1,10.440192498095712
15.2,14.678872594929999
14.4,15.105501978105167
15.5,15.83141048235666
14.1,14.34746546819224
14.7,14.347233082258754
19.0,18.644486590550514
15.2,14.770973944603611
16.0,16.01810916364775
14.2,13.359878170587763
15.9,17.14750319754785
15.9,16.13995313065243
15.4,15.257649601435332
12.7,13.033672858844511
14.3,13.445325970387785
16.6,16.078065025474643
10.3,11.054956517298706
15.2,15.079309688531794
14.7,14.796485534519888
16.2,16.931569588345155
18.0,17.723026071093045
16.3,15.81487611233024
14.6,14.829478471048787
12.4,12.166729767508514
4.7,14.316144215932582
10.9,10.54646541175316
13.5,12.195340727223083
11.4,12.382227858299302
11.7,12.219885492464527
8.4,10.648727670752123
15.2,15.153527094173114
13.3,14.858884162968025
11.3,13.478851507374202
12.2,12.066907717467984
17.6,17.52550134959165
14.2,12.87140984236612
18.2,18.19241690216586
14.7,14.926192794606322
9.6,10.289188066060888
16.4,16.068728011425264
7.4,7.096520544611849
13.2,12.202397392538842
18.1,16.629409673323607
15.9,16.74696490113638
13.0,13.580813424878215
18.9,17.09937706083292
17.8,17.833158651425038
10.8,11.906915235274937
19.6,19.369750272802776
13.7,13.623431994463317
14.0,13.498478194640484
18.4,17.257942330936203
13.7,13.877340619932511
16.2,15.9392551787314
11.0,12.057669609061122
12.5,12.364896294777282
9.7,10.195907932822593
13.7,14.49416279810248
9.4,10.1486528251844
19.7,18.667196079804853
19.8,18.152730578993214
14.5,15.32333361302517
7.8,8.997362694033654
17.6,17.736885017249733
13.0,12.113236699573463
18.2,18.028762871894287
13.1,13.880233150950517
19.1,18.66185399252572
10.6,11.616359525040025
13.1,12.584017966641113
15.9,16.027442086546216
16.7,17.276440381629072
14.1,13.867038604255868
14.3,14.797994869086324
15.2,14.919947264381335
15.0,14.782222321227891
10.8,10.819284069119021
16.8,15.46386820209409
14.2,15.669425394386053
15.7,16.560671658808133
16.9,17.07035786175402
11.0,11.732394740974996
11.7,9.970933536766097
16.8,17.615502506907433
13.5,13.60241956266691
14.1,14.449909532326274
11.9,11.776491064287256
17.0,16.80420965977828
17.0,16.067163791012717
19.8,16.41263713679473
9.8,11.059924999601208
17.5,17.483877067803405
14.2,14.959244358764408
11.0,11.838934714382049
12.5,13.274948277103249
14.2,13.435141482928884
19.7,19.24030720986775
14.0,13.862618479155572
18.7,17.614032585683162
15.9,15.943661829896882
12.8,11.842067188583314
15.0,14.82183690724196
10.4,11.164263566723093
16.1,14.403819366798416
15.5,15.3346492506098
14.7,15.225279137812322
16.2,15.56687308519031
17.3,15.69076591323028
16.6,17.372072693731752
8.7,14.376520179212093
17.0,17.06368382799519
17.2,17.333098349772627
15.6,15.457632702105911
14.9,15.087681238132063
17.5,16.193867244117428
15.1,15.22396637161728
15.8,15.57182146361265
14.7,13.86505489074625
15.6,15.415816217828251
6.1,11.295161265827119
14.4,14.563832586602075
13.9,13.55255885769293
18.2,17.89235952217132
17.1,18.0862263450108
12.2,11.585394958703546
7.9,8.534700854132097
18.3,17.909871611562266
10.7,11.381069842464058
13.1,13.129123748512939
15.3,16.158049082150683
15.4,15.524726160860155
11.5,11.952431745216018
13.5,13.812860504403943
14.4,15.137831903528422
17.2,16.169093294636696
16.1,17.034048897592584
13.7,13.9012789549015
11.6,11.368970122974133
12.4,12.186058794031851
11.7,11.503844092949294
10.7,11.014905909691151
11.6,11.849719796155114
15.2,16.066870648151962
13.8,13.675893820385681
7.9,9.626109342236305
15.8,16.260805317409904
11.4,11.167575440369546
15.1,14.83867104028468
11.4,11.376413091114955
16.5,16.390873663214734
15.9,16.1840504455904
6.4,9.17915145115694
13.5,12.875294604513329
14.9,14.222116980177816
12.9,12.87970282038441
15.8,16.450386457090644
13.4,15.582993269374128
18.7,18.626138020219514
14.3,13.86793385634519
12.1,11.969231285824208
15.6,15.88611489773939
11.1,12.272820203244919
14.5,15.494624977814965
10.4,11.167145233863266
15.0,14.657322402403224
10.5,11.565865870565176
14.9,15.034340908721788
14.8,15.25034070838592
19.1,18.696887508558575
15.7,16.14520051985164
16.2,15.988218183541903
14.9,14.854678254987448
14.8,15.025699217721922
18.9,18.37798167663277
15.8,15.421889620629372
16.6,15.809491441323189
14.4,14.047226288312231
18.0,18.514614502200857
13.6,13.951670609298162
14.6,15.713403447418386
19.6,19.14792174566537
14.8,14.679808755783597
10.4,10.213786278080079
15.9,15.403319985291091
14.9,15.50891943302122
15.1,14.622801967474516
9.3,9.603527406346984
12.2,12.52131845601616
13.8,13.552755197510123
15.5,15.186538719717646
17.5,17.486042789740168
17.6,18.28320921966224
14.0,14.22686709696427
13.3,13.308385572396219
15.0,14.568579702347051
15.4,16.98858895098965
9.6,11.15998048693291
12.2,11.664394292107318
19.3,18.53114945915877
9.9,9.551018952566665
18.6,17.188617040461395
13.3,12.87828545019147
8.1,9.131238154310267
13.6,13.32676354504656
19.8,19.222414928255603
18.9,16.508053139405092
14.7,15.030575151526136
16.0,15.144986403862276
16.3,15.533887943893205
10.5,9.010584533214569
15.3,14.815344888862455
14.6,14.57875060569495
17.3,15.780018906894838
15.7,16.52908623795338
10.4,11.043106156725116
13.9,13.824824599752901
12.6,12.061122962622903
15.2,14.56801939860452
6.4,6.610851268866099
13.7,12.767177554575028
16.0,15.818854907067362
15.2,14.876920114184031
13.2,13.005125178926392
15.5,15.242586715787183
13.9,14.201608599047177
12.5,12.45784850261407
17.3,17.929147147602635
9.8,10.519584415131249
10.4,10.741804212157149
11.8,11.282647770713083
15.2,14.75466388843779
15.6,16.844342982651142
14.4,13.768211261485703
14.4,14.510112594056409
15.2,15.854818249994423
12.6,11.827036799688358
12.3,11.65779929459677
16.1,15.945917033473961
17.6,17.69789942962234
14.3,14.450055580935441
13.9,13.803059134690557
15.2,15.163809764868347
19.2,16.007817395438906
17.6,17.289403176666383
14.3,15.221974681509892
14.1,14.695933464539849
17.1,16.995935621496756
17.0,16.854606578417588
19.3,18.694510888220975
17.7,16.767836387793068
16.4,16.94803772281739
13.3,13.1541844108433
17.1,16.98820637265453
5.8,15.368803192279302
19.0,19.074989567743614
16.9,16.690393442186178
14.4,14.689769630091178
17.0,16.938769550008146
18.8,18.49604849226307
18.8,18.594929306971608
19.7,19.468801314476877
16.0,16.264091271143116
16.9,17.3151990998158
13.9,15.284251891109307
12.7,11.350782047607936
17.9,16.182051266310737
19.3,16.70857584127225
18.1,17.221624816185795
19.1,18.953918626735685
14.8,15.601256428888519
13.0,14.241415520576993
19.8,18.963446395733627
14.1,14.91025889069715
16.3,16.390172044048086
15.0,15.46441580366809
13.5,13.525874589031446
17.0,15.689361546305008
17.1,16.367003750463482
14.7,14.85409178122427
10.1,10.891526224033441
17.2,16.74285375967156
14.9,15.856374409573618
19.8,18.89766054248321
13.5,12.179760305240052
16.1,15.999007534177508
10.8,11.355941567919217
18.2,18.73109324577672
15.4,15.674810534521384
17.0,16.355352755112108
14.6,15.047758370754309
17.6,17.968273928276176
12.7,14.447647981287446
10.9,11.505127686366905
16.2,16.13713696281775
15.5,16.00039511913201
15.0,14.885554314707406
14.7,14.719743602414383
12.6,13.335414648172446
18.8,18.645026135345688
19.0,18.142769065743778
14.5,15.022708143122145
13.0,13.481467394623905
17.4,17.778526661742944
13.7,14.543544030806515
17.0,14.651820013998076
16.4,15.491676776815439
17.1,16.779676375088457
19.3,19.251000281743472
14.6,14.34844612692541
15.0,15.902208557095946
11.5,11.653117323294282
13.7,13.53028328390792
11.8,13.28812547767302
15.9,13.729802203422878
19.0,18.867598851036746
17.5,17.380163547990378
14.8,14.08298794469738
15.7,16.50934009645971
15.5,14.688912703160895
19.9,17.099693299096543
15.3,16.10948869117783
16.5,16.071031633095117
14.5,14.403543772277771
15.2,15.022415514773456
19.5,19.457955306686927
15.2,15.447412757348502
19.4,18.785142476321198
17.6,17.405628398468252
18.5,18.405702584190294
19.2,18.86002693712362
12.7,12.946199658414116
12.6,13.219382108014543
16.3,15.479457513720263
14.5,14.256548588047735
10.1,10.752311789256055
16.0,15.609884680219693
14.3,14.308349112456199
16.5,16.46718574139595
15.0,15.749767124871141
13.3,13.656359004444312
14.7,14.582675688105155
12.6,11.134555366297718
19.2,18.942899907997344
19.6,19.056783663807437
15.0,14.06147257594057
14.0,13.364420779806096
13.4,13.18616449261026
14.8,14.496326152060647
16.2,16.736115504376357
15.1,14.853273967572022
19.8,19.066434695429052
15.9,16.27811581707647
15.7,15.43372300855117
15.9,15.515592443975038
19.6,18.52609118903638
18.1,17.266860469055246
15.3,14.974450451874873
19.2,18.735968835739186
13.4,14.206746928399298
13.8,13.740512300370028
18.9,18.84512337774504
14.1,14.040001510962611
12.7,13.02770764806155
19.6,18.77905031759292
19.2,18.46021234805812
13.3,13.689173856721027
11.1,11.663355318480171
14.6,14.565930578377447
18.7,18.85982756240992
19.1,19.073014435067307
10.0,10.888411855121376
15.5,16.071119880769402
15.0,15.654016504646279
13.8,14.611254611081677
19.8,17.874030428240076
11.6,12.519237367116148
15.3,14.852431690364028
12.2,12.708886084932601
13.2,12.46947889518924
13.0,12.70565919089131
13.0,14.362536961562
14.8,15.000529045413714
19.3,18.619875949807465
12.9,12.839105458609993
15.3,15.024473701312672
17.6,16.49584526324179
13.5,13.126144640444181
11.5,11.7903678563016
11.0,11.137699709681328
15.2,15.377805263269693
14.2,13.746769541467074
14.8,14.347957087302348
16.3,16.702633921886445
14.0,13.26189982163487
11.8,12.260201546101598
14.6,14.352628901018761
12.9,12.531388679839438
8.2,11.282426569552626
9.4,11.570634741554386
14.3,14.349704669199127
14.0,14.2029624798015
12.6,12.419383921194822
19.7,18.470872459118254
13.6,13.837491804097226
13.6,13.316636269817536
19.3,18.245380858017597
14.9,14.740292978303842
16.7,16.94353383302223
12.6,13.034809559994756
15.9,16.02867111935666
14.6,14.85326167081621
12.4,12.734846214705613
10.5,13.869108462851727
12.4,14.678770261554746
14.9,15.301408612955129
18.7,18.856576597085223
15.5,15.296721985039767
16.1,14.535977967869258
9.2,11.47622975127888
10.4,10.959078113146461
14.9,15.265709226252511
17.4,15.14552143641049
17.0,16.748521023328067
14.2,14.45438950820244
14.8,15.061454891227186
18.1,16.277472584133648
16.4,16.486515628756024
13.9,14.09565074967395
14.2,14.624750905291876
12.8,12.928226251306114
15.3,14.975648148552864
14.2,13.408995579608018
15.0,12.845253046893049
14.8,14.231615315162344
14.5,14.881386812368874
14.5,14.631242403533179
14.8,14.557454066733044
16.6,16.381452379078837
14.3,14.276595582370646
14.3,14.73033819754346
17.3,17.403422729315935
14.8,14.787565758801065
15.8,15.200619148265105
14.0,14.195320149359759
11.5,12.12248095832183
14.5,14.664209917542394
13.5,13.394635505217593
18.6,18.324368323403178
15.2,15.104667415376753
14.3,14.021696686904761
15.7,15.397341208532453
13.8,14.862736777000464
13.5,13.442029957193881
14.3,14.886446765423898
12.1,13.030581782310037
14.8,14.793415519865448
14.0,13.546544362461646
12.4,12.520401727382705
12.8,12.989541643473785
15.2,15.128000103519298
14.2,13.912552406458417
16.3,15.825759177678265
15.3,14.973705684067681
14.8,14.398088891524822
15.0,15.427297212874691
15.8,15.222116810269654
15.7,14.224118211306632
14.4,14.003704732953338
14.6,13.671830678888
10.8,11.750599832623266
15.4,15.529484722988855
15.4,15.315848074213136
16.3,17.856477884954074
15.1,14.566311210626736
13.1,13.01953374567529
12.2,11.690099804429337
15.1,14.991198901319876
14.0,13.95316896343138
13.6,13.862141418387182
15.2,15.487944134074496
12.4,12.34128928091377
15.0,15.03846126816643
14.5,16.33970771516033
16.0,15.580967418922228
17.0,16.779966163685458
9.8,10.812518459220883
17.7,15.981237595842686
8.5,11.337726142082829
14.5,14.244560583934799
14.6,14.207662340893876
16.8,16.57186912369798
13.8,14.258845177100739
14.2,15.06111087143654
16.6,16.51275930655538
14.9,14.545770619472023
15.3,15.134616698996979
18.6,16.115906526076287
16.9,16.530222846544348
19.1,18.674888759444002
15.0,14.673117894975803
11.8,12.00209843830089
13.8,14.248744462376635
18.4,16.50459058629349
16.1,16.343124397715656
14.8,14.522523643569002
18.5,17.57560014014598
16.2,16.215670291509014
14.9,14.814454546707566
13.0,13.216679631936131
14.2,14.158637354910752
12.5,12.358064407366328
14.5,14.217504223022843
15.1,14.9168499844709
13.4,13.346863926479273
15.2,14.435475056234282
12.6,12.45074882695917
15.1,14.79129081557403
18.9,18.815918143480303
10.2,11.680885459267301
16.1,16.618328662676504
16.5,15.707033658924047
4.4,7.048318122746423
16.2,15.574464874342084
11.3,12.083921508165076
19.4,16.56555658846628
14.8,14.732200389640639
14.1,13.928009076269518
11.9,12.564372315711807
14.9,16.49440167445573
12.7,12.887349523924058
15.3,14.952617774488317
16.0,15.36467432378413
15.9,15.604224605340278
16.3,15.69756554911146
14.2,14.54322825624513
16.3,16.47030512665515
18.8,18.350363403442316
16.9,16.924301874212688
13.2,12.715155651065288
19.2,18.625057294906583
17.2,17.717909254977712
17.3,14.419927609269507
11.3,12.037078020925037
14.4,14.593107336273533
10.8,10.9259178233915
14.7,14.841755307090352
18.2,17.71851541104843
16.1,15.357711531562018
14.9,14.485674106457736
17.3,17.525516553709167
13.8,15.004423407139257
13.9,13.892598900245503
18.6,16.27620720746927
17.2,18.174134697852423
10.8,14.311897753388621
11.8,13.175471866736189
16.3,16.101016799148056
15.6,15.25391117377876
17.0,17.841610115981894
13.7,13.387711494113319
15.9,15.722807288810145
16.8,15.383011249417905
18.3,18.73327010826324
14.8,14.886151402464748
13.9,13.070769027573988
14.6,14.799465531890746
13.8,14.993287535186028
16.7,17.89644189705723
14.2,13.62010588744306
19.0,18.823154784127837
11.3,13.476353395875776
15.2,14.678490529331611
17.2,17.08706866528337
18.8,18.669599658809602
14.3,14.792793205211638
10.7,10.559674830699805
15.5,15.644155136003974
14.5,14.619574017051491
15.9,15.41088328146725
12.1,12.190687414928107
15.5,15.283629352095886
17.1,16.336054172803415
14.5,15.087486273027025
12.4,13.253244847554015
14.5,14.487563537491951
14.5,14.919839712762041
11.1,12.42295066837687
10.3,11.269792260660324
17.1,16.24154582725896
13.2,14.007460671185981
15.3,14.94665808082027
17.9,17.562652523778524
15.8,15.577840114703577
18.2,15.81901468837168
10.9,12.67896670333539
14.2,13.625834828148072
14.4,13.450374693871709
17.7,16.31196297085262
14.1,14.167162731726421
13.8,13.688420987338759
15.0,15.094018453848548
18.5,18.54492416087305
19.0,17.804597931128228
11.7,11.752063774009002
17.9,16.117552124429494
13.2,13.306145257345634
18.5,18.04502429688
18.6,18.509938140807208
15.6,15.731743321579415
14.3,14.96616910310695
16.0,16.420848160254536
8.5,10.249004600365879
16.3,15.472134350071428
17.3,18.01168829697417
18.8,17.726384213168785
14.4,13.692046378098894
19.3,18.176963286474347
18.2,18.44260484575352
19.4,18.36718645336805
12.5,13.32947001329012
13.9,12.980143937165849
18.3,17.30013195137144
18.6,18.601103852910455
11.0,10.478970856176602
11.7,12.62409292292432
11.3,11.83042019570712
16.4,17.400305240647867
12.7,12.53859418068896
18.6,18.752825877401847
16.2,16.72328489855863
14.6,14.471117049062741
12.7,13.621370480861515
15.4,15.67699622278451
14.9,15.199813029903453
19.9,19.16599305230193
12.9,13.255521896819118
14.9,14.508904745300242
16.6,17.617836904275464
14.0,14.05227765854761
13.8,13.101562156603904
18.0,17.34159407428524
14.6,14.168499581399374
16.7,18.13956838758895
13.4,13.855996435770066
14.6,14.642340785183478
18.8,18.114674487587763
15.6,15.571042581985239
13.6,14.255500862815097
16.4,16.62502329525887
17.4,17.50887488152148
13.4,14.07287799619371
16.7,15.534237634405144
12.4,12.714813035388943
15.5,15.36409074824769
13.6,12.823433362093056
10.9,11.33312936197035
10.2,10.739659676270094
19.6,19.038213310413994
16.0,15.914164418958535
15.3,14.848109911999927
17.2,16.862825663818512
13.6,13.977837791288039
16.8,15.311004388064248
16.0,15.717109790715767
14.4,14.168793728749733
14.7,14.699102316277276
17.3,16.53927170910174
11.2,12.080881717964076
15.1,15.005243787250947
17.8,17.54257482889807
18.2,18.80909740482457
18.8,18.66053191467654
16.5,16.726163548566547
18.4,18.57947494968539
14.1,14.56416274242656
16.2,16.557041534071686
14.3,14.646092040842632
17.4,18.609829057299066
15.4,15.237761984666577
19.6,19.042680384154664
17.8,18.243408234091476
15.9,15.857965281267752
15.8,15.402781197684817
16.1,16.010030912788352
16.3,17.284126977494452
19.0,19.052960810018703
16.1,16.519284202429844
11.0,12.384883197548334
16.6,17.140090679948116
13.9,13.6173584695498
16.7,16.681543071434135
13.5,13.028297901939368
15.0,14.482311988889705
15.8,15.916609070063714
18.4,17.878843029029667
15.5,15.865394896423823
16.1,16.092311955231708
15.8,15.144346054345078
13.4,13.040364981574385
12.4,13.906755795731442
11.7,12.085465216325247
14.5,14.363119895424461
12.0,12.773923036962515
13.3,13.051891592767788
17.0,16.724982997751795
15.8,15.26239299873123
18.4,18.192001042421907
15.0,14.664297048992012
18.4,17.37921816582093
16.0,15.978315563435899
14.2,14.88119741351693
14.3,14.534717185935733
14.7,14.445237834766885
14.3,14.154792167675623
14.1,14.635185157187152
13.5,13.21801945203697
15.9,15.183073806423636
19.8,19.162959076231346
15.0,15.48531596094108
13.7,14.266494135634275
15.9,15.504235447355313
9.9,10.37757990785758
15.9,15.848602605925407
18.7,16.282035448064562
12.4,12.077403560862876
14.0,14.324929655998858
17.5,18.25531490755384
11.3,11.979878911166452
19.5,18.795207142364234
17.8,18.728125232533785
10.8,11.889352229860378
16.0,17.199174164183205
16.7,17.957739526580554
10.0,9.924286005552858
16.8,16.998150715095107
18.4,18.1900354938698
17.1,17.617161034839228
14.2,13.833656572998734
17.2,17.17200662306277
16.7,17.40960592846386
12.9,13.962162038864335
15.6,14.19578557103523
15.4,15.35460727778809
12.4,12.191889364330564
15.2,14.895951817947207
14.9,14.32113366550766
15.9,15.74346329033142
14.1,16.075028599938378
11.9,13.581111937941387
14.7,14.270354362093713
14.9,14.932723532219825
17.3,17.52072293382662
11.5,11.54284397282754
17.9,17.472312412053725
14.2,14.330132270406466
12.9,13.691898721677717
12.1,16.406187146843877
17.9,17.618904740636935
13.1,12.551936852629296
18.4,16.45133109539165
18.0,17.98039023031015
13.2,14.29029376750077
13.8,13.753814303141553
11.5,11.890077651652973
14.6,15.539481834624894
12.3,12.485699543118244
11.3,12.588680022196058
15.1,15.951404238876421
17.8,18.321385266724974
13.3,13.5754554697196
19.1,18.44750065201515
15.7,15.194993448036257
15.7,15.632540541817434
15.9,15.781077174753591
10.9,11.626431241049431
15.7,15.738470115673408
14.5,13.602791038370924
10.8,11.640182689821813
15.9,16.293353891087463
15.8,15.407667827268597
15.1,15.164367794408463
16.2,15.043031331239035
15.5,15.308823175088037
19.4,18.979047738044756
16.2,15.744844115706655
14.4,15.325127043002794
13.5,14.201567535845243
17.8,16.891703945497284
15.5,16.657836557074916
13.0,12.758580928551964
13.8,13.39336532249581
16.4,16.181694208382396
17.9,18.371580663399072
15.2,15.92779524508478
14.6,14.488786608038936
17.2,16.90043199970387
19.3,15.713209702633321
10.7,11.149904302321374
15.8,16.15047685970785
15.2,14.369226030015852
16.3,16.32906688770163
13.8,13.164465264824685
19.8,16.541910856496543
13.2,12.055885421321364
13.7,13.3026406801946
13.5,13.893633051897268
9.9,11.533580522576813
15.2,14.995717369682097
11.6,12.605663312831894
14.9,15.15443850774318
14.8,14.562255417869892
13.4,13.27691753959516
17.9,17.54093628033297
13.0,12.58222581105656
8.2,10.89716934482567
15.6,14.91847401031373
14.6,13.552545914228176
16.0,15.786796571977902
14.4,14.571541665147379
18.4,18.08147170106531
13.2,13.217440031468868
8.5,9.1910572538618
15.6,15.01500406791456
17.2,17.35346035384282
11.7,10.972892650985159
9.8,11.733131031598532
13.5,12.009339614654891
13.4,13.968420729303034
13.9,14.130257243465167
8.2,10.505040577263571
14.8,15.201127797678055
10.2,12.127216864668299
15.9,15.698709464701096
14.2,14.304083400144009
12.1,11.546795883390587
15.9,16.163102777005406
14.7,15.190486823252286
11.8,12.699635138769736
16.4,17.179038901944296
17.5,18.19830367976101
13.9,14.033014502289006
16.3,16.05244598002173
15.9,15.49274093148415
15.6,15.521650445472915
14.9,15.08669933901183
15.1,14.931810875370502
16.3,16.88651040968034
14.9,15.11320295979749
17.3,17.06898106879089
17.5,16.882081953255692
17.7,17.630724371381802
18.6,18.83724789120606
18.8,18.939104339078767
15.1,14.802428732078624
13.8,14.262128722446505
17.2,17.5138005624176
7.3,10.179669442411978
16.1,16.625795114818175
14.7,14.911741390416864
14.1,14.159595266222823
16.0,15.223051287428461
14.2,14.708936014823848
17.4,17.237217239890015
16.5,17.051137020171154
12.6,15.797301344979132
16.6,16.498018329286424
16.0,16.251967827236513
18.5,18.804601529060164
18.0,17.727365527418442
14.5,13.895067067762284
13.6,13.472389145754278
18.1,18.405897791846655
12.4,14.709562222886234
15.2,15.176028808986302
9.3,11.697973505830305
12.2,12.455842263181694
18.3,18.22818190025282
14.7,14.62158376458683
16.9,15.613641302921678
15.8,15.120868985430207
15.6,15.117209880925657
17.4,18.20705922250636
15.6,15.617617245901783
14.7,14.379789651480678
12.8,12.881531271734275
12.6,12.878363155792613
14.6,14.57752002228517
12.6,12.604220571694896
19.0,18.976223739911802
12.6,12.456283096806146
15.8,16.072789199102772
19.5,18.989630499563646
15.9,15.641314887237968
14.8,14.554760540049756
19.4,18.90475164889358
15.3,16.23663301664601
15.4,15.062900909430027
14.8,14.524012616748223
18.5,18.032082254328998
14.9,15.067500325289075
18.7,18.95706298755249
15.6,15.275267477647503
18.7,18.78365093816319
11.7,12.570011129399063
15.0,15.056762529042317
16.1,16.42318230337696
15.6,16.28462936950382
14.3,14.839442878568661
13.4,12.107646925229346
16.6,15.123057507496924
13.3,12.832831019652076
14.1,14.010496605365915
19.1,17.15766147643444
14.2,14.646992717985995
15.4,14.901058777148137
15.0,15.06252438624142
14.7,15.350017294513236
14.8,14.71416977615445
14.7,14.657065831357613
14.2,13.278037145442795
14.4,14.617909931141185
19.6,19.115467379800975
14.4,16.284174589229224
15.2,15.886950464075198
14.0,14.811086445610272
14.9,14.26650435931515
15.2,15.049629438031843
17.9,17.567018063447904
15.1,14.562251232098788
14.6,14.094606910632137
15.6,15.326857034786372
19.8,19.288280226639472
14.3,14.234779041373258
16.9,17.278407351346686
15.3,15.603893452822376
18.6,19.084587826102506
14.9,14.390039099153
17.9,18.082078194245696
19.4,18.888552178861573
17.3,15.837131557727844
12.5,14.723369468352757
17.8,18.27088256974821
12.0,13.990974498117794
13.0,14.22661734987014
19.2,18.984311620763037
15.4,15.30428480468072
19.5,18.105427112517646
15.2,15.967183404194657
19.4,18.087699999450706
14.9,14.810244212556427
15.7,15.355519285425544
12.3,14.186462467658203
16.3,16.398494322260376
16.6,15.043920606432948
18.6,16.16576537466608
14.3,16.561023199086776
15.3,14.967467809503432
16.9,17.051892026735004
16.2,15.472138181241462
13.7,13.672475445899181
13.2,13.983912998985033
14.1,14.40462191827828
15.6,15.075248284148984
14.8,14.449138466559816
15.0,15.34642278764295
13.6,13.949653105752077
12.6,13.7706271292991
16.8,15.508377208388993
18.6,16.421469585009618
19.9,19.28132870301488
14.3,14.388279520931974
9.2,10.140312134753913
19.8,18.927265591919422
16.9,18.12110541469883
16.3,16.376544849859783
12.5,11.58203749763743
14.2,14.546584920026362
12.4,12.8060157984728
17.6,18.00271226982295
15.6,15.982166046334896
16.6,16.545703157724347
12.8,13.78561064702808
12.3,12.993769678756507
15.5,14.516419866966316
9.8,10.4151264190441
17.2,16.116345735008508
14.4,14.440248195161985
7.6,8.942018186324276
11.3,12.177714648296387
13.2,14.36840325128287
13.0,13.746778870268827
10.8,11.571662551927147
15.8,16.60915873466365
10.6,11.007991508988198
11.6,11.430092006310588
11.2,11.627849218726624
17.2,17.682102545397356
12.6,13.277618787251413
4.9,6.850431565660983
12.0,12.774920602474594
9.2,10.911839529755525
7.8,8.18935739173321
18.0,17.616213153058197
13.4,14.452982949111174
10.7,11.771807727753185
12.3,13.496176117703726
7.7,10.56763373222202
13.2,13.828189730091253
16.0,14.982706849245005
18.7,18.85586109838914
14.7,14.44343692244729
12.9,14.17376863125537
12.8,13.707282765011769
15.9,16.192960399959702
12.3,13.06820626967783
9.2,10.250640826765448
19.9,17.539876622875454
16.6,16.85671229601212
18.6,18.576781519332144
17.6,18.55992824700661
16.6,16.28479282446642
19.0,18.7683149172517
16.9,17.322794111416442
15.6,15.46228623864954
12.3,12.165754971036222
8.5,10.33841630871757
14.8,15.276030896377051
16.4,16.120836035057437
15.0,14.370355637573084
13.7,14.46016149674324
17.4,16.987231962470105
13.8,13.619755627412815
10.0,10.35814926351668
13.6,13.242018867167644
18.3,17.815011810380383
14.7,14.525366885762196
10.8,11.337013234558981
15.8,15.329776463360758
16.2,16.708826957536075
13.3,13.850270180904772
12.3,12.155131306848489
12.6,13.066858197242254
14.5,14.659684552658291
17.6,16.993049260365297
10.4,10.212014701100998
15.0,15.49526668753606
13.8,14.580093620101252
15.0,14.9405752895982
10.6,11.31248796818545
7.2,8.56543828570284
10.7,9.82838531571906
15.6,15.664330792729743
14.1,13.851066103175981
10.1,11.733001159038395
16.6,16.76765616962075
13.4,13.648749578293064
13.8,13.274909477651818
15.4,15.020000718068331
15.0,15.552172634144881
17.6,17.184797349138535
8.7,8.716924415464746
10.6,10.813842783216387
18.7,18.080075562815182
16.1,15.96542166324798
18.6,18.672763280337676
15.1,14.763748095345363
14.2,13.647637501073405
14.9,15.169348271097988
18.3,17.88213471393101
12.7,12.599320953246206
15.3,15.048954268568195
16.7,17.260648178453266
12.9,13.292969852895112
14.2,14.392505588242784
16.3,16.45866837041467
16.5,16.009361009055283
13.3,13.048107141745277
17.8,17.39580717679928
15.0,14.898169147374574
16.1,16.647376451815944
16.1,14.890688319923356
10.6,11.545747250642307
17.7,17.556264411534357
12.8,13.096050453901626
14.4,15.20285727197188
16.7,16.277314787210344
11.8,11.706982038018396
10.2,10.691323198916507
14.1,14.172014544214107
15.7,15.231821342636977
11.7,12.52770017934381
10.8,12.409158503927756
11.9,12.330841275979765
10.5,9.804152322933078
13.4,13.273144471895648
12.1,12.285555027745431
11.6,11.511876003904035
12.2,11.8991814582605
16.1,16.298626565407176
18.1,17.282766091899248
12.4,13.214854389807442
11.4,12.920962454401888
13.2,13.415817540051648
6.5,10.956944921577815
12.4,11.9219188777206
14.1,14.373289690829552
8.9,10.369631690264214
10.7,10.97734795283759
15.8,14.79555685678497
13.5,13.415868774996852
12.5,12.80525104276603
12.9,13.059228870497464
16.3,16.746891126444098
14.8,15.029544933600846
14.7,14.9408298824128
15.7,15.796821916417684
15.1,15.306123341491912
13.0,13.307623276486993
19.9,19.25681422604248
15.0,15.1637710380528
15.9,15.519326062611071
19.0,18.10431550332578
14.2,14.618621342568076
16.1,16.173330008798075
15.6,15.957857535941002
14.5,14.520123433001572
13.2,13.251711689375952
15.0,15.16048141781721
13.6,13.500491051585414
16.3,16.30460577147096
13.0,13.74911743082339
14.5,15.160639201581944
14.9,14.058136749172263
14.1,14.086180920454353
16.8,16.581749875942478
9.7,9.651845699965634
11.1,11.267725695244735
15.3,15.22516741551226
17.8,18.284116317299777
14.3,14.077458878979087
18.3,17.2611400758542
17.1,16.856074835115578
16.7,16.195116052986123
13.5,13.122742475563427
19.0,18.32363221025298
16.1,15.714994357640535
16.6,16.557633696524135
19.5,18.45681638031965
15.6,16.30976073720376
16.4,16.010723635950853
14.4,14.267767042936612
15.0,14.692693989083637
18.9,18.85159813115024
14.7,14.458678230832447
17.5,17.2034936271084
15.6,15.859705100392603
15.8,15.335718328075018
14.6,15.033201791218744
18.3,18.08121436217334
12.3,12.192357989086304
15.1,14.985386670776279
14.4,13.455733782262541
13.0,13.456604896549834
12.1,11.72365447608172
14.7,13.836457179921126
15.6,15.064210276439553
16.4,16.510938438430458
15.2,15.25654073629994
19.8,17.98278261302039
16.3,16.17172007575573
17.9,18.00793533174874
19.3,18.484217864111997
19.8,19.04768421011977
13.1,13.571720033452948
19.1,18.613955253735185
16.7,16.821928349010705
11.7,12.924836621357827
17.5,17.55392743972334
17.9,18.010161205020268
14.3,14.954866898740875
15.3,15.05252300525899
19.4,18.657827604562044
15.4,15.076188627484953
13.2,13.237602006891393
15.1,14.621649906388484
13.2,12.465863528079353
15.3,15.05445388886983
11.1,11.356662130099721
14.5,14.469401988666505
12.1,12.714505525014829
16.3,16.27272193797762
11.2,11.993417985504493
13.4,13.828802351024933
13.6,12.979860517545603
13.5,13.428077013819347
13.0,12.952351053991151
15.1,14.91835375406663
15.9,15.488974731357303
15.6,15.952197338832775
11.1,12.085716791862069
18.6,18.36835248657735
11.2,12.497097974905046
10.5,10.747531700471882
10.3,12.5221293210343
14.5,14.472427031811094
11.8,12.536430832324186
16.2,16.048224153462797
13.8,14.05257406894816
15.5,15.366344736714382
15.4,15.11174643834238
17.0,15.859707107418217
12.8,12.528207094888785
13.6,14.549627757864073
18.6,18.367158522480167
15.7,15.347296958672814
15.2,15.404767402011203
15.2,14.53334610289312
18.7,17.688370436255354
18.1,17.31590500238235
12.7,13.237975386786275
13.3,13.442031841812422
13.1,13.871727944468148
18.0,18.198755342833465
19.1,18.9448524840991
15.1,15.240847419427155
18.0,17.720656439800223
14.2,14.28535265550454
15.8,15.31832908344586
14.4,14.044525198609335
15.5,15.284992467313714
8.6,9.655304143379908
17.4,17.606513582722982
18.5,18.34079215757083
15.8,15.54209178025485
19.2,18.597904891241342
13.1,13.484533390121214
15.6,15.68224802650002
15.5,15.6432403497638
13.0,12.82259251663345
15.5,15.08953817937072
13.9,14.888563643988164
15.7,14.879156176873948
19.8,16.679748787428252
12.9,13.606777581828283
14.4,14.143473529606126
7.5,8.000228974735364
17.9,17.424136378016556
19.4,18.18075440224493
13.3,12.871877902711276
10.4,11.643952168204123
10.1,12.515215397870634
13.6,14.192333786719246
13.4,13.764354981562064
16.5,16.367949877738283
16.1,15.341888163038675
19.6,18.768833476526197
10.9,12.150224249926396
16.9,17.465700864999235
16.4,16.432946481250838
15.4,15.034748835290884
19.3,18.85282906005159
11.2,11.476984018227085
11.8,12.313621311681345
16.7,16.463290487066843
15.8,15.52804797761928
16.5,15.033177783512656
12.8,13.402846375043737
16.1,16.110039061517455
17.0,17.33229258152278
16.6,16.4392233544786
19.0,17.649457701831125
17.4,16.642259118181755
15.3,15.74149638187373
18.9,17.291256583270297
13.3,13.250344132975442
13.9,14.656774005765328
15.5,15.45213133454672
15.9,15.285713489865884
18.7,18.073285287595354
14.9,15.091418594212882
13.6,15.034687290986767
13.0,13.369096301932586
19.3,18.2271772673339
14.8,14.499021899071522
15.4,15.131575250736205
13.9,13.884092265496292
17.8,17.588445029650757
9.1,9.569920639623888
15.3,16.248322092436865
13.3,13.353868661040906
16.0,15.965539057830028
16.3,16.36627145172679
16.2,16.067640306602698
15.5,15.712279027942714
14.7,15.302970241580624
16.0,15.939966731493769
15.9,16.194173352243524
19.5,18.30307586377603
16.1,16.29510536669477
12.8,13.037767749570776
17.4,17.456703071424272
16.6,17.506800333823776
18.2,18.240652892185608
15.2,14.54388882315834
13.2,14.210963844758226
12.4,12.414361363946227
14.2,14.130756029506301
10.8,11.7666282740538
17.2,17.120933027552383
13.7,13.624616878256347
16.7,16.398569820885314
17.9,16.963679740385487
14.0,13.756083851792937
16.1,14.901098899052158
13.5,13.894089660607278
17.1,16.43477300883751
19.1,18.991341563058086
15.7,15.613990876212483
19.7,19.158901659218827
14.4,14.762038985209074
12.9,12.973682209441904
16.9,17.3972599885019
15.5,16.204539155238308
12.6,12.27128878207077
12.8,12.903864043066278
13.7,13.091998655960197
15.3,15.113609565480147
13.4,14.093006459937897
17.5,16.844081684714183
16.8,16.775671116414742
17.5,17.66917492014909
18.7,18.732114369864576
15.9,15.044785508245695
12.9,12.566701757445117
18.4,18.090960715406254
19.5,19.112200353287335
16.9,16.6317171569317
13.4,12.385497460432816
14.5,14.876265718869035
13.1,13.146734254652984
14.5,14.05267314793673
9.0,9.945267325500026
16.3,16.866856565906346
14.1,13.967877725783183
16.2,15.836117354330781
9.8,11.439123784890398
13.2,13.712836367485579
15.6,16.517623140272917
15.7,15.639077260528211
16.0,15.254485633286095
15.9,15.548698197326303
13.9,13.406083422654774
15.2,15.378282016114099
12.4,13.074264087277697
13.6,14.177985956397606
13.7,13.926544421032304
14.1,14.391107852890855
17.8,17.387274101522053
14.7,15.003057219757466
13.4,14.557615547004389
15.7,15.19594169440461
16.0,15.842791549919639
11.8,11.278426244505681
14.7,14.181591586850118
12.2,11.761814993689768
16.9,16.532668818228558
13.7,14.81231440071133
17.2,17.42349845917488
15.8,15.55827889428474
14.2,14.483001939839596
18.9,18.809139921329916
14.6,14.692750220441667
18.2,18.395500803133473
11.0,11.083235336176585
14.6,15.038658767822199
14.8,14.857122100633205
14.9,15.247478004836012
16.6,16.520994166807213
18.8,18.56762246612925
15.0,15.16477298810787
14.6,15.205101979023311
17.8,18.40167664841283
15.1,15.230106963284925
17.9,17.05795924368431
14.5,15.55603764908119
15.1,14.933309401618317
14.4,14.3740076945287
18.3,18.616786034050165
17.4,16.179667754797265
15.1,15.096945858855179
13.8,14.062058655486908
15.4,15.298188890796155
17.8,17.634385331562953
17.7,17.802210403278877
17.7,17.16187926812563
15.6,15.051125169266015
14.6,14.72814248272698
15.6,15.811870768637164
16.6,16.106644722880446
15.9,16.018843074023607
15.6,15.731984797723271
15.8,15.932404492421483
15.6,14.261289290185232
15.4,15.13264021303985
15.2,14.926751083461568
14.3,14.082007194549078
18.5,17.926117573020747
16.2,16.256281907120865
15.0,15.413223759853281
14.1,13.685481801221613
14.1,14.435868559721712
13.5,13.221242233677913
16.6,16.434528117795708
16.3,15.959412991825957
17.8,17.72788632742595
17.3,17.42966525736847
18.1,17.144976820005468
13.9,13.672413651514944
19.4,18.731878024584148
13.9,12.718802628063713
14.8,14.346521256496999
13.0,13.531773189082742
18.3,16.83957653413563
16.3,16.032470108766574
12.7,13.528195595485158
18.2,18.486216752397013
11.3,11.11385033398983
18.4,18.32437005400425
17.2,17.182593042994995
17.4,15.714171223400626
14.5,14.93095386546338
15.6,15.123791797790545
14.9,15.908142235770356
15.6,15.367074144131038
15.8,15.195340168636903
14.9,14.491910923852629
13.7,13.843188190399815
16.4,15.670161940244725
14.7,15.129020143271191
15.8,15.450803512881976
13.2,13.212192593724467
15.7,15.809842075323104
14.4,14.104665288867182
18.2,18.606943154693
15.8,16.254394007341034
18.5,17.060317932802718
14.9,15.36811450820278
14.2,12.388489293458406
10.5,11.473061209486332
17.8,17.08828961738982
19.2,18.38115663136705
16.5,16.69012656207815
14.0,14.610835717830923
14.1,12.72192850348074
17.1,17.248917593504302
15.5,15.669569373745617
16.5,16.946005060948664
16.4,16.861224075226346
19.5,19.147296082956018
19.7,19.216266559436917
18.5,18.12788768869359
17.7,17.640619912566763
17.5,16.494000894603232
17.8,17.560667337325867
15.0,15.442879076348618
16.6,16.511507347637234
15.8,15.531271362502594
15.4,15.555034140939824
13.6,13.288499582766235
16.0,16.07816979524796
17.7,17.56381574846455
15.4,15.355213579114206
16.6,16.11627076214063
14.3,14.095583626974985
19.7,18.849369681847747
13.6,14.594969255154865
10.2,12.452610381151317
11.7,13.708148309611715
13.4,13.415795657932904
15.0,15.603885068649106
8.4,9.210243562672986
14.1,14.95242630654684
15.3,16.06880176370032
18.0,16.502530737838242
17.7,17.766156022436917
14.9,14.423378694893472
17.2,17.08950913758963
12.1,12.490098736685468
15.4,14.706226365524344
18.3,18.428471133083804
12.3,15.28044437331846
15.5,15.10348435700871
18.4,18.47286336365505
16.1,15.681461153313649
15.4,15.464578228929895
11.1,13.319407945644343
10.9,11.676358904820518
17.1,16.714423928373435
15.1,15.19380296997224
14.7,14.696894096359756
14.2,14.501304766225076
16.3,16.455904235735943
16.9,16.703197006972914
14.9,14.69185407081386
18.1,17.494119774753926
18.4,18.44390531573299
15.8,15.494585015403572
14.4,14.677250966115025
8.0,9.448467368492857
15.4,14.79394674193827
19.6,18.06752381203114
18.1,17.738257323289872
18.7,18.106570889940485
19.5,19.39485252945451
16.0,16.186090523544408
16.3,16.533296806586804
15.6,15.54628952749772
15.1,15.382033357702312
16.3,15.908089034288423
15.4,15.990784025594621
15.4,15.701542065275135
12.3,12.489862253481988
13.5,12.940514345236807
15.6,15.044420852098483
15.4,15.295232992022648
15.5,15.44561743234226
15.3,15.22301067598164
17.3,17.017737273243256
15.6,15.077118932560552
14.1,14.133595273946412
16.7,16.60307375458069
16.4,17.48799795510422
18.1,17.392568669980392
9.2,12.49474407782509
14.6,14.534135411120587
16.2,17.105845336132916
12.3,13.38453344264417
12.8,12.966737346549053
16.1,15.939783852518303
14.0,14.067581162584247
14.7,14.64999274733782
15.1,15.513717325346079
16.4,16.459944560017902
14.3,14.232140920168604
13.2,13.19977713021217
15.2,15.213881720113932
13.3,13.353406000795076
14.0,14.559825511410963
13.5,13.46088928206882
14.6,15.413095355674159
17.7,17.526804055611137
15.1,15.047819246625295
16.4,16.40326683985768
16.3,16.01073287060717
15.3,15.507542262235802
15.9,16.003445056499913
14.2,15.066509259362647
16.2,15.31629796827292
17.9,16.109528497710926
10.7,12.736772811364062
17.2,17.2734911612788
14.8,15.166410997690036
11.9,10.761918661828531
18.4,14.976941600965802
16.0,15.741372052496445
15.4,15.455697081481048
15.0,15.291596727693104
15.9,17.001800508958695
15.7,15.478107348637423
14.6,14.722404743093648
14.7,15.137607151729753
18.2,17.958720028982498
14.2,14.102643743986846
15.4,15.009258644888178
19.5,18.552630167971074
13.1,13.107797909993678
16.1,15.935394504718715
11.9,12.008007378643015
9.7,9.113079485716298
15.5,15.669468127103755
17.2,16.70747690575081
14.7,15.252062353218207
16.3,16.092825280469697
14.9,14.92859916956877
13.6,13.768467165034963
14.4,14.586509390819629
18.5,17.50053591755568
15.9,15.694088402524358
14.8,15.220059652492637
15.0,15.293107452831464
13.6,13.751494037467637
17.1,16.89427754667122
12.7,13.2500515425927
13.6,13.717368432498915
16.4,16.41687244447894
14.5,14.73862272896804
15.0,14.681543796497863
15.5,16.999134144047275
13.3,14.314752980955745
16.1,15.382529040623922
15.7,16.43685276369797
18.2,18.584411408373853
11.3,11.366033553917077
17.9,18.46886099598487
15.6,15.349277921108296
15.3,15.14234597189352
14.9,14.656297038687626
14.1,14.162201516161076
16.2,16.197418131574523
9.6,9.98852694942616
14.7,14.688344963160489
13.9,13.442331505069887
14.5,14.58713093501865
14.8,15.631976055330597
11.2,11.25122833577916
13.1,13.164081990391423
15.5,16.622157535370206
16.4,16.559296919673216
14.3,14.819200644302327
15.3,14.719166410446633
14.0,14.515146312336583
15.9,15.40637744939886
13.7,13.231333731449922
14.2,14.043380361632444
15.6,15.517296366975643
15.2,15.34281846560043
16.1,16.425797219377273
13.7,13.929940338657616
16.1,15.955824668519199
15.8,15.560400147020118
15.7,15.327810589515138
14.8,14.913645247346722
14.0,14.233271691808113
12.2,12.391390271077398
14.3,14.72147401285838
15.8,15.240595380028026
15.7,16.191617899901757
15.3,14.902888131357031
18.5,17.745521262826514
19.2,18.849761157354806
19.0,18.781619629706256
17.7,17.37259465531679
16.6,16.04110146491439
17.1,16.757349074352533
15.0,14.763495507388143
15.2,15.278571626055054
15.3,15.374445316454512
13.7,13.289884475063445
10.0,10.42125697087613
16.5,17.244828265276738
17.1,16.447769441554556
16.0,15.012008595953375
16.4,16.374395572172944
13.4,13.358904484895902
18.5,17.915234862768557
15.2,15.995458421122748
17.0,17.088250578090083
17.9,17.868624447895854
15.9,16.165644110820722
15.6,15.522185422305483
16.0,15.656517832103418
15.8,16.240326824743534
15.1,15.19516176495199
14.5,14.680748654995114
18.9,18.8199854727427
9.0,9.53484587580897
10.5,10.480989264673553
12.9,12.780436619126704
16.3,16.944547841208987
14.3,13.89095005946001
14.9,14.903826740657678
17.5,17.558056156296516
18.0,17.45439003314823
12.8,13.710509386226477
16.1,14.377379410434514
18.3,19.308323483652202
15.6,15.648785260940713
16.3,16.67775465919476
16.0,15.891229615870543
16.7,17.089418625262624
18.3,18.230712204414885
14.5,15.518030485196505
12.1,12.149085504934192
18.0,18.31430320822983
6.5,8.965617937617935
18.4,18.6950855111063
16.2,16.40949276846368
15.5,15.802910480420906
17.2,16.58363588494103
18.4,18.321035332774045
15.3,15.659409654908814
15.8,15.755238825600827
15.3,15.217345344866771
12.6,13.425491008762037
18.1,17.017720818985254
12.8,12.252600678009912
18.9,18.34367887728149
17.2,17.612397368244274
16.5,16.315818857750855
16.9,17.090445838082815
10.5,10.9178175922425
14.1,13.089186212635468
16.4,16.65650305483723
19.4,18.879028932889923
12.1,11.428794470964931
15.5,15.3311024505565
14.7,13.923572093655821
17.1,17.644890736002708
15.8,15.95903903402359
12.4,12.279266902711242
14.9,14.595421680045547
14.8,15.776206903581624
12.5,12.763872413663194
15.8,15.600291224865941
15.6,13.573698839027202
15.6,16.167774033441674
16.1,15.687992853989272
15.8,16.407274356432026
16.1,16.496599277772475
17.9,17.736689105338883
17.1,17.008749928987527
18.5,18.3141726453905
16.6,16.585003470579977
19.2,18.92958480870584
15.2,14.92294683907312
15.2,14.221798825663427
11.9,11.55124625924509
16.4,17.25610523793148
14.3,14.742155071631714
12.6,12.12724290296319
16.3,16.653430330567062
15.6,15.546730420654058
16.7,17.1581291981056
9.1,13.264464513747953
15.5,14.618212745965138
17.0,17.426438065594994
14.6,14.652897179767024
14.0,15.535770298738498
15.6,15.461062291979033
11.7,12.551111245382344
13.4,13.592744221245084
17.3,17.52547348185908
15.1,15.06745882882933
15.6,15.364412225524575
17.0,16.63101108464616
15.5,16.42667697919387
15.5,15.038959772515227
16.0,16.163700864330167
9.5,10.414161352091469
16.2,16.117127843783237
15.4,15.512741397593345
16.2,16.55772894488473
14.6,14.811235384797328
15.0,15.212392391598769
14.5,14.846273138831748
17.8,18.16431677491346
14.9,14.887758264776494
13.9,14.926190871745348
8.3,9.763343793849344
16.5,17.069146886955423
15.2,15.086402458982775
17.1,17.134444823626836
16.5,16.614648495076835
17.2,16.870514256970637
15.5,11.975354634807445
14.9,14.893255830043927
17.9,17.520169479386823
12.6,12.24783447169466
16.5,16.051611467402836
16.9,16.792725093826448
16.8,18.074358024052344
17.9,17.6178754786597
13.7,13.776092996296939
17.3,17.399300358898472
16.2,16.395383788760228
17.4,17.41050933295628
17.2,17.29311265976139
10.3,12.451590397748078
14.9,15.261170445883181
18.3,18.014653348102
14.5,14.971058434573933
12.3,12.198983397101983
18.8,18.757945589430165
15.2,15.421660470485222
16.5,16.30774412315077
13.3,12.254024850204587
17.2,17.34721001939033
15.8,15.607976442202926
16.8,17.282124783057952
16.7,16.712202241134946
14.8,15.423105679190485
12.1,13.056733339995844
13.9,13.840392696820345
14.4,14.496476759759389
17.3,17.552589602360968
17.2,16.56839377176948
14.7,15.45054078949397
14.0,13.851788781277719
13.5,13.790574049551651
19.1,18.822482266637962
15.7,15.35321130331431
17.1,17.36390075975214
18.7,18.003770707233343
15.4,15.53702722986418
14.8,14.892294444900472
16.1,16.23708383110352
17.7,17.059475646005012
15.8,15.698945525131421
12.4,12.573280701113617
13.1,13.2177120372653
17.2,17.75093232266954
11.7,11.987877810141072
17.2,17.09371161609306
16.9,16.812073476670776
16.9,16.52480565707083
14.5,14.403063127252608
16.1,15.45046366814313
10.5,12.64991097029997
18.1,18.597642967273714
17.0,16.614154739654623
15.8,16.07380441222631
14.5,13.911749962722752
16.0,15.437442400216241
14.6,14.605921874786873
15.9,15.546891119975044
17.2,16.845827453646052
15.5,15.963897813067888
13.9,13.688278314773925
14.3,14.672103302063988
14.0,13.714666389598278
15.1,15.65435436842381
14.6,15.507050813102978
18.6,18.216915777360555
15.9,16.158910869504325
15.0,15.161764139458683
18.1,18.117672518859763
14.6,15.367325244818858
13.2,14.29020637911708
18.2,17.062611630215542
12.9,12.589976658811793
13.9,14.5311860475922
19.7,17.74099451167058
13.8,13.380009447224438
16.1,15.971316006285633
19.2,16.801416290254565
14.8,15.579713048096892
13.2,13.630803553711303
18.0,18.002632368436025
16.0,16.10619386322651
12.3,12.247187664725061
15.7,15.307658383337184
16.5,16.289631714462303
18.2,16.86160362197552
10.3,10.32859449505122
13.0,13.384730805060826
14.8,14.905912610585801
18.7,18.638769580225926
12.5,14.323989763295685
14.4,14.927051336495424
14.8,14.918121416634676
14.7,14.520161757041933
14.9,14.791839761659503
11.8,13.507488836858101
14.5,13.859749402536181
13.5,13.0216817149485
16.7,16.603809365093184
16.0,16.243818899842154
15.9,16.437074963920168
16.2,16.35706933995607
16.9,16.759215753432727
17.6,17.731140901800245
13.3,14.09725737926783
15.6,15.549437183450209
13.7,13.280688847706188
19.3,19.074649052869063
19.2,18.299338108627126
14.1,15.304661496664266
13.3,12.527730900445022
19.1,18.46070384113409
19.1,18.960658383148257
14.7,15.037711693759775
13.1,12.51181748462841
16.4,15.962782889939263
16.0,16.21261326925014
13.9,14.47368679050669
14.8,15.093007890449371
13.6,13.402684851276717
16.7,16.592984232811432
15.9,15.437497919425368
15.4,14.13505833308227
15.6,15.160939839755883
15.5,15.323454329485685
18.5,18.46233264019247
14.6,14.19134813194978
16.5,16.381909357998666
16.6,16.350121233146638
8.0,9.742084358877037
17.2,17.199299856321886
13.7,13.212698881572578
14.1,14.060663137515803
13.5,14.376148059265688
16.3,15.193769914967561
18.0,16.52659775898792
17.0,17.621151686325902
16.4,16.217758184044214
16.1,15.842232533967035
16.4,16.328574003186077
14.9,14.584036789896345
14.2,14.287807345070178
15.1,14.743857467668931
16.7,16.948604055447504
9.6,9.757641205156688
14.3,14.67464564437978
14.7,14.52007908327505
14.2,13.911223919480108
11.2,13.116436207084917
15.4,15.657479258014064
14.4,14.680341804723867
18.6,18.901999193905795
14.7,14.822791351369233
19.2,18.95959880114242
10.8,9.7708219512715
16.1,16.116688618225453
15.1,14.503626346981036
6.3,8.613373950967798
15.5,15.363926630092465
19.5,18.735054753167788
15.0,14.830590461555403
17.2,17.4724913489772
14.6,14.910074531682767
14.1,13.804142690903973
11.8,11.777913599289604
12.2,12.823363518811675
19.5,19.196686938281346
15.4,16.262456212483812
17.0,16.564476660685614
15.6,15.686324839436566
16.2,16.323382200323977
17.0,16.559300755820004
16.1,16.239152358859428
14.6,14.059466303300724
19.1,18.845582082576584
18.9,18.415174468129408
17.5,17.255411603488028
15.8,16.144857745894114
19.4,17.41654307715362
13.7,13.99286521436261
12.3,12.437730682289839
8.6,8.508560513582779
15.4,14.958867012497649
19.3,18.463350822863504
19.3,18.408834634748928
14.2,14.055917913039593
12.0,12.526204761787085
19.7,18.464380610035732
15.8,15.713394079226418
16.3,15.798307136748917
15.5,15.16719894633934
15.6,15.802958201245929
15.2,14.69875114428578
14.8,14.69180430061897
15.5,15.620771930791307
10.8,11.404048723517917
15.1,16.00746128427636
15.5,15.135788086103275
13.3,13.429954035120318
14.4,14.666968154037022
17.5,17.184650685056113
14.6,14.676809309923556
10.8,11.817467029759428
17.7,17.805195674274728
15.7,16.416567056763597
16.0,16.61005114352156
14.3,14.591142291028518
16.1,15.819225757637469
7.3,10.428601134603014
9.0,9.417087732555956
13.3,13.409403673111228
15.6,16.14506061942666
14.6,14.595660584629513
13.3,13.561621619161087
11.3,11.31402125992463
19.2,18.089526351715904
15.5,16.23238963156473
15.5,15.534025550734441
13.4,13.09658761654282
13.4,13.658173695235746
16.9,16.369469418074004
13.1,13.127723506651819
14.7,14.85431764967143
11.1,11.60758803493809
15.2,15.57358882742119
13.9,13.650173042904498
13.0,13.400749668013304
14.1,13.62065799530319
15.6,15.713367246673442
11.7,13.258051085726038
16.0,16.224483689486078
12.5,12.955031140561914
15.5,15.087042088329326
16.3,16.33608623375767
13.3,12.630141085235664
9.8,9.15021088037247
14.8,15.310464881044027
14.1,14.019961763027823
13.8,13.560085059856647
11.3,11.963401910616085
12.9,13.137328573415289
14.6,15.178787502451087
16.3,16.508627346598587
14.8,14.610655314467294
11.1,12.344118809211068
15.9,15.512791176068276
17.1,16.787314679042538
15.0,15.108693413378205
14.0,14.01875202942756
17.8,16.921973264194094
15.6,15.503623449174484
8.9,9.807917191763408
14.1,13.91197885706788
15.2,15.174621080135694
10.7,11.089987965626278
15.5,16.264187234293786
14.0,14.073176259731554
9.5,12.50396115804324
13.4,13.436641771462746
15.2,15.236835937717842
15.6,15.742788694464252
10.3,13.515612392511684
15.1,14.710253246437787
12.2,12.146907798094617
8.6,10.381310787925031
13.5,13.949471808562521
18.9,18.759526492613077
13.6,13.198239129618742
14.6,14.618543147778837
15.7,15.24384866436958
9.3,10.847870071360376
15.6,15.201775973811891
16.8,16.676479358051438
14.9,14.906376826373162
19.3,18.36323095721309
12.5,13.011703928379575
16.6,16.60858910603929
14.9,14.551047504344751
12.2,13.050896574626677
18.0,17.64719753235113
14.6,15.20699287226671
16.3,15.908506281266455
15.6,15.1604454012122
14.5,13.857771825892996
15.2,15.062828538215399
11.9,15.180746123020072
12.7,13.120920187968295
17.1,16.628632904961705
16.6,16.296707760280697
14.6,13.672952175902537
16.1,15.772399955521905
14.1,14.87115690211067
15.3,15.06571905410965
14.5,14.507789075840265
18.7,18.694633209437598
9.1,9.434383314335719
17.9,17.398976998374565
13.6,14.042105355707463
15.3,15.658415146783227
15.8,15.41458858302758
16.8,16.000100391043816
8.6,8.576369174983483
16.2,15.837626717187959
13.6,13.545700729358941
19.2,18.83817449718481
16.4,16.20561976724275
14.5,14.55546416096331
15.7,15.38727658559219
14.8,14.808158739417195
13.0,12.72698345722165
14.9,14.764973992456362
15.8,16.020449370784263
18.7,18.09986108064186
15.3,15.195967713987557
14.6,14.904573263367638
14.6,14.50744765172567
18.2,16.100721424096264
13.0,13.02304467067006
14.8,14.687227231381257
14.0,14.27861423671493
17.2,16.89150468391017
13.6,12.916987260628957
14.4,14.591490945487749
13.1,12.861004222679185
16.9,16.861200151812227
15.1,14.996016673341728
11.0,11.670617852567375
13.1,13.606182930525392
16.2,16.215806860509474
15.9,16.045494295074604
14.7,15.161560145897965
13.7,13.64207782628364
15.7,15.42152824079676
15.1,14.18084210093366
14.9,15.113011409939645
15.0,15.17863203152956
15.3,15.869749440600572
15.0,14.517365494990372
14.2,13.787869727384532
7.0,8.777285101183224
11.1,13.246928331733216
15.8,15.541962299517763
14.3,14.712866625282913
15.0,14.938618135056458
15.0,15.732794863259187
17.4,16.532778056280222
13.5,12.449110181391006
13.8,13.758644601592096
13.2,13.913776530593168
12.4,12.452538291778183
16.0,15.89381459762808
13.5,14.16397251325543
15.0,15.311629495336092
12.6,12.612393506016815
14.6,14.393790792571963
14.6,14.87542721972568
8.2,9.265739403432235
17.8,17.353607606026344
8.5,10.191452190978453
16.0,15.536156166901492
10.8,10.377692710448173
13.7,14.226215954526197
13.3,13.913141777680721
15.3,15.220471368636936
16.5,17.076261962298304
14.8,15.155411151674343
12.4,12.486402353795711
15.1,15.0462505368032
15.5,15.401872168906266
12.9,13.42343645811161
14.6,14.505254635412712
12.8,12.136049640830606
14.4,14.506805290195189
15.0,14.897704387163685
12.2,13.162869758351007
17.1,17.99809136260592
11.6,11.764385649759788
15.9,16.158918702152732
14.5,14.604153809777927
17.5,15.407312750705387
19.6,19.019321904168464
18.3,18.590805564483162
10.9,11.097404915373772
18.0,18.251423639827408
10.2,10.941247254377231
15.5,15.482213149800373
8.1,11.384291110536651
15.9,15.174507320047269
13.4,13.675587578152772
14.1,14.197079326613675
19.5,15.757377397385426
17.9,16.808544079423882
12.1,11.635517257032916
14.2,14.085339543264126
8.9,9.964101734571159
12.9,12.70285257553769
12.4,13.28951338873594
13.8,14.446112003279268
17.7,17.464133500619937
15.5,15.648736491733871
13.0,13.17211326729739
19.3,19.104764215269824
16.6,16.582239468581975
16.0,15.50302141778593
15.1,15.792918837802063
16.3,17.08286784630036
15.2,14.73097830536426
15.5,15.95560883897997
12.6,12.128562257712474
16.1,13.072251340025105
13.5,13.476128924492514
15.3,15.265575460674881
14.4,14.602495730214287
19.8,18.05106428655563
17.0,16.369147488789167
14.2,14.160296335729072
15.1,15.465843839574518
17.7,17.2243929762044
18.0,18.363012662011897
13.2,13.58920013831812
16.2,16.29439869682392
15.4,15.427711202355567
14.5,14.78657813204336
16.7,17.00692343377159
9.2,8.903674104603851
16.5,16.643923093353806
18.3,18.401959815848386
16.7,17.258835012360578
16.9,16.689800280350028
17.5,16.18726929728109
14.4,14.67026022594655
13.6,14.138226340524852
15.5,13.409603990847245
13.5,12.837078681739513
12.9,13.826156548579092
19.9,19.256130797148217
19.8,19.219033118279185
14.4,13.811977877281606
12.1,12.022038894036086
12.0,12.066027368186042
14.2,14.536799038847676
19.0,19.090710333606694
18.1,17.98415758815827
14.7,14.833776829531416
17.1,17.885698966565542
12.8,12.5868642370624
13.8,13.962027113948352
10.1,11.388333108043298
14.3,13.967569751199335
15.2,14.753492494986858
15.3,15.159687721999944
10.2,11.023902621818706
14.3,14.709679101657457
15.3,14.90472069446696
17.4,16.60416427331802
18.3,18.18647108413279
16.3,14.928615229966454
18.2,18.348888195236214
17.6,16.8385236596514
13.2,12.502515322237741
12.8,12.267730897990987
16.5,16.35348163114395
14.6,14.392976317849389
16.0,16.656741055739985
14.9,14.323316052206792
10.1,10.490223689528648
15.4,15.698401336790994
14.5,14.708420327631757
19.4,18.984979869710514
13.6,13.900477996998234
18.0,17.480291957763257
14.5,14.589590440315078
15.7,15.403309798479313
17.6,17.184534170097322
14.9,14.440237150003668
13.2,13.196487350403913
18.5,18.486608057748526
12.4,12.836961407538183
10.4,11.609889625411597
14.8,15.222568318946287
16.7,16.60391019290546
15.4,14.099345690890914
10.2,10.464047326328
16.6,16.955036165425554
16.6,17.37619946562336
5.6,7.231636255281046
16.2,16.45461733501361
16.3,15.741797428374412
16.2,15.003284326667199
15.2,14.92370221807505
6.8,9.709525751473848
18.2,17.471773657976883
15.0,14.887941059394507
14.9,14.784146061898355
15.6,15.528906543657286
14.9,15.36229780362919
13.2,13.841371359510958
13.1,13.945255021521007
13.4,13.132020280056167
18.5,17.92003187595401
14.7,14.855072274285703
15.0,15.024120349204168
18.2,16.860730061689537
15.1,14.408607396559091
14.9,14.893779298494337
18.4,17.985423674839694
15.3,16.430163771205116
15.4,15.374092750866112
6.7,8.859348590951413
15.2,14.244814493722515
19.5,18.237804167354625
14.5,14.713381375622703
15.6,15.448602736927569
15.0,15.173419355793158
14.8,14.559705328923883
13.9,14.491896249737692
15.4,15.296228104591137
15.1,15.277730270714528
19.3,17.250068746598117
8.7,10.810170602315338
13.9,13.840749238468561
14.4,15.062882116515539
18.8,17.284776591352056
18.4,18.345175800546713
18.9,18.656151627306826
11.1,11.468429839413147
13.8,13.109437812672695
16.8,16.376728862785967
19.9,18.62207700149156
19.7,18.53706751329446
17.5,16.51854989820822
15.1,14.938789848820306
12.2,12.73470489576357
17.3,16.480418868828565
13.0,13.308922315096424
12.3,11.850884923711419
19.7,18.861729838477913
15.7,15.587792397243902
16.9,16.538917857105844
15.1,15.379155165304837
17.2,15.990022303783917
13.9,15.2364773150166
10.7,10.199577198713087
15.5,15.021725106460508
15.8,15.269149890111294
17.2,16.148455156944692
18.6,17.883330536107678
15.2,15.329515119083226
17.1,16.682876278588083
13.0,12.400680487218779
16.5,16.275447908386923
13.1,13.299807578150649
14.0,13.961542299133725
19.8,19.119276341691148
19.4,18.832760759920347
12.9,14.36894143759855
16.4,16.356878590537235
19.7,18.57550981919485
13.5,13.610446467591828
15.7,15.090295994854387
15.3,15.31810513970413
15.3,15.984739775667549
13.7,14.81491457831362
14.7,14.778492333249233
15.3,15.546145184285706
15.6,15.6183097854082
15.4,14.85198967645374
15.2,15.379077839053934
13.1,11.372814640868455
16.8,16.32187472646183
15.2,15.980598846850626
15.6,15.440261037263554
17.6,17.588792318267224
15.6,15.359121235396742
14.6,14.971492522454355
15.5,15.49257917344221
14.2,14.208594057359733
15.4,15.139949854783481
13.2,13.993738835997647
15.6,15.818013344593055
15.1,15.633194407440897
14.8,14.780239257908761
15.3,15.621426709949446
13.0,12.67141671385616
18.8,18.666988586832304
17.4,17.380199098639423
18.6,18.61129976407392
15.1,15.006853367754957
17.6,17.626441097381758
14.8,14.936450282140868
9.9,10.403197016130434
15.8,15.337897326564416
19.4,18.888362389057875
15.3,15.987514943255519
15.6,15.185602908433793
14.4,14.997231756686233
16.6,16.642801279813284
15.4,15.045561300503323
15.1,14.858457235739479
16.1,15.81092420371715
14.4,14.512351322831819
15.8,15.572512028738856
13.7,14.229684092808384
12.9,13.818704358393006
13.1,14.395814085466554
13.7,13.980647067568498
4.7,6.589425305777695
15.3,15.248497807071544
14.5,14.60679911900661
13.2,14.283565069141332
14.1,14.143821943440344
10.4,10.849834859895054
17.1,16.971734766557347
14.9,15.097036825609393
17.9,17.404485548704542
13.4,13.236204397519032
13.0,13.92457330713296
19.5,17.697076068565366
16.4,16.140503371338127
15.0,15.029568731719337
18.7,14.88834418344777
15.7,15.539264746039407
19.0,19.18968149423017
18.9,18.696776273602154
15.1,15.224005940521238
13.9,14.054098808086565
11.1,11.364667365676723
14.0,13.921881110640243
19.0,19.043696871522116
15.5,15.92734297462448
19.9,19.32908507337561
13.0,12.912468949652975
9.9,10.896846338611795
17.3,18.228395917336456
17.4,15.958890031033661
15.7,15.842941227077972
14.9,14.574949558416847
13.9,11.359960177214816
9.4,9.717373115825467
16.3,16.17927991502802
12.4,12.993900305067655
16.5,15.411160280087643
12.6,13.018786513937812
14.4,14.574273938638726
12.9,13.219526966189733
14.6,14.515813359001186
14.5,14.609642554511083
15.8,15.6117940945187
13.1,12.887852272921009
13.7,13.642089882694563
11.3,11.891434293240309
16.2,16.68430002340756
15.6,15.32833037927412
16.8,16.435196635597094
15.2,14.795387396981823
15.6,15.337428296072176
15.5,15.07778427147423
17.3,17.606384472284844
14.9,14.989427643236922
14.4,15.7232972059046
14.5,14.721066801710549
17.2,16.74374328297563
18.5,18.77966901732725
11.7,14.10119808393938
6.9,7.625714584020898
11.3,12.402765993378125
6.1,8.296481532423059
14.5,14.376555772789288
16.6,15.964793431012367
11.9,12.749152001812035
18.4,18.651035755407065
16.2,15.441087507730117
11.2,11.337712309788913
14.6,14.341338821483077
14.9,14.733976119365252
15.6,15.369425483339
16.9,17.751964584749658
16.0,15.56754949776223
15.6,15.090306076599518
12.0,13.099215693560836
15.4,14.222169655404286
19.1,18.85602875094628
18.5,19.0603242048237
15.7,15.38212664364255
11.8,12.845733861089684
14.0,13.778733856481267
19.7,18.38727822934743
13.1,14.202887411345728
15.3,15.111195667413995
14.5,15.153679559356533
11.3,13.420413635787554
15.7,14.916793323460297
12.7,12.659208804834634
11.4,11.914527927496238
18.4,17.09086986078546
14.7,15.526703108567744
15.6,15.511106901423773
10.8,11.711004017735831
11.4,11.291720322133187
15.7,15.562511172436643
15.1,14.754926725587211
14.6,13.909346722997725
17.8,17.76744006568697
13.1,13.096881496141577
14.6,14.819200592988636
12.5,12.763576190831373
15.3,15.304981203811622
11.5,11.98623217525892
15.4,15.242298225261038
15.3,14.54729215070256
6.2,9.427685890434077
17.0,16.263856272620615
10.7,10.711401520558866
17.2,18.374007497302955
12.8,12.725675213208888
18.2,18.628501766943373
16.2,17.027492827823153
12.2,12.947486522403779
16.0,15.55430951807648
14.5,14.412830774035683
13.7,12.8738867417851
14.3,13.357157248978183
9.1,9.353892282673769
15.3,15.664170247851871
14.4,14.026210918695142
16.4,16.414474323646573
12.2,12.688505256406643
15.1,14.945234795537544
6.7,9.285090721619781
12.2,13.658625873387791
8.6,9.530144608408591
16.3,16.063502022203465
13.9,13.67823413653241
14.7,14.40532663500926
16.6,16.619776993353298
11.9,13.123605466451409
15.6,15.185408529359847
13.6,13.654043800896034
15.4,15.351010394519108
14.1,13.785780081005214
16.8,16.73199150871369
19.5,18.22192822143552
19.2,18.87009620732715
14.4,15.244891295737034
13.3,14.412784942833241
15.8,15.377093850256642
14.8,15.969760303501971
14.8,13.958323084923904
16.1,15.911730624502525
12.4,13.229267521877773
10.9,10.747692632197868
15.4,16.830119828722673
12.9,12.403446039190385
18.8,18.521385789383203
11.9,11.78760582616087
13.4,13.103909863930312
12.0,12.625176994268259
15.6,15.672332637917862
12.4,12.27999449838535
15.9,15.469343694509007
13.2,13.44115561027138
13.4,14.268649741017725
16.4,16.925092093271815
19.6,16.39005394722335
12.8,12.39509762817761
19.1,18.922545638342854
9.3,10.80505243607331
16.0,15.870305145152088
19.0,18.45767099625664
14.3,13.988411857764731
16.4,16.873634017509175
15.8,15.583652986590096
12.7,12.968502387933768
15.7,15.202276540363528
15.1,14.534491755970521
19.5,17.48434691329021
17.0,17.0124267420033
14.1,14.749013984433986
14.0,13.448431781493127
14.6,14.531839567749557
15.6,15.362861513422104
13.9,13.774066569720162
16.3,16.50161887242575
19.4,18.451561129681068
15.9,15.560063973072829
14.1,13.879841505884542
11.8,11.877833074337104
15.9,16.28039819683181
17.6,17.75464517128421
14.7,14.96023249370046
19.4,18.728862869436853
19.4,18.957899486180395
17.2,15.724362784356344
13.8,13.690830426377943
16.4,17.33638405665988
19.0,17.412217957200482
19.9,18.500536872888915
18.0,17.827659363101702
13.1,13.565151870192494
15.5,15.768950223928186
15.2,15.191563261649208
19.9,19.72772617841838
13.9,13.859966575313592
17.5,17.03687371892738
10.9,11.018284924910404
19.7,19.104460195521824
15.9,15.81964931928087
9.0,12.07862501469208
17.2,17.65925105093629
18.4,17.82653879947611
12.2,12.57413001448731
12.0,12.270099705900066
15.7,16.053975624938175
14.5,15.037769513670355
8.1,9.998832186713116
19.5,19.168017956457334
13.0,14.139322413277114
19.7,18.877266983647132
17.8,17.18266220598889
16.2,16.235415436494804
14.6,14.39132217535007
14.6,14.393864685553126
10.3,12.268755657365546
15.1,14.92081430122198
8.4,10.854155035049189
14.8,14.690750332263633
16.1,15.88508197102783
13.9,13.769496654625982
15.8,15.701203946115129
13.2,13.28646533502615
15.0,14.838388919146382
13.4,13.818387069361052
19.5,19.04577860936115
15.0,15.64407681537341
14.4,14.310742089000996
12.3,11.401571451919153
7.7,9.673150917515159
14.5,14.143957959258842
14.6,14.61402307588105
10.0,12.58979937305412
19.8,19.264576796471374
16.1,15.893035725650407
11.9,11.811168715328677
14.8,15.293845415086253
19.6,19.135528371611144
14.5,14.663397392228944
19.9,18.715344252166688
13.3,13.452565127547132
16.2,16.647683678980684
17.4,17.61065526373568
13.6,14.865138146898971
15.9,16.507931847241707
12.4,11.68911448714789
16.0,15.85851339695364
14.3,14.864595316437772
12.6,12.504372224211693
14.9,16.174456369044492
10.1,11.35214908310445
13.0,13.665107345665092
15.0,14.88752440258395
14.4,14.436138642038713
12.3,12.922771792276762
14.6,14.860390473768348
14.5,14.98299948516069
14.7,14.196924614865566
12.1,13.568289406277472
12.3,13.55167452734895
18.1,18.24825198398321
13.8,14.312556707911426
16.0,15.579697685025167
9.9,9.807795777058345
13.9,14.455576070209645
12.6,13.197214061307022
12.1,12.72025161574129
13.0,13.123568850067386
16.0,15.880748932584538
14.4,14.951543533850781
16.5,17.32248734361201
18.3,17.61422469212812
13.9,15.035677440275322
11.7,12.83007225842448
15.5,15.25414460443426
11.7,11.303428586688824
16.4,16.631170312499307
18.1,18.294943911372684
16.7,16.740427416516468
14.7,14.303830065116927
15.6,15.416172344426741
9.9,11.040782264084555
18.8,19.13013698827126
16.2,15.90720076256548
13.5,12.671136999797454
17.8,15.358087524689836
13.6,14.662862218308874
13.1,12.812268008216051
18.2,17.8694399552478
14.6,14.370890815745952
12.0,12.125213376944885
15.1,16.86810687626712
17.3,16.342514151390787
15.7,16.103924553346587
17.0,16.94936355910977
16.2,15.887164944455435
5.5,7.448651829821756
14.1,13.925756399728925
17.5,15.164237154065631
18.7,18.896656597789843
14.7,14.70998234648141
13.4,14.517342976527289
15.4,15.575704163173214
14.3,15.230193156608948
14.4,14.388522568711778
15.9,15.207803342666011
12.8,14.153088336519431
15.0,14.995833723951364
13.6,14.282345079198421
18.6,18.002870658354368
14.4,14.659889667091193
11.8,13.068170732760336
15.0,14.609022585558705
14.4,13.855584965145681
16.3,16.253669622004963
16.3,15.780092667846475
14.5,14.775061652384466
18.8,18.751775462271326
16.4,16.453342235443415
18.8,17.881392267212505
15.8,15.950592872832203
15.3,15.197474064552807
14.4,14.216589327785186
16.0,15.333068055449985
17.7,17.888189823032008
19.2,17.988836073782295
19.6,19.40847088044393
12.3,11.912879598647123
17.6,16.837491225960548
12.8,12.910564685240388
11.2,11.642284069937887
15.7,15.803897188801784
18.3,15.337674680038617
14.7,14.200279101909473
15.0,14.984667791097309
14.6,13.356984683865448
17.0,17.051138360620826
17.4,16.65966400934849
15.7,15.531777328345925
13.5,12.836173645337112
16.9,17.00663589870055
19.6,18.48130625160411
9.7,10.705850606434979
17.1,16.668616575570923
14.3,14.750410307358834
17.4,17.346135700674495
17.5,17.262560721021146
12.8,13.231206798664061
19.3,18.79893806698965
19.4,19.174328297027387
15.9,17.527700294274837
14.3,14.031250308471499
19.6,18.778239626728464
18.3,18.91912034669076
12.8,12.924721521500032
15.7,15.247844823257765
16.4,17.412562587764114
15.1,14.682672934290167
14.3,13.959678136361617
14.1,14.07114563070354
13.4,14.262980571569642
17.6,17.35997803870123
10.9,10.773130728373872
15.3,16.666207408328773
8.2,9.950336081645219
16.9,17.66917453952192
15.2,14.99291452311445
14.1,14.222070836025523
13.7,14.811053015611833
19.3,18.372174416121197
13.7,14.347168612614041
11.5,11.13215670012869
10.9,12.653445477655623
12.4,12.598112752719317
19.2,19.256724042177666
17.5,18.765718495007604
15.6,15.249745077453554
13.2,13.4316290661518
18.1,17.801145040022675
13.1,13.645932040381012
14.8,12.892164784227134
17.6,17.283226541709155
15.8,15.82861109735677
14.4,15.121863788925111
14.1,14.292133707582252
12.8,13.450477469339603
11.5,11.933198487011396
13.2,13.196408016083296
17.5,17.434361557738157
11.1,11.463247833948117
16.2,16.566589736146852
12.8,12.745068555574107
14.5,14.72940641499008
16.2,15.401594036025926
14.4,14.007106551231118
15.6,15.236834135343088
15.5,16.236377534660278
19.0,18.145330512721557
15.7,16.553241372399498
16.8,16.044741889281795
18.9,17.916516593599226
14.4,14.442350186523981
16.7,17.150441457342822
14.0,12.840006368933246
14.5,14.285231053901953
12.0,13.57647005524268
13.4,13.07563318964094
11.2,10.696851910062833
12.1,12.629854653321672
13.1,13.821856818540255
14.7,15.592756307363743
15.7,15.69746543356814
14.8,14.737021101411301
15.8,15.637875540094683
10.4,11.904383771325229
10.7,10.271542283997405
12.0,13.601657908293419
13.6,14.166519730817527
15.2,15.476336857420392
18.2,17.636326041305438
11.5,13.453713877184782
8.0,10.171009466430405
13.4,12.791652259946204
15.9,15.65100376224109
15.3,14.816172357765026
17.9,15.845314297417644
9.4,12.082424381078454
15.8,17.936179981858004
15.5,15.36129356600577
13.9,13.290752864733804
16.5,17.078975907468703
16.0,15.142936780539458
14.2,14.362232361891074
16.1,15.751514818519354
12.1,14.430087935295887
14.9,14.828527831763495
14.9,15.116257371846586
14.0,13.863262089813361
9.3,10.835334187780973
17.3,17.598305021387205
14.6,15.789883482389996
15.2,15.41622530798486
12.0,11.82588748971466
16.6,15.89827331082779
18.0,18.69851122482214
15.7,15.848136852197058
12.2,12.303965795004842
16.2,15.73627379743266
13.7,13.369284749729559
16.3,16.246994552755496
8.9,9.59784199151909
15.6,13.58082292106701
16.7,17.029035236337222
12.4,12.995485557388747
14.5,15.460738314784976
10.2,11.080704100750154
12.5,12.456259642262012
11.6,11.093328161718091
13.7,14.662700377612055
16.5,16.890511787118157
13.6,13.670207779243356
14.8,14.835201066045556
16.4,17.113437012187205
14.5,14.603230042790528
15.1,15.191919013766892
18.5,18.340065826821956
17.7,18.132808499387465
16.0,15.84562318996177
13.6,13.37573979247827
18.7,18.014400698884856
15.9,15.744133188505657
13.1,12.904615682724398
13.4,14.199992296023993
10.2,12.921884835872333
17.5,16.96042589074932
11.8,12.681236881504447
16.6,17.616029412041826
14.6,13.739159001910593
16.3,16.147385179885532
19.9,18.13179266269799
13.2,13.635413087904453
11.3,11.903917532821652
10.4,10.613521183346165
18.4,18.252963930397527
14.4,14.408310115104541
13.4,13.775353159988299
18.2,18.17140521184774
14.7,14.337310018599965
14.2,14.093299305182882
11.8,12.092945774697
17.0,17.581020799843827
19.7,18.64384531005635
11.9,12.918423253460787
12.4,13.358774097490823
17.9,18.154749407607596
15.3,16.63834679815045
16.6,16.313486589177046
14.0,13.372893102525268
16.6,16.37940257916307
11.5,12.248213001003023
12.5,12.596512449788861
17.8,17.742671958956635
4.2,7.495503152953461
15.1,15.352438626117873
16.0,15.384502733533736
16.3,16.41323188934257
14.8,14.462311276758555
15.5,15.31936799464529
11.5,11.656375725928228
18.8,18.319237632327713
14.6,14.245428823493057
12.2,12.29627835075371
14.1,13.55246164361597
15.5,15.388428259786451
11.3,10.881943475280423
16.3,15.715544767561369
9.4,9.842689672717825
11.8,12.380444735579658
10.9,11.903369641455356
16.3,16.22633418033365
15.0,15.77416863257531
14.8,15.413648236170047
14.2,14.21188213723326
16.3,16.426225772389444
9.9,11.346413120540092
14.3,13.823611272557173
4.9,8.85400865826523
12.5,13.480424021196086
15.2,15.023259834304554
11.3,11.91827442945214
19.4,18.828968655405333
13.4,14.415694517199881
12.0,12.434337777085602
14.0,14.63414005737286
12.9,13.878830423636828
13.1,13.439210649754386
16.3,15.674467978999019
13.5,13.507394466147161
9.8,10.20179653604282
16.6,16.42247388952819
13.4,13.150301154528279
15.0,14.847526640020078
13.6,12.141342558494216
12.1,12.188600418914575
15.0,15.26702889387343
14.4,14.168332754663425
16.3,15.539782633830328
14.5,14.067692858356168
15.7,14.922921235647664
15.5,15.284672892361414
13.6,12.646163598954445
13.0,13.163066590401286
16.6,16.986566991865402
15.6,15.201651665138343
16.7,17.08627956615237
14.9,14.915131363644832
9.7,10.013956731650978
17.5,16.301554744777604
14.9,15.96005237987265
13.9,15.041223375155823
16.0,15.653136268059825
12.9,13.248446244513616
13.9,15.352117388043553
16.8,16.569066898839083
14.0,14.138134771957994
13.5,13.487965652253479
17.8,17.658942852940527
17.6,17.08899412761093
13.1,13.488805390519701
19.1,18.931321711002965
17.6,17.27156721559004
12.8,13.909900950375231
16.0,15.8810273486597
12.7,12.559938765887637
15.6,15.021784348442452
12.5,12.807634356606286
14.5,14.373504871240584
17.7,17.92600031767506
14.5,14.086655499471817
18.4,18.00050021291827
15.5,15.336163933679927
17.4,18.22939648256579
18.6,19.314062836696394
8.9,9.678158688475378
16.0,15.612649376795162
9.4,10.14562376041431
12.1,12.723262632498518
10.4,9.787616421614075
4.6,12.668042610806879
16.9,14.42886885534972
13.4,12.768399866879918
14.9,14.74441382670193
10.7,12.379337342455983
19.3,19.23651833605254
14.8,14.927332506049424
19.5,19.229554875637405
14.5,15.134396357578225
16.2,15.94903336657444
16.1,15.771425904764328
15.4,15.710059346689377
19.8,19.086321576527553
15.6,15.001531335379696
14.2,14.51078597482774
15.0,15.537301399133867
14.1,14.590465437038802
10.1,9.93398543127114
18.3,18.543100223789224
16.1,15.679622452098556
12.6,12.893677737156395
13.7,13.957097543840064
19.0,18.451975614239927
6.2,8.877617288322654
14.2,14.332895823346917
14.9,14.812244044562249
7.6,7.998097946139751
15.1,16.12313892585189
11.2,10.73732808875502
16.1,15.723972990177572
10.6,11.257527610752732
16.4,16.821738124548574
17.4,17.25623807538068
10.6,11.051717716560233
12.5,13.532193969935179
15.6,15.118832581967581
15.9,15.343393857663614
19.1,18.671922793786507
15.7,15.37297609754387
14.7,15.311527703597676
14.9,14.98423944751812
14.1,14.37325880737626
14.0,14.326680211001076
15.8,14.749683724279748
16.1,16.080250127299223
9.6,10.776342967699748
15.0,14.943109281091893
11.6,13.28177152041826
10.4,10.877430394350085
9.2,11.85541753936559
11.8,12.640527754963841
11.6,12.065717243378458
12.3,11.874229803946946
14.3,14.24974227507846
11.0,11.439353282592492
14.1,14.572491951785196
15.4,13.802193570154486
15.2,15.07861279003555
10.6,11.336045705305878
10.6,10.778761785884853
11.5,11.400947941321647
15.7,15.722622269357089
13.8,13.865460632776376
19.3,18.994802161003463
10.4,11.396117866479472
12.9,13.02891985484166
17.6,16.641259423315205
15.1,15.487097101990003
10.9,11.154427107481752
18.2,19.303858490777202
16.3,16.40367773219259
13.3,12.909937490650918
15.0,15.42466985376086
16.4,15.758612092322437
19.8,17.695914511834417
15.0,14.929576702896156
11.2,11.71773607833893
11.0,11.07768303080229
8.9,9.479118913790444
11.6,11.79280379001284
15.1,15.067037009663181
12.4,12.647765770470869
7.8,9.789312338107266
12.7,12.322413599151332
15.5,16.50306900398573
15.3,14.77765132775312
14.0,13.73879022078836
15.6,15.229394510173734
14.2,14.473817108315416
13.6,12.56727568968563
14.7,14.857205522908771
12.9,12.622791791771306
14.4,14.963235613649886
17.4,17.702772251039278
18.7,18.78513302563806
17.7,17.56238945540099
14.8,14.644804388102784
13.3,13.627424132078886
15.9,16.549611099268077
16.6,16.70469955081353
17.0,16.562053288325842
18.9,18.70879547210643
14.8,14.060386461089365
16.0,17.447980028715392
14.6,14.667598197091138
14.3,14.519840624245262
17.0,17.47186304826755
14.8,14.552012757823832
15.8,15.776153881195569
16.0,14.408598780981265
14.5,15.172578863886883
15.4,15.197447275277227
12.7,13.120563249918632
14.4,12.77149632433975
11.5,13.755948633333901
12.0,11.668598983062111
15.8,17.678964226099197
16.8,16.6737975466458
18.5,18.07113220577594
11.4,13.499927077325992
14.4,14.529409131588181
14.1,14.716837005344132
15.9,15.483903766289586
15.3,14.754889527746855
13.1,14.809631697949953
14.2,13.594398784975056
14.3,14.482055192787811
15.1,15.56234732014127
17.6,17.499632654478773
10.7,12.430986181658227
17.0,16.177339766514706
13.0,13.453589312237455
14.5,14.990291240275837
12.4,12.58542329253396
14.9,14.609583741927054
18.7,17.853458328929264
15.4,16.210013404052006
12.8,13.286771320272237
18.8,18.93220198166091
13.5,12.943915988318622
13.2,13.329070170468185
12.6,12.790112330694683
13.1,13.469807855581166
11.0,11.574712245084811
14.8,15.743774301663507
17.4,18.630269414541544
14.4,13.99788446637649
14.9,14.712550188734895
15.1,14.939008000888862
14.2,14.047789748296054
15.4,15.388652359019034
16.1,16.069170055339782
13.4,13.009732540289406
16.1,16.60667957534315
15.7,15.273278978856979
17.9,16.014626377960667
12.1,13.100771468707535
13.9,14.834220422810176
15.1,14.522908523969818
17.8,18.066067427163944
13.9,13.002413320056803
13.4,12.915349929069635
18.1,17.768541366647696
14.8,14.637333330407273
16.2,16.069069620953087
11.2,14.566526977461763
13.1,13.197251928591868
15.5,14.821812267273344
13.8,12.976863817690173
14.1,14.81327188402065
14.7,14.574273990663642
10.1,11.268855545000406
17.8,16.56082260266703
9.2,12.984712187491823
12.8,14.112481509106146
17.2,17.080398756741488
15.0,14.602447791436134
14.3,15.189002333068856
11.9,13.058975058753276
11.9,12.473886095947819
13.0,12.954839718615403
7.0,10.181538771430496
8.5,11.169186817976879
15.8,16.319350360659882
13.5,13.618602963426383
12.2,13.197229177429108
15.0,14.722718209923187
12.2,12.389786955231102
15.7,15.904175968018535
7.9,12.195610274880892
15.2,14.94801643644314
14.8,16.04171446044711
16.6,16.540988687198478
11.5,12.295675535919145
13.9,13.664702922476863
16.8,16.221399424917763
14.7,14.702295291504925
15.9,15.767723481163557
12.5,13.866316826606635
18.5,18.54887234447233
16.0,15.739506867625096
11.6,12.522363727155607
15.8,15.04780362911697
11.2,11.953634641806275
16.9,15.344814298732672
14.3,14.399896589922719
18.5,18.451596405357122
16.1,15.4200762353139
13.9,13.354556008824147
15.6,16.09944089894998
12.9,13.25689714946202
14.2,14.471092864001548
18.0,18.06538618720151
13.1,14.075439096195623
9.3,9.605683108326048
16.7,15.9547960695636
14.8,14.95078915535123
12.8,13.42069266170438
12.7,11.44427110790275
15.3,15.283495083800517
14.3,14.111135505174389
11.2,11.918209493800532
14.9,14.548457170516485
18.1,18.136499795757118
11.0,11.231915458774893
15.0,15.44560590951005
15.6,15.546585655974923
15.1,15.644847304500217
13.9,14.709340090528713
12.9,12.84799563861452
15.4,15.544764694848709
18.4,16.535197522840463
12.8,12.42045151075581
18.7,18.33828651101794
7.6,11.484946945420234
10.6,11.24538149923319
18.1,17.601077673607506
16.2,16.001152624599854
16.3,17.175463581865188
18.2,18.10037525734515
14.1,13.153538711369038
11.1,11.169068383780541
14.0,14.097587502765236
15.8,16.040343652995944
13.4,13.67553232240607
18.2,18.146838934073457
15.2,15.14188075606944
13.9,13.760846744437004
16.9,17.078547161378083
15.0,14.6869198791901
13.6,13.92798363147267
14.4,13.99725994374603
14.2,12.80651681634481
8.9,9.600976445570268
13.0,12.709096432605293
15.3,14.712943800899666
12.4,13.614456442883238
17.8,18.356066008956986
15.2,14.9344304761089
14.8,14.885973929369356
13.1,13.136668241149891
13.2,13.716805095988093
16.5,16.23864240594412
12.6,12.698750839132117
15.9,16.352439938811585
13.6,13.203569250064902
14.6,14.637693829663476
14.3,14.258576079213526
17.5,17.073064727766905
15.1,14.761094193614554
10.6,11.596212070551701
18.7,18.312818798382068
18.2,17.690291379287373
19.3,19.428799628978595
15.9,16.596170050732326
14.9,15.241231336722194
15.7,15.633982687046228
14.6,14.141434609886346
14.8,14.939583322848193
15.8,15.767708971421598
18.2,17.23193340844591
14.7,14.365788129391149
13.9,14.268763725733152
13.0,14.072872965829447
16.4,16.513340325676836
13.1,13.600811232463457
14.0,13.230187030072557
11.7,14.21198451082455
12.9,12.997096363920718
15.6,15.480540748569183
17.0,15.80387348862132
11.3,12.30822017841274
14.9,15.277912928548176
16.5,16.975071153276076
15.4,15.202966481059775
14.4,13.375638983852696
17.9,17.634948693506885
15.2,14.818935795279685
18.0,17.552288454367954
15.1,15.572086457032128
13.1,13.067408588718536
14.5,14.278809520648792
17.2,17.335538602172164
15.0,14.991925173846539
13.1,12.904268179880091
9.3,11.685159568243762
14.0,12.919149059103802
15.2,15.251511029908215
15.2,15.330678039876148
13.9,13.54537122831971
16.5,16.141435616707895
16.5,16.21828154659306
12.4,14.08286973511349
15.9,15.841360660589999
15.6,15.383904245391022
13.9,13.444071888778126
14.8,15.06260487192776
15.6,15.707117706093413
15.6,15.9449828780198
15.6,15.259331067733001
15.3,15.32477825199021
11.6,12.231906425673515
15.8,15.246591657667523
14.9,14.041670735692605
16.0,15.804840554075781
10.0,11.202723239432089
15.1,14.849448236029275
18.8,18.731886534078512
15.7,16.310656696354272
14.8,14.485197119447548
14.5,14.545862174767535
15.7,15.805064154985303
13.8,14.000130270273075
15.4,14.967930785613135
15.3,15.660645975693114
15.4,15.419833997997557
18.5,18.36169930239339
15.3,15.281687329887063
12.6,12.526086832105648
18.7,18.84043585784093
17.4,17.91661008047231
10.2,11.9573123154114
15.8,15.095457003830234
15.3,15.540235715892777
14.9,15.110085405467544
11.5,10.731290600495413
15.8,15.349105128494557
14.2,14.216689278273407
19.6,18.58581981062889
19.7,18.334513003734173
15.2,15.224348787538474
15.5,15.322391718764266
15.8,15.128142024452245
15.0,14.875985231479717
19.7,19.468762181088096
14.7,15.360503813019022
11.3,9.895538930548355
7.9,12.079167290823534
15.6,15.617475145791104
17.5,16.165652542142197
15.4,14.943724358949112
19.7,17.918752448516898
15.3,14.758486910348438
11.5,11.299779310822487
14.9,15.183138232750935
14.4,14.104831569948146
17.0,16.795216366066597
18.3,16.550165750901215
12.0,11.289275400722545
13.6,13.867052711022552
13.7,12.924221195862629
12.0,12.10944931145059
7.4,7.932880443753675
12.4,12.39018333441345
18.9,17.86238301260164
12.9,12.585983873403165
16.6,16.947319546728977
14.6,13.805482890733401
18.6,17.60474196256837
15.2,14.8599570132792
19.4,18.700406520278193
10.3,11.257535824901424
14.6,14.742132485411275
19.5,18.127600595762488
14.8,14.488937554182485
19.5,19.39397306262981
16.3,16.41620302470983
15.3,15.434948060865281
18.5,18.972156657488085
14.6,14.277655166690238
14.8,14.440807813545689
14.5,14.321057699129597
15.5,15.111741832195548
11.4,12.724362818349618
13.6,16.116842634917703
14.8,14.977258483591868
17.6,17.583128125523217
17.3,17.62539521427243
13.9,14.169301951686066
17.2,18.02146696136333
18.7,18.066970255982596
14.7,14.742830298520857
11.0,11.292218943010084
17.7,17.08599600373418
16.3,16.160727642731217
14.3,14.10311078489758
15.3,15.270117233467317
8.9,10.201226194247283
15.9,15.860673287883401
14.1,15.020139528962318
11.2,11.834059367101872
13.1,13.768445596497259
14.9,14.103222552774241
13.8,13.629302659268433
14.3,14.44244777908898
15.6,13.785857026843587
17.8,18.164500676459284
8.6,8.96224563854048
12.2,12.3265482345887
12.8,12.741460811987054
16.2,16.236626200136016
17.7,15.913027751550544
14.6,14.89241117509664
14.1,13.730523286823882
15.9,15.763962664466817
18.0,15.597773890127428
10.5,10.544824683282059
13.1,13.137705507979263
14.0,14.422008441062644
16.6,16.21768873106339
17.7,17.313097391626798
15.3,15.770339473863714
14.4,15.277143989520482
13.5,13.723666193254758
17.2,17.207227483362658
15.7,15.544470263608673
8.0,9.522617070761044
11.9,12.007936800509924
13.8,13.581300063357048
16.0,15.254395907977596
12.0,11.284245378654305
16.8,15.474767078834702
11.9,13.356959262862802
13.5,14.480522708960052
16.3,16.117154826584738
15.1,15.101550955034327
13.7,13.767940690446267
14.1,13.30246535409242
15.9,15.14487746404484
13.9,14.214000117648538
14.0,14.522860089058668
14.6,15.205658382677939
15.0,14.782380146498326
14.7,15.67386240083215
15.5,16.215767346991925
18.3,17.498466799530433
14.4,14.25233645917615
12.1,11.187828336085659
14.2,15.296717723394977
14.0,14.445284943678416
16.3,17.470500715789967
14.3,15.06064334497205
12.9,12.846200951811625
17.4,17.668808487942442
14.6,14.195756912664365
10.5,12.287679316625145
13.9,14.776827768422663
13.9,14.214856116799638
15.2,14.816042245982317
12.5,13.457087244692957
14.6,15.594460660518962
13.1,13.452838763070758
12.7,13.321304413198959
13.8,15.136729120964446
9.8,10.279048702097498
19.9,19.452979512163438
17.1,16.80992291966686
12.4,11.766820467062644
15.6,15.815179298722796
18.7,18.238578233198496
14.4,13.610670833382756
12.0,12.652418009849498
12.3,13.175505040562712
19.7,18.227848718990572
16.8,16.72197089350084
15.9,16.167418908007676
17.3,17.598492139019072
16.6,16.624772390903672
15.7,15.664181282743812
17.4,16.61989510411513
14.6,14.102574148017084
13.7,13.674839824438095
13.9,14.313880201259963
15.5,15.058087118872209
15.2,15.206136404303834
10.4,11.27675369969802
12.0,14.368304402189096
15.4,14.780886316817487
16.5,15.805600106075872
16.6,17.227443512405443
17.3,15.55385566240875
15.0,15.222511893283809
15.5,15.107982241810532
16.9,17.110634187527467
14.6,14.977934948343318
14.6,14.83103909617057
16.5,17.140775199459313
16.2,17.4165106244036
18.1,17.766997786358843
18.1,17.38080125034321
10.8,10.392154751927592
11.3,10.878674912382849
16.5,15.71136281674626
15.8,16.010766611550935
18.2,17.021130561392056
18.0,16.73819256670322
18.4,18.138961143500637
17.1,16.326055802626797
18.0,18.589326534594875
16.4,15.84641702339286
16.3,16.20236024420592
15.3,14.984016190093826
18.6,18.252576075719844
18.3,17.66945191749255
10.4,11.655642427853309
15.1,14.638364166414249
14.8,14.52154356916435
16.2,17.046523645960406
10.5,11.111845262581483
12.8,12.447290232667001
12.3,13.24218205604484
14.5,13.84647527488778
14.5,13.831133737403434
15.1,15.736462759256028
17.9,17.72976326998105
14.9,14.720249324895121
12.6,12.264622710503318
17.0,16.65926857544764
12.2,11.904303837072803
7.7,7.858142040320672
15.0,15.087556221144041
10.4,11.521364719345002
13.2,12.453162806967157
16.3,16.3634743958537
12.3,11.73869872133946
14.8,14.806259043019963
17.2,17.371568199712783
12.1,12.129063426109497
12.5,12.809067720721941
12.9,13.542121955926632
17.7,15.283606560002227
16.9,16.596060214305908
16.8,16.510560883703874
15.0,14.890492118080147
13.8,13.405412454529142
12.8,11.641582573618507
15.5,15.235187446814962
15.1,15.119544668912567
15.3,14.523037705075694
9.1,9.042104671389097
13.7,13.428585436253343
17.0,16.630732156016165
15.4,15.015908876201138
13.6,15.036550347693264
12.5,12.4873139091942
13.8,13.123583541542757
11.1,11.97208905959269
14.7,14.413912894848181
14.1,13.89897541073151
14.3,13.563873572798911
15.1,14.144761422387091
13.5,13.350224185618572
14.0,13.688295785628725
12.8,12.820783299801406
17.0,17.599045051872963
15.1,15.10457520332966
15.3,14.148320618689468
13.4,13.264930294593796
9.1,11.000483801268274
13.9,13.665829810779542
19.1,18.460963135177735
15.3,15.8248123707599
13.9,14.410655681131175
14.1,14.631964650761802
11.3,11.622384233109187
14.9,14.784076704561812
14.6,13.81606101844227
17.7,17.20325565614621
15.5,15.269373076822376
19.1,18.73544187762309
12.0,12.081050217762822
13.0,12.370844816497993
14.1,14.193822114844806
8.6,8.824575958860805
18.3,18.116209465864813
14.2,13.50048451051407
12.8,13.136814733825304
12.0,11.978466485335957
15.4,14.992316517571453
14.4,14.383873878628947
16.2,16.18098664851641
11.1,10.98954605840845
13.7,13.9917470550281
16.8,17.592892066721106
15.0,14.721960418362869
15.3,15.241094429889927
12.2,12.861667545774253
14.2,14.32661838646527
12.4,13.003122340451228
13.2,12.967472036893014
15.9,17.012622721435037
13.0,12.886018696648534
13.9,14.113280872406904
14.6,14.050988807633985
15.5,15.400034160562427
19.2,18.37109665333992
14.8,15.072683198872255
18.9,18.042577748536132
14.4,14.137653187310207
18.0,18.38477812765632
14.9,13.711672262696084
15.5,14.355407985131023
16.8,17.373346691776533
18.6,17.770866931430646
16.1,16.758462414727546
15.0,14.920222685308545
10.2,11.606656437914353
14.7,14.781493375630816
14.1,15.351745911393664
18.5,17.828094301021338
12.1,13.662332319596317
12.8,13.234678639681078
13.6,14.53899058222305
13.0,13.499157300393563
13.4,14.10285436740378
13.4,13.327754362981068
12.4,13.593910251016496
13.7,13.83345346263377
16.1,15.139247826271458
17.5,18.125900512037333
13.7,14.134607869840693
14.2,14.753431577468291
13.7,13.965396228653844
11.8,12.591454145353055
12.2,12.49546943261521
13.4,13.541507901449222
19.7,18.360430936387274
16.4,16.34577671063016
11.3,11.78364878857974
15.5,15.597542111645453
11.8,11.6659007355629
17.7,18.215721302782185
16.0,16.8783041308634
10.1,11.552004192053573
15.6,15.170803063512722
16.5,17.11977249215488
16.5,16.9335056663258
8.0,8.497575817396864
19.3,16.325310031243134
15.9,14.829030871445866
15.7,15.50338259106502
10.2,10.851741360966116
18.6,15.737778458569665
16.7,16.401750544755487
14.0,14.234369284444256
19.3,18.578768800682155
14.1,13.803800408059033
12.4,11.050632496451726
14.8,14.50160490860435
13.1,13.2878892348308
10.9,10.966825715673622
14.5,16.275391911422048
15.4,15.102912412467049
12.9,13.850729985366343
12.6,13.447980118682608
14.8,14.961348307871958
15.3,14.823274560883874
12.1,13.54108797898516
19.4,18.107106089388253
12.0,12.050482711492805
11.7,12.85610755905509
17.6,17.742482500791084
19.1,18.274511744995834
17.6,18.12393975732266
15.1,15.097150302608497
15.9,15.625020534789655
15.0,14.828433115941152
15.0,14.588940888963407
13.1,13.178412647830555
7.4,8.498217408778146
12.8,13.041890838390827
18.8,18.665669579146197
16.4,17.17270497946265
13.7,14.847499551693545
17.7,18.157567517861025
16.4,16.574123893340584
18.2,18.33141977599007
16.2,16.378879965282977
14.3,14.275639367266194
19.2,18.97572162526194
14.9,14.998358351396746
15.3,16.037799074871145
14.3,14.257636582999112
16.0,15.180186972695083
17.6,17.55514023291471
15.3,15.083561667692265
15.6,15.859303170611383
7.7,8.35934499380528
18.8,18.306080378155457
8.3,8.800674174679443
17.8,17.70117184447372
13.6,13.229768126013369
13.6,12.560426602838561
15.4,15.309321564276615
9.5,9.921766064071562
15.1,14.921048886317294
19.0,18.38400038081454
15.2,14.35019569605356
16.1,15.019258697459009
13.7,13.945553797253524
14.8,14.939771721634315
15.2,15.13095424999483
15.5,15.17383081628941
19.7,16.919669655588223
19.6,18.920899715652922
11.5,11.933415038132807
10.6,13.245415134326322
14.7,14.728168552586794
12.2,13.965329287375425
12.3,12.412464201654075
12.0,11.187667829944985
13.1,13.9390093695838
15.5,14.830075031408342
14.8,15.14641275255417
14.4,15.121841646036046
16.0,15.718871950519315
8.7,9.84989349055104
9.7,10.4888794629951
15.6,15.476007335939357
16.8,16.733580820236966
15.1,15.49081859474245
13.9,13.852290199080016
13.3,12.811643678491237
17.0,16.601041018468095
14.9,14.780665794445667
11.1,11.400761750264792
15.1,15.707319325127173
15.3,17.85086880248855
10.2,11.568398573610466
17.3,17.49659442823031
18.4,17.131808373727836
11.8,13.018467605526894
13.6,14.60504734364622
15.3,14.933488290989771
8.9,11.517740115756169
18.3,16.9232469892886
14.2,14.468139743519714
12.9,11.949029515773873
14.4,15.07779514300637
19.5,16.87581871956354
18.8,17.879801106115337
15.4,15.07759603561135
16.6,17.07926665287232
15.3,16.402608653123025
9.4,9.20121835253667
6.0,9.745986807683948
18.0,16.852767177682836
16.1,16.20748205127893
14.4,14.83789035276277
18.2,18.18412082194118
9.0,11.078177447780035
15.7,15.3953327856143
15.9,16.19914259147845
11.5,13.029664293693713
8.4,11.092714206199162
14.2,13.870280851935604
15.3,14.926261664775666
13.8,13.70204243844455
13.4,13.247509696724592
18.1,17.645766902598552
13.9,14.157642856447637
15.3,15.080455172254005
12.3,12.305266999726882
13.0,12.699990435678046
15.4,15.432252979428085
14.9,14.679027482139645
14.1,14.029913230042439
15.8,15.558043141994858
14.3,13.761645277030766
15.0,14.281859212234849
11.8,12.206950199179118
9.2,13.925857061083661
15.2,14.615455766126615
18.6,18.487806302087847
14.4,14.263953529827631
16.4,15.955771108347108
16.0,16.17354970111046
10.5,11.064851312432438
16.9,17.288458933522634
15.6,15.470425114792306
12.5,13.201475260928419
19.3,19.12705839984119
19.5,17.36148028122261
15.6,15.81116918753105
12.3,12.044032281643013
19.9,19.47806321931421
16.3,16.228822940494865
15.2,14.859266808227403
14.5,14.199894754419802
11.1,11.534794412786141
14.2,14.954005548846908
15.1,14.661397708579898
15.7,15.729662166730122
15.1,14.856518948165103
11.9,12.946327438083244
13.7,13.61954923174926
15.2,15.089987641898915
15.1,14.614625082031125
14.3,14.562494972609784
9.5,14.241022173744568
15.2,14.520021997828735
4.0,11.989199965726584
15.4,15.262989225739148
14.7,13.59416178124593
15.0,15.334175564439647
14.8,14.801060316996882
16.9,16.134249230963178
15.3,15.757125159818315
14.2,14.861534694908187
15.4,15.221109228848945
14.6,12.970697225944605
18.3,17.707576885062736
10.5,11.677934147883207
13.0,13.402376974874642
14.6,15.054364880954381
14.4,15.036478387020907
14.1,14.751410825207131
15.7,13.844762433907817
16.0,15.622757585486397
15.4,15.365280942787649
13.5,13.787583136640023
19.3,18.71751594217494
17.6,14.856667767342515
13.8,13.900447476044064
14.9,14.070601888903184
12.9,13.474700838534773
15.5,15.340847325749564
15.6,15.093772372498279
11.0,12.110584403795656
15.1,14.970192873341148
12.1,12.358132033841684
11.6,11.867432328148425
18.0,18.4661532456812
14.7,14.851762432808755
16.1,16.01216639836639
13.5,11.56616781419143
15.7,15.31368518943782
13.5,13.942341162957746
11.9,12.274125270458171
15.4,15.402151905265782
13.0,13.46088244488783
13.6,14.705493841313
15.2,15.044659511884674
11.2,12.780005107226316
12.8,12.831347489995096
18.4,18.188616785866543
17.6,15.921236581663834
17.8,17.679360106893
19.3,16.06492976960726
16.3,15.682132145826472
11.5,12.20188157344819
10.9,11.356246360926889
15.3,15.193731297189515
19.5,19.10797150892904
13.3,13.493005263822852
11.1,11.70717502431944
15.7,15.59208591370043
15.9,15.861309038038598
19.0,19.114940496336203
13.4,13.773031084820104
19.3,18.784578409220558
14.8,14.645714757562018
9.6,9.767180774739245
19.2,18.27330759089091
10.9,11.234134009690024
15.1,14.8018596040165
14.4,14.361682549762918
15.9,15.618559927161186
14.0,13.996574447926832
15.5,14.704292750015156
16.7,16.54850134971639
15.2,15.362459944812144
10.7,11.214937937096693
18.9,18.708688589933445
15.7,15.26616292030667
15.5,15.574280758877649
10.5,13.200058140268084
15.1,15.027303393893817
15.0,14.38926208452176
13.3,14.934104952437337
19.7,18.51449107992812
12.3,12.19206585077336
19.8,19.255592491361313
19.0,18.256860533729196
10.7,11.561002443660982
16.1,15.032128905819263
14.9,14.901864461939113
12.9,13.67419253452681
18.7,17.167359322484117
15.9,16.447754551889375
14.4,14.705991516384529
12.2,13.947523043956608
15.1,14.406402933236677
15.0,15.341982376898159
18.1,17.855420618521748
18.3,16.7120317582212
13.4,14.076273525282886
12.2,11.738989463134203
15.3,15.139915740612196
19.5,16.970669241272844
15.7,15.636035224772058
16.7,16.51176027546171
10.5,10.983271876757499
16.0,15.54670365867787
15.0,14.809894669131609
12.1,12.377042208423518
14.1,14.83487704026993
13.1,14.491934542049421
9.5,10.411098481155932
19.9,17.63675939233508
11.8,12.20324904791778
15.2,15.08533580272342
17.2,17.18000965131796
18.5,18.171246102661826
13.6,12.620021051436197
11.4,12.08581150169266
15.1,15.336419219820527
10.9,10.553801073576324
18.1,18.2894468580198
19.8,19.14359326363774
14.3,15.045838361204005
12.3,11.29026916375733
14.9,14.849025310133584
15.4,15.312019456923736
13.9,14.26082755299285
9.0,9.312554636155255
15.9,15.940578891044424
16.9,16.92663821676979
13.3,13.219347493548412
11.0,11.585749753667187
13.0,14.84991340211127
14.9,14.945464761985932
12.6,12.561006768140942
11.2,11.45708583650412
16.0,15.098949288745644
14.9,15.10155568223854
17.2,17.36915972132556
14.3,14.853237824849202
4.9,13.128472439950201
18.2,17.63791927156126
14.7,14.783520291064633
12.6,12.560835657001007
15.4,15.473504763707751
16.3,15.156581973456923
14.9,15.01462648366578
15.0,15.0877004702852
13.8,14.290273216120113
11.1,13.793942033458734
13.2,11.996341851190664
14.6,13.49255285714753
14.9,14.617872787981469
8.0,8.554290852625854
14.2,13.907783221951831
15.9,15.415930019778898
12.9,13.428500952606555
12.7,12.711599295638734
15.1,15.129544837516733
14.7,14.566173231170978
17.6,18.31630644001416
12.5,13.739913536759559
14.6,14.506259255023906
15.4,14.704874445465975
15.0,15.337660271241475
12.5,14.590637788176537
14.8,15.425440870283637
14.5,15.438396419345736
15.4,15.735475396490074
18.1,15.741728540951954
15.6,15.392719450683217
12.9,12.65538770169951
15.8,15.284755100379698
13.1,12.969032905064523
14.8,15.411109458553256
14.2,14.429399830522016
16.3,15.520363705931231
14.3,13.080475620401558
15.6,15.957674738805508
15.2,15.425915244821226
16.0,15.473974288906902
14.1,14.370131029078038
14.0,14.278022028680425
17.8,18.078145423554815
14.7,14.38219351976295
14.7,14.706205582804614
14.9,15.21211840738215
17.1,17.28111300044111
16.3,15.925085008027963
14.9,15.560415414103772
16.1,16.55998790706508
17.1,15.70373172609834
14.1,15.557087156019406
16.4,15.89501355946959
12.5,12.441515245445771
15.5,15.811696425662376
17.0,18.262466988759115
17.6,17.678227723838063
14.1,13.70703840474016
13.6,13.687439709698083
15.5,17.293770561547717
18.3,17.65509146245313
16.4,16.62017804025527
18.4,17.94470145584637
16.1,16.092158580931937
17.4,18.770214315329213
16.5,15.322761973253364
14.0,13.001742158987327
17.0,17.456076479549665
18.4,18.673182273694692
13.8,14.688152162954793
18.7,18.053750015387777
17.7,16.95607873803783
14.6,14.42814883927349
15.9,17.017423667537514
19.9,19.23084617362474
18.9,18.08721581409918
17.8,17.162824105733307
16.8,17.203569467674242
17.2,16.915892304386944
19.7,18.49284676692332
19.0,19.040285539493198
17.6,17.31797700869356
14.9,15.543932184815276
15.7,16.240282194688916
18.6,18.272880129748955
19.8,19.16185651149135
17.8,17.42563185430481
14.4,14.719190410600277
11.4,12.002135059563443
14.2,14.510513483168324
18.4,18.10597123033949
15.6,16.319201360660372
14.4,15.468536390981171
14.2,15.1268056613917
11.2,11.526062867604196
19.2,18.85703295181156
17.6,18.44590101952781
19.5,18.865364850731567
13.4,13.430810648249462
17.7,18.426773748418782
13.3,13.629418425529366
16.6,17.396544078626903
15.3,16.209712112642592
13.2,13.547158788656816
19.5,18.025122226274107
16.9,17.47977816313505
13.3,13.345448379637673
17.5,18.072614449687535
14.0,14.005370143888285
12.8,13.206721851520342
14.9,14.340148792165564
14.9,14.915497684680304
17.2,17.053587092499583
19.2,17.977463600516785
13.6,12.859454604365965
13.4,13.88028809116804
14.6,14.967151690289029
18.9,18.015856706013437
15.5,14.914237586344825
13.1,13.18395108502591
18.8,18.47183116315864
13.0,12.214420448435703
12.3,12.804961979476502
16.9,17.687387197103817
17.7,19.093076543795178
17.9,18.268704623827944
14.3,14.275064774588827
13.9,14.141768284756836
16.8,16.96270414821629
15.7,16.49681226105895
13.4,13.355880844872445
15.8,15.253258329750679
16.8,17.998892496776534
12.5,11.755447000206914
17.1,16.072953810280524
12.3,12.027478749922011
15.9,15.46487439055636
12.2,12.905868938367348
14.0,13.843607457587495
8.8,11.059097353368998
15.7,15.41165621424443
13.8,13.937710991944186
15.2,15.265085095108589
8.4,11.028507442795672
15.8,15.354377685143845
12.8,12.315031917358283
10.4,11.57519075789969
15.3,15.530862886493196
15.8,15.289551046229462
12.7,12.737811340281041
15.5,15.323500935879565
11.4,12.418204289691857
14.9,14.80241819132425
18.7,18.380371041610488
15.0,14.83437316185882
13.4,13.791579521115636
14.5,14.778794996778743
13.1,13.581588877219474
13.6,14.433182120323181
15.9,15.322655062424019
15.0,14.497420824714936
15.2,14.66920026903972
17.2,17.243556919216644
15.7,14.980887195997639
18.9,17.73890014149947
13.6,13.034612887626281
19.5,18.744463948125485
14.5,14.980904861178715
14.8,14.554517466463949
11.9,10.76926147507038
16.0,15.058857025171164
15.4,14.512721813138342
18.1,17.86886548856819
15.8,15.336703496490372
16.8,15.078204755554907
16.0,15.723065082507674
15.5,16.093200654233442
18.9,18.788360693404684
15.4,15.640026932407636
16.3,15.406185667496175
14.7,13.858447710143082
14.8,15.715839126787614
18.6,19.075630829960573
16.0,15.254321313055698
15.5,16.7237978464982
14.9,14.686454122769646
15.6,15.274702016060473
14.4,16.527834523731144
14.4,14.771933129002718
9.2,9.175924041250255
13.5,13.34538026532391
12.1,11.64610086727771
15.1,15.179931817168836
17.2,16.65252229879843
14.1,14.247612471201137
18.4,18.514187082881108
12.7,13.331417663779575
11.7,11.84051635878859
12.8,12.571483258041553
11.2,12.632773771852953
9.9,11.558067574607776
12.3,12.477685967460275
17.3,16.71301567397677
18.6,17.406636898904253
12.5,13.661366860265844
11.8,12.920917839976028
14.0,14.798190434172284
13.6,14.12915316404542
18.6,17.133041071589105
17.9,17.32920647971332
17.4,17.299286774927168
13.8,14.131127431121058
9.9,10.654710998234805
15.5,15.838932580929395
16.7,16.112812620911427
12.0,12.409250374286785
15.1,15.819058205845067
18.3,16.922846919915173
13.4,13.274581344769103
14.8,14.785045576780249
16.2,15.706568375695497
16.4,16.168755554012023
15.9,15.38107624064287
15.5,14.920294526644284
12.5,12.185171887282195
15.9,15.502737731289017
15.7,15.520641959476052
11.6,12.265818331074115
11.7,11.348867837863509
12.2,13.526463613612577
19.7,19.27706737400149
18.5,18.433594611589797
16.2,15.500079373279732
15.7,15.153909648104673
17.5,17.701170679705683
15.7,16.232757394303917
15.7,16.212652869924568
9.2,11.040412391768768
10.5,11.158649571298156
12.4,12.674445742963144
15.3,15.845576013380196
13.7,13.764051316131372
15.8,15.374752417297714
12.2,12.129012211982626
16.0,16.038156819753567
19.5,18.375645856547635
14.6,14.342741221789765
14.6,14.591120873199543
8.0,7.8611297198804095
17.3,17.32610886348266
18.4,17.402276206819806
14.6,14.687467154260958
15.1,15.208149186131777
19.1,18.437361867945583
19.0,18.450454986508703
14.9,14.803899680671748
16.2,16.368795841408428
15.8,16.10454168061551
13.5,12.278285407577641
11.2,11.929617887828499
12.6,12.832288453297224
12.1,12.399808237911202
12.4,12.448154700134182
13.1,13.461080177279655
18.7,17.517986989521887
17.3,15.0844769065734
12.4,11.57345400279155
14.3,14.417485193524044
10.4,9.79736066039186
13.8,13.860260158398887
12.6,12.288793643936515
16.3,17.16269282985013
10.9,11.233368387795053
13.1,13.571269729407504
11.7,11.860638365265913
7.7,8.40681351229432
14.0,14.433861712488579
13.6,13.726025186686456
15.5,15.366816004101565
12.3,12.411121558168816
14.9,14.894515229476383
8.8,8.908609386126045
11.1,11.041041057207622
10.2,10.101207824267476
19.9,19.43901156814536
14.3,13.756228039739653
11.8,9.767784971016226
11.2,11.778698165086098
16.1,14.652381439576857
11.8,13.220647820551676
14.9,14.739690762540704
14.6,14.177420448835619
16.7,17.09029096942686
13.8,14.575815859749127
19.5,19.111066706798738
15.2,15.177690058742883
16.0,15.748440847999518
19.2,18.721794787445106
19.6,18.69289630895946
10.2,11.821551807661308
16.0,16.17219074183231
19.3,18.432364197215065
16.1,16.31130507189664
14.7,15.12138874757511
18.4,16.92181120987516
15.4,14.773538297857158
16.4,16.934787304540805
12.7,12.942988238515682
14.9,14.678308223723434
14.1,13.136992811923847
12.7,13.198658956651343
17.1,17.446009452978615
15.2,16.180296865437413
15.6,15.963774710497091
11.4,11.082184152124682
15.5,15.526936380039842
15.9,16.062880525358196
17.2,17.385876861953875
17.5,17.081135080195963
16.0,15.73360187140861
16.2,16.185383144242223
17.8,17.925831793632824
15.6,15.435262110840995
19.2,18.499663904804038
19.5,18.926237482104625
12.9,13.44542984542204
15.1,14.825591233093292
17.2,17.57057985724532
15.7,15.642372542642988
14.5,14.304331784100214
16.7,16.97035175608471
19.6,18.761927749495953
14.2,14.325245380226988
15.1,15.066682122269413
16.0,15.845644275192171
18.8,18.409478383371606
16.8,16.757628837920493
14.8,14.839671312685823
15.8,15.737824307934716
15.0,14.787538147968007
16.5,16.549046550760977
15.6,16.153918478345076
13.2,12.88412372091625
14.2,14.115988962115807
13.1,12.995580013583094
12.4,12.05013171635801
15.6,15.425338668806944
14.6,15.45739627580042
14.8,15.243590200310791
19.6,18.074479200557107
12.9,12.846745451060997
14.9,15.502011979438976
14.8,14.78133941705164
15.9,15.988486465390451
16.3,16.293147282765858
14.6,14.98489652806893
11.9,12.645479568396695
15.3,15.06730395269551
15.6,15.430660398385953
12.7,11.78585425025085
14.4,13.346285276391427
18.2,17.45380092790947
17.3,16.934428302614833
16.2,16.412257621443132
15.6,15.55829261301551
16.2,15.36373913823627
17.5,17.82092066912446
13.8,13.193846443120492
15.7,15.735830694924516
16.5,15.687516773381503
14.6,14.0921255267167
13.3,13.35963083603201
14.5,14.42246744298609
17.8,17.44252167266677
13.9,14.370941668828891
15.2,16.237563722053892
15.9,15.51771282891059
19.1,18.597126537002623
14.1,14.273554091865662
12.2,13.290415638068225
17.3,17.163297106486425
14.6,13.765149859289522
15.9,15.576520897331648
15.0,15.851703454796734
11.9,11.825182891596342
13.5,14.769824351824354
16.2,16.656297725319746
17.7,13.672674420278781
15.5,15.263091347645968
15.1,15.119247744474706
15.7,15.09627319917854
17.4,17.025950464856578
15.0,15.041361779352883
13.9,13.201678481185809
16.5,16.138048862485448
16.9,17.0954965952551
16.2,16.364627905073576
16.0,15.319890278857201
14.1,14.231301753277876
18.1,16.85388899145255
18.9,18.792313546146033
14.4,14.816039051132975
14.2,14.174730706130504
18.9,18.571024056203896
18.2,18.340512029084493
17.0,17.401894292444922
17.0,16.53104081539641
12.5,12.278072565532057
17.8,18.265511354489718
13.3,13.681488321453799
17.9,17.345698550285306
11.4,13.156229589425493
17.5,16.937237874721177
12.0,13.410315116430866
13.8,13.881385242963006
15.3,14.008531904022675
12.9,15.67272907532788
13.4,14.0333904351628
15.7,15.295303221882932
11.7,10.300770597998053
11.9,11.70706906763371
15.4,15.145356858789455
13.4,12.925298297137488
17.7,18.52477634940078
12.5,13.293676021159627
19.9,19.439842924737604
13.3,13.123456423869357
13.5,13.954446680145338
15.5,15.318294924218208
15.4,15.759985484450226
14.8,15.61145808060428
15.8,16.420819897120964
12.8,11.107087703727302
16.0,16.020346399396658
17.9,17.251380103643896
16.2,16.16634760046145
15.5,16.425038291621604
14.7,15.219551160198534
15.7,14.642122946446761
15.4,15.587222456033487
15.1,14.59280804932132
11.7,11.745102869230323
17.0,15.998502791106148
15.0,14.8732829290675
16.4,16.455603110342054
14.7,14.052997405146016
15.2,15.130517252138816
17.7,16.906105889822356
15.3,15.053397595111164
11.8,11.042771417181939
12.1,12.31171567706042
17.4,17.559501816896955
17.2,17.424765219904657
17.3,17.542515326364082
16.6,15.792992919850803
15.8,15.595119073019305
12.4,13.627720888354816
13.3,13.387884371855762
14.2,14.689111810575923
14.2,14.31643532362068
14.4,14.390387320352602
15.6,15.308640623639803
15.3,14.790521643362808
14.9,14.971073790467926
14.5,14.543895326729398
18.7,17.445945246887277
14.5,14.402811715423013
15.8,15.50469449164666
16.6,17.517643697850872
9.8,11.206817623169627
12.4,12.754695768817328
14.4,14.603255861355137
11.8,12.139776742755203
16.9,16.932260038003733
18.7,17.501868857536465
14.6,14.424103360055597
14.1,14.249974211299559
15.7,14.993877279921435
14.1,14.529632973455591
14.3,13.679346427088603
17.3,16.901706182892667
14.6,14.306252160749864
9.8,10.34671875310596
14.7,14.389773804956349
11.9,12.320629946625559
14.0,14.43950747643612
14.9,15.065815319685498
14.8,14.70853927754797
15.5,15.275538892024997
14.7,14.928925036805595
18.3,16.451409272965975
12.5,13.86796792584937
19.2,16.659172511983343
17.0,16.350206339731812
14.3,14.270186206631479
14.4,14.342675551975844
15.7,15.67025531604122
13.3,12.673707374953665
13.6,13.760382128180936
19.2,18.673242743505398
13.7,13.394322560667206
11.9,13.073889600316761
13.7,13.867488255025819
13.3,14.207910580269527
14.0,14.187332321627764
15.9,15.3971989559941
17.2,17.905235450103646
14.3,14.81571291518594
14.8,15.031699835939435
15.0,15.591592219225276
16.5,16.350101409421768
13.5,13.349984127125936
15.7,15.625645380408969
12.5,13.442247386952658
15.7,15.558763879351318
12.6,12.876229508896358
19.7,18.398734961170703
18.3,17.067043762275716
12.4,11.974297022243263
14.6,14.944734952237923
9.2,9.466648165136576
14.2,14.187983162471937
15.6,15.276015107436251
13.2,13.484544791534063
14.7,15.76505853998242
13.7,13.177368998833117
16.0,15.607952871054295
13.5,14.36825944809243
11.7,11.604449064470828
16.0,16.188808096914727
12.3,12.514365731651196
13.1,12.313668467802927
12.0,12.03856088325847
10.7,11.632077036832925
11.4,10.780010584974661
18.2,17.72750009319134
16.5,16.716807796259673
14.0,14.016828525753226
12.6,12.51940366470808
16.3,16.74546602810733
15.0,14.626880964671727
15.5,15.106879911763826
13.9,14.510270371823935
6.4,8.94475410899031
17.9,17.887752110720612
14.3,14.690464588107716
15.8,15.54292708711364
9.2,9.797589328605682
6.8,10.19623879820574
15.0,14.725688305139556
12.7,12.814126053272048
14.1,13.987749302385055
14.8,14.927178150644977
14.9,14.929865783753485
14.4,14.498419552779524
14.0,14.073862959634425
14.4,13.812980101356516
13.0,13.868378187620692
14.7,15.060767759752707
13.4,13.559481192205567
15.2,15.119139892711246
12.1,12.431826938613085
15.0,14.608561747591011
14.2,14.303582407126669
13.6,13.132296720097656
16.1,15.610495263685152
17.0,16.383643539538753
13.1,13.970290365808978
17.6,18.384929199819453
15.3,15.537391841382487
12.6,12.022560222132597
17.0,16.601809472602326
15.1,14.854946438179468
18.3,18.337843310262542
12.6,13.171182252117433
14.0,13.894722842553165
18.6,18.694674617479905
15.4,15.569990036601666
16.2,15.942901168440585
15.4,15.569334324298325
12.2,13.248755974205778
15.1,15.207582370410819
17.3,16.470280538684165
15.0,14.856625892138254
14.7,14.961632621318131
11.7,11.778842305298895
13.0,14.531009655654998
17.5,16.817321974172955
15.1,14.82601527121733
10.9,10.776068528972246
15.9,15.646007507952163
17.0,16.81846922547811
14.8,14.451710601628292
15.2,14.773936209268868
9.9,9.843713891430525
16.7,16.45632093513268
17.3,16.550749410656863
16.8,16.663796241686214
15.7,15.72637672225028
14.7,15.657691475338652
17.6,17.28856627692585
13.0,12.791438841202762
13.8,14.817706083247685
18.2,17.484367700264556
13.5,12.713495059171692
16.8,16.290679348545382
17.9,16.35711426960188
11.0,11.579641162625194
17.2,17.198486619163305
15.6,15.367963655124186
17.3,15.824003289249958
12.3,13.271754920575404
15.6,16.17996546460563
14.1,13.925721251860523
12.5,12.736096378361253
15.2,15.502281472829054
18.3,17.546927284973208
9.6,11.878107698637905
11.2,10.851702628075145
13.4,12.506571447942406
17.1,16.862887550312735
13.5,13.229813337962696
11.3,11.893942825379781
14.0,14.05692970007658
14.5,14.145209647889715
14.8,15.025993551535066
11.9,12.180589736439288
18.2,18.596051572618308
14.8,15.055796516011469
13.1,13.636284867248833
13.0,12.057760687108384
16.2,16.957778366690036
14.7,14.574715515540447
16.4,15.929398811247665
19.3,18.94842890300788
14.4,14.875461292307591
15.4,15.598159460576426
13.9,13.29863682296127
15.4,15.587378304209778
14.8,15.23383939062478
11.5,12.044416054035537
7.7,9.308001998171676
10.4,10.870705805238686
13.9,13.213791100599337
11.5,12.752223401887022
16.8,17.04946602437849
17.9,16.589767891186057
15.5,14.92078360999949
18.2,17.685732381985872
13.0,12.61282321222825
15.7,14.890572475094814
13.4,13.109582372911973
18.0,16.925647867934458
15.1,15.327773175522452
15.9,15.38015814407845
13.7,14.02707659304724
18.2,18.128026723883522
11.2,11.39992024982348
15.5,15.300225243121531
14.4,13.159473489766242
16.8,17.005592943227384
16.9,16.32700976828346
18.8,17.716930964408675
11.9,11.56383464380633
16.0,15.78126015275484
15.4,15.190252081360086
14.9,14.94515970221255
15.4,15.226322357662866
14.9,14.881970776918024
12.3,12.466155021251325
14.8,14.790433174672216
12.7,13.216347361681983
13.1,13.264435566063185
13.0,13.004508019657806
11.8,12.426934313145466
15.2,14.961975654005073
16.3,15.717055904096924
14.7,14.470554579107556
16.6,16.88941617764067
10.7,11.065860091941431
9.6,10.07311903272057
17.3,16.978476475422212
15.5,15.20917202468263
12.4,12.298388050578069
13.0,13.354856701364042
14.3,14.008399566810112
14.6,14.581169460690944
16.5,15.47262125229463
14.3,14.555599637285923
12.0,12.136355346767232
14.7,15.2627073374897
15.1,14.939648120081984
16.5,15.776023138547316
12.3,12.727647068211809
13.0,12.83161750913132
13.7,14.265268901310264
17.0,17.772571866968065
14.8,14.90462177628433
15.9,15.633612692938186
8.8,10.739602373796515
16.1,15.714157484551833
13.7,13.25089392971131
14.2,14.29858018050436
19.8,19.09678119828459
14.2,14.806070769642247
14.1,14.153879948342365
13.8,13.797761136258487
14.9,14.467562265956076
15.2,16.758965430402895
16.0,15.938051013363292
11.8,11.962973901827354
6.8,7.933022849527333
12.1,12.964220421097707
15.1,15.29057150776498
15.9,15.565112938114908
14.7,15.224507984283264
16.0,15.667408846318722
15.7,15.950328418421122
12.8,13.10526206943905
15.8,15.547993693180615
13.8,14.704362200362084
17.0,17.077453755093302
15.0,14.976878753635901
13.5,14.061007345942926
14.5,15.685058124814532
14.3,14.116220947747934
14.8,15.280879662306688
15.5,15.306186044155766
16.4,16.549606335138378
16.6,16.460513529440504
13.6,13.38910146310809
16.7,16.11678847062649
15.6,14.944107835384784
16.7,16.77588103042217
13.7,13.678886200417764
13.8,13.890360908644652
14.2,12.850995675078593
17.0,16.54634847730631
17.9,17.93495051460195
12.5,12.295383481890894
16.3,15.9406092473655
10.7,10.475593173672678
13.6,13.89201997827331
15.1,14.445227762917057
15.6,15.172253569942768
16.0,15.53786909531118
14.0,14.193178788822479
16.5,16.178940868783684
18.1,18.043617008981528
16.0,15.852300404738344
15.8,15.652584547282459
14.4,14.32082679742598
18.3,18.214260571752675
15.7,14.89104181332732
15.8,15.617760640794586
14.6,14.430732391425408
14.4,14.515841678105062
8.0,8.807526300835889
14.9,14.966449579282198
18.3,17.72879034676589
16.0,15.726791936634982
15.0,15.196620078178967
18.0,18.12142732582288
16.4,16.399764536326984
16.1,16.227947205217788
14.6,15.186807425317966
15.4,15.912542945938185
14.6,14.402909248688957
14.5,15.027876252279384
16.1,15.593244928404602
16.3,15.685076521913288
18.7,16.34608367877081
14.1,14.75401586643784
14.5,14.145153134406428
16.3,15.861039568211709
15.0,14.699903596541844
14.8,14.652048037363784
14.3,14.308690743346233
15.5,15.172878419485642
14.9,14.545807162881829
16.0,16.159683753328864
15.4,14.933923196385877
15.3,15.007469004529412
14.7,14.905612449336331
14.8,14.545186748626293
16.4,16.423735247873992
14.2,14.481153398088281
14.3,14.32771784579927
14.4,14.176819774147589
12.2,12.499390957294963
13.0,12.766178622026928
16.5,15.397387423407054
15.7,15.449766239227756
16.3,16.037880037478317
15.8,15.937695043132408
15.7,14.850100456478685
17.6,15.342943767120232
13.7,14.797836139972787
19.8,18.8642824391427
14.3,14.429741140280385
16.0,15.351346976531204
15.6,15.698035846729908
19.0,18.281445493536012
12.3,13.039839584525907
14.0,13.46752248465782
17.6,17.52438413296477
14.8,15.290096148266457
15.1,14.451983484574157
16.0,15.065262818643532
18.2,18.2770773882512
16.4,16.49579204642214
17.0,17.170407687604893
15.5,15.334616907730378
14.2,12.74280330716283
18.4,17.209249700419605
16.2,16.643211122078355
14.1,13.723681830160785
17.7,17.185860495406814
13.9,14.323411664463492
10.9,11.730841548516764
12.2,12.033401505090296
18.7,18.389207742060535
16.4,15.567399391788058
15.5,15.199455168825807
18.9,17.610980861791177
16.1,15.929259184398688
13.9,14.47815766522399
18.7,18.512209494212584
16.1,16.12973893142771
18.4,17.991668555128854
14.4,15.471621616106859
15.0,14.826907157304959
17.8,17.02352980658179
15.6,15.659226457324621
14.2,13.604274753568461
18.1,16.193984409386758
13.8,13.524492754309904
15.4,15.113076238922076
14.5,15.051765774085652
14.6,13.851453254721491
14.0,13.955522665724857
15.6,15.514445373904891
14.3,14.047436029464734
16.7,16.58914240343438
16.7,16.43645288267726
15.8,15.793675543158315
16.0,15.661818663444137
15.8,15.548954143543597
14.7,14.872286165016703
10.1,11.292221123352647
16.3,16.858873274428333
15.1,15.011467976757558
14.3,14.716782182164025
15.5,13.580025251783809
18.3,17.643776451150188
17.4,17.200586458642647
16.2,15.842195682547754
15.3,14.798842150066776
16.4,15.432266258445452
15.7,16.335079256736208
15.6,15.454369142476935
15.7,16.807235373071308
14.7,14.563536269095493
16.5,16.52260613411636
14.6,14.33232708639116
15.2,15.15042831908795
16.8,16.659970933797013
18.9,18.914452650788007
15.4,14.968003030284308
13.1,13.14425826468505
13.3,14.046105453191558
16.2,15.787588966693875
8.7,7.682376631162697
11.0,13.03431145902141
14.7,14.86665169272419
13.3,13.879794798638613
14.2,13.207556413259226
15.1,14.939957475435222
15.0,14.939107998134205
13.3,12.41836019490438
13.9,14.506828366202171
17.5,17.789059413596988
16.1,15.585728109144839
15.6,15.974281694703677
8.8,13.370165333792102
15.3,14.877378009787208
14.3,13.580212164160912
12.8,12.812315471703187
16.3,16.509110649079958
16.0,16.136701810872182
14.6,14.938340078078909
12.5,13.752108209446305
15.6,15.17936987414214
18.6,18.36696316419693
15.0,15.115927816659678
14.9,14.814284275926184
15.5,15.183623503093258
16.0,17.435591404908337
15.2,15.047227480623405
15.5,14.634463195659919
15.0,14.53952122334158
16.9,16.276484438800253
19.1,18.689809049566975
13.4,13.334587841498433
15.0,15.378826274507446
18.3,17.817820268595824
15.3,15.387519256677479
13.8,13.876561506447615
14.6,15.002574936122983
17.0,15.061600690358318
15.3,15.221268813187635
13.2,13.563397768884897
15.6,15.031352128338767
12.7,12.527592569895205
13.6,14.131420011985028
16.9,17.025055296624487
16.9,17.14289861428915
14.1,13.375294306279102
14.6,15.760915354258032
13.6,13.47663595373524
16.7,16.491150896967156
19.2,18.947642446612008
15.6,15.187874938885216
10.1,10.944487920438405
15.2,15.676831140299328
12.0,11.878933809697628
13.4,13.688919983163942
15.8,15.315275028900942
18.3,18.8004097652738
13.8,13.958909423294244
15.6,14.988539056361333
10.3,11.093398156866897
19.6,17.833650398504687
17.8,17.380875935286895
14.5,14.13530136027839
14.9,14.452671206148807
15.9,14.866123714284186
15.3,14.921263950163848
15.0,14.973755463695852
16.4,15.729157055960968
14.7,14.685917533846805
15.3,15.145531106274575
14.3,14.753323667071527
17.0,15.944366970306874
15.2,15.119149031146662
13.6,13.544847834215034
15.0,15.121850058469136
15.2,14.724953301076312
16.0,15.007478944666218
15.8,15.303401991492137
15.9,15.876590246240085
11.0,11.392050720343832
16.4,14.139308159064967
18.7,18.092161776061403
15.5,15.252046017325483
12.8,13.251977318315767
15.3,15.425804069196602
14.3,14.61333308711255
14.4,14.454386726894882
14.9,14.84527163279381
14.4,14.657407153892564
15.0,14.939254010794684
12.5,12.96687132740044
13.6,14.65855929065765
12.2,12.626611446146853
17.1,17.102110226958757
14.0,14.310279472731054
15.1,14.884360121101054
14.4,15.595011927187443
14.6,15.036632699819165
17.1,18.18772165910923
16.8,16.053228257602314
17.2,16.680394822644303
14.8,14.510071131513541
16.1,15.726961537118768
11.2,11.26092139955108
13.9,14.214540178421885
16.5,16.41848876752192
15.4,15.113182170884102
19.0,15.280280117003713
17.9,17.974378477956634
11.9,12.69135529664345
17.0,16.317671040475034
16.4,16.053404531616252
16.6,16.704618177434895
13.0,13.06118971738033
15.1,15.354104242902395
14.6,14.934739530377556
18.5,17.868944652116625
15.4,15.55498862999957
8.2,10.523956494696904
15.9,15.070669575594366
15.4,15.322005006237305
11.2,11.472724834806286
15.3,15.34825466221082
15.7,15.695898306250456
18.3,17.99539682531031
19.0,18.71091436385177
17.0,16.22002203991724
15.6,15.222483154537258
19.4,17.50843061658088
19.8,18.842235632473603
15.7,15.46861059548064
16.5,15.25907782127615
13.1,12.600788475916488
10.9,11.434407451422885
12.4,12.324881973938318
14.1,14.44024507436552
14.4,13.486963179828308
14.3,14.811364472014247
14.9,14.473112942680018
14.3,14.358736027526902
15.3,14.7723732101731
18.8,17.379462946590138
15.2,15.450089741643751
14.1,13.927023577314685
16.1,16.131344804165565
18.9,16.02371744730044
18.4,16.56708051833266
19.1,18.10725022701081
15.0,15.674999481751001
12.4,12.888642876932863
10.6,12.85663079249207
9.5,10.292814186424948
14.2,14.151730403886177
16.7,16.639729443806573
15.2,15.477465489122551
14.7,14.245245705533307
15.1,14.899796839483315
12.0,11.67815493181115
19.5,18.721009028609842
18.2,18.247193791430618
12.8,13.148976081400178
13.5,13.417631284484742
13.7,14.529762341704554
15.2,15.302294043318398
15.0,15.945622404920869
14.5,14.790109972658684
14.7,15.125757035884817
11.9,12.71333649990629
14.7,14.94974881914095
13.0,12.012499846081482
16.8,16.681598934403155
13.2,13.401959966839058
14.3,14.033117029131972
12.0,12.26787601839169
15.8,15.292253029212588
11.2,11.397447032228229
11.7,12.821064965246478
15.1,14.779240900010336
11.1,11.091242910106303
13.9,14.694632757518775
9.8,9.635015691048466
15.0,15.183791210743948
16.3,17.252320334577234
13.8,14.375692457664627
13.2,12.533171454910189
15.6,15.126695230486803
15.3,15.108138446084922
13.2,12.98494864663735
19.6,19.257779550767737
14.5,14.218069357099012
16.8,15.288750737439841
16.1,15.722910472220974
12.7,13.643449651543051
12.1,13.341445393976755
13.1,13.738522044295678
10.1,10.611280007258756
19.1,18.143219309742562
13.3,14.003685834439239
13.4,13.489058480972744
14.0,14.009806485875743
14.5,14.942435258883052
13.1,12.343034566525603
12.3,13.504726739833131
12.7,12.362676069547888
15.0,14.544416042044759
12.7,11.93166010407731
14.3,14.235947877368744
14.0,13.976981538740802
19.4,18.86438369989628
14.6,14.86472676840458
14.8,16.001713641860988
14.8,15.419741322417394
18.1,18.70219563003411
14.5,14.340784586616792
14.3,14.669799239174608
14.2,13.458060279275742
14.2,14.784905086466097
14.8,14.920447432090441
13.9,13.792131156369578
14.3,14.94905140416813
16.5,16.86942254420501
19.4,17.92149563343264
17.9,17.260995434771758
8.2,7.627863545785658
10.2,11.448657725588419
14.7,14.390670687251259
13.7,13.45529909877223
15.7,15.41301655152347
15.1,15.166159103391692
14.5,14.692003960537477
16.4,16.467428426669358
14.1,13.99358820944326
16.9,16.507361023632257
12.9,12.307389030233026
15.4,15.35215375072221
16.7,15.414096127235098
19.0,17.660184942826163
15.6,15.695447924066684
14.1,14.051391630026046
12.0,13.702869986596852
13.7,12.990812275587814
17.5,17.22982438697727
15.6,15.95522503904067
15.4,15.076418323995313
12.3,12.911079273122596
9.0,11.380268920853268
12.8,13.688477304429398
7.3,7.896596446225885
14.1,14.484480321500087
13.8,13.284790491918102
13.9,14.132181103712355
15.8,15.9204516246391
11.9,11.771091453789268
12.9,12.483598297578283
12.9,13.101906564435922
15.4,15.066608764818739
13.0,13.10268270616507
12.4,12.72154141322244
14.2,14.342602065726169
14.3,12.414039218623657
16.3,15.887704334541922
11.0,11.124601900843118
13.8,13.550962698514923
8.5,8.859995415492449
10.2,10.991788623447064
12.7,12.511501119995955
19.6,18.255791403062176
14.8,15.106103079233435
8.4,8.541047842154512
15.2,14.954896403103703
15.8,15.848658348055324
10.9,11.14736900202115
14.9,14.3902989058588
16.9,16.793119097870658
13.2,12.601243037352106
14.3,14.569298365779105
14.5,14.005487045829796
12.8,12.81906434688426
14.6,14.010674583958462
13.7,14.268908764846856
13.8,13.984031850995962
13.5,13.702256791124455
14.7,14.91858869673706
15.4,15.376694403748843
13.5,13.683857388645265
17.3,17.395784629305126
16.7,16.64565583429612
18.8,18.590136056940537
14.2,14.44657397845367
19.8,17.01622062601382
14.1,14.633919285166485
11.1,12.09538111888105
13.4,13.561727436119327
14.1,14.122796753857983
15.8,15.288121405697893
15.3,16.60572809706173
8.7,9.144485757613438
19.5,19.520010906184325
11.4,12.92116675034049
14.5,14.822112509777071
13.7,13.610263102367753
14.4,14.277525145524123
16.3,16.680574880185304
14.7,14.310443434835179
19.2,17.68614800821524
14.5,14.429766388551798
10.8,11.109650471480563
14.0,12.978302391173202
14.1,13.47566952573834
18.1,17.518713246798143
13.3,12.116911081480794
16.3,15.93206074554837
14.3,14.632461760198566
16.8,17.192838648439647
13.2,15.458507321633078
18.1,18.308684055145932
14.2,13.983188897764194
17.9,18.470065432600677
16.3,15.988207231905108
15.4,15.169503024812002
15.4,15.25745433522934
11.7,12.883421448175795
14.8,15.021350710478146
14.7,14.799000805185642
8.3,8.518870793806855
13.6,13.08278659300413
15.5,15.425576261670358
18.6,18.440179957309738
15.3,15.482199374528136
9.7,10.828501415147912
15.2,14.772035784088075
15.2,15.040856073930627
12.6,11.698886794532882
16.8,16.72145245284628
13.9,14.187288354733028
14.4,14.21812655220856
15.2,15.08820337743964
14.7,14.71662167609611
15.5,15.662467892987479
15.7,14.612833628401859
8.0,8.84891527221771
14.4,13.823710852637305
16.2,15.361140244232956
14.7,14.601566794910468
13.5,13.897034090332454
14.5,14.36088227513028
15.4,15.639281843235949
14.1,14.221490920725046
15.1,14.861116393562043
16.3,16.06334081629757
14.7,14.27537081328046
12.8,11.94296106963884
15.5,15.189144018022489
13.0,13.166075831279159
15.7,15.901571703163427
13.2,14.531666288530687
16.7,16.968399952253094
16.3,16.88395146894618
18.6,18.103856257832376
15.3,15.243875130461674
12.9,12.746056437390507
15.0,15.186851591599407
13.6,14.454071374906562
13.5,13.52421770334331
14.1,14.183572180889314
13.0,13.335230575909009
14.0,14.006719327298924
19.3,19.32911311852513
10.9,10.998875176766887
12.6,12.841159400099059
11.3,11.685619551280979
13.1,13.60028269441682
15.7,16.878409494273
14.3,14.588080984976841
15.0,13.885774118069094
12.9,13.360262574627995
16.3,16.122442600582872
14.9,14.902866511614775
14.7,14.679556695104111
14.3,13.669960206825635
14.1,14.800893222811283
13.9,14.134699935617391
16.7,16.306670273159398
7.1,11.241511942702346
11.7,11.988328345410991
14.2,14.328770871978122
14.8,13.543891737121157
14.3,14.250162148586242
12.2,12.581055858317995
14.0,14.043059825577075
13.8,14.100185468996642
13.6,13.110892818833236
16.3,15.812472604739014
15.2,14.687983936688397
14.7,14.701713129587006
13.9,14.051920164467447
8.7,10.115230156457983
15.4,15.178536940748018
13.5,14.27640575391706
14.4,15.033504519815324
16.5,17.33562036139483
15.6,15.74696222221246
14.2,14.348656019952614
13.7,13.77951281145215
11.5,12.689866710275965
15.3,14.45107227616245
13.9,13.743008769437438
10.6,10.925600661546923
18.4,16.759632495144615
17.9,18.075525972089963
15.4,14.986556813237257
14.1,13.3730611645733
17.5,15.672259993909393
12.8,12.204039328007639
12.7,13.993286933318814
12.5,12.439338224648964
16.3,16.77032611405957
12.2,12.00440218904987
15.0,15.193998421285869
15.1,14.807349219370735
12.1,12.542253925203113
15.4,14.766220402647377
14.8,14.623904775624396
13.5,13.47692885552533
12.1,13.606051381468205
14.9,15.118669059424064
15.2,14.872175819647964
16.0,14.928523945476627
16.8,16.282919022574788
11.8,11.843959191352042
14.5,14.793035241182224
17.1,16.828354439567192
11.8,11.368094316800125
15.2,14.52122649847297
16.2,15.967595245310804
12.6,13.327362872194499
14.0,14.195113965533892
13.0,14.14421367309842
13.6,14.198705068816707
13.2,13.612830491110799
13.6,13.608377209297032
11.0,11.436837554210797
16.5,16.60557088612768
15.6,15.427091491466854
15.6,14.863590110195219
14.3,15.076914912968277
15.4,15.551504135997675
16.1,16.20634837023681
14.6,14.993998065649066
9.2,9.945678088231944
17.1,17.410010482388316
16.0,15.19283807208194
13.2,13.11396254634019
19.3,16.975759311730144
13.3,13.081348633677408
13.9,13.738473647366845
11.2,11.209511485067196
15.4,15.72752651857445
12.0,11.974243067408679
14.1,15.341498242283706
6.2,7.547713547712192
15.2,15.09852018186939
16.0,15.759231312404154
18.5,17.158316151995678
14.3,14.298162133665755
16.3,16.47918432203369
15.6,15.076521544571733
17.5,17.50326260795191
15.2,16.58279833328561
19.1,17.708467250864487
10.1,13.02041174803162
16.7,17.19285162104643
8.6,11.510770953376777
14.6,14.713004391789582
13.8,13.908044152864022
13.1,13.316809378564358
13.2,13.436228441574713
16.4,16.031887962504697
16.8,16.964891757441364
17.8,17.616006214899244
10.0,11.403036589268595
17.5,16.59868177178396
14.7,15.057314713547385
18.6,16.620699784374665
15.0,15.327847478305557
14.5,15.035513611821443
8.1,9.719254711701069
7.2,8.001705190341454
13.0,13.791786741203396
14.4,14.69900040543871
13.1,13.027729199533496
11.7,12.990350009120448
15.1,15.185827037785202
13.8,14.078349237410293
14.3,14.701077075011199
14.9,14.832501856513773
10.5,11.146996566239977
14.0,13.945996629952788
14.4,14.369339692726498
14.9,14.820909167799982
13.2,13.010608279699227
12.7,12.672688127728179
13.3,13.879319524136008
13.3,13.234500366874272
18.6,16.352366439066827
12.8,12.574670006462839
13.8,13.156093329918804
15.9,15.36014531791443
16.7,17.63429470756091
13.0,12.84173604377429
17.8,17.556142228713725
17.6,17.45717495525605
13.4,13.86458740674425
15.3,15.644170530871634
15.2,15.906604281339241
15.0,14.807211152807213
16.7,16.137495421528
14.8,14.426433548598652
9.1,9.189020054589491
15.0,14.733713491921662
14.2,13.502348025362153
15.8,15.439363389250502
19.9,18.99129677354358
15.9,16.56340362530682
18.5,18.29659419460222
15.7,15.534048140281811
11.7,11.565186662486667
15.7,15.32996643986553
15.3,15.193656591325635
15.6,15.807674038922414
14.8,14.320620174257783
14.8,14.599156636570115
16.0,15.255093246756587
18.1,18.243837553658523
15.0,15.028171563830256
15.0,15.336017948418885
19.7,19.265123267192394
19.5,19.277671863877913
14.0,14.535567581653595
14.3,14.197293437086046
15.9,14.999036369728856
17.8,17.47041496966267
14.9,14.785956482865004
11.4,14.84728384722257
16.3,16.19815720579936
18.6,18.89892066756147
10.3,10.373424169025384
15.0,16.229088502328523
15.0,14.372670637010742
15.1,15.299672895667754
13.4,14.205031323950607
18.0,16.8857629984268
15.4,15.447814779923647
11.1,11.391336352404323
15.4,14.773993351269382
15.7,15.256801544470363
13.5,13.171746048832574
15.6,15.17531471431721
19.3,19.213230149063747
14.5,14.339411693828879
17.1,17.483606952038826
7.0,9.451856758245412
14.6,15.12840446503833
15.3,15.044966449320782
16.1,17.07078769002692
14.6,14.689341949273512
10.6,11.080346764880233
18.8,17.53366555593675
11.8,12.161953388185793
17.8,17.074291960860137
15.2,14.930968668288187
15.5,14.862367061490659
14.9,14.781460215546758
14.3,14.449462549877353
8.4,10.083182867674623
19.9,18.446480396727566
11.3,12.621600480284542
12.9,12.899965348275146
17.8,17.889771603702684
14.4,14.4547163592797
15.3,15.484273179943557
15.0,15.141220214776695
16.6,17.514902071357938
13.8,13.972905382717727
15.0,16.397967424127273
19.2,19.528770452569006
13.9,12.98289044656849
8.0,8.895813964540139
12.4,12.13056747574592
10.5,10.745848702823423
11.3,10.392943183367606
13.2,13.242410107544856
14.6,15.374590903054923
8.9,9.663271188273939
15.5,15.319752448762301
12.9,11.812626254428324
14.2,14.191619859342609
12.0,11.564761091314722
14.8,14.298232583299978
13.9,13.704228768870962
15.8,15.468265947045438
15.5,13.860611290589077
13.1,12.39458441734314
19.1,17.990603121579625
15.1,15.353974781872239
13.5,13.239991532784188
15.1,14.39168341527693
14.8,15.465563558307622
13.0,12.522720035281964
17.0,16.535126942559145
11.5,10.610573929647217
16.4,16.09212349297013
6.8,8.687889294000342
18.9,18.641045139724156
10.9,11.510306611366104
12.5,12.992687375925016
17.5,17.663333085452905
13.3,14.238676205975935
9.9,12.581021132296883
17.6,17.97772226051893
14.9,15.102574833494145
17.0,16.563048353156773
16.6,15.457072395365685
16.0,15.997474476942443
13.2,13.708728164236163
8.9,8.390679121865105
18.0,16.093922839650986
12.3,14.242068927647779
12.8,13.94205629156204
14.0,13.328897583851358
14.4,14.9841404416984
7.6,10.201478098810185
15.0,15.290218324680609
14.9,14.954907326347893
18.4,18.821237630443648
13.2,14.21445547658368
18.0,18.28647707257187
12.3,12.38498855571379
15.0,14.959781245721388
19.9,17.963894875661936
14.8,15.590321888788822
18.3,18.071319517301163
8.2,9.25896047137212
17.1,17.260662989108823
14.0,14.102643817859644
14.8,16.074923721656887
16.2,15.512942005123477
13.1,13.783118474297225
14.9,15.422692186024506
12.8,11.83766444446519
14.9,15.056159770174418
11.8,11.696780424041208
17.7,17.77677143883193
15.4,15.042389849753818
16.6,14.764892211183906
14.9,14.619834034208907
11.3,13.3320508942561
14.3,15.384401403483935
14.8,14.993131343755522
15.9,16.398646763176657
18.6,17.962300229501125
13.8,12.781616424301319
17.0,17.358487454712304
12.9,13.441133802236436
14.4,14.358742782182162
12.2,12.650154843140626
16.3,16.394548969401512
14.5,15.081238311457128
14.6,14.806663293831662
13.9,13.764017326582689
12.9,13.065338315011104
14.9,16.000124735524878
15.3,14.823861368451617
17.2,15.853234598500421
17.5,17.049695128720487
16.0,16.35639033068219
15.2,15.13002962320752
12.5,13.956112652085721
15.3,15.40195437271177
10.7,11.682127303472953
14.8,14.903069587628124
14.7,15.416761434898945
18.0,15.900849842117168
6.9,9.060002879356034
11.7,10.95883246549056
15.2,15.485741290263832
15.1,14.266409363102866
18.9,17.143562868237495
15.4,15.040531874161388
14.1,14.264879822356306
14.6,14.324435639678995
13.8,12.556636023393366
16.8,16.937085565994494
19.8,18.228043798182625
14.4,14.391919880221394
15.6,15.150538459623931
15.4,15.510825889365151
11.0,11.674037713557482
17.0,17.720886156748747
13.7,14.494758558415924
14.0,13.589363650567975
17.8,16.781286283148802
14.4,14.75494133599932
19.4,18.841312789903895
18.8,17.078847134049283
15.4,15.658658314321656
14.2,13.422982652293285
16.2,15.526336065091527
15.0,15.070064702100353
19.4,19.128356260338478
14.2,13.827253383467905
18.7,18.636715958215063
14.9,14.794378694732586
12.8,12.822463955671992
15.6,15.133549640304409
13.7,13.71889040921451
15.9,15.85738121648319
18.0,18.237890926538967
14.4,13.684210846873611
15.7,15.234985558348853
15.4,15.215753460510314
17.3,17.217198644197197
11.9,11.597355257545132
14.2,13.627722173143411
14.7,14.706543121894356
14.8,14.736980934487292
15.2,15.043207270049606
12.0,11.474626045674086
14.3,14.4147236993158
16.0,16.110215556051116
15.7,15.510750505000033
15.3,14.485236482229084
14.3,13.971807805239223
15.6,15.508006516160094
15.4,14.961739896301879
14.4,14.438313363416455
14.1,13.712109837535536
11.5,11.372492444788804
17.1,17.498466850578552
7.6,9.655187647847924
16.3,15.991563473042333
17.6,18.765173113701167
14.2,14.48589054198601
18.1,17.30202500784617
13.6,13.659496127598686
13.3,12.717886108730454
10.4,11.573329592996743
16.2,16.455076463811565
19.2,18.33429025649093
12.4,13.069597004912794
14.2,14.821065007015932
7.1,8.395403800881468
11.4,11.657839069725014
15.0,14.917727964391815
8.1,7.369417009351309
12.9,12.880673839943483
12.2,11.656697348458692
15.9,16.03677830950255
12.3,12.72884369912208
15.0,15.493823384085772
15.4,14.692806017410476
13.8,13.517191133723827
16.7,15.976216198094335
18.4,15.992931286105886
18.3,16.77893019462317
10.0,10.5569465351291
14.2,13.011097865586635
12.8,12.617416240675084
14.8,14.445609024993246
14.8,14.55961750575807
16.1,15.18103720349609
16.2,16.360265962488484
8.7,8.839985461818287
15.5,15.286853205267107
16.7,16.324074112988455
16.9,17.161348180021378
17.2,17.5417610128643
13.1,13.882140910282033
16.6,17.175972934055608
18.4,17.602123881777516
19.4,16.03447850936209
13.9,14.175622161477804
16.1,15.770212624338455
14.5,14.29339684068691
7.4,8.674762354057748
19.0,17.806319605733734
14.2,14.55748044842585
16.2,16.26137779225246
15.2,15.437592326459708
15.5,14.917896325641777
17.9,17.079976947890827
14.7,14.944537994888378
16.1,16.070100486766023
14.8,14.77550386076291
17.9,18.24651859817095
14.7,14.9266690525983
14.8,14.982673910242738
15.3,15.002470898325555
15.5,16.29314834307843
16.0,15.571356751956046
15.6,16.376337023830274
15.0,15.025337768578538
14.9,14.749736958416179
12.2,10.504682309168857
12.2,12.41845153851682
16.4,16.179426628885267
15.7,15.09194152744567
15.3,15.170943810269819
9.9,9.872779531520791
15.2,15.222671312720195
14.5,14.805127978805103
14.7,14.808261970698368
16.2,16.35845059179701
14.1,14.2739370263007
14.9,15.38826808527665
16.3,16.356985051330412
16.1,15.896719865617342
14.1,14.7817037954228
16.8,17.36978843442921
15.2,15.166558599157725
17.8,17.288624213368166
17.8,16.808596809161827
12.8,13.518310417950488
13.4,12.80539151938865
15.6,15.544802251735746
16.2,16.335077916504815
16.4,16.164412015117705
15.4,15.149888538086088
17.3,17.93632836715551
14.6,14.326240087320912
14.0,14.449857751809759
17.4,16.4221736069303
16.1,17.722130068810657
15.0,14.640993396693375
13.7,13.463302764692344
14.5,15.732186659733998
19.8,19.511990492232144
15.4,15.611521274859115
15.3,15.167421546855621
17.2,16.755194735422265
10.9,12.067157004843466
14.1,14.312239495804533
14.8,15.451390139496652
15.0,15.298809141357196
18.0,18.222630845979438
16.4,16.781041880516568
15.4,15.667410951940838
14.5,15.86836539302567
12.0,12.30832047376316
11.9,13.621101797591109
13.7,13.862280469707912
14.0,13.673815392117831
10.5,10.782996719121002
13.7,13.620725026357832
15.0,14.828058612998575
16.3,15.84207136835903
17.4,17.94883552860665
15.5,15.353037775799748
15.0,14.952956448429177
15.3,15.00471966463374
15.3,15.200575010036118
16.5,15.270403804490343
14.0,14.344078253547195
19.4,19.18851716615609
16.2,16.0531250158092
14.3,14.784709960978944
15.8,15.43460973308538
15.1,15.066959600662813
17.2,17.072220322457724
14.0,15.402410847009378
16.9,16.37276172728707
13.2,12.646996022609528
14.2,14.902968333573881
13.8,14.14230858720839
15.7,14.526945570716634
14.6,14.459027702590902
14.9,15.189485043774766
13.1,12.967905147146666
16.2,16.187170834367862
13.5,13.491224020695881
14.1,13.740635824247875
13.8,13.389289234997705
10.5,11.023457462899387
17.0,16.653735124831655
15.9,15.852897696837317
14.8,14.373871326086373
15.2,14.287466768582817
12.9,12.911985121230828
13.9,13.74667892290745
14.8,14.431163629837101
13.9,14.963823646732635
15.2,14.309821188060596
15.5,15.440413948066634
13.6,13.33884521903201
15.8,15.463448958442314
15.7,16.017591120267753
12.5,12.299751066369936
15.1,15.03524233801727
15.6,14.58642312980919
18.9,19.000416723749368
16.6,16.27076221903917
13.6,13.695505854993826
10.8,11.321357838110998
15.9,15.903554707787407
16.7,17.15435147800963
15.3,15.187766048751655
14.9,14.956676312727723
15.8,14.834372907935176
19.2,17.99503474982339
16.2,16.175396923499648
18.6,18.261970492632827
15.3,15.051112808845573
16.1,16.2209695285419
11.3,10.49937764002243
11.1,11.61671992065385
10.8,12.883005828189198
16.1,15.927196987264324
15.4,15.67911090227426
18.3,18.640640374913346
13.6,13.660420078391326
16.3,15.073382270205911
15.4,15.814018854813185
16.8,17.551038968231296
18.1,18.12097825159435
15.5,15.384892780683003
14.8,15.176158857822884
17.1,17.927264057652792
13.8,14.727144438982577
19.7,19.181784154614434
13.0,12.877139151358278
18.2,17.645348307443783
10.5,10.884985508891987
9.2,11.66360733399415
14.0,13.917013454603875
18.9,18.264662752160802
19.8,17.675689618161414
15.5,15.341743344648421
12.3,12.479619364603423
13.2,12.932490467850585
14.8,15.10136616852833
15.9,16.087176544013346
11.4,12.19122458747006
13.1,12.959645016264403
12.4,12.995853899861686
15.2,14.83864408917725
18.5,17.10764160787221
16.1,15.95821230832371
16.0,15.775173368805554
15.1,15.080826454533963
15.2,15.760261307819746
18.1,18.7599046593823
11.9,12.486594787682407
11.1,11.596718695014715
13.3,14.047137777597527
16.3,16.219922246444185
13.7,13.69997749419781
15.3,14.88627830094265
15.1,15.136481992085464
18.6,17.313902001769748
16.6,16.38965467570233
13.6,13.380576465293416
13.6,13.460318501518486
14.4,14.674054529901696
15.7,15.52130361291347
14.4,14.27245715765821
18.1,17.99473871293594
17.6,17.774097398592858
11.2,10.943668068415718
15.6,14.885044428141555
13.2,13.056404194594506
16.3,15.749069102777867
14.7,14.792183676821878
15.3,14.152020100387745
14.5,13.702134277904406
9.3,8.606525942217559
17.3,15.304540791379623
17.1,16.834962014807388
15.6,15.395235732086803
16.1,15.90637710725423
8.5,10.068861959734932
17.0,16.082896790641826
18.8,18.47721652756445
16.1,16.024010825145524
16.0,16.318722003605217
16.0,16.108750259358203
16.0,15.485669219777265
16.8,16.538855344382682
14.7,14.288778937567258
17.2,16.641698739214917
12.5,12.146506934514036
14.0,14.214688929632757
13.9,14.042548148139758
15.8,15.416417784595978
13.6,13.151423600065755
18.0,17.62517945540276
18.0,17.97626840355224
14.5,14.166989321447545
15.9,15.725665467081853
17.0,17.45785515534226
19.4,19.24971199738502
14.8,13.669575240812264
18.6,18.441044038161635
15.3,15.361883476492949
19.1,17.011526295740623
10.1,10.988038541807327
13.7,12.65949873632053
12.2,14.029613062017233
18.2,17.7866619421402
14.9,15.005766279122327
13.9,14.942117792292265
14.5,14.50027611895348
12.8,12.577871836492704
16.5,16.535822969453875
16.2,16.139702947519254
16.1,15.45276870339876
19.2,18.961979188374244
18.8,18.610343489795923
14.9,14.644912291085348
13.4,13.267373687966028
17.1,16.543735477825976
13.0,12.896618144299282
15.6,14.855138569750125
15.2,16.45214593448327
15.6,14.954123955778414
15.6,15.552363030587003
13.2,13.247344633680768
12.2,12.687137929024175
15.1,14.738127972901566
13.0,14.073657926963278
10.4,12.156680621867054
10.9,10.835090639535338
15.1,14.661673587517726
16.7,16.362789276463445
16.3,15.803150256251683
19.3,17.338713003264274
14.4,14.361872290057363
16.0,15.382689884339925
13.9,12.920427371980622
17.0,16.996808426865755
12.1,10.655812358891126
17.3,16.979147500933323
16.0,15.763678226649063
16.0,16.319838888603044
19.2,17.816384971723892
16.2,16.724571240134537
17.0,16.06245179224061
14.7,14.566150376507721
15.5,15.678447543648872
12.7,12.887527839717222
14.1,14.2346634913265
12.1,11.85394059115788
15.2,15.052798954769969
17.6,16.95199661389779
11.7,12.8074312070421
15.4,14.892661738156676
16.5,16.282739169109846
18.4,18.692951237317175
17.1,16.36228534369002
19.7,18.873037484736415
12.6,12.246450772858225
14.2,13.537383850925835
14.4,13.560229284717934
11.4,11.890103584504686
14.2,13.65929635966313
13.3,12.99275467672851
11.5,11.455716485972516
14.9,14.08445723899058
13.1,13.065788888634415
16.8,16.848067297803937
14.5,13.930545226176037
15.1,15.230589188155136
12.4,12.327601533441339
14.8,15.647308187448289
16.0,15.76367700388073
16.1,15.93270484826644
15.6,15.441842415631982
13.3,13.287657223676433
18.1,15.778572389128385
12.7,14.53900014091414
12.0,12.029699575825362
14.6,14.454369552666321
18.0,17.25270521713537
15.5,15.00105827625157
14.9,14.66860034790443
16.1,15.638774006329186
16.3,16.28833970837877
14.8,14.645890679448712
14.0,14.12748027948328
14.5,14.985661922579311
16.5,15.81023527099751
17.5,16.716895421326626
13.7,13.539439014683012
18.6,18.118953581200913
9.0,9.98280464677373
18.2,15.653245850611711
9.4,9.963858226896264
18.0,17.813601152200135
14.0,13.693726945050003
16.2,15.676715088053243
15.6,15.170844233129174
17.2,16.542993055656552
15.8,15.801365025374253
17.2,17.445512318259716
16.9,16.52747364545212
18.7,16.87257374769979
13.0,12.476171403890476
18.8,17.862526342854835
16.6,16.085786035189813
17.2,16.700360821942013
17.2,15.315353844547644
15.6,14.973571472015465
12.8,12.721992881939514
17.5,17.72502662957413
15.3,15.178372565103928
15.7,15.369547869791859
15.4,15.571010494386428
15.9,16.4817042036193
18.3,18.60698258582852
19.7,18.943542984721716
14.6,14.777528019505553
17.4,17.363287532003596
15.4,15.752696473227843
13.8,14.6448094728039
15.8,16.200226389399177
15.6,15.036599430197384
14.8,15.417841814916756
17.3,17.316536741243908
14.1,13.842921384148212
17.6,17.132363800745225
15.5,15.76741105428664
17.9,17.480656310392078
16.8,17.54049058374403
13.5,12.99158906750381
13.4,13.084445542543108
7.5,10.871964020392625
16.5,16.97332878841553
17.0,17.23442065150448
18.5,17.283361796085956
13.5,13.304640000220388
15.5,15.234840289806016
13.9,14.632310330023756
14.5,14.116446034306136
13.3,15.050701162777841
17.5,17.633052665711148
15.1,15.228377686020394
14.9,13.582966526126256
14.9,14.976687384856632
19.4,18.507656652509468
17.1,16.99704536338686
15.9,15.88088463951135
10.2,11.867113761196379
11.6,14.700577300303848
17.8,17.69665777735645
16.1,16.836059470762848
14.7,14.066710724117002
16.2,15.977669649500967
16.1,16.527677448524628
17.5,16.81713591596781
17.3,17.281072985351784
15.0,14.269114213355351
10.5,9.990021199453622
11.7,12.512897857552161
15.9,16.05498329483089
14.5,13.85604451774634
10.6,12.533127516362583
18.9,18.77408073733386
12.6,12.205029216362163
14.7,14.633771481137956
11.1,10.949001198110636
16.0,16.322058251767885
15.0,14.939121110088308
18.9,17.398167182080215
14.6,14.404384719848167
18.4,18.55439009651309
15.4,15.035448483249638
15.4,15.33488109015525
18.2,18.4779838937975
18.7,18.77883615263272
18.6,18.610403381841024
11.8,13.349517262453446
19.0,16.8307056351332
10.8,11.900933195429388
17.3,16.250278460594927
14.4,15.133810845174594
19.3,18.63641247036867
15.6,15.587202890892513
15.7,15.728233456728049
16.1,16.777672997588525
14.9,14.16512578243055
14.8,14.519115037226584
18.3,17.962182696268428
17.2,18.137832668235205
15.0,14.822154068478994
12.8,12.64005690637714
10.6,12.489033616118832
9.9,10.296632294426672
13.5,14.781540899281026
14.1,14.243076593556907
15.3,15.068041299164179
14.2,13.838684906851995
14.0,14.379675357431552
14.1,15.020038225866301
14.3,14.250764691503718
16.4,16.580101809322514
18.6,19.050263843499124
11.9,13.037784545740578
15.1,15.187143655697582
15.0,14.597771601202112
16.4,16.45227084043472
17.0,16.101734756317455
13.2,12.392964004422538
14.0,14.30000866001319
16.1,15.906022428767756
11.2,11.426175695087295
15.5,15.968009118616465
14.2,14.646294034013408
18.1,17.787944955809508
12.6,12.342445400194265
13.5,13.66821415425511
18.0,17.44204180309316
14.9,14.778724514988426
15.2,15.638364238046051
15.0,14.641690309734258
19.4,19.30404203181388
16.7,16.84574210172832
15.4,15.242472961985186
18.4,17.052393783727894
19.7,19.361295649810927
19.1,18.766042858129367
18.8,15.23854706005659
14.8,15.030001023105797
13.7,14.610741683110973
18.0,18.573752374388278
15.5,15.313902870606398
13.3,13.264154060980218
12.6,13.195327335677575
15.7,15.781720274102554
17.8,16.04585087443411
11.1,10.426770348392893
14.8,14.500220407076995
13.7,13.885986914654495
15.0,14.864451181818367
16.0,15.992111449733784
14.5,15.063551822153386
14.9,15.202692875958746
19.3,16.488265212305123
13.5,13.208733341365587
17.3,17.68419981039915
16.2,16.79951159212942
19.2,17.198998665437102
16.6,16.989439994875283
10.5,10.322668202410568
14.6,14.28280942154015
17.2,18.696229548339033
15.6,15.679216377458943
16.5,17.090903288917616
14.4,15.14262548564875
15.0,14.259449786914047
15.2,15.358826153853443
17.0,16.346991947029892
14.9,15.338295120018302
18.0,18.316941500946996
13.6,14.970328856834385
14.0,14.197336880519288
15.9,15.910685437673237
17.2,17.26783112475823
14.5,14.176582193991635
15.8,15.413029059074688
14.5,14.41295368334977
14.8,15.294846840435639
14.4,15.143732365864707
15.6,15.46090359723894
15.1,15.103301204682793
16.0,16.160864139790647
19.3,18.949254141858546
12.8,12.57254848186858
15.7,15.48933775437763
16.3,16.284450127997843
18.9,18.92089571527322
13.8,14.178615198878106
12.5,13.193216743296944
15.2,15.701204410928767
14.6,14.971133063721936
16.6,16.64221269483096
17.2,17.882179022184573
17.5,16.415751183702014
16.5,15.884734357096022
14.2,14.108670366465958
18.8,17.45414025051832
19.5,17.351285016426118
8.7,8.933613078901544
12.1,13.321531303226948
14.9,15.01261187738237
19.1,18.42897454733611
19.1,18.145422141969902
12.4,12.088470140955906
14.6,14.342469577473821
17.0,17.12850213056663
17.7,18.22854117343377
12.4,12.99075569215347
13.6,15.156983040889827
13.5,14.385520172596443
10.1,10.716965827217791
15.1,15.281838431365031
13.2,13.531713279298856
11.3,11.66414247503235
11.3,12.372439179918729
14.2,13.993441493017599
14.5,14.877414331393084
13.4,13.760844198433915
12.9,12.71884220148786
13.3,14.03130352392327
17.9,17.111825135332765
15.4,15.340063493160415
18.8,18.580606091883965
16.4,16.023264222318176
14.8,14.344880912118242
12.4,12.42577834991971
14.7,14.673038010805612
13.4,13.540385438187514
16.2,15.612492848158581
14.3,14.354517084197141
8.6,9.882243439918966
10.7,10.573996539809741
17.3,17.29805184568977
14.6,14.677058555011172
18.5,16.3877580332628
16.0,15.704506724898238
17.4,18.060073985921917
19.5,18.41859755117912
12.2,12.456320917874109
16.1,16.323418840183876
17.2,18.509625565784518
19.7,18.401692563551478
15.4,15.507707134791417
15.1,14.51189338217955
19.1,18.91057211748557
12.7,12.048646935771103
16.4,15.790897031070926
19.2,18.485497171554016
12.6,13.246221313287606
14.7,15.066372846928061
14.8,14.827055531408405
15.6,15.607027106016176
13.7,13.653470512479544
15.5,15.653986507211812
13.9,13.755341650510672
10.1,10.499274284928106
13.5,13.488511568197282
17.2,17.72352717028116
15.0,13.720885568356607
15.0,15.192764894745778
9.7,9.499111762153916
14.1,13.664340948162135
15.1,14.873236721730791
12.4,13.45542530118837
17.0,17.848903349527973
19.3,17.882937392045278
15.1,14.832022783160937
18.6,16.297536483441945
19.1,17.41054711904144
16.2,16.40973199531436
14.1,14.164906179401441
15.4,16.108201647002716
6.7,8.064599834615365
13.5,13.291652046060335
15.4,15.012938081490574
13.3,13.019800207872322
11.7,11.282604987645755
13.6,13.442070015915306
14.9,14.654631300945766
13.8,13.08868761145277
19.7,19.11924151459243
11.5,11.846624953152059
14.5,14.809362061787397
10.7,11.41091240325477
14.6,14.106600475821324
10.9,11.047523009183351
15.1,15.308441317873076
15.6,15.585075232025702
13.7,13.13539574018796
14.9,14.794956893238123
13.7,12.903626527215238
15.2,14.965190921720932
13.1,13.466969659410097
12.1,13.103933324135141
15.3,15.430583020322956
11.4,12.853818811068777
17.2,16.957531284264405
14.7,14.68885610811958
17.5,17.4198509134294
14.1,13.615162980626337
16.8,16.6523032704481
17.0,17.356319542508572
16.0,15.560250373868257
11.7,12.230892892810516
17.5,17.44551056412456
15.4,14.642164644144941
17.0,16.95282769113328
15.7,14.97725350105975
14.3,14.600022855249335
15.9,15.66151985176839
9.9,9.066269474220462
15.5,15.293837542492838
10.6,10.882706042611971
13.3,13.119484033120898
9.1,13.320956911227768
14.3,15.120464650626673
12.9,13.086427401867695
14.0,15.030505385919241
14.1,14.472771392873256
15.9,15.586065019590023
15.6,14.21751524702995
15.3,15.545192678400781
16.1,15.602802904268174
12.6,13.357474160555284
13.5,12.992454808514594
12.1,12.397836609598016
18.2,16.97526885959087
10.5,10.95209837440052
15.2,15.343660768470727
18.4,18.478245054851868
18.8,18.429177743382752
16.3,15.97164631943815
15.1,15.189424477750435
18.5,16.709404314300627
17.3,17.10110487235943
12.8,12.831854557414772
18.4,16.075765716435853
18.4,17.416394345840672
14.1,14.17256735713454
15.3,15.104645243714913
16.3,16.484872421598993
8.5,9.96006012102589
14.4,14.392118879148256
12.2,12.496795853716321
15.1,15.048227641789708
15.4,15.34956106536265
18.2,16.39102654828457
17.8,17.45034115613089
15.3,16.017086239389755
17.3,17.155972721695434
11.1,11.856724946119357
15.7,15.427370077231899
12.8,12.80581893195631
10.6,11.006848258140963
12.8,12.120102172135375
13.3,12.764186963933753
12.3,12.751999456202611
13.4,12.411837441468379
10.1,10.48133328271797
10.8,12.306912804488093
12.5,12.138840318337316
14.1,14.214308363996679
12.6,12.417312508623581
12.5,11.85710649448447
11.5,11.471665196877439
13.7,12.8641770297545
15.0,14.978913586208364
15.3,14.915116113785189
11.8,11.52116406854475
15.0,14.96242912460366
13.6,13.751277646635572
17.4,16.682005993061466
14.7,15.831168208445888
9.5,9.240133537299698
11.0,10.867650233471068
16.9,16.99773461609402
15.6,15.202109246805776
14.4,14.17329852741932
18.6,18.035505809180904
13.3,13.552257582899983
15.0,14.306417529645842
15.5,15.2196517286975
16.9,16.7902335364779
19.1,19.242815059318673
12.2,13.467715136619518
9.5,12.93526925414335
12.9,12.90527454862604
15.3,14.937928591860327
15.9,15.465979411732405
13.6,13.772775042103603
13.3,13.23714067362016
11.4,11.282925915642409
10.4,10.334449779009447
16.6,16.087911062464627
13.6,13.127415390888928
16.6,16.280223229630792
16.0,15.60967350834835
13.6,13.577532421331853
17.2,17.99940595086082
16.6,17.328352972346693
15.8,16.70515802933369
15.6,16.483988782905726
12.7,11.917779212089954
14.0,14.138855465309462
12.2,12.98104438901646
14.0,15.85787336678186
14.0,13.431009961263044
8.3,8.6933318137053
15.3,15.233181842209888
15.3,15.17907530645607
13.6,13.207206430844963
15.1,15.194082093214092
9.2,10.309764771838672
14.8,14.779716142409598
14.9,14.746392329689115
15.7,15.597402664603578
12.5,14.334523527591955
12.8,12.619390404579462
17.6,17.82588352987659
12.4,13.447550078504719
15.0,14.625099803204648
19.4,19.691486301540863
15.8,15.87266400284716
16.1,16.01180683085113
16.0,16.26765119540505
12.5,13.41825508774491
7.9,10.8254838649882
15.7,15.280712980955286
16.3,15.790791278574034
15.7,16.32648651123236
12.4,12.433248905930668
12.4,12.246668526437134
14.9,15.028180572815472
13.2,13.653557287272633
15.4,15.348995596345048
15.2,14.833618797103554
5.8,10.249253773101373
10.5,12.967408823024016
9.5,11.8845478995936
16.6,16.274454374593915
13.6,14.002629475993672
14.1,15.503039778739549
18.0,17.916389188627363
10.5,12.553777925495524
19.8,18.56623659748584
10.8,13.4165832745839
11.2,11.539008239662508
6.5,11.985057542013237
11.2,11.39987036108505
13.1,12.407794657512568
8.9,11.509247371694073
15.8,15.365063507779269
15.0,15.32441186496726
15.8,15.4121581280815
14.4,13.951800586008176
15.6,14.835229334363248
12.7,12.460126286343439
13.9,13.576918387601836
12.7,12.167450851469766
14.1,13.555715143651469
15.3,15.124425159350722
19.1,18.663548005977646
16.7,17.486521992686903
17.9,17.596712953294627
13.6,14.221697781373223
18.1,17.776499596307985
19.8,18.888522717335945
17.1,15.898160792916315
14.6,14.04905913136281
10.7,12.617205832066247
13.8,14.062753094214713
14.8,14.895439292275114
15.3,14.959252639935585
16.1,15.595613660696472
15.6,15.482248827102012
13.7,14.158348226603266
18.8,18.66048241739918
14.6,15.092251813439361
14.5,14.531205828592647
17.7,17.434203038472333
18.7,17.050687588227447
11.6,11.51159880607156
16.3,16.35698955922271
11.1,11.452977008884773
15.4,14.80633431631577
16.2,16.45446044858545
15.0,13.533543828809343
13.5,14.083676619367907
14.3,14.135121157509275
13.9,14.173345358518418
15.0,15.095719023491256
14.8,14.62829851009883
16.4,17.14535011060616
16.2,15.912744468005258
12.9,12.331520241627004
12.8,13.456337502517272
15.7,17.18726872401021
14.6,15.009636668957683
16.1,14.766309155911586
14.7,15.976778661643039
13.8,13.523921418964164
12.7,12.163175625377335
15.4,15.566270203611566
16.8,16.461447403373313
15.1,15.476765574827368
13.6,14.143367675889749
16.3,16.062437182663416
9.0,11.15639517706586
19.0,19.015133338223677
18.7,18.253237926517613
17.0,16.782281422001688
15.9,15.561572642356623
15.0,14.784210362908198
12.6,12.631871434248751
11.3,11.337630701920716
12.1,11.891206387139391
18.8,17.646714194706874
13.6,13.52760215580929
19.2,19.27990010729991
16.1,15.990309174288996
16.9,15.609378512366675
12.7,13.005454865924548
13.7,14.358388643304352
16.4,16.313193044006766
12.7,13.105133926808776
15.1,14.67561041130648
11.0,11.439915438822936
14.3,14.636032758033252
15.2,15.006578551459825
14.0,13.951279726228677
14.5,14.13609893003013
15.5,15.24965603655437
15.2,16.184706187807024
15.0,14.437122475810611
18.1,17.03065285991761
17.7,16.951211454783333
14.2,14.063665172317997
19.7,18.578661808307515
19.6,18.692841364478227
13.1,12.943206952506443
16.8,17.26746683314559
15.3,15.443269173036242
11.6,12.460799347230932
15.4,15.714376445659582
19.4,18.925299963360885
17.8,15.308373318694066
14.9,15.133811529991362
13.5,12.893162753345678
15.7,15.03873657953227
15.7,14.918872738970094
15.4,16.00678132881876
15.8,14.962420268944697
12.7,12.825750025051093
16.9,17.404392362313956
14.6,14.982647623171943
14.7,14.058519547199467
13.4,12.417401509708725
9.6,11.318963190864451
17.2,17.695427807550004
17.8,18.70932439833996
14.4,14.41169711665134
18.1,17.261082864453783
19.7,19.45916399898124
14.2,14.32303337108533
11.8,11.881993045539275
15.0,14.944036428962136
14.8,14.454589209337428
15.0,14.777931044480283
12.7,11.69172957300907
15.5,15.899389846807026
16.3,16.496378375617496
16.3,15.822284845044123
14.8,14.89954961535841
10.9,11.710258668583265
13.2,13.416489524450299
12.8,12.926500658650184
19.4,19.09408634400461
19.6,18.168764703092165
18.0,18.322243524948135
18.7,18.198738222417887
15.7,15.491798716364428
17.7,16.803266200760845
15.3,14.533530363172758
17.2,17.752623113716254
16.7,16.681686564319534
18.5,17.963826977356803
18.5,17.83495014878281
17.8,17.825083800853463
18.6,18.412465764500666
12.6,13.202521216953755
18.5,18.4559328010655
14.6,14.532559476640017
15.7,15.727757153275888
10.9,11.604898036865052
6.9,8.306033991131699
12.0,11.72931812866591
11.7,11.900887696130667
13.9,13.857750016228238
13.9,13.683676051034126
13.9,13.858999793737894
12.5,12.589830002052622
15.9,15.187721303538638
16.6,16.241418534476907
11.5,12.330505432040809
13.8,13.82631317574669
18.5,18.017189891717862
15.4,15.545144898700528
17.6,17.51122844708152
12.9,13.083421052468111
12.5,12.330941434178385
17.3,17.270353167288704
15.2,15.011416797729908
12.5,12.361516137141734
13.1,14.118163638897386
12.2,12.685125205000077
13.8,14.460887596418615
15.4,15.368390219548019
16.2,16.457842704476207
19.3,18.884834042721195
18.3,17.678468183003133
15.6,15.555433481586078
11.2,11.455219231054798
15.6,15.385886294305237
14.6,14.294600335793803
19.4,18.6941505822615
15.3,15.074924631560862
11.6,11.821134160480142
5.3,6.327082121337298
14.5,14.217239056823018
15.2,15.311419575729815
11.3,11.634065022401046
11.5,11.553658843564335
12.1,12.241287343960721
15.4,14.821798814460635
17.6,17.817386235808954
13.4,13.632988304048922
14.7,15.191333594935713
15.2,15.16579933459434
11.8,12.0739016434527
11.8,11.77493500703713
15.9,15.525220648560207
15.1,14.883301116904477
16.9,17.042993078641302
17.7,17.524718701344682
15.7,14.135229632840492
14.8,15.035275928185001
17.6,18.379488592996495
13.2,13.066789696662454
10.7,9.949695122719277
8.6,9.430625336652156
14.8,14.835115655678237
15.4,15.088152963871835
15.0,13.547122275165748
7.7,9.554482913114043
11.4,11.477338667144068
14.7,14.908580362040084
13.7,15.123560912703397
13.4,14.21592514240183
12.4,12.921377652470255
16.3,16.096909691194014
17.2,16.35313115172903
14.9,14.55154404163477
10.1,10.210858167032711
16.1,15.539802693208912
16.2,16.408280363531958
19.6,19.086599378561004
15.0,14.582394741126336
15.4,14.715379051311174
14.9,12.3782501751557
16.2,16.19600253376848
14.9,15.196799861761974
16.9,17.114470515785797
16.5,16.0077174056496
14.8,13.982743639615364
12.6,13.72252249988378
14.5,15.235501980092522
18.4,18.18177183807711
16.0,16.276306954736356
13.4,15.439242549415212
12.1,13.252005881266086
17.4,16.7883670431911
14.1,14.728451556147775
18.1,17.96656144456938
10.7,11.076684845495038
19.5,19.428013972123154
17.4,17.266410974931205
15.3,15.241048612908344
15.1,14.87831444197218
16.8,16.083181834459538
13.4,13.430598578030185
17.4,17.000898276766748
15.4,15.318290763294499
17.1,17.11038433550857
16.4,15.957319923414616
14.6,14.272421137531637
11.9,13.298508261155803
19.6,19.32009891877533
17.4,17.818376683833776
13.1,13.135389533672424
15.1,14.961500269710086
9.4,10.590696978208143
19.1,18.770359273359645
10.7,11.513863483734895
12.9,13.255697946049622
17.3,17.551409924111795
11.8,11.620622798625845
12.7,13.685769656236516
16.2,15.530354189328136
16.5,17.684837855020305
16.0,16.1452553783638
18.5,18.21722208315623
19.9,16.57086759727099
16.2,15.181686499796342
14.8,14.431185511464719
14.9,14.979269333565753
15.0,14.651999210764188
19.8,18.0402011575934
16.0,15.861856151477696
16.2,15.8499885800411
15.0,14.17030266949223
15.4,15.114616680410109
15.4,15.543168606211111
16.6,15.644934366431698
14.5,14.21213585260557
14.3,14.551717118825763
13.9,13.290637073572725
19.2,19.042040821746923
16.1,16.433146354393102
11.4,12.784298249554922
15.2,15.155407046258915
14.1,14.530368276235095
16.4,16.465349882544615
15.3,14.71769668860361
14.4,14.183462264656555
19.2,17.544212204928044
14.6,14.41617518586827
18.1,18.569495868403465
15.4,15.137376593545923
14.4,13.95767636167875
17.2,17.98007698811125
14.4,14.677741233448614
8.2,9.823945153562818
14.5,12.098529347946169
15.0,14.623500117231742
18.4,17.332310989382677
14.4,14.008468329411699
17.8,17.88597984200169
12.5,13.738630978279616
17.9,17.566743042960297
15.9,15.179506825492354
11.1,10.876744538312778
14.1,13.957493987574708
9.8,11.034809545904864
10.7,12.04008007934317
12.5,14.262888487312011
13.7,13.688222048836906
13.6,13.194747373931023
12.9,12.388541788066505
15.6,15.507948210375616
8.3,9.770607542275684
13.6,14.107295151188737
15.7,15.22871494415449
12.0,12.673865044431295
12.8,13.264160004473524
12.5,12.421355139205843
15.9,15.817825081554474
12.8,12.45785429465468
15.4,16.359479336621007
14.6,14.392718684339343
8.4,9.881890151184052
15.5,15.081507136113942
13.1,13.408993300696238
16.9,17.9771246042219
19.0,18.564463085058378
12.6,13.182864362548571
11.6,12.032259249594063
17.7,18.051399876276264
14.9,14.629613575631083
11.1,11.617639547854196
11.6,12.231197160552256
15.1,14.840807082597166
14.4,13.75357156287646
14.1,13.837639147997834
14.9,14.765595963108353
15.7,15.683336353336927
15.4,14.907367660785894
15.4,14.952251704089576
16.3,17.456046558974776
13.7,13.781373381996673
11.5,12.975392696418567
14.3,14.593307404575171
15.2,14.901988379686372
15.1,15.0550552449713
14.4,14.451545254738448
16.2,17.536300578422015
13.7,13.601302787894383
14.3,14.880316653347109
14.4,14.279905013772805
12.8,12.97695928439498
19.1,18.125466738420073
7.3,8.981507549469825
14.9,15.620651764089416
15.3,15.658103321038652
10.9,11.070531323115574
14.8,14.355412793629512
13.9,13.651687092908105
11.2,11.497932057885919
12.3,12.301219521730673
16.5,16.30739573835126
14.7,14.372746371140238
15.9,15.414536026655696
11.2,12.147640822604444
19.7,18.902755773684476
19.5,18.057689102570293
15.0,14.75702987141267
15.8,15.272832447837573
16.0,16.312050876847934
16.0,15.74495972256409
17.6,18.21320574078709
16.0,16.735757765825838
16.4,15.273899378051283
14.4,14.581995367407217
19.8,18.92399293690687
19.1,19.17838072453742
15.8,16.836459379963344
18.6,18.28173791376139
15.8,16.449276683066273
12.1,13.22123114526039
18.3,17.362399009085493
13.3,13.775715469382703
19.6,19.00328906092909
14.0,13.35146311589051
6.2,8.4281043925439
14.0,13.903484695299994
16.2,15.693294853641419
15.1,15.244795822829474
15.0,15.135969683615258
13.3,13.527594833314652
12.0,11.46616849664133
16.8,16.820919772057096
14.3,14.313302963797469
15.2,14.923061840672744
17.5,17.759446447860682
18.6,18.420999458699953
14.3,14.887066975439666
17.9,18.142220033652848
15.8,15.59927010643878
13.5,14.42463203187799
15.6,15.52999047942285
15.2,14.29511950945016
15.4,14.728459004170873
19.5,18.533636406995356
15.2,15.049455626620329
16.9,16.89286459676805
14.2,13.688499219773803
19.0,16.783144087647088
14.1,13.71816312923329
15.4,15.075019947747933
15.3,15.46405572106596
14.3,14.46061216815724
17.2,17.52158121066168
13.8,14.056825158157153
17.1,17.599609059019713
15.4,15.29113223036984
10.7,11.527534873457626
15.2,15.163719824544387
15.5,15.362794764281716
16.7,16.36088592596934
14.8,15.728180126374355
9.7,10.561221903539263
13.4,12.974857453984441
14.6,13.840371478669113
16.0,16.055486951954663
19.0,18.918636941554723
15.4,15.306640088441782
12.7,13.310433149366872
14.2,13.928731220046757
15.2,14.91363622675999
16.0,15.882345332298428
15.1,15.059686213353416
14.6,13.703912221244536
14.0,13.524995967396535
16.5,15.69971084073768
16.2,14.127820080029778
16.4,16.630160676431842
18.9,17.84592009097105
10.6,14.552595116343582
15.4,14.950955032245474
12.2,13.421844168857206
14.3,13.634945478785085
18.7,18.54933696516673
10.9,11.566519407788292
15.3,15.096542653045617
13.2,13.774682655581273
15.3,14.889546651829733
12.9,13.047027527471073
11.1,11.260093342803884
17.7,17.21672936727191
15.2,14.5744339885714
15.1,14.601739477104275
15.3,14.972022705595009
19.8,17.997826416190946
14.6,14.262851302250056
13.8,14.082078970648581
16.2,16.646427953939565
12.2,11.90265328856185
15.2,14.814501863875194
15.2,14.78845203966921
14.7,14.604855229408713
15.2,16.38494705071207
13.5,13.213045524578774
17.1,17.034612566043506
19.6,18.461603722564178
15.3,15.090766589511986
18.5,18.150901074695867
19.3,19.26599827563041
15.5,15.135608169512125
14.8,14.49794148154615
15.3,14.978239134827163
15.2,15.042654895840315
15.1,14.581415411026683
14.8,14.64763018299709
11.7,13.113241925926559
15.4,15.706238666542049
17.2,17.69053267655545
15.6,15.423605460149702
15.5,15.848630881737336
14.6,14.38258472268717
16.6,16.339538734042435
16.8,18.288782847375842
17.1,17.735192668405944
14.9,14.886476671299533
14.1,14.234502010047436
16.9,16.620531979046063
14.8,14.849681166815571
14.7,14.763577411067672
16.2,16.083494797872845
17.5,18.600912487134337
14.9,15.231449466858976
16.1,15.78324205224635
18.9,18.64158013969427
17.8,17.19435877847718
14.9,14.87742347862877
14.7,14.824407314603377
15.9,15.842781991232187
13.3,14.017795627296437
14.4,15.112472725886619
15.3,15.28450698828965
16.5,16.52211555291433
17.4,16.390088817555807
7.5,8.028004836261971
18.7,18.673137941164896
15.9,15.028569250251167
13.1,13.189142102666665
12.9,13.923848301026737
17.5,17.11507263997919
16.2,15.877428451320156
13.5,13.845569228753448
13.4,13.10245735978242
15.1,15.46650027349824
16.0,15.485421504534315
12.9,14.229537734412588
19.2,16.79416531091556
13.4,13.553300728468457
13.0,13.557672730243212
12.7,13.102074564641953
16.1,16.33030537168088
13.3,14.52663334144745
15.7,15.64637175025382
10.3,11.536431725049624
19.7,17.480683169531403
14.6,16.43269183440134
17.3,16.26371736708097
15.6,15.618680982588558
14.9,14.84214100175268
8.9,10.442243300989503
15.3,15.00015910626098
12.3,12.908343196002534
12.5,12.278902160207508
14.8,14.393544542923337
19.7,18.498909109446686
12.2,12.635942801251076
18.5,17.254914277033095
17.1,16.511938079143874
13.7,13.765070953631948
10.9,13.927458009775364
15.8,15.57736763614048
16.8,16.236916971800383
14.5,14.372642425645608
19.8,18.257735086983303
14.6,14.817428205438773
12.0,11.740143224480562
15.8,14.82267913420219
14.7,15.448678434684552
17.3,17.94759891863214
15.0,14.757055912667056
12.3,11.858002627326641
18.2,18.454333086527186
18.9,17.470268726639915
13.3,12.09673467776156
11.7,11.216555202321615
16.0,15.744795761420391
12.7,12.692627216547407
13.8,15.282341509388061
14.5,14.378551357120159
11.6,11.723574955773074
17.1,17.252396750598564
13.5,13.556990484508788
13.3,15.636236071004532
16.9,17.859651814214885
19.0,18.748680685530417
16.7,15.797854586999165
18.1,17.470292204641737
13.8,13.0797248777817
18.8,18.280037865886698
13.3,14.683309875195846
16.3,15.958642979850993
14.8,14.617140894726617
19.3,18.75722214311827
13.0,12.757285982952453
17.6,16.243940576358
14.3,14.185234626871534
16.7,17.200304955782485
12.7,14.506661654651907
17.4,17.764748359360965
14.9,14.331007569649955
15.9,15.486469101626426
17.9,18.136104832403362
12.4,13.662823326134458
18.2,16.458051318390062
19.3,18.61890406088787
19.8,18.860397396812914
15.1,14.20227860738305
14.3,14.857198396348394
11.2,10.76311642906876
12.7,12.349962819891516
12.2,12.483947012980934
15.7,15.665087825909723
16.8,18.11113868438406
15.3,13.714787246106425
11.5,10.70705245505087
13.0,13.339277704712003
13.9,14.386471940932097
15.1,13.704385958524654
18.1,17.988846663938602
18.1,18.192198665608885
15.9,15.483066828019219
14.5,13.794352246826747
16.2,17.070941400743322
18.9,18.111893135937862
11.6,12.282762639228167
16.2,16.976402490025066
14.9,14.21763279332663
19.2,18.406272219872335
13.2,12.997760644100708
7.6,14.157642874086378
17.8,18.32791549153626
13.8,13.398530767357443
14.2,13.519014686467926
12.1,13.990723025170155
17.9,17.282586845511105
16.8,17.41489248914877
16.1,15.583279963000678
15.5,14.741522775966587
10.0,11.620517666951855
14.3,13.447698753530858
18.9,19.044951299234526
16.1,16.334486667958117
11.5,12.416884727881552
12.1,12.30587972473586
15.2,14.414879917447252
12.7,13.07337075934629
13.6,13.423674408579245
18.2,18.84981345781125
13.2,13.139468941953965
13.0,12.98926026164554
13.7,12.978711247822503
14.8,14.74165804029326
12.5,11.664380988862831
12.4,14.207158988065203
19.8,18.274229746835772
16.2,16.568281716434285
14.7,14.770508180707111
17.1,17.744340971607016
16.4,16.264469348307102
15.0,14.46466535399668
19.5,18.690326124546118
15.8,15.795687676698435
17.6,18.30366220654105
18.2,17.857798526383704
15.5,16.330997068464058
18.1,17.18729703198187
18.2,16.978450055379653
17.4,16.773007772368146
19.8,18.738227216119412
18.7,18.80807810847182
17.8,17.16674370272085
13.9,12.709647189569296
16.5,15.767810428806115
15.3,13.570732821477577
18.1,18.43866450790665
18.5,18.39099393429933
14.0,14.526855406063987
13.5,12.673406864400022
13.7,14.12574947410576
15.7,14.986168116418412
18.5,17.501158003724413
11.3,11.559799765294883
19.8,19.245691913878545
19.3,18.433578814176144
12.2,12.5702329010237
14.6,14.707829591818154
11.9,12.160059654012002
11.3,10.970680392056238
19.5,17.746489269309677
14.0,14.557013554731384
14.0,14.279977964182763
9.2,9.526213551114779
15.6,15.741188052867074
16.1,15.786688225489343
15.3,15.771071898838272
12.6,13.47861076274421
15.5,15.712338558922056
13.4,12.11493746060296
13.7,13.894879370403942
15.3,16.179063460425823
7.4,14.49437949795356
11.5,12.888113254017298
10.8,10.970865504641552
17.1,17.380159273336176
18.9,18.279846343648387
19.1,16.959889303485397
14.5,14.549252193028224
14.5,15.181028197219348
16.0,15.872758517769398
13.8,14.293394673644798
16.2,16.409414912985085
19.9,18.68871639459394
15.5,15.306286141974851
9.3,10.835067602049094
10.8,12.175496197887696
13.8,13.463526704261312
16.3,16.017370780675265
10.4,10.45697836036561
13.5,13.721202916382026
19.2,18.63964104850311
12.9,12.814237498503644
13.6,13.12574053733806
11.8,12.980103611072991
14.7,15.835526129085338
16.8,18.501157718972536
17.0,17.62700746176415
13.8,14.954551900798833
16.0,15.410406250510277
10.8,12.290370486938627
15.8,16.06451092739553
9.1,10.530910519417375
17.9,18.626826886087656
12.2,11.771075744298287
15.6,13.166149768949253
13.9,14.023288403608603
12.3,12.139650673547294
13.1,13.402151580376085
16.1,15.471772783144843
9.8,10.53980940618203
14.3,15.261774944956414
16.7,16.291565355844796
14.6,15.557320517706103
17.6,17.79527944844449
14.9,15.572593626420712
16.7,16.5447188752878
18.0,17.505498238664586
19.2,19.382492322125472
15.1,14.585228507057764
15.8,17.251827850821428
14.7,14.903402089781594
18.2,17.36685869365465
11.7,12.771442418161314
14.0,13.558627408847315
14.7,15.230591373130665
13.7,13.369682458196621
14.3,14.770631168037653
13.1,15.300071575067705
12.6,14.937478348205332
15.7,15.363554482290056
14.1,15.083130025683204
18.9,18.68689606792759
11.9,13.449645886197686
14.6,14.880312077104463
14.5,15.551680030621355
14.9,15.261363686789991
15.3,17.17828074481804
19.2,18.99595264092204
18.0,18.50392307213042
19.0,16.9426056863158
14.4,13.57399740521214
13.6,13.967686701391358
18.3,18.01237540899092
16.1,15.2999594185967
18.4,17.90698483318556
11.3,13.683142120833509
7.0,12.061610187816768
16.3,15.95662772466676
14.4,14.095901148131816
12.2,13.527623788719211
19.3,18.745454240590334
15.3,15.209628707852971
15.8,14.976359432184836
15.2,15.003591283053538
15.7,15.648657505400479
18.8,16.262945894442964
19.8,18.45680746997823
15.3,15.328876740855776
9.4,9.892418322735466
14.9,14.844067963247653
17.1,16.540164216043195
15.7,15.533935758983716
13.8,14.230026677138085
14.9,15.352065962506458
13.3,13.682586138311308
18.4,18.96104354399722
13.9,14.183565654418999
12.5,12.791840600024443
15.2,16.104281346168136
15.6,15.613153079291806
13.4,15.230625013215104
19.8,19.205546823708573
14.5,13.490641546610277
15.2,14.770796605065698
19.8,19.006207915284904
19.4,19.06466928482405
15.5,14.336550681000517
12.4,12.322858259693021
12.7,13.13343968775007
12.9,13.014086837574723
13.4,13.52184547035722
12.4,11.74841115064919
11.8,13.308549261972075
14.8,14.209052738384344
13.0,14.668744683753175
10.6,11.435202382039279
13.6,13.19619250389951
18.7,18.392052852839697
14.5,14.089919815742178
13.9,13.584242817454651
13.3,12.503003846417414
15.0,14.805261090228669
16.2,16.794093507083744
15.5,17.115579771547345
12.4,12.184195312205702
14.7,15.634050122345798
16.3,16.5270714443177
14.9,14.429201212973567
14.8,15.481102650926914
14.7,15.445747903286247
12.8,13.30797917532982
9.9,10.903604675873794
16.8,16.40516292140819
15.6,15.595859046698024
15.0,15.296642436214825
17.1,17.491159706638427
14.9,15.663719396441593
13.2,14.239961402403424
16.0,15.786924546555383
13.7,14.981738564081752
15.0,14.578469582109392
16.1,15.80903871069313
16.6,15.894814917235635
17.7,17.07915975456126
11.8,11.876649808196817
13.2,13.25127630843781
15.1,15.519271747092716
16.9,17.633012840058655
15.1,14.433993104932597
15.2,15.21484087114186
15.0,14.827315891627222
14.8,15.118397026206367
13.9,14.306542912649093
15.0,14.985810003941879
14.3,14.780599060395616
19.4,19.11194167821668
14.1,14.790840764029781
14.9,15.050628417164262
15.0,14.108323405558622
12.3,12.475865892018192
17.2,16.146602116175927
12.5,11.73949643142987
17.3,16.547419034992345
17.9,16.7007839930302
14.5,15.155630926543381
15.8,15.741270024998812
13.9,13.475515170255676
13.7,14.147737265127944
12.4,12.500955139024882
15.5,15.299779562483309
19.1,19.10668448152137
16.1,16.765322496939916
17.8,17.617048495274503
17.8,18.752152626839234
18.4,18.307206879660953
12.6,12.645356808963697
19.5,18.752053906791843
15.5,15.216654533229303
14.3,14.1765761130373
15.9,14.909870146337198
15.0,14.746953725109051
15.7,15.389098054060014
16.0,15.759610672103008
9.3,12.403478566673584
12.7,13.996885639999164
13.1,13.077699516201392
15.1,13.993082925124327
18.2,16.012334917619228
13.8,13.926145824230844
14.9,14.654708296733588
15.1,14.806819673831342
16.2,15.550697550937912
15.2,15.365376971749356
14.4,14.318157667818014
17.0,17.25929232413182
13.4,13.515745041629998
15.7,15.247329020179677
15.6,15.348526586958542
13.3,14.050499542645412
15.8,15.338630926358746
16.9,17.283100588058005
13.3,13.437332457921002
13.8,13.892169378406834
15.8,16.45703604715527
13.2,13.3790017706051
18.1,15.791809058195213
15.4,14.890837131300941
15.4,15.222316036310076
16.1,16.73587649770161
12.3,13.202813109091949
15.9,15.552353922335897
15.1,14.867776596278418
19.5,18.98126820338075
14.1,13.70787774672499
5.6,7.534020843100734
19.1,17.945195450796746
19.4,18.650912457727827
18.9,18.967116877931403
15.1,14.61797931473484
15.4,15.206454576255055
14.9,16.72949746713857
11.9,11.962079002609244
13.8,14.169197209386766
15.4,14.854164303687867
19.4,19.3773838437628
15.4,15.27505551817012
15.0,15.164246836764505
14.4,15.934908459455983
15.4,15.944909953075694
15.1,15.780943918965932
15.2,15.978790822293377
10.8,11.275538977002725
12.9,12.955488449719269
15.6,14.836517614638069
13.5,14.637084618565495
18.0,18.205037513529533
18.4,18.23419036724954
12.1,14.008777590037425
15.6,15.980630189689691
13.7,13.552196171687683
10.0,11.532448310172185
15.0,14.52078300224639
14.5,13.582874579471536
19.0,18.171161210459104
15.2,14.402303711220156
14.8,15.138365816499572
14.0,13.854061172081856
14.3,14.048594811261864
13.4,11.530855534045259
11.6,12.232324420823716
13.6,14.495468735869508
14.3,14.122558250062866
12.1,12.44679047880345
15.8,15.922788636617042
10.3,9.473819446749985
10.7,11.945183288684348
14.4,13.89914741766188
12.7,12.878321698575746
15.7,15.406692958064014
18.3,18.10023537382949
15.5,14.963633051462239
15.7,16.944118690502364
15.1,14.986693543203728
16.8,15.061866133275544
15.8,15.305680566118099
16.2,17.42271091893781
11.0,11.53419445140753
12.1,12.728931151825236
11.8,11.909569826209918
8.3,9.705507206963375
16.3,14.338284603436477
12.9,13.19422824436333
12.7,13.762403989123413
11.7,11.034365432866252
12.2,12.045953858847497
15.9,15.256841426806204
19.1,17.093888648669235
17.6,16.11380819644546
14.9,14.76962905723849
19.7,16.255958444762655
13.6,12.961555646324996
14.4,14.096817700832617
7.0,8.647471258824226
13.4,13.412727090617409
12.0,12.071647013392067
14.4,13.939627651503542
13.7,14.48106144258054
14.2,13.898925930441692
17.3,17.151650581072317
15.7,15.971338799980003
18.5,17.042932979529724
13.0,12.493855081818765
11.6,11.70584193765535
9.9,10.246277217695024
17.8,17.47342800241313
16.4,17.02883314259816
11.3,11.408531890163431
11.2,12.071743429813068
15.8,15.478875671920832
14.0,13.82371297284044
12.8,13.173257755406667
11.0,10.077572317357408
15.7,15.747225759481807
16.5,16.1400336188035
13.1,12.435269985813648
14.4,14.603470982958243
14.5,13.844440029064572
11.9,11.482547073450405
16.8,16.199703117425088
10.5,11.179938910197961
14.9,14.621125035861041
19.0,16.977600787409756
18.3,17.603341923182597
13.7,14.488919053896097
14.4,13.910639217414428
14.8,14.229981303826207
18.5,18.046364301175345
18.2,17.978366778057534
17.4,16.580284083353035
16.2,16.233613660704577
13.1,13.28471599885961
13.9,15.37025572863422
16.1,15.50297006886467
13.0,14.358385825762525
14.0,14.197874523262726
15.4,15.261854351847433
12.3,14.485824809176847
14.4,14.87920820643194
18.8,18.09111882778234
13.4,14.184127346612513
17.4,16.429490887589054
14.1,13.630887526087463
16.0,16.101565855380613
15.3,15.089315813267604
15.0,15.29120833426714
15.7,15.408635445026448
14.1,13.835291486906499
16.0,16.493107900536415
14.9,14.890507084259298
12.8,13.372201997757656
15.1,15.045629067113623
14.7,14.953277520427946
17.5,17.21408072311897
16.3,16.102064076199895
12.4,12.265281129977666
15.9,15.893284038902493
15.4,15.232199789406877
12.7,12.068990426836535
14.3,14.232250279750588
15.2,15.01042653399054
15.3,15.180477808193245
14.7,15.063807789472776
14.6,13.589587488273537
14.2,13.60459202711354
15.6,15.198239053424913
16.6,16.21737828493133
11.4,11.86382897628937
11.9,12.269196498749807
15.3,15.15877033497054
10.3,11.06661665518186
16.2,15.085801252833335
14.4,13.960172238283121
15.8,15.59697853142643
15.8,15.335491976176854
8.5,11.628750161151402
13.3,14.09038005876937
11.9,11.951856915839016
12.3,12.062980923165014
11.9,13.09107845267863
16.9,17.43691549169671
13.5,13.392096115363529
12.0,13.035097665007925
15.5,15.610483882737753
14.6,14.920714842770394
15.6,15.431576580449473
16.1,16.103671766606567
12.1,11.904742995480774
17.7,14.521882073666347
16.2,17.12140184131931
18.0,16.320648964698194
11.0,12.036168935595924
13.8,13.82023244339507
17.2,15.407590915161563
13.6,13.948227051529102
15.8,15.721609706932213
16.1,15.374583351192996
12.4,12.015995746105546
12.7,13.13156502880156
13.8,14.31451621412998
12.5,13.103467419079607
15.6,15.561918884432089
11.5,12.413229807047173
11.0,12.41363874959643
11.5,13.609984414069913
14.7,14.655967328963015
15.1,15.749427418864798
15.5,14.905748270801269
13.5,13.653982034593355
15.9,15.934307101619197
16.4,16.1434853883693
9.1,9.530649166204967
18.6,17.3518238531542
15.1,15.256119171423052
14.4,14.781761567806825
16.8,16.37348051815934
11.3,13.663123492093291
13.1,13.463829978694775
12.5,12.820109210850205
15.5,15.245066939794924
11.3,11.636930684588151
14.2,14.837968013540376
15.7,14.815702388241334
12.9,13.62900471323519
15.6,14.28267569176387
12.7,12.580460775672691
15.3,15.129922535910737
13.0,13.240833826130256
16.4,16.411716259492096
13.7,13.612505512690404
16.1,16.142905621702084
13.0,13.199262008307414
14.3,13.921262016461696
15.1,14.793787076665467
13.3,13.343692266620565
15.8,16.07767061155755
13.0,12.413463270408101
13.9,15.69605953944847
12.5,13.199622048530728
14.6,14.14778969053259
11.8,13.758315261802636
18.8,17.486367417732254
11.2,11.669188537023729
15.6,15.925597138415469
12.8,13.345718543938347
14.8,14.258835145679768
17.3,17.3826299579232
14.2,14.611253337590824
12.5,12.76731823029695
17.4,16.627542342401284
13.7,13.435413006260205
13.8,14.493466112602619
14.7,14.00286250654608
17.4,16.951539461530047
15.5,15.494702576925192
16.4,16.11085285336594
15.2,14.39911187807229
15.2,13.840971561323386
15.6,15.662050711835036
16.2,16.44492773483944
15.5,15.072970762417754
12.8,13.156458988440136
16.4,16.100329286724445
19.5,18.749997580969648
10.1,10.879169050196651
12.8,13.541174927609973
18.3,18.372929981094785
17.5,16.736042266064032
15.2,15.246811155229807
12.7,13.549223485466428
13.3,13.842453264282085
15.2,14.84185093169799
14.6,14.309728050260674
13.0,13.537528082670178
14.2,13.676235347345937
12.3,12.027666926418533
14.7,14.650539373222273
11.2,10.820388306397945
14.5,14.25614572872837
9.3,10.376899051159853
15.1,15.2702081220923
11.4,10.736505355569534
12.9,11.963732145435642
11.7,11.883147857406584
9.7,11.750798590481281
15.6,14.972432063776068
12.4,12.536593456345145
12.2,12.340346731274622
16.4,16.59317510575056
13.4,13.673693369302782
19.8,17.7941124200006
13.5,14.24117591662798
12.1,11.636255847581197
12.6,12.823425695649348
16.9,16.010297996428562
15.3,15.211764768755529
16.1,15.890262800792698
13.4,13.689768001961056
17.6,17.524938841732364
15.4,15.150882671732688
17.4,17.9769901178297
19.7,18.68526379344985
16.7,16.901708600522397
15.5,15.586871226310905
13.9,12.991311369580217
18.3,18.218413064947526
16.9,16.911740317373187
19.5,18.725191727513447
14.5,15.275670002572951
18.1,18.050698362283583
16.2,16.411927954817656
16.6,16.675072483281838
15.2,15.158250625245273
19.8,18.140769016637933
14.3,14.14994347866741
17.5,17.039088707359042
16.0,15.946290978812613
12.4,12.66253397465698
16.7,16.429875983681995
15.0,14.456870505793631
17.6,17.407620125479298
17.2,17.34897955742781
17.1,17.577027907260344
18.7,16.803136081434786
14.8,14.512029026460368
19.7,19.094046065816656
13.0,13.343882340581331
18.8,18.012527950078947
17.2,17.294864603874885
16.6,16.8311998215504
16.8,16.05915425688727
19.5,17.972229973005597
9.8,12.394611387484474
17.7,17.326089003123343
12.7,12.022957268112805
16.5,17.24333909665438
13.6,13.805109491213443
12.6,12.947499970357967
15.7,15.208323343365919
11.2,10.827257353026653
10.2,10.476750011031982
17.1,17.319015897133795
12.4,12.685251914532273
18.1,16.91496342004757
13.6,14.320124906138517
14.8,15.28571485663997
17.7,17.291147181473207
16.8,14.493777118448634
13.5,13.431861376599045
15.6,14.19277631357545
18.7,17.708307830791455
14.0,14.662559964810498
14.2,14.8794349553973
16.4,15.900288275093772
15.4,15.153729055866279
16.7,16.5525940041407
16.3,16.084290664268337
16.2,15.61398166307481
19.6,18.366987076122314
12.2,12.586665849172277
17.0,16.857278184237657
18.2,15.536293992598075
16.9,16.918450281860714
14.8,14.270400803568918
15.4,15.491194615524364
14.4,15.079079293631366
17.6,17.463160984949354
10.6,10.881119323054008
13.6,13.307445249083685
14.8,15.350855202879757
17.9,16.47434430848807
14.2,14.096357414575323
15.8,15.126835510574892
16.2,15.509526133011605
15.5,15.026518409291384
15.7,15.949578883955837
13.9,13.754191554064164
15.9,15.868729430803796
18.3,17.573233241710113
18.9,17.554865070989763
17.4,16.794730207555403
18.7,17.194383876634674
15.9,15.665843706417945
19.2,18.882557704018836
18.4,18.475823472239426
15.3,15.318700550989888
15.5,15.142601829662453
18.7,18.669815785135143
15.6,15.105995748308487
15.7,15.816800529020838
17.8,17.143708670744672
16.4,16.779023097569734
18.2,17.870919905253686
19.8,18.95626039628405
15.6,15.412090419209562
18.3,18.919632209232077
15.5,16.67389520544384
15.3,15.436575893189001
14.9,14.938293344388512
16.4,16.199522635550238
15.0,16.28394162116456
19.8,19.235443123499863
16.9,16.314500969077926
16.7,17.711516816634685
13.5,13.456311450692738
16.5,16.29551721678581
18.2,16.998326986613392
11.2,11.153252650401555
18.6,17.901598272670526
17.3,17.28252513334155
18.5,17.389958809042582
17.1,16.66552418048377
15.6,15.84464366328757
15.9,15.373840960965026
18.8,18.64781770342961
19.6,18.203209779632743
18.0,17.68633544637123
17.2,16.861208457958128
13.1,12.731577600643504
12.5,12.084569664220908
16.7,16.39856083763152
16.7,16.486996314306452
18.1,18.098767985291488
17.4,17.03515992504981
16.4,16.45283671339712
11.6,10.954633300425485
13.9,14.486677969936864
14.0,14.403904620092362
14.6,13.699650805743659
17.9,17.667231650433678
18.3,18.331755917315604
12.3,13.185937866102904
12.3,12.32134855541517
19.2,19.204948231810704
11.4,11.157248619681923
14.8,15.062072283646557
14.6,13.852463981544133
14.9,15.372503307808074
14.3,15.131831615639385
12.9,13.475119213864673
15.7,15.888876998913474
18.3,18.202840832993388
19.4,19.13455631933175
18.0,17.06076592348836
16.4,15.962893684511073
15.9,15.559088116744533
16.5,15.92813262459822
15.1,13.773409571585944
18.8,17.999585758694593
18.2,16.363956450572005
12.6,13.483568621682934
18.1,18.944295723136747
18.2,17.122046073403908
17.2,16.87501916680776
11.1,12.71105886285659
15.5,15.433129165758146
19.0,18.42783352333936
14.3,14.131162523059174
19.1,16.49913337593898
15.7,15.347474165333551
15.6,14.973940243977268
13.8,14.073815536108668
17.7,17.238840649763006
13.6,15.362163317324303
14.3,14.32327054569032
12.6,13.103601804352365
19.7,17.618800554708287
13.5,13.056553570815595
13.0,13.392370687797666
14.0,12.927581388212275
16.5,16.256426707084756
17.7,16.59881862043403
13.9,14.460972063265217
18.9,18.215483102678263
15.5,15.347869980032556
8.0,9.06792374010547
18.5,18.92296619474655
16.2,15.413517322798725
15.3,13.312089738319628
12.5,12.246582103025503
19.8,19.007385435223114
14.5,14.743314640945755
16.8,16.57029217935633
16.7,16.088965297618415
17.3,17.196770724873204
14.9,14.485184654538898
17.1,16.843123058322817
19.2,16.84822083500876
17.6,17.738755258760648
15.1,14.756893723973917
18.0,17.587206151511054
14.4,14.776381684176158
12.7,13.456913255969994
18.7,18.14737683275962
15.5,15.317694198107347
12.0,12.161137205985142
9.5,9.888154527696315
16.1,15.987916530313669
19.4,19.172093427419895
18.6,17.285847909690347
14.3,14.536649826482972
19.5,18.75341007697716
14.6,14.50614725351079
15.2,15.359723090630723
14.5,13.868651947414037
17.4,16.122222561505623
13.0,15.142707957769744
15.9,15.97380613196583
18.4,18.491293752915226
15.9,15.461553997185547
12.0,11.040057701407932
18.1,18.05842976117856
12.4,12.396910667914199
16.1,16.029476705443813
15.5,15.015547690712992
15.8,15.181850612774724
19.2,18.758264937641798
18.1,17.904976422727486
16.7,14.946037286110368
14.5,14.48791415753658
15.9,15.79524350921929
14.1,14.436794294568244
12.8,12.775087489630096
12.0,14.210267096641473
19.4,17.137061419482052
14.5,14.914413525024429
11.8,12.654610023280839
14.9,15.55276066451006
14.5,14.543377865562434
15.8,15.350276062643388
13.9,12.956647393410094
14.8,14.958237800106872
18.3,18.120277174864896
13.4,12.427247684332542
14.2,13.535031705861911
17.7,17.398180851509096
17.5,16.185988626359176
12.6,13.033428333495976
15.7,16.3686717840028
16.8,17.60865940506119
14.4,14.964982300680276
14.2,13.85135917099251
11.1,10.805541945417644
15.5,15.985159673844464
16.8,15.554939962214121
15.6,15.0876255131152
19.9,19.47880910418462
14.3,15.815904491313631
14.9,15.371906768301415
14.3,13.999738583894214
17.5,18.27240801556036
12.9,13.407786368843517
12.1,12.667088279500604
16.3,15.454290480811324
14.0,13.479274722814807
18.1,16.98998365694206
15.2,14.882007362844888
17.4,17.330909055795928
17.6,17.474192702233267
16.3,16.243598261124134
17.2,17.570511950667424
15.8,15.273761614982504
15.2,15.138889565132558
9.7,9.872633652528748
13.3,12.910477055353113
15.1,14.74417582422393
17.6,17.305785916600144
12.7,14.253769224402276
18.6,17.286439824383706
12.0,11.858229672070593
16.4,17.09319808665896
16.4,14.897724434849806
14.2,14.496821767788788
15.4,15.499585327401292
15.5,15.717374254687456
15.0,13.021368883608375
15.1,14.73110488196835
19.9,16.273911080998005
11.2,11.991044582449831
18.9,17.341096716732864
14.4,14.73328052164834
15.5,14.716779564569151
13.8,13.106403317535296
8.8,11.015094719303306
13.7,13.332913008809555
15.1,14.969528167426688
18.6,18.90574298822321
15.5,15.562164595341528
16.6,16.327011157525703
16.6,16.696676107301755
18.2,16.60088095467654
15.9,15.626824615703299
13.3,13.416818503383183
16.2,16.13753563273349
13.6,13.734295392263448
15.8,15.792721845318738
17.2,17.134741040474182
15.1,15.177683375950437
17.1,16.76384763554961
14.2,14.128623759115726
15.6,14.164762451371644
10.0,11.944880088463833
19.7,19.049384801939595
7.7,7.1400363894645125
14.9,14.913703373536919
15.9,15.722092938332935
13.6,13.89634964839206
19.8,17.816285037173657
14.6,15.428876207331996
6.3,8.82711434410885
13.2,13.387303704861552
13.7,14.163512838073075
12.2,12.360700313820416
15.7,15.256302699359367
16.4,16.414536910131574
19.2,18.20065710660856
13.5,13.16579546831781
15.3,15.201506899553351
12.4,12.070506413874682
18.2,16.83108997141244
14.7,14.86842067114776
15.4,15.127653517760336
13.4,14.203839721740223
16.0,16.173642559879227
14.4,15.581229253788479
19.9,17.79972312634345
15.9,15.379594262572937
13.8,13.745942659326829
15.3,15.12033801747566
12.7,12.430258344804315
13.9,14.400668201036751
16.5,16.744870248570805
17.1,17.5905998841954
15.5,16.754206965095364
15.4,15.149727847576287
16.9,16.43001420251676
13.0,13.346541182720102
14.1,13.790446133352816
15.2,15.35324671384842
19.9,18.330486542370636
19.5,17.969723815098405
18.9,18.460554043820594
17.3,17.175984914880246
16.1,16.99875519546913
12.9,13.014485293038888
14.8,14.42523165961029
14.2,14.749455117304024
16.9,16.808423698796105
12.0,12.975843505817465
17.3,17.33942103656591
15.9,15.8688719390193
15.1,15.524621853779536
17.3,15.752224206575193
15.8,15.023911095329822
16.8,16.36267889654846
13.0,12.56417621136643
15.3,15.581364597397624
15.2,15.172354343783809
13.7,13.289400320592904
18.0,16.88730081898393
13.3,13.468682650709525
16.8,16.045737030683085
12.9,12.147804931044448
13.9,13.764863970049191
12.1,11.770079636014998
16.2,15.975344745325856
17.2,15.482222070015268
19.6,18.721797606209293
18.7,17.375756606750656
18.2,17.806221739621833
14.3,14.15138749333346
16.9,16.477611741924193
15.7,15.949781481558603
19.6,17.606082704209257
14.8,14.775995060103014
19.7,16.67216788402584
11.1,11.237517278641462
15.5,15.343618453043746
15.8,15.756702236947604
11.6,12.275913513240084
16.4,16.721417151478818
15.7,15.516823936311994
13.4,13.569895226508379
19.2,17.07020454760641
16.3,15.885637399740517
15.5,15.107706565584522
17.2,18.025022340298165
11.9,12.00168663263321
14.5,13.916725457238499
18.0,16.622545617923606
16.5,15.867554889267922
18.0,14.30864723175182
14.9,16.468741112126736
15.2,15.201553806622542
18.0,17.413416687690187
17.1,17.004818981396966
9.7,11.435124244802864
14.0,14.087102025863715
18.9,17.99203130294336
15.4,15.598982493655058
16.9,16.901213428471237
18.8,18.702619273622986
16.0,15.618787040286406
14.0,14.43379221120631
14.9,15.548554913395492
11.6,13.163144336402183
13.8,14.26925802254118
14.0,12.974861878930824
17.4,17.37556751331431
12.6,13.807291181699838
13.7,14.67719012489215
13.2,13.735230552119901
12.0,12.234436708211433
15.6,15.768793349059706
18.5,17.44623357153614
17.1,17.56984952757921
15.4,16.242387562204385
16.2,15.113612627435941
14.2,14.543452221492771
17.0,16.44607093097875
11.5,11.880059912742581
14.8,14.55313869562815
17.0,15.403670324449195
16.4,15.769402171052207
14.9,14.952836659407694
15.9,15.774669345584698
10.4,11.227075639180839
16.9,17.055383710947353
14.9,14.780354424612597
15.6,15.470283738861326
11.2,12.34678879630519
13.1,14.278589158522664
15.7,15.118537445523543
14.0,14.764068809483433
15.5,15.232414033642272
14.4,14.235537925625977
12.6,12.973443316703197
13.5,13.358148501429241
14.9,14.587044782354496
15.6,15.69352562682434
13.0,12.865799080987927
11.4,11.901409936137497
17.2,15.735712201101705
17.1,16.533549240324646
19.9,19.090581177850254
13.3,13.869740932947025
9.6,9.874295573565178
18.0,18.576836851949338
15.7,14.970196803464205
15.9,16.039245710038813
14.3,14.370432624709792
15.6,15.411844274349278
15.7,15.809088342881296
14.1,13.84655651455978
13.4,11.968056814570446
14.5,14.581916420167545
16.0,15.450795463028044
19.4,18.91062523407163
13.6,13.563700845719723
14.4,14.423905501898844
12.6,13.109718965919456
13.4,12.978073121630587
14.7,14.01977485678799
19.9,19.083399392373394
14.0,14.465895356235706
12.9,12.937746633426286
12.2,11.33872761321254
14.9,14.265836304955883
13.3,13.22679235196847
15.7,15.491873766488425
16.8,16.52640923508443
15.6,14.564609035447575
15.9,15.652297116466798
15.0,15.281288014251913
15.4,15.20419643187779
14.2,14.287592148932163
15.6,15.468000103710438
15.4,15.10807985378051
15.6,15.34786217904184
16.3,16.349388116024784
14.8,14.53045209904667
14.5,14.756607050687307
16.3,15.773256507469341
12.7,13.568662273231894
15.4,15.191834873199696
15.8,16.782750630023656
7.9,8.586979807179887
14.2,14.544424427647755
13.6,13.848113641957752
16.4,16.64351838602306
14.4,13.849549540085718
16.9,16.71563166929991
16.1,16.457625287021074
15.7,15.420473548700102
16.1,15.71932267898228
15.2,15.535862984601408
12.7,13.294212918903213
12.2,12.688801321724895
16.0,15.62047619902296
17.8,17.400191462482326
12.3,13.800529821455711
14.9,14.53347680173465
17.1,16.96046152189956
17.2,17.411701837321743
11.2,11.121412440872518
15.3,15.895516723820037
14.9,15.857897981482893
12.1,12.48176728625549
10.3,10.960605463886168
15.4,15.321266115337494
14.8,15.398110949454349
15.0,14.916933978205634
15.3,15.30824912593016
14.4,13.300996206642594
18.3,17.542069639195688
15.8,15.563678826554678
16.3,15.971588091488229
14.6,14.361783236294286
15.9,16.417806934463442
14.5,14.294494483503513
16.2,15.597565103325906
16.0,16.03480375576146
18.2,16.577755540900398
14.9,15.069909845193251
16.3,15.713331518600171
13.8,14.5979778340552
15.6,15.255096148670418
17.0,16.63936579627989
16.0,15.208281760093087
14.1,14.083350059783697
13.9,13.751345337252133
19.1,18.526581466721836
15.1,15.428349606489064
18.2,17.468174804151204
17.5,16.024516006731574
18.1,17.95277427372639
15.0,14.198189791524783
15.0,15.382381552559309
12.5,12.968463127763243
8.1,9.591240648180246
14.5,14.710613901319448
14.3,15.052806004707236
15.5,14.947841703135055
15.1,14.566799547319533
12.6,12.543368396407459
15.4,14.445395278487922
16.1,15.432598091312684
11.8,11.718560882960446
12.8,12.468670301197562
15.4,14.88109187657028
14.9,14.559597043145914
15.6,16.65236972476123
17.2,11.944715991616249
13.8,13.418451143836137
14.8,14.36995699081126
14.8,14.12658112263307
16.8,16.867708051204318
16.1,15.708449607773218
14.1,14.383247308258433
18.9,18.729031210619723
15.0,14.577204950001033
14.5,14.343266015566769
19.7,19.11346146905271
14.0,13.825733249066616
14.6,15.230803455346177
13.7,13.942913411847258
17.1,15.35925419058185
17.5,16.981509847100824
14.8,16.047920765937306
12.5,12.673337704007281
10.0,9.701504053198732
8.9,9.585830492287641
14.0,14.886506330833072
18.3,18.338174200529465
14.4,13.938029286135134
13.1,13.599990846436413
17.7,16.367156448661262
17.6,18.313673893222585
10.9,11.590007114664331
18.1,16.807278789670818
12.2,13.506722116086166
13.8,14.184242515068036
17.8,17.837541765969945
19.8,15.7954734306295
12.1,12.345716760843061
17.0,17.38835386023129
13.8,15.167621114756912
16.3,16.31240221913322
13.5,13.36323716546758
13.5,13.141236242838204
15.3,17.208030718320515
16.0,16.71105501356942
13.1,13.025783887107536
12.8,14.130585634557065
16.4,16.310829617461422
15.2,15.769506754470058
13.8,15.040831421327312
12.0,12.043720391753595
16.5,16.617135541135212
13.9,13.781880297601674
13.7,13.637568295645906
14.9,15.10191527061761
11.0,11.301322957675438
14.8,14.00370438187747
13.0,12.558602845296264
12.9,12.90819754920085
17.9,17.295256157492986
17.4,16.31128895506845
11.1,10.895987508876715
17.4,17.009521353254968
18.7,17.21175460232189
16.4,16.137994217744563
13.8,13.62696770173352
12.7,13.518205664353445
14.2,13.696025672397809
14.9,14.517248224990908
13.8,13.614218863483984
18.6,18.94180143554695
16.4,16.065599642432062
17.1,16.508195003021683
19.4,18.80761146664736
13.2,13.010383166663814
19.0,18.67216160465614
15.2,15.770562647783663
16.4,15.960776443625946
16.5,17.30088231782429
14.2,14.872911932417992
15.8,15.739411488815676
17.1,17.17112095662742
17.6,17.755361174022255
14.4,14.587220436229472
15.9,15.817976815334987
15.2,15.037826513056643
13.0,12.126725238838844
18.0,17.66719863002072
17.6,17.89972611592384
15.8,14.27308076492045
17.5,17.21138168440666
15.2,15.242948244587751
19.4,18.612414115690626
14.9,16.311585555642523
17.4,16.577880325785372
15.8,15.38744934063834
15.8,15.551535076505388
14.4,13.893631022616319
18.6,17.70491249981569
16.1,16.09433898278803
17.1,15.565994250937365
17.9,18.19655186412274
8.9,10.231790415593423
16.0,15.45879404922016
14.5,14.601177096954416
11.4,10.762213927348057
16.9,17.326336548489053
12.5,12.46312775433762
17.6,17.593990926689003
15.8,15.196532572983415
14.9,14.876568668832988
13.3,13.338137151669798
15.6,15.419361604232108
13.9,14.615316171075392
18.1,17.436911582793982
15.7,15.45835742849522
15.8,14.679803491337225
13.5,14.187594637478469
16.8,16.82610561850015
14.6,14.382816591829396
18.5,18.59284384638886
15.2,15.98307334065612
14.1,14.056435943130055
16.8,16.74796912090096
18.3,18.11004110693466
15.6,16.312615388980703
17.0,17.70409015693076
14.9,16.46336353728111
13.7,14.209672595334268
15.6,15.375530552781129
10.5,11.183538731187582
12.8,11.879344796732767
12.8,13.27560822063242
17.6,17.574676481017377
15.2,15.043243261927273
16.6,17.349809722136342
16.3,15.968903354856593
16.6,16.067979866904352
11.7,11.124804597900948
13.7,14.028556488021422
16.0,13.761244126688325
17.0,16.778195531005622
15.2,15.635848474430531
11.2,12.038627555244602
16.9,17.120637960237218
19.1,18.129799640737474
19.8,18.250704533595126
16.2,15.101555553497747
10.4,10.786287727911258
18.5,17.418208430346567
15.6,15.503395136798645
19.2,18.995917557593202
19.6,18.990243889798876
12.3,12.71768714274367
16.1,16.075923480930214
14.5,14.626823969185352
11.9,11.793752267229138
17.5,18.20080633994621
15.2,14.720188470790163
10.7,11.771149233944016
14.9,14.834665302307258
14.1,15.560220791725442
14.4,14.571800135730882
19.6,18.432534616782505
14.5,14.12784411827488
16.1,15.984587793500395
18.5,18.175184271814942
16.2,15.946934889907425
6.3,12.282115719630383
15.8,16.2467510238057
10.2,10.889321249444038
16.0,16.126644908596063
15.7,15.634787128306925
12.4,13.11381669648108
17.8,16.839622447252623
13.8,13.489282879576422
14.6,14.38278755923966
19.4,17.959243497723946
13.2,14.358794395608129
13.4,13.181366486975094
16.4,16.50956040562596
12.7,13.519855772610754
16.2,16.284249447522598
9.8,10.453220131865237
18.8,18.66843515940127
12.1,12.633893866528524
15.1,14.944387813913636
15.0,15.544127854167527
15.6,15.003919998343918
11.8,14.694578612461555
17.2,15.066116554953624
16.9,15.597074324472487
15.9,15.54561927638133
13.9,14.407795778450236
12.6,11.131381926650647
15.5,15.306526930711698
14.8,14.344085714168614
8.6,9.53838591161184
14.2,13.132698551547946
19.6,18.495075222977903
12.3,11.818386990435101
16.6,16.116121491910235
19.6,16.600135138607584
14.5,14.618690344359493
18.1,17.3850388614228
9.4,10.376900251256302
15.4,15.586702418197092
18.6,17.453384598447883
19.6,19.140553106553853
17.0,17.108186245255638
13.7,14.385015365725849
12.2,13.646835287181602
16.1,15.523553171020467
13.5,12.767787658100133
15.6,15.331730470261391
12.0,12.600647316518007
14.3,16.455553667829008
16.3,16.25832494831411
14.4,14.263006606695853
16.5,15.791351465513799
14.5,14.473290481226286
13.7,13.346973831157811
17.5,16.65635547589045
15.8,13.206866089254618
15.6,15.312081533680612
12.4,11.795478835061658
15.5,15.459069337926849
14.1,13.58891600183415
15.9,14.7677514256211
19.9,19.34167698395322
13.3,13.950776781919558
15.9,15.723453083483037
15.6,14.904807527322191
17.9,17.197758016118314
17.1,16.87662373558851
15.8,15.537435676378664
13.8,13.936551351103844
16.2,15.986743756067881
18.0,17.886268503840256
18.2,18.0652655014419
14.7,13.967881379770915
14.6,13.807970716419732
14.8,14.83083010558039
12.1,12.071759588841815
17.2,17.04186328016658
15.4,15.23694933943625
14.7,14.762519365849585
17.3,17.171327740710694
18.3,17.93786925027962
15.7,15.231287279602839
8.2,8.6217367623467
18.4,18.240391347091645
13.4,13.811266167511349
16.7,16.24968375841854
17.0,16.409882955485955
14.5,14.226455424417509
14.5,13.768781136157486
19.1,17.50700638871058
18.2,17.69635599956382
13.3,13.372185970631108
12.6,11.94013770276797
17.1,16.516950049088337
14.3,14.182673427916598
14.7,14.784118676241633
18.9,17.72895810706541
17.9,18.12300214008428
15.2,15.092265535495244
13.1,12.334960687090643
14.9,14.756697805350996
19.5,19.06447952965391
16.0,15.272068295540521
14.7,14.735083205949195
15.0,14.972476939001353
6.9,7.378108482982498
15.5,15.29756821970659
17.7,18.06698278474505
14.7,15.60762126188456
11.9,12.367963701399276
19.5,19.28558731015073
13.5,13.779388852708507
12.7,13.168857208249392
17.5,17.7787656118453
15.2,14.481326721201185
17.3,16.666732859890544
12.1,12.379206426936435
18.6,18.16061868413817
18.9,18.660343909985386
14.1,14.493386436399305
13.0,13.718024820967912
19.7,18.839468122809194
19.4,18.015992623055354
11.7,12.37163743772544
17.6,17.315547517035156
12.3,11.545660993258934
17.6,17.24871252803132
14.5,13.793443344364277
16.6,16.64056808280293
16.7,16.76623293099692
14.1,13.899424453036772
15.5,15.002062011419184
13.9,14.462096070856205
15.3,15.916295705741504
19.9,19.557134356175084
14.4,14.609648602641755
12.7,14.822578458139105
13.2,14.118569736543577
19.5,19.33227648906177
16.8,15.85706699459115
12.5,12.113238978374284
13.0,13.463293677254114
13.9,13.579420363588724
15.2,15.050181223345135
15.9,16.056736594786344
12.3,12.111707372154342
13.7,13.33744800335262
19.5,18.613639308692655
18.9,18.013126134697814
15.5,15.032923046150245
17.8,16.28830997026307
14.7,14.498877441947116
17.1,15.255348381295335
14.6,14.575703665119363
19.6,19.03716089797672
11.7,12.35325925674988
17.1,16.621150750710513
19.2,18.763960882817628
19.2,18.388946874649264
16.3,16.444782622249477
11.2,11.869548414717428
15.3,15.164236932236236
11.8,14.421515898202415
17.2,16.960427011857973
14.1,14.142867041227873
11.6,13.383842203533277
16.7,14.919492061022538
14.4,15.882961707451614
15.4,15.248171586681565
14.4,15.098546981927939
14.2,14.09201870142715
16.4,16.25701591375764
18.1,18.355195511569036
14.8,14.448263898029836
15.5,15.527115394041175
14.7,14.3180648448797
13.9,12.96796170232119
12.0,12.83818693633657
17.7,16.783202790364157
14.6,14.780535939502442
8.1,8.381247035493288
15.4,14.46657782231705
13.2,13.35865275625838
19.4,18.790444657963235
18.9,18.850881744059734
15.9,15.851775471492147
15.6,14.971027350482473
19.2,18.638671811990207
15.6,15.268090034078341
13.6,13.076084126369096
16.0,16.101803840952925
14.4,14.67261307669105
13.5,14.687577257398516
12.5,12.704662081177958
18.0,18.092222189414315
18.2,18.453086427092785
13.5,14.39060204528505
12.2,12.621380804226646
19.0,19.227607199834893
15.8,14.847288038872648
14.6,14.243602716018358
19.2,19.38170302924118
14.6,14.138980276784423
19.4,18.98257136862958
18.4,19.207075565471314
12.5,11.62666899774922
14.0,14.165909299714258
16.7,17.46585266418697
15.8,15.764357745436428
15.9,15.309424007835332
19.0,18.546277485147584
15.4,15.398961901337316
17.7,16.946705516718794
13.4,12.676865872665076
14.6,14.12738884135615
14.0,12.944797098287381
15.5,15.512940987802722
13.1,12.525841905386187
11.7,12.722912764496868
16.1,15.64039843113278
18.4,18.311404006264638
13.7,13.611593805375378
12.1,11.66356745432131
18.6,18.49588445815607
17.8,18.14104708978266
14.1,13.810541006765561
15.5,15.77387119796549
15.4,15.042612165183527
16.0,16.63550566198319
9.3,10.264724287029821
17.6,17.53196933597792
15.0,15.217567784857238
14.8,14.531814706766454
17.1,17.784083174716216
12.9,15.825478930812096
12.3,13.197191976072645
16.0,16.317364965754678
16.8,16.900955723511288
13.9,14.383058113613515
16.1,16.37788366138375
18.8,19.31270316214068
11.7,12.174783916096203
14.7,14.49250193691114
19.7,19.293461742287036
15.7,15.950119683227967
9.4,10.912791551882037
18.9,18.69174372078851
15.1,14.9440651492514
17.5,16.693464051966657
16.2,17.194264096840925
14.2,15.239216864982154
13.5,13.53838978972999
19.9,18.02650370434276
18.7,17.234188529866515
15.3,14.969075351924403
13.3,13.006212547858013
14.9,16.041937253437936
19.5,18.982019677961944
12.2,12.696457344543887
16.0,16.077650906227063
9.3,11.025967210705858
19.5,19.045938271214254
14.2,14.611830701935105
18.3,18.22184147615917
15.7,15.928556531260256
15.8,15.371868603411713
14.6,14.541537972399965
15.0,15.115888970554806
12.9,10.905357002749952
16.5,16.57280667568557
15.5,14.976682380889542
17.5,17.760495188471396
15.3,15.423881368013099
13.0,13.144515551393852
15.3,15.614050304633565
16.9,17.701780234230682
10.7,10.209082377667073
17.6,17.515883521467913
12.5,13.163470409752335
16.3,16.142879976809127
18.0,17.71535821800353
16.7,17.87494718405651
12.5,13.437581763078924
16.8,15.863274186738636
13.8,13.972427405387862
14.2,14.541843995160889
12.8,13.237995486793807
19.6,18.533228589454666
16.4,16.532364227168728
12.6,13.92034526772295
15.3,15.024804151529679
15.8,15.16325101277289
14.5,14.382668218833714
19.7,19.428896682824416
18.1,18.07251443093992
15.7,15.196052230458008
11.8,12.373361175617902
16.2,15.819062206661329
15.2,15.854289457580307
14.5,14.59727224438393
15.2,15.119414455082733
15.0,14.779316498184926
15.5,15.817061925685266
19.5,18.107006116828416
13.0,13.063640445820056
15.1,15.574010525699123
16.0,15.017893911277497
16.9,15.768590038234834
14.4,14.168845381762367
16.1,16.236291970461025
13.9,14.599265492628547
15.4,15.200804247084307
15.8,15.417812249826966
15.5,15.553338052559411
17.8,16.968833017832367
15.2,14.819104361726204
15.4,14.975333126611076
14.6,14.770639047317673
15.3,14.852416196727063
15.5,15.258705845131772
14.3,14.66408903010597
13.0,13.246683608769672
14.4,14.579229247145122
14.6,14.71689188160235
15.1,15.191864906693809
13.5,13.433938634920196
13.9,14.500486904496938
14.7,14.439005749853095
14.7,14.535610387509223
15.6,15.286484565032879
14.6,14.64500752726235
19.5,17.448927633813582
14.0,13.918434895284008
19.5,19.206877387448912
15.7,15.322498480527429
11.1,11.408888745645527
13.9,14.016225648287218
13.9,13.700822707818588
15.1,14.578264515672345
17.3,16.995600094494876
19.0,18.02847004312207
12.1,11.612001811463415
14.5,14.963701057713479
13.1,12.706472178091644
15.9,16.211104970250744
15.7,15.264900522277458
19.4,18.656821591081098
13.6,13.759174098813673
12.7,11.663552893616725
16.7,15.679398456282797
16.6,16.52562400753959
13.5,12.94638297878555
15.9,15.61941469120211
12.0,13.945096210634802
13.7,13.423933230224065
12.2,11.890317533790949
15.5,15.371010843698969
15.0,14.112371169467224
13.9,13.97286027399241
15.1,14.63570919668382
19.6,17.985959159821505
14.1,13.906731953149574
16.1,16.847055952763185
15.1,15.034379816846922
6.7,8.235244138806593
10.8,10.837748937832657
15.5,15.117724622372407
14.8,14.643717203405686
14.7,14.302784585219342
15.0,14.140964847552823
13.2,11.892925079522684
17.5,16.952764632704202
14.2,14.355580651084892
14.4,14.696572214656044
15.4,15.346763580688275
15.6,14.886222078021092
17.4,18.166316936571093
10.5,10.654936618695501
14.0,14.010691819014028
7.3,9.80817715075682
17.1,17.037116549006896
12.8,11.863557611031865
9.1,9.762312872655457
15.7,15.469545548243332
13.3,13.437221511587268
7.2,9.32823328312952
15.8,15.434227849182207
17.0,16.396448477520607
17.0,17.51883415543125
17.8,16.698514558112947
13.6,13.78910863571764
14.9,14.899987698488985
15.5,15.896004827984143
14.9,14.773327854112722
14.3,14.157277045072988
12.3,12.17799940466648
18.3,18.607621031085728
14.3,14.176846133883373
13.7,13.913949017958657
16.7,16.92205475008086
16.1,16.334958802028268
13.6,14.31193233540398
11.8,11.404244730121718
19.5,19.044646748603554
13.2,12.985289747308343
16.1,16.022811426464614
14.6,14.97527075279504
14.8,15.327649670944083
17.2,15.69542648416791
14.0,15.013273175805807
13.4,12.323092270380585
15.0,14.9297843266977
13.7,14.055269929835049
15.5,15.34386776003521
15.8,15.652226051519392
14.2,13.714331999406568
15.2,14.879745617945446
18.0,15.930161429394502
13.8,14.276420010224683
16.8,16.766322865936672
19.2,16.685256073629716
14.3,14.132238947844598
13.9,14.583524972491432
15.8,15.719534271920566
15.4,14.79923407392198
12.2,12.972539127429627
15.6,15.711862695519812
19.3,17.829300610814244
16.0,15.76095921787055
7.7,8.709873136220267
15.4,15.524266934544357
15.1,14.581744281429565
14.7,15.297118479433266
12.9,13.565109014307382
14.9,14.92289401637754
15.2,15.028407067793523
15.4,15.129371508373879
15.3,15.19611258522491
12.6,12.773722901416477
11.2,10.999780067766551
15.7,15.453616344486363
14.9,14.59091157966759
10.4,11.470806899451418
15.1,15.259875031770207
16.9,16.720451931229036
12.8,13.637211541852594
15.0,15.001180769875646
15.7,15.18154831280117
18.9,18.26333670279564
12.9,13.205558913759887
16.1,15.704100235772785
11.5,11.952281275356654
15.6,15.1180443893536
15.5,16.443355223664184
9.1,10.370659532258287
15.6,15.919860689376947
17.6,17.42771459679352
15.2,15.447458473789084
15.0,14.703388211550191
12.1,12.438045815830264
14.4,14.455101191269932
9.4,9.023149886459578
15.8,15.753304696314444
13.1,13.616418362478726
13.2,12.958385251320578
15.1,15.619392498725574
13.2,12.826817577330075
16.7,14.380997303233016
17.4,16.365360697789583
6.5,7.217623113188893
14.0,12.808458640240133
9.3,9.316663733625319
7.5,8.200916222296655
15.1,15.241768817293632
15.4,14.798653737088898
18.3,17.690053825092036
16.6,16.470788180122327
17.4,16.204104323725915
14.1,13.855334711319301
13.7,13.490569620398674
13.9,14.312093854494378
10.0,11.012213038629852
19.1,18.500964799663052
13.9,14.408320477348752
15.7,15.668782788525277
15.8,14.381011163932271
16.2,16.349936197235365
14.7,15.039749219547957
15.4,14.506706022162689
15.5,15.747962183602795
12.5,12.375805584862974
15.1,15.119027348817326
12.7,13.553009637340438
16.5,16.461165081800573
14.4,13.996994582965272
15.6,15.144999273605208
13.1,12.153929320338648
15.8,15.363691252598073
13.8,13.98633468384287
16.6,17.195632409471727
16.7,15.694239561853465
14.7,13.259755950130057
14.5,15.323690474200703
16.7,15.719203498447314
18.2,17.33204358866169
18.5,18.220798491034657
15.4,15.52792933649107
19.3,19.265285094064893
19.4,18.83963898534421
12.8,12.601971099327784
8.2,8.318194074439816
14.1,13.867367443017429
12.5,11.884165118797682
16.0,15.116593514196211
12.3,11.96535151056014
15.3,15.130986243810185
18.6,16.663366389111616
16.3,16.385610001627356
16.0,15.556292852961633
18.1,18.22027145617176
15.0,15.306991914902028
13.4,13.737296024512034
15.2,14.66798795061186
16.2,16.670708950434346
15.8,15.431862381083192
18.5,15.87290691677481
15.9,15.265838491875911
14.3,14.125384080693038
17.5,17.332496138318675
13.1,14.0604648948065
19.8,17.563305276242318
15.3,15.502995479531819
17.4,17.420758976746583
11.2,12.647617524315137
18.3,17.277517950627953
11.9,11.727238572901115
13.2,13.702686287924735
15.6,15.165551634680014
19.9,17.964313529781066
16.6,16.516503101564012
16.7,16.75190575281158
15.3,14.553914545511361
15.2,15.11233418550546
19.8,18.553178615518846
15.0,15.25736714384766
14.8,14.617108598617051
18.9,18.548035431595054
12.5,12.615211515076226
17.4,17.21377122773265
15.0,15.417251095466781
11.7,11.278760667075403
14.7,14.453485917474609
16.9,15.96356850056327
19.7,19.034056562522892
17.6,18.329749999247724
15.4,15.236014734837227
19.1,19.17099815097754
15.2,14.836212606925983
15.5,15.370894120249432
16.2,15.92007904741331
16.4,16.36075248578345
15.3,14.582532692991663
14.9,15.38574781123316
6.2,7.773587408824824
19.6,17.756046236492693
15.2,15.212258286570432
8.5,8.743118454760406
8.5,9.582064533315133
12.7,12.756702006008709
18.0,17.10897848982495
18.5,17.397778545060646
19.7,19.481399323383812
16.9,17.744661137927324
15.1,15.66428497931338
13.5,13.033415945159504
13.8,13.566154954198282
17.3,16.48883662157823
12.7,13.097101762454258
16.6,17.126305478450377
18.9,17.903661512886174
15.5,16.154641736322446
18.9,18.483158225868465
14.6,14.893569257785202
14.5,15.341878864190221
14.2,13.802116512029897
15.0,15.494881988524867
7.7,7.999365863215644
9.7,8.964136117720045
12.6,12.831641277356539
15.3,15.03171502301484
13.1,13.29485707459753
19.0,17.14991152985567
15.1,14.356947571446653
16.4,16.65262436235207
16.4,16.86081018243567
17.8,18.20031279354589
14.6,14.88817869243212
15.1,13.207962104526814
14.8,15.079069222590988
16.7,17.358722475764807
13.6,13.130133489743457
12.4,12.588992451084778
13.4,13.285788377572317
14.3,14.062861231243005
15.2,14.973518988195792
13.4,13.899726047620788
7.4,7.7804443096974865
14.7,14.538754183013225
16.1,15.96651940515585
14.7,14.829778745965086
16.5,17.843147434090497
15.3,15.180514364328701
15.3,14.500737511902116
16.2,16.338502678238
16.2,15.795856097443902
16.6,16.041204311317415
13.0,13.03237572676153
18.3,16.779165210118663
15.7,15.620627336995312
10.4,11.863919282972347
12.4,13.138851004250682
15.7,15.731183773488738
12.6,13.149253557930933
15.2,14.190222285502387
15.4,15.180743350680132
14.7,14.979903443094372
13.5,14.436412737737555
16.3,16.484199831196747
11.4,11.707411541283363
17.9,17.350632462708745
16.2,15.689010938673164
17.5,16.85967853659531
14.4,14.647421383624533
16.5,16.533072093734518
14.2,13.499992838187609
11.7,12.525797444279306
10.6,11.207424775944673
15.6,15.358623134437948
15.4,15.538042006315663
17.7,16.427031130879186
15.7,15.521305910704541
12.4,12.472553147148574
9.8,10.500275352271274
15.2,15.928179129114142
16.6,16.14992948676445
15.3,14.150732809532201
19.1,18.074302059452748
12.5,13.446322656876873
14.0,14.956717001914512
15.2,15.171732451723074
15.7,15.744663829071214
16.6,16.128552791196853
11.7,12.701008896567146
17.8,18.186392910545692
15.1,14.855892011953983
15.0,14.889721611252753
15.0,14.152062516082879
15.0,14.326236993603743
14.8,15.128010832941072
9.2,9.37220135901589
18.4,18.339556926075602
15.2,15.263268303504447
15.8,16.207081980861403
14.6,15.102980530144123
17.3,17.10505525584813
14.4,14.459167944471119
14.3,14.310519771392137
15.4,14.509962003856344
15.9,15.668692937149899
15.5,15.75038163793215
15.5,15.541536961150996
15.3,15.575351438750658
18.5,17.93790899173473
15.0,15.39474961684573
13.1,13.847043101442978
13.7,13.676784328155918
13.1,12.915551964979386
12.2,12.149308330528584
17.6,16.529926394752692
15.3,15.319252823515853
19.1,19.446981709450483
16.0,15.402506180602359
16.4,16.931457992992364
15.8,15.114557589671676
17.1,17.1615182509413
13.2,13.89562161025242
18.0,18.64098784478847
17.8,16.857046107033966
18.6,18.377495817214367
14.3,13.761553443575394
17.2,16.60356427897932
14.5,13.658426041074563
14.5,15.686056173159159
13.5,13.138489048636984
15.4,15.23352444320335
19.5,19.14647582214093
12.6,13.742464819340967
11.2,9.324275990831666
18.6,18.179072398575954
17.2,16.48938550290768
12.9,13.181948934783577
16.7,16.6098768110096
17.3,17.05451622523833
15.8,16.34878937731264
17.9,17.929271003900794
14.4,14.044752654564945
18.9,18.54564124638273
16.5,16.760433419549372
13.6,13.60990447484619
14.3,14.817777597956592
19.8,19.19457434047945
12.5,13.209368327025004
19.4,19.2401078826515
7.6,9.7938821875141
14.6,14.774791652307613
11.9,12.645838006399572
14.7,15.28909027838381
14.3,14.745123656935903
6.3,6.989820687449537
15.4,15.198290946194902
18.1,18.053824152790185
16.8,17.096636472910177
15.8,15.515130919462536
15.1,14.573237695993157
14.8,14.30157067433538
15.3,16.425234442527653
14.4,15.098274674110144
13.4,13.068179563051672
12.9,13.514705526875332
15.5,16.160924177995184
9.5,10.761116839188617
18.9,18.612978015036788
17.4,17.259917014358507
18.7,18.723609733540798
17.7,16.577074712025933
16.0,16.05699203920085
17.6,17.019538308959454
11.2,11.481711914297193
15.0,14.969523195148213
18.0,17.753327127560624
13.2,12.868244714394677
12.8,13.697029911912978
17.1,16.983170184103074
17.9,15.868589782743584
18.8,18.562657350907102
14.9,15.225584805797553
12.4,10.567683865261642
10.1,12.54521383222891
15.6,15.845842194124998
12.9,13.969404022325762
13.8,14.093569302582182
13.4,11.610313684126595
13.2,12.370086218612414
18.7,18.972535154185607
14.7,15.730536850052886
13.8,14.426792688107525
14.5,14.640338354773121
11.8,11.988138836401049
11.9,12.877113861060934
15.1,15.110867253073593
15.9,15.233696221286664
12.1,12.675421951687895
11.9,12.382080547167789
16.9,16.849084569097613
15.6,15.490938275426743
11.7,12.531682371947682
15.7,15.773406766704284
11.9,12.257979800080648
18.4,17.537736019439762
19.8,18.475596761796623
18.4,18.926135128094757
10.7,9.863492765987758
17.1,16.048354774422478
10.0,13.293211630405494
11.0,13.1651897841366
15.8,15.597740822064225
14.6,14.944397497558384
12.7,12.143413079960737
15.8,15.197854432251916
18.0,18.078017907275353
14.1,13.54071940202266
16.1,16.074436237977352
13.2,12.988893274072325
15.7,15.250522944528711
14.8,14.355256100388942
15.0,14.469628854247276
14.6,13.447642629267648
19.3,18.600594609510154
15.8,15.372465207023197
19.9,19.010640938591678
15.2,15.285382369940635
15.7,15.528536644187625
11.9,12.757595193805173
16.0,15.841739765775856
15.7,15.737765380705241
19.0,18.393020452203928
14.2,13.599294090468902
13.2,14.600646444683662
13.0,13.745807171682827
19.0,18.421520213480107
13.4,13.738417711971124
18.4,18.22751336969668
15.7,15.559116035790794
15.1,14.797386929179993
15.0,14.92043822186497
14.0,13.799527749302797
17.7,17.408644431474386
16.8,16.428418919895194
15.0,15.905961160466177
15.6,16.06778278038837
16.9,16.33733081471837
16.2,15.090873231387377
9.4,9.115246036384633
9.3,13.740533070988022
18.7,17.46795880870195
12.4,11.795126593933674
15.5,15.099959768122062
18.8,18.476303029397968
12.9,12.917430229950696
18.5,18.383733660855796
16.2,16.512210116663482
16.6,16.605601010354803
11.9,14.247722959320527
15.0,14.610314371035201
7.3,12.381946197710931
15.1,15.696076744439779
17.8,17.02404617704451
13.6,12.805379981189617
15.5,15.615115580381826
19.2,18.495275359222433
13.7,12.973532072268426
17.8,16.04412919440074
15.2,14.50081411874271
14.6,14.568419775328948
11.7,11.245442794286646
11.7,12.549495075189043
14.8,15.464793255790937
13.1,13.649699275294552
14.2,13.436681867489824
12.9,12.929426035610959
11.7,12.206900802881137
14.9,15.276565823762212
12.5,13.561446526471627
8.2,9.024353177577723
11.8,13.716480481612962
12.3,12.984409493743442
15.1,14.710265007714042
15.6,15.616108431422617
15.0,14.626306348967773
19.7,19.16398835432483
19.4,18.65316319069825
15.7,14.244030094705522
9.6,10.420348366285907
19.0,16.93440352176549
18.5,18.566738704335876
16.9,16.47663771364023
15.3,15.544172353900649
15.4,14.635790689182613
17.8,18.0950753147481
11.2,11.014077236526646
16.3,14.009844790387433
14.7,13.94069638592191
13.2,13.51507617297466
18.7,18.2759373949375
15.6,15.384397584522958
14.8,14.725701668285183
14.6,14.327030166401528
18.7,17.82013379727141
17.1,15.234113980346592
16.4,15.780585816683015
18.0,16.880354538559914
14.2,14.824737328919582
6.8,7.595000679604709
14.4,14.4855516313728
18.6,17.487087961519137
10.2,12.504283185233362
13.5,13.370872065686854
17.9,18.36739017564105
13.8,13.495796820236137
15.5,15.299007153869752
15.7,14.938793486129725
17.5,17.16974397384911
8.0,9.079644977760836
10.3,10.395925490418449
17.1,17.22056997416621
18.0,18.32888944784645
15.0,14.974502129713073
13.0,13.071917757799383
19.6,18.409104614169337
12.2,15.4682198590599
12.1,11.616352085518884
15.2,14.833903237580671
14.8,14.708029412373435
16.0,15.638218987878645
16.4,15.921548796575735
14.6,15.812834930373356
15.6,15.446652146196357
16.3,14.764291755695012
18.5,18.049939273914788
15.9,14.075466716865776
8.3,9.167330896918429
16.3,15.718942541338038
10.5,9.985378999001114
10.1,10.394359539204743
13.2,13.345752479717703
13.7,12.783849984698463
11.5,12.123433721688343
15.8,14.992399574053707
14.0,14.023298167725443
14.7,14.662574738409603
14.4,14.268305517791305
19.4,18.63741179992212
18.6,17.796550666855182
18.7,17.660483881278196
10.4,10.788482183284941
14.9,15.125770087499404
16.6,16.274308559746714
12.6,11.941551350610098
11.4,11.68866595934378
11.5,11.803282853157725
14.3,14.86269864832866
13.5,13.517541978295412
15.2,15.0336691213015
13.8,14.129367390560219
14.2,13.572849433781812
12.4,12.503006927261595
17.4,16.78850237702136
13.1,13.245588584424695
14.8,14.470716510826605
14.3,13.67031669151038
14.6,13.377942084543974
18.5,16.59618255746318
13.6,12.829179900261806
11.1,12.707107131020166
15.4,15.288339341266692
12.4,12.13333693324239
11.7,11.75405503361253
13.0,12.937648726714542
17.1,17.74623630745191
18.5,18.250526929157786
14.3,13.971489717019722
14.3,13.188449333276367
11.7,10.772704887003783
15.4,14.676655119576026
15.0,14.876671932754107
16.8,17.74236038667732
15.4,15.98972789059917
19.3,18.967443283960165
13.8,13.303240993554937
16.7,16.36070946813561
10.4,11.043622521392535
12.9,13.30265973409405
14.3,14.08872093124046
13.3,13.102931954170344
14.8,14.999428154347697
12.3,11.305944868276129
15.3,14.946133449004265
14.5,14.086657497846318
10.4,10.809141868841834
15.9,15.599545418401249
11.0,12.654555104474639
17.6,17.250224938008614
15.5,15.039134902195656
14.5,14.476916407933459
16.5,16.90797569044298
15.2,15.635767873560326
10.6,10.588749574497342
12.4,12.600632523186505
17.6,16.811425999505445
16.5,16.91035914533859
15.0,14.807033177046833
14.1,13.72279490166693
12.8,13.031902047601761
17.7,17.988158167456277
15.1,14.778720848058583
14.4,14.326814376041511
10.5,12.351946789975045
14.7,14.579822704996332
18.9,18.307034986195504
19.8,19.350653244764544
18.4,18.238958950416418
18.2,18.219922278629383
12.6,13.099397451122059
16.8,16.99359922430449
13.5,13.310414935986046
14.0,13.51254218383474
18.7,18.354673834808636
13.7,12.42251931669307
16.1,16.857292997068726
15.9,15.83620070561301
12.9,13.881516620749608
16.6,17.124760750462883
9.9,11.081337736424757
16.5,16.382407207158394
15.7,17.050502389352914
15.1,14.830986576795112
13.1,13.797077590475965
14.0,14.600869110057829
11.7,11.973460778826848
19.9,19.4621280299325
14.9,14.801305798380781
14.9,14.281667016417487
12.6,13.275740684915945
17.0,16.599358845593088
13.5,15.031245122983819
15.5,14.935935129469726
15.1,15.26524901096127
15.0,14.8904968961142
16.2,16.12195554038044
15.8,14.965068375080591
14.7,14.36729601881234
12.1,12.688040467066457
16.0,15.610374011685053
13.6,14.14880223459113
12.9,12.702258482400794
15.2,14.788357346958946
14.6,14.631832928658696
14.9,16.32653955052956
18.7,18.728547510516364
18.7,18.466003752109827
18.6,18.92264878365677
14.9,15.161340332735563
15.9,15.216945989028318
12.7,13.506627299037063
14.8,14.975494488404365
13.1,12.452226838537172
14.4,13.907345209852792
12.2,12.52687470469391
13.7,13.369395195208199
17.7,16.65012726568966
13.0,13.752140518543456
17.1,15.77742917247815
16.7,17.587517824518727
13.0,12.756087252957514
18.4,16.892123926925706
15.5,15.76635728680776
10.6,11.859199056285433
13.8,13.384046285593286
14.5,14.30012159296166
18.4,17.52329114267195
11.4,11.88613585330313
13.5,13.396276120391121
11.5,12.015471116174012
18.1,17.560892698504176
19.5,18.75806621380616
16.1,15.667603454174241
15.1,15.017651795165875
13.5,13.585356254305225
16.7,16.689067504403283
16.9,16.777638992411084
15.4,16.427783854192967
17.6,17.68009663707926
16.6,16.00490428984631
15.1,16.2708854234952
11.6,12.04391392119578
15.2,15.456790413856652
14.8,14.622178260533474
14.9,14.642208495879458
14.7,14.698121849098243
11.6,11.903499262349214
15.5,15.149831498041749
16.1,15.68274453340564
18.1,17.94042054680176
13.9,12.980335890024435
13.0,12.52075974692707
13.2,13.634351519373013
13.4,15.751270489068702
14.1,14.280326773590787
11.4,10.94134299227153
17.1,16.53150004282361
19.8,18.92369543289533
13.4,12.543255451630102
17.9,17.645742476859596
14.4,13.872994367906358
15.2,14.860797255969374
14.2,14.243037637435918
14.7,14.007378811365925
11.7,11.836115915793926
12.3,13.501232315116795
15.3,15.104297202589805
14.6,13.860394031973556
13.3,13.815130514107295
15.0,14.378241008816985
15.5,14.697440627904143
16.1,16.088118171552196
14.9,15.098165180563228
14.9,14.898708467684628
11.4,11.001213460462168
15.4,15.05306185450172
15.8,15.400177267030813
15.4,15.248905161823131
15.0,15.006042672583135
15.6,15.360587325936649
8.7,9.124467686400749
12.0,11.295940686541144
11.6,11.227814321660844
14.5,14.087774304636696
11.7,12.395458216458792
15.9,14.552962547168136
12.4,12.673975134035572
14.3,14.793821026803926
16.2,14.305530112877022
11.4,11.434353950782679
12.6,12.268591675907373
14.6,14.933025103038744
15.0,15.012285732918826
10.5,11.428264494985342
10.3,10.569275951536838
18.8,19.124840207048692
13.7,13.557668158395245
13.5,14.032941283719992
15.3,14.642432496439142
14.4,14.96644205582561
14.9,14.804323189402567
13.7,14.41084809313179
14.5,14.652025547708035
15.2,14.930625116536248
13.9,14.563389351213118
14.4,14.327472726465203
15.1,14.420827692432795
14.5,13.994184584013055
16.0,16.175842259646743
17.7,17.53741597145563
14.1,14.354706889920635
18.6,18.77391426669783
19.2,19.13017306450638
9.5,10.525119462516159
12.6,12.450657089881133
12.3,11.61870716221165
15.8,15.163311200074531
14.1,13.841030727344332
13.4,13.516852887352798
17.0,17.8680120458921
19.9,19.316263416025322
11.7,12.591799350862857
13.2,13.143257199122672
14.2,13.957389016606612
8.9,9.387821213225834
17.5,17.059208935505012
16.2,16.39829310319874
15.3,14.914344398675894
15.5,15.035370973055251
13.3,13.205104107299121
10.8,12.049735211825464
14.3,13.88483582349727
14.2,14.396965913445456
19.2,18.278662358879956
13.0,13.465520969999488
12.3,12.466497674991842
19.3,19.181239287252538
12.1,12.769313462515129
13.5,13.697913433337817
13.7,13.504417044779984
19.0,15.367481188499369
15.4,15.742954220622778
10.9,10.633338853833266
18.1,17.997535948175937
15.2,14.987830549667706
9.9,11.140095209062565
17.5,16.6867602526072
19.8,19.329514383891365
14.2,13.69299754864187
14.4,13.890827619557967
16.5,15.552105427428614
12.5,12.840491101469524
14.5,14.084187885164283
15.5,16.775973249634262
18.7,18.162846225954127
19.1,18.971727838157676
11.8,12.900900214532157
14.6,15.173156624630792
11.4,12.207600824767724
14.7,16.25994878343772
14.8,14.374294029810699
17.4,16.875804775569122
15.1,14.648634751112695
17.2,16.996872956864536
11.8,12.553921107028145
19.0,18.815116225159727
14.8,15.073561400167819
14.3,14.270848915621173
15.0,13.87303286039969
14.5,14.981440854026005
15.1,13.977546465266641
15.6,15.354375240007357
18.5,18.004749027724756
17.7,17.531211734429235
17.8,17.44509171595564
18.1,18.286973363894504
8.9,9.469844911131077
15.7,15.399095108354231
12.8,14.408794687658883
11.2,11.33976599338348
12.1,12.57736737918458
17.1,16.077794109718525
14.8,14.908848161430797
16.8,17.911596452235244
19.7,19.213915541680763
11.9,11.934176192095038
17.0,17.20226712245494
11.7,12.969341450923821
18.3,18.801808061194606
12.5,13.199194280663505
17.8,17.530477714550216
14.6,14.782903707520745
15.7,15.264898544177413
15.5,15.584252575732535
15.6,15.652371036994737
19.2,18.39974809018895
14.4,13.842649513248034
15.1,14.90021794763743
11.2,11.115233894903213
11.9,11.894867613329552
14.1,14.35627199166629
16.2,16.78651520269341
11.7,12.292304881237214
15.2,15.105185646263635
14.7,14.183572757610818
15.0,15.033446783694671
17.8,16.626762360712746
14.0,14.238731024437584
15.3,15.169739611563273
12.0,12.227520653308602
13.5,14.60618844538476
16.0,14.940044038696215
17.3,16.94241126131965
14.0,14.177621684764745
13.8,13.75669906821713
13.1,12.621461116272258
17.7,18.152675307617756
12.2,12.715509310124617
15.7,16.429681771376636
13.9,13.730827935098205
11.6,13.413501248462126
12.1,12.236523620202206
15.5,15.380688681616448
14.2,14.077199335952173
14.4,14.80255400156966
10.3,11.99935621599434
18.8,19.11503601365257
12.1,12.676351467729546
14.2,14.412120305878489
16.0,15.293085119512398
15.3,14.981470809783787
13.9,13.733785463209642
15.0,14.760637954968843
14.2,13.127656100230524
14.0,14.377726698439801
19.2,18.44656655169092
15.0,15.069527774558082
15.5,15.484773405803935
13.1,13.364595740189543
16.3,16.54061051993631
18.5,19.058333276829217
7.3,10.021801020368002
18.0,16.729821443184846
14.9,14.884321946730779
16.5,16.407691929431166
15.0,14.529912285302998
13.1,13.541273407783592
15.9,16.08306220997838
13.4,13.538447719387477
14.4,14.911376405583724
14.0,13.570427820668556
15.6,14.92756269450183
12.3,11.18834920754307
18.2,17.115055887552444
9.9,11.323382101050811
19.2,16.948213338677306
11.1,13.405802840949036
13.7,14.270639342637878
14.6,14.398776481340974
15.4,14.900380321021657
11.3,13.789408196642398
10.9,11.246621941332705
13.2,12.957882091133797
11.3,10.919853477797005
12.9,12.815967814036412
14.0,13.161826122086495
14.2,14.521433553047245
15.6,16.066693269593088
14.5,14.401958751899656
12.9,13.105115392216248
16.1,15.960492226298811
12.0,12.085987048398238
15.3,14.956211236160016
15.9,15.491610799188493
11.3,12.445972838060698
14.3,14.805219049163497
15.4,15.014379197295057
15.2,14.956401652510976
10.9,11.466653978743125
12.8,12.661968112210161
13.4,12.448105113289785
16.6,15.26114183460595
13.4,14.64373690332286
14.1,14.631290435707342
14.8,14.561925590824103
15.2,15.114339993902831
19.1,18.235632219933905
16.0,14.83987350479947
14.6,14.59504450453096
9.2,12.347797364898724
11.9,13.032272599375574
12.7,12.34933036757866
12.7,13.327759662817698
18.1,17.536243460932383
15.8,15.938830847248028
16.1,15.550636133935768
15.5,15.40930551913334
13.5,13.656752639741171
13.9,14.321790464371588
11.1,13.451498890295625
12.0,11.79712496889988
18.1,18.792562342161546
16.3,15.956592238682788
16.6,16.381195012887474
15.3,14.834788400072284
15.8,15.048020269081462
19.0,18.00293310394045
15.5,15.350848051632056
19.8,19.05648056176142
12.5,12.848267819877947
19.9,19.370412742020562
17.1,16.623093339032494
12.4,13.922833236109
14.3,14.418143202346982
14.8,14.756241422699532
16.1,15.99333558147191
15.5,15.184996047319146
14.6,14.851787668354518
18.8,17.11914558171702
11.7,12.13102222190355
12.7,12.620758343749912
13.8,13.7733609037532
15.2,13.688810688821832
15.7,15.588773808180122
12.4,12.583570544957183
15.2,15.800515289563918
14.3,14.188476299168542
10.4,11.641106610477436
14.7,14.56435177102685
14.0,13.92062508573872
18.1,15.394010790856555
17.5,15.495391733275028
15.7,14.362082461017053
17.3,17.834599300884292
6.5,8.319732692092657
14.5,13.830117126199184
17.3,18.474204908910906
15.1,14.837075884370279
13.6,13.662267509673256
11.0,11.186901930399472
10.9,11.804825374041684
15.3,15.050051710572006
8.9,9.86171456152806
13.6,13.30610078110476
13.9,14.159375513763734
15.5,15.243149662597716
16.3,15.757163052476244
10.3,11.812144888390321
18.9,19.36056163732428
15.5,15.207157258759253
19.5,19.092752699216362
14.7,14.304275450354908
15.4,15.701485035508085
14.6,15.1228006632482
15.1,15.276432701968588
12.7,13.335197600599713
17.3,16.485724986501737
15.3,14.892050333175575
15.7,15.183776418722118
16.4,15.727947732695611
13.6,13.668529626942473
18.9,17.955249578215444
8.3,10.972736356663518
14.8,14.125302631611703
17.8,16.824703732330818
19.6,19.23523874176317
9.2,8.814141953946091
18.4,18.569128751885728
19.8,18.890947191073792
17.9,17.94920474270475
13.5,13.025788654151256
14.3,14.182013142097276
12.5,12.697507245429733
16.9,16.788684650789946
14.2,13.884954958255548
18.0,17.028724266507197
13.6,13.357927224249579
12.7,13.456681181534805
14.8,14.465029175909876
14.6,14.480750927037661
19.6,19.117455320898443
14.3,14.782485478499439
12.7,12.386469204502646
12.7,12.61949584382819
13.6,13.448048202530117
12.7,12.454195565136615
14.2,14.147066543082474
16.6,17.574981212441344
14.5,15.272906973361387
13.0,13.003251138230553
10.1,10.091775680426508
13.7,13.293032529196353
12.5,13.057137221621815
14.6,14.676473649600666
12.9,13.387806982907932
13.5,13.350779898988549
12.9,12.304641654074658
12.7,12.59388160976232
13.6,14.683764684363268
11.9,12.179135812912136
14.3,13.281574836804793
16.4,15.905988443204478
12.6,12.499784234998515
15.9,14.265469157951884
13.6,13.42132669597595
13.6,13.284906381821202
13.3,12.857470758783165
12.1,11.719751568423817
14.2,13.724885339386674
19.7,17.96387437923113
13.2,12.276377649890492
13.6,14.461130379553651
10.9,11.76934454817092
16.1,16.314894540293608
19.1,18.46970125133521
12.2,13.253853927977616
15.3,15.425761235317623
9.8,10.61005900008604
13.0,12.917478448833208
12.3,12.005637046127958
12.8,13.072380836732918
15.1,15.504982446553186
14.8,14.324982666468713
11.6,10.93697821252863
13.0,14.643725697678747
12.6,13.774508482165402
13.2,13.04295177932363
12.1,12.199305179296061
15.5,15.572475419052353
14.6,14.359281333192484
15.4,14.833548326241726
14.1,13.697871452230174
12.7,12.119278527708957
13.0,12.739376778015867
12.3,13.243249498336809
18.8,16.506668437621556
12.8,12.326568836346269
14.6,14.523897366312667
6.7,7.145032568485476
14.9,14.509517130558379
17.4,17.031232163950335
16.1,17.12400080569023
13.4,13.024781354692095
15.3,15.115100441971663
18.0,17.62164787983056
8.9,9.77098236529855
16.2,15.896288619624102
18.6,18.15129811494262
17.7,16.207639987871516
14.4,14.612365876912008
16.2,15.989612631841737
12.1,12.135285417665727
15.1,13.10607936012093
13.2,12.511689056176692
14.5,14.638661308525116
14.9,14.743370117561426
15.7,14.845419291104918
14.1,13.827261994068976
10.2,9.901828627858777
12.9,13.219421705784043
11.0,11.581766512686954
17.3,18.240603778423974
14.3,13.89390858187653
14.1,13.83082600823036
15.0,14.995714196396875
18.9,18.28631827805657
17.6,18.322592394048115
14.6,15.201518893989487
17.5,17.39987594509512
16.2,15.973795534220699
16.5,16.420035466377158
17.0,17.440721252663934
15.6,16.57969438069631
15.1,15.0180641994084
13.4,13.834592255967436
16.5,16.217924604337895
13.9,13.564656247344828
17.2,16.87201954476768
18.0,17.443884205713402
13.4,13.263154928892618
15.3,15.296362416549528
11.5,12.080377308744573
15.5,16.584705573237443
12.1,11.418111408594996
12.9,13.352430480823386
12.1,11.985587521106936
14.8,14.630811493931105
12.6,12.544699705555104
11.9,12.051421612763079
14.3,14.387245822115801
9.3,11.554332418105332
9.4,9.284503172908444
16.0,15.733082555118017
12.7,13.046434566407697
16.1,15.835347810352687
16.5,16.366694085554627
13.7,14.103983440349111
15.9,15.578696694166865
15.9,15.386132307787193
18.4,18.361228131048847
15.8,15.740922732096806
11.8,11.885632586316206
14.8,14.75422973905188
15.6,15.640271686483175
15.8,15.33821157066268
18.4,18.544558068329934
15.3,15.39278401559568
16.3,15.991928952513263
14.5,14.289933554915478
14.5,15.776401597395306
17.7,17.26373516046442
12.7,13.90305382697261
11.3,11.905541066080332
12.0,11.22508269699756
12.8,13.539042655320372
19.1,18.23331218759995
11.1,10.972877055290155
17.9,18.69090798633988
14.2,14.814052632282255
18.5,18.570427110797027
16.1,16.273154840542702
15.2,14.29544906803494
14.5,14.212249243428232
14.1,14.713549625103042
13.7,14.00610284198774
17.4,17.228717588062864
14.6,14.608400553901447
16.4,15.390016717632534
17.7,17.178366407290014
14.2,14.695628379267873
10.9,11.00464753311826
12.5,11.778056747774826
15.8,16.265585926477797
14.6,14.549487475072965
18.8,18.539933361957083
12.4,12.527710994065274
15.9,15.298173629606026
17.7,17.23517519060988
18.2,17.434517396148294
13.0,12.131886578164995
15.3,15.354382668045218
14.8,14.743662775645134
14.3,13.939486200222746
15.6,15.317520219279686
15.8,15.430767438059775
10.6,11.006587770243641
15.0,14.752790830330923
18.9,18.567735985765466
18.1,18.106912689603632
18.7,16.978827260551043
18.3,17.10600828537099
16.7,16.78752048428578
19.0,18.550308347970713
15.6,15.238909794750725
12.2,12.515774008934386
17.8,17.926078704826068
13.1,12.232707863804535
15.2,15.01350363110214
17.7,18.100293363939272
14.5,14.708439693964465
14.6,15.153720142494421
12.8,12.679977687832434
16.5,16.921194026843295
16.8,16.616687733097933
16.2,15.867053866066271
16.1,16.079341414297232
15.3,15.804122782201375
10.6,11.330631397519028
13.1,13.610577750601806
14.2,14.209977351798443
16.1,16.271949870162643
14.7,15.209333806444192
17.7,17.28965192846954
14.3,15.992090302752331
17.8,17.785759938007686
14.8,14.700074665306602
15.5,15.343984734936384
15.1,15.055287730243435
15.1,15.19506466735038
14.6,14.725488794669218
14.3,14.013194831233704
15.7,15.658053480932722
13.0,13.112522925646772
17.1,16.985876982478658
14.5,14.371002605912508
15.3,14.838030076120049
14.4,13.844513980176998
11.6,10.99950663713389
13.2,13.943496094758302
15.7,15.64655065570696
15.5,15.337066737411078
11.1,11.519773027364863
12.7,13.230990389187355
14.5,14.565551431427593
13.0,13.24551973925918
10.1,10.418089356913697
15.0,13.883317362447997
11.6,12.23759548421367
16.5,16.891209085355513
17.5,17.569661771703977
18.5,18.798721684957854
16.1,15.749675062186725
15.5,15.889764008161364
11.1,12.404590544989333
15.1,15.280691287618538
13.2,12.877258238266222
17.3,17.83260868268553
13.5,14.01199879287742
13.5,12.782582118758
15.3,15.299577802055865
14.5,13.173244674084344
18.6,19.02009025408188
17.6,17.403737996413838
18.6,18.569242520723492
17.2,18.513526166643715
15.1,14.682939340162193
14.1,13.679142586071976
11.9,11.467638294096105
15.4,16.157876181881875
16.7,17.029342519963393
17.4,17.802755537442863
12.8,12.34463456494268
18.2,18.39166543725878
15.9,15.536841320426902
15.5,15.167351058902568
15.6,15.220774140238063
15.9,15.84827787935501
14.8,14.690979554090518
14.3,13.93177564119651
15.2,15.569349403784145
8.0,7.900472762179561
15.9,15.16641159914434
18.4,18.028941243886948
17.8,18.0084060219815
15.6,15.254446789538633
15.4,14.924138472400955
14.9,14.105494275718229
18.8,17.94893288851017
15.2,14.958429291233188
16.4,15.448277107178
14.6,14.54568842030676
16.1,16.149458908534143
18.7,18.201861642533913
15.6,14.896022691042162
15.9,15.073546915988118
10.1,10.513951029166492
14.9,14.924146342091262
15.4,15.36054270999739
13.4,13.834619120199932
16.8,16.400746812301804
13.8,13.5844197293045
16.7,15.880159447377082
15.1,14.957103534867201
17.3,18.85384650112246
14.9,14.260393544889666
14.0,13.82729119801661
15.6,15.056373639788944
13.4,13.772428907512221
17.4,15.218901517771883
15.6,17.46939228548399
14.5,14.877296042017406
14.9,15.264389250369277
14.6,14.621075922936143
16.3,15.412448722869158
15.0,15.08333688887069
13.3,13.206294895207975
15.1,13.158373100657627
15.4,14.950252215596265
13.5,13.910437184764305
13.4,14.09596930333646
16.4,16.23826214402652
19.5,16.664367886056425
15.1,14.695004626093578
14.9,14.743527269980405
14.7,14.522605983394897
13.3,13.972096151788719
15.6,15.312905442993724
10.3,10.387306154814723
16.9,18.114863119961228
15.7,15.739480583713885
15.2,15.304093126242151
15.4,15.700549846158538
15.3,15.003416485560592
15.5,15.311891728968476
17.2,15.430514429113828
14.9,15.055564342066646
15.0,14.759997667133575
13.5,13.20049842845765
12.7,13.425302079534958
12.7,13.667290824610973
19.1,18.901202400651528
15.2,15.37178425421007
13.6,12.249659023902495
14.4,14.646361929073464
12.4,13.189555512624793
13.7,13.460057745283848
14.4,15.2176854712161
14.5,14.202563075090438
15.3,15.167632535076336
18.9,16.332390201088856
17.4,17.05493147202651
18.7,18.67401515378151
14.0,13.871885688829934
19.7,19.43909978834563
17.1,16.605561870150268
15.6,15.224663862405578
19.4,18.689387626829557
12.6,12.69187011392205
14.8,14.945719294661103
17.9,17.699378181569045
19.5,18.530978619441157
18.0,17.488400125788758
18.5,18.865398410358466
19.1,18.840001596254297
16.2,16.815126124332892
7.3,7.8005158544983715
12.3,12.781020921363961
13.2,14.494407035410404
15.8,15.521909555071034
12.2,12.140294753073249
13.6,13.971235114819137
12.7,12.49044842334115
12.1,12.430189856593643
14.6,14.86835690496082
14.1,13.46160727457027
14.8,13.95821067376528
14.1,14.035445340938168
13.9,14.3247151596006
12.4,12.510342663304982
14.7,16.291952797560953
16.4,15.136623564496404
16.6,17.86951297786436
15.3,15.532008102825785
11.3,10.838684594840743
15.9,15.60304893180728
9.5,9.153879935969599
14.9,15.7131808797767
13.2,12.729887451241666
15.9,15.160097666550428
16.7,17.68749599091825
15.3,15.209164861124009
15.1,14.563847268866084
11.2,11.749651055200957
13.2,13.138984157849336
15.7,14.81732119366643
15.7,15.280581465565774
14.4,17.404619835804624
15.6,14.682765406416365
15.4,15.243012873019325
14.2,13.667307095403885
17.4,17.672583575422323
18.2,19.1878620244388
9.6,10.8547720182396
14.5,14.691433420310204
15.6,14.42282919731224
15.1,14.566981289739488
16.3,15.631362929565512
15.9,16.318692262051627
10.0,10.16542492978624
16.3,16.493936800281517
15.4,15.089024859888013
13.6,14.030299209873192
12.8,14.729421157220713
19.9,19.134679525333922
14.9,14.726306884462247
14.1,14.573145623893652
15.3,14.916455775388386
15.3,15.118590126934578
14.1,13.946616071130848
10.5,10.386018602788681
14.7,14.221513105532722
15.8,14.951360900542568
13.9,13.67563332212012
19.5,18.941980957752094
12.6,13.086738907562903
14.7,14.581377217778936
17.1,17.416749591244297
14.7,15.130182725202758
17.2,17.090847966028377
16.8,17.436599131004186
18.6,17.031624908448066
15.5,16.369066941464553
15.8,14.91119074675953
12.6,12.608750567800598
17.0,17.37741253725835
15.6,15.7555697808275
18.9,18.74869143788237
14.8,14.391548473970033
14.0,13.965999854131951
14.5,14.300476535139751
15.3,16.011749482830055
15.2,14.91033337690169
12.9,12.362712837799336
19.8,18.30363018013304
17.3,18.307202567142667
19.3,19.115645012643654
15.5,15.334252237458713
17.9,17.954219000534067
16.4,16.600758788263192
12.9,12.957718702440616
19.1,17.766139805782586
11.9,11.694479782890994
12.1,12.94574025419206
14.2,13.812861927905033
14.4,14.35066666462808
15.4,16.75139841105556
17.7,17.88552495688782
13.9,14.38042793438035
14.1,14.209009631857043
13.2,13.64933352576918
15.7,16.288371900580387
14.7,14.142915257019922
19.8,19.10732626428944
17.6,17.942734779644525
15.2,15.350312561902683
14.3,14.155993937398307
13.1,12.510406346962554
11.9,12.350481384928571
17.5,16.467285956201522
16.0,15.760756504929304
15.4,15.097324404516257
12.9,13.161592358868802
15.7,16.31733527108736
19.8,18.689619842683896
17.8,17.752436152484734
15.1,16.457701471663313
17.6,18.155344815502758
12.6,13.418365123972762
14.9,15.886529278830494
15.6,14.196548727399204
15.0,14.70205160259502
14.0,14.080123538064072
14.6,13.994989081169479
15.0,14.456606402760372
13.8,14.292121083883103
14.0,14.037674774754123
16.5,17.557514283937053
14.9,15.080581447386066
14.5,14.541026703518583
19.1,18.62550233877846
14.6,14.531182465294478
15.3,14.53298896420165
15.5,16.19131923387249
14.7,15.688241039402783
19.5,17.689740032918053
14.2,14.549347011981808
16.9,17.045963415323058
12.4,12.85025101120118
11.2,11.058004740800243
11.3,12.449898426013533
13.0,13.524169761163648
15.2,16.424329743982526
12.3,12.91505448881071
12.5,11.957237775233807
14.7,14.308353718020953
12.7,16.19559104455402
14.4,14.404207544899691
15.3,16.916783428532653
14.6,15.075377070321338
13.2,13.483247364929412
16.2,16.30927563464502
15.8,14.940659480722388
14.3,14.932154530517437
14.8,15.209453234758257
15.2,14.586781685327878
14.4,14.58392685607032
14.2,14.587194870080566
15.3,14.869600588490357
15.4,16.26324221715913
15.6,17.456708348618122
19.2,18.924486091709696
11.7,12.616562016773969
16.0,16.115754020724125
17.5,18.14906937466003
12.4,14.356399448792217
15.0,15.541282267891802
14.2,14.267904241976794
12.7,12.972552110935794
14.9,15.085918656535796
13.5,13.075670366954
14.8,14.647262302576564
14.5,15.050832753160648
12.5,13.179130783191795
15.0,14.648055557874613
19.8,17.952214798191562
14.9,14.211218523210846
13.2,13.269845047354465
14.7,14.562699525253265
17.4,16.920221249427414
13.7,13.484292437729891
15.9,15.823291165143019
18.0,17.28775151793161
14.8,14.72372490840462
15.5,14.67743865371449
14.7,14.380982060625684
19.2,19.158091332705226
19.1,18.20351014751941
15.6,15.305758675051038
16.1,15.671768095577136
19.4,18.82939734647516
19.0,18.854971422289964
14.7,14.443697192473337
19.7,19.19895023526624
15.1,14.898153331218055
14.8,15.375328817084664
14.3,13.683033662702655
14.6,14.538148825033204
13.6,13.355203296174295
14.2,14.317295529850526
12.2,12.171224926452851
15.5,15.387856428074883
15.0,15.05388508363103
13.2,12.576840657740831
15.3,14.737208226957591
12.9,12.730858244467527
14.7,14.858104183935211
10.3,10.928212820086628
17.6,17.892405856808182
14.5,13.561560916394228
15.6,15.156222787831211
12.7,12.41559998888988
13.6,13.715867960825562
19.0,17.636735060921637
16.3,15.675681416438238
12.5,12.625912231742404
15.3,15.019347201048731
15.2,14.705948981445545
18.7,17.84961539832875
15.3,15.211964640504448
15.1,14.928983274154234
13.8,14.752191565290559
19.1,17.979451919760322
18.1,17.3563667612907
18.8,16.47844848805107
18.6,18.195254004531307
16.0,15.435236409310164
15.2,15.308216522826115
17.0,16.608312005151674
14.5,14.7980797154014
15.4,14.887965631583938
14.5,14.928280735010048
17.9,18.136009141482646
19.7,18.833037858450552
11.8,12.922188088938128
11.2,11.253157193248626
16.0,16.350975985089462
16.1,15.820223530754447
13.0,13.272543228056747
13.2,12.97459419281222
10.6,11.029882898990763
13.4,13.762066854251316
13.0,12.69264045777345
16.3,15.747790212917607
15.5,15.28079816212994
16.3,15.858154406072572
15.1,14.933171527532977
14.0,13.857613492087694
14.4,14.550921200021548
16.4,15.92116738925688
13.8,13.708181914291345
11.7,10.523243032133905
19.9,18.979503247188404
15.0,15.431099841749528
16.5,16.414748205788783
19.8,19.02955506579019
13.1,13.461258100523992
14.8,14.083419167320244
15.8,15.14101307434612
13.8,13.295141051377868
15.8,15.674320186521072
12.1,13.047658575495007
14.0,13.70499858121002
18.2,17.661309926072136
16.2,15.488882764539085
12.7,13.106233129041357
19.1,18.736040035262704
16.0,15.887746689666528
17.6,17.664495535893366
13.4,13.336007373523898
13.0,12.872147950169165
10.5,10.662199696467724
15.1,13.856167614561855
15.0,15.346871609628579
12.6,13.367801866843365
16.5,16.46360359658138
11.2,12.079231344076106
17.2,17.026597045041854
19.7,18.94018740626052
14.6,14.794958112819586
16.3,14.751011556887534
17.5,17.750034142343793
11.4,12.09668458861779
14.5,15.555619784980081
13.9,14.383005313418835
17.7,15.623855376441497
19.9,19.00816920780926
15.7,15.395802810413443
16.3,16.630534897532925
12.3,12.669011968944687
16.5,16.677111547454842
18.5,18.77783277539129
15.9,15.972193363326369
18.9,17.20871588709997
18.6,18.310548673267476
17.3,16.6413904549554
11.4,13.069883284595562
15.2,15.088006930243864
17.5,17.640600838174578
15.7,15.790188619343098
15.4,15.087647306794679
15.8,15.40664761082735
14.3,13.781186364038149
16.8,16.83772368123755
15.6,15.347850151883904
11.6,12.025480820564553
18.8,18.600199753273046
12.5,14.681914809189038
13.0,13.576405962787248
14.4,13.945861705185962
18.7,18.746749319310766
14.2,14.915596047203508
14.1,14.920472026366042
15.5,15.625539976375876
13.5,13.256640314182732
18.7,16.913942677201703
15.9,16.464285339665366
14.9,13.886910584322322
11.0,11.475045456783846
15.9,16.333908558071926
14.8,15.191487359305029
14.3,14.550735861383146
15.7,15.435317557454255
14.0,13.52666772675002
14.8,14.051649623317644
15.9,15.835869233007543
12.0,12.534964904514709
13.4,15.55962307023583
15.2,15.18982087340919
16.8,16.895267793850508
17.5,17.996138683520257
13.8,13.37160437303828
17.0,16.954737906256923
18.2,18.243841753224842
12.8,12.455489637912251
14.2,13.99542631773511
14.0,13.596202172513586
13.5,13.273311802302487
17.6,17.45606415637667
16.1,16.23723844801134
13.6,13.5372834095906
19.7,18.68708337433054
14.0,14.923346314579248
14.8,14.854925245657796
13.3,12.660871823813068
16.9,16.944766301632626
12.6,11.860567278927192
15.8,15.995224233774934
18.4,17.30191344331797
17.5,17.840932885883376
15.4,15.091604868532158
13.2,12.814292456605472
14.8,14.661166184265312
14.9,14.864559080742765
19.2,19.01776965573663
16.1,16.014845327566945
15.1,15.308277567484765
13.0,13.894693121843375
13.9,13.462938705968554
16.5,15.7587461907533
17.4,18.66862529393984
16.3,15.595794756431133
17.7,17.697381817823043
19.3,18.89632477212581
10.7,11.40860480000265
16.3,16.457071932498366
14.4,15.551637283089804
13.9,15.125257723648247
15.8,16.129672264083638
15.2,16.479535265854793
14.3,14.895308194245445
15.0,15.991498932475224
15.9,16.285718647573958
16.3,16.25036790035665
12.1,12.371510019351263
17.0,17.03415096175013
13.6,15.649728458665777
15.7,15.26383248899947
15.1,14.115798081678804
15.2,15.659597232841406
15.5,16.645167807062535
14.2,14.856084939056018
16.4,16.864015723884222
16.2,14.589907719862822
18.5,18.252284395763127
15.4,14.90006485194317
18.5,18.413512707018526
18.6,17.00620822169003
19.5,18.665728250343818
17.0,16.581770493736258
16.7,16.605686194321606
14.9,14.056881377124228
11.9,12.772031236818293
14.6,14.898745617392706
17.0,16.67540637073398
16.0,17.240751382618328
15.0,14.79740439602756
15.9,15.095643262116937
19.5,19.282937531970674
17.7,18.607754636730533
15.5,15.483582586719422
15.7,15.299089897715021
19.9,18.85467674434767
15.4,15.759871394489892
19.4,18.916933442291338
16.9,17.892504106392153
15.4,15.027095381901745
15.0,14.97790616129896
15.4,14.380940666218521
14.3,14.309174425088713
15.1,14.96567792064161
14.9,15.03784566084505
15.2,14.966422637255164
15.6,15.418158678570762
13.8,15.121768904937198
14.2,14.409963577112649
13.4,14.20666370363324
14.7,14.317221096760477
16.9,16.731354085892235
15.2,15.163670495348924
14.7,14.735619327402674
12.4,11.700186374044279
18.0,17.732990385313315
15.0,14.815234105735726
15.2,15.190837540219945
15.0,15.27953111781244
15.5,15.265439367678482
10.8,11.09772442933172
14.7,14.598379443898011
15.0,14.526123378411285
13.6,14.684804108683238
15.8,15.188313302554889
12.5,12.883414210111368
14.9,15.103391987839132
13.2,13.197377048199996
14.5,13.864267476950772
14.7,14.701718988959328
14.4,13.592030459753005
15.1,14.941264100873013
14.9,15.027251963678282
19.5,17.38295854727039
16.1,16.02326743240701
15.8,15.100011721578994
14.8,14.864823928568512
15.1,14.727447500836206
12.5,12.795687940379139
12.8,12.48260525605292
14.7,14.485731241089525
17.1,16.984776111294195
15.1,14.838107301859054
11.2,11.73875982852769
14.5,14.33699432614958
16.5,15.670028009415546
14.7,14.953950444882139
18.5,18.32092146427385
14.6,14.350370367814321
11.1,13.107478231162531
12.9,13.335501235007541
15.6,15.41209287086349
13.0,13.715392816753592
14.8,14.041207444759493
14.8,15.116231304360554
12.9,13.470391133967496
13.6,14.572545561764855
14.4,15.198982038535178
14.1,14.643035422675894
16.6,16.249474114336408
15.8,15.236524464271497
19.2,19.31095739992452
16.9,15.749982461367836
13.6,14.034209815490613
19.9,19.001798000652343
19.9,19.435613742214628
11.4,14.873635540867326
15.6,15.954756048366107
17.5,15.529902392649092
15.5,16.00101755541982
15.6,15.494190857745707
14.6,13.995045332732843
14.1,14.106794965167865
14.8,14.895877289323835
15.5,15.198426807415672
18.4,17.77992453193292
15.2,15.480283734505065
15.2,15.216675709350966
9.3,10.286308367794845
15.4,15.50862022759975
16.1,15.88298269599909
19.0,18.210980238509364
17.3,16.977727104269434
17.4,17.215042826479475
15.0,15.26167790733598
14.9,14.5686440817517
17.1,17.00600648706859
16.7,15.675515250943135
15.8,15.721326368620794
17.5,16.247883580741473
14.1,13.929768428541138
13.3,14.298070987546453
17.9,17.897470626368886
18.4,17.313724496081704
19.0,19.200996539497282
18.1,18.135213314322755
12.0,11.96126673812978
16.4,16.28845440756959
18.8,19.15518772395444
19.3,17.898828192963265
18.0,17.579934977460653
18.3,17.73313461229918
18.8,18.582210778273293
16.7,16.471991463586164
13.7,14.44291255661301
13.9,13.993468902946915
15.3,14.578291340152646
14.9,14.665122420381522
15.0,15.227048045315314
18.0,17.100929510406786
16.5,16.054056271479567
12.9,13.44214101479156
13.7,14.27853346458869
19.4,19.135383991204435
16.0,17.20264490363479
13.4,13.938239305774914
16.3,16.23225083577563
17.8,16.888362321216846
13.2,13.68437204923248
13.9,13.680601583124371
15.4,14.955747240455821
12.8,13.372611554106697
15.5,15.558558148128213
13.3,13.060341279226122
17.5,16.76586032321211
13.9,13.862840271467576
15.0,16.191701102921797
15.7,15.355910473463155
13.4,12.363318866846384
19.3,17.63531770714326
15.0,13.144101134472294
14.4,14.529612610291224
17.6,16.601780764991418
19.1,17.80189184276969
11.9,13.403177047643112
16.4,16.556267632933668
18.1,17.40720254923508
15.5,15.151138397432078
15.5,15.32603870407911
12.9,13.375599672552198
14.0,14.73710734854103
15.7,15.104582423024112
16.7,15.58419301410322
18.3,18.753890692896675
11.5,12.54864229861414
11.9,15.01403555588331
15.8,14.974776512302924
14.1,14.786090720561333
16.3,17.37399857325363
13.1,12.838448160153348
12.9,13.314024751602119
14.2,13.302980860695243
12.4,13.425013172924082
17.8,17.881844028219348
13.9,14.351578547910322
16.4,17.21328729621382
17.8,16.91458346520085
19.1,18.807128479529638
17.6,18.251594895788003
18.9,18.456523915403523
13.0,13.770795590307898
15.3,15.27136196612264
15.9,17.07017714859103
16.3,16.432591689328547
19.2,19.146427731757285
19.7,19.650480103387963
19.4,15.171702998695764
16.5,16.644244758208515
17.2,16.391077834239695
14.0,11.233777426212328
14.7,15.370703656342812
17.3,17.801441711373627
17.6,18.03783367353026
16.8,18.005166225135326
19.6,18.436344742542133
16.5,16.057916364923585
13.9,14.051355128089199
19.0,18.213745742075844
18.8,17.24572800550959
13.1,12.292804483819054
17.7,17.80535509083711
18.4,17.1810412062041
16.4,16.28180857512052
16.3,16.25890499446541
17.3,16.81653688562801
16.2,13.050135700963438
15.4,16.3211732907439
12.5,12.138359196658712
16.8,16.428032115472888
14.4,13.841639986552764
19.3,17.706108142097946
18.8,17.240090589912143
16.8,17.5425030530605
13.3,13.584983585344162
13.3,12.945621688617393
17.3,17.041116019812762
10.9,11.992893572987668
13.1,12.582399733917555
11.6,12.350587951514171
10.3,10.601689168499433
14.1,15.371537217000878
11.1,11.382371159343165
14.2,14.698484873781126
15.8,16.127010494546994
17.6,15.79891684523318
16.8,16.696494927273307
15.0,15.439725312884548
11.7,10.982228177032084
7.7,9.3828179181437
15.4,16.057099275494693
16.1,15.426536447315812
15.9,15.040701028367039
13.5,14.065119100006996
10.2,10.660547537496313
15.0,15.527811299896712
16.6,15.97360443420439
15.7,16.319266930338927
11.4,11.16391848528292
11.7,10.737452021130593
14.3,14.80970211463864
11.3,11.305984291771892
13.1,14.028538827074954
11.5,11.567862829426304
10.6,10.553471411345527
13.3,13.63443140828167
14.1,14.050156442541265
13.4,13.693951704481151
9.4,12.199532284255838
11.7,11.640064169303514
10.9,11.183786402223632
11.0,11.605568873032098
14.4,15.027491961178384
14.3,13.673908712837147
17.3,16.1698246934684
10.8,12.04092737461906
14.4,14.725634823946166
13.9,13.785046293782216
13.4,14.802883668075083
13.8,14.833366723589279
11.9,12.569966855226085
15.2,16.10268107612501
14.4,14.953324527396035
18.5,17.153032347850967
19.1,17.816343706181215
15.6,15.307949006235503
15.1,15.011366692895535
15.0,14.746365652885288
12.9,13.600058946001809
18.4,17.098343934449076
15.5,15.60121784277726
15.6,14.988762495922856
16.5,16.354353853417706
15.4,15.325290515143934
15.5,15.628950599348173
14.2,14.154450942267431
15.3,15.172152345996437
14.6,14.608968805987388
15.5,16.055132624114776
15.7,15.596850328147411
13.9,14.265707662885688
11.6,11.848590417183004
11.2,11.32455851213308
12.9,12.358862858673092
11.1,10.657113104622113
11.5,12.867665162368212
18.5,16.311203247401863
17.1,17.478631432866678
13.4,12.935203726869076
15.5,15.617607479798608
14.5,14.810352376429364
15.6,14.966375479503768
15.4,15.670464109422028
12.1,13.04113118688474
13.3,13.607369660283439
16.0,16.451590668293647
15.8,15.110324922687141
14.8,14.9617683327524
15.7,15.660065544187091
14.2,13.563669102062704
14.4,13.151343418634497
15.0,14.801261351793073
16.5,15.645044627774041
15.0,15.16258902926893
14.9,14.48098715604283
12.5,12.373904725536704
15.4,15.076929922390264
14.7,15.108993881240167
12.9,14.234133979247417
15.8,15.514057093532756
14.2,13.704096660279902
11.8,11.019883077329723
15.0,14.200735115329735
19.4,18.4244263076107
15.1,14.885929470474366
15.3,14.167139709054027
15.4,14.88570953143062
17.6,16.92471413340536
15.7,15.576428884465713
13.1,13.27235143679718
12.2,12.662246894586133
17.0,17.61055916899204
15.9,15.897830815869384
11.4,11.265235896396916
10.9,10.567544151912443
12.0,12.237434490583837
13.1,12.91310328405234
12.9,13.57591941501596
15.6,15.576958949041
15.5,15.72656864381861
13.5,13.936147594566137
18.2,16.35054867036888
16.4,16.445172864652704
14.8,13.966759144852404
16.7,16.33630963449832
15.8,15.65902719834412
15.9,16.114210146231926
13.8,13.822767245641444
14.1,13.292560948350001
15.2,16.307255233987235
14.7,14.801202014103183
16.3,16.17583565201494
13.0,13.688281428592745
19.6,18.4236306216917
19.2,18.649566460531787
11.2,10.877859958593035
13.1,12.163412645517383
18.0,17.924257195089012
19.4,18.621419555624016
15.8,15.765072083449923
9.4,11.327438676822567
13.5,13.770704093203676
12.5,12.508376130863326
14.7,14.796452436421532
16.7,16.629296819883166
13.7,14.005548189947149
16.3,16.59176520647452
15.4,15.088017817615764
17.0,16.401426577449456
13.2,12.912214951269561
14.0,15.664272817375604
13.8,13.832158942561364
17.9,17.327027388870192
15.1,15.115306842286373
17.6,17.538125989718537
14.5,14.511634470254648
15.2,16.333213895268273
15.4,15.692132614571165
12.8,13.016939182503847
10.6,13.369164226169232
11.2,11.314929824031424
14.0,14.100799015141092
17.9,17.48176375100229
12.8,14.49308652948821
16.9,16.922423639596673
14.8,14.349522719589004
16.6,15.823865016513082
18.1,17.595830904640025
8.9,10.042091228591744
14.7,14.618149826801528
13.7,14.78504735964816
15.5,16.29716490420833
16.1,16.499255350092426
15.5,15.408704780857079
13.9,14.402856660515681
16.0,16.652425392268924
15.4,15.66406988689414
16.0,15.48605211742688
14.8,15.388071107474389
15.1,14.85578445304418
17.0,15.393584236357128
14.9,14.843106506479671
19.4,19.031690270196123
15.0,15.17610932374373
15.7,15.32707765547093
17.7,16.670107239187928
15.4,15.933292348898249
14.6,15.029730374168139
15.7,15.604694908739475
15.9,16.27055281859066
18.4,18.366654126759386
16.3,16.424978414637735
17.8,17.52879384899279
16.7,16.162648149824236
15.3,15.264968937935919
19.6,19.093627575493883
14.3,14.658835434995126
14.9,15.510291198821506
13.8,14.588043540832587
15.6,15.100441325485008
13.4,14.024196388141718
19.4,19.111823778628604
18.6,17.910205906307965
10.9,11.017633218318224
12.9,13.416179729247233
16.8,17.41429254692048
16.4,17.342554358037887
14.7,14.993302584542107
15.0,14.948207207988162
18.9,18.533034711806977
15.7,15.457278165529715
17.4,15.660459124483168
15.1,15.037950277837808
15.4,15.422426854725927
15.3,14.579533444455592
9.8,9.735278469423065
14.8,14.509125336902798
11.6,12.076721398392692
11.8,11.894189798040316
19.2,18.71119026868837
14.3,15.049025412125047
16.5,15.153919706790475
10.3,9.991377018945059
18.1,17.521723641635617
13.7,14.892638716526562
17.1,17.575045507983305
15.1,14.785703584027942
14.5,15.116868112823795
14.9,14.829338719911902
16.6,15.800505246268585
19.0,18.789819303608965
16.0,15.380980327157886
16.3,15.510086474532727
16.3,15.871735874156002
16.1,16.24158550050197
14.9,14.899009462449612
16.5,16.12080083062756
16.2,16.476064291349758
13.9,13.746860731684137
18.2,18.43987227231264
15.4,15.913676787946315
15.2,15.11534614494667
15.8,16.030660028853163
15.7,15.319865234625468
13.2,13.775850993964923
12.9,12.842900683870539
17.1,16.919638293562457
18.9,18.828149448294425
13.8,13.594096303382685
19.1,18.710843610024313
18.4,18.15950956463348
14.9,14.766006984486012
17.3,17.309571481411695
14.3,14.483869562425753
13.4,13.72676372827118
13.9,13.842557153911912
15.5,15.16879871043784
12.3,12.485514056083048
14.3,14.461345154652008
13.8,14.201014496362404
15.0,15.260319573048037
15.2,15.277044253482018
14.5,14.76833050701498
16.2,16.393495160416933
14.8,13.89099743971019
12.8,13.328153146867407
15.8,15.980586928162666
15.4,15.384000490186736
12.8,13.346681321330834
15.3,15.054901195864659
13.6,14.062902731651775
14.2,14.438711036247696
17.0,16.54993880240363
14.6,14.663095488765975
15.7,15.624520820798352
15.6,15.49519428946951
16.4,15.88207705854984
14.1,13.115935921901837
14.3,14.767317168938462
15.1,14.4614761848934
14.7,14.349733056791592
13.8,14.250293459253953
13.3,14.505964939107798
15.6,15.520380503472552
17.0,17.24091597543884
16.3,15.192802993347868
16.3,16.23353637557011
11.1,11.247777968383161
19.6,18.67951590177836
16.1,14.807920636958443
15.1,15.218011680091877
15.3,15.02185632783221
15.1,15.381348516084472
14.7,15.985579692676765
11.5,11.449769580736756
14.3,14.567953516472699
13.9,13.7186872252787
13.1,12.813715216616401
17.7,16.98814404505538
15.5,15.39392315686564
16.3,16.235048651291436
17.9,18.430533384467708
16.3,15.880130430099598
15.7,15.457062960507756
17.7,16.987381629085576
15.9,15.776408584148157
17.8,18.02887076234765
16.1,15.31851159868529
16.1,16.05745456900695
16.9,17.333527643524576
15.7,15.363704454270191
14.0,14.314443794275576
12.8,12.837092012166977
15.4,15.557350231028977
17.8,17.97554842621321
16.2,16.53809220463154
17.9,17.416018037765753
15.0,15.154729379923083
15.2,15.351664258691017
14.4,14.699953269097023
13.3,13.086433692893479
15.4,15.327730038959999
18.5,18.11692747406778
10.5,10.394978040800197
14.9,14.998298868071288
11.8,12.537123685187908
8.4,8.81399389874423
13.5,13.491264564625453
15.3,15.196622236573603
17.3,16.602169316087384
12.6,12.890330909809563
17.4,17.49346881613019
12.0,12.022073445958085
15.2,15.068054493051022
13.8,13.77493913429862
16.1,16.187530136263376
14.6,14.844001177483733
13.9,14.679973660127871
15.3,14.926027112960583
19.5,18.775078249076614
13.8,13.595182919209037
15.0,15.090940856291127
15.3,15.427140552113997
15.5,15.40356704138685
16.4,15.734601763633691
15.5,15.371009114780463
14.3,13.31396218133159
15.7,15.067537445080234
19.8,19.095136961259414
14.3,14.536257883941289
13.1,12.898997719050385
15.9,15.398388627305394
15.8,15.412798255671078
14.9,14.46036849457596
14.4,14.645566813123878
15.2,14.94171909234501
15.2,15.11116802212564
15.4,14.879176691847533
19.2,19.10786211991217
15.1,15.016304028773447
13.0,14.665190048812292
15.0,15.271761053518276
14.6,14.628392296730453
12.1,12.524087432131637
18.3,17.811394126620144
15.6,15.243733189523482
17.0,16.50201051175827
15.8,15.268999065156095
16.2,16.093988796055783
14.1,12.949097828677623
14.9,14.968045742745744
12.2,12.07443217243781
12.2,12.945752559262473
16.7,16.638790466447972
15.8,15.65276149949932
14.6,15.130428972785012
14.0,15.051943440630566
13.7,14.495705584986354
14.3,14.43219868324013
16.5,16.18208097992465
15.1,14.006942097679712
13.4,13.213200297788717
15.7,15.482127768918872
12.5,12.98371024185326
15.0,14.891507496591657
15.9,15.614836376660605
15.6,15.681659626981855
19.2,18.817469761590473
15.6,15.194348720367998
17.2,16.948116580028
15.2,15.072862699395046
17.5,17.561914004825667
16.9,16.281356960418634
14.5,14.16515893646283
16.2,16.902608165924903
15.2,15.091160065703662
15.2,15.210364151891554
14.7,14.767147718175693
14.5,14.782825765840244
15.2,15.164629582175621
15.7,15.833682261640206
16.4,16.29014466161607
16.3,15.764150466944557
15.9,15.455440326069947
14.9,15.112358475691508
15.9,15.671834433793265
15.4,14.918194231435336
12.0,12.929777892539278
12.9,13.707378423714545
13.1,14.431085246498697
13.3,13.414547692576889
14.3,14.285791596688796
15.5,14.65067759208614
17.3,15.295630472450284
11.8,12.196850641921628
14.4,14.384756738843862
15.5,15.634417106808542
11.7,13.681063194118906
14.6,14.799703896016581
6.1,7.839899866259657
15.0,15.878419307007789
14.8,13.761375460861018
15.9,15.674189252546057
15.2,15.242607979591412
6.2,12.631972647621296
12.5,13.161586529749911
14.8,14.89415911780452
12.1,13.428210622256302
14.5,14.623518317122944
17.8,17.099243350705365
13.4,12.628292484994745
12.9,13.546694338991074
14.7,14.509330562403193
13.6,13.917544939646177
15.8,15.661383313859915
15.4,15.188014884508448
15.8,15.793007111700717
18.7,18.727472797269
16.2,15.766331858176272
15.4,15.28238562430488
16.6,16.508963150641648
15.8,15.294500187650556
15.8,16.07173705585592
17.5,17.785292884509545
18.8,17.760048277967144
19.2,18.6861678364221
15.4,15.523939335373143
15.0,14.075189001508988
15.6,15.629119232347875
14.0,13.820536336919758
15.5,14.54050375384395
13.9,13.258326720519108
15.3,15.029398983959254
15.9,16.099893108563265
15.5,15.146795115608256
16.6,17.050072137615643
10.9,11.37826736088573
14.3,14.15271292917896
10.1,12.619373269702919
16.1,15.43988968708436
14.7,13.960635945339163
13.8,13.537058932961372
16.6,17.867675964414957
13.9,15.291052180959014
12.7,13.194137837155722
17.6,17.42940764076775
7.6,10.653347481915262
12.4,13.341974286784534
13.4,13.442085749184116
8.6,8.357646072923671
15.2,15.29378103336785
13.8,13.93175034068372
19.6,18.736824653489748
13.2,12.793939292958385
13.9,14.039981161011383
17.1,17.636603484643274
15.2,15.15661853842903
12.3,12.458210490498459
16.3,16.458032625436317
13.4,12.977982550510205
18.6,17.70808598183794
14.6,14.823257381809526
15.6,15.357925897613313
15.5,15.341423901671078
11.8,12.564671545726014
15.8,15.942506913535908
17.0,16.596242245621397
16.6,16.088282516924664
19.0,17.19483391768881
16.3,16.272674838512103
10.6,12.386775822669733
16.2,16.669895120667206
16.0,15.508591446036007
14.7,14.043373580445405
5.6,6.706559446814936
9.7,10.802296084235422
14.5,14.62256181624798
15.5,15.810824542495538
16.3,16.027726041676942
14.2,14.526773106412293
15.6,15.421569328289479
14.0,13.816895774860313
17.8,15.249253475747537
13.9,13.746145212022384
13.8,13.148695444837358
13.7,13.730530640197685
12.7,13.777382502230466
13.8,14.147811396047473
17.6,16.994925923354458
12.6,12.744835764609888
17.4,16.80416184104979
13.5,13.781924383445585
16.9,13.995524222787935
17.3,17.809321774635464
14.7,15.598667573653074
17.9,16.16831623078906
18.6,16.349776162358467
13.1,12.543173098418265
14.8,14.691968804228964
15.1,14.815436639799373
12.7,12.823990616860101
14.4,14.175744323933031
15.2,15.178998137247618
12.9,13.020825594197959
15.0,14.732015499816043
16.1,15.43260731868213
16.5,16.689820861065527
13.5,13.275659587350674
16.3,16.80264848889783
13.8,14.000672934027534
12.6,13.17820459161885
15.6,15.164409636054188
16.5,16.46529663671754
15.1,14.618606670643203
15.1,14.852351275276305
14.4,13.567112680932041
15.9,15.337021597631974
15.4,14.845962861872977
14.4,14.207803012919612
13.4,13.141010616591302
14.0,13.875380228528229
15.9,15.887569162696309
14.1,14.68846609688444
15.4,14.913062095685746
19.2,17.96606591664022
15.2,15.837546386115719
15.8,16.01634690968058
17.1,17.403974725748412
14.6,14.706702400522772
15.4,14.629506381097599
15.5,15.393872190557886
15.0,15.079715079671587
14.6,14.346458801452172
18.8,17.841550500254016
19.7,19.084047086245846
17.6,17.97853112127632
15.4,15.10553242678543
13.0,13.853876052540727
15.6,15.165521964390791
12.4,13.425748303241562
12.3,14.07640412409637
18.6,18.306725183909293
10.8,11.475979939859826
17.3,16.579261224545917
17.6,18.093353332718834
14.9,14.217413691134425
12.3,12.828746381826932
15.5,15.212975904185441
13.8,14.360341991447058
15.8,15.10534920351347
17.2,17.139473997522146
15.2,14.590280811404227
16.4,17.233622946623655
14.7,14.723001141872373
14.9,16.77331994985434
17.3,16.602005462744273
18.5,17.77207978541628
16.7,16.243983848631615
17.3,17.078289395707543
16.1,15.776078227092512
14.9,15.096020894096
15.3,15.366292465594597
15.1,14.942518920797738
16.1,15.295156878737544
13.9,13.63054958358407
14.9,14.861203559470596
15.0,14.844235193071654
14.8,14.36382054616115
17.8,16.986858411668436
17.6,17.281487775369897
18.6,18.10428245636831
19.9,18.038115943490993
16.7,16.47984613925655
15.1,14.566850888135377
14.1,13.889181398626533
14.7,15.212680947912304
14.9,14.990937569677044
15.5,15.318658008214697
18.9,17.121964970690897
17.5,17.234870166696055
13.1,13.383606275398051
15.5,15.666908055121894
16.7,17.154956608079374
12.7,13.923428167414386
15.4,16.41704371249034
19.4,19.060169640666572
15.4,14.811065485468134
18.7,18.502798701578286
15.2,14.722573370832833
12.3,12.919841123657534
16.6,16.324918025755323
18.5,18.690769628272392
14.9,14.982492271214142
18.0,17.870338316715788
19.3,18.704925684200134
13.8,13.213191289745737
17.2,17.418105264287078
18.5,18.149849546549376
11.3,11.028483853093348
13.7,13.42100615723757
19.0,18.653982644842472
18.8,16.713590412866324
18.2,17.14477153174812
15.8,15.298500976092328
11.6,12.494456815591548
14.4,14.180306677008048
15.9,15.516290212166496
13.0,13.496941449935548
12.9,13.824518743203953
14.0,13.706618584837997
19.3,18.41978882162948
13.5,13.788122490102978
16.3,16.147181662381627
15.4,15.471419571345905
14.7,14.209467951121042
14.0,13.747879361551895
17.4,15.670394812594168
19.2,17.97049264254747
16.8,16.528199942089486
17.8,17.71434200942167
15.1,14.158120239699201
9.4,10.650477056391537
15.8,15.573659253863298
15.3,15.286011133637658
18.9,17.861573059708462
19.2,18.770606397883967
17.5,17.589152059867047
14.2,14.470217597458031
16.3,17.007901469012722
17.6,17.862190943651512
13.2,13.356640491319922
11.9,12.218069978727726
13.7,13.458494356658775
19.2,17.913285942722723
17.2,17.068091003398877
17.1,17.162488960893825
14.5,15.2969103638643
15.7,15.724312167065364
14.0,14.101774621929508
16.0,15.578819955670042
16.5,16.61125024183275
16.2,15.523951246635988
12.7,12.878839643701212
15.1,15.0415023950045
15.6,16.104704811750707
17.1,17.30136098753428
16.7,16.624923350464087
19.0,17.150576520507457
15.2,15.156054323422723
15.3,14.814106205105418
18.3,17.716684271232225
17.6,17.499852203181945
15.9,15.605315678945772
14.7,13.874600925330014
19.0,18.219420924666338
17.3,17.525032693782123
15.6,15.685704333351168
16.0,15.646363135485444
11.8,11.562863014405593
17.7,14.31836121584638
17.2,16.699647511937656
15.4,15.570139990340977
15.9,16.152395016622904
12.6,12.255471601572935
11.5,12.004981379723176
15.2,14.591670298341342
10.1,11.932434853049926
13.4,13.905829101553536
12.8,13.045096289162757
17.7,17.863963045587298
18.9,18.909177355555585
13.2,13.686894546844997
15.6,15.802596159097448
14.5,14.573313596716616
15.7,15.486742996232351
13.4,12.951687379390933
17.0,16.280924772669096
17.4,16.50049889087677
15.9,15.257991066901013
16.3,16.087370235967683
15.5,15.467570257664192
15.8,15.601005936041474
15.7,15.647134091239423
15.4,15.297189460034133
16.0,15.744117665683007
8.8,11.016203058767132
11.7,12.107324760174379
18.9,18.910283165911096
14.1,13.937501525040716
19.0,19.294501692405902
11.1,10.028210575401317
14.5,14.45533553234418
16.7,15.646781921794172
19.0,18.85910028914077
16.0,16.48523948275033
15.2,15.14643072441686
16.0,15.827411304489942
15.6,15.959441873565083
16.4,16.367297214306745
15.1,15.150113068404607
15.9,15.398101679049432
12.3,12.566828758110205
15.7,15.415554270870416
13.4,13.710517143801553
12.3,12.9051785434458
19.0,18.97384537209291
18.6,16.027675126795657
12.1,12.321837918570964
12.8,13.264700803672895
19.9,17.38890439015813
17.0,16.586517561547225
16.1,15.772877824310854
17.3,16.212726916790416
16.3,17.222874030587263
15.9,15.720400963531574
15.6,15.128509929199936
10.6,10.334510051819962
16.6,16.146111171139637
14.1,13.460828567302087
14.3,14.797044593753526
16.0,15.738031033833977
8.8,10.978381962897402
15.3,15.200605504654959
15.9,16.171233560515248
14.4,14.155407968592044
15.8,15.396187313501287
10.9,11.594702523565502
14.2,14.961512653011596
16.9,16.40023904060945
15.0,15.026626162332832
19.1,18.8243216824485
14.5,14.551844963429176
14.9,15.068875031225616
14.4,13.539116829342674
11.8,11.000833786063595
7.0,8.021279094857164
14.0,14.135027554211774
14.9,15.034434861241607
18.4,18.53261248805211
10.0,10.827032489061821
16.1,15.958511595614254
16.4,16.2406236706629
15.5,15.350855376687832
19.8,15.723532051837537
15.2,15.286325971595943
18.2,18.353644047674607
15.9,15.14683259409503
19.9,17.107761960243806
9.6,10.298034143608675
19.4,18.80500666622538
18.0,17.889561357267667
14.0,14.293821372491948
15.3,14.832614131257287
13.1,13.51798015294844
15.4,15.376485046639573
10.3,10.545105112119927
15.8,15.27351436880781
13.9,13.510017312975833
18.5,18.462443895230535
15.0,14.954102711286396
18.1,17.438887504311424
14.7,14.918108170793857
16.1,15.596372264692036
15.2,14.878159852465615
18.4,18.97521808752208
16.5,17.22176383889746
15.5,16.210979605151806
14.0,13.455788958308403
18.3,17.86913371168157
13.4,13.084308782912558
18.9,17.466520605958067
14.1,12.869944229198154
17.4,17.32848185650073
14.5,13.313670297317003
15.9,15.485399428787787
16.1,15.517906058637891
14.4,15.704711146652699
17.3,17.18461431848118
14.0,13.72735766493679
15.4,15.299339481571224
15.1,15.574606510896047
13.8,13.890119593466807
15.3,15.603313988962327
15.6,16.090409080665268
15.8,15.236484745277266
17.0,17.621082221739925
14.9,15.526785065943841
16.6,16.44224189207307
15.3,14.865034237507643
17.9,16.37144383211853
16.8,16.56324681211845
16.2,16.051519763015676
19.4,17.48289100738475
12.9,13.125470826184028
15.6,15.61563073643265
14.4,15.52579624048667
19.9,18.992512604236254
13.8,13.589098736585584
17.5,17.08947074711614
14.0,13.881386496883351
15.0,15.223490484873764
13.1,13.351123522523267
16.8,16.352706510111602
16.1,16.351021210506588
17.8,17.905709584156284
15.9,15.52978066704236
15.6,16.322513205581345
16.7,17.089706617207412
12.6,13.897286444836936
10.0,10.347465855593327
18.6,18.343439373595174
17.4,17.524185362417484
16.0,16.18525231518288
16.9,17.347059524734505
17.1,17.459881701739505
14.9,16.6331015779906
15.0,13.304809229070088
13.8,14.317073769896524
15.4,15.795968494552653
16.8,14.989702327613486
18.0,17.35345278889872
16.4,15.016874865224963
14.2,14.433877600429696
13.6,13.371758507943014
14.7,14.364113990886835
15.8,15.572687337058596
16.6,16.898564404807985
17.7,16.70877905044472
14.0,12.313045792194316
16.9,17.377865865419153
19.0,17.671115850971546
15.4,17.222719149154727
17.7,18.399740825261688
14.9,14.561142012069467
14.1,13.628321295433125
14.2,14.301356450527237
13.2,14.094868668878917
15.1,14.721242983101547
15.3,15.539483604870838
10.9,11.24312127792291
14.8,15.39817076222971
16.0,15.930208749887242
15.2,14.88272384123411
12.6,13.08712337488032
14.2,14.487645033033914
18.1,16.118132402480114
18.0,18.11299767292803
19.0,17.855673408077564
10.7,11.416293231479358
4.9,6.205543982214294
16.3,16.593846654057415
18.1,17.823382517381106
8.8,8.60904644720722
12.9,13.24357312887878
4.5,6.781513825873844
13.3,13.24881139487843
15.0,15.005848960488947
14.9,15.509033654278028
14.1,14.45228397189021
11.8,12.714305813016836
16.1,16.05292755618939
15.1,14.91145364244585
14.1,13.720687416032888
14.4,14.444365982599265
14.9,14.966445713176654
14.2,15.027248640079051
13.1,13.790174821948312
15.6,15.211942981119137
14.8,14.73743604129777
11.4,12.010825614794157
15.7,14.954981158633018
13.1,13.519655004751257
14.2,13.843824608891737
12.4,12.748472925368333
14.2,14.202990545483772
13.2,13.251307673901465
16.4,16.02962983897305
11.3,11.167755042086355
15.1,15.663646010536468
11.7,12.042560995643726
12.9,13.14635671520955
19.1,15.785353688756004
16.5,17.42020286200568
13.2,13.353412929485785
15.5,15.271840563422302
12.3,12.75521714153001
15.9,15.861158996529412
12.0,11.821739473438356
7.5,8.75406561337877
17.5,17.114790403837105
16.5,16.90170194863458
15.1,14.799873870657393
19.2,18.702588831452886
15.5,15.786199989786837
17.3,17.215252064435845
13.8,13.773470826621633
18.9,18.579632285654952
16.4,16.797241275955457
18.7,18.166200097242836
12.7,12.417888615949778
15.9,16.2360343048058
15.7,15.658319623733405
16.5,16.78608887822338
18.3,17.53052906622179
11.6,11.667530872713542
16.8,16.396351350005716
16.4,16.32648879687622
13.5,13.572604243003298
17.2,16.244757751352154
14.5,14.549926347946894
12.8,12.119274665412377
15.2,15.182671037764521
15.8,15.661302248685388
15.7,15.253305754857138
10.4,10.654966322152177
15.4,15.411285800379119
15.7,15.981293992139399
15.9,15.328118007080775
17.8,16.816061291843653
16.4,16.35995685457965
15.0,15.0391252473637
16.0,15.70279916169602
17.6,18.225020700207097
12.6,12.04341691659647
13.5,13.175693198752924
12.7,12.156002060015453
14.6,14.596426200907445
14.9,14.752321240846868
15.1,15.148814385727746
15.5,14.994179008470383
18.9,18.268451267038472
19.2,19.212627439410426
15.8,15.164622752199648
15.9,15.611152467323336
18.7,18.428939695790177
10.5,10.159141793672461
18.2,17.24733845354058
14.8,14.998883417056277
19.4,18.713738388032652
15.8,15.81459072168218
13.9,13.492046796585782
15.9,16.04966651162249
16.5,17.088048620938935
17.1,16.39475273853168
12.6,13.379367803499917
18.7,17.85093173198402
13.0,13.63176017976366
14.5,14.316783003996534
13.5,13.594243542413096
14.3,14.234152868884848
14.2,14.759839658887358
16.0,15.759871562277112
17.5,17.351624030357925
11.4,10.628120248613413
16.5,15.666930643899832
14.6,14.433709181976155
18.5,17.95368193424656
12.2,13.17081557525671
15.3,14.775501917523798
15.3,15.760804217192344
15.9,15.233195981942117
12.2,12.533093427860877
18.6,18.363410316844238
14.6,14.612510723036394
14.6,14.13016125158174
16.4,15.480839057272533
19.6,18.787538041360676
12.6,13.449930007045623
15.6,15.496208567114081
15.2,14.397515497494169
15.3,15.27030539259431
14.8,15.048722710751463
15.5,15.436653088603634
15.4,14.887931510229464
15.6,15.919528336997246
16.1,15.638145275297575
14.8,14.615479249070631
16.9,16.853883234551176
12.6,12.399973525174573
15.5,16.095425726263784
8.6,9.54463380985544
15.3,15.84721105673816
17.0,16.56031076493673
12.5,12.399956455954452
14.8,15.077571010135216
16.1,14.797123462911259
14.3,15.039482914202381
12.7,12.96550946997013
15.6,15.841005156864412
14.4,14.614391504412197
16.2,16.08867537345941
15.0,14.665231407438114
14.8,14.873501557682175
13.0,13.307511245569913
15.9,15.560355787281878
13.7,14.29791089930768
13.8,13.949858334875898
13.6,13.622794377035461
16.3,16.73534864573412
15.8,15.144114955735859
15.7,15.225906189938542
15.6,15.597654799348675
10.1,11.214156799542252
11.7,11.299292552605039
14.1,13.185221901778277
16.8,16.594795130455168
11.5,12.646546628617216
13.7,13.82687300114776
11.8,13.768199262442067
14.1,13.832070638389268
15.3,15.759132081515418
17.6,18.74107159432606
12.5,14.046642439963762
15.3,15.778966806221433
15.6,15.615676581976004
15.5,14.581341801385861
14.3,14.564601683014189
14.8,14.994112830259837
15.1,15.087899910635315
15.5,15.042826019693166
12.5,12.808293101177696
12.8,12.727109210420167
15.0,14.913692586997058
15.2,15.026002257480286
15.8,15.24973607074935
14.3,14.84275556960165
15.2,14.906261673637346
15.2,15.652533429019968
13.3,13.494483606889844
15.1,15.3665421595706
12.7,13.748689432628453
15.5,15.342767285648733
17.6,17.30532588006463
15.5,15.181705225670157
13.8,13.953988270834088
18.4,18.897909804509254
15.3,15.739231952866248
17.4,17.703625138125062
15.7,15.570987937098835
13.1,12.929027448524721
15.7,15.545598750934005
12.7,13.575540114979958
16.3,17.717311040963978
12.3,11.428082012978848
17.9,17.621913161296106
16.8,16.67497883021133
15.3,15.272232637566049
17.4,16.684164986218093
18.7,18.61191149687511
17.5,15.52408215944888
16.0,16.09146979067009
9.2,11.232274112291634
15.0,14.68057760776719
15.1,14.992738603541511
16.4,16.281244641781086
17.3,17.172138116075075
14.9,14.93768387009004
15.9,15.24039846440428
15.4,15.087184916003025
17.2,17.16989952363656
14.2,14.31222854484804
15.0,15.175151380481111
14.7,13.977966294172802
17.8,17.80883454560535
14.7,15.029870192724047
15.7,15.551448904210702
15.1,15.189400015602587
14.5,12.228975685138721
11.6,11.489536214561667
18.6,18.50632589511224
14.1,13.937838112458849
15.8,15.942735781543888
19.6,18.500771942082793
14.3,14.572816646948922
14.7,14.287155575850193
14.0,13.458045377657982
13.7,14.380217388184974
17.8,17.04676060040947
15.7,15.314270614784618
12.3,11.686312063829973
14.3,15.2080092017477
18.9,18.399459764070343
15.5,15.10808114829706
12.6,13.353703192638932
15.8,15.65913400980935
14.7,14.81966134510003
15.5,14.900814223190537
14.0,15.205075635376488
14.1,14.382281737023732
16.0,16.524662498082762
13.8,14.243616332652891
18.0,17.542777424299857
14.9,15.121935900639073
19.9,18.96729672132642
18.5,19.128633361891843
13.2,14.699705737875775
13.0,13.322697359521044
15.6,15.398114701913073
12.9,12.769731916043384
14.1,14.748252567427699
14.3,14.773476339240005
7.9,10.192864372138501
11.2,12.500849091637065
16.6,16.92691298131831
18.2,18.46805618883809
9.7,10.190116435172968
13.0,13.643717088503763
10.6,11.834147446090356
12.6,12.76032451240826
16.6,16.372701347081602
14.9,14.922056641924428
19.6,19.439332409354392
11.0,11.907691969594453
17.2,17.189523901732173
12.8,13.497750038739468
12.8,14.433483797731242
15.5,15.597826273122337
16.9,16.737589670781745
15.7,15.333648103594896
18.0,16.98606369434856
17.3,18.171179591066903
16.7,17.07701993919909
13.0,13.476380548905581
18.5,16.47403819414103
18.2,18.014773482776945
14.6,14.356699680909514
18.0,18.162807811779203
14.4,13.615807684298488
19.1,18.194870777777396
13.3,13.560888638799952
17.4,17.875917487981496
13.7,16.745608375673328
16.8,17.552247435509344
14.7,14.444884403525066
12.7,13.102711311425082
15.6,16.473723495728336
12.4,13.12817599880509
9.9,12.147886617085533
14.8,14.004115137759072
15.8,15.732605912406143
12.6,13.340865622652927
18.9,16.672958051029127
16.4,15.440303932700772
15.1,14.395198734946462
19.4,17.744941478187684
14.7,14.623883972672047
16.7,16.692717611673288
19.4,18.654152627219446
18.9,17.497243308578618
15.2,15.31798895544489
15.0,14.900645445333794
14.8,14.65283095129962
11.9,12.344311135355383
12.9,12.74285743868677
17.6,18.084157376550138
17.5,17.14704758982407
14.4,14.392576654878212
16.2,15.835874315729598
19.4,16.989891601377167
19.4,18.677569205668988
16.9,16.846789068717044
10.7,11.73829068429768
13.3,13.707301540940534
13.6,13.438842821895378
19.9,19.050324199401075
13.5,12.336815017930348
15.0,14.64374884301651
18.8,17.876721322129015
15.4,15.94322966306936
17.2,17.8347962226253
14.9,15.389829975436442
12.9,13.91922800760949
17.4,16.066933479334693
13.0,13.32555654791031
13.0,13.67324622480919
15.9,16.388198038679548
10.4,10.595794055203442
11.8,12.864015324943466
16.5,16.31325307071529
15.7,16.39986363449134
17.4,17.384599269382306
11.2,10.239053577010054
17.6,17.8428914487813
19.1,17.75879555667052
15.0,14.354764741787221
19.1,18.28641031117877
14.8,15.117563592037186
14.7,14.678015344023152
15.7,15.900134384224657
14.9,15.408381440500307
15.8,15.734589117389987
8.9,10.480929418408778
13.3,14.019700034992638
17.7,16.98236350377556
15.6,15.449922117753886
15.7,15.685737160412828
13.2,13.550331081292825
15.8,15.870069518612581
15.4,15.106993785364466
16.2,15.908300332030194
17.3,17.13523275218904
17.5,15.454296917047031
16.7,16.420662606687983
15.9,14.819598526752088
10.2,10.210336335236207
15.8,15.72113224689383
16.0,15.91453203509991
15.6,15.653715215739794
14.6,15.578426853389828
17.6,15.589058820391074
15.8,16.232254566217307
17.0,16.97688750530142
13.9,14.232479478931054
16.0,15.689379452785943
16.4,15.63069384690607
15.7,15.810819410253316
13.0,13.483629011525409
13.8,14.49473994888831
17.5,17.270229292975273
13.4,13.519131021432258
14.4,13.554442826512968
13.0,14.02012789782384
15.5,15.057228066874814
16.9,16.91531982426386
16.6,16.341880707332166
13.0,13.552662993519334
14.5,14.499589620740153
14.5,15.491820474620908
15.1,15.581796322279843
13.2,14.074707128165755
13.4,14.53521405099309
15.0,14.718503791373223
15.6,16.26752531902457
14.1,14.5960891951745
13.7,13.208499897096772
11.3,12.180328377202386
18.9,18.637872998369858
16.4,15.983191149658523
12.9,11.6953809451079
14.5,14.31695442419732
13.1,13.04669627741714
14.8,14.934822507217177
14.0,14.79130429928773
11.0,12.013232135446742
16.2,16.62281566511956
11.0,11.050955390906893
13.5,14.141117818537168
13.9,12.004272736841813
15.5,15.849022351108943
16.3,15.890440165885593
13.0,11.880441218061605
15.3,16.235009732234175
16.9,16.50472503088531
16.7,16.5917953128519
19.7,19.004343926673755
14.3,14.662715932237916
16.8,16.81407253650832
13.3,14.916053261549678
16.0,15.90431675882428
18.4,18.05707613786217
16.0,15.893788804809446
19.4,18.779021153837675
14.2,15.005491481779245
17.8,17.494421580142443
14.9,15.658434273427702
16.8,16.515075530856848
14.7,14.467094964478747
15.5,15.471899368047161
15.1,15.026638714160072
16.4,16.241472403140506
19.9,19.547933521331288
10.9,12.062156600528397
15.6,15.31835223510825
15.3,14.329321939731017
13.4,14.52446504580439
7.0,10.289064029842848
16.8,17.03600039157027
15.3,15.503116203708487
14.6,15.554461692925543
16.1,16.63808017592237
15.5,14.947339064257903
15.3,15.160304506425746
17.7,17.994658726413036
17.1,17.217709065473173
13.8,13.698256935487734
14.8,15.967799549631309
14.1,14.062996591504998
12.5,12.678587100002915
14.4,14.514400174433831
15.4,15.476913103855622
17.8,17.4995153179334
12.5,13.16274906770559
14.4,14.207853065487143
14.3,15.018431218908518
18.2,16.82259622708625
12.9,12.252183638105635
15.5,15.472138617304154
15.6,14.91959151046467
13.5,13.928000385731139
17.2,15.548781015852
17.4,17.7230084593466
12.6,13.433421380846994
16.9,15.638842373911757
15.0,14.717639444401357
16.2,15.919424243118556
14.5,15.715816928452114
15.7,15.619913266760705
18.7,18.87776494040736
15.5,15.512844105352997
18.0,13.1203326258983
15.2,15.428916070988635
10.3,9.073535227711545
15.2,15.285494209621902
15.8,15.667433230060851
15.5,15.284931873673486
10.1,9.914561130455695
13.5,13.672646864759372
19.3,15.395608621300198
15.7,15.177918351080734
15.0,15.226901697053108
14.1,14.940126033616252
16.0,15.9653277110192
14.3,14.23648712306749
16.7,16.513430889724987
14.0,14.013549920200603
15.2,15.46610437511481
14.4,14.654844322809367
13.9,14.2495411929267
12.9,11.372458831930999
13.0,13.864035236256314
16.8,16.503734197453014
14.2,14.321257908770349
11.6,13.34898988637724
11.8,12.598609652282903
13.2,13.727085685623024
11.3,12.53621715598274
14.2,15.00907232958707
14.8,15.165654921234818
18.0,17.342503329273313
15.5,14.178597153979354
13.4,12.606760197435506
17.0,17.395496937218923
16.2,15.838063196795702
19.9,19.123558041494107
15.7,15.41323403120623
18.5,17.84625876962673
14.7,14.69355542111407
10.1,10.2665925406327
17.2,15.943947826090152
12.6,13.059713514492614
15.8,15.74141710656113
15.9,14.78917494561756
16.1,15.950295767805073
15.4,16.064637551666237
12.6,12.075312870409107
15.3,14.770724879112095
14.3,14.096940613992047
14.5,15.012531660497189
13.3,13.114873636804987
15.7,15.30079720664071
15.1,15.03100263205124
15.9,15.518299986244529
16.4,15.858613424818031
14.7,14.881907743780175
17.5,17.78032695276488
13.2,13.132662626449019
14.5,14.443901565919077
15.6,15.620314997417154
13.7,13.753592585155275
18.8,18.01318381493911
15.5,15.54859750776086
15.7,15.714412936358713
16.2,15.590292641834822
14.6,14.895065497315954
16.0,15.784222476533614
15.1,14.150571085476258
15.2,15.123330150840047
16.8,16.891418947372586
15.2,15.523344683577307
15.3,15.52356413193047
14.6,14.592923945510847
15.5,14.806940131093143
18.2,19.23983361182036
16.1,15.983029779370554
14.1,13.616285723837791
15.7,15.130490460524015
14.3,14.902535936998902
11.4,11.144347592955455
17.5,17.282878749945667
15.1,14.974084638874047
14.3,14.646536578948144
14.4,13.92490088221166
14.3,15.571057362889405
16.8,16.9390584496432
13.2,13.38053180472707
15.8,15.67334823530473
16.0,15.079245076252846
11.5,12.182396525866352
14.6,14.956795977166621
19.3,18.739298282162054
10.7,11.099624447146198
13.7,13.471312359179137
13.4,15.543864810257219
15.4,15.283209056418855
19.2,18.767721532669384
11.2,12.70258680335246
11.0,11.586918865534244
9.5,10.86204758452368
10.9,11.302654932544101
15.1,15.359256919378822
14.5,14.204313351816381
15.0,14.838434965238775
15.4,15.191575665048731
17.5,17.226053131458684
13.3,13.36121498382272
12.5,12.848689936363371
17.8,16.730918797809863
13.1,13.417218871618388
14.7,15.3089112622838
14.4,14.345698073680978
15.6,15.524455918406602
13.5,13.658435032964917
11.9,12.755097904944705
19.8,19.18351624184288
8.3,8.884345575293992
18.4,18.324860886496026
15.8,15.749371111483924
17.5,17.07336923253024
11.7,11.143389481352642
15.0,14.571940648071177
16.0,14.900636583508458
6.9,13.49968783769873
11.8,12.244753373877757
14.4,14.53289353675791
17.1,17.338777364580892
12.8,13.386212223564144
15.7,15.21635604428593
13.9,15.08836001259624
15.3,15.229494109385996
18.8,18.16079439292662
9.6,10.177671283687232
19.3,18.9143353291729
11.1,12.207068967371015
12.7,13.081477587376867
17.8,17.40310778230196
13.9,14.610686274681939
18.9,18.498321466890047
15.9,14.737772058484552
16.8,17.496453420317266
19.8,18.22063010832062
15.7,14.984771960007492
14.1,14.820809721204569
16.7,15.990825384506024
15.0,15.32091851720179
13.2,14.415597731078378
17.4,16.639861532050418
11.0,12.703263181290822
17.4,17.99635682400549
16.8,16.89216915849829
14.7,13.90384619453107
14.1,14.682284872458695
11.9,13.270114967808695
10.4,11.441845227382146
18.6,17.916945815843064
17.9,18.2172397627146
16.9,16.96643738920102
12.6,13.23444134555757
15.8,15.739169782202225
14.1,13.825175977341132
10.1,10.679520054312889
14.9,14.817317807726795
14.4,14.64610148335123
15.6,15.307964463361714
14.6,14.431745528214378
17.6,18.05609517719131
12.4,13.451534532301594
12.8,13.674207898671739
14.5,14.849237354494107
13.1,14.043257388664642
16.1,15.247732322575757
15.8,15.23268427234143
12.0,12.384115415654378
19.1,19.064286599925254
14.6,16.014326970373077
15.7,15.433859271812253
13.3,13.421185266808607
16.1,15.46236449740536
17.6,17.842151372053195
17.0,16.819010022509246
13.4,12.440598959074123
12.1,12.335374020971358
15.7,16.194206805346766
16.9,17.27373251260724
16.3,16.56437896303032
11.5,13.386606271436904
11.4,11.418924131256063
13.6,13.7692461758852
16.4,16.4963876613474
13.6,14.114976450422546
15.5,15.12889641043148
12.5,13.116453409660608
15.1,14.459758506625803
11.1,12.207306323864032
18.9,19.065852260391694
12.2,13.019602882210165
12.1,12.379016832797788
14.0,13.815922178720939
16.6,15.849750043300446
15.1,14.71882807095244
13.9,14.410652502760058
10.7,12.297529599105474
15.3,14.605728296592133
14.0,13.32570143241901
13.4,13.663848962813063
14.5,14.016760391707066
14.5,14.62270491302479
15.6,15.160589375329437
15.1,14.668514722783584
16.8,17.135290613747202
15.1,15.756487400329206
18.8,18.58253544018953
15.5,15.800949784956174
15.0,15.573612641732325
6.9,8.706810850300826
15.3,16.63707492692629
13.0,13.133225370262153
14.4,14.079917858733097
14.3,14.74585023119289
15.7,15.437879014705686
15.5,14.810649767652649
15.6,15.478165422187885
13.8,13.494850921881152
13.0,13.99994377008079
12.7,13.331802591477754
12.8,12.79576757850009
15.5,15.717056502966443
14.4,14.790170217922423
16.2,16.58189345203573
15.4,14.92468258154986
15.2,14.648209816281451
11.9,12.565543581556994
13.1,13.749698226776673
18.7,18.089837135983544
15.6,15.397404029958125
13.3,13.605328007051867
15.7,15.648560016856209
13.1,13.28027915369421
15.3,14.572259949889485
15.4,15.254614945370122
10.5,12.308824126725085
19.4,18.318707647151314
14.8,14.823800119687803
16.6,16.741431775328238
13.4,12.830619211621524
14.9,14.319132256205194
15.2,14.891350840689483
10.7,10.609450458898209
15.5,15.100531319505535
10.1,11.956788426556159
12.9,13.982265648824978
12.9,12.847639102197718
14.3,14.47188141857987
13.6,13.636510811338667
11.5,11.52765689714579
14.1,13.90716739207528
13.4,13.670621745492099
12.6,11.877540334186051
15.0,14.757495632802602
19.7,17.27539651925872
14.6,14.727252454664267
7.8,10.468156711925985
14.8,15.346734221127917
13.9,13.678635375283193
16.0,16.241520070441766
9.1,9.282285925059114
14.8,14.435927941725822
15.0,15.632313788364627
15.8,15.174562318634344
15.8,15.2460743690026
16.2,15.842245989682851
15.2,15.762989969050977
14.8,14.802082174806856
19.2,18.65784270988661
11.7,11.794013427512255
16.4,16.34658019748167
19.7,18.66995662340196
14.6,14.406205984880216
16.2,15.689288147375919
14.2,14.47474126353336
14.9,14.841856844603171
17.9,18.46620217524469
15.8,15.726666840782855
13.3,13.357013755015942
15.0,14.413977396732662
15.9,15.86923456256045
15.6,15.274910739277402
18.0,18.37544966978021
18.3,17.79052183049498
12.9,12.140191181533737
12.4,12.854351880843751
14.2,13.34666624997044
17.7,17.402229107281528
16.2,14.987710450664963
7.9,8.545281392056495
19.6,17.871071158593622
17.0,16.74500179250026
16.4,16.28700605285121
14.7,14.886202053457964
12.3,11.991114690841641
17.4,18.350347470055567
16.3,16.165085323944368
11.9,11.30669293765095
15.1,14.642964634520467
16.8,16.64665541794966
17.3,14.80527747812448
16.9,15.3193427248043
18.9,17.49494612554554
17.7,16.730758024583338
16.0,16.120144012202218
15.1,15.112448143743677
15.5,15.707429432164645
17.8,17.27369847294176
15.8,16.224115060962504
13.1,13.779514855326852
15.1,12.675238398136571
15.9,15.708783964597387
17.5,17.2348143809686
19.1,19.109811699192505
17.6,18.306457093305653
12.2,12.225233769066108
14.0,13.80947453645058
16.3,16.43858079976053
17.9,18.35928959166631
15.4,17.354371142631862
19.7,19.034906799177406
19.8,19.16791116577224
13.9,13.089676848583622
15.2,15.560147417098051
17.0,17.46950594719965
15.0,14.632876667543314
18.7,18.92313076314167
18.0,17.732102370471694
14.5,14.378112603699265
14.0,14.306879509531427
14.4,14.563087420385273
18.2,17.80495125357993
14.3,14.915705886027354
18.2,17.255428066593595
14.2,13.925159621081548
17.1,16.548844948094484
17.8,18.693876630801242
16.0,15.61675319185997
14.5,14.458587363275
14.8,15.49878850481764
15.3,14.854673817309958
15.5,15.327734061902447
14.8,14.904438554385706
19.2,19.021381836850196
19.2,18.886960277537582
15.4,17.78167019263492
16.9,17.207006306940457
16.8,18.266599367925664
18.4,18.01407474791631
16.1,15.969670561491512
14.9,15.391974726593617
18.9,19.000566633156268
10.0,11.989477406663354
16.6,17.54552046576282
18.3,17.783678291889373
16.1,15.966444972975296
14.3,13.818871482464601
16.6,16.23449945642642
14.9,16.615547204361064
17.1,17.723721556845703
15.9,15.588169153197668
18.6,18.203853681392502
13.1,12.976587913290132
13.2,12.857467385332711
18.5,17.15211339649977
15.0,14.836238487408991
13.9,15.112528386960548
14.8,14.414956376745977
16.4,15.807119673023408
15.1,15.756832749313617
12.3,12.19310476919054
11.6,11.117149006866384
14.0,13.537973081784003
13.2,12.35835037965444
16.7,16.360215174790937
9.5,9.59075164992828
19.8,17.82661155195092
14.7,15.03820935580734
14.7,14.536919653473888
19.7,19.184046870097518
15.5,15.95382765265822
13.5,13.092326185957063
14.2,13.918773032695753
18.0,17.866835203501978
9.3,10.489953565585893
15.2,15.052072346403293
7.3,8.93153111441643
14.9,14.803127623454202
10.6,11.138246055925265
15.8,16.07121845267102
15.0,14.212012437841622
15.1,14.931622851469001
15.1,15.28320198016445
10.8,12.178842332770728
14.7,15.117280456986919
15.8,15.980634319072124
16.0,15.75480240763136
15.3,15.388073564128717
14.4,14.320663878403138
6.3,10.632595442031743
12.2,12.05198119673878
16.1,15.853480450947245
15.1,14.801690076274099
15.2,14.904922821384389
16.7,16.855642400449142
14.7,15.010568043482635
18.9,17.637063555885106
18.5,17.56335504024173
14.3,14.691851525567472
15.6,14.75163661269471
12.7,12.65535860680393
10.1,11.076312822726322
15.9,15.193923351616831
15.8,16.484614958724706
16.0,17.177369302171428
13.2,13.530669324478367
15.6,15.66959986287111
14.6,14.283213164802874
16.6,16.551412563290796
16.5,18.216135676499107
15.4,15.248940624238458
12.9,13.390131983876927
15.4,16.713666336174356
19.1,18.588918471799843
11.7,11.35446880228119
17.1,17.826782704418292
17.3,17.051765215408523
18.1,18.942527828301536
19.6,19.025633653625846
15.3,15.123751130333403
15.4,15.466354143398348
9.7,11.292670485912822
19.2,18.735568907250126
16.9,16.728974103782093
13.9,13.62052189550377
17.8,17.650537343903125
12.4,11.291785108856857
13.7,13.593046135094482
15.1,15.37917659786035
15.6,14.25593612619923
16.0,16.01933913261746
15.2,14.826604179252172
11.4,11.224824489385355
15.5,15.29146972428498
16.6,16.20316143115997
15.9,15.636039362987503
11.3,11.890740081493277
15.6,15.403675943758572
16.1,14.722362641448854
12.6,12.796287916629808
18.2,17.374343321076594
14.8,15.010608875634716
13.9,13.822421349716024
17.4,18.22828854690306
16.5,17.146879243140575
18.9,17.980430777941365
13.5,13.66474336583633
10.7,10.441207625553943
10.1,12.603036257758504
13.9,13.786182852083584
16.9,17.29821980752604
6.9,10.237486412224825
15.7,15.066217630228493
14.3,14.30017427232815
15.8,15.60688537324313
13.9,12.951899784355192
19.5,18.88444055238506
18.4,17.48240474029444
14.4,14.195156482694074
13.1,13.553370429546703
15.3,15.106017398929907
13.8,15.175567407917697
15.9,14.067319006459002
13.9,13.826154380663866
19.4,16.483171889325604
12.9,12.704259177931817
13.2,14.629722578916699
19.2,19.650018614833243
16.1,16.618333671271103
17.0,15.06946218185476
13.9,15.019131922836095
17.8,17.795859364588978
15.7,15.348222377568163
16.1,15.782499571563676
16.1,16.150439433869906
14.6,14.480168604073697
10.5,9.663428287341958
9.1,11.280487906187773
11.2,14.460351634135804
19.6,18.508091730705928
12.0,12.488266430969816
13.4,14.041193409910193
18.7,19.119214865524555
15.5,15.74629751694738
16.6,15.868752960144775
10.7,11.311026627197862
14.9,15.089242943111458
15.8,15.082544758857694
17.7,16.763678505143616
17.6,16.761098351620603
12.3,13.157840479549122
18.3,18.029578042565845
14.1,13.958336284180405
17.1,16.009720541798742
18.2,18.02805280618486
15.2,14.874909926991677
16.1,16.30981980325305
14.8,15.00773306310839
15.5,15.749904486641753
14.1,14.43136416832931
18.5,17.62306779055507
13.2,13.920916157425381
15.2,15.369142176808964
15.8,14.503684094122946
15.0,14.669606392795686
14.4,14.047679387200333
12.1,12.582703313790262
15.2,14.030978218157543
13.6,13.388823427580064
11.9,12.859400659275707
15.7,16.519579103391152
16.8,17.085879728276268
5.3,7.881354152632412
15.9,16.24279943210786
15.4,15.139534316229401
15.8,14.519146292528603
17.7,17.099444523864804
18.8,16.52575740942848
12.8,12.557193043961888
12.3,12.763602884631837
15.4,15.350807062612148
18.2,18.166453961574007
18.9,18.030547719507013
16.1,15.829699118912686
15.6,15.680291950295214
18.8,18.90715100063244
19.4,17.74931933794869
12.4,12.844012124056462
12.5,12.210774821724044
7.7,9.075515126998653
15.6,15.388084581783914
16.5,17.11716369149508
13.2,12.19330409565373
16.9,17.558675976615632
18.2,18.793037339433795
15.7,15.333397958023852
13.6,12.61695721920114
14.0,12.71806348359678
15.4,15.040532491693739
10.1,11.158763214421924
18.5,18.224354021192994
13.0,13.617924047259294
14.4,14.713214456649439
15.9,15.863916357426206
16.6,16.71743173590221
15.4,15.283055891839467
12.5,11.309547762997681
15.2,15.02362109508249
11.6,11.499326812685467
9.6,10.238896473922068
15.4,15.519385603780393
16.3,15.895217826959197
15.0,15.823643980656925
15.3,15.54859023921017
10.9,11.389369400159921
14.7,15.650979352154536
9.8,8.7872863690136
19.4,19.108144464204088
19.4,18.4404768673121
15.4,16.558522726612864
14.7,14.479840748510469
16.4,16.500586637939705
14.2,13.711420538718812
11.0,11.440466272062622
17.0,17.12706297134355
12.3,13.38485170097556
16.5,17.12795528510469
5.0,6.683721727691591
13.4,13.371239683532622
14.8,14.577992148086196
13.6,13.815351195749827
15.7,15.562212282697146
16.5,16.43840657209512
9.4,12.168578873126535
11.2,13.032563880435191
15.6,15.492324650520459
13.9,13.66752127246582
18.5,18.504918830178212
15.4,13.67905331053771
19.3,18.72463512950344
16.5,16.963310082035605
15.4,15.455564688418235
9.6,10.07353441597661
17.6,18.30074272924685
12.5,13.285872982960427
9.2,11.832602569513256
11.8,13.005061682517407
11.5,12.646554131704761
10.6,11.565901738475077
12.9,12.75699070270639
15.3,15.935216592482902
14.2,14.617296611628262
15.7,16.457068220275687
19.5,19.151090493222
15.3,12.885879342124099
12.3,13.06863742362475
9.9,11.430663885374088
12.2,13.500734911387553
18.6,18.43338681597379
17.8,18.006594520265935
16.9,15.387613859638805
10.7,12.380880608805455
15.4,16.5800161017105
11.5,11.696942969079828
15.5,16.414335037294222
17.9,18.217643967222102
14.3,14.269013330340385
12.8,11.710507982617855
16.7,17.02266366709955
16.1,16.319302764866734
12.4,12.717399930406827
15.2,16.253114110984825
18.7,18.573231921705883
15.6,15.559866385476198
16.2,16.298320505526135
14.8,14.521672695613233
15.6,15.225664954275999
14.1,14.511184310162207
9.6,9.735262540751137
15.7,15.58267204826916
17.8,17.713534097070806
17.9,17.262117690755986
12.9,12.852696361485869
16.8,16.794198712712387
15.1,15.198203293897677
14.3,13.969031764019746
19.5,19.261694734566845
17.7,17.68383151962189
10.8,13.54077617629082
14.4,14.27358473118511
14.6,14.57274861089536
12.9,13.526659862754968
18.3,18.17224097257713
16.2,16.419654128490947
11.0,11.953063965716865
14.5,14.277666740148561
13.5,13.157222446494416
11.7,12.258840853231959
11.5,11.558157272869721
15.1,16.285393882222706
14.7,14.544105613458669
12.8,12.798250494350214
15.6,15.58449710268178
13.9,14.756309317546766
14.1,14.057021622755201
17.1,17.77373089909088
15.2,15.791811807508566
15.1,15.198701765031728
15.6,15.121611512062373
18.4,18.274277301999973
19.5,18.86412703548558
18.1,17.06239882279806
14.6,13.626673493323324
17.7,17.2554900637806
15.9,15.482432495395187
13.9,14.554898324335227
10.1,10.86174007243244
12.9,13.375193989020772
12.5,12.213598762522452
12.2,12.45998235134175
14.1,14.032825541717102
15.0,14.56409828228061
12.1,12.377075980883092
14.7,14.15209835353562
16.1,15.68294838067959
14.6,15.131213478860445
19.8,18.260768367530545
8.5,9.048177239252254
10.8,11.30159996866496
12.5,12.500851486518513
14.2,14.181421725603286
12.5,12.645791971008293
19.2,18.239085404173238
16.8,16.459694412187673
15.3,15.263604758923975
12.8,12.754555755411275
14.9,14.590552470297553
10.9,10.913974012742983
14.3,13.630672003899235
12.4,13.062584814964794
18.0,17.79969300571247
15.9,12.826089201902505
16.9,15.341212305273075
16.2,15.738231678144075
15.5,15.375023870466975
17.2,15.765001869789558
11.3,12.063033676036866
11.8,12.605612307495903
16.6,15.94133777809111
15.1,14.944338296772912
16.6,16.489278056571493
16.4,16.444245172298906
15.6,14.464867065893486
13.2,13.336133304364921
7.9,8.610757614602335
15.5,15.778487920300904
16.4,15.624115734681254
13.9,13.703855675295927
17.9,17.78072477458045
14.6,14.606613888201537
12.9,13.607651568512665
14.2,15.334065308012214
15.5,15.224319782690145
12.8,12.610598050872795
13.5,13.756662414234597
13.2,13.258220243445976
14.7,14.79788883436413
17.0,17.97056945716031
13.5,14.143918432328064
18.5,18.97963487781817
15.7,15.327850566653069
18.2,17.40698733815225
16.2,15.60830837080539
14.6,14.554159942490514
14.6,14.40751708499738
10.2,9.62964932565228
16.6,16.41305861645378
14.5,14.068894352763891
19.3,17.510140566300834
19.0,18.889350772136822
11.3,12.390223125112243
14.7,14.572479925933294
12.5,11.625921615457628
14.6,14.325540111254668
16.2,15.72316407051403
19.8,16.591039014907437
12.6,12.262115007470129
17.1,18.08156801626319
14.7,16.028149644873338
16.1,15.819708194030682
14.8,14.944061674032127
15.2,15.162738652215921
15.1,14.558929543127306
15.4,15.088149166924268
19.4,18.816442296811147
14.0,13.882821811042959
13.4,13.406300918213674
13.4,13.50310191857352
18.2,17.210336543561425
12.6,12.577680799236987
16.3,16.54319706565002
17.6,17.88568127177132
16.8,18.12959749213769
11.4,11.971284830928198
14.9,13.862012614146806
13.5,14.005225024509855
15.6,15.39890046173241
14.0,14.362715549479617
14.8,14.236213646689066
8.6,9.836155545315705
14.6,14.658787913449487
18.8,18.55301251486526
16.5,15.799755409942009
15.0,15.322125561606299
19.2,18.76391672019963
13.4,13.280389440769795
12.3,13.171912498102756
17.7,18.147585894010263
16.9,15.68185796844773
14.6,14.184360899496824
18.6,16.639508824271616
13.8,13.694282091368223
17.1,16.582852593972348
15.2,15.064359901385615
16.2,16.116921814144007
12.6,11.761843190528452
16.8,16.672646736784372
12.6,12.65853907447854
14.7,14.650039229822141
18.6,18.952708047552733
12.9,13.215053184801945
11.3,11.869259251339827
11.4,11.434098029625602
16.4,16.21954435989028
12.6,13.921304163814057
15.1,15.976062443427509
14.0,14.513946086564829
11.8,13.914531437854748
12.1,10.954342423385242
19.9,19.1401942432567
18.1,17.898632334166905
16.6,16.76107649692858
10.2,11.524895993847167
12.7,13.717138688749401
11.9,12.373993775487179
12.4,12.245497618801892
11.7,11.961040214635432
13.4,12.622264575766167
17.4,18.020410579250893
16.1,16.193051931713853
15.4,16.98287809003159
19.3,18.132796765421517
14.9,14.03638619868434
15.3,14.998376058472786
12.2,12.147571935493033
14.4,14.11497617533314
11.2,14.857202208775561
12.9,12.869923148944508
9.1,10.4868691470474
12.3,12.1754784710065
17.7,17.631160477849335
12.3,13.2933412847633
15.4,16.399389557220275
10.6,11.600585021602456
17.9,16.820966749452055
16.0,15.19685258800746
18.9,18.661842971399892
15.5,14.517012649146636
15.6,15.455739815857669
15.3,15.20071644717791
17.8,16.85627544435556
15.4,15.771175993984798
14.9,15.14591823941737
8.1,11.340675618848763
14.1,13.138281422900036
18.0,18.50306879397249
11.0,11.21599094683188
13.7,13.224716369295493
16.9,17.17335952074791
19.6,19.071286292135483
15.1,15.307233423809521
8.9,10.627956921234727
9.6,10.783884096395923
19.6,18.860802160896128
17.1,17.190703258766007
16.3,15.335126934573054
14.7,14.83392437652219
12.3,11.920560291124275
14.6,14.643921827577287
18.7,18.022634401917458
12.8,11.971257631899789
15.2,15.64623357693199
17.8,18.461394207697595
16.7,14.341162195429206
17.6,17.25283631455386
16.8,16.414169895811938
13.1,14.173611439211527
18.2,18.3238795256475
10.5,10.85133323079208
19.1,16.596255526703317
16.6,15.694891079008812
16.9,16.436952688385645
19.4,18.885235220048344
17.1,16.61642356152879
19.0,18.870350817684084
18.7,18.547736415846884
13.7,14.132408790115733
10.4,10.453427008120343
12.6,12.303694442438427
14.1,13.843467184982728
12.2,12.376904682198074
11.4,12.036503349023405
14.6,13.829770705779083
14.6,14.31017786337543
12.3,12.67356657772325
15.6,14.239485985948704
11.8,11.760941614047624
18.9,18.615964786731638
14.9,14.70678832003614
15.5,16.525240096121706
12.0,14.4144184787001
15.5,16.672879686462693
15.2,14.90449466809514
17.1,17.059786354133394
18.0,17.4886766767886
19.9,19.179311465326464
16.6,15.944616556223991
14.9,13.384091723128222
19.0,18.786461893847445
15.0,15.295630047450686
17.9,18.792258818692062
16.4,16.84008951036958
14.8,15.63305565554765
14.3,14.838024877790303
11.3,12.159724574716165
11.6,12.280143480427796
14.3,14.209784328826572
13.9,13.856289536288386
13.6,13.48623700171811
13.3,13.23559259128524
14.8,14.70411135078757
16.6,15.97389967003619
11.8,11.996517943422077
15.3,14.94152794452748
13.5,13.081505537731573
12.8,12.813639371073805
10.8,11.121977737988345
17.0,16.749380072204076
14.3,13.638081742741633
14.3,14.162004694560892
12.2,12.449672207527328
18.7,18.27091416856274
15.8,17.19804323770768
13.2,13.229824417328928
16.5,16.314970261206327
13.3,14.373980611042498
12.6,12.920023220503936
16.5,16.107830880708207
13.7,14.164249565865248
16.6,15.991222772863694
15.0,14.483710881493607
14.9,14.561579573899508
15.6,14.920976401364896
14.5,14.760739110264694
12.9,12.070960167679004
10.7,11.694845509831794
19.8,18.54029440099839
14.2,14.033835230366094
18.5,17.687723439594265
14.2,13.919809709306719
14.1,13.908743318694178
14.1,13.698405457835179
13.3,13.742802675289568
17.5,17.778131641447544
11.9,11.818564176559448
18.8,18.61036724166479
19.0,18.664388695055095
17.6,18.025852849765215
11.5,11.937987812387291
13.2,13.160046031465754
12.9,13.120829696359579
13.8,14.808986892201574
14.0,13.793239906255621
14.4,14.800158783182269
12.1,13.157015650504036
14.2,14.145051915489603
10.5,10.12949157989351
16.2,16.769844915834256
13.1,12.533149315102492
11.6,11.74338626221288
12.3,12.199672563676359
16.3,15.031726255288959
13.2,14.139173171912262
19.9,18.93718522338895
15.9,14.966889263136181
14.4,14.308899276886223
13.7,13.64884404046461
12.5,11.952211179974256
17.0,15.794511430663988
9.6,9.491469639062416
15.8,15.5051350880276
18.2,18.458533391618403
17.9,15.857395340572111
16.7,16.052871813240927
13.2,14.635827026912011
14.5,13.729655987524893
13.6,13.758227501930378
14.0,13.28015653663897
17.4,17.699298543306213
13.9,14.366151569760405
14.6,14.89152202301193
14.5,14.246890412032371
14.1,14.524578268174082
13.0,12.436478696006816
15.0,14.589926494722022
14.3,14.087983553035883
19.8,18.822712982160738
18.0,18.435215750243515
15.7,15.660853510727975
18.3,16.494779404543806
17.7,16.99921718929545
18.6,17.062695496104425
14.8,14.477008971880423
16.6,16.20331916035866
10.6,13.731351622293005
10.5,12.107253297610441
7.5,12.957693031436065
14.7,15.17633973737793
13.4,13.953184718695411
14.0,14.583819325140212
15.9,15.082371810567565
12.9,12.750289784162305
14.4,14.17709777719574
14.4,13.837553007877432
13.7,13.848856759344926
15.8,14.695653531496646
15.3,14.994330481078578
19.1,18.44413208035985
14.5,14.947721256467048
14.8,14.106917610974051
19.2,17.17377398876488
17.5,18.122213809750974
10.5,11.104064531158656
13.2,12.930222665687324
17.8,18.70803851596429
12.7,13.594504323555157
13.7,13.56153957956667
11.7,12.482434080448002
16.0,15.52953003931907
10.9,12.059070379531477
15.0,14.190229665866354
16.3,16.616093552132952
16.4,16.77054980567482
14.5,14.769071249878834
16.3,16.29455583775416
9.4,12.184585229580989
11.3,12.045786805130774
13.4,14.599859111302067
19.0,19.038358024845365
14.1,14.337923267652513
15.3,14.62673658967833
19.2,17.69175872593769
15.5,15.24165391738643
15.1,15.632779924169881
17.2,16.578448249350913
14.7,14.079572864346119
14.0,13.726214114634786
15.0,14.872262453507574
16.3,15.157377323925175
18.1,18.420174350612797
15.0,14.886817422933746
6.8,8.461249565152684
16.0,15.771616896148771
12.0,12.474298750545131
13.5,13.877404066792224
15.3,15.233639834948917
18.8,18.700002897938248
13.5,13.922930155211361
14.1,13.235483969387133
18.9,19.048928541276837
13.0,11.185862489161082
11.6,11.235862154804636
18.5,16.532212076233918
16.8,16.164105493196985
19.4,16.31862600549357
16.8,16.186708016786724
13.6,13.913836040504975
14.6,14.372452089592116
15.5,15.112240697082598
18.4,18.03482293943489
15.5,16.343210730265127
15.5,14.478653934165777
15.4,15.259275100077502
15.1,14.859774717129767
15.4,15.521499232505448
14.8,12.84196670120582
10.7,11.659197045431938
14.5,13.466117491130717
13.8,13.690420147322584
17.4,17.54625844139082
10.8,11.476302604249213
16.0,15.155009156609594
7.1,8.621106821286958
14.4,14.476377300223248
6.9,14.715013556415215
14.8,15.367895671781298
14.2,14.137881227266917
19.5,19.051409379258985
13.2,13.51163931042538
8.6,8.217045615194365
19.5,18.936036503640935
16.8,17.50190579352784
14.3,14.467856303264853
15.6,15.209405969711952
14.8,14.764315135245852
13.6,14.267722709342706
15.3,14.532730888662627
12.2,13.13059750283719
14.0,14.005128371842147
13.8,14.337027804172976
13.8,13.430506955774035
15.7,15.701255776541075
17.6,18.18270882437355
16.8,17.425212985428516
15.3,15.586810792132383
14.9,15.944980381496862
14.7,14.952499904524302
13.8,13.876600992574822
15.8,15.097140000696527
18.2,17.7226734275755
15.5,15.218986561660131
15.6,14.365671453611867
15.8,15.523434964270564
15.5,16.00534076668555
16.9,15.994800923857838
18.0,18.77519557744381
14.2,14.425523264420917
14.9,17.388088647916447
12.4,12.86374442910892
19.5,17.850233661883976
15.1,16.021438244497404
16.1,15.2178433642257
17.1,16.476986341591328
14.9,14.62763908476336
14.4,15.004353528784122
14.4,13.823764406224655
14.9,14.058195037854603
15.3,14.821795693962486
15.2,15.031104340276215
16.9,16.51489540041075
12.8,11.594914952351246
6.3,7.98181882314384
16.0,15.942275617213454
15.3,14.649764784035142
10.5,11.893595466797706
9.6,9.128883549186867
14.2,14.502145565427782
18.3,19.049264569504885
10.0,9.882208168972284
13.6,13.886950538810197
13.7,13.344806512322975
14.6,15.054568330706388
14.5,14.02720439035329
18.4,17.133738766540773
16.5,14.604322594037512
14.8,15.344185065949205
17.7,17.696376848296495
14.9,14.595759234704019
12.6,13.135886447445955
14.4,15.40437365489197
14.7,15.097726828913437
13.7,14.014389345509699
16.7,16.45514621615257
14.8,14.670418185618473
16.3,16.220721432910068
19.5,18.350392307751463
12.3,12.095645284693092
15.2,15.28524999829824
15.1,14.517827187450166
14.1,14.51131717354292
17.9,15.420896425383035
15.4,14.77043648500694
10.9,13.72093989214045
15.8,15.447809935896657
13.6,14.03560050955275
15.3,14.616819183895132
17.7,16.86808627276332
16.6,17.464684551698156
15.4,15.546774513102719
15.7,17.41983785518096
15.2,16.69828396156663
16.9,16.684498494301806
11.0,11.274717823544051
16.8,17.2138487767661
9.7,10.469588228035718
15.8,15.311388855217956
16.1,14.710510035689367
14.7,14.197701321478235
16.6,16.985319775563767
9.6,9.570061908714706
16.1,17.384218370047165
15.1,15.81345791923195
15.8,17.873516284947982
15.0,15.434590513556032
17.8,16.044827842415543
17.5,15.875916073448025
16.1,16.180160385585623
15.8,16.16326806062716
15.4,16.095458926898573
14.5,15.731087376450887
15.7,15.990429731318727
16.0,17.448711635632208
13.8,14.981931157090003
14.8,15.671034209550271
13.5,14.555497911002021
18.4,17.69975934183458
14.6,14.080063260218594
17.2,18.031269991857698
14.7,14.752075969037833
13.3,14.314989090838935
14.4,14.882281676007551
11.7,15.005675781983882
16.3,16.26736731090932
15.8,15.177366392395925
18.2,16.65351754898984
8.7,9.209958405175712
15.8,15.179415313967183
17.5,16.40090932525345
13.1,13.537997975945473
16.1,15.442705328719967
14.2,12.61287055752473
12.5,12.871986451500561
19.3,18.60732636382818
14.6,13.670503578323405
17.9,16.837915334108402
16.4,16.249492641421966
18.3,17.529174540301028
14.9,14.266620625785436
17.9,16.595944857021095
15.7,15.042501839168835
18.2,18.580867749173194
14.8,14.674973037530435
14.3,15.044012825990649
12.8,12.658656307961792
18.1,17.538388727029087
15.3,15.13798546718317
13.7,14.335817411832977
11.2,12.186756883169437
15.2,14.19731845764909
15.2,15.003956546483096
15.0,14.790437445190037
11.8,12.128905356425093
14.0,13.061985956010176
15.3,13.923096595914103
12.4,13.113997720764019
17.9,17.519815431794996
19.7,16.33153240836691
14.6,13.68498506094329
17.5,16.2767764297314
14.0,13.806832905556803
14.6,14.738675989938201
16.2,16.585333348091808
19.2,19.265896922152024
18.5,16.43152749008732
16.2,16.24419186124578
16.7,17.075492694919376
11.1,11.62295696156798
18.2,18.549379338190192
12.8,13.003125771589112
14.3,14.161601966512535
13.9,13.731884006403561
13.9,14.110291408338526
14.9,14.618076599901542
11.6,11.879750752879772
12.3,11.664420458604582
14.1,14.60858235109481
13.9,13.888724937540246
12.8,12.922161603553832
14.8,15.208787447656505
15.8,16.47382623978774
13.3,12.939119559770916
15.7,15.811569967365358
12.4,12.81038683472434
12.6,13.350147114921128
14.0,13.403689636405034
13.6,12.912055581342429
18.2,18.847944849723717
16.1,15.002076474309433
16.2,16.74144199269722
14.0,13.364753021509387
15.3,14.803781570255524
15.6,15.26089151299675
12.3,13.591887568385573
11.4,12.793408652592916
14.0,13.139369882585015
18.5,18.74065326494747
14.5,14.750366416095858
11.3,11.287589460320305
15.2,13.715085600910243
14.7,15.109989281161688
15.5,15.160494538751664
15.7,15.751617313209863
17.8,17.568646211497253
14.4,13.585495197447017
11.6,12.447309946588575
8.9,10.83364696596982
15.7,15.36248736322159
15.5,14.47303762354386
14.8,15.204845759362797
14.4,14.252679392031496
17.1,17.437117355759256
18.0,18.7661856628838
14.7,14.380495613648236
9.2,9.929451159317978
17.5,18.138377728304476
18.5,18.297436699591344
15.9,15.705253927915692
15.8,16.30892328664777
18.6,18.307089498470305
18.5,17.663863322959514
12.4,13.093114408053225
12.6,12.135641674074577
15.1,16.101242483069655
14.5,14.28467854813789
12.5,12.307518994639395
11.9,12.678328918267653
14.0,14.384772174182217
16.2,16.493989011010854
15.7,15.623675823706435
13.7,14.240966525714612
15.9,11.370158563164296
19.0,17.86956479293258
15.5,15.427470536043984
14.3,13.546439786330666
17.3,17.334867292200215
15.8,14.934468554827617
11.5,10.870242027540371
11.3,11.884412839572178
17.8,16.68820701094228
9.6,9.891135302488692
15.6,15.956788161711302
14.5,14.909270083880983
10.4,11.301710528030526
15.2,15.05823627821519
15.2,15.093883891448058
10.9,11.325445851223776
10.6,11.960563704371452
14.3,15.943148250626109
14.7,15.126732223376166
14.5,15.554643166455207
14.8,16.14695933664916
13.5,13.279039932182059
14.2,14.740112158200645
17.6,17.65617710222432
13.9,15.35323363043426
10.4,11.208563447900815
16.1,15.523771999869496
19.5,19.026785255075083
13.1,14.375784578471212
14.4,14.323320902243722
19.4,17.602471466409042
14.0,14.044314778759144
12.1,11.343075666318327
15.1,14.71320322738029
14.1,14.351036562700756
11.7,12.286140672978945
12.1,14.246629895613296
18.9,18.331627520907205
19.6,18.242845223197946
15.0,14.861299913143739
18.8,17.980512567213736
15.0,14.894728594939806
16.9,16.886497810512083
14.5,15.731886082779965
10.3,9.592358010995667
10.6,14.953105912078172
15.1,15.539752279466484
16.3,16.433528662280878
15.7,15.45815223956015
19.0,19.041221884690458
15.3,15.048080410084367
16.6,16.890749964441056
15.5,16.69855231101974
14.4,15.068108811290585
13.7,14.690907517686355
19.3,18.407638612086885
12.5,12.71238029145752
16.4,16.98865934991045
15.7,16.13736438639171
18.1,16.327264752588235
19.3,18.321363925759215
18.5,18.472310201905202
15.9,16.965566564409528
14.8,14.049772199683503
13.2,12.751285722770263
17.7,17.409813829057384
16.8,16.718147494655568
18.3,18.589082257793052
12.7,15.095744696853217
17.2,17.617948491300922
12.7,13.327073217340512
17.2,16.927300664770883
13.7,14.319826481922064
16.0,15.787651108257705
15.9,16.56372362314505
15.2,15.712338798184646
18.5,18.867980584851466
14.6,15.543977010645904
16.7,14.85897140391171
15.7,15.299471366370199
15.2,14.528125009295763
9.6,10.426574521989096
14.0,13.750351914408384
14.2,13.782975783979055
19.4,19.122768304368947
15.7,15.498706541984575
15.6,16.36195563178626
18.3,18.531982419488486
16.4,16.31375058129197
18.1,18.07138308940921
16.9,16.44303374530864
16.9,17.90391631665989
18.9,18.152202738958295
13.2,13.67047141600051
15.6,15.74860189339961
15.2,16.143944136885693
13.2,14.115530036651762
12.6,12.549329898320138
16.0,15.860628094436834
19.1,18.740774459030945
17.2,16.99882813982549
13.0,13.81388296111254
14.6,14.39510932966914
13.1,13.97229615948163
15.6,14.961045611451482
13.8,14.988823325722478
14.9,14.720462162309559
14.4,14.6278745723248
15.7,15.657898345234571
14.2,14.64040513317741
19.1,19.02562831560863
13.7,13.817749624839053
13.0,13.117003078077687
12.8,13.80618431197945
15.1,14.756557486840393
15.2,14.78338271001121
14.6,14.297498108928266
14.2,13.639033009676496
16.1,16.16688868892379
19.4,18.974542675336124
16.8,16.33335220189838
14.9,14.324873229808873
14.1,14.319590791972587
16.1,15.725860461649063
13.8,14.155361500772415
16.7,15.303473549080081
14.0,13.474845921620727
14.2,13.20852581543113
19.9,18.636229432493565
16.0,15.87149903536556
14.9,15.574592078808564
14.5,14.013851918571163
16.4,16.6437663319266
17.6,16.981210400088457
15.9,15.585872586118057
16.3,16.104050772002665
13.4,13.454678848996991
12.9,13.380512057163287
13.7,13.448817535017952
15.5,15.461246744322125
19.9,17.74068162110052
14.4,14.184485982754268
17.3,17.783217098854948
18.7,17.512583317700773
18.0,17.397522238816236
19.2,18.351436580880545
19.6,19.384228128474206
15.4,16.113902598473942
19.5,18.830429745750735
18.4,17.97318184148753
16.1,16.134101034724154
15.5,16.07910879069823
19.1,16.20936856991284
13.7,14.170477774987376
6.9,10.775313869060483
12.2,13.605897424829891
11.5,13.208571433136967
18.7,17.75152757152682
18.8,17.344838256336516
18.1,17.34712585838315
18.1,17.336409878513223
18.9,15.704043813282624
18.4,18.45279401773587
19.8,18.906913559825625
12.7,12.574396179785253
10.4,11.259517565602437
16.9,16.826756097900216
13.6,14.55275133770192
13.2,13.57763743342366
16.2,16.45863371572341
19.1,17.615255614568014
10.6,10.845547059667297
7.7,10.496033135685138
12.5,13.04981701343786
19.7,19.663247114251135
14.0,13.951267827162155
12.3,11.209144903055858
15.8,15.284231862318848
16.8,16.095147439220455
12.4,12.864692037226632
8.8,10.054229378176387
13.1,13.355591720761367
13.1,12.800522714916951
13.9,14.015457839448572
17.4,17.606833963800455
15.5,14.774006214924157
13.5,14.488865649909712
14.3,14.994590211135801
14.3,14.231676279741805
12.8,12.390280507068383
14.8,14.894704552949406
18.9,18.116611650562845
15.3,15.15137762069935
13.9,13.48435379460534
15.3,14.815731565991882
15.9,15.74411503484589
16.3,16.02441770734731
15.1,14.553757031157147
18.1,16.770713285284728
19.0,17.55314881139202
14.7,13.612410825444385
14.1,13.637583587162226
8.4,8.130870870785657
16.3,15.293672602550942
8.1,9.886355156166246
14.5,16.105081816320308
15.7,15.695645904983394
18.7,17.29141465606881
14.6,14.404398849321296
14.7,13.947560213477118
17.0,16.613069177692523
14.0,13.991961536987219
16.9,16.688797728333157
15.2,15.144029895196581
15.7,15.722285153353369
19.0,18.76723485760158
17.5,16.996590034890687
15.3,15.004575489063427
17.5,17.260135855496628
13.9,14.11319087303491
11.6,11.697695933899013
11.8,11.17304917643196
15.6,15.388337053795112
18.9,18.157328852277715
14.7,14.680077940050978
17.1,17.01030270382762
18.9,18.03550609847298
15.3,14.813088975672144
18.2,17.928258878877386
15.0,15.234024551289622
14.2,14.699265948322136
14.0,14.288815065781819
13.9,12.875872661097674
17.3,16.04075419745641
15.5,15.12155447647092
15.5,15.437754196293099
15.0,15.61373933368668
15.4,14.51178224827163
17.6,17.399715592968278
11.9,12.685013270645868
13.5,13.043772490913398
14.3,12.872519122931408
17.0,16.207930013861187
16.7,16.185782429383835
14.8,14.846596050658263
19.7,19.18649892869871
16.9,16.698496280791005
15.7,14.861849760607583
16.5,17.099550588143757
18.7,18.556237151497044
8.8,10.422468440956436
13.3,14.123426758655114
19.8,18.59838544705417
16.9,16.67053218150977
15.2,15.187836685829097
15.6,15.89633340333603
11.1,13.984501236409415
16.3,15.994319563760655
14.1,14.12484416821826
10.0,9.277210835542064
16.1,15.525108310277574
15.9,15.902029028951802
11.5,11.937655165966135
13.5,13.459596232976764
8.2,9.217622610682156
11.4,11.66638207939468
13.5,13.690026592368667
9.1,9.774446037248708
12.5,11.91079022033955
13.8,14.94820160596828
11.5,11.857761288410984
12.2,12.121208515716717
12.8,13.479630429414101
15.6,15.807872913170286
10.2,11.165268579992699
14.7,14.75607116271567
15.5,14.942271094536409
15.4,15.576955601136433
13.5,13.086259068455547
13.1,13.913133567231853
12.1,12.85123000270687
9.7,9.62968689864465
16.7,17.23141416053113
14.5,14.518784727959428
14.3,14.170894090497313
17.1,17.457995618522546
18.3,17.37309884064598
8.1,10.160156321711838
15.5,15.32703251753992
19.8,18.840648015757324
13.9,14.134878850192763
13.4,13.952483106730142
12.6,15.228308620426105
13.7,13.953671631204998
16.4,16.4493869887865
15.9,15.966412709465658
15.9,15.268904932017904
16.1,15.786533344455165
14.5,14.552701448503285
15.5,15.235744382302073
17.3,17.201747007318772
13.4,13.310778513281548
11.1,12.480358039349085
16.5,15.838664710521698
19.1,18.36053789249854
19.8,19.305923382926267
19.9,19.330522539341473
13.9,12.938677053200081
18.1,17.76411109865876
16.6,15.995844348391984
19.1,19.25032894220203
17.3,16.175423008360667
15.7,15.280063432524912
15.4,14.980236404056996
16.9,16.156792348861927
15.3,16.37797532638615
18.4,18.775333843455883
12.4,13.507609336695168
15.7,15.108098184025948
16.6,16.20557699917117
19.0,19.351909521734342
15.5,15.369596343749436
17.5,17.601374746216607
14.5,14.459868944250047
14.7,15.00163580775552
15.7,15.359868651336
16.8,14.899983604846057
13.5,12.9332995787845
19.4,18.589198202156695
12.8,13.032295687036822
13.7,14.44837797299624
14.2,14.604645992047153
18.0,17.257499901024858
14.3,14.722136963682715
16.8,17.61361174916965
15.8,14.926633962102642
15.0,14.834789427281066
15.9,15.731151367246639
14.9,14.283882195572005
15.0,15.071145387240904
16.3,15.156434558914043
15.3,14.085296340843342
18.4,18.025473149726167
16.8,14.986726461618673
17.8,18.01168018403405
14.0,13.614808621117845
13.7,13.481442257529125
15.8,16.24118779634955
19.4,16.257158355065258
13.5,12.85255373865948
17.8,16.681221505976282
10.3,9.800293397944188
14.5,14.162856700182601
6.8,9.701418599579483
12.9,12.596710144662211
15.4,14.729094413807616
13.9,13.559940112187178
10.4,9.633076247846475
17.2,16.820898360449064
17.0,16.762149714078987
15.7,14.258953989861766
14.8,13.2860780042829
13.6,13.697391991445329
14.3,14.542753186484333
14.1,14.206289887108142
12.6,12.699077512108488
18.7,18.24231526441872
8.5,10.545344710932113
8.7,9.749475367949344
8.4,10.21335500990972
17.5,17.819833517452935
15.6,14.787203044310445
14.0,13.59247009671526
15.6,15.270858729069005
7.9,7.856140736723319
13.1,12.673634375620168
13.9,14.156862065457972
15.3,15.14093461362063
9.9,9.27005430846475
15.0,15.218218889538548
14.6,14.783636871085037
14.1,14.05336927078315
14.6,14.137822180899093
14.8,15.065592667549936
15.9,14.718656065349933
15.2,15.06094045858481
16.9,17.08332444273401
16.3,16.135120054146682
9.4,11.581221499131061
13.9,14.356139871120831
11.4,10.907981012423988
14.2,14.402989534690278
15.9,15.34705405785644
6.6,7.385444092040416
13.5,13.812285049556522
16.0,15.57376186617148
11.8,11.32115968837752
15.9,15.394742760199733
11.9,11.855133880249923
11.5,13.32971586950589
17.2,16.607980852950277
16.2,15.89362667145906
15.3,14.677308820653707
14.4,14.39029518829193
15.7,15.916840918944217
12.8,13.399888675718103
18.3,18.713226346386364
16.3,16.107101343455724
11.6,12.24189576896606
16.2,16.985573215119075
13.1,13.298721231552918
17.2,17.53045291372473
16.4,15.899824892752804
18.6,17.725174494786188
15.6,16.531274827721063
11.3,11.460039894969668
16.5,15.88709691193435
15.1,16.89949089626316
17.0,16.083559451421024
14.7,14.883851765804138
16.6,15.787964116258081
16.1,15.812876799260266
15.4,15.26671522174729
14.3,14.535270148073323
14.9,14.556602212513098
16.3,17.010100693954882
12.5,15.008863634260706
15.7,15.445510006567929
14.9,14.566100429627113
14.0,13.866313033387996
16.6,16.40373688773252
8.9,10.032893309980864
9.9,10.755162811721675
17.2,16.885431812581373
14.9,15.975900421835831
13.7,14.391961093759164
18.1,18.10760022822069
19.5,19.349237964925123
18.4,18.354602826293558
15.3,15.472218804556178
14.8,14.59085286903428
15.4,15.153561622457346
14.8,14.465686081239255
19.3,19.146810364502016
17.9,18.41603417825536
17.2,17.609262526617385
18.9,18.34609463304514
16.3,16.327155927137937
17.8,18.32765943123377
19.6,18.250883592118043
15.6,15.792201877455227
13.7,13.858011045202147
16.7,16.57512357759697
15.5,15.71941017813515
16.2,16.171096902369754
19.9,18.800134159100708
14.7,14.531038246612297
10.0,10.266782948747277
9.1,9.639470379101112
18.2,18.35717910990934
19.5,18.998238503962057
14.9,14.830299476263463
14.5,14.232695192549727
16.3,16.651312665781006
14.8,14.572193809042801
