y_unc,xgb_oof
10.5,13.564257621765137
16.6,14.973522186279297
18.0,16.3277530670166
16.5,15.5531587600708
19.0,15.992006301879883
17.2,15.762579917907715
19.3,16.2725830078125
18.2,17.004247665405273
11.1,12.150675773620605
17.8,15.730045318603516
17.7,16.750904083251953
19.3,16.00153350830078
19.3,15.003639221191406
15.3,14.79446792602539
14.8,14.65528392791748
3.1,13.519102096557617
11.4,13.734231948852539
14.6,14.717367172241211
16.1,14.88661003112793
14.3,14.553868293762207
14.4,14.424816131591797
13.7,14.190136909484863
15.0,15.45248794555664
18.5,16.373046875
16.5,15.145411491394043
15.6,15.365619659423828
13.8,14.084451675415039
15.6,15.153254508972168
13.9,14.517523765563965
9.6,12.546520233154297
12.4,13.478800773620605
18.9,16.534744262695312
9.3,12.248968124389648
13.2,14.344524383544922
17.1,16.62689208984375
14.5,14.79067611694336
14.4,14.568846702575684
14.7,14.69797420501709
16.0,15.122858047485352
14.8,14.93941879272461
11.5,14.078289985656738
16.1,15.451181411743164
10.5,13.487639427185059
12.2,13.649031639099121
16.4,15.253742218017578
13.5,14.498405456542969
15.7,15.096887588500977
9.7,13.946962356567383
14.6,14.756006240844727
12.0,14.232748031616211
13.6,14.041178703308105
15.3,15.084583282470703
12.7,14.65383243560791
15.2,15.228339195251465
14.0,14.700868606567383
14.4,13.92077922821045
14.3,14.369235038757324
16.2,16.318117141723633
7.0,11.039920806884766
12.4,13.938272476196289
15.4,14.917593002319336
15.1,14.696532249450684
10.7,13.141157150268555
16.3,15.14333724975586
17.6,15.900140762329102
13.2,14.169708251953125
15.1,14.8336763381958
14.6,14.989837646484375
11.6,13.882500648498535
13.6,13.73040771484375
11.4,13.691082000732422
15.0,14.631600379943848
15.2,14.609220504760742
15.7,15.555936813354492
12.4,13.611885070800781
13.7,14.78003978729248
15.8,15.48228931427002
13.5,14.34724235534668
15.8,14.903451919555664
14.3,14.433622360229492
15.0,15.120322227478027
12.6,14.194275856018066
14.8,14.967785835266113
13.3,14.351414680480957
12.1,13.679600715637207
14.3,14.994288444519043
10.3,13.302729606628418
13.4,14.179954528808594
13.4,14.08340072631836
15.8,16.616073608398438
15.3,15.087032318115234
14.3,14.68309497833252
18.9,16.878000259399414
18.2,15.100845336914062
14.4,14.902790069580078
13.1,13.893730163574219
19.8,16.686681747436523
12.8,13.32514476776123
15.4,14.803028106689453
17.3,15.948888778686523
17.8,15.901779174804688
12.2,14.006000518798828
18.9,16.542198181152344
14.5,14.685541152954102
17.0,14.546463966369629
10.3,13.49155044555664
14.7,14.71979808807373
17.1,15.044618606567383
14.1,14.310516357421875
14.4,14.172438621520996
13.8,14.163362503051758
15.5,14.969986915588379
17.8,16.011775970458984
15.9,15.143328666687012
15.3,14.506887435913086
15.5,16.036235809326172
8.7,12.784049987792969
15.8,14.323892593383789
17.6,14.821232795715332
15.3,14.893560409545898
15.5,15.118049621582031
15.3,14.830573081970215
10.2,13.832072257995605
10.7,13.434678077697754
14.9,14.897417068481445
13.7,14.296178817749023
13.7,14.220260620117188
15.8,15.319051742553711
13.5,14.147343635559082
9.8,11.99510383605957
12.0,13.095396995544434
12.5,13.840850830078125
10.8,14.128353118896484
14.4,14.473821640014648
12.8,13.74388313293457
12.5,13.275934219360352
13.1,15.251554489135742
18.6,16.887765884399414
12.8,14.693902015686035
14.5,14.615806579589844
14.2,16.526670455932617
17.8,16.027660369873047
14.1,14.276040077209473
13.7,14.304621696472168
15.8,15.240283012390137
13.3,13.494379043579102
14.0,13.348402976989746
12.7,13.812054634094238
13.1,14.092708587646484
14.4,13.968145370483398
12.9,14.094138145446777
14.0,14.509369850158691
16.0,15.71541690826416
17.6,13.697932243347168
14.9,14.650028228759766
14.2,14.08464527130127
12.6,13.795511245727539
14.2,14.551154136657715
8.9,12.321308135986328
6.3,11.079374313354492
12.6,13.554060935974121
13.4,14.626236915588379
13.1,13.681071281433105
14.0,14.50413703918457
12.1,13.112725257873535
15.0,14.937036514282227
12.2,13.017068862915039
14.3,14.371926307678223
12.6,14.41350269317627
14.0,14.613008499145508
17.5,16.28293228149414
16.5,14.123541831970215
15.3,15.3051118850708
19.6,15.991166114807129
15.2,14.565556526184082
8.8,12.631182670593262
16.9,15.799312591552734
11.1,15.16842269897461
19.5,16.839859008789062
17.1,16.102123260498047
14.5,14.445098876953125
18.2,15.911264419555664
13.3,13.921337127685547
18.5,16.083337783813477
12.1,14.100791931152344
17.2,15.181258201599121
12.1,14.177515029907227
14.0,13.986001014709473
10.9,13.38808822631836
12.8,13.78213119506836
15.0,14.729463577270508
12.1,13.249197006225586
11.6,13.539868354797363
14.0,14.270062446594238
18.9,16.475173950195312
13.9,14.086674690246582
18.4,13.710989952087402
9.4,13.575047492980957
13.6,14.635802268981934
14.4,15.012578010559082
15.1,15.608442306518555
15.1,15.304920196533203
16.9,16.10730743408203
16.0,15.152623176574707
13.4,15.100306510925293
14.7,14.766138076782227
14.0,14.398256301879883
12.2,13.449042320251465
14.6,14.609358787536621
14.0,14.304936408996582
13.3,14.130966186523438
7.6,12.546459197998047
16.0,14.324873924255371
14.5,14.720088958740234
13.7,14.174878120422363
19.1,15.072769165039062
13.1,13.870046615600586
12.8,14.288758277893066
13.3,14.219422340393066
17.8,15.905043601989746
13.9,14.310641288757324
13.2,13.99045181274414
17.1,15.430465698242188
13.4,14.616546630859375
19.1,15.912718772888184
17.9,15.189958572387695
14.4,14.107625007629395
14.6,14.736681938171387
18.5,15.579761505126953
14.8,14.477142333984375
13.3,14.14913272857666
14.9,14.600926399230957
13.0,13.76722240447998
12.1,12.882522583007812
14.7,14.10957145690918
14.9,15.59833812713623
15.5,15.237611770629883
14.9,14.809614181518555
10.2,13.269120216369629
10.5,13.196111679077148
12.1,14.473933219909668
13.5,14.1635103225708
11.6,13.38579273223877
16.7,15.05558967590332
14.7,14.58709716796875
19.5,16.768585205078125
6.0,12.651457786560059
14.3,14.535804748535156
15.8,15.4260835647583
17.9,15.863723754882812
19.1,15.990843772888184
14.6,14.069555282592773
14.9,13.679192543029785
12.2,14.828043937683105
15.2,14.72669506072998
11.8,13.648844718933105
18.9,15.907509803771973
11.6,14.046660423278809
12.3,13.597548484802246
13.6,13.978570938110352
14.4,14.367304801940918
14.4,14.511831283569336
13.3,13.812127113342285
16.8,15.752816200256348
14.8,14.736536979675293
12.9,14.508402824401855
14.8,15.77614688873291
17.0,15.96465015411377
19.8,15.791406631469727
15.8,16.312999725341797
14.2,15.026698112487793
15.8,15.558429718017578
13.8,13.813920974731445
19.3,16.633865356445312
13.9,14.002229690551758
17.8,15.136704444885254
12.6,14.272915840148926
14.6,14.749676704406738
10.8,12.964971542358398
18.2,16.22368049621582
11.6,13.991156578063965
11.0,12.906411170959473
15.9,14.67613410949707
17.8,14.235407829284668
17.3,14.593969345092773
19.0,14.990140914916992
13.1,14.301794052124023
16.5,15.997980117797852
11.2,13.293352127075195
14.0,13.932930946350098
16.7,16.197410583496094
13.2,14.944707870483398
17.7,15.580984115600586
12.4,14.239109992980957
19.1,16.901365280151367
16.9,15.562797546386719
19.3,16.450037002563477
18.7,16.472362518310547
17.7,16.166763305664062
15.3,15.272106170654297
15.2,16.03782081604004
15.5,16.16903305053711
19.1,16.403398513793945
6.6,11.856555938720703
17.9,16.05674934387207
14.3,14.703367233276367
13.9,14.378528594970703
14.5,14.758115768432617
14.8,14.833056449890137
13.0,13.678068161010742
15.8,14.56775951385498
16.0,15.148009300231934
15.0,14.787799835205078
19.8,17.008756637573242
18.5,16.509750366210938
19.6,16.920907974243164
15.5,16.24127197265625
19.8,16.980823516845703
8.7,12.157296180725098
19.7,16.891132354736328
14.8,15.48025131225586
16.8,16.75421714782715
14.2,15.62221908569336
13.4,14.138304710388184
14.1,16.062774658203125
13.7,14.805339813232422
14.1,14.956798553466797
14.3,14.70444393157959
13.8,13.950206756591797
19.6,16.0067195892334
15.5,15.45823860168457
15.0,15.255456924438477
10.6,12.526543617248535
12.1,14.389044761657715
13.7,13.92920207977295
14.4,15.462170600891113
18.6,16.551542282104492
18.2,16.294979095458984
14.1,14.492040634155273
10.1,12.571924209594727
19.2,16.57510757446289
13.6,13.97883415222168
12.7,13.916692733764648
18.5,16.21986961364746
17.4,14.983804702758789
15.7,15.547608375549316
18.1,16.681438446044922
16.9,15.160385131835938
17.6,15.817150115966797
17.8,15.959335327148438
16.2,16.046981811523438
19.9,16.97408676147461
10.6,12.072729110717773
13.2,13.90149211883545
14.1,14.275632858276367
18.0,16.21411895751953
12.9,14.402824401855469
14.4,15.114571571350098
13.0,14.270604133605957
15.6,15.770630836486816
18.6,16.70646858215332
13.2,14.031569480895996
15.0,14.78527545928955
11.6,13.571385383605957
10.5,12.694759368896484
12.0,13.833575248718262
12.9,14.223830223083496
13.4,14.40992259979248
16.4,15.650741577148438
10.2,11.960894584655762
13.8,14.329065322875977
15.5,15.141403198242188
19.7,15.915117263793945
15.7,14.871660232543945
11.7,13.80257797241211
14.9,15.067451477050781
15.4,15.049064636230469
12.9,13.7826509475708
17.2,14.830821990966797
16.9,15.107929229736328
16.7,15.187223434448242
13.7,14.538731575012207
18.3,15.956672668457031
19.4,16.400224685668945
15.1,14.712491035461426
15.9,14.90427303314209
12.5,13.683302879333496
15.3,14.638426780700684
8.6,11.694740295410156
12.9,13.820695877075195
12.6,14.347214698791504
11.6,13.610236167907715
13.7,14.51072883605957
15.1,14.588522911071777
15.4,15.346200942993164
14.8,14.466278076171875
13.0,14.01526927947998
15.2,14.809574127197266
14.8,14.642473220825195
14.9,14.602068901062012
12.7,14.20768928527832
15.1,14.67432975769043
14.4,14.431276321411133
14.3,14.343701362609863
14.0,14.271501541137695
19.5,16.51319694519043
15.2,14.452725410461426
16.2,15.68272876739502
13.0,13.748589515686035
18.1,14.94385051727295
16.4,15.634458541870117
12.9,14.27901840209961
14.3,14.45058822631836
15.2,14.866786003112793
14.7,14.989386558532715
15.6,14.590835571289062
16.8,15.589055061340332
18.7,14.465267181396484
19.3,15.667339324951172
16.0,15.445901870727539
16.9,16.00057601928711
14.1,15.022151947021484
15.5,14.961997985839844
14.5,14.74771785736084
14.4,14.335794448852539
15.0,14.32852554321289
15.5,15.423232078552246
17.8,15.129196166992188
12.8,14.37337589263916
11.5,14.273456573486328
14.2,14.625104904174805
15.1,15.092976570129395
14.8,15.106294631958008
13.7,15.136366844177246
12.6,13.937440872192383
14.9,14.77891731262207
7.2,13.096368789672852
16.0,15.611916542053223
13.8,13.673429489135742
13.5,14.92298698425293
15.0,15.058788299560547
15.5,16.269092559814453
14.2,14.608860969543457
13.0,12.90423583984375
13.9,15.839483261108398
15.2,14.493003845214844
19.3,16.285367965698242
13.3,13.236574172973633
16.4,15.694396018981934
14.5,14.680495262145996
16.1,15.681022644042969
14.0,14.812413215637207
14.9,14.868195533752441
15.0,15.024349212646484
12.9,15.2513427734375
6.9,10.882425308227539
15.0,14.969888687133789
14.8,15.862752914428711
13.1,14.064579010009766
6.1,12.987442016601562
14.1,14.296232223510742
14.7,15.177752494812012
12.2,13.602392196655273
14.5,14.7526273727417
14.7,14.477392196655273
14.4,15.16842269897461
15.1,15.284272193908691
14.7,14.593499183654785
16.1,16.071273803710938
6.8,13.906423568725586
13.9,14.952778816223145
15.0,15.410728454589844
13.8,15.016966819763184
17.9,15.735992431640625
10.9,13.784318923950195
15.4,13.654168128967285
16.3,15.14333724975586
14.2,14.801684379577637
15.9,15.700091361999512
12.3,13.696369171142578
9.1,12.119610786437988
10.2,13.007593154907227
15.8,15.170303344726562
15.2,14.761579513549805
16.0,15.649626731872559
14.2,14.83313274383545
14.4,14.956153869628906
11.7,13.406936645507812
14.4,14.540714263916016
16.6,15.406803131103516
14.8,14.696976661682129
16.1,15.602339744567871
14.6,14.542978286743164
18.2,16.380950927734375
16.4,15.365507125854492
14.5,14.940790176391602
15.7,15.108633041381836
15.8,15.25467300415039
10.2,13.373133659362793
15.6,14.747188568115234
15.1,14.551055908203125
15.3,14.887503623962402
9.8,12.527226448059082
9.5,13.365983963012695
17.8,15.51373291015625
11.1,13.702412605285645
5.3,11.504693984985352
13.1,14.458022117614746
15.5,14.903361320495605
11.7,13.503548622131348
12.4,15.043375968933105
14.9,14.774775505065918
15.5,14.718343734741211
14.6,14.748082160949707
15.6,14.89770221710205
15.1,14.99303150177002
14.3,14.435839653015137
18.3,14.770062446594238
15.8,15.126744270324707
16.2,15.097987174987793
17.6,15.70486831665039
14.1,14.36623764038086
16.6,15.592355728149414
19.5,16.83280372619629
14.7,14.676257133483887
14.4,14.504626274108887
17.0,15.980306625366211
15.5,14.682759284973145
18.1,16.744108200073242
13.1,14.330886840820312
14.7,14.561086654663086
14.6,14.690978050231934
12.6,12.92852783203125
15.0,14.85654067993164
14.3,13.683389663696289
8.9,11.652870178222656
13.2,14.670736312866211
6.9,11.782379150390625
12.2,14.643007278442383
14.1,14.404214859008789
17.6,16.69856071472168
14.7,14.743401527404785
14.3,14.82828426361084
13.8,14.091032981872559
10.1,12.550596237182617
14.0,14.18144416809082
11.3,12.318819046020508
17.9,16.51449203491211
13.1,13.322966575622559
14.7,14.681532859802246
15.2,14.763672828674316
16.5,15.155352592468262
13.7,13.70293140411377
16.6,15.904951095581055
15.1,14.434684753417969
15.2,15.87220573425293
14.1,14.309886932373047
13.7,14.43077564239502
19.4,16.53152084350586
19.5,16.638463973999023
11.2,13.138717651367188
14.4,14.681074142456055
17.5,16.036718368530273
13.5,14.069656372070312
16.4,15.694704055786133
16.2,15.511470794677734
15.3,14.932689666748047
13.6,14.419814109802246
12.9,13.843727111816406
12.3,13.861031532287598
13.7,14.422971725463867
13.8,14.866143226623535
13.9,13.979557037353516
12.7,13.854470252990723
14.9,15.104388236999512
14.3,15.402631759643555
14.5,15.167418479919434
18.0,16.230316162109375
13.2,14.306807518005371
14.9,15.164602279663086
10.9,14.187516212463379
12.0,13.776692390441895
14.1,13.870466232299805
12.7,13.447565078735352
10.7,13.312710762023926
14.0,14.505022048950195
11.6,12.636862754821777
14.1,14.630183219909668
14.5,14.793732643127441
12.0,14.071176528930664
13.5,14.190519332885742
14.2,14.101656913757324
16.5,15.514486312866211
17.7,16.577999114990234
11.8,13.62996768951416
13.7,14.640140533447266
13.8,14.395462989807129
15.4,14.584589958190918
14.8,14.289552688598633
14.9,14.600555419921875
11.7,13.964944839477539
13.0,13.951258659362793
11.7,13.820229530334473
13.4,14.351030349731445
12.4,13.542244911193848
6.0,12.377490997314453
10.8,12.407794952392578
11.9,13.490653991699219
13.3,14.484374046325684
13.1,12.998017311096191
11.6,13.57421588897705
19.1,16.721946716308594
15.0,14.751361846923828
12.2,13.5228853225708
10.2,12.674983978271484
12.0,13.803448677062988
14.6,14.754904747009277
13.5,14.302104949951172
14.0,14.673202514648438
10.0,13.359249114990234
19.6,16.83978843688965
14.5,14.749582290649414
19.2,16.513608932495117
15.0,14.665040016174316
15.1,14.701102256774902
13.3,14.401442527770996
11.3,12.063836097717285
14.0,14.46035385131836
13.7,14.064337730407715
14.2,14.434475898742676
14.6,14.53908634185791
18.3,16.333677291870117
14.3,14.696213722229004
11.1,13.56629753112793
14.2,13.94696044921875
16.9,15.952475547790527
14.4,14.636103630065918
13.3,14.275737762451172
16.0,15.963834762573242
13.6,15.11839485168457
13.5,14.570703506469727
14.0,15.157605171203613
11.3,13.359825134277344
19.9,16.845081329345703
16.8,15.017946243286133
16.5,15.10485553741455
10.2,14.117569923400879
11.6,14.964227676391602
13.8,14.30743408203125
18.9,16.97433090209961
17.1,15.878178596496582
13.5,14.362151145935059
16.0,15.124675750732422
15.9,15.747028350830078
15.7,14.825444221496582
19.9,16.972129821777344
16.6,15.684588432312012
15.0,14.493279457092285
17.3,16.04205322265625
15.7,15.101838111877441
10.1,13.751238822937012
15.7,15.336349487304688
10.2,13.740371704101562
16.1,15.397911071777344
10.5,12.442809104919434
14.6,16.193851470947266
14.4,14.49423599243164
15.0,15.287652015686035
18.0,16.371768951416016
14.3,14.536584854125977
14.5,14.671564102172852
17.4,16.20163345336914
12.3,13.952286720275879
14.8,14.79699993133545
15.1,14.982275009155273
19.4,16.580171585083008
13.6,14.30349349975586
4.6,11.791711807250977
11.1,13.745383262634277
14.3,14.626477241516113
16.8,16.32009506225586
12.8,13.763598442077637
15.1,13.91135311126709
14.2,13.910224914550781
13.2,13.250568389892578
15.8,14.767684936523438
13.4,13.546974182128906
15.9,15.272717475891113
18.4,16.367488861083984
17.9,16.287803649902344
13.6,13.783489227294922
12.9,13.474682807922363
14.2,14.514015197753906
10.9,13.421956062316895
14.3,14.329445838928223
15.6,15.553801536560059
4.1,11.41651439666748
13.8,14.313239097595215
19.2,16.994369506835938
13.5,14.49596118927002
14.3,14.280927658081055
10.5,13.561761856079102
14.0,15.001681327819824
19.9,17.058094024658203
14.0,14.157544136047363
19.8,16.940797805786133
16.2,15.438810348510742
5.7,13.03966236114502
15.0,15.07544231414795
15.2,14.859715461730957
12.0,15.598191261291504
17.0,15.568495750427246
15.7,15.140403747558594
17.6,14.366650581359863
14.5,14.50642204284668
15.2,15.443642616271973
13.7,13.986124038696289
16.4,15.51158618927002
11.7,14.14365005493164
14.6,15.431905746459961
15.1,14.759356498718262
13.8,14.49354362487793
15.4,14.824382781982422
14.6,14.462759971618652
14.8,16.106502532958984
18.7,15.278085708618164
18.7,16.334922790527344
13.3,15.809989929199219
16.0,15.554519653320312
19.2,16.285293579101562
11.8,13.425127029418945
13.3,14.124903678894043
12.2,13.924166679382324
12.8,14.35715103149414
16.5,15.820113182067871
15.4,14.930513381958008
16.0,15.620416641235352
16.0,15.391525268554688
18.3,16.21578598022461
15.3,15.364310264587402
19.3,16.14896583557129
11.5,14.587044715881348
14.2,14.391212463378906
19.0,15.833019256591797
15.6,14.705445289611816
14.3,13.898609161376953
12.8,13.785818099975586
18.1,16.528940200805664
13.6,14.902674674987793
10.9,13.190003395080566
17.8,16.066225051879883
17.2,15.551100730895996
18.0,14.804746627807617
14.7,15.39294147491455
15.5,15.516584396362305
10.3,14.22179889678955
12.0,14.26235294342041
15.6,14.668148040771484
12.1,13.70135498046875
14.2,15.983133316040039
13.2,13.921028137207031
15.6,14.863399505615234
10.9,13.577657699584961
8.4,10.9467191696167
15.1,14.911775588989258
14.6,14.709500312805176
12.9,13.927010536193848
14.0,14.068832397460938
16.2,15.395231246948242
13.7,14.537440299987793
13.6,14.417556762695312
14.3,14.752751350402832
18.4,16.955839157104492
12.4,13.74490737915039
11.7,13.479034423828125
19.5,16.72518539428711
16.0,15.14333724975586
15.9,15.377037048339844
19.3,16.850543975830078
18.6,16.546039581298828
18.3,15.382682800292969
19.8,16.889572143554688
13.2,15.180753707885742
19.8,16.822174072265625
13.3,13.993443489074707
19.0,16.871173858642578
6.1,13.523646354675293
14.0,14.662569999694824
13.5,14.578492164611816
14.8,14.872079849243164
14.8,15.277166366577148
17.6,16.703266143798828
19.0,16.96291160583496
17.6,16.186416625976562
14.6,15.874568939208984
8.1,12.281572341918945
14.6,14.806774139404297
14.1,15.104034423828125
15.2,15.33267593383789
14.3,14.536693572998047
11.8,13.744248390197754
15.0,15.07645034790039
13.2,14.084029197692871
12.1,14.007305145263672
12.6,14.065292358398438
14.2,14.48405647277832
10.9,13.230447769165039
11.9,14.251211166381836
14.1,14.138714790344238
15.3,14.916386604309082
17.0,15.468603134155273
15.4,15.108633041381836
13.8,14.158424377441406
18.2,16.668333053588867
12.4,14.266804695129395
15.3,15.456424713134766
13.2,16.078269958496094
16.7,15.54127311706543
19.5,16.800682067871094
17.8,16.209077835083008
15.2,15.330892562866211
13.3,15.32758617401123
19.6,16.682296752929688
13.9,14.433037757873535
14.3,14.810032844543457
6.4,11.933460235595703
18.9,16.510921478271484
15.9,15.303384780883789
13.5,14.383585929870605
16.0,15.5499849319458
14.3,14.601759910583496
16.7,15.296236991882324
15.0,14.775221824645996
16.9,16.17918586730957
11.3,13.512153625488281
19.0,16.913286209106445
15.0,14.855487823486328
15.4,14.863568305969238
16.6,15.834427833557129
19.4,16.6674861907959
18.7,16.554515838623047
15.6,14.772583961486816
16.0,15.424942970275879
14.8,14.981529235839844
16.4,14.987587928771973
14.0,14.712871551513672
16.0,15.264595031738281
13.6,13.337455749511719
16.4,15.988670349121094
16.8,15.242070198059082
15.6,14.976408958435059
19.5,16.318559646606445
11.6,13.824179649353027
19.7,16.182111740112305
19.3,16.66722869873047
15.0,15.490147590637207
16.1,14.716165542602539
13.8,14.787832260131836
16.5,15.290464401245117
16.8,15.90953254699707
15.4,15.032981872558594
5.0,12.009703636169434
13.2,13.288249015808105
18.1,16.402502059936523
15.3,14.731679916381836
13.8,13.963369369506836
16.8,15.485608100891113
15.6,15.068731307983398
15.5,15.199776649475098
19.6,16.702041625976562
15.3,15.060750007629395
15.9,14.88964557647705
18.5,16.53887176513672
15.4,15.202104568481445
15.3,15.245413780212402
15.6,14.746638298034668
16.7,15.519172668457031
15.0,14.682784080505371
17.3,14.980112075805664
16.8,15.630446434020996
9.8,12.617019653320312
15.0,14.84829330444336
19.0,15.6353178024292
13.4,14.292447090148926
17.1,16.36774444580078
14.0,14.495296478271484
14.6,14.756326675415039
13.2,14.311858177185059
17.2,16.121170043945312
11.8,13.814915657043457
14.0,14.384391784667969
15.7,15.606470108032227
16.1,14.771553993225098
14.7,15.117429733276367
14.7,14.807880401611328
15.9,14.359892845153809
14.5,14.653423309326172
12.4,13.924874305725098
15.4,15.265328407287598
13.7,14.895621299743652
15.0,14.888043403625488
16.1,15.192503929138184
16.0,14.594554901123047
19.2,16.706209182739258
13.3,14.098919868469238
14.6,15.135330200195312
14.3,14.62908935546875
13.4,13.5411376953125
13.7,13.724042892456055
11.5,13.895489692687988
14.8,14.554950714111328
18.3,16.355443954467773
12.7,13.978389739990234
13.9,14.682842254638672
12.8,14.13219928741455
14.5,14.581865310668945
13.9,14.555782318115234
14.2,14.283197402954102
14.2,14.458334922790527
14.5,14.421248435974121
12.9,14.72729206085205
15.5,15.690837860107422
18.8,16.671634674072266
19.7,17.023515701293945
19.7,16.68052864074707
14.6,14.654019355773926
15.1,14.798683166503906
14.8,14.482234954833984
14.2,14.686437606811523
13.9,15.397211074829102
14.5,14.493297576904297
15.0,14.72654914855957
18.1,16.430171966552734
12.6,14.642868995666504
9.9,12.65233039855957
15.5,15.072807312011719
6.0,10.954194068908691
15.5,15.559289932250977
13.3,14.005879402160645
10.5,14.81984806060791
12.4,13.926593780517578
15.3,14.835244178771973
16.6,15.610533714294434
14.6,14.699159622192383
14.4,14.373788833618164
14.8,14.857536315917969
14.4,14.541522979736328
16.1,15.108914375305176
13.6,14.212104797363281
7.7,12.13076400756836
5.3,13.815347671508789
14.7,15.085119247436523
14.5,14.59121322631836
14.8,14.902235984802246
13.9,15.074287414550781
14.5,14.682927131652832
15.0,14.897819519042969
12.6,13.983528137207031
17.9,15.845414161682129
15.4,14.849787712097168
13.2,14.933341026306152
10.7,13.325494766235352
8.0,13.79951286315918
18.7,16.69101333618164
17.4,16.03124237060547
17.3,16.30654525756836
11.7,14.281034469604492
18.5,15.394166946411133
13.4,14.688786506652832
14.7,15.231313705444336
15.1,15.134754180908203
12.8,13.868040084838867
15.1,15.086437225341797
16.7,15.727607727050781
14.0,14.518855094909668
8.8,12.754448890686035
15.7,15.16842269897461
18.4,14.721511840820312
13.5,13.734881401062012
16.3,15.591814041137695
13.2,13.687902450561523
13.8,14.025928497314453
14.5,14.655289649963379
15.6,15.209490776062012
13.0,14.094683647155762
18.1,15.63379955291748
15.5,14.650386810302734
5.6,11.12060546875
10.8,13.468433380126953
12.9,14.038359642028809
14.9,14.7448091506958
18.6,16.73976707458496
14.8,14.96724796295166
18.2,16.47292709350586
18.9,14.6471586227417
12.0,13.588845252990723
17.4,16.2528133392334
14.7,15.358771324157715
13.3,14.852643966674805
15.6,15.28866195678711
15.3,14.72144889831543
15.9,14.756888389587402
12.5,14.464345932006836
15.6,15.175040245056152
15.4,14.892356872558594
16.7,14.866804122924805
15.5,15.215177536010742
10.5,13.507905006408691
11.8,13.020636558532715
17.4,16.051668167114258
14.4,14.619843482971191
15.7,15.055155754089355
15.4,15.680314064025879
9.3,13.757800102233887
12.0,13.710466384887695
16.1,15.366521835327148
15.0,15.009932518005371
4.3,12.632882118225098
14.3,14.4022216796875
11.5,13.47819709777832
13.8,14.549703598022461
13.8,15.069677352905273
16.4,14.060080528259277
17.0,16.366790771484375
15.2,14.90773868560791
14.9,14.795374870300293
11.6,13.507344245910645
13.0,13.969096183776855
12.2,14.186546325683594
13.4,14.64111328125
14.8,14.16884708404541
8.8,12.559768676757812
13.8,13.946281433105469
14.9,15.507110595703125
12.0,13.461454391479492
14.4,14.527178764343262
15.1,15.266136169433594
14.0,14.127955436706543
8.5,12.188262939453125
15.0,14.369927406311035
14.6,14.754692077636719
17.7,16.023038864135742
15.4,14.908610343933105
17.7,14.303262710571289
17.0,15.866491317749023
14.1,14.729235649108887
16.7,15.198748588562012
14.2,15.137364387512207
15.9,15.372041702270508
13.1,14.132706642150879
12.9,14.032940864562988
14.3,14.794634819030762
16.0,15.110001564025879
5.9,11.450580596923828
15.2,14.733203887939453
11.6,13.307133674621582
6.1,14.11924934387207
11.5,13.526694297790527
13.9,14.73587703704834
13.8,14.344320297241211
13.3,14.240459442138672
14.1,14.144455909729004
19.9,16.113554000854492
13.8,14.15498161315918
14.2,14.66325569152832
12.7,13.945880889892578
11.5,13.69437026977539
12.6,13.76075553894043
6.1,11.787239074707031
14.2,14.429152488708496
14.9,14.617690086364746
13.9,14.446845054626465
15.2,14.82993221282959
12.8,13.854777336120605
14.6,14.891312599182129
15.0,14.592561721801758
15.4,14.9296875
14.4,14.526593208312988
16.2,15.119450569152832
14.1,14.66788101196289
14.6,14.479926109313965
15.0,14.764728546142578
10.4,12.511015892028809
15.2,15.292390823364258
13.7,15.343734741210938
14.8,14.228994369506836
10.1,13.089950561523438
10.9,13.095362663269043
10.2,13.350698471069336
17.1,16.220916748046875
12.1,13.369843482971191
14.2,14.435036659240723
13.6,14.663243293762207
16.3,15.23552131652832
11.9,13.830160140991211
11.6,13.749159812927246
8.8,13.62446117401123
17.7,16.322540283203125
12.8,14.031173706054688
15.7,15.557549476623535
15.1,14.837957382202148
14.8,14.644586563110352
14.3,14.661849021911621
9.8,12.776923179626465
19.2,16.086795806884766
11.2,12.585886001586914
17.1,16.063257217407227
15.2,15.867757797241211
15.9,15.075033187866211
7.1,11.377044677734375
12.6,13.962129592895508
12.7,14.049590110778809
10.1,14.365876197814941
13.2,15.13854694366455
16.5,15.760668754577637
14.7,14.662327766418457
15.0,15.147555351257324
14.8,14.811776161193848
18.1,16.18657684326172
14.5,14.70106029510498
14.2,14.474987983703613
17.1,15.718602180480957
15.9,14.956887245178223
16.5,14.779403686523438
13.1,14.545537948608398
12.5,13.709455490112305
14.8,14.768400192260742
14.3,14.441777229309082
14.0,14.307441711425781
12.5,14.599926948547363
14.1,14.149900436401367
13.2,14.400634765625
9.9,12.52352237701416
12.3,13.419876098632812
13.2,14.176822662353516
16.8,15.727944374084473
15.3,14.927138328552246
17.7,16.385679244995117
10.2,12.755393981933594
15.4,15.30087661743164
19.5,17.036802291870117
15.2,14.742740631103516
15.2,14.926965713500977
15.7,14.8863525390625
17.4,15.214363098144531
14.8,15.354960441589355
16.6,15.904062271118164
11.0,13.678947448730469
14.5,14.690935134887695
14.2,15.056597709655762
17.3,16.612552642822266
16.7,15.711263656616211
19.1,16.764514923095703
10.7,13.066475868225098
12.8,13.877259254455566
15.0,14.943028450012207
16.2,15.73354434967041
11.0,13.565164566040039
12.8,13.377132415771484
15.2,15.602598190307617
14.6,14.576165199279785
14.0,14.89685344696045
14.3,14.41068172454834
15.4,13.710104942321777
13.9,14.298935890197754
13.6,14.060626029968262
14.0,14.917503356933594
13.8,14.855978012084961
15.5,14.912394523620605
18.9,16.5365047454834
11.6,13.422480583190918
14.9,14.567408561706543
15.5,15.047281265258789
15.0,14.939779281616211
13.7,14.756489753723145
13.1,13.937990188598633
13.3,14.486814498901367
10.6,13.649654388427734
12.2,14.681145668029785
12.1,13.447357177734375
14.2,14.385265350341797
10.4,12.803468704223633
15.6,14.983022689819336
17.9,16.29201889038086
16.3,16.347593307495117
15.5,14.879615783691406
13.5,15.10620403289795
14.5,15.729582786560059
10.4,13.489250183105469
12.7,14.571562767028809
13.3,15.021529197692871
11.6,13.857972145080566
13.4,14.370147705078125
16.1,15.60873794555664
13.2,13.411276817321777
13.2,14.55951976776123
13.7,14.799446105957031
18.6,14.271040916442871
13.1,14.237045288085938
19.8,16.614505767822266
13.1,13.931899070739746
15.4,14.898892402648926
13.9,14.388570785522461
14.0,14.237225532531738
15.0,15.074536323547363
14.7,14.812066078186035
18.0,16.42885971069336
19.8,16.657323837280273
16.1,14.820070266723633
15.2,14.7555513381958
13.2,14.48607349395752
15.2,15.158782958984375
15.5,14.88138484954834
16.8,14.839031219482422
13.1,13.966588973999023
19.9,16.725833892822266
12.7,14.568614959716797
17.4,16.10271453857422
18.3,16.6767578125
12.9,13.569031715393066
16.7,15.264665603637695
12.8,15.237629890441895
15.8,15.14333724975586
19.7,16.910606384277344
19.5,16.617568969726562
19.5,16.762773513793945
14.5,15.245855331420898
15.2,15.264116287231445
13.3,13.97354507446289
11.5,13.059965133666992
15.3,15.203219413757324
14.0,14.456632614135742
10.8,15.046441078186035
15.7,15.346556663513184
18.6,14.13149356842041
16.4,14.711162567138672
14.7,14.664143562316895
15.2,15.224653244018555
16.9,15.63355827331543
19.0,16.137210845947266
15.0,14.757471084594727
12.9,13.848043441772461
12.7,13.83781909942627
13.1,14.068207740783691
13.4,14.261070251464844
12.0,13.572687149047852
16.0,15.246392250061035
12.5,13.662521362304688
14.3,14.597223281860352
14.6,14.997197151184082
14.1,14.822036743164062
13.7,14.20335865020752
18.3,16.177549362182617
13.9,14.434979438781738
13.8,13.938928604125977
14.4,14.310449600219727
15.5,15.442336082458496
12.8,13.622604370117188
15.6,15.389415740966797
12.5,13.466178894042969
10.5,13.51253604888916
9.3,11.332459449768066
12.4,13.849382400512695
14.6,14.605639457702637
18.1,16.07457733154297
13.5,14.796005249023438
17.7,16.463369369506836
14.9,15.173868179321289
14.2,14.4407958984375
15.8,15.14643383026123
14.9,14.873929977416992
18.1,14.735570907592773
13.8,14.497015953063965
10.4,14.834372520446777
15.6,16.09566879272461
15.4,14.946772575378418
13.9,14.410012245178223
13.0,13.834257125854492
13.1,14.993624687194824
11.2,13.659132957458496
10.0,12.944847106933594
16.2,15.442585945129395
12.5,13.776639938354492
11.9,13.949178695678711
12.6,13.548624038696289
13.6,14.106606483459473
12.6,14.430954933166504
15.4,15.209108352661133
18.7,16.61191177368164
12.5,14.197176933288574
13.1,14.28714656829834
16.2,15.81183910369873
12.2,13.559868812561035
11.2,12.77446174621582
13.2,13.773810386657715
14.9,14.241825103759766
15.9,15.16842269897461
16.6,15.802005767822266
19.9,17.040443420410156
15.3,14.860737800598145
13.8,13.971776008605957
15.2,14.578436851501465
14.2,14.463699340820312
13.3,13.931221961975098
17.6,14.870538711547852
18.5,16.233922958374023
15.4,14.90851879119873
13.8,14.134052276611328
16.9,15.239045143127441
16.6,15.574224472045898
13.7,14.149685859680176
14.5,14.751079559326172
14.6,14.472661972045898
16.2,15.286425590515137
14.8,14.691032409667969
16.7,15.89744758605957
18.6,16.44876480102539
17.7,16.440296173095703
15.6,15.05689811706543
13.1,14.067964553833008
11.2,12.546602249145508
13.7,14.413070678710938
16.2,15.672196388244629
14.7,14.91369915008545
14.2,14.677680015563965
16.2,15.227184295654297
14.7,14.713484764099121
13.5,14.134255409240723
16.3,15.431700706481934
14.7,14.731377601623535
14.2,14.276342391967773
13.1,14.530776023864746
15.9,15.555200576782227
14.7,14.862736701965332
11.1,12.919354438781738
14.3,14.624444007873535
13.5,14.037221908569336
12.8,14.324501037597656
11.2,14.243675231933594
11.9,14.234830856323242
15.4,14.920825004577637
15.5,15.232447624206543
18.6,15.129136085510254
13.2,14.240143775939941
15.6,15.102962493896484
15.3,14.647380828857422
17.1,13.495387077331543
17.5,16.37871551513672
19.1,16.44475555419922
12.9,14.080940246582031
14.6,14.94373607635498
12.1,13.550408363342285
15.3,14.840078353881836
14.1,14.688373565673828
14.6,14.954808235168457
15.0,14.816850662231445
13.2,14.092987060546875
15.7,14.991559982299805
13.3,14.01706600189209
11.6,14.611284255981445
12.6,14.420158386230469
13.6,14.117037773132324
14.6,14.779454231262207
15.5,15.334871292114258
14.7,15.582196235656738
13.5,13.802059173583984
13.7,14.045244216918945
10.4,13.367259979248047
13.7,13.726990699768066
14.4,14.39098834991455
18.8,16.028560638427734
14.9,14.491510391235352
19.2,15.984890937805176
15.0,14.535743713378906
14.2,14.57098388671875
14.4,14.163772583007812
14.4,14.39511489868164
10.0,13.914530754089355
14.6,14.363941192626953
13.7,14.37450122833252
9.4,13.056800842285156
15.5,14.209577560424805
14.8,14.493483543395996
12.2,14.28750228881836
13.8,14.159721374511719
18.0,16.525188446044922
13.0,15.068704605102539
14.3,15.265098571777344
11.9,13.531713485717773
14.1,14.324926376342773
14.4,14.910059928894043
15.1,14.813875198364258
14.1,14.44498348236084
12.0,13.864550590515137
2.9,13.533084869384766
11.6,14.255322456359863
13.0,14.391446113586426
14.6,15.062244415283203
18.4,15.616828918457031
18.6,16.74570655822754
15.2,14.25523853302002
11.6,13.876266479492188
11.2,13.683826446533203
14.8,14.267719268798828
19.6,16.84475326538086
19.4,16.473308563232422
17.5,15.787860870361328
19.0,16.800609588623047
11.4,13.5746488571167
9.7,14.484284400939941
15.1,15.830606460571289
14.7,14.669679641723633
10.2,13.190042495727539
12.8,13.967597961425781
14.3,15.369251251220703
18.2,16.530651092529297
17.4,15.17489242553711
15.4,15.17424488067627
19.6,16.6838436126709
14.2,14.50007438659668
15.0,15.39055061340332
16.8,15.944664001464844
14.0,14.124756813049316
16.6,14.10987663269043
14.2,14.63154411315918
15.8,14.958173751831055
14.6,14.767093658447266
14.9,14.77007007598877
15.2,14.604948997497559
17.8,16.536054611206055
14.0,13.736658096313477
15.8,16.13894271850586
15.2,15.086490631103516
14.0,14.877874374389648
15.5,14.949628829956055
14.0,15.006117820739746
14.3,14.196738243103027
13.5,13.827169418334961
14.9,13.358592987060547
15.1,14.194005966186523
17.1,16.171512603759766
13.2,14.680989265441895
11.2,14.856406211853027
16.7,15.604178428649902
15.5,14.820300102233887
9.6,12.916409492492676
16.4,15.827858924865723
14.5,14.922040939331055
7.9,12.612668991088867
12.6,13.867446899414062
15.6,14.853029251098633
15.1,15.352319717407227
19.8,16.944738388061523
19.3,16.82221031188965
17.9,15.836666107177734
17.0,15.195080757141113
15.6,14.846420288085938
19.7,16.861072540283203
11.9,13.157612800598145
19.8,16.647367477416992
14.9,14.903071403503418
15.8,14.588479042053223
16.1,15.838440895080566
14.9,14.573442459106445
17.8,16.70090675354004
13.5,13.990035057067871
13.7,15.130073547363281
11.8,13.73926067352295
13.9,14.661752700805664
13.0,13.852754592895508
12.2,13.621506690979004
19.6,16.146406173706055
13.9,14.794191360473633
10.4,13.041372299194336
11.6,13.617691993713379
10.4,12.80936050415039
13.1,14.437018394470215
14.5,14.955253601074219
13.8,14.81607437133789
14.7,14.809754371643066
15.4,15.167953491210938
14.1,14.132966995239258
15.9,15.430832862854004
11.9,13.765131950378418
14.5,14.521109580993652
11.3,13.632312774658203
15.6,14.513734817504883
15.7,14.6865873336792
13.1,13.940608024597168
14.4,14.406028747558594
14.8,14.817683219909668
16.0,15.584291458129883
17.3,14.803927421569824
12.6,13.993124961853027
14.9,14.770807266235352
8.8,12.515443801879883
19.1,15.451011657714844
12.9,13.942008972167969
12.4,14.041276931762695
14.7,14.59283447265625
15.3,14.850808143615723
18.0,16.81629753112793
15.6,15.052312850952148
15.0,14.825068473815918
8.1,13.902801513671875
18.6,16.25012969970703
15.3,15.225600242614746
14.4,15.11772632598877
12.4,14.33816909790039
14.8,14.631178855895996
17.8,15.560169219970703
14.1,14.69283676147461
13.4,14.42290210723877
13.8,14.891291618347168
11.4,13.053266525268555
13.0,14.062912940979004
13.3,14.235145568847656
16.5,15.077467918395996
16.7,15.592325210571289
14.8,14.560728073120117
19.8,17.0217342376709
14.6,15.133094787597656
14.3,14.930583000183105
19.3,16.516870498657227
13.7,13.857346534729004
19.4,15.740250587463379
9.3,14.192567825317383
18.8,16.45008087158203
17.6,15.590058326721191
18.4,16.550695419311523
18.9,16.240055084228516
19.9,16.806289672851562
19.0,16.588088989257812
14.2,15.270367622375488
10.8,13.836945533752441
17.7,16.13606071472168
7.2,11.059510231018066
13.4,15.00064468383789
15.5,15.054022789001465
16.4,16.12213706970215
5.3,13.848455429077148
17.0,16.015104293823242
14.5,14.362005233764648
10.3,13.572766304016113
15.4,15.095039367675781
16.2,15.116288185119629
15.6,15.178096771240234
18.9,16.725418090820312
15.1,14.970020294189453
14.9,15.72242546081543
14.0,14.554292678833008
19.9,16.994369506835938
13.6,14.351741790771484
12.9,14.830059051513672
11.8,13.681640625
12.9,13.972709655761719
16.7,14.566904067993164
15.4,15.119242668151855
15.4,15.19459342956543
13.6,13.867178916931152
16.7,16.745134353637695
16.4,15.078457832336426
10.1,14.503832817077637
18.7,16.692378997802734
14.1,14.51428508758545
15.6,14.765729904174805
19.3,16.849502563476562
14.1,14.297898292541504
19.8,16.99492645263672
19.4,16.83234405517578
17.0,16.196571350097656
14.8,15.12744140625
15.4,15.175201416015625
16.5,15.623797416687012
14.1,14.503313064575195
15.3,14.931071281433105
17.6,14.431221008300781
19.0,16.501811981201172
18.7,16.719402313232422
14.7,14.769018173217773
19.5,16.36674690246582
19.6,16.856836318969727
19.7,17.042007446289062
13.9,14.610488891601562
19.7,16.7678165435791
17.9,16.513023376464844
18.0,16.495319366455078
15.1,15.823567390441895
19.6,16.95024871826172
15.5,14.889608383178711
19.5,16.839120864868164
15.3,15.349570274353027
18.4,16.607757568359375
18.1,16.648508071899414
16.1,16.068645477294922
16.1,15.173460960388184
16.3,16.039012908935547
19.4,16.896156311035156
18.9,16.84663963317871
13.7,14.241981506347656
18.5,16.345869064331055
17.4,15.664782524108887
15.5,14.848600387573242
19.4,16.20653533935547
19.8,16.28958511352539
15.5,14.189997673034668
15.7,14.835539817810059
15.2,14.624690055847168
15.5,15.192034721374512
18.1,16.921897888183594
14.4,14.46045207977295
16.1,14.964688301086426
16.5,16.009477615356445
16.8,15.648547172546387
16.2,14.885374069213867
17.6,15.735050201416016
10.6,12.722622871398926
14.4,14.103324890136719
16.0,15.056668281555176
16.1,15.785677909851074
14.0,14.843839645385742
13.4,14.684723854064941
13.5,13.9690523147583
17.2,16.30773162841797
11.0,14.565452575683594
8.5,12.450321197509766
17.1,14.698715209960938
13.5,14.487096786499023
18.4,16.574018478393555
16.7,16.288667678833008
17.8,15.812911987304688
16.2,15.852445602416992
17.3,16.31316566467285
19.1,16.503793716430664
17.1,15.979879379272461
15.6,14.764537811279297
15.5,15.14333724975586
16.8,15.555383682250977
18.9,16.872333526611328
12.5,13.895012855529785
12.2,13.422182083129883
12.6,13.7108154296875
14.9,14.703357696533203
14.8,13.897706031799316
14.1,14.543729782104492
13.0,14.998969078063965
13.3,13.745016098022461
13.8,14.473692893981934
10.2,13.314595222473145
19.2,16.833189010620117
16.7,15.675328254699707
15.1,15.345291137695312
14.9,14.810918807983398
12.7,14.047795295715332
17.3,16.088905334472656
13.8,14.658740997314453
14.5,15.015690803527832
16.0,15.478738784790039
15.1,14.994685173034668
17.7,16.603626251220703
16.2,15.616580963134766
16.0,15.153254508972168
12.7,14.085037231445312
14.7,15.0241117477417
16.2,15.217120170593262
12.7,13.724383354187012
16.2,15.547542572021484
16.8,15.487298011779785
15.5,14.850966453552246
15.5,15.23926830291748
10.7,13.159074783325195
16.9,15.600278854370117
18.3,16.798864364624023
16.2,16.25003433227539
16.2,15.70938777923584
12.7,13.679774284362793
17.9,16.28783416748047
16.6,15.874077796936035
13.1,14.167790412902832
15.4,15.552740097045898
17.9,15.894583702087402
18.3,16.369373321533203
12.1,15.727865219116211
19.5,16.712993621826172
14.7,14.75475788116455
14.7,14.690768241882324
14.7,14.466517448425293
16.1,15.442882537841797
13.9,15.084334373474121
15.9,15.277508735656738
12.4,13.712570190429688
16.6,15.470076560974121
13.2,15.38134765625
18.3,16.366230010986328
16.2,15.896742820739746
17.6,16.28152847290039
16.7,16.355724334716797
18.9,15.929365158081055
19.7,16.40548324584961
17.2,16.102521896362305
16.2,15.70703125
19.2,16.479516983032227
14.0,14.951604843139648
14.8,14.890515327453613
15.0,14.968406677246094
15.7,15.406925201416016
17.1,15.858488082885742
18.2,16.159107208251953
19.6,16.688982009887695
15.3,15.14333724975586
12.9,15.191908836364746
15.4,14.980611801147461
10.9,13.882189750671387
15.1,15.465149879455566
18.4,16.255874633789062
14.1,14.682294845581055
17.3,16.10991096496582
13.3,14.482821464538574
9.4,12.677802085876465
17.1,16.171932220458984
14.7,14.842155456542969
10.2,11.759679794311523
15.3,14.868239402770996
16.0,16.307573318481445
12.8,14.025420188903809
13.8,14.733681678771973
14.2,15.313090324401855
10.6,13.1840181350708
19.2,16.267898559570312
18.9,16.454898834228516
13.7,14.479949951171875
14.8,14.78116512298584
16.5,15.845138549804688
15.8,14.89295482635498
14.6,14.620078086853027
13.5,14.584562301635742
13.3,14.307563781738281
14.3,14.566083908081055
17.1,16.066875457763672
12.0,13.774084091186523
16.4,15.869495391845703
15.2,14.8523530960083
18.3,16.582992553710938
13.8,14.818109512329102
15.5,14.864590644836426
19.2,15.434016227722168
19.2,16.556312561035156
19.0,15.538322448730469
16.9,16.312366485595703
18.4,16.51753807067871
8.5,12.820374488830566
13.4,15.075377464294434
14.1,16.25279998779297
15.0,14.849364280700684
19.3,16.658679962158203
15.3,15.21142292022705
15.8,15.685598373413086
17.8,16.381210327148438
14.2,14.681877136230469
15.7,15.25417709350586
13.6,14.276865005493164
14.2,15.10151195526123
14.5,15.5819091796875
14.3,14.32376480102539
19.2,16.38924217224121
18.0,14.845736503601074
12.3,13.460537910461426
12.8,13.632798194885254
13.7,14.256819725036621
15.6,15.66465950012207
13.8,13.596805572509766
14.2,14.489233016967773
13.2,14.79442024230957
14.1,14.812044143676758
14.1,14.705763816833496
17.0,16.453907012939453
18.0,15.852883338928223
12.2,13.648119926452637
14.5,14.801023483276367
18.7,16.21372413635254
14.8,14.935307502746582
12.8,14.025391578674316
16.5,15.217120170593262
17.7,16.717731475830078
13.2,13.84574031829834
12.5,14.213584899902344
19.1,16.557249069213867
14.4,14.518363952636719
16.2,15.375303268432617
9.3,12.852723121643066
12.5,14.065442085266113
13.3,13.651395797729492
14.9,14.478222846984863
18.3,15.765751838684082
13.9,14.25648021697998
11.8,13.618309020996094
18.8,16.819738388061523
15.9,14.773999214172363
16.1,15.415144920349121
15.5,14.931379318237305
15.7,14.548391342163086
16.5,16.172754287719727
15.2,14.642097473144531
16.1,16.269197463989258
14.1,14.532304763793945
10.4,12.798103332519531
17.9,16.041637420654297
15.2,14.429163932800293
17.4,16.884708404541016
15.1,15.176178932189941
14.3,14.957886695861816
19.0,16.291576385498047
15.5,15.1281156539917
17.4,15.545242309570312
14.9,14.71550178527832
17.3,15.846304893493652
14.1,14.19250202178955
18.1,16.84022331237793
15.5,15.107751846313477
14.1,13.473617553710938
15.0,14.967044830322266
15.7,14.497282981872559
15.9,15.172599792480469
10.3,13.69758415222168
17.3,15.290560722351074
15.8,15.35397720336914
13.6,15.295397758483887
15.1,14.723738670349121
14.9,14.578425407409668
13.7,14.457313537597656
18.0,15.773479461669922
19.3,16.536794662475586
16.4,13.891968727111816
12.7,13.945730209350586
19.1,16.588579177856445
14.3,15.16253662109375
9.4,14.21298599243164
13.2,14.743607521057129
17.7,16.214622497558594
14.5,14.40475845336914
16.7,14.88912582397461
11.1,12.750911712646484
19.0,16.464765548706055
16.1,14.995816230773926
14.2,14.537625312805176
12.6,13.929810523986816
15.7,14.986172676086426
15.4,14.947648048400879
16.0,14.605929374694824
11.5,13.519696235656738
13.2,14.014446258544922
14.1,14.670066833496094
16.2,15.550747871398926
14.0,13.965801239013672
13.1,16.157642364501953
14.4,14.503340721130371
18.3,13.864444732666016
15.6,15.234332084655762
13.5,14.96976089477539
15.0,14.638747215270996
13.6,14.613226890563965
12.8,14.526580810546875
13.7,13.99809455871582
15.0,14.651463508605957
16.4,15.539814949035645
19.0,16.922237396240234
12.6,13.710329055786133
18.4,15.184568405151367
17.4,14.982281684875488
15.1,14.912039756774902
15.7,14.937420845031738
15.4,16.49077033996582
15.6,15.224589347839355
18.9,16.20223045349121
13.7,14.347212791442871
19.2,15.092767715454102
15.6,15.638284683227539
17.7,14.750839233398438
13.2,13.962897300720215
18.0,15.704655647277832
15.0,14.704136848449707
12.0,14.174440383911133
14.7,14.727988243103027
14.9,14.93654727935791
14.7,15.371265411376953
16.3,16.473426818847656
19.2,15.674175262451172
13.8,14.048694610595703
4.2,13.266473770141602
12.6,14.22189712524414
14.4,15.007364273071289
16.9,15.010244369506836
8.8,13.281563758850098
15.5,14.757623672485352
12.6,13.247296333312988
17.7,15.65603256225586
14.9,14.816991806030273
16.7,14.868298530578613
14.9,14.868779182434082
14.6,15.220386505126953
15.6,14.165786743164062
13.0,13.878528594970703
15.8,14.253422737121582
15.0,14.720541954040527
17.8,16.486949920654297
18.5,16.2967472076416
13.2,14.069440841674805
18.1,16.41397476196289
13.8,14.404020309448242
16.3,14.935227394104004
15.6,15.200912475585938
10.9,13.418537139892578
17.7,15.489518165588379
15.5,14.802796363830566
15.2,14.788095474243164
15.1,14.729305267333984
15.1,15.371499061584473
9.0,11.640668869018555
13.4,14.173776626586914
12.9,14.188569068908691
15.4,14.18932056427002
11.9,13.929581642150879
14.3,14.644126892089844
14.9,15.435811042785645
12.9,13.998679161071777
15.3,14.707351684570312
15.9,14.84998893737793
15.7,15.300243377685547
14.7,14.912657737731934
13.9,14.040223121643066
15.5,14.941774368286133
17.1,15.787860870361328
10.8,14.433958053588867
16.2,15.53825569152832
17.0,15.754965782165527
16.6,15.801454544067383
14.7,15.78126049041748
16.0,15.192034721374512
14.4,14.663833618164062
14.5,14.616548538208008
16.3,14.848774909973145
18.1,16.948673248291016
17.4,16.222970962524414
16.0,15.058086395263672
13.1,14.096335411071777
16.3,15.036824226379395
15.4,14.474010467529297
18.9,16.736783981323242
19.4,16.715702056884766
15.9,15.15787410736084
17.2,15.897336959838867
17.2,15.89684009552002
15.0,15.46617317199707
13.9,15.047720909118652
15.8,15.819601058959961
13.6,15.04417896270752
16.0,16.08571434020996
16.9,15.320685386657715
12.2,14.685419082641602
17.2,15.470848083496094
14.9,14.853822708129883
16.7,15.1719970703125
14.5,14.736471176147461
14.0,14.480896949768066
16.9,15.232263565063477
11.3,12.633365631103516
18.4,16.053974151611328
19.2,16.244213104248047
13.6,14.707462310791016
13.2,13.56619930267334
15.0,14.60324478149414
15.1,14.833703994750977
13.2,14.31409740447998
16.5,15.305296897888184
7.5,11.61672592163086
11.0,13.336130142211914
14.6,14.642129898071289
15.0,14.675162315368652
15.8,15.514693260192871
15.2,15.403058052062988
19.7,17.02648162841797
14.2,15.46701431274414
14.5,14.6524076461792
12.8,13.823972702026367
17.1,15.296050071716309
14.7,14.505841255187988
13.4,14.396678924560547
16.1,15.278054237365723
15.6,15.424574851989746
14.9,14.582269668579102
12.2,13.084932327270508
15.3,14.787959098815918
15.0,15.115335464477539
13.5,14.251321792602539
15.1,14.718408584594727
14.9,14.736734390258789
16.0,15.176684379577637
18.5,16.3386173248291
13.5,14.560334205627441
15.5,15.039098739624023
15.4,15.131178855895996
10.8,13.798616409301758
19.3,16.158977508544922
19.0,15.720645904541016
13.5,15.18502426147461
15.5,14.321080207824707
19.2,16.566694259643555
14.8,14.388036727905273
13.9,15.082282066345215
11.7,13.430482864379883
14.8,14.661009788513184
16.4,15.837626457214355
15.4,14.874191284179688
15.5,14.477006912231445
15.9,15.492534637451172
16.6,15.764741897583008
15.1,15.014508247375488
11.6,12.553349494934082
12.8,13.984965324401855
17.2,15.69222640991211
14.0,14.490509033203125
16.3,15.235075950622559
17.8,16.17546272277832
19.5,16.9619140625
10.4,13.218324661254883
10.0,13.478182792663574
13.3,13.624506950378418
12.5,13.519685745239258
17.9,16.278030395507812
16.0,15.349714279174805
13.5,15.112485885620117
13.4,13.89476203918457
11.6,13.512279510498047
14.3,15.349916458129883
16.2,15.34085750579834
14.4,14.74574089050293
13.6,14.223762512207031
15.3,14.7701416015625
15.4,15.065760612487793
19.2,16.2471866607666
16.2,15.103042602539062
14.4,14.680035591125488
13.2,14.64780330657959
14.8,14.619518280029297
16.7,16.2194881439209
16.4,15.653761863708496
15.2,14.549034118652344
12.0,13.672212600708008
18.0,15.828437805175781
13.6,14.413578987121582
16.2,15.457611083984375
13.6,14.273478507995605
13.6,14.32717514038086
14.4,14.260418891906738
14.4,14.640848159790039
14.7,14.934212684631348
10.4,12.875727653503418
11.5,13.651805877685547
15.9,15.36316967010498
16.8,15.51695442199707
19.6,16.89388084411621
13.9,14.636924743652344
15.0,15.176652908325195
12.8,14.08053970336914
15.4,15.24871826171875
12.7,14.153063774108887
15.7,15.147431373596191
17.1,16.033893585205078
15.1,15.468973159790039
15.7,14.781416893005371
17.4,15.456258773803711
14.5,14.539093017578125
13.6,14.336761474609375
13.0,14.009811401367188
15.8,15.498627662658691
13.0,14.00257396697998
13.6,14.497039794921875
17.5,16.04672622680664
18.3,16.428970336914062
16.1,14.824429512023926
14.9,15.057662010192871
13.3,13.814759254455566
19.8,16.71384620666504
14.5,14.443428993225098
17.4,16.33953285217285
15.3,15.07351303100586
17.3,16.256847381591797
19.5,16.617084503173828
17.7,16.42716407775879
13.2,14.30048942565918
9.9,14.099072456359863
14.9,14.877561569213867
19.4,16.913394927978516
19.4,16.89286994934082
19.1,16.779207229614258
14.6,14.729114532470703
12.7,13.866515159606934
13.1,13.748764991760254
15.0,15.139911651611328
5.5,11.000782012939453
17.0,15.957598686218262
13.9,15.346539497375488
13.7,14.390320777893066
11.3,13.172013282775879
19.5,17.058149337768555
15.8,14.814468383789062
14.9,14.79275894165039
18.1,16.636539459228516
15.2,15.255216598510742
13.3,14.888626098632812
18.0,16.52937889099121
14.2,14.818400382995605
12.4,13.533004760742188
12.8,14.013328552246094
13.2,14.28220272064209
14.9,14.70693302154541
14.7,14.573445320129395
17.0,15.831757545471191
10.1,12.457789421081543
13.1,13.125749588012695
18.9,16.91818618774414
19.5,16.941667556762695
17.5,15.883511543273926
8.7,12.523347854614258
14.7,14.969334602355957
17.2,16.1503849029541
12.3,13.183219909667969
15.2,15.501127243041992
18.0,15.695053100585938
10.1,12.995468139648438
13.2,14.220595359802246
11.3,13.269607543945312
13.6,14.322710990905762
14.4,14.95830249786377
14.9,14.255746841430664
14.7,14.455452919006348
11.2,13.463179588317871
6.3,11.544488906860352
15.6,14.953749656677246
16.4,15.230796813964844
16.5,15.587276458740234
14.8,15.118613243103027
9.7,13.304668426513672
13.6,14.048995971679688
17.6,16.25348663330078
14.3,14.664237022399902
19.4,15.671354293823242
14.8,14.682831764221191
13.2,14.416668891906738
15.7,15.496624946594238
15.0,14.969185829162598
12.0,14.101334571838379
14.5,14.501054763793945
16.4,15.428751945495605
7.6,11.911287307739258
16.7,16.519845962524414
14.6,14.510592460632324
15.7,15.29185962677002
14.6,14.588318824768066
11.6,13.78308391571045
13.4,14.306029319763184
14.4,14.450233459472656
15.6,14.690300941467285
14.1,14.614574432373047
13.0,13.644139289855957
13.1,14.129189491271973
15.0,15.148283958435059
8.9,12.302885055541992
15.9,15.223160743713379
19.8,16.9562931060791
6.2,12.163992881774902
13.7,14.312647819519043
14.9,14.848799705505371
12.6,13.66987419128418
13.7,14.54251766204834
11.0,13.302691459655762
15.3,15.041171073913574
13.3,13.839799880981445
15.7,14.85619068145752
8.8,16.241954803466797
7.4,12.352023124694824
15.5,15.210123062133789
12.8,13.833242416381836
15.2,14.875356674194336
11.3,14.433600425720215
10.6,13.334673881530762
14.2,15.143861770629883
8.8,12.910955429077148
16.8,15.776698112487793
11.7,13.348570823669434
13.9,14.884576797485352
11.4,13.48365592956543
14.6,14.275506973266602
13.1,15.533180236816406
15.1,14.830642700195312
15.0,14.789072036743164
8.1,11.70348072052002
14.9,14.667494773864746
14.9,14.659743309020996
16.9,15.213144302368164
18.1,15.581199645996094
15.5,15.113276481628418
12.0,15.144856452941895
17.9,16.075824737548828
14.5,14.491049766540527
18.4,15.887457847595215
15.1,14.674882888793945
15.4,15.570023536682129
15.5,16.108922958374023
12.9,15.291726112365723
16.8,15.92430305480957
17.6,16.45549774169922
12.6,13.34731388092041
13.4,13.90521240234375
8.7,12.609784126281738
10.9,12.897026062011719
18.3,15.967305183410645
14.6,14.66219425201416
14.3,14.324893951416016
15.3,14.87844467163086
13.4,14.831280708312988
11.5,13.405959129333496
15.6,15.033602714538574
13.4,14.40541934967041
6.3,11.62718677520752
10.4,12.905233383178711
16.4,15.004364013671875
9.9,13.710926055908203
15.2,15.180204391479492
15.0,14.849613189697266
15.8,15.213796615600586
11.3,13.954057693481445
13.2,14.09875202178955
11.9,13.064650535583496
16.7,15.038424491882324
13.2,13.948590278625488
16.5,15.526840209960938
9.6,13.106210708618164
15.5,14.965482711791992
13.6,14.717646598815918
9.1,13.426790237426758
13.7,13.973806381225586
12.9,13.764833450317383
19.2,16.31585693359375
15.0,14.720187187194824
18.1,16.465219497680664
11.4,15.485562324523926
15.1,14.77007007598877
13.4,14.157929420471191
12.3,13.690847396850586
14.0,14.965801239013672
15.7,15.00715446472168
12.5,14.261932373046875
16.0,15.199058532714844
13.0,14.162981986999512
13.2,14.111587524414062
15.8,15.304289817810059
14.2,14.339111328125
12.6,14.49308967590332
14.3,14.626948356628418
16.1,15.420992851257324
19.3,16.59561538696289
8.8,11.839876174926758
14.7,15.09831714630127
14.0,14.587575912475586
12.6,14.087218284606934
14.6,14.62004566192627
13.7,14.188907623291016
14.9,14.782267570495605
18.3,16.24187469482422
15.1,14.949507713317871
15.3,15.150547981262207
15.8,15.27355670928955
14.0,14.32050895690918
17.7,16.051593780517578
14.4,14.34589958190918
14.0,14.637046813964844
19.1,16.68390464782715
14.6,14.274840354919434
14.0,14.399863243103027
13.7,14.459524154663086
14.3,14.10889720916748
13.1,13.419893264770508
13.3,14.736851692199707
9.0,12.511579513549805
13.3,13.988120079040527
15.1,14.81458854675293
12.0,14.208742141723633
11.8,14.283573150634766
14.0,14.792027473449707
15.0,14.830158233642578
13.2,14.395386695861816
13.8,13.770606994628906
15.3,16.06733512878418
15.4,14.817228317260742
14.6,14.327754974365234
15.6,14.992621421813965
12.9,13.917581558227539
15.1,14.791886329650879
12.3,13.805769920349121
16.5,15.82667350769043
14.8,14.609536170959473
14.8,14.583425521850586
13.5,14.344524383544922
9.9,13.726713180541992
12.4,13.657267570495605
14.0,14.16208553314209
9.9,13.362024307250977
12.3,14.053581237792969
14.4,14.670658111572266
17.5,16.095911026000977
11.2,14.268104553222656
12.3,13.154650688171387
18.0,15.798471450805664
15.4,14.851856231689453
18.0,16.665800094604492
14.9,15.504546165466309
13.8,14.19217300415039
13.9,14.482078552246094
14.3,15.232215881347656
16.2,15.918481826782227
14.7,14.727831840515137
12.9,13.407636642456055
13.6,14.57450008392334
15.2,15.124675750732422
16.6,15.764063835144043
14.7,14.677179336547852
11.6,13.680498123168945
13.1,13.509024620056152
18.4,15.900527000427246
14.7,14.776410102844238
9.9,12.290473937988281
10.8,13.448070526123047
9.8,13.326800346374512
12.9,13.783005714416504
13.3,14.080833435058594
11.9,13.739428520202637
19.4,16.941232681274414
9.9,12.395744323730469
18.6,15.819768905639648
14.4,14.73944091796875
16.7,15.444267272949219
14.1,14.683823585510254
16.1,14.61872386932373
13.9,14.492388725280762
15.1,14.993990898132324
19.1,16.457794189453125
14.9,15.402825355529785
14.0,14.455269813537598
15.0,14.837071418762207
19.2,16.67304039001465
13.1,13.991554260253906
13.5,14.184399604797363
12.4,14.555388450622559
14.8,14.866806030273438
14.8,14.873235702514648
14.0,14.815917015075684
9.7,13.159760475158691
15.7,14.83574390411377
14.2,14.691553115844727
14.3,14.608851432800293
13.2,14.094124794006348
15.5,15.512895584106445
16.9,16.582015991210938
12.6,13.991677284240723
7.2,12.92101001739502
13.4,14.295278549194336
13.7,14.242255210876465
13.6,14.00634479522705
12.5,13.907927513122559
1.0,11.913984298706055
18.5,15.10620403289795
13.7,14.205318450927734
15.1,14.74386978149414
17.8,16.40418815612793
13.8,14.279309272766113
14.7,14.906293869018555
14.3,14.481928825378418
15.2,14.76166820526123
14.9,14.55461597442627
8.6,12.968088150024414
15.4,15.152000427246094
14.8,14.692035675048828
9.7,13.182140350341797
15.6,15.345120429992676
18.2,15.202260971069336
15.1,14.766439437866211
17.2,15.31456184387207
18.2,16.278762817382812
14.8,14.864381790161133
8.9,12.994606971740723
14.7,14.554868698120117
11.9,14.331521034240723
15.3,15.168966293334961
15.5,15.754756927490234
14.7,14.70782470703125
13.8,14.377484321594238
5.5,11.712594985961914
14.9,15.122106552124023
10.5,13.153284072875977
19.5,16.750118255615234
8.7,13.002382278442383
9.9,15.431076049804688
14.2,13.925058364868164
14.2,15.744317054748535
18.1,16.826234817504883
16.5,16.225507736206055
17.9,15.955172538757324
17.2,16.56003189086914
17.4,16.72100067138672
16.3,15.373298645019531
15.3,14.530472755432129
16.0,14.087597846984863
16.1,14.54699420928955
12.9,14.143274307250977
11.8,13.814065933227539
17.6,16.20929718017578
13.0,13.986541748046875
13.9,14.853913307189941
10.5,12.989421844482422
15.9,16.62511444091797
11.1,13.873381614685059
15.5,14.804777145385742
13.7,14.15449333190918
12.0,13.900559425354004
13.0,13.88309383392334
14.9,14.736348152160645
14.7,14.550857543945312
14.2,14.608729362487793
15.3,14.828144073486328
16.0,15.141963005065918
15.2,15.126408576965332
12.4,13.602328300476074
11.2,13.882126808166504
7.7,13.232486724853516
12.5,14.207771301269531
19.9,16.980051040649414
16.7,14.353466987609863
14.3,14.596516609191895
14.8,15.181425094604492
17.7,15.37596321105957
18.3,16.00873374938965
11.2,13.380152702331543
16.0,15.200689315795898
18.4,16.653518676757812
14.9,15.04940128326416
18.4,15.980464935302734
14.2,14.964801788330078
12.4,14.099369049072266
16.8,15.921442031860352
13.2,14.330936431884766
15.3,14.820624351501465
15.5,14.843768119812012
19.6,16.94521141052246
15.1,14.804965019226074
12.0,13.730748176574707
9.1,11.916511535644531
13.9,14.436554908752441
17.2,14.125123023986816
17.3,16.56615447998047
16.2,15.457525253295898
19.9,16.42484474182129
17.3,16.288414001464844
15.6,15.124293327331543
12.4,13.592958450317383
16.6,15.637555122375488
15.1,14.333468437194824
14.3,14.518427848815918
10.2,13.292862892150879
13.6,14.449102401733398
14.9,15.015730857849121
11.4,14.5858793258667
12.7,14.160727500915527
13.3,15.061223030090332
15.1,14.762660026550293
13.9,13.902926445007324
15.1,14.691993713378906
16.4,15.184560775756836
18.0,16.978321075439453
14.6,14.744060516357422
12.6,14.53413200378418
14.6,15.06828784942627
13.8,14.30580997467041
15.9,15.715511322021484
17.8,14.79920768737793
16.8,15.462611198425293
15.7,15.419220924377441
18.3,14.087658882141113
15.0,15.393049240112305
17.2,14.575122833251953
15.8,15.16300106048584
11.2,13.805471420288086
18.5,16.695444107055664
14.5,14.569167137145996
13.8,14.395650863647461
17.0,15.665950775146484
16.4,15.450541496276855
12.6,15.212029457092285
19.2,15.81785774230957
16.8,15.707911491394043
18.7,15.67749309539795
16.5,15.568535804748535
11.9,12.858309745788574
16.4,15.004903793334961
15.7,14.480027198791504
16.4,15.376309394836426
17.7,15.634700775146484
14.5,15.059640884399414
14.2,14.733981132507324
17.0,15.678264617919922
16.2,15.129646301269531
15.1,14.594727516174316
14.7,14.602243423461914
11.7,14.528002738952637
15.4,14.924047470092773
13.6,14.96075439453125
17.7,16.58550262451172
19.6,16.462284088134766
9.4,13.527291297912598
19.4,16.91101837158203
16.0,14.69640064239502
9.1,12.57180118560791
13.6,14.344991683959961
14.5,14.219470024108887
16.8,14.655427932739258
19.4,16.90927505493164
19.5,16.884885787963867
18.5,16.182697296142578
17.7,16.059505462646484
11.3,13.352568626403809
18.0,15.791620254516602
14.1,14.327384948730469
17.4,16.138057708740234
15.1,14.893314361572266
5.9,11.180248260498047
14.9,15.056321144104004
15.6,14.989532470703125
16.0,15.354525566101074
14.5,14.284478187561035
18.0,16.299375534057617
19.6,16.86476707458496
15.3,14.946915626525879
19.3,16.885034561157227
15.7,15.094905853271484
14.8,14.814739227294922
16.2,15.63284683227539
13.1,13.801159858703613
17.3,16.579530715942383
14.0,15.061956405639648
14.8,15.44221019744873
13.5,14.829934120178223
19.0,16.766590118408203
16.3,15.71778678894043
16.1,15.435076713562012
16.2,15.535215377807617
12.5,13.771947860717773
15.7,15.087818145751953
18.6,16.354206085205078
16.7,15.673819541931152
16.5,15.686779022216797
15.5,15.709005355834961
15.1,14.670565605163574
5.2,10.837274551391602
12.4,14.621484756469727
16.4,15.610302925109863
15.6,15.095905303955078
16.1,15.583666801452637
19.6,16.55765151977539
13.3,14.85568618774414
17.3,15.992585182189941
15.3,15.25557804107666
15.8,15.73825740814209
15.0,14.779336929321289
8.2,13.165350914001465
14.1,14.731242179870605
3.8,14.065433502197266
13.1,14.048458099365234
16.7,16.082319259643555
15.8,15.462997436523438
15.9,14.912257194519043
17.8,16.393735885620117
16.3,15.849390983581543
16.9,15.836913108825684
18.2,16.275381088256836
11.7,13.302825927734375
14.4,14.315956115722656
16.1,15.687786102294922
19.9,16.90142822265625
13.5,15.540277481079102
18.8,16.48190689086914
10.7,14.979185104370117
13.6,14.782567977905273
16.5,13.641239166259766
15.8,15.754658699035645
9.6,12.271933555603027
18.2,16.27692985534668
17.3,15.216543197631836
11.2,13.923345565795898
15.0,14.378531455993652
12.9,14.253241539001465
14.8,14.65652084350586
19.4,16.285022735595703
17.2,16.18584442138672
16.0,14.954802513122559
19.5,16.62510108947754
14.1,14.511777877807617
19.4,16.38166046142578
14.5,14.94832992553711
16.6,15.629176139831543
15.8,14.898784637451172
14.8,15.016471862792969
17.2,15.58131217956543
12.3,13.767690658569336
15.9,15.149288177490234
18.0,15.613957405090332
15.1,14.874834060668945
11.0,13.731745719909668
12.6,14.400118827819824
14.4,14.904959678649902
15.0,14.357648849487305
14.7,14.798885345458984
15.6,15.456045150756836
16.2,15.29432201385498
14.7,14.838691711425781
16.0,15.404279708862305
16.2,15.389273643493652
12.4,14.12143325805664
15.7,15.090861320495605
13.1,13.672986030578613
15.5,14.96387767791748
15.8,15.009641647338867
18.9,16.717819213867188
15.3,14.82868480682373
17.6,16.07192611694336
14.4,14.437300682067871
17.0,16.093111038208008
15.0,14.792966842651367
15.6,15.119458198547363
13.1,14.728495597839355
13.2,13.268155097961426
14.8,14.70393180847168
14.9,14.835322380065918
14.2,14.918890953063965
15.0,15.476052284240723
14.6,14.862895965576172
14.4,15.06932258605957
15.9,15.289753913879395
15.4,15.072507858276367
14.9,15.246049880981445
16.0,15.275028228759766
15.2,15.635690689086914
15.5,14.65609359741211
16.5,15.095605850219727
18.2,16.278919219970703
15.2,14.917501449584961
15.3,14.823862075805664
14.3,14.87950611114502
15.3,14.841585159301758
13.8,14.64656925201416
16.4,15.613641738891602
15.8,14.969986915588379
18.1,16.849624633789062
15.0,15.527273178100586
15.8,14.847628593444824
15.9,15.341364860534668
16.9,15.562837600708008
17.1,15.941343307495117
14.7,14.7111234664917
15.6,14.97597599029541
15.5,15.102640151977539
18.1,15.155661582946777
17.4,16.294178009033203
17.1,16.285259246826172
15.0,14.834188461303711
15.0,15.02953052520752
13.8,14.386017799377441
14.1,14.769593238830566
14.9,14.641611099243164
13.6,14.311004638671875
16.2,15.427531242370605
14.4,14.174928665161133
12.4,12.925990104675293
12.3,13.225467681884766
14.9,14.748632431030273
16.7,15.843174934387207
13.2,14.259961128234863
13.2,14.188915252685547
14.5,15.475622177124023
14.9,14.765382766723633
15.8,14.804773330688477
15.0,15.360426902770996
13.9,13.965205192565918
15.1,14.794734954833984
15.5,15.061894416809082
16.3,15.855844497680664
14.3,14.596406936645508
12.9,13.957735061645508
15.5,14.90057373046875
15.7,15.0609769821167
14.0,14.614241600036621
15.9,15.916619300842285
14.0,14.248374938964844
17.9,16.556833267211914
19.5,17.001567840576172
17.3,14.418582916259766
12.7,14.777628898620605
19.2,15.404536247253418
11.9,13.791988372802734
12.3,13.836404800415039
10.1,12.302715301513672
15.2,14.95641803741455
13.3,14.694609642028809
15.5,14.89738655090332
14.8,14.966876983642578
15.3,14.85773754119873
15.8,14.979931831359863
15.1,14.68653678894043
15.2,14.551640510559082
14.4,14.556085586547852
17.6,15.607223510742188
18.7,16.88498306274414
16.9,16.056293487548828
16.3,15.041742324829102
12.7,14.227903366088867
18.0,16.04984474182129
14.4,15.234516143798828
14.8,14.555150985717773
15.5,14.822494506835938
12.2,13.409045219421387
17.9,14.360283851623535
18.7,16.65892791748047
15.6,15.071008682250977
9.6,13.448436737060547
15.1,15.02977180480957
17.4,16.069812774658203
14.8,14.52933406829834
12.7,13.690055847167969
13.5,15.284998893737793
13.6,13.837250709533691
14.9,14.571612358093262
13.5,14.522335052490234
15.6,14.973930358886719
12.6,14.380579948425293
14.4,15.160446166992188
16.8,15.816082954406738
17.5,16.112667083740234
17.3,15.653337478637695
13.6,14.773663520812988
15.6,14.881230354309082
15.9,15.327754974365234
16.3,15.656014442443848
17.8,15.618030548095703
16.5,14.759528160095215
18.9,16.09626007080078
14.6,14.6885986328125
15.8,15.138760566711426
11.5,14.580768585205078
14.9,15.64954948425293
12.2,14.015687942504883
15.1,14.850028991699219
14.6,14.773573875427246
9.1,12.688859939575195
13.5,14.004408836364746
14.4,14.61158561706543
19.0,16.885421752929688
14.6,14.46252155303955
16.0,15.437614440917969
17.1,16.183948516845703
17.1,15.695327758789062
15.5,14.917930603027344
9.4,12.830061912536621
16.8,15.728055000305176
15.7,15.076811790466309
10.7,15.676990509033203
15.5,15.077679634094238
14.3,15.542976379394531
17.7,15.966673851013184
15.9,15.033330917358398
12.9,13.8702974319458
14.4,14.226874351501465
14.3,14.608246803283691
14.5,15.116436004638672
13.8,14.44438362121582
16.5,15.693111419677734
12.6,14.217575073242188
15.7,14.687838554382324
16.0,15.668204307556152
18.1,16.657337188720703
16.3,15.743243217468262
16.4,15.282024383544922
17.8,15.274382591247559
15.4,15.473958969116211
15.5,14.829731941223145
19.9,16.889760971069336
19.1,16.667089462280273
18.6,16.632373809814453
15.8,15.56414794921875
18.6,16.67483901977539
15.4,14.765946388244629
13.4,14.006168365478516
14.0,14.199016571044922
15.2,15.513097763061523
13.6,13.719379425048828
17.8,16.518077850341797
14.9,14.866965293884277
19.0,16.770479202270508
18.4,16.72559356689453
14.3,14.615728378295898
14.7,14.805840492248535
16.4,15.501435279846191
15.9,15.0525541305542
17.2,16.128337860107422
14.4,15.881107330322266
12.7,13.905355453491211
16.5,15.529678344726562
19.7,16.068775177001953
15.2,15.153254508972168
12.9,13.343636512756348
16.6,16.12312889099121
14.6,14.340380668640137
11.3,13.348851203918457
16.6,15.594932556152344
15.5,15.374855041503906
17.1,16.010740280151367
15.6,15.509603500366211
14.9,15.383652687072754
14.0,14.631282806396484
13.1,14.172392845153809
14.0,14.405937194824219
15.2,14.776331901550293
14.8,14.694570541381836
14.9,15.174539566040039
14.4,14.63723087310791
7.9,13.776052474975586
13.9,14.3254976272583
14.1,14.512871742248535
17.7,15.903194427490234
10.3,12.403120040893555
11.5,13.549386024475098
15.9,15.188220977783203
13.4,13.360474586486816
12.3,13.762264251708984
18.8,15.974961280822754
14.7,14.722269058227539
14.3,14.471294403076172
15.0,14.763504981994629
15.7,15.114495277404785
15.3,14.859312057495117
13.2,14.441258430480957
14.2,15.080248832702637
11.8,13.515439987182617
13.2,14.021768569946289
15.7,15.235281944274902
15.2,15.076991081237793
12.4,13.49561595916748
14.5,14.779767990112305
17.6,16.820484161376953
13.6,14.536080360412598
10.0,12.75163459777832
13.1,13.806100845336914
16.1,15.251638412475586
13.3,13.941239356994629
13.9,14.476102828979492
18.6,16.421998977661133
18.3,16.22965431213379
14.7,15.095349311828613
12.7,13.828205108642578
14.8,15.09468936920166
17.2,16.494762420654297
15.5,15.100202560424805
17.3,15.76435661315918
14.8,15.423788070678711
15.9,15.219439506530762
11.4,13.835074424743652
12.7,13.892560958862305
15.6,15.288270950317383
14.0,14.551831245422363
16.8,15.856332778930664
12.2,14.930150032043457
13.3,14.330741882324219
14.7,15.28937816619873
15.2,15.047924041748047
14.0,14.223410606384277
15.8,15.184844017028809
16.1,15.330329895019531
14.8,14.931239128112793
15.1,14.863568305969238
15.9,15.642093658447266
13.6,14.304368019104004
14.6,14.892502784729004
13.8,14.206560134887695
14.3,14.647294998168945
11.6,14.077391624450684
16.2,15.6163969039917
15.7,15.683024406433105
15.3,14.908440589904785
13.7,14.53100872039795
12.4,14.183891296386719
15.7,15.015626907348633
14.7,14.649707794189453
14.3,14.963582992553711
10.1,12.408913612365723
15.2,14.722987174987793
15.5,14.84530258178711
14.5,14.611358642578125
13.9,14.407323837280273
15.6,15.17593765258789
13.0,13.757102012634277
12.3,14.41129207611084
12.4,13.386167526245117
14.7,14.560614585876465
15.9,15.337855339050293
16.1,15.25731086730957
15.7,15.045828819274902
15.0,14.77646255493164
17.2,16.23325538635254
18.2,16.448200225830078
17.4,16.269092559814453
17.7,16.65641212463379
14.5,14.537742614746094
16.2,15.13613510131836
12.0,13.687980651855469
15.4,15.164308547973633
11.8,13.909699440002441
10.8,13.493858337402344
16.1,15.509712219238281
13.8,14.513252258300781
16.6,14.851134300231934
14.0,14.455049514770508
13.8,15.381619453430176
13.4,15.357267379760742
16.9,15.53052806854248
12.8,14.24372673034668
19.2,16.529001235961914
18.8,16.753084182739258
13.8,13.973423957824707
8.9,12.787199020385742
12.3,13.648392677307129
13.2,14.170467376708984
6.8,13.008191108703613
12.6,15.241146087646484
14.4,14.530045509338379
14.1,14.534850120544434
15.7,15.038129806518555
15.1,15.092167854309082
13.6,15.82337760925293
14.6,15.4832763671875
13.0,13.66252326965332
19.4,15.916277885437012
12.5,13.465741157531738
14.5,14.879911422729492
11.8,13.589765548706055
9.8,13.157435417175293
15.5,15.270301818847656
15.0,14.96978759765625
15.3,15.274497985839844
16.6,16.12363624572754
13.2,13.966114044189453
15.8,15.163262367248535
14.9,14.722970008850098
16.1,15.216669082641602
18.1,16.501346588134766
14.8,14.805855751037598
10.9,14.381797790527344
16.0,16.911334991455078
19.6,16.397621154785156
18.5,16.963056564331055
13.6,14.338528633117676
14.2,14.53264331817627
9.4,12.74381160736084
15.1,14.774388313293457
13.3,14.132834434509277
15.4,15.024785041809082
13.4,13.527885437011719
14.8,14.726906776428223
14.8,14.910112380981445
11.9,14.247334480285645
13.7,13.845870018005371
13.6,14.333569526672363
9.4,12.96053695678711
14.7,14.537335395812988
19.7,16.91880989074707
11.2,13.436468124389648
16.9,15.230350494384766
15.9,15.657794952392578
12.8,13.689863204956055
14.7,14.81605339050293
17.3,15.134790420532227
15.3,15.364022254943848
14.9,14.8257417678833
18.7,16.910131454467773
14.0,14.475461959838867
15.5,14.880003929138184
8.9,14.735575675964355
16.2,15.067585945129395
14.9,14.75186538696289
15.5,14.725076675415039
11.7,13.49136734008789
13.0,15.3809232711792
13.6,14.521711349487305
13.9,14.452152252197266
10.1,12.557788848876953
19.8,16.870967864990234
14.3,14.59287166595459
13.9,14.921510696411133
16.4,15.640965461730957
13.2,13.433759689331055
16.7,16.0682315826416
19.8,16.39518928527832
14.9,15.164872169494629
17.8,16.068687438964844
14.7,14.546741485595703
12.3,14.045291900634766
14.5,14.488935470581055
15.7,15.340773582458496
16.1,15.21592903137207
9.2,12.352333068847656
12.3,13.817778587341309
8.4,12.59235954284668
12.3,14.464967727661133
10.2,13.92330551147461
13.7,13.824543952941895
16.1,14.757207870483398
16.1,14.746174812316895
16.7,15.428362846374512
19.1,16.530214309692383
15.7,15.555193901062012
14.0,14.685075759887695
13.9,14.238588333129883
13.9,14.213065147399902
13.7,14.382001876831055
14.3,14.469094276428223
13.3,14.78298568725586
11.4,13.153804779052734
15.8,15.407242774963379
12.4,13.511937141418457
17.7,15.734999656677246
19.1,16.564315795898438
13.5,14.761154174804688
19.7,16.994369506835938
15.3,15.21048355102539
14.9,14.834808349609375
8.4,11.831754684448242
13.3,13.967848777770996
13.2,14.030179977416992
15.5,15.485069274902344
16.1,15.413131713867188
16.2,14.593057632446289
15.7,14.628222465515137
18.3,16.152503967285156
18.1,16.299936294555664
14.6,14.63184928894043
14.2,14.94524097442627
14.2,14.359650611877441
17.2,16.150341033935547
16.2,15.563424110412598
17.2,16.217599868774414
14.5,14.753778457641602
17.0,16.29347038269043
14.9,14.391430854797363
16.4,15.852507591247559
13.4,13.767135620117188
11.7,13.952174186706543
16.6,16.270965576171875
12.9,14.273314476013184
11.1,13.553360939025879
12.3,14.170816421508789
13.6,15.056982040405273
14.4,15.154090881347656
16.5,14.057805061340332
14.8,15.337597846984863
18.4,16.765670776367188
17.0,15.57150936126709
9.7,12.740220069885254
15.3,14.629941940307617
16.3,15.565238952636719
13.8,14.647807121276855
14.6,14.302716255187988
15.3,15.25525188446045
14.0,14.414267539978027
16.1,15.298775672912598
14.4,14.828842163085938
15.2,15.843852996826172
14.6,14.652582168579102
15.1,14.725287437438965
19.4,16.857458114624023
14.1,14.70765495300293
15.5,15.437792778015137
15.9,15.04120922088623
11.6,13.624214172363281
9.8,13.942270278930664
14.2,14.483329772949219
14.7,14.623086929321289
15.3,15.138650894165039
16.7,16.24007797241211
14.4,14.780638694763184
12.4,14.105598449707031
18.3,16.90174102783203
12.1,13.786456108093262
16.4,14.873682022094727
12.6,13.844586372375488
14.1,13.934764862060547
16.0,15.163187980651855
14.2,14.263668060302734
14.1,14.446717262268066
18.8,16.62603759765625
11.2,13.724903106689453
16.8,15.181516647338867
13.1,14.956279754638672
14.5,15.091413497924805
15.1,14.878592491149902
15.6,14.928359031677246
14.0,14.474019050598145
14.9,14.912226676940918
15.0,14.889622688293457
14.9,15.240407943725586
16.4,14.62437629699707
10.2,12.340507507324219
13.9,14.678638458251953
13.4,14.229024887084961
13.5,14.268659591674805
17.6,16.224531173706055
15.0,14.687732696533203
14.6,14.6907377243042
14.7,14.87419605255127
13.6,15.11054801940918
12.4,14.454558372497559
13.3,14.490273475646973
17.7,16.444072723388672
16.6,15.845425605773926
13.4,14.076342582702637
14.4,14.092525482177734
14.8,14.791661262512207
17.7,16.308935165405273
16.6,15.270453453063965
15.3,14.81361198425293
15.9,14.853080749511719
13.1,14.056626319885254
13.7,15.505441665649414
16.1,15.730283737182617
15.6,15.35311222076416
10.4,12.567503929138184
16.4,15.375642776489258
15.8,15.267977714538574
14.8,15.080458641052246
14.6,14.981701850891113
15.1,14.928407669067383
14.3,14.836908340454102
16.6,15.795429229736328
16.9,15.704085350036621
14.7,14.135734558105469
14.3,14.419713020324707
15.2,14.940755844116211
14.3,14.682321548461914
11.6,13.784010887145996
6.9,11.97291088104248
10.8,12.713944435119629
16.7,15.282470703125
15.2,15.089439392089844
12.7,14.340229988098145
17.0,16.572553634643555
15.6,14.833375930786133
17.6,15.634160041809082
14.4,14.866067886352539
15.4,15.736390113830566
13.1,14.945858001708984
15.3,14.788345336914062
12.5,14.516251564025879
12.4,13.64684009552002
14.3,14.594242095947266
15.6,14.91219425201416
14.8,14.907477378845215
18.9,16.61928367614746
19.2,16.266332626342773
15.4,15.135673522949219
15.3,14.671935081481934
15.0,14.701123237609863
13.4,14.4775972366333
17.7,16.605680465698242
15.2,14.95398235321045
14.1,14.437434196472168
8.4,13.007750511169434
14.9,14.816349983215332
15.1,14.799513816833496
16.7,16.043800354003906
15.3,15.16822624206543
11.7,14.006538391113281
15.2,15.251558303833008
15.4,14.883874893188477
14.3,14.834692001342773
14.6,14.703845024108887
17.1,15.535075187683105
14.2,15.483100891113281
14.5,14.628113746643066
15.9,15.49616813659668
13.5,14.714279174804688
12.5,14.018170356750488
15.6,15.178908348083496
15.4,14.777154922485352
15.4,14.643997192382812
13.5,14.199823379516602
15.8,15.136390686035156
16.3,15.953837394714355
10.3,13.593600273132324
16.0,15.441022872924805
14.3,14.772390365600586
15.5,15.13666820526123
11.8,14.021939277648926
16.1,15.023351669311523
15.1,15.130264282226562
16.6,16.261560440063477
14.3,13.944929122924805
14.2,14.461198806762695
15.6,15.267970085144043
16.4,15.51977252960205
14.9,14.005141258239746
14.5,14.798428535461426
15.4,14.971749305725098
12.2,13.33161449432373
11.8,13.685384750366211
18.9,16.170902252197266
15.4,15.284878730773926
15.4,14.58144760131836
18.4,15.698867797851562
13.0,13.789580345153809
16.6,15.722976684570312
13.3,14.450160026550293
13.7,14.701075553894043
14.2,15.096887588500977
11.8,13.340770721435547
13.7,14.317577362060547
15.4,14.870650291442871
14.5,14.67658519744873
13.3,13.544561386108398
4.5,11.950181007385254
15.3,15.276518821716309
15.2,15.464923858642578
15.9,14.959108352661133
11.2,13.099967956542969
10.6,12.989004135131836
9.4,13.877836227416992
12.7,13.848273277282715
13.5,13.98584270477295
13.9,15.355080604553223
14.6,15.188836097717285
14.9,15.113020896911621
15.7,14.770895004272461
13.0,14.947892189025879
14.2,14.219609260559082
17.7,16.327878952026367
15.2,14.884384155273438
15.0,14.95540714263916
16.5,16.022201538085938
12.2,14.825688362121582
14.8,14.862626075744629
10.6,13.200604438781738
18.9,16.832530975341797
18.8,16.02142906188965
14.6,14.202838897705078
14.7,14.985189437866211
14.5,14.834248542785645
8.6,11.582658767700195
14.5,14.702628135681152
15.5,15.300677299499512
19.4,15.933820724487305
13.5,14.379881858825684
11.9,13.686369895935059
12.8,13.97901725769043
14.7,14.835404396057129
14.9,14.66798210144043
15.8,14.782980918884277
11.5,13.385802268981934
13.1,14.160964012145996
13.6,14.555620193481445
9.3,12.926825523376465
16.0,16.034055709838867
4.3,11.651195526123047
19.0,14.946487426757812
16.3,15.712182998657227
11.8,13.65715503692627
18.8,15.181158065795898
19.2,16.899429321289062
14.9,14.846135139465332
11.5,13.655326843261719
11.7,13.885979652404785
13.8,13.977933883666992
10.9,13.561382293701172
13.7,14.410748481750488
15.8,15.088020324707031
15.4,14.895028114318848
14.1,14.207090377807617
16.0,14.992194175720215
9.4,13.032639503479004
13.6,14.664390563964844
13.7,14.575305938720703
17.7,16.195091247558594
12.7,13.980813026428223
11.6,13.495962142944336
11.1,13.137784957885742
14.1,14.70305061340332
16.2,15.587066650390625
14.6,14.435251235961914
14.1,14.540628433227539
14.9,15.333593368530273
14.4,14.57863712310791
12.8,13.886954307556152
13.6,14.81208610534668
14.5,14.560884475708008
15.9,15.23257064819336
15.0,14.401776313781738
15.9,15.668237686157227
15.2,15.812519073486328
14.6,15.321452140808105
8.1,13.843409538269043
13.7,14.342937469482422
17.8,15.706074714660645
14.2,14.69597053527832
18.8,16.8653507232666
15.5,15.314642906188965
13.0,13.82526969909668
15.7,14.31593132019043
14.8,14.584314346313477
10.4,13.156137466430664
17.7,15.975663185119629
14.0,14.544492721557617
17.4,15.845216751098633
15.6,14.736638069152832
14.4,14.633112907409668
16.3,15.329596519470215
13.5,14.365039825439453
12.7,14.774571418762207
16.1,14.149967193603516
14.5,15.32587718963623
18.6,16.34222412109375
13.5,14.001943588256836
12.9,14.060768127441406
16.5,15.41718864440918
13.2,14.202435493469238
11.7,13.573365211486816
9.8,13.507630348205566
15.2,14.841714859008789
12.7,14.092175483703613
10.6,13.354345321655273
11.3,13.463468551635742
16.0,15.68758773803711
15.1,14.768468856811523
12.8,14.094842910766602
11.5,13.107390403747559
14.7,14.699522018432617
10.1,14.055100440979004
13.0,13.994478225708008
15.6,15.061225891113281
12.8,13.630925178527832
6.4,13.821508407592773
5.0,12.91757869720459
14.1,14.647148132324219
12.9,14.377813339233398
9.7,12.901914596557617
12.4,13.928442001342773
11.9,13.066587448120117
10.7,12.62666130065918
14.1,14.612325668334961
11.9,13.69014835357666
18.7,16.459362030029297
7.2,12.132787704467773
15.4,15.342972755432129
14.9,14.602837562561035
19.6,16.505172729492188
13.6,15.05083179473877
14.2,14.766739845275879
12.5,14.692296981811523
14.1,14.946969985961914
14.2,14.625699043273926
15.5,15.12337875366211
13.9,14.29642391204834
14.7,14.822635650634766
12.4,14.075664520263672
18.5,16.79132843017578
15.0,14.845320701599121
16.0,15.493414878845215
15.3,14.759842872619629
17.5,16.194869995117188
12.0,13.84164047241211
11.3,12.637821197509766
15.1,14.717506408691406
12.5,13.703794479370117
15.8,15.55935001373291
11.9,13.506429672241211
13.7,14.11130428314209
14.8,14.844544410705566
15.2,15.136857032775879
18.7,16.785194396972656
15.2,14.87971305847168
17.9,16.27384376525879
15.8,15.40483570098877
16.7,15.893021583557129
17.3,16.41753387451172
11.4,13.71546459197998
15.2,14.845702171325684
16.5,15.571426391601562
11.6,13.873229026794434
13.6,13.864479064941406
15.2,14.737813949584961
19.7,16.950729370117188
10.8,13.22563362121582
14.7,14.579182624816895
10.6,13.246587753295898
19.1,16.567642211914062
19.1,16.485240936279297
10.4,13.354731559753418
11.3,13.097087860107422
15.0,14.765044212341309
17.4,16.206798553466797
15.0,14.787911415100098
14.6,15.279783248901367
17.2,16.15094757080078
12.2,13.862140655517578
14.0,15.228413581848145
13.0,14.292339324951172
19.2,15.946996688842773
13.7,13.85645580291748
18.4,16.216188430786133
15.1,14.78580093383789
14.4,14.360843658447266
17.9,15.984273910522461
16.6,15.808165550231934
12.3,13.935609817504883
16.4,15.324153900146484
18.6,16.42629051208496
8.3,12.051234245300293
12.4,13.322011947631836
14.9,15.096745491027832
12.0,13.887715339660645
13.2,14.086170196533203
17.3,16.150056838989258
14.9,14.994988441467285
10.9,12.821459770202637
13.9,14.621766090393066
13.7,14.113941192626953
13.4,14.907066345214844
12.9,13.892863273620605
15.2,14.618277549743652
15.3,14.887228965759277
19.6,16.47236442565918
15.7,14.854388236999512
16.9,16.27130889892578
14.2,14.571313858032227
11.5,13.437150001525879
15.6,15.290006637573242
8.1,12.904289245605469
13.9,15.146384239196777
13.8,14.258993148803711
15.1,14.677903175354004
16.0,15.61964225769043
16.8,14.482877731323242
14.1,14.736217498779297
14.6,13.320308685302734
12.1,13.601872444152832
11.5,13.210129737854004
15.3,15.183793067932129
9.3,13.361595153808594
10.1,12.716734886169434
15.1,15.142643928527832
11.0,13.662274360656738
14.9,14.811511039733887
14.1,14.667256355285645
15.5,15.064332008361816
11.1,14.076217651367188
9.5,13.243005752563477
12.9,14.96987247467041
15.7,15.359088897705078
13.2,14.587947845458984
12.6,13.905320167541504
15.2,15.622057914733887
13.8,14.35291862487793
6.7,10.7921724319458
15.5,14.245420455932617
9.8,13.316957473754883
15.5,14.846423149108887
14.5,14.77379035949707
15.9,15.099981307983398
15.0,16.149738311767578
14.4,15.413627624511719
14.2,14.536422729492188
19.8,16.436195373535156
19.1,16.763517379760742
11.7,13.971433639526367
14.4,14.519068717956543
11.6,13.89197063446045
17.2,16.207651138305664
12.5,15.170329093933105
16.0,15.400153160095215
13.4,14.606409072875977
15.0,14.968414306640625
11.1,13.3607177734375
19.8,16.07455825805664
14.4,14.475382804870605
14.7,14.534574508666992
14.8,15.228063583374023
15.6,15.088717460632324
12.8,14.329273223876953
8.9,13.196860313415527
18.1,15.679438591003418
14.1,14.42092514038086
15.4,14.957404136657715
14.5,14.51268482208252
13.9,14.80210018157959
19.5,16.878000259399414
15.1,15.099308013916016
13.1,13.663972854614258
13.4,14.223260879516602
14.7,14.616156578063965
16.5,15.696405410766602
14.2,14.949444770812988
13.7,13.839385986328125
10.7,13.075579643249512
16.4,15.47779655456543
10.6,13.789093017578125
13.4,14.313592910766602
14.6,14.87116813659668
9.9,11.960383415222168
12.7,14.507920265197754
13.1,14.297821044921875
15.2,14.88426399230957
14.1,15.079257011413574
10.5,12.831567764282227
18.0,16.69104766845703
13.5,14.44532585144043
15.0,14.876107215881348
7.4,11.970986366271973
19.0,16.574745178222656
12.5,14.204822540283203
13.2,14.153651237487793
15.4,15.039504051208496
15.0,14.494874954223633
12.1,14.121818542480469
14.9,14.822608947753906
13.1,14.120563507080078
13.3,14.16711139678955
3.1,13.223774909973145
13.8,14.64278793334961
9.1,12.386042594909668
9.4,12.77719497680664
18.2,14.846813201904297
10.7,13.744199752807617
12.1,13.587224006652832
12.9,13.725016593933105
12.0,12.78984546661377
8.1,13.42159652709961
14.0,14.372430801391602
14.7,14.743023872375488
15.0,14.40283489227295
19.2,15.89625358581543
11.9,14.022010803222656
12.9,14.599764823913574
4.6,11.896320343017578
13.5,14.707172393798828
15.1,16.236370086669922
19.9,15.1941499710083
13.7,14.67913818359375
16.6,14.505395889282227
19.8,16.61165428161621
15.3,14.89486312866211
19.4,16.865673065185547
13.5,13.863753318786621
15.2,14.875565528869629
14.1,14.529158592224121
13.6,14.417459487915039
19.5,16.67259407043457
14.7,14.83461856842041
12.4,14.534408569335938
15.9,15.214221954345703
17.6,16.98451042175293
15.6,15.008182525634766
14.6,14.665695190429688
17.9,16.55363655090332
16.4,16.026344299316406
11.9,14.049997329711914
18.6,16.342327117919922
16.8,15.927206993103027
18.9,15.871190071105957
17.7,16.3509578704834
16.5,15.452589988708496
12.6,14.266080856323242
18.9,16.78890609741211
16.5,16.001197814941406
19.8,16.465665817260742
17.3,15.490008354187012
15.6,15.137665748596191
18.1,16.16397476196289
13.9,13.786975860595703
14.4,14.962804794311523
13.8,14.459373474121094
12.3,14.651541709899902
14.5,14.787348747253418
15.5,14.827306747436523
15.8,15.811117172241211
14.1,14.424806594848633
13.9,14.379298210144043
11.4,14.340278625488281
16.8,15.675680160522461
15.1,15.132230758666992
15.0,14.001127243041992
14.1,14.553285598754883
16.6,16.246219635009766
15.3,14.844605445861816
12.5,13.998302459716797
14.0,14.563232421875
18.1,16.593505859375
12.7,13.348884582519531
18.0,15.899320602416992
15.8,14.885697364807129
16.3,15.50723934173584
17.0,15.824975967407227
15.7,14.71538257598877
12.7,14.711641311645508
15.2,14.584676742553711
16.3,14.420414924621582
15.0,14.822858810424805
19.0,16.76070213317871
17.5,16.414608001708984
12.8,14.34887409210205
16.9,15.611214637756348
15.5,15.272226333618164
12.7,13.73330020904541
16.4,16.57122802734375
14.2,14.460097312927246
15.1,14.599099159240723
18.7,16.8129940032959
6.6,12.15935230255127
14.5,14.717207908630371
12.7,13.76633071899414
14.8,14.640564918518066
15.7,14.96163272857666
14.1,14.010605812072754
16.3,15.630941390991211
15.0,14.652377128601074
15.6,15.16300106048584
11.8,14.353466987609863
15.1,14.647235870361328
17.6,16.21811294555664
8.4,12.372633934020996
13.7,13.922383308410645
15.1,15.172361373901367
12.6,13.94649887084961
9.1,13.31445026397705
15.9,14.845649719238281
9.0,13.08446979522705
13.8,14.363571166992188
15.5,14.548478126525879
15.8,14.761002540588379
10.7,13.305917739868164
12.3,14.173650741577148
13.2,14.23715591430664
14.7,14.385937690734863
14.5,14.615110397338867
10.5,13.319938659667969
12.3,13.909494400024414
14.7,14.747605323791504
9.9,12.846595764160156
15.8,15.654342651367188
18.2,16.39112091064453
18.2,16.591968536376953
10.8,13.40705680847168
14.9,14.815876007080078
15.1,14.610658645629883
15.8,15.132047653198242
15.8,15.322985649108887
15.0,14.993227005004883
13.0,13.94174861907959
17.7,15.603734970092773
15.8,15.047901153564453
17.3,15.67951488494873
15.8,15.038468360900879
15.4,14.969986915588379
7.5,13.999725341796875
17.9,15.532730102539062
15.8,14.688307762145996
18.0,15.692192077636719
8.6,12.024399757385254
5.3,10.70777702331543
16.2,15.304621696472168
13.9,14.324936866760254
16.2,15.405274391174316
15.9,14.849676132202148
15.8,15.205238342285156
16.0,15.074545860290527
15.9,15.10947036743164
16.5,15.59227180480957
19.3,17.012008666992188
15.2,14.752799034118652
16.1,15.021888732910156
13.2,14.755029678344727
19.3,16.685361862182617
13.2,14.176864624023438
14.7,14.557943344116211
15.8,15.13688850402832
15.5,14.566389083862305
12.9,13.406923294067383
13.2,14.424306869506836
17.3,16.409616470336914
16.4,15.235383987426758
15.6,15.083459854125977
11.0,12.64000415802002
14.1,14.883223533630371
14.5,14.256240844726562
14.1,14.919713973999023
16.3,15.584061622619629
14.7,15.06300163269043
14.9,14.709389686584473
13.3,14.08827018737793
15.5,14.95352840423584
14.9,14.866765022277832
16.3,15.855295181274414
13.5,14.268158912658691
15.0,14.888869285583496
15.8,15.48613452911377
14.5,14.739052772521973
15.3,15.091890335083008
13.8,14.136866569519043
14.5,14.643792152404785
14.1,14.246665954589844
8.8,11.156534194946289
16.5,15.375642776489258
14.7,14.777732849121094
15.1,14.83559513092041
15.5,14.823820114135742
19.2,16.771780014038086
13.2,14.85052490234375
18.8,15.298683166503906
16.0,15.513677597045898
16.6,15.074586868286133
18.2,16.728832244873047
15.4,15.206852912902832
12.8,14.263479232788086
14.8,15.391974449157715
13.5,13.646608352661133
14.7,14.695229530334473
15.5,15.269601821899414
13.3,14.330249786376953
18.1,16.312368392944336
14.9,15.191218376159668
15.5,15.075525283813477
14.5,14.693038940429688
18.6,16.799196243286133
14.7,14.301891326904297
14.5,14.829972267150879
19.6,16.8758602142334
11.6,13.163005828857422
13.8,15.14333724975586
15.1,15.24754524230957
19.3,16.554521560668945
14.6,14.637896537780762
18.4,16.13311195373535
15.6,15.055264472961426
15.8,15.056060791015625
15.8,15.211798667907715
11.1,13.464973449707031
10.6,13.097417831420898
8.2,12.746682167053223
15.9,15.101651191711426
15.0,14.918179512023926
16.5,15.52026653289795
6.1,11.041031837463379
15.2,14.801802635192871
14.2,14.439178466796875
14.7,14.79366683959961
15.0,14.660043716430664
13.6,14.359037399291992
14.0,14.523234367370605
14.1,14.65064811706543
6.0,11.958663940429688
14.1,14.266230583190918
15.7,15.201709747314453
16.6,15.854162216186523
16.1,15.28123950958252
14.0,14.330382347106934
15.2,14.7316255569458
15.2,15.208687782287598
17.6,15.795857429504395
15.1,14.806614875793457
11.2,13.71321964263916
14.1,14.247346878051758
19.3,16.897586822509766
14.0,14.700387954711914
14.8,14.677363395690918
11.7,14.064335823059082
13.8,14.124399185180664
14.4,14.671402931213379
19.3,16.660165786743164
13.9,14.300647735595703
13.3,14.87739372253418
15.3,14.699419021606445
15.7,14.727139472961426
16.5,15.108633041381836
16.3,14.744624137878418
16.3,15.148143768310547
11.6,12.843894958496094
15.8,15.032225608825684
7.0,11.213486671447754
14.3,14.55279541015625
15.9,15.066408157348633
16.1,15.411722183227539
13.7,14.53544807434082
15.2,15.09757137298584
14.9,14.874199867248535
14.4,15.05107307434082
15.4,15.338316917419434
15.2,14.87947940826416
16.6,15.534481048583984
17.0,15.010465621948242
16.0,15.104219436645508
15.5,14.84746265411377
8.8,11.16697883605957
15.9,15.37711238861084
16.1,15.481597900390625
18.1,16.194679260253906
13.4,14.577493667602539
13.9,14.07039737701416
15.8,14.891463279724121
15.0,15.03803825378418
11.3,13.15532112121582
13.9,14.438309669494629
7.7,11.547130584716797
14.5,15.435700416564941
16.6,15.285724639892578
19.1,16.278112411499023
17.4,15.440113067626953
14.4,14.621725082397461
14.6,14.552462577819824
19.4,16.895095825195312
14.6,14.886569023132324
13.4,15.931561470031738
13.5,14.334527015686035
17.5,16.353111267089844
19.8,16.808094024658203
16.2,15.372934341430664
12.4,13.508722305297852
15.9,14.745361328125
15.5,15.069686889648438
17.1,15.438262939453125
16.5,14.860748291015625
19.5,16.50742530822754
14.6,14.625426292419434
15.0,14.739953994750977
11.3,12.883634567260742
18.6,16.586153030395508
15.4,15.14908218383789
14.2,14.695815086364746
14.8,15.28612232208252
14.5,15.03604507446289
14.2,14.368124961853027
12.5,13.873132705688477
9.0,12.826774597167969
14.1,15.276192665100098
19.5,16.994369506835938
15.3,15.013360977172852
15.7,15.057968139648438
13.3,13.838641166687012
14.3,14.988697052001953
17.9,16.290931701660156
17.5,15.73362922668457
14.1,14.851091384887695
16.8,15.89926815032959
12.3,13.951642990112305
10.2,12.977544784545898
15.0,14.952790260314941
13.2,14.235485076904297
10.3,13.587654113769531
11.7,13.316377639770508
13.7,14.261346817016602
13.4,13.762094497680664
15.1,14.957052230834961
11.6,13.857889175415039
15.4,15.174112319946289
12.9,14.048171997070312
14.7,14.472772598266602
13.2,14.336572647094727
15.5,14.892309188842773
10.9,13.431662559509277
15.7,15.123862266540527
14.7,14.681812286376953
12.2,14.507731437683105
14.4,14.537415504455566
14.3,14.582098007202148
13.1,14.419527053833008
12.9,14.152594566345215
12.7,14.619827270507812
12.3,14.09531307220459
12.3,14.198172569274902
11.6,13.711153030395508
19.0,16.90374755859375
16.9,16.133031845092773
17.7,16.355741500854492
19.8,16.96533966064453
18.3,16.90186309814453
14.1,14.280029296875
18.7,16.501787185668945
15.7,14.931096076965332
11.6,13.538768768310547
15.9,15.066105842590332
13.9,14.347829818725586
11.9,13.640775680541992
14.0,14.125152587890625
14.7,14.501327514648438
16.0,15.40651798248291
14.6,14.228623390197754
14.4,14.043722152709961
15.6,14.679471015930176
15.1,14.48200798034668
14.1,14.455046653747559
13.6,14.613746643066406
15.4,15.190610885620117
15.6,15.405365943908691
11.9,13.67725944519043
13.9,14.358776092529297
12.4,14.042620658874512
13.7,14.489075660705566
14.5,14.69637393951416
13.0,14.201138496398926
15.8,15.127104759216309
11.2,13.386707305908203
13.6,14.009809494018555
14.1,14.599027633666992
14.7,14.651784896850586
15.0,14.740849494934082
14.3,14.584939002990723
4.4,12.150289535522461
15.3,14.7993745803833
14.2,14.366564750671387
13.6,14.507680892944336
11.7,14.717570304870605
13.6,14.349411964416504
13.2,13.945904731750488
11.9,14.230184555053711
9.4,13.733839988708496
16.8,15.896661758422852
14.8,14.692419052124023
19.6,16.994369506835938
15.5,14.894596099853516
15.0,14.555335998535156
15.9,14.81153678894043
15.2,14.77202320098877
14.6,14.800411224365234
14.2,14.714373588562012
15.9,15.14333724975586
12.2,14.005484580993652
14.0,14.542536735534668
9.4,13.413070678710938
14.0,14.28023910522461
15.8,15.14360523223877
15.9,15.114571571350098
16.0,14.912924766540527
18.1,15.877361297607422
15.5,14.883025169372559
14.5,14.60818099975586
13.9,14.340302467346191
15.1,14.849065780639648
15.5,15.055872917175293
15.8,14.912349700927734
15.8,14.92986011505127
14.4,14.564759254455566
10.9,14.948033332824707
16.4,15.804460525512695
18.5,16.101652145385742
16.0,14.919671058654785
13.7,14.170723915100098
14.5,15.06806468963623
7.1,12.663938522338867
14.2,14.860795974731445
15.4,15.332637786865234
13.2,14.734979629516602
14.8,14.607330322265625
14.2,14.37464427947998
16.5,15.228271484375
16.0,15.169539451599121
16.3,15.900317192077637
12.4,13.659329414367676
15.4,15.074545860290527
16.2,14.988313674926758
16.0,14.957518577575684
19.7,16.97433090209961
8.9,13.320858001708984
15.8,15.317649841308594
12.6,14.962214469909668
12.6,14.683464050292969
13.8,14.532853126525879
14.8,14.640323638916016
15.3,15.274538040161133
15.2,14.723172187805176
18.8,16.38329315185547
19.9,16.955543518066406
19.7,16.942611694335938
16.9,15.28303337097168
19.7,16.915250778198242
19.6,16.90597152709961
18.8,16.655010223388672
9.7,11.475090026855469
16.5,15.211090087890625
14.3,14.795548439025879
14.9,15.272564888000488
15.7,15.302278518676758
9.0,12.19987678527832
12.7,14.756429672241211
11.7,14.021410942077637
13.8,14.437922477722168
15.0,14.374198913574219
18.0,15.277351379394531
14.4,14.19322681427002
17.4,15.934919357299805
16.2,15.509422302246094
15.9,15.141704559326172
15.0,14.812475204467773
12.1,13.905092239379883
17.4,16.849580764770508
14.2,14.414424896240234
15.3,15.174139022827148
15.2,14.755915641784668
14.4,14.749618530273438
18.9,16.51268196105957
15.1,14.787256240844727
14.8,14.982771873474121
15.3,14.406832695007324
16.0,15.647615432739258
16.5,15.308233261108398
4.7,11.97752571105957
13.9,14.574923515319824
15.8,15.14333724975586
8.5,16.382190704345703
15.5,15.121575355529785
15.3,14.852640151977539
15.9,14.903277397155762
15.9,14.988141059875488
14.5,14.793122291564941
17.8,16.625812530517578
16.0,15.014627456665039
18.7,16.362834930419922
14.8,14.749190330505371
15.2,14.938100814819336
15.0,15.167953491210938
19.3,16.969572067260742
13.8,14.583335876464844
15.8,15.14333724975586
16.8,15.501344680786133
15.6,14.31479263305664
12.6,14.297062873840332
14.9,14.801355361938477
15.5,15.370922088623047
15.8,15.001856803894043
19.4,16.666433334350586
15.3,14.761847496032715
15.3,15.216124534606934
19.9,15.217120170593262
15.7,15.175174713134766
13.9,14.255828857421875
19.4,15.862028121948242
14.9,14.591229438781738
10.3,12.720005989074707
12.1,13.829790115356445
16.5,16.00060272216797
15.3,15.614184379577637
15.9,15.658041000366211
14.4,15.561724662780762
15.9,15.305774688720703
18.5,16.714584350585938
17.0,16.03977394104004
18.2,16.71784210205078
16.9,15.874725341796875
16.1,15.877142906188965
15.5,14.581714630126953
14.3,14.836735725402832
14.6,15.092586517333984
15.8,15.291810989379883
14.6,14.677665710449219
12.9,14.316778182983398
18.1,16.04422378540039
16.6,16.067880630493164
18.6,16.966808319091797
17.5,15.909062385559082
10.5,13.738938331604004
16.9,15.712034225463867
15.5,15.101202011108398
14.1,15.229216575622559
19.0,16.140525817871094
13.8,14.947319984436035
15.4,14.992542266845703
15.8,15.12558364868164
12.4,13.62904167175293
17.6,16.5131893157959
13.2,14.790389060974121
14.5,14.654816627502441
19.4,16.593961715698242
11.8,13.622615814208984
12.7,14.179311752319336
5.8,13.908625602722168
15.6,15.683857917785645
15.6,15.472604751586914
15.2,15.031893730163574
15.7,14.991546630859375
7.9,13.65031623840332
17.7,16.576133728027344
15.5,15.999706268310547
16.8,16.07797622680664
17.0,14.585054397583008
19.8,17.020998001098633
16.2,15.565597534179688
17.4,15.762208938598633
15.9,14.926700592041016
18.9,17.039628982543945
14.9,14.605566024780273
19.8,16.856111526489258
13.0,14.36721420288086
12.6,14.635052680969238
14.6,15.160940170288086
13.7,15.128334999084473
13.6,14.039474487304688
11.9,13.385296821594238
19.8,16.876514434814453
15.2,15.434799194335938
15.3,14.916349411010742
9.9,13.026936531066895
14.2,14.770598411560059
15.2,14.79183578491211
17.1,15.601728439331055
12.7,14.570463180541992
15.9,15.848350524902344
17.2,16.224884033203125
15.7,14.92861557006836
14.2,14.631168365478516
9.0,14.13525104522705
16.0,15.383819580078125
14.8,14.527104377746582
16.5,15.609123229980469
15.4,15.09190845489502
15.7,15.61390209197998
15.0,15.023383140563965
15.5,15.294428825378418
16.0,15.140424728393555
17.1,15.213741302490234
8.9,12.639476776123047
14.4,15.123050689697266
18.2,16.204421997070312
16.4,15.745756149291992
14.2,14.396692276000977
15.9,14.875838279724121
19.3,16.800106048583984
11.0,13.761091232299805
14.5,14.746739387512207
11.8,13.70698070526123
14.7,14.100950241088867
19.1,15.599098205566406
11.6,14.016674995422363
17.4,15.999776840209961
17.6,16.14381217956543
19.6,16.59400177001953
12.5,14.153606414794922
16.0,15.426423072814941
13.3,15.063895225524902
19.0,16.11314582824707
18.7,16.730712890625
15.6,15.12954044342041
15.3,14.737689018249512
15.2,14.943556785583496
15.1,14.908122062683105
14.0,14.45654582977295
19.0,16.10209846496582
17.9,16.22827911376953
14.8,14.826138496398926
14.8,14.74824333190918
16.3,15.20979118347168
15.7,14.927624702453613
14.3,14.79350757598877
15.4,14.943066596984863
15.2,14.784228324890137
18.5,16.007646560668945
14.1,15.182107925415039
10.6,13.32441234588623
15.2,14.774240493774414
15.4,15.14333724975586
16.4,15.75800895690918
11.6,13.708674430847168
16.2,15.235321998596191
15.6,15.060229301452637
16.7,15.797246932983398
15.5,15.078023910522461
15.0,14.79653263092041
18.0,16.391067504882812
15.2,15.11008071899414
18.6,16.7578182220459
15.9,15.096887588500977
18.3,16.49772071838379
15.6,14.604528427124023
15.2,14.734123229980469
14.4,14.248014450073242
17.5,15.835461616516113
10.3,12.975642204284668
17.5,15.647144317626953
16.2,15.389900207519531
18.5,16.72350311279297
15.9,15.383206367492676
15.2,15.16842269897461
16.9,15.93205451965332
16.1,15.43790340423584
16.0,15.327489852905273
18.0,15.487167358398438
15.1,14.721137046813965
19.5,16.115951538085938
16.1,15.464826583862305
17.2,15.865795135498047
15.9,15.316791534423828
19.3,16.893157958984375
14.2,14.818009376525879
11.3,12.925362586975098
14.7,14.61100959777832
14.5,14.223837852478027
15.8,15.005635261535645
13.5,14.38064956665039
15.2,15.024011611938477
16.8,15.709291458129883
15.4,14.568903923034668
17.7,15.81653881072998
15.7,15.308504104614258
15.0,15.085410118103027
13.0,13.274494171142578
14.5,14.592434883117676
14.5,14.436834335327148
16.1,15.168625831604004
11.7,14.193130493164062
15.7,14.973738670349121
15.5,14.929781913757324
13.9,15.115466117858887
14.2,14.821135520935059
19.8,17.039628982543945
14.1,14.110006332397461
15.5,14.832180976867676
15.4,15.232717514038086
11.6,14.04391860961914
16.5,15.418181419372559
14.9,15.064604759216309
15.1,15.184684753417969
14.8,14.69293212890625
16.7,15.136399269104004
15.1,14.911970138549805
11.4,13.651496887207031
18.9,16.696413040161133
11.5,13.568100929260254
14.3,15.690195083618164
17.7,15.938365936279297
16.0,15.245576858520508
14.6,14.594099044799805
17.1,15.818143844604492
11.2,13.392374038696289
14.4,14.468778610229492
15.3,14.822123527526855
12.9,13.86320686340332
12.7,13.807175636291504
16.2,14.585528373718262
19.4,13.8356294631958
15.1,14.710379600524902
15.1,14.887913703918457
19.4,16.64259147644043
15.1,14.750899314880371
14.9,14.905709266662598
14.6,15.581819534301758
13.9,14.484736442565918
13.4,15.189152717590332
11.0,12.644661903381348
9.1,11.961053848266602
14.3,15.343545913696289
9.1,13.277268409729004
11.5,13.777718544006348
15.1,15.240226745605469
16.2,15.230264663696289
14.8,14.709749221801758
14.8,14.862431526184082
17.1,15.913439750671387
15.5,15.038827896118164
15.5,14.964037895202637
14.9,14.619437217712402
15.6,14.966562271118164
14.2,15.1100492477417
16.0,15.137514114379883
13.5,14.293783187866211
12.0,14.024295806884766
18.2,15.477137565612793
16.9,15.74492359161377
14.7,14.522050857543945
13.0,14.1519193649292
15.1,14.837854385375977
18.6,16.579477310180664
16.2,16.188573837280273
18.2,16.432802200317383
18.4,15.840927124023438
15.4,15.654861450195312
18.9,15.93347454071045
19.9,16.789731979370117
19.7,16.86813735961914
13.0,14.031731605529785
16.5,16.300111770629883
14.6,14.999972343444824
16.6,15.560361862182617
15.6,15.258219718933105
18.8,15.069772720336914
15.9,15.119039535522461
11.6,13.754157066345215
14.2,14.318305969238281
17.1,16.173805236816406
15.5,15.112774848937988
13.6,14.340441703796387
16.3,14.763470649719238
19.9,16.20299530029297
15.7,14.885904312133789
14.1,14.383089065551758
19.8,17.058094024658203
15.7,14.960412979125977
9.9,13.194186210632324
12.0,13.835551261901855
15.5,14.914600372314453
14.4,14.734078407287598
14.8,14.484855651855469
8.4,11.73105525970459
15.4,15.107064247131348
13.1,14.000811576843262
15.8,15.22817325592041
14.2,14.298486709594727
13.9,14.50550365447998
14.6,14.48829460144043
15.2,15.172765731811523
13.9,14.367925643920898
12.9,14.212553977966309
13.1,14.119623184204102
18.5,15.540618896484375
12.6,13.92330551147461
12.8,14.487269401550293
11.3,13.422087669372559
14.0,14.69631576538086
14.0,14.360906600952148
11.5,13.120406150817871
14.5,14.443824768066406
15.0,14.840470314025879
7.1,12.118843078613281
15.0,15.540051460266113
15.7,15.145492553710938
14.0,15.494353294372559
13.1,14.360648155212402
15.0,15.074545860290527
14.4,14.395682334899902
15.5,14.803722381591797
14.5,15.025886535644531
13.8,14.333868980407715
13.0,13.947317123413086
14.8,14.6466703414917
15.6,14.88388442993164
14.6,14.782654762268066
14.3,14.46857738494873
15.7,15.046564102172852
19.7,16.980051040649414
14.5,14.109647750854492
15.8,14.84350872039795
8.7,12.249605178833008
14.8,15.466307640075684
14.9,14.641510963439941
19.7,16.994369506835938
14.9,14.813876152038574
13.6,14.648231506347656
15.5,14.868890762329102
15.2,14.625875473022461
14.8,14.734746932983398
12.7,14.234969139099121
11.9,13.769003868103027
14.9,14.740263938903809
12.7,13.625753402709961
16.3,15.105063438415527
12.8,13.797557830810547
12.9,14.26026725769043
16.4,15.539087295532227
15.3,14.823909759521484
13.6,14.356167793273926
13.3,13.888930320739746
16.0,15.139189720153809
13.9,14.581535339355469
13.4,14.27996826171875
13.3,14.267864227294922
14.5,15.279451370239258
13.9,14.56286334991455
15.7,14.850859642028809
15.0,14.628353118896484
11.9,13.957928657531738
11.3,14.478056907653809
16.5,16.01877784729004
17.9,14.524762153625488
8.9,13.53527545928955
15.2,15.109525680541992
15.7,15.129664421081543
15.5,15.107147216796875
12.6,14.147204399108887
12.9,14.148491859436035
19.5,16.374711990356445
14.8,14.555719375610352
12.6,14.512112617492676
19.4,16.65880584716797
15.3,14.772538185119629
13.5,14.06462287902832
14.3,14.59394645690918
15.4,14.88577938079834
15.3,15.26364517211914
16.5,15.477665901184082
13.1,14.468836784362793
11.9,13.60642147064209
12.4,13.350942611694336
19.8,16.893911361694336
14.5,13.878052711486816
14.4,14.270092964172363
15.1,14.920110702514648
15.7,14.963102340698242
9.6,14.845721244812012
15.5,15.077227592468262
13.7,14.353145599365234
15.9,14.89037799835205
16.0,16.11322784423828
15.5,15.304991722106934
13.8,14.227797508239746
15.4,14.889665603637695
13.7,14.193260192871094
16.1,15.549849510192871
12.9,13.948477745056152
19.7,16.889204025268555
13.9,14.110564231872559
15.2,14.831089973449707
17.8,16.06239128112793
13.1,14.355803489685059
14.4,14.714462280273438
19.5,16.537261962890625
13.1,13.774744987487793
14.7,14.700407028198242
14.8,14.604875564575195
12.6,14.67612361907959
16.2,15.105393409729004
14.7,14.816413879394531
15.4,14.670390129089355
12.1,14.590224266052246
15.3,15.25413990020752
17.4,15.208572387695312
17.7,15.65538215637207
16.4,15.2920503616333
16.0,15.066408157348633
13.7,13.896549224853516
9.7,12.966205596923828
10.9,13.322319030761719
12.3,13.710121154785156
14.7,14.67927074432373
13.1,13.991086959838867
14.8,14.830609321594238
19.9,16.8892879486084
16.3,16.092744827270508
13.0,14.309602737426758
12.5,14.817632675170898
14.6,15.099308013916016
19.9,16.981996536254883
13.4,15.075095176696777
11.8,14.651986122131348
14.2,14.639137268066406
16.1,15.449254989624023
11.5,13.424291610717773
16.4,14.922514915466309
15.1,14.848917961120605
14.0,14.0306396484375
11.4,13.44436264038086
14.5,14.090075492858887
15.6,15.100306510925293
14.0,14.560688018798828
5.6,10.769153594970703
16.1,15.211343765258789
14.4,14.795731544494629
12.7,14.541753768920898
19.9,16.75750160217285
13.8,14.442801475524902
14.0,14.309024810791016
14.9,14.763105392456055
18.7,14.74423599243164
18.4,16.327720642089844
15.6,14.823332786560059
14.4,14.133722305297852
11.5,13.084096908569336
14.5,14.760190963745117
15.0,14.458793640136719
18.7,16.513545989990234
18.3,16.65725326538086
16.0,14.863914489746094
16.0,14.920977592468262
16.6,15.125619888305664
12.7,14.250608444213867
18.4,15.254500389099121
14.2,14.4290771484375
14.7,15.275522232055664
15.3,14.04576587677002
15.7,14.868155479431152
10.6,13.278372764587402
15.7,15.010947227478027
14.8,15.683427810668945
13.2,14.291860580444336
16.0,15.631451606750488
11.6,14.46534252166748
4.8,11.024606704711914
15.2,14.878954887390137
13.7,14.532054901123047
13.5,14.491281509399414
13.7,14.045326232910156
9.8,13.972976684570312
15.4,14.837903022766113
12.0,13.722262382507324
16.1,15.339062690734863
14.9,14.734809875488281
12.1,14.10184383392334
10.4,12.953631401062012
15.4,14.795670509338379
17.0,15.673690795898438
13.7,13.512717247009277
15.7,14.845720291137695
15.8,14.931501388549805
13.5,14.1901273727417
15.2,14.986944198608398
14.9,15.499330520629883
14.6,14.836080551147461
13.9,14.559174537658691
12.9,14.290536880493164
11.9,14.16286849975586
18.5,16.271785736083984
13.7,14.425459861755371
14.7,15.26452922821045
15.2,14.986283302307129
14.4,14.648704528808594
16.6,13.912675857543945
16.7,15.76187515258789
14.6,14.693435668945312
14.0,15.199356079101562
16.4,15.19447135925293
15.6,15.270228385925293
14.1,14.697172164916992
12.0,13.606749534606934
13.8,14.936391830444336
13.2,14.326544761657715
14.5,14.764392852783203
11.8,13.281013488769531
18.8,17.02628517150879
14.9,14.816632270812988
11.9,13.915716171264648
13.7,14.10429859161377
15.6,14.839542388916016
10.1,12.594671249389648
11.1,13.309674263000488
15.4,14.896322250366211
14.8,14.77734661102295
11.4,13.268009185791016
14.1,14.974308967590332
13.8,14.490922927856445
15.1,15.094382286071777
11.3,12.941300392150879
11.6,13.939939498901367
14.7,14.615025520324707
13.0,14.097139358520508
13.6,14.90975284576416
15.5,14.820114135742188
18.8,16.664932250976562
15.1,14.822761535644531
15.9,15.873252868652344
11.4,13.373021125793457
18.4,16.036027908325195
14.6,14.600055694580078
16.9,16.828777313232422
6.5,12.798002243041992
16.8,16.441675186157227
14.8,14.83061695098877
15.2,14.769737243652344
14.0,14.209440231323242
14.2,14.950400352478027
15.5,14.899595260620117
13.5,14.377685546875
19.6,16.862716674804688
13.0,14.198336601257324
13.6,14.06889820098877
13.5,15.11243724822998
15.4,15.252693176269531
13.8,14.647697448730469
15.6,15.053720474243164
15.4,14.563375473022461
15.3,15.392322540283203
11.7,13.704475402832031
15.3,14.821861267089844
11.5,13.337385177612305
7.8,12.906474113464355
10.2,12.604354858398438
13.8,14.012381553649902
13.6,14.800180435180664
11.7,13.209424018859863
14.6,15.136030197143555
15.8,14.969986915588379
14.2,14.750808715820312
14.2,14.438010215759277
15.5,14.995550155639648
10.1,13.230912208557129
12.8,13.942726135253906
17.1,15.898512840270996
15.7,15.140021324157715
18.1,16.80276870727539
19.6,16.569047927856445
14.9,14.681229591369629
15.8,14.853535652160645
18.2,16.564653396606445
18.6,16.54998207092285
19.4,15.212936401367188
12.9,14.111551284790039
11.7,13.740715980529785
15.2,14.96630859375
12.7,13.751701354980469
17.6,16.318397521972656
16.8,15.85854434967041
17.8,15.085189819335938
14.9,14.475780487060547
14.7,15.106149673461914
14.6,14.026575088500977
16.1,15.297901153564453
17.2,16.16446304321289
17.4,15.914447784423828
15.4,15.092377662658691
8.4,12.623992919921875
15.5,15.195769309997559
17.9,15.853950500488281
15.6,14.877191543579102
15.2,14.752795219421387
14.9,14.349859237670898
9.8,15.673179626464844
13.0,14.641938209533691
15.1,15.098999977111816
11.9,13.730846405029297
13.3,14.060772895812988
13.0,14.052961349487305
12.1,13.827655792236328
14.2,14.638484954833984
13.4,14.067761421203613
15.8,15.294733047485352
13.5,14.297212600708008
18.1,16.699573516845703
12.7,14.213094711303711
14.3,14.70728874206543
14.6,14.758138656616211
15.0,14.806278228759766
13.9,14.826906204223633
17.1,15.688267707824707
13.6,14.505020141601562
19.0,16.649272918701172
12.6,14.463947296142578
15.7,15.237377166748047
15.0,15.199443817138672
16.0,15.562769889831543
16.2,15.594198226928711
15.4,15.48216438293457
16.5,15.828031539916992
14.9,14.775226593017578
15.1,15.130044937133789
14.7,15.618278503417969
14.5,14.984206199645996
14.8,14.967567443847656
14.1,14.11164665222168
18.6,16.326887130737305
14.0,14.346424102783203
15.1,15.309798240661621
14.9,15.219502449035645
17.4,15.895666122436523
7.4,11.691302299499512
19.1,15.773198127746582
11.0,13.405299186706543
17.4,15.790485382080078
11.1,14.803844451904297
5.5,11.764043807983398
14.9,14.853360176086426
15.8,15.544259071350098
14.4,14.562957763671875
18.4,16.487342834472656
14.8,15.223381996154785
11.8,14.132856369018555
13.1,13.791199684143066
14.0,14.144074440002441
15.6,15.100930213928223
15.9,15.144719123840332
8.6,11.826761245727539
13.1,14.144692420959473
11.8,14.52687931060791
14.4,14.436138153076172
16.7,13.960366249084473
15.0,15.06836986541748
13.4,14.017178535461426
11.1,13.049581527709961
10.4,12.76563549041748
12.4,14.522595405578613
12.7,14.375044822692871
15.7,15.072556495666504
19.0,16.9458065032959
16.0,15.515195846557617
12.7,13.723137855529785
11.0,13.789230346679688
18.5,16.706127166748047
13.0,13.701327323913574
18.9,16.774171829223633
14.0,13.812204360961914
12.9,14.717009544372559
15.3,15.124675750732422
9.3,13.801424980163574
14.4,14.59809398651123
19.1,16.736621856689453
14.4,14.808676719665527
13.1,14.878857612609863
14.4,14.829876899719238
8.4,11.813339233398438
9.2,13.55539608001709
18.4,16.800867080688477
15.0,14.720118522644043
19.1,16.915578842163086
13.0,14.167304992675781
15.4,14.931190490722656
14.3,14.41443920135498
12.2,15.148043632507324
12.2,14.00602912902832
11.5,13.576589584350586
13.7,14.403952598571777
11.9,13.575920104980469
11.9,13.567289352416992
10.9,13.475362777709961
14.7,14.291804313659668
14.1,14.72252082824707
15.0,14.769948959350586
6.1,12.58395767211914
14.2,14.269667625427246
12.9,13.639714241027832
16.5,15.490778923034668
13.2,13.88644027709961
16.1,15.17593765258789
13.7,14.341318130493164
14.4,14.277264595031738
14.7,15.18489933013916
13.9,14.171000480651855
15.8,14.938746452331543
13.1,13.600982666015625
14.7,14.607647895812988
17.6,16.354473114013672
17.5,16.437206268310547
14.3,14.484842300415039
12.5,13.485072135925293
14.7,14.830856323242188
15.4,15.095009803771973
16.0,14.59831714630127
12.2,13.707500457763672
11.0,13.531414985656738
15.5,15.099308013916016
14.6,14.695890426635742
14.3,14.867812156677246
19.3,16.327125549316406
13.1,14.860248565673828
14.4,14.467440605163574
15.1,15.451812744140625
15.8,14.931767463684082
17.0,15.614655494689941
17.1,16.67176055908203
14.0,14.639422416687012
16.6,16.076431274414062
18.6,14.817634582519531
16.1,15.75072193145752
12.5,12.563985824584961
14.8,15.52319622039795
16.6,14.991644859313965
5.2,13.247078895568848
12.5,13.660170555114746
19.8,16.911527633666992
12.3,13.341373443603516
16.8,15.656713485717773
15.1,14.744477272033691
17.6,15.976264953613281
13.1,13.807392120361328
13.5,14.930211067199707
14.9,14.762042999267578
18.3,16.573196411132812
18.3,16.819589614868164
14.5,14.906206130981445
13.9,14.754523277282715
11.4,13.504331588745117
18.3,16.390117645263672
15.0,14.822063446044922
17.3,14.953210830688477
14.2,14.62493896484375
13.5,14.428537368774414
15.4,14.873621940612793
15.5,14.861806869506836
17.9,16.57763671875
6.6,11.567687034606934
12.9,14.863903999328613
15.2,15.133668899536133
14.3,15.131631851196289
14.7,14.525022506713867
11.7,13.865079879760742
13.6,13.686604499816895
13.1,13.854667663574219
9.5,12.576436996459961
11.6,13.509273529052734
8.8,13.222187042236328
15.3,15.308338165283203
14.8,13.808857917785645
16.9,14.751185417175293
12.0,13.568621635437012
10.9,12.069982528686523
19.9,16.905546188354492
15.3,15.13022232055664
15.1,15.011994361877441
13.5,13.922721862792969
16.6,15.727356910705566
14.6,15.390573501586914
16.2,15.061799049377441
16.4,16.440242767333984
13.6,13.743417739868164
11.7,13.2429780960083
9.4,12.407495498657227
12.7,14.014701843261719
15.0,14.378506660461426
12.3,14.054644584655762
19.8,16.097349166870117
13.2,13.855167388916016
16.4,15.851044654846191
15.3,14.807685852050781
15.8,14.699723243713379
16.5,15.492572784423828
15.0,14.825451850891113
16.7,15.65841007232666
18.2,16.393579483032227
13.4,13.642218589782715
16.5,15.666644096374512
14.0,15.360467910766602
13.9,13.81554126739502
12.6,14.109808921813965
6.3,11.553365707397461
12.8,13.668155670166016
12.1,13.189020156860352
15.0,14.672720909118652
14.7,14.677231788635254
14.4,14.5927152633667
18.6,16.75482940673828
13.4,14.166555404663086
15.7,15.132906913757324
19.2,15.365508079528809
15.8,15.14333724975586
15.3,14.686589241027832
19.3,15.643102645874023
14.2,15.005685806274414
13.6,14.460153579711914
15.5,16.373859405517578
17.1,14.752412796020508
15.0,14.902179718017578
14.2,14.540820121765137
17.3,16.603036880493164
13.7,13.797661781311035
14.7,14.577978134155273
16.2,15.955316543579102
14.9,14.845027923583984
9.8,13.37401008605957
14.4,14.580130577087402
12.9,13.708714485168457
14.1,14.116323471069336
13.2,14.446413040161133
15.6,14.778812408447266
18.0,16.361215591430664
17.4,16.407445907592773
15.3,14.857059478759766
14.5,14.864075660705566
15.1,15.120820045471191
13.4,14.47344970703125
14.4,15.50679874420166
13.0,13.790331840515137
15.4,15.041529655456543
12.6,13.759186744689941
17.8,16.408292770385742
13.8,14.531606674194336
14.5,15.01242733001709
15.6,15.175272941589355
16.7,15.054027557373047
12.8,14.193120956420898
14.9,14.745879173278809
14.6,14.824724197387695
17.9,16.762752532958984
13.9,14.217499732971191
10.6,13.533038139343262
14.0,14.205018043518066
19.3,16.696672439575195
13.7,14.493755340576172
13.6,13.901061058044434
15.3,14.961267471313477
15.1,15.424066543579102
19.6,17.047048568725586
15.5,15.375953674316406
18.2,16.332277297973633
17.6,14.321746826171875
19.4,16.821176528930664
15.0,15.019327163696289
14.6,14.928326606750488
17.6,16.145526885986328
16.6,15.055155754089355
15.4,15.185935974121094
16.9,15.783660888671875
19.2,15.89205551147461
14.9,14.483421325683594
15.2,14.761853218078613
14.9,14.932683944702148
16.4,15.678065299987793
19.4,16.757545471191406
12.8,13.800959587097168
19.3,16.636943817138672
17.8,15.916048049926758
15.2,14.949813842773438
17.3,15.608515739440918
15.4,15.210469245910645
16.3,14.879798889160156
15.2,15.49429702758789
14.6,14.855422973632812
15.3,14.8775634765625
15.1,15.505419731140137
18.0,16.074804306030273
19.2,16.840757369995117
17.4,15.674877166748047
12.1,13.740767478942871
15.0,15.044892311096191
15.4,14.897521018981934
12.3,13.484009742736816
15.7,15.14225959777832
17.2,16.5288143157959
16.2,15.196127891540527
19.6,16.88712501525879
15.8,15.133981704711914
15.2,14.866874694824219
16.2,15.527461051940918
14.8,14.598313331604004
15.6,15.272745132446289
17.8,15.613068580627441
16.2,15.513591766357422
16.6,15.760481834411621
16.5,15.272994041442871
14.2,14.45854377746582
14.5,14.51264476776123
16.9,16.081222534179688
15.2,14.671385765075684
14.9,15.149621963500977
7.0,12.746865272521973
17.3,16.140056610107422
13.0,14.318384170532227
15.1,14.197450637817383
16.4,14.321971893310547
15.1,15.099328994750977
11.6,13.335638999938965
18.5,16.471853256225586
19.9,16.67165184020996
15.3,15.111773490905762
14.7,14.825355529785156
17.9,15.154644012451172
14.0,14.537830352783203
15.9,15.19892692565918
14.4,14.729999542236328
14.5,15.010924339294434
15.4,14.931046485900879
15.6,15.137065887451172
12.8,14.216853141784668
11.3,13.532501220703125
18.8,16.032434463500977
15.8,14.839639663696289
10.8,12.88947582244873
19.6,16.238893508911133
15.8,14.8986234664917
15.2,14.476861000061035
15.6,14.704628944396973
13.7,14.254947662353516
13.7,14.296276092529297
15.3,14.744922637939453
19.9,17.039628982543945
13.5,14.108388900756836
15.3,14.74875259399414
15.2,14.960857391357422
16.2,15.367732048034668
17.5,16.213674545288086
15.0,15.12260627746582
6.5,12.289751052856445
15.4,14.911890029907227
16.0,15.287591934204102
15.9,15.222856521606445
16.3,15.382230758666992
15.9,14.882206916809082
15.1,14.929059982299805
15.5,14.630373001098633
14.9,14.43552017211914
15.6,15.00955581665039
14.5,14.237011909484863
13.6,14.177119255065918
14.5,14.976984024047852
14.6,15.411773681640625
15.4,15.102644920349121
15.2,14.77259635925293
14.6,15.030705451965332
7.5,13.513333320617676
14.5,14.427342414855957
15.7,15.262530326843262
11.5,13.669387817382812
14.7,14.934069633483887
16.2,15.390995979309082
17.6,15.516563415527344
15.2,15.303218841552734
14.8,14.82082462310791
14.4,14.487844467163086
14.9,14.71861457824707
14.9,14.292591094970703
12.5,13.788979530334473
13.8,14.401416778564453
13.6,14.047415733337402
15.9,15.506996154785156
13.6,14.61345100402832
17.5,15.323735237121582
15.7,15.425107955932617
13.3,14.508931159973145
12.4,13.787369728088379
15.2,14.454792976379395
17.3,15.209421157836914
15.3,14.769072532653809
15.0,14.78058910369873
15.4,14.948775291442871
15.6,15.071901321411133
15.9,15.506749153137207
15.3,14.635964393615723
11.0,12.76817512512207
16.6,15.85863971710205
14.4,14.577651977539062
15.3,14.837350845336914
15.3,15.15306282043457
19.4,16.317609786987305
16.0,14.855459213256836
8.9,13.33988094329834
11.3,12.91111946105957
19.8,16.493648529052734
15.0,14.841135025024414
14.2,14.358232498168945
13.9,14.524965286254883
15.6,14.87618350982666
19.0,17.011993408203125
10.6,13.13868522644043
12.1,13.715448379516602
14.8,14.325228691101074
13.1,13.917445182800293
15.1,14.991436004638672
14.4,15.346997261047363
13.5,14.119379043579102
8.8,11.819239616394043
13.4,13.900025367736816
15.9,15.644607543945312
10.8,13.610968589782715
16.8,14.212332725524902
13.0,14.560625076293945
13.4,14.227002143859863
15.1,14.818228721618652
12.4,14.052011489868164
14.5,14.555809020996094
15.9,15.072186470031738
13.6,14.341645240783691
19.1,16.521215438842773
13.0,14.464361190795898
15.7,15.112204551696777
13.0,14.335762023925781
17.3,15.983277320861816
14.5,14.522719383239746
14.1,15.149303436279297
16.5,15.11744499206543
13.4,13.936824798583984
14.3,14.506865501403809
16.7,15.754549980163574
14.9,14.75877571105957
9.3,13.91499137878418
15.7,15.9226713180542
10.1,13.366613388061523
10.3,14.314289093017578
15.2,14.62939739227295
13.6,14.444609642028809
14.4,14.797806739807129
12.6,13.703995704650879
14.5,14.427579879760742
12.9,13.661413192749023
15.1,14.920825004577637
13.3,14.242807388305664
16.4,16.403974533081055
14.2,14.826704978942871
15.0,14.74130916595459
15.6,14.855537414550781
13.2,14.745216369628906
11.3,13.179612159729004
13.0,14.541059494018555
14.4,14.577858924865723
15.6,14.934547424316406
15.7,15.410948753356934
19.3,16.87502670288086
12.7,14.534360885620117
16.7,15.46848201751709
14.5,15.856398582458496
17.7,16.408926010131836
15.7,15.20549201965332
16.1,15.485564231872559
15.4,15.298661231994629
15.8,15.20323371887207
14.1,14.501232147216797
13.4,14.500990867614746
15.1,14.838896751403809
16.7,16.16506004333496
13.6,15.302786827087402
16.9,15.521764755249023
19.5,16.764921188354492
19.3,16.69119644165039
13.1,14.105226516723633
18.0,16.503536224365234
18.1,16.564483642578125
10.8,13.482014656066895
17.8,16.319189071655273
15.8,14.890812873840332
15.8,15.061532974243164
19.8,15.217095375061035
18.8,16.590656280517578
15.8,15.029736518859863
8.4,12.31102466583252
15.9,15.000530242919922
14.3,14.536542892456055
14.3,14.683791160583496
15.7,14.755885124206543
15.7,14.688827514648438
14.3,14.319021224975586
15.2,14.86917781829834
12.2,15.557250022888184
17.6,16.074312210083008
14.2,14.50132942199707
14.4,14.947894096374512
15.4,14.831076622009277
13.9,13.772088050842285
14.6,14.677051544189453
15.5,14.828996658325195
15.6,14.879332542419434
9.2,12.66091537475586
16.8,15.528663635253906
15.1,14.882122039794922
13.2,13.927777290344238
14.7,14.683318138122559
13.2,14.868233680725098
16.2,15.330456733703613
13.9,14.448107719421387
14.9,14.97115707397461
17.8,16.445344924926758
15.9,14.94115924835205
19.9,16.669660568237305
15.6,15.409111976623535
15.5,15.520880699157715
15.5,14.755476951599121
16.2,15.621170043945312
18.8,16.586891174316406
19.4,16.8935546875
14.0,15.472368240356445
16.7,15.033167839050293
11.2,13.353446960449219
10.6,13.813091278076172
15.6,15.578801155090332
19.6,16.92459487915039
17.7,16.18400001525879
15.3,14.83436107635498
15.1,15.013471603393555
16.7,15.625974655151367
18.6,16.92462730407715
15.4,14.660168647766113
16.7,14.542210578918457
15.2,14.49968147277832
11.4,13.225947380065918
12.1,14.377933502197266
11.9,13.904460906982422
15.5,14.81065845489502
13.3,14.497035026550293
14.3,15.091047286987305
11.8,13.69951343536377
12.0,13.689708709716797
14.9,14.401917457580566
15.4,15.224699974060059
18.3,15.814403533935547
11.3,13.282569885253906
13.7,14.328783988952637
14.9,15.159948348999023
13.3,14.39095687866211
13.8,14.97501277923584
15.9,15.956893920898438
11.1,13.799154281616211
12.1,13.72531509399414
13.2,14.145447731018066
10.8,13.550121307373047
13.1,14.066104888916016
13.7,15.209579467773438
15.7,14.90101146697998
15.4,14.829444885253906
16.0,15.066408157348633
15.3,14.829304695129395
12.8,14.038909912109375
14.8,14.679886817932129
13.5,14.248393058776855
16.1,15.001511573791504
11.7,13.917304992675781
14.3,14.29246997833252
17.2,16.60617446899414
17.4,16.28765869140625
15.3,14.883745193481445
13.0,14.80146312713623
12.3,14.126051902770996
10.0,13.864751815795898
19.0,15.684672355651855
11.9,13.934355735778809
12.5,13.825333595275879
14.5,14.78548812866211
8.3,11.63636302947998
13.4,14.327703475952148
11.4,13.547280311584473
15.4,15.623377799987793
16.8,15.334301948547363
12.3,13.721710205078125
13.5,14.200761795043945
14.4,15.4004545211792
12.2,13.837471961975098
11.3,13.401859283447266
14.6,16.427204132080078
14.6,15.096887588500977
18.3,16.627819061279297
16.7,15.80265998840332
14.0,14.99548053741455
14.8,14.562032699584961
16.7,15.884185791015625
10.7,13.46229076385498
14.8,14.670007705688477
15.0,14.850467681884766
9.1,14.45920467376709
16.9,15.70688533782959
13.5,15.021156311035156
13.7,14.04728889465332
12.4,13.656784057617188
17.2,16.38918113708496
14.9,14.74435806274414
14.9,14.85616397857666
12.9,13.520160675048828
14.1,14.957212448120117
11.8,14.387279510498047
17.0,16.29738426208496
10.8,13.71908950805664
11.1,13.24598217010498
14.9,14.675370216369629
13.8,15.267233848571777
14.1,14.301334381103516
15.3,15.167418479919434
14.4,14.574490547180176
14.4,14.473296165466309
10.3,13.382353782653809
14.4,14.044927597045898
15.4,14.808403968811035
10.7,13.302223205566406
14.6,14.834906578063965
12.6,13.599762916564941
14.6,14.278984069824219
15.0,14.753294944763184
14.4,14.999129295349121
15.3,15.141424179077148
16.8,16.120195388793945
13.1,14.458961486816406
15.3,15.593422889709473
16.6,15.702284812927246
15.7,15.399292945861816
9.1,14.338823318481445
14.3,14.732190132141113
14.5,14.79459285736084
12.7,14.041532516479492
15.7,15.227163314819336
14.6,15.039519309997559
14.1,14.440377235412598
18.8,16.47060775756836
16.6,15.419609069824219
13.7,14.2445707321167
15.4,15.088112831115723
13.9,14.234046936035156
15.6,15.080995559692383
17.4,16.218595504760742
12.7,13.608295440673828
9.7,14.274114608764648
11.7,13.65217113494873
15.8,15.05835247039795
14.1,14.53205394744873
14.5,13.97146987915039
13.4,14.724462509155273
13.4,13.72413158416748
14.1,14.460514068603516
15.6,15.137789726257324
12.5,13.33607292175293
15.4,15.065929412841797
15.9,15.274026870727539
13.1,13.732202529907227
14.9,14.697356224060059
14.6,14.7576322555542
15.4,14.870827674865723
19.7,16.877910614013672
14.9,14.408414840698242
13.3,14.176247596740723
18.1,16.509410858154297
16.2,15.373062133789062
13.7,15.021143913269043
14.1,14.022838592529297
16.7,15.656793594360352
13.1,13.750017166137695
14.3,14.180413246154785
18.9,16.554758071899414
16.7,16.175920486450195
15.9,15.563515663146973
14.3,14.683817863464355
16.2,15.158652305603027
15.9,15.539674758911133
17.0,16.412452697753906
14.2,14.487845420837402
15.3,15.072707176208496
15.5,15.109098434448242
15.4,14.843008995056152
16.1,15.0689697265625
15.4,15.035727500915527
10.7,12.997780799865723
15.3,14.858772277832031
18.5,15.623151779174805
15.8,14.969986915588379
15.6,15.386539459228516
12.8,14.138643264770508
16.1,15.131810188293457
15.4,15.042800903320312
15.4,14.943612098693848
10.8,13.99801254272461
17.1,16.24384307861328
16.9,15.605947494506836
15.4,14.646053314208984
15.8,14.864916801452637
17.1,16.158647537231445
19.8,16.934789657592773
12.5,14.507478713989258
19.3,16.14448356628418
15.8,14.801994323730469
14.7,15.036149024963379
18.5,16.584306716918945
19.6,15.315999984741211
19.5,16.76038360595703
16.2,15.187287330627441
16.2,15.187287330627441
15.6,15.142046928405762
16.8,15.777981758117676
15.9,15.111379623413086
17.8,16.12771987915039
17.1,15.1592435836792
16.1,15.091248512268066
16.7,15.610160827636719
16.4,15.091116905212402
15.4,14.928685188293457
15.2,14.886038780212402
16.5,15.997675895690918
16.6,15.424640655517578
15.6,14.985856056213379
15.3,14.721407890319824
15.6,15.089163780212402
13.9,14.596170425415039
14.3,15.08028793334961
12.2,13.75954818725586
10.9,13.719696044921875
10.6,13.419025421142578
10.9,12.845467567443848
15.0,14.449100494384766
13.5,14.12464714050293
15.7,14.582365036010742
11.7,13.743512153625488
15.4,15.104445457458496
12.6,13.585683822631836
13.5,15.19005012512207
15.5,14.905143737792969
14.6,14.437458038330078
18.1,15.82470417022705
19.4,16.4605712890625
8.9,15.333475112915039
16.0,15.984500885009766
12.5,13.89635181427002
14.7,14.293712615966797
14.6,14.760379791259766
14.8,15.989489555358887
12.2,13.423439979553223
13.8,13.70594596862793
16.8,15.647377967834473
12.5,14.206665992736816
16.1,15.141096115112305
14.5,14.546273231506348
16.4,15.43571949005127
15.9,15.118478775024414
19.9,16.714488983154297
14.0,13.88875961303711
10.6,14.727686882019043
15.8,14.905311584472656
19.1,16.953479766845703
9.6,14.201164245605469
16.5,15.074545860290527
14.4,14.182693481445312
15.6,14.743490219116211
15.0,14.671770095825195
15.0,14.810776710510254
14.8,15.091012001037598
16.4,16.170825958251953
19.2,16.874767303466797
15.2,15.021066665649414
16.0,15.693435668945312
18.6,16.245601654052734
17.7,16.513383865356445
16.7,15.508739471435547
13.9,14.346224784851074
15.8,15.440873146057129
15.7,15.360045433044434
15.4,14.932860374450684
14.9,14.596511840820312
17.1,15.140373229980469
15.8,15.341065406799316
16.8,15.97527027130127
18.1,16.49062156677246
15.1,15.064682006835938
15.4,15.019635200500488
16.9,15.359886169433594
12.8,14.2155122756958
15.2,14.304733276367188
16.0,15.108633041381836
15.1,14.84157943725586
15.0,14.941661834716797
18.4,16.14154815673828
16.9,14.943390846252441
16.4,16.029966354370117
10.9,14.98403549194336
15.9,15.026956558227539
16.8,16.022924423217773
15.0,14.83531665802002
18.7,16.18168067932129
16.2,15.428031921386719
17.9,16.549148559570312
16.2,15.836604118347168
13.8,14.365728378295898
17.0,15.251100540161133
15.5,14.831844329833984
15.6,14.930513381958008
18.3,16.22305679321289
15.4,15.437821388244629
15.8,14.548410415649414
14.5,14.412236213684082
16.1,15.074545860290527
15.4,14.7892484664917
18.6,16.104368209838867
19.5,16.553781509399414
15.9,15.159241676330566
15.5,14.783059120178223
17.1,15.659612655639648
16.6,15.103042602539062
19.5,16.807111740112305
15.7,14.80040454864502
13.1,13.869001388549805
10.3,13.000957489013672
7.6,12.702699661254883
11.8,13.583431243896484
17.9,14.034011840820312
14.4,14.473917007446289
16.7,15.450032234191895
16.0,15.13688850402832
15.5,15.049246788024902
14.6,14.642608642578125
15.0,14.909856796264648
16.0,15.114228248596191
14.7,14.702696800231934
14.6,14.89647388458252
12.6,14.343504905700684
15.7,14.796977996826172
15.2,14.915599822998047
15.3,14.908332824707031
14.8,14.720953941345215
15.8,14.904913902282715
15.7,15.300337791442871
15.6,14.967438697814941
14.2,14.762837409973145
8.3,13.888422012329102
15.8,14.83948802947998
17.3,15.126648902893066
18.9,16.810157775878906
10.9,11.320906639099121
17.8,16.36638641357422
19.3,16.336902618408203
12.9,14.119705200195312
15.9,14.234597206115723
13.9,14.700844764709473
15.0,15.354212760925293
14.2,14.655004501342773
16.9,16.19281005859375
18.0,16.167903900146484
14.2,15.523577690124512
12.6,14.35096549987793
9.8,12.986648559570312
15.6,14.970932960510254
16.1,15.288568496704102
15.2,15.095410346984863
16.9,15.108132362365723
16.8,15.605018615722656
18.7,16.788034439086914
13.1,14.856283187866211
15.4,15.41012954711914
15.3,15.043327331542969
14.8,14.846787452697754
13.9,14.64600658416748
8.9,13.339902877807617
13.7,14.321762084960938
16.0,15.037839889526367
17.0,16.24811363220215
16.1,15.101073265075684
18.1,16.295780181884766
11.2,12.634027481079102
15.4,14.819086074829102
16.4,15.461882591247559
12.5,13.677916526794434
19.5,16.71788215637207
14.1,14.408053398132324
14.1,14.380311965942383
16.5,15.5308198928833
15.9,15.22468090057373
15.3,14.807426452636719
13.2,14.1486177444458
19.8,16.995315551757812
15.8,15.380861282348633
11.5,13.190476417541504
10.3,13.050800323486328
11.3,13.82712173461914
14.7,14.525343894958496
12.4,13.369747161865234
16.3,15.788345336914062
15.4,14.918549537658691
14.7,14.601972579956055
15.9,14.899216651916504
14.1,14.462244987487793
19.6,16.82318878173828
13.3,13.670563697814941
16.7,15.840697288513184
12.9,13.676778793334961
12.9,14.038132667541504
14.6,14.231344223022461
15.3,15.155437469482422
14.5,14.838525772094727
14.6,14.560894012451172
14.9,15.107807159423828
13.6,14.478569030761719
8.4,12.232425689697266
12.0,13.221381187438965
16.8,15.752086639404297
15.2,15.033574104309082
17.6,16.072954177856445
13.4,14.033547401428223
19.1,15.842516899108887
15.2,15.594603538513184
16.2,15.555569648742676
17.1,15.167418479919434
16.4,14.588756561279297
13.0,13.852228164672852
14.0,14.380704879760742
15.4,14.832216262817383
14.0,14.79685115814209
14.0,14.214290618896484
17.6,15.848868370056152
15.9,15.398011207580566
15.0,14.730330467224121
15.8,14.908575057983398
15.1,14.720701217651367
14.5,14.727957725524902
14.7,14.470219612121582
19.2,16.438560485839844
15.6,15.17052936553955
15.4,14.889634132385254
16.6,15.549280166625977
15.3,14.801152229309082
15.6,14.744359970092773
13.2,14.567293167114258
16.7,15.6257963180542
13.6,13.97657299041748
10.5,13.38858413696289
14.4,14.284736633300781
14.1,13.816502571105957
18.9,16.37234115600586
14.0,14.489229202270508
13.3,14.271702766418457
10.9,12.987046241760254
12.1,14.063200950622559
15.1,14.862749099731445
13.8,14.370209693908691
15.4,15.189457893371582
11.4,12.508611679077148
13.2,13.831633567810059
16.4,14.78138256072998
12.8,14.304420471191406
18.7,15.767725944519043
12.9,14.896860122680664
11.6,13.555631637573242
12.7,13.797025680541992
13.7,14.386751174926758
13.7,14.212717056274414
19.7,16.98996353149414
15.0,15.166722297668457
14.3,14.56859016418457
16.3,15.1400785446167
13.2,14.736461639404297
10.6,12.387792587280273
14.4,14.371589660644531
18.0,16.013994216918945
18.2,15.635417938232422
14.4,14.752127647399902
17.1,15.783130645751953
16.4,15.736248016357422
15.6,14.810004234313965
7.9,11.88945484161377
15.3,13.943238258361816
13.0,14.14029598236084
19.4,15.521598815917969
18.4,16.86978530883789
16.7,15.445121765136719
12.6,13.861564636230469
10.7,13.125405311584473
16.6,15.927023887634277
19.4,16.318817138671875
14.2,14.50794792175293
14.3,14.472334861755371
15.9,14.78126049041748
16.7,14.434832572937012
13.6,14.382396697998047
17.6,15.575304985046387
15.9,14.861444473266602
13.5,14.305816650390625
13.8,14.466819763183594
15.0,14.836249351501465
19.3,16.563674926757812
15.0,14.864672660827637
17.0,15.593750953674316
15.5,15.13271427154541
16.5,15.890661239624023
15.3,15.190112113952637
12.9,14.166529655456543
19.4,16.23806381225586
14.8,14.713476181030273
15.5,15.135124206542969
16.1,15.734936714172363
18.5,15.66383171081543
17.0,15.499911308288574
12.5,14.288443565368652
14.8,14.620429039001465
18.4,16.163681030273438
19.4,16.85540008544922
15.2,15.020800590515137
19.0,16.438745498657227
11.5,13.561225891113281
13.3,14.44033432006836
14.2,14.442248344421387
15.4,14.929192543029785
11.3,13.425905227661133
12.8,13.620675086975098
13.2,13.727285385131836
13.1,13.7155122756958
13.6,14.296698570251465
16.4,15.282715797424316
13.3,14.60357666015625
15.5,15.117043495178223
12.7,14.265503883361816
12.5,13.564156532287598
18.1,16.580820083618164
16.6,15.744132041931152
13.2,14.766229629516602
11.6,13.318769454956055
19.3,16.89508819580078
18.1,15.132708549499512
15.6,14.957880973815918
11.1,13.139167785644531
15.2,15.228574752807617
16.9,15.998161315917969
10.7,12.81872844696045
12.8,14.129207611083984
12.5,13.981579780578613
17.0,16.262819290161133
13.5,14.206681251525879
11.2,13.952984809875488
17.5,16.59645652770996
19.8,16.798999786376953
12.2,13.873827934265137
15.2,15.170211791992188
14.7,15.689040184020996
13.3,14.37070083618164
19.5,15.26579475402832
16.5,15.799878120422363
15.6,14.91601276397705
14.8,15.494549751281738
9.6,12.780113220214844
16.2,15.001192092895508
19.6,16.493606567382812
13.9,14.219367027282715
14.1,14.19188117980957
12.8,14.448448181152344
8.3,12.980794906616211
14.1,14.02805233001709
15.2,14.94724178314209
11.9,13.20948600769043
15.3,14.840986251831055
16.5,16.545455932617188
15.0,14.809259414672852
16.9,15.820680618286133
15.4,15.143719673156738
15.4,14.901664733886719
19.8,17.01328468322754
13.6,14.093475341796875
13.0,13.836669921875
15.2,14.875218391418457
19.7,16.826709747314453
15.2,14.811524391174316
14.2,14.362852096557617
12.7,14.017766952514648
14.8,15.012472152709961
12.6,14.25397777557373
10.6,13.436171531677246
15.5,15.45907974243164
14.9,14.751626968383789
15.9,15.296499252319336
19.5,16.968196868896484
15.6,14.93993091583252
15.7,15.004619598388672
17.2,15.8805570602417
15.6,14.849455833435059
15.6,15.14333724975586
13.4,14.68522834777832
17.9,16.51624870300293
17.4,16.669330596923828
16.2,15.327919006347656
11.5,13.02733039855957
13.8,14.407987594604492
14.7,15.006399154663086
14.4,14.557079315185547
16.5,14.946019172668457
19.6,16.209693908691406
9.6,13.693161010742188
13.1,13.803940773010254
16.0,15.530390739440918
11.4,13.28781795501709
17.0,16.131906509399414
16.3,14.98720932006836
14.1,14.492327690124512
17.8,15.631645202636719
14.8,14.82678508758545
16.6,16.250286102294922
16.2,15.192034721374512
19.8,17.0046443939209
12.7,13.813849449157715
15.2,14.859525680541992
15.4,14.824515342712402
16.3,15.21753978729248
15.0,14.846528053283691
14.0,14.518677711486816
15.2,14.750349044799805
11.6,13.84436321258545
12.7,14.043838500976562
16.8,15.907111167907715
16.9,15.13353157043457
8.3,13.323616981506348
14.6,14.627395629882812
15.5,15.104825973510742
18.4,16.409038543701172
11.9,13.404184341430664
12.8,13.755898475646973
11.4,13.0582275390625
18.5,16.600643157958984
8.2,12.952600479125977
18.1,15.262701988220215
15.3,15.263099670410156
16.2,15.464842796325684
9.4,12.85544204711914
17.5,16.7186222076416
18.3,16.094005584716797
18.7,16.25251579284668
11.0,13.264348030090332
12.0,13.469480514526367
14.5,14.765073776245117
13.9,15.10318374633789
11.8,13.98420238494873
14.7,15.608330726623535
13.5,14.455479621887207
10.6,12.504434585571289
15.0,14.949066162109375
11.1,13.444067001342773
9.7,12.726632118225098
14.1,14.795584678649902
13.9,13.703163146972656
14.4,15.576139450073242
17.5,14.931024551391602
17.6,16.152833938598633
13.0,13.250005722045898
10.9,13.261666297912598
18.3,15.231515884399414
12.6,14.768110275268555
12.5,13.36396598815918
11.9,13.736990928649902
16.9,15.228545188903809
19.9,16.733198165893555
15.4,15.626642227172852
16.6,15.89744758605957
13.0,14.561305046081543
19.1,15.414286613464355
19.5,17.03554916381836
14.5,14.574676513671875
17.4,15.872178077697754
17.1,15.765100479125977
18.4,16.340879440307617
17.2,14.47852611541748
15.7,15.0407133102417
14.4,14.647924423217773
10.0,12.650232315063477
17.8,15.513568878173828
14.9,14.581785202026367
13.6,14.020167350769043
18.6,16.290380477905273
16.1,15.49971866607666
14.5,14.380249977111816
15.6,14.507436752319336
14.2,14.931018829345703
19.1,16.5919189453125
19.3,16.844383239746094
12.1,14.204723358154297
13.5,13.894390106201172
14.3,16.9283447265625
19.2,15.762929916381836
15.2,14.787546157836914
15.2,14.927298545837402
15.0,14.834248542785645
15.0,14.784631729125977
12.3,13.307998657226562
15.4,15.207616806030273
16.5,15.954704284667969
13.3,14.525301933288574
15.2,14.732295989990234
18.8,15.909992218017578
18.6,15.698294639587402
19.2,16.75115394592285
13.8,13.74087905883789
14.9,15.135445594787598
13.0,13.98880672454834
15.4,15.172900199890137
14.6,14.862070083618164
16.1,15.30449390411377
15.2,14.885831832885742
19.0,16.92560386657715
14.4,14.38156795501709
9.9,13.132110595703125
15.0,14.85496711730957
15.7,15.767822265625
17.3,16.401966094970703
18.3,16.811321258544922
17.8,16.051645278930664
13.7,14.075859069824219
13.2,14.40603256225586
14.3,15.037522315979004
19.9,16.54607582092285
15.3,14.84676742553711
14.7,15.358644485473633
15.6,15.198264122009277
15.3,13.333962440490723
14.5,14.603155136108398
9.4,12.779298782348633
14.5,14.579380989074707
14.9,14.892725944519043
15.2,14.618361473083496
16.4,15.492020606994629
14.1,15.194153785705566
17.6,16.045215606689453
14.7,14.52586555480957
11.8,14.302430152893066
13.2,14.034072875976562
16.0,15.124032020568848
16.1,15.124202728271484
14.9,15.212301254272461
16.0,15.20431137084961
7.9,14.686591148376465
16.8,15.758060455322266
15.5,14.902715682983398
14.3,14.528189659118652
15.5,14.897771835327148
14.7,14.905224800109863
15.1,14.728231430053711
15.4,14.79045295715332
11.2,13.892417907714844
12.6,14.306050300598145
13.8,14.830163955688477
11.9,13.902276992797852
16.5,15.074545860290527
11.9,13.485626220703125
10.0,13.015342712402344
16.0,15.16055679321289
17.8,16.39433479309082
14.6,14.325063705444336
15.6,15.118049621582031
14.0,14.185460090637207
15.9,15.463029861450195
15.8,15.13986587524414
15.9,15.129777908325195
14.5,14.999752044677734
15.8,15.334216117858887
15.0,15.13308334350586
15.6,15.995543479919434
16.3,15.231870651245117
16.1,14.922962188720703
15.4,14.818329811096191
14.0,14.463703155517578
12.2,13.902835845947266
14.9,13.22691822052002
16.8,15.113815307617188
12.4,13.532248497009277
16.1,15.178105354309082
13.5,14.363347053527832
16.3,15.623526573181152
13.1,14.190896034240723
15.9,15.153254508972168
14.2,14.790425300598145
15.4,15.248291969299316
19.6,16.812158584594727
14.0,14.43468952178955
14.5,15.030651092529297
16.6,14.847159385681152
15.7,15.255302429199219
13.5,13.992650032043457
15.9,15.392596244812012
15.3,14.939582824707031
17.4,16.199853897094727
15.2,15.239104270935059
15.7,15.497004508972168
12.5,14.289773941040039
14.7,14.396214485168457
16.4,15.857751846313477
14.8,15.219155311584473
15.4,14.519322395324707
15.2,15.751845359802246
13.3,13.61469841003418
16.8,15.828583717346191
18.1,15.961237907409668
14.2,14.364075660705566
14.7,15.306912422180176
15.2,15.153254508972168
16.1,15.494363784790039
12.3,13.577738761901855
12.8,14.153732299804688
15.5,15.056767463684082
14.7,15.109375953674316
18.2,16.288318634033203
14.6,15.156189918518066
16.6,15.39687442779541
15.4,15.15096378326416
13.3,14.455737113952637
15.4,14.913191795349121
16.8,15.24423599243164
17.2,16.537193298339844
15.4,14.902867317199707
17.5,16.166553497314453
15.1,14.817439079284668
14.3,15.18877124786377
12.8,14.029657363891602
14.2,14.38548755645752
17.6,16.059938430786133
14.2,14.446473121643066
18.3,16.42125701904297
17.2,15.532739639282227
16.3,15.539725303649902
15.2,15.096718788146973
15.5,14.831146240234375
14.4,14.862422943115234
16.4,15.937651634216309
16.8,15.264533996582031
12.1,13.990249633789062
12.3,13.638397216796875
14.6,14.875906944274902
11.6,14.065239906311035
14.2,14.667863845825195
16.0,15.221258163452148
15.7,14.953084945678711
15.1,14.782570838928223
16.0,15.462973594665527
11.3,13.821934700012207
15.6,15.400848388671875
16.0,15.107245445251465
15.6,15.153976440429688
19.2,16.672801971435547
18.5,14.901183128356934
13.1,14.419960975646973
15.1,14.75123119354248
18.2,16.6329345703125
11.6,13.522833824157715
16.1,15.63858413696289
15.2,14.805390357971191
13.7,14.430262565612793
15.9,15.073809623718262
14.4,14.682595252990723
12.9,14.483654975891113
14.9,14.858342170715332
13.6,14.863494873046875
14.7,14.687126159667969
14.9,14.916191101074219
13.8,14.238173484802246
14.8,14.918705940246582
19.0,16.956165313720703
11.6,14.864797592163086
17.4,16.365543365478516
15.9,15.053915023803711
15.2,14.76382064819336
13.4,14.407809257507324
12.4,14.738922119140625
16.3,15.682662010192871
19.1,16.09669303894043
14.6,14.595053672790527
13.0,14.32818603515625
16.7,15.494489669799805
16.3,14.703825950622559
13.8,14.76133918762207
13.6,15.434776306152344
15.8,14.88174819946289
15.1,14.987418174743652
14.4,14.475974082946777
11.6,14.173225402832031
12.4,13.760711669921875
13.4,14.282331466674805
13.6,14.73088264465332
14.7,14.473190307617188
10.1,12.170822143554688
11.7,13.74325180053711
13.6,14.151534080505371
16.1,15.17827033996582
14.7,14.791537284851074
14.9,14.709186553955078
13.2,13.894187927246094
14.7,14.9630708694458
15.4,15.074789047241211
14.6,14.702874183654785
14.6,14.451951026916504
15.0,15.15717601776123
16.8,16.023418426513672
14.1,14.280081748962402
10.8,14.117691993713379
15.8,14.854597091674805
13.3,14.125492095947266
14.8,14.773520469665527
16.4,15.025886535644531
18.4,16.680461883544922
16.8,14.942237854003906
13.1,13.923928260803223
15.8,14.934252738952637
12.7,13.929330825805664
12.6,13.703168869018555
16.3,15.658406257629395
14.2,14.479525566101074
14.1,14.062824249267578
10.1,14.267501831054688
12.0,13.920742988586426
15.7,15.249512672424316
17.6,16.530441284179688
15.8,15.444424629211426
18.1,16.691848754882812
17.0,15.8951416015625
19.7,17.026081085205078
17.9,15.748883247375488
13.2,13.779452323913574
13.9,15.010177612304688
15.2,15.351015090942383
17.4,16.433834075927734
16.6,15.417069435119629
13.2,15.083846092224121
16.6,15.390588760375977
14.3,14.679888725280762
15.1,15.402341842651367
15.0,14.593825340270996
12.7,13.93703842163086
18.3,16.53905487060547
12.7,13.64484691619873
15.1,13.984435081481934
19.5,14.86867618560791
11.5,12.101371765136719
14.9,14.775596618652344
14.0,14.418559074401855
12.0,13.50581169128418
15.3,14.78982162475586
17.9,15.939971923828125
15.6,15.165817260742188
17.9,16.184223175048828
12.6,13.736437797546387
13.0,13.991937637329102
14.4,14.673964500427246
13.3,14.108038902282715
15.2,14.701980590820312
15.5,14.83531379699707
14.5,14.862512588500977
14.4,14.663042068481445
13.0,14.176810264587402
13.8,14.002211570739746
13.2,14.103639602661133
15.0,14.464975357055664
15.6,15.172486305236816
13.3,14.058658599853516
13.4,14.31570053100586
7.5,12.190549850463867
17.7,15.72341537475586
14.5,14.29080867767334
15.1,15.026535987854004
15.1,14.660398483276367
13.8,14.544051170349121
15.6,15.165984153747559
15.1,15.106125831604004
18.1,15.889434814453125
18.0,16.02713966369629
14.0,14.303838729858398
18.0,15.237656593322754
15.1,15.262613296508789
12.0,13.73947811126709
14.2,14.455780982971191
16.2,15.082736015319824
12.4,13.812124252319336
12.0,13.320450782775879
11.8,13.528071403503418
16.2,15.217120170593262
17.0,15.320566177368164
14.1,13.975077629089355
13.6,14.262312889099121
16.7,15.641839981079102
14.3,14.393196105957031
11.6,14.557112693786621
14.4,14.284483909606934
12.0,13.923637390136719
12.8,13.877535820007324
18.4,16.45970916748047
14.5,14.421956062316895
14.7,14.81421184539795
13.2,13.873739242553711
12.6,13.471675872802734
18.0,15.660995483398438
14.9,14.792241096496582
15.0,14.91212272644043
15.1,14.885148048400879
14.8,14.7482328414917
16.0,15.120317459106445
13.0,14.415508270263672
14.4,14.169180870056152
11.9,13.439129829406738
15.5,14.771312713623047
16.0,15.051609992980957
14.9,14.866759300231934
12.3,13.784307479858398
17.8,16.20250129699707
9.7,12.643804550170898
19.0,16.506000518798828
16.0,15.680535316467285
17.9,15.535374641418457
14.5,14.542125701904297
13.6,14.387444496154785
14.6,14.467045783996582
15.0,14.555191993713379
11.2,13.38905143737793
8.3,12.455820083618164
10.9,12.381589889526367
16.3,14.755921363830566
18.9,14.843035697937012
12.3,12.89834976196289
15.5,14.775219917297363
12.3,13.878314971923828
13.8,14.32341194152832
18.8,16.035249710083008
13.2,13.610601425170898
15.0,14.547797203063965
15.4,14.968011856079102
16.9,16.096895217895508
14.0,14.487554550170898
15.0,15.497838973999023
13.1,13.898430824279785
18.9,16.69170379638672
15.3,15.132397651672363
15.0,15.008927345275879
12.3,14.12542724609375
13.6,13.892444610595703
9.1,11.77298355102539
17.4,14.91421127319336
15.8,14.802268981933594
14.8,14.721298217773438
13.7,14.282809257507324
15.6,16.000268936157227
13.0,14.269953727722168
18.9,14.533651351928711
18.3,15.439135551452637
6.9,11.603139877319336
11.4,13.348196029663086
13.3,14.233487129211426
14.5,15.310500144958496
13.0,14.63378620147705
16.2,15.108633041381836
16.2,14.742348670959473
14.7,14.809131622314453
14.0,13.970182418823242
17.8,16.032384872436523
18.7,14.740715026855469
14.5,14.761361122131348
14.6,14.3820161819458
11.7,13.447429656982422
14.1,14.53825855255127
18.1,15.236857414245605
14.6,14.217860221862793
17.1,16.253183364868164
15.3,14.81363582611084
14.7,14.863064765930176
15.5,14.630123138427734
14.2,14.609947204589844
13.5,14.001818656921387
15.2,14.908958435058594
15.8,15.271478652954102
13.3,14.018486976623535
15.2,14.779133796691895
12.6,14.288825988769531
14.6,14.735299110412598
19.2,16.621849060058594
16.6,15.909385681152344
18.9,16.5248966217041
14.7,14.368364334106445
14.5,14.677688598632812
12.9,14.27614974975586
16.1,15.26008129119873
15.4,15.865406036376953
13.9,15.419031143188477
15.2,14.783974647521973
14.4,14.573062896728516
14.4,14.61030387878418
15.2,14.832594871520996
18.1,16.416053771972656
19.6,15.504728317260742
16.7,15.639537811279297
14.7,14.908876419067383
12.4,13.508549690246582
19.0,16.51377296447754
14.8,14.112592697143555
13.3,14.16161060333252
15.9,15.207962036132812
10.7,13.878371238708496
12.7,14.60975456237793
15.2,14.633805274963379
11.9,13.152632713317871
15.7,14.843994140625
13.6,14.659807205200195
11.0,13.522306442260742
14.4,14.466075897216797
9.6,13.807016372680664
13.7,14.13127613067627
3.0,13.266473770141602
13.8,14.432180404663086
14.1,14.625288963317871
11.0,12.606428146362305
16.0,15.07892894744873
14.3,14.849226951599121
17.9,15.70155143737793
15.2,14.390006065368652
13.8,14.698615074157715
14.6,14.747292518615723
16.4,15.7479829788208
14.8,14.804698944091797
15.7,14.792241096496582
17.4,16.142942428588867
16.8,15.776679992675781
8.4,12.132927894592285
12.4,13.536540985107422
12.7,14.010009765625
13.5,14.073415756225586
14.5,14.936906814575195
17.4,16.03340721130371
10.7,13.332945823669434
10.6,12.787094116210938
15.1,14.92409896850586
14.2,13.99325942993164
13.9,14.313011169433594
17.6,15.427513122558594
14.0,14.28471851348877
15.9,15.169328689575195
16.8,15.670409202575684
12.1,15.150665283203125
17.3,16.597354888916016
14.0,14.590021133422852
18.8,16.39638328552246
17.7,15.644442558288574
19.5,16.817785263061523
14.4,13.841468811035156
13.3,13.94432258605957
19.5,16.663070678710938
14.8,14.798210144042969
14.9,14.45935344696045
13.1,13.842042922973633
17.3,16.463855743408203
14.8,14.30319595336914
12.7,13.859210968017578
12.7,14.12779712677002
19.8,16.526010513305664
17.9,16.040855407714844
18.4,15.344457626342773
13.0,13.724784851074219
14.7,14.301651954650879
16.0,15.573495864868164
12.1,13.970902442932129
13.1,13.985956192016602
12.7,13.823187828063965
13.1,14.047464370727539
14.1,14.510400772094727
18.1,16.13353157043457
12.1,14.718151092529297
15.6,15.332365036010742
11.2,12.966315269470215
19.0,16.956867218017578
16.0,15.628042221069336
16.7,15.364688873291016
15.4,15.091604232788086
15.5,14.897085189819336
12.4,13.51729679107666
14.0,13.999367713928223
14.2,13.953469276428223
13.6,14.382170677185059
19.4,16.722091674804688
14.1,14.134096145629883
14.8,15.66411018371582
10.7,13.20734977722168
19.6,16.96533966064453
15.4,14.634886741638184
14.0,14.047592163085938
17.4,15.32839584350586
11.6,13.659055709838867
12.4,13.275289535522461
14.2,14.683737754821777
15.0,14.887748718261719
13.0,14.425728797912598
14.6,13.946656227111816
15.5,14.886455535888672
11.2,13.270685195922852
9.0,12.114720344543457
14.0,14.258002281188965
18.2,16.26171875
10.0,12.891252517700195
19.1,16.77565574645996
6.5,10.769153594970703
12.1,13.549046516418457
14.7,15.014514923095703
14.8,14.452244758605957
15.6,15.153297424316406
12.5,13.859689712524414
17.1,15.514013290405273
12.8,13.57752799987793
15.5,15.243912696838379
14.8,15.273070335388184
12.8,14.210673332214355
19.2,16.604541778564453
13.4,14.018292427062988
13.1,14.011322021484375
17.9,15.818023681640625
13.4,13.894820213317871
12.9,14.541838645935059
11.3,13.68138599395752
15.1,15.12157917022705
14.0,14.427061080932617
15.6,15.267367362976074
14.9,15.883061408996582
12.2,14.47288703918457
13.9,14.221835136413574
13.1,13.641929626464844
12.3,13.79202651977539
14.9,14.55529499053955
13.2,14.116082191467285
14.0,14.566584587097168
12.3,14.023637771606445
18.1,15.97675895690918
16.4,15.393060684204102
13.5,14.290733337402344
12.8,14.084790229797363
14.5,14.613409996032715
11.9,13.292091369628906
16.4,15.516127586364746
13.8,14.271016120910645
15.2,14.992467880249023
12.3,13.671828269958496
12.7,13.836901664733887
17.3,15.902161598205566
13.5,14.159631729125977
13.5,14.415980339050293
15.5,14.996554374694824
15.5,15.26063060760498
13.7,14.480427742004395
19.5,16.010164260864258
13.5,14.352338790893555
10.4,13.951351165771484
11.4,13.6014986038208
18.6,16.426998138427734
11.2,13.54172420501709
13.0,14.106856346130371
14.8,14.58094310760498
18.2,15.994799613952637
13.7,14.285900115966797
15.4,15.519713401794434
18.5,14.742584228515625
12.6,13.933396339416504
18.7,15.914033889770508
12.4,13.346898078918457
15.2,15.161955833435059
14.6,14.710454940795898
13.5,14.546061515808105
13.5,14.449487686157227
12.9,14.062264442443848
15.5,15.452150344848633
12.7,13.83340072631836
13.2,13.605639457702637
8.8,12.565023422241211
17.3,16.087068557739258
8.2,12.741745948791504
15.1,14.883601188659668
17.4,15.982566833496094
15.4,14.938034057617188
14.7,16.31179428100586
15.5,15.018800735473633
15.7,15.406997680664062
14.0,14.3462553024292
11.2,13.140205383300781
15.8,15.1759033203125
10.4,13.172558784484863
15.5,16.19577980041504
14.3,14.824934959411621
11.5,12.831878662109375
14.2,14.286948204040527
14.4,14.659372329711914
8.0,11.522720336914062
13.8,14.817323684692383
16.0,15.21055793762207
18.0,15.711917877197266
14.5,14.707003593444824
18.9,16.435550689697266
9.6,12.53575325012207
14.9,14.769984245300293
14.9,14.952542304992676
16.0,15.363343238830566
14.1,15.42431354522705
16.2,15.17736530303955
18.9,15.463301658630371
14.4,14.583295822143555
16.3,15.392660140991211
13.1,13.987285614013672
12.6,14.260887145996094
18.7,16.70027732849121
17.5,15.95837116241455
17.4,16.329256057739258
15.9,15.149589538574219
11.4,13.413992881774902
16.4,15.893949508666992
10.8,13.583853721618652
13.1,13.94828987121582
18.0,16.563385009765625
14.8,14.807083129882812
12.6,13.823848724365234
13.0,13.771151542663574
14.9,14.275238037109375
19.0,16.616418838500977
13.4,13.594237327575684
15.6,14.921075820922852
14.0,15.133267402648926
14.4,14.991558074951172
15.7,14.94231128692627
9.2,12.937801361083984
15.4,15.718334197998047
14.4,15.075774192810059
15.5,14.991715431213379
15.4,14.892720222473145
11.6,13.579497337341309
13.8,14.675135612487793
19.0,16.752689361572266
17.2,15.806126594543457
12.1,13.638628005981445
11.9,13.56303882598877
15.1,14.824995040893555
16.0,15.424519538879395
17.7,15.869698524475098
14.9,14.689140319824219
15.3,15.054648399353027
11.4,14.101470947265625
10.7,13.902175903320312
13.4,15.10358715057373
12.7,13.572633743286133
13.9,14.290220260620117
15.0,14.70084285736084
16.6,15.63250732421875
12.4,15.000019073486328
14.2,15.129111289978027
14.3,14.560015678405762
14.3,14.908120155334473
13.7,13.660054206848145
12.1,15.480791091918945
14.5,14.326891899108887
13.3,14.05672836303711
19.2,16.800134658813477
12.3,13.632888793945312
13.6,14.156723976135254
14.7,14.230027198791504
13.5,14.321903228759766
15.6,14.89504337310791
11.0,14.55994987487793
15.6,15.429679870605469
12.6,13.132617950439453
14.2,14.336634635925293
18.5,16.68072509765625
16.0,15.33411979675293
17.0,15.742738723754883
13.9,14.40360164642334
12.7,14.091782569885254
14.8,14.727643013000488
15.7,15.124675750732422
15.8,15.22919750213623
14.4,14.504461288452148
16.1,15.960281372070312
13.6,13.716727256774902
12.1,13.948111534118652
17.4,16.26438331604004
12.3,13.920256614685059
14.2,14.394974708557129
14.1,14.567557334899902
18.8,16.25395965576172
9.9,13.087118148803711
14.7,14.768501281738281
19.9,16.571561813354492
14.5,14.637991905212402
17.2,15.979955673217773
14.7,14.937385559082031
15.4,15.221938133239746
13.8,14.358546257019043
13.9,14.395936012268066
15.6,14.87756633758545
7.9,12.69861125946045
15.2,15.215751647949219
17.2,16.121614456176758
14.0,15.386996269226074
14.7,14.164521217346191
9.7,13.537473678588867
11.2,15.353278160095215
18.2,16.425823211669922
15.7,14.571428298950195
14.4,15.167474746704102
9.4,13.135973930358887
12.9,13.867788314819336
15.3,14.843947410583496
15.1,15.16842269897461
15.4,15.063297271728516
17.7,16.72266387939453
15.4,14.85171127319336
9.9,12.26370906829834
16.2,14.501880645751953
11.0,13.244155883789062
14.1,14.643211364746094
15.1,14.791070938110352
15.2,15.300480842590332
7.2,14.29249382019043
14.3,14.572357177734375
13.7,13.861432075500488
13.8,14.108293533325195
15.2,14.68925666809082
19.4,16.109819412231445
14.7,14.529556274414062
16.4,15.231146812438965
13.3,14.034448623657227
15.7,15.276911735534668
15.2,14.855108261108398
8.3,13.971159934997559
15.9,15.16300106048584
14.0,14.30218505859375
15.5,14.841597557067871
14.2,14.898330688476562
15.6,14.92258071899414
13.7,13.86809253692627
19.9,16.885841369628906
15.7,15.076812744140625
16.7,15.876717567443848
13.8,14.056753158569336
12.9,13.9666166305542
15.3,14.777771949768066
17.9,16.649860382080078
15.9,15.171152114868164
14.8,14.66142749786377
15.7,14.679157257080078
14.8,14.899149894714355
17.9,16.518980026245117
19.3,16.460609436035156
14.1,14.312239646911621
15.0,14.837343215942383
16.4,15.419702529907227
14.5,14.824798583984375
19.1,16.493614196777344
14.2,14.680967330932617
14.3,14.37897777557373
10.9,13.305968284606934
15.2,14.761842727661133
15.5,14.87456226348877
16.0,15.076374053955078
13.6,14.262110710144043
19.2,15.841496467590332
12.2,13.802099227905273
15.0,14.84270191192627
14.1,14.329869270324707
18.8,16.81281089782715
15.2,15.880746841430664
19.3,15.635311126708984
16.0,15.511813163757324
11.0,13.395676612854004
13.7,15.366231918334961
14.7,15.03610897064209
13.2,13.972250938415527
17.6,15.979578971862793
15.2,14.736802101135254
14.6,14.328753471374512
15.0,15.065646171569824
13.8,13.481821060180664
15.2,15.102043151855469
14.0,14.681381225585938
12.7,14.22072982788086
15.4,14.864973068237305
13.7,14.15571117401123
13.3,13.664261817932129
11.0,13.739338874816895
17.5,16.074424743652344
14.0,14.658007621765137
16.3,15.510473251342773
14.5,14.169520378112793
16.5,15.550055503845215
15.9,14.964658737182617
11.9,12.240422248840332
11.1,13.45566177368164
14.4,14.849212646484375
15.0,14.891456604003906
9.7,12.85539436340332
16.4,15.856023788452148
13.3,13.93880558013916
15.1,14.986708641052246
13.4,13.75273323059082
19.2,16.672256469726562
16.5,15.725247383117676
14.9,14.773141860961914
15.1,14.803951263427734
12.3,13.450067520141602
11.2,13.354211807250977
11.1,14.185758590698242
15.1,14.711468696594238
13.4,13.95463752746582
17.9,16.629878997802734
14.2,14.608460426330566
14.7,14.66433334350586
15.7,15.197306632995605
16.1,15.653904914855957
17.2,15.684029579162598
18.8,16.464811325073242
15.9,14.66693115234375
18.4,16.337465286254883
14.0,14.611455917358398
19.4,16.874340057373047
14.6,14.553092956542969
14.5,14.8488130569458
16.7,15.31637191772461
14.1,14.421422004699707
15.4,14.950981140136719
15.1,14.664921760559082
13.8,14.386263847351074
17.4,15.927009582519531
13.1,13.886475563049316
14.9,14.819541931152344
14.6,14.747835159301758
16.6,15.701407432556152
9.1,11.000028610229492
14.7,15.16187572479248
14.1,14.219131469726562
14.7,14.618575096130371
16.0,14.870047569274902
12.2,14.09002685546875
13.3,14.115813255310059
17.2,15.06678295135498
19.2,15.767195701599121
16.2,15.562576293945312
15.4,14.910162925720215
14.2,14.472553253173828
15.4,14.981081008911133
8.1,11.825794219970703
17.7,15.912199974060059
15.1,15.33045768737793
13.7,14.14953899383545
16.3,15.649900436401367
19.9,16.642492294311523
11.7,14.17080307006836
15.7,14.498819351196289
16.8,15.645277976989746
19.7,16.913599014282227
14.6,14.587174415588379
15.5,15.451411247253418
15.1,15.11494255065918
17.6,15.622034072875977
16.1,16.044618606567383
17.7,16.950485229492188
13.2,14.315139770507812
14.1,14.130932807922363
14.5,15.273032188415527
14.1,14.399141311645508
11.2,13.600834846496582
15.2,14.886740684509277
18.8,16.801517486572266
15.8,15.153295516967773
15.0,14.558038711547852
16.6,15.289827346801758
13.2,14.33242130279541
12.5,13.940581321716309
13.4,14.017391204833984
14.7,14.464339256286621
14.4,14.415660858154297
14.8,14.901196479797363
15.2,14.952665328979492
12.1,13.721714973449707
14.3,13.888729095458984
9.9,12.735282897949219
13.0,13.944149017333984
14.4,14.38735580444336
13.6,14.890783309936523
10.8,12.928204536437988
18.6,16.611507415771484
15.6,15.171175956726074
9.7,12.884016990661621
16.0,15.302176475524902
19.0,16.819997787475586
12.5,13.359857559204102
15.0,14.850666999816895
14.4,14.869962692260742
14.8,13.633219718933105
12.6,13.851255416870117
15.3,14.68932819366455
15.0,14.879993438720703
17.8,15.018045425415039
18.0,16.805673599243164
16.3,15.895015716552734
16.6,14.995438575744629
15.1,14.986129760742188
14.2,14.128716468811035
15.0,14.683958053588867
13.6,14.74056625366211
7.7,11.47125244140625
13.5,14.520536422729492
15.6,15.16842269897461
13.3,14.270240783691406
14.7,14.460100173950195
14.9,14.89931869506836
11.6,13.223401069641113
13.9,14.853994369506836
14.0,14.076927185058594
12.1,13.856597900390625
12.4,13.602497100830078
13.7,14.684914588928223
15.1,15.540992736816406
18.6,16.73584747314453
17.3,15.8365478515625
13.4,14.020561218261719
17.1,14.767815589904785
13.2,14.155539512634277
15.2,14.449134826660156
14.6,14.627541542053223
18.5,16.292098999023438
15.9,15.497119903564453
12.4,13.568953514099121
14.9,14.647164344787598
15.2,14.966170310974121
18.4,15.767559051513672
14.7,14.82106876373291
13.9,14.140181541442871
11.9,13.780243873596191
15.2,14.874011993408203
14.4,14.20104694366455
18.3,16.177425384521484
13.7,14.061331748962402
15.0,14.82565689086914
17.9,16.747867584228516
18.4,16.92723846435547
17.5,16.01730728149414
16.7,15.526830673217773
14.1,14.50942611694336
15.7,15.302842140197754
11.5,13.573881149291992
14.3,14.551552772521973
14.7,14.817744255065918
11.0,13.315107345581055
16.7,15.089532852172852
14.3,14.343791961669922
17.6,16.219419479370117
5.5,11.90660285949707
14.3,14.392733573913574
13.3,14.119144439697266
9.8,12.03127384185791
12.0,13.597286224365234
13.1,13.992115020751953
14.0,15.62702751159668
12.2,13.845797538757324
8.2,12.023402214050293
14.4,14.532968521118164
15.8,14.906113624572754
15.7,14.85455322265625
12.3,13.434341430664062
15.1,14.82761287689209
15.1,14.805769920349121
18.9,16.926225662231445
13.4,12.721956253051758
19.9,17.011993408203125
16.2,15.761786460876465
9.5,14.605247497558594
16.5,14.715559005737305
15.2,14.77736759185791
14.7,14.860246658325195
16.3,15.692193031311035
19.4,16.82611656188965
12.7,14.103538513183594
14.2,14.63814640045166
14.1,14.221399307250977
12.7,14.021468162536621
15.3,14.564216613769531
15.6,14.573358535766602
15.1,14.928043365478516
13.5,14.922139167785645
11.6,13.750800132751465
12.9,14.428728103637695
14.3,14.89479923248291
14.5,13.994099617004395
15.7,16.360815048217773
13.3,14.168721199035645
14.0,14.54374885559082
10.3,13.641568183898926
11.1,14.269460678100586
12.9,14.141064643859863
15.1,14.578850746154785
13.8,13.998373985290527
19.4,16.8659610748291
15.1,14.54872989654541
12.7,13.89762020111084
13.7,14.28441047668457
11.3,13.391230583190918
14.6,14.538583755493164
14.6,14.137612342834473
15.7,15.074581146240234
13.0,13.89314079284668
12.8,14.618865013122559
15.9,15.27781867980957
15.8,15.076545715332031
11.5,13.500694274902344
14.6,14.68602180480957
14.4,14.379794120788574
18.6,16.837116241455078
17.6,15.13193416595459
16.9,14.914764404296875
14.1,14.96145248413086
13.3,14.121440887451172
15.1,14.79871940612793
15.9,15.418670654296875
14.5,14.614169120788574
13.6,14.392963409423828
6.7,11.759223937988281
17.6,15.506219863891602
15.7,15.264008522033691
14.2,14.444290161132812
17.6,15.908345222473145
14.5,14.353618621826172
13.9,14.390669822692871
12.5,13.849708557128906
13.2,14.68720531463623
12.7,13.946365356445312
17.3,15.781461715698242
15.5,14.52480697631836
15.0,14.639887809753418
13.1,13.834936141967773
3.7,14.022636413574219
11.6,13.381808280944824
14.8,14.589871406555176
18.6,16.056184768676758
14.2,14.509873390197754
16.4,15.367791175842285
16.6,15.987180709838867
14.2,14.37285041809082
14.4,14.593827247619629
9.1,12.548559188842773
9.7,13.13465690612793
14.0,14.45768928527832
12.5,13.70998477935791
14.4,14.175725936889648
15.5,15.132255554199219
17.6,15.993599891662598
13.9,13.774852752685547
13.0,14.133699417114258
14.1,14.20940113067627
14.1,14.129258155822754
15.6,15.215987205505371
9.3,11.70118522644043
18.9,16.7474308013916
11.9,13.463200569152832
16.0,16.200014114379883
16.0,15.359514236450195
12.9,14.267049789428711
16.9,15.335232734680176
13.3,13.817313194274902
16.9,15.9801025390625
15.2,14.876538276672363
13.4,14.56905746459961
9.2,12.606049537658691
15.9,15.511655807495117
9.1,12.890986442565918
11.0,13.432870864868164
12.6,14.0918607711792
11.9,13.737258911132812
14.9,14.793787956237793
17.7,15.576888084411621
17.3,15.616379737854004
14.6,14.515284538269043
14.9,14.55938720703125
13.7,14.03176498413086
13.7,14.321784973144531
14.7,14.567366600036621
9.5,12.31667423248291
15.9,15.557439804077148
15.5,15.121504783630371
13.5,14.10018539428711
15.0,14.880308151245117
9.1,12.649295806884766
15.3,14.754018783569336
13.8,14.730351448059082
16.5,15.634279251098633
13.4,14.576445579528809
12.9,13.252057075500488
14.5,14.74581527709961
11.6,14.332226753234863
15.0,14.789566040039062
13.0,13.878767013549805
14.6,14.595355987548828
19.9,16.67547607421875
14.8,14.52656078338623
13.9,14.627307891845703
15.3,14.993382453918457
15.2,15.198759078979492
11.1,13.453108787536621
14.5,14.898505210876465
18.2,16.80983543395996
10.9,13.567465782165527
13.9,14.030308723449707
11.6,13.704503059387207
10.4,13.61318302154541
15.0,14.824625968933105
15.1,14.813924789428711
11.9,13.518943786621094
17.0,16.028850555419922
19.5,15.619817733764648
16.8,16.02566146850586
13.3,14.031436920166016
15.6,14.892354011535645
17.8,16.43122673034668
12.0,13.916921615600586
15.1,14.87945556640625
15.2,14.077322959899902
13.7,14.193382263183594
15.2,14.796529769897461
16.6,15.71981143951416
15.3,14.655838012695312
12.4,13.896973609924316
12.2,13.662457466125488
15.7,15.117690086364746
16.8,15.69489574432373
14.1,14.631068229675293
14.4,14.527515411376953
17.3,15.870550155639648
16.2,15.443855285644531
12.4,14.638949394226074
12.8,13.567776679992676
19.8,16.773420333862305
14.8,14.811680793762207
17.1,16.15020751953125
19.1,16.43213653564453
14.8,14.553596496582031
13.5,13.762580871582031
15.4,14.841833114624023
13.7,13.919954299926758
15.8,15.29674243927002
17.7,16.313884735107422
9.8,12.820556640625
15.0,14.583609580993652
14.7,14.64312744140625
15.2,14.431804656982422
16.1,15.606689453125
14.3,14.395228385925293
15.3,14.731805801391602
18.7,16.593015670776367
14.9,14.825814247131348
14.1,14.745325088500977
8.0,13.70436954498291
13.9,14.582978248596191
8.6,12.877020835876465
13.6,14.534475326538086
12.9,13.673299789428711
18.9,16.82221031188965
17.7,16.100433349609375
14.5,14.60046672821045
15.2,14.84404468536377
13.5,14.041678428649902
14.8,14.685333251953125
12.8,14.079834938049316
13.6,14.258563995361328
15.5,14.406752586364746
13.1,13.591951370239258
12.9,14.157773971557617
17.5,16.496139526367188
19.0,16.746854782104492
15.2,15.10864543914795
14.8,14.582344055175781
16.5,15.87181282043457
12.7,13.831107139587402
16.7,15.295881271362305
14.6,14.410202026367188
11.3,12.830331802368164
15.6,15.362637519836426
15.1,14.907687187194824
12.4,13.71470832824707
12.4,13.7953462600708
16.5,15.660579681396484
15.7,15.439065933227539
19.9,16.558313369750977
12.7,13.779390335083008
15.3,15.12907600402832
12.1,13.72823715209961
16.7,16.32300567626953
12.3,13.656364440917969
14.1,14.444217681884766
15.9,15.2665376663208
16.2,15.305307388305664
14.7,14.159454345703125
15.7,15.267805099487305
15.5,15.003693580627441
16.2,15.037084579467773
15.0,14.348891258239746
14.3,14.428323745727539
8.8,11.713783264160156
15.4,15.157394409179688
14.9,14.676360130310059
16.2,15.406982421875
16.4,14.197867393493652
14.5,14.5722074508667
13.9,14.181231498718262
18.6,16.46779441833496
14.6,14.600921630859375
16.0,14.677397727966309
13.6,13.847294807434082
16.2,14.792778015136719
11.0,13.134106636047363
14.8,14.66526985168457
9.0,12.155879020690918
16.4,16.149311065673828
15.8,15.212902069091797
13.2,13.981372833251953
15.6,14.946915626525879
15.2,14.874658584594727
14.4,14.321693420410156
14.5,14.811299324035645
13.1,14.516528129577637
15.3,14.714383125305176
15.9,15.13123607635498
16.5,14.950676918029785
18.0,16.474285125732422
16.8,15.531157493591309
14.5,14.968718528747559
13.1,14.238788604736328
13.9,14.55706787109375
18.9,16.686790466308594
15.9,14.540936470031738
13.9,14.341928482055664
12.4,13.463054656982422
16.7,15.735359191894531
14.7,14.506852149963379
16.6,16.010478973388672
11.0,13.296231269836426
15.9,16.30643081665039
15.3,15.137789726257324
19.1,16.643699645996094
16.7,15.457110404968262
11.0,12.927632331848145
15.8,15.040582656860352
15.4,15.41761589050293
14.8,15.448801040649414
15.1,14.671465873718262
18.5,16.8745059967041
15.2,15.513993263244629
16.9,15.938128471374512
16.2,15.809102058410645
17.5,15.299049377441406
14.1,15.861969947814941
14.9,15.030815124511719
16.2,15.895842552185059
9.1,12.00837230682373
13.3,13.448284149169922
15.1,14.873876571655273
14.8,15.006800651550293
11.3,13.224592208862305
17.1,15.530997276306152
16.6,15.244270324707031
13.7,14.195540428161621
16.8,15.68232250213623
12.2,14.373238563537598
15.0,14.828278541564941
15.0,14.590193748474121
15.3,15.139625549316406
13.9,14.36964225769043
14.8,14.778694152832031
18.3,16.491748809814453
15.2,14.71090316772461
15.0,14.882415771484375
14.8,14.492169380187988
15.1,15.26469612121582
14.8,14.613673210144043
17.1,14.965627670288086
16.0,15.13028621673584
19.1,16.8632869720459
13.0,13.548755645751953
12.7,14.039176940917969
9.1,13.000070571899414
13.0,13.806777954101562
15.3,14.96434497833252
15.7,15.557103157043457
15.9,14.902026176452637
15.6,15.127848625183105
10.9,13.942790031433105
14.7,15.499737739562988
18.3,16.042247772216797
14.2,14.876614570617676
14.9,14.651605606079102
13.0,14.254022598266602
14.8,14.685552597045898
19.3,16.780752182006836
17.7,16.077159881591797
9.5,12.54391098022461
13.0,14.46741008758545
14.0,14.394511222839355
15.6,14.817402839660645
14.5,14.072073936462402
15.5,14.952099800109863
15.0,14.577372550964355
11.0,13.562905311584473
12.9,14.088178634643555
13.7,14.478389739990234
14.9,15.162825584411621
11.7,13.675470352172852
14.8,14.564380645751953
14.4,15.035517692565918
13.1,14.316300392150879
13.6,14.758152961730957
11.3,14.003684043884277
14.3,14.201370239257812
12.0,13.700711250305176
12.9,14.379209518432617
11.5,13.207856178283691
13.2,14.129132270812988
13.7,14.292478561401367
14.0,14.202325820922852
13.2,14.32598876953125
14.7,14.677334785461426
14.6,14.918657302856445
13.9,14.401265144348145
13.7,14.316568374633789
10.4,13.258102416992188
15.0,14.386428833007812
14.4,14.403127670288086
12.1,13.278695106506348
16.6,15.132148742675781
16.0,15.494162559509277
14.8,15.124799728393555
14.2,14.293896675109863
13.1,13.901556015014648
13.6,14.434467315673828
13.7,14.274446487426758
12.8,13.9873628616333
13.7,14.097129821777344
10.1,14.251927375793457
11.2,13.774203300476074
10.6,13.728719711303711
11.9,13.330032348632812
14.8,14.746438026428223
16.9,15.704241752624512
14.1,14.391429901123047
12.4,13.563248634338379
16.9,15.468720436096191
14.8,14.691646575927734
14.9,15.00409984588623
11.6,13.817117691040039
13.0,14.182010650634766
13.1,14.541250228881836
15.0,15.205130577087402
15.3,14.863081932067871
15.3,14.92821216583252
16.7,15.847761154174805
13.6,13.859114646911621
13.5,14.326436042785645
18.5,16.608816146850586
14.7,13.89542293548584
17.1,15.97865104675293
13.6,13.942317008972168
15.3,14.640410423278809
11.3,13.443975448608398
9.0,11.767632484436035
14.5,14.53812313079834
13.7,14.234246253967285
17.1,15.368910789489746
12.0,13.571794509887695
13.6,13.680461883544922
9.8,12.351205825805664
14.6,14.939562797546387
13.8,14.386338233947754
18.0,16.635278701782227
13.0,13.790606498718262
11.7,13.613128662109375
15.6,15.882425308227539
13.4,13.393956184387207
13.2,14.025252342224121
7.0,12.418161392211914
14.7,14.802716255187988
10.0,14.123211860656738
14.4,14.290916442871094
12.4,13.87883472442627
11.7,13.649092674255371
13.2,14.21343994140625
15.0,14.887065887451172
14.7,14.637231826782227
15.2,14.888015747070312
15.1,14.734856605529785
18.2,16.315887451171875
17.0,15.982706069946289
19.1,15.568671226501465
15.0,14.77577018737793
13.2,14.95507526397705
16.2,15.037019729614258
10.5,14.654958724975586
11.9,13.84998893737793
17.9,14.641929626464844
10.4,13.453072547912598
15.0,14.491848945617676
15.6,15.204695701599121
9.9,13.224494934082031
13.7,14.117727279663086
12.1,13.627431869506836
10.9,12.979524612426758
14.3,14.332858085632324
13.7,13.928215980529785
11.1,13.19727897644043
13.9,14.329591751098633
13.7,14.566295623779297
14.6,14.489310264587402
15.7,14.965868949890137
14.6,14.502555847167969
13.2,14.140603065490723
17.0,15.679302215576172
14.0,14.155912399291992
13.5,13.905097007751465
16.2,15.443842887878418
12.5,13.45847225189209
16.9,15.215376853942871
14.4,14.462301254272461
9.1,11.869019508361816
19.3,16.4013729095459
9.8,12.051458358764648
16.5,15.211545944213867
15.1,14.838384628295898
15.0,14.948490142822266
10.5,13.90406322479248
15.3,15.109630584716797
14.7,14.779767036437988
15.1,14.831799507141113
17.1,16.0978946685791
13.3,14.070711135864258
15.1,14.813216209411621
14.3,14.409262657165527
13.4,14.144250869750977
17.5,15.380017280578613
13.1,13.768209457397461
14.6,14.654008865356445
15.2,14.847002983093262
14.5,14.839580535888672
14.3,14.30987548828125
13.7,14.140809059143066
14.3,14.2005033493042
13.1,14.201224327087402
14.2,14.473007202148438
15.3,14.790873527526855
14.2,14.709904670715332
11.8,13.192014694213867
15.4,15.035970687866211
13.9,14.467852592468262
15.3,14.897085189819336
9.7,13.527146339416504
14.5,14.743729591369629
14.2,13.897522926330566
17.9,16.420032501220703
11.9,14.081226348876953
13.7,14.932477951049805
11.5,13.45327377319336
15.2,15.021866798400879
14.7,14.837212562561035
10.4,13.398163795471191
13.4,14.091954231262207
14.5,14.854422569274902
13.2,14.252344131469727
13.3,14.419514656066895
11.6,13.663270950317383
15.8,14.852635383605957
15.2,14.437409400939941
14.9,14.646634101867676
18.0,15.023470878601074
13.2,13.882708549499512
11.7,14.211183547973633
12.3,13.735573768615723
17.8,16.419979095458984
13.0,14.158977508544922
13.6,14.557700157165527
12.1,13.186050415039062
13.6,14.48193073272705
13.2,14.151052474975586
15.0,14.694490432739258
14.8,14.413381576538086
13.5,14.490998268127441
15.7,14.915253639221191
13.6,14.35788345336914
12.1,13.767269134521484
14.2,14.519159317016602
13.5,14.091646194458008
14.5,14.725409507751465
19.6,16.570093154907227
13.1,14.530238151550293
19.3,16.65288543701172
18.9,16.713674545288086
18.6,16.88894271850586
15.1,14.873764038085938
18.6,16.955886840820312
14.0,14.311423301696777
12.2,13.114103317260742
15.7,14.651078224182129
15.0,14.94381332397461
12.5,13.76431655883789
10.5,13.535700798034668
16.0,15.157330513000488
14.9,14.860718727111816
16.0,14.85551929473877
12.9,13.58181381225586
19.2,16.66992950439453
19.6,16.711503982543945
14.3,14.390822410583496
16.8,16.003047943115234
12.6,13.548709869384766
11.9,13.889983177185059
12.7,14.002813339233398
15.8,15.195328712463379
15.1,14.5507230758667
14.2,14.26734733581543
15.9,14.770764350891113
13.5,14.44017219543457
14.0,14.434913635253906
13.7,14.185894012451172
15.2,15.007829666137695
14.9,14.661336898803711
14.3,14.4435453414917
15.2,14.82579517364502
12.4,13.523931503295898
14.8,13.953811645507812
12.2,13.654176712036133
14.9,14.807336807250977
15.5,14.708063125610352
18.2,16.74999237060547
15.1,15.029863357543945
16.3,15.214517593383789
15.2,14.946915626525879
14.9,14.627313613891602
15.8,16.13945960998535
9.8,13.316349029541016
13.2,15.87653923034668
13.8,14.856521606445312
11.9,13.111534118652344
16.4,15.257184028625488
12.3,13.177994728088379
12.3,13.484310150146484
14.3,14.502114295959473
14.1,14.606902122497559
13.1,13.900832176208496
14.7,14.385489463806152
15.1,14.95265007019043
13.9,14.049525260925293
14.1,14.084464073181152
13.0,13.567953109741211
13.0,14.183756828308105
14.0,14.708909034729004
15.2,15.136446952819824
14.6,14.491103172302246
13.8,14.292705535888672
12.1,14.052213668823242
15.6,14.914379119873047
16.4,14.820013046264648
13.4,13.870834350585938
14.8,14.868213653564453
15.8,15.134862899780273
17.4,16.72847557067871
14.2,14.64416217803955
15.4,14.784862518310547
13.1,13.58516788482666
15.8,15.171111106872559
12.0,13.694765090942383
14.9,15.125834465026855
15.2,15.027544975280762
13.0,13.79458236694336
14.6,14.990923881530762
15.0,14.917405128479004
11.4,13.30709171295166
13.0,13.66312313079834
12.0,14.061744689941406
13.0,13.99972915649414
17.4,16.309358596801758
19.9,16.45265769958496
15.7,15.020066261291504
11.9,13.851799011230469
16.1,14.794891357421875
13.3,14.314712524414062
14.5,14.766899108886719
15.2,14.794761657714844
13.8,14.374464988708496
14.4,14.787156105041504
14.0,14.592921257019043
7.2,10.678414344787598
16.1,15.382719993591309
11.4,13.865612030029297
11.7,13.80411434173584
17.2,16.5718936920166
13.3,13.854970932006836
14.7,14.75968074798584
15.7,15.167418479919434
15.1,14.765215873718262
15.0,15.017427444458008
15.7,14.916523933410645
8.5,13.500893592834473
16.7,15.759475708007812
18.3,16.34602928161621
9.1,14.507377624511719
15.9,14.579233169555664
11.1,13.56668472290039
14.5,15.061485290527344
17.6,16.3321590423584
11.8,13.946639060974121
16.1,15.030576705932617
14.5,14.51729679107666
15.7,15.458192825317383
15.5,15.374327659606934
18.4,16.854562759399414
10.1,12.776693344116211
17.2,16.522172927856445
16.7,15.930658340454102
17.5,16.62720489501953
13.4,14.186711311340332
15.5,15.54952335357666
18.9,16.660755157470703
13.9,14.42728328704834
13.0,14.323378562927246
17.1,15.005062103271484
14.5,14.836014747619629
16.7,15.920635223388672
14.8,14.671191215515137
14.9,14.650627136230469
16.2,15.573511123657227
15.9,14.910099029541016
16.3,15.770245552062988
16.4,15.501667022705078
15.1,15.14333724975586
15.5,14.797930717468262
10.6,13.379880905151367
18.8,16.349014282226562
13.5,15.149060249328613
16.2,14.30817985534668
13.0,13.721709251403809
11.5,13.843738555908203
18.6,16.693359375
13.8,14.504186630249023
17.0,16.795690536499023
15.3,14.505070686340332
13.9,14.393265724182129
15.4,14.619598388671875
9.6,15.436728477478027
18.3,16.012054443359375
14.8,14.571235656738281
18.1,16.177396774291992
15.3,15.3236665725708
19.9,16.731502532958984
15.2,15.92005443572998
12.6,13.92547607421875
17.6,16.72334861755371
16.3,15.39246654510498
16.2,16.072711944580078
13.2,13.952217102050781
11.9,13.434021949768066
14.7,14.685050010681152
16.2,15.28758716583252
19.5,16.834732055664062
19.8,14.715896606445312
14.2,14.24864673614502
13.0,13.868659973144531
14.5,15.097134590148926
15.5,14.981618881225586
16.6,15.380692481994629
19.7,16.89474868774414
14.6,14.32636833190918
16.2,15.487970352172852
14.6,14.660889625549316
17.3,15.93145751953125
9.7,12.724115371704102
18.7,16.03213882446289
15.2,14.906702041625977
15.6,14.998022079467773
15.5,15.890674591064453
14.4,15.01280403137207
13.1,14.242512702941895
16.0,15.69992446899414
17.6,16.081064224243164
17.9,16.1292781829834
10.6,13.558202743530273
10.1,12.873048782348633
17.0,15.530817985534668
19.6,16.446121215820312
19.4,15.256505966186523
15.7,15.229791641235352
17.3,14.897387504577637
19.5,16.956138610839844
15.5,14.793641090393066
19.7,16.555131912231445
19.5,16.989009857177734
14.7,14.264520645141602
8.9,14.820651054382324
15.4,14.770458221435547
14.3,14.654631614685059
18.8,16.700565338134766
15.8,15.511055946350098
19.4,16.23454475402832
11.6,13.396224975585938
15.3,15.48183536529541
16.3,15.48212718963623
14.9,14.777464866638184
11.0,13.277247428894043
11.3,13.49648666381836
16.1,14.488957405090332
15.6,15.399316787719727
16.1,15.521240234375
17.8,16.539403915405273
9.6,12.535839080810547
19.4,16.92393684387207
16.0,15.308902740478516
12.6,14.126702308654785
14.3,14.566471099853516
14.0,13.956233978271484
11.7,13.22135066986084
12.2,13.649185180664062
15.4,16.034677505493164
15.9,15.09278392791748
13.2,13.636999130249023
17.1,15.925098419189453
12.2,13.038793563842773
17.3,14.495943069458008
14.6,14.608675956726074
15.2,14.782951354980469
16.5,16.410797119140625
11.5,13.40067195892334
11.8,14.920044898986816
16.0,15.363832473754883
12.2,13.265583992004395
15.2,14.464404106140137
16.0,14.027993202209473
15.5,15.074545860290527
16.2,15.81275463104248
15.4,15.132377624511719
12.7,14.517492294311523
15.5,15.108633041381836
14.8,14.458654403686523
13.7,13.66845417022705
14.4,14.61760139465332
14.5,15.330674171447754
14.3,14.370503425598145
18.2,16.37487030029297
14.9,14.741361618041992
16.3,15.583436965942383
14.6,14.421745300292969
9.2,11.964881896972656
14.3,14.584774017333984
15.6,14.945550918579102
13.9,14.390646934509277
16.7,16.021549224853516
15.2,15.014087677001953
15.9,15.204010009765625
14.9,15.117350578308105
14.6,14.166986465454102
14.8,14.780965805053711
13.2,14.149334907531738
15.3,14.746929168701172
13.6,14.451436996459961
19.0,16.314380645751953
19.7,16.723487854003906
16.3,15.157755851745605
14.5,15.187551498413086
13.1,14.11400032043457
15.5,15.48769760131836
11.1,13.67950439453125
13.9,14.371058464050293
15.9,15.199337005615234
15.0,15.386575698852539
14.1,14.43297004699707
10.2,13.164824485778809
18.4,14.701873779296875
13.8,14.638930320739746
14.9,15.099292755126953
16.1,15.948036193847656
14.6,14.588484764099121
16.3,15.57816219329834
16.2,15.562089920043945
15.6,15.21274185180664
14.8,15.238036155700684
12.4,13.700181007385254
15.2,15.27660846710205
14.9,14.894913673400879
17.1,15.638472557067871
10.9,13.252789497375488
15.9,15.194169044494629
17.2,15.758009910583496
15.7,15.75780963897705
14.7,14.96039867401123
13.8,14.517820358276367
14.5,14.381709098815918
15.9,14.960458755493164
13.8,14.25228500366211
15.4,14.845955848693848
16.2,15.178325653076172
12.3,14.087295532226562
14.8,14.81063461303711
17.6,15.530044555664062
15.3,14.241033554077148
15.6,15.157612800598145
13.8,14.786786079406738
17.8,16.431812286376953
18.2,16.171232223510742
15.8,15.618415832519531
17.5,16.321882247924805
16.8,16.518508911132812
14.2,14.081986427307129
16.6,15.573990821838379
16.5,15.574094772338867
15.7,14.883539199829102
15.6,14.921780586242676
15.7,14.665407180786133
15.6,14.746452331542969
14.6,14.825726509094238
14.8,14.720248222351074
12.7,14.019482612609863
15.3,14.872196197509766
16.1,15.753029823303223
5.6,14.026677131652832
12.8,15.290382385253906
13.6,15.325791358947754
9.2,13.568897247314453
15.0,14.639901161193848
17.5,16.214916229248047
19.4,15.826760292053223
17.4,16.069564819335938
17.8,15.908005714416504
14.0,14.336380958557129
5.8,11.53062629699707
14.2,14.632797241210938
13.4,14.148927688598633
14.3,14.661276817321777
14.8,14.737263679504395
13.0,14.270051956176758
6.3,13.986784934997559
15.5,14.58786678314209
9.8,12.883099555969238
18.8,16.552852630615234
11.7,14.497991561889648
18.2,16.778932571411133
15.4,15.030628204345703
13.9,14.217720031738281
18.8,16.517017364501953
15.6,15.289888381958008
13.9,14.530814170837402
18.9,16.930767059326172
7.9,13.862685203552246
15.4,15.013808250427246
14.9,14.433947563171387
15.0,14.865531921386719
18.0,15.924166679382324
13.3,14.56407642364502
14.3,14.445968627929688
12.8,14.803961753845215
15.4,14.827495574951172
14.5,14.719592094421387
14.0,14.630666732788086
16.2,15.600177764892578
16.2,15.909419059753418
14.9,14.884416580200195
15.5,14.722881317138672
17.4,15.90275764465332
15.0,14.773040771484375
14.3,14.739151000976562
14.2,14.653826713562012
15.1,14.864296913146973
14.8,15.296953201293945
15.7,15.357529640197754
14.9,14.704784393310547
15.0,14.71908187866211
19.1,16.36076545715332
14.4,14.62281608581543
18.0,16.311044692993164
11.1,13.682222366333008
12.6,13.3865385055542
15.6,14.978092193603516
11.5,13.419296264648438
17.7,14.615124702453613
17.2,15.906685829162598
15.8,15.837846755981445
18.1,16.861621856689453
13.9,14.536883354187012
16.1,15.441621780395508
16.8,15.621299743652344
15.3,14.795251846313477
15.4,14.836515426635742
15.1,14.922571182250977
13.6,13.891975402832031
16.4,14.876579284667969
15.1,15.37752914428711
14.5,14.66818618774414
16.9,14.812895774841309
18.1,16.179094314575195
13.7,14.270447731018066
15.6,15.39122486114502
14.8,14.74268913269043
14.5,14.74725341796875
15.2,14.734190940856934
14.2,14.494760513305664
18.4,16.819381713867188
14.1,14.975887298583984
14.7,14.733898162841797
15.0,14.990635871887207
17.3,15.608135223388672
15.2,15.317991256713867
14.9,14.738462448120117
13.4,13.653511047363281
14.7,14.673735618591309
11.8,13.563362121582031
11.4,13.889512062072754
14.9,14.237874984741211
15.5,15.328242301940918
15.0,14.919814109802246
15.3,15.0326509475708
10.4,13.30849552154541
10.1,13.177428245544434
10.8,13.672162055969238
17.0,15.624608993530273
12.5,13.887943267822266
15.0,14.731990814208984
11.6,13.403306007385254
12.7,14.962992668151855
12.0,13.698173522949219
9.6,12.885649681091309
14.2,14.4698486328125
15.2,14.85629653930664
12.6,14.187053680419922
13.3,14.079117774963379
14.4,14.617362976074219
8.0,11.851941108703613
13.8,14.070863723754883
12.8,14.102468490600586
15.6,15.108781814575195
14.9,14.80428695678711
14.5,14.587150573730469
14.2,15.074732780456543
12.9,14.10394287109375
14.4,14.425591468811035
15.3,14.586047172546387
15.8,15.391889572143555
12.8,13.912803649902344
12.8,13.961222648620605
13.5,13.417227745056152
9.5,12.803801536560059
16.2,15.232636451721191
17.3,15.34148120880127
16.1,14.3640775680542
15.5,15.599804878234863
15.0,15.062554359436035
16.3,15.46036148071289
15.2,14.855347633361816
14.0,14.772504806518555
8.3,12.648639678955078
14.6,14.927700996398926
15.3,14.750226974487305
15.6,14.993858337402344
12.9,13.870584487915039
8.2,11.57194709777832
13.1,13.460688591003418
15.3,14.845287322998047
18.9,15.838315963745117
14.2,14.036181449890137
15.6,15.432435035705566
13.9,14.450459480285645
11.5,14.471914291381836
11.3,13.489089965820312
12.9,13.75082015991211
15.4,15.06728744506836
14.2,14.809066772460938
14.8,15.364718437194824
15.9,14.669986724853516
16.8,15.098706245422363
14.5,15.008731842041016
13.4,14.065813064575195
15.3,14.88941478729248
14.4,14.762239456176758
15.7,14.926700592041016
16.3,15.147082328796387
15.4,15.466890335083008
16.3,15.386279106140137
15.1,14.757572174072266
17.6,16.296533584594727
14.6,14.62612247467041
12.7,13.827178001403809
17.1,15.251269340515137
14.8,14.790242195129395
18.5,16.738985061645508
13.7,14.538686752319336
14.6,14.81352424621582
12.5,13.713373184204102
10.6,13.133721351623535
14.8,14.68890380859375
13.5,14.042692184448242
15.3,14.874399185180664
12.3,13.875713348388672
15.1,15.100589752197266
14.3,14.331812858581543
16.1,15.545795440673828
15.8,14.962837219238281
14.8,14.779928207397461
14.2,14.472041130065918
11.5,12.948410034179688
14.7,14.938178062438965
15.8,15.030442237854004
13.7,14.088492393493652
14.3,14.35549545288086
18.5,16.42681884765625
12.5,14.049503326416016
18.5,16.400476455688477
13.5,14.03246784210205
16.4,15.331433296203613
13.3,14.965415000915527
13.1,14.162253379821777
12.1,13.555424690246582
16.0,15.064131736755371
15.4,14.85621166229248
15.6,15.20705795288086
18.2,15.852836608886719
18.5,16.432846069335938
14.5,14.53144359588623
14.5,14.570225715637207
16.0,14.995148658752441
12.3,13.933283805847168
14.5,13.672333717346191
17.1,15.947319984436035
18.8,16.5222110748291
13.3,13.630873680114746
9.2,12.825965881347656
12.5,14.016607284545898
13.5,14.439126014709473
8.2,13.219094276428223
12.1,13.755760192871094
14.6,14.885685920715332
14.3,14.257378578186035
15.4,14.74798583984375
12.7,14.062037467956543
16.7,15.401727676391602
15.1,14.528752326965332
8.2,12.135035514831543
9.5,12.687776565551758
13.5,14.295557975769043
16.9,15.543484687805176
15.6,14.998310089111328
17.4,14.704026222229004
16.7,15.713643074035645
15.5,15.241844177246094
14.6,14.81017017364502
17.7,15.465872764587402
12.8,13.952924728393555
10.8,12.819661140441895
16.5,14.682909965515137
15.3,14.799382209777832
19.8,16.195499420166016
17.0,16.184158325195312
15.8,14.48267936706543
15.4,15.170366287231445
16.8,16.10566520690918
19.0,15.22065544128418
14.3,14.176521301269531
13.0,13.852004051208496
14.0,14.43545150756836
13.8,14.092595100402832
16.4,15.83789348602295
12.4,14.16519546508789
15.4,15.492642402648926
15.1,15.44880485534668
14.2,14.324459075927734
14.6,14.503785133361816
18.2,16.57335662841797
17.6,16.226112365722656
15.4,15.36440372467041
13.1,13.88134765625
11.7,13.309649467468262
16.6,15.531062126159668
16.3,15.5064697265625
12.1,13.566424369812012
16.8,15.600152015686035
10.8,13.350223541259766
11.0,13.239021301269531
9.2,13.55431842803955
14.7,14.434784889221191
13.1,14.313163757324219
9.8,11.557619094848633
10.3,13.048758506774902
18.2,15.484249114990234
15.3,15.232824325561523
10.4,14.530033111572266
12.2,14.178391456604004
18.8,16.024370193481445
7.8,12.518473625183105
5.8,11.920066833496094
15.1,15.519510269165039
11.3,13.207216262817383
6.1,12.803946495056152
10.1,12.542084693908691
10.7,13.350223541259766
15.9,15.16475772857666
9.9,12.415618896484375
12.4,13.993547439575195
12.3,13.313369750976562
12.6,14.238405227661133
13.8,13.986040115356445
12.5,13.830896377563477
19.0,16.832983016967773
14.3,15.061766624450684
12.7,15.117745399475098
9.2,12.738550186157227
17.2,15.740036964416504
16.8,16.107093811035156
14.7,14.548605918884277
13.4,14.554535865783691
15.3,15.420207977294922
14.2,14.449954986572266
14.8,14.431886672973633
16.3,15.37047290802002
15.9,15.62668228149414
14.6,14.63741397857666
14.2,14.715957641601562
13.7,14.390375137329102
16.7,15.849592208862305
10.2,13.358887672424316
11.9,13.637716293334961
11.4,13.214405059814453
14.6,14.782785415649414
13.2,13.757528305053711
16.6,15.07192325592041
10.5,13.500542640686035
14.4,14.804899215698242
14.0,14.587615013122559
13.0,14.212185859680176
14.8,14.595195770263672
14.2,14.721979141235352
13.9,14.742658615112305
10.8,13.40214729309082
13.6,14.303720474243164
11.8,13.548129081726074
13.7,14.196938514709473
14.8,14.334951400756836
12.5,13.50516128540039
11.5,13.420907974243164
12.7,13.442440032958984
14.8,14.760414123535156
13.6,14.274255752563477
15.0,15.000357627868652
11.6,13.392024993896484
11.6,13.44459056854248
13.2,13.776901245117188
12.4,13.757569313049316
11.8,13.430191993713379
13.3,14.308455467224121
14.3,14.07677173614502
15.4,15.157193183898926
16.4,15.563638687133789
18.6,16.953622817993164
19.5,16.747739791870117
16.5,15.92193603515625
18.3,14.797842979431152
16.5,15.484382629394531
16.9,14.553133964538574
12.4,13.905070304870605
14.6,14.728025436401367
14.2,14.738319396972656
14.4,14.948299407958984
17.4,15.618025779724121
18.5,16.676219940185547
12.7,13.759429931640625
11.6,13.513200759887695
13.9,14.253768920898438
14.3,14.317215919494629
19.0,15.788603782653809
19.1,16.510902404785156
13.5,14.002141952514648
15.0,15.331364631652832
19.7,16.371057510375977
19.6,16.11339569091797
11.4,13.681846618652344
19.4,16.792808532714844
18.0,16.005258560180664
17.9,16.0629825592041
16.2,14.680912971496582
13.6,14.16074275970459
14.1,14.553301811218262
18.7,16.495405197143555
15.0,15.068012237548828
13.9,14.461692810058594
13.4,13.970534324645996
13.6,14.498132705688477
12.8,14.153109550476074
12.5,14.417271614074707
12.2,14.549469947814941
12.9,14.115168571472168
13.5,14.321084976196289
12.7,14.23255443572998
14.8,14.519928932189941
12.6,13.924423217773438
12.2,14.065083503723145
17.6,15.512744903564453
14.0,14.501392364501953
18.6,16.01602554321289
17.8,15.581418991088867
12.5,13.440342903137207
12.8,13.895352363586426
12.8,13.909431457519531
13.4,14.066974639892578
12.5,13.788222312927246
13.9,14.346145629882812
14.1,14.56699275970459
13.5,14.26046371459961
13.1,14.695428848266602
18.6,16.400312423706055
16.8,15.887275695800781
15.9,14.218310356140137
19.8,16.730379104614258
19.0,16.744667053222656
17.6,15.997386932373047
15.7,15.106149673461914
15.4,14.908960342407227
16.4,15.615365982055664
17.3,16.39141082763672
16.2,15.387384414672852
14.6,14.872608184814453
15.3,14.912967681884766
15.6,15.097973823547363
16.8,15.642281532287598
17.0,15.421731948852539
17.6,16.10869026184082
15.2,15.590521812438965
16.2,15.556639671325684
15.5,14.415153503417969
17.7,16.167789459228516
16.5,15.625231742858887
19.6,16.92318344116211
15.8,15.021015167236328
16.6,15.682963371276855
15.6,15.184014320373535
14.9,14.671280860900879
17.2,16.14601707458496
12.0,13.829662322998047
18.3,15.862944602966309
11.7,13.513527870178223
19.2,16.710250854492188
16.5,16.09817886352539
12.7,14.274861335754395
19.0,16.41241455078125
15.7,15.59666633605957
14.7,14.670947074890137
13.7,14.16580581665039
17.9,15.494161605834961
17.3,15.956257820129395
16.1,16.150592803955078
13.3,15.17792797088623
15.7,14.943611145019531
19.4,16.57933235168457
15.5,15.208768844604492
12.5,14.13225269317627
15.1,14.517635345458984
19.3,16.697725296020508
15.7,15.300061225891113
11.9,14.117106437683105
15.7,14.79958438873291
5.7,10.76662826538086
14.3,14.486659049987793
12.2,13.25338363647461
18.9,16.01565933227539
14.6,15.040802001953125
18.1,16.59885025024414
14.7,15.13283634185791
12.9,13.970768928527832
14.9,14.792999267578125
19.4,16.424034118652344
15.4,14.981866836547852
18.4,16.1539249420166
12.5,13.652521133422852
18.8,14.952096939086914
11.8,13.585779190063477
12.4,13.788743019104004
12.1,14.125356674194336
7.2,11.582832336425781
13.4,13.877546310424805
19.8,16.125181198120117
16.0,15.795997619628906
10.9,13.898571014404297
14.5,14.432478904724121
13.3,14.33775520324707
14.5,14.389314651489258
14.4,14.644705772399902
14.4,14.321844100952148
15.1,14.76567268371582
9.7,14.352993965148926
14.4,14.589374542236328
11.7,14.089917182922363
15.6,13.151298522949219
16.0,15.142165184020996
12.9,14.200751304626465
15.6,14.765600204467773
19.2,16.723634719848633
18.8,16.09471321105957
11.7,13.341493606567383
14.6,14.38488483428955
14.2,14.420891761779785
12.6,14.400375366210938
19.5,16.4874267578125
16.4,15.561376571655273
15.8,15.640279769897461
11.3,12.547061920166016
15.4,15.380119323730469
11.4,13.362868309020996
11.3,13.623497009277344
11.9,14.827922821044922
12.9,13.739544868469238
13.4,14.80504035949707
15.8,15.025825500488281
12.5,13.764516830444336
9.3,11.964225769042969
11.6,13.562105178833008
10.8,13.626290321350098
10.9,12.865203857421875
15.7,14.803829193115234
10.1,13.674250602722168
13.6,14.448264122009277
13.1,14.206799507141113
12.5,13.431366920471191
13.6,14.558734893798828
12.2,13.836491584777832
14.4,14.555085182189941
18.1,16.33974266052246
11.2,13.357501983642578
14.3,15.000103950500488
19.6,16.994369506835938
17.7,16.5123233795166
15.6,15.17447566986084
15.2,14.891426086425781
10.1,13.648371696472168
13.1,13.912386894226074
14.9,14.72644329071045
14.3,14.486394882202148
14.5,14.784860610961914
15.2,14.867812156677246
12.0,13.667315483093262
15.6,15.462787628173828
14.5,15.108530044555664
13.3,14.034549713134766
14.1,13.173903465270996
13.4,13.812971115112305
16.2,15.127120971679688
9.2,13.003398895263672
15.2,14.839081764221191
14.2,14.878508567810059
18.7,16.573501586914062
13.2,14.224447250366211
13.9,14.432769775390625
14.9,14.687804222106934
14.0,14.382665634155273
8.4,11.683765411376953
15.6,14.172967910766602
11.0,14.007087707519531
16.0,16.023025512695312
17.7,16.3874568939209
11.7,13.804877281188965
13.7,14.409914016723633
11.3,13.7299222946167
12.5,14.767078399658203
12.6,13.209233283996582
14.7,14.667805671691895
13.3,13.868956565856934
16.1,15.287521362304688
19.9,16.95256805419922
9.2,12.014425277709961
15.6,14.861159324645996
11.4,13.318171501159668
15.2,15.07645320892334
12.8,14.241374969482422
15.8,15.07969856262207
11.9,13.29481029510498
17.8,16.396652221679688
14.4,14.172983169555664
18.9,16.808353424072266
12.0,13.656608581542969
14.3,14.644038200378418
14.3,14.0918607711792
16.2,15.981335639953613
12.9,13.966981887817383
16.7,15.32955551147461
9.0,13.354376792907715
14.8,14.652633666992188
14.7,15.23353099822998
16.4,14.939478874206543
14.7,14.357006072998047
15.4,13.367864608764648
16.4,16.071117401123047
14.4,14.65196418762207
16.5,15.522506713867188
15.8,14.688796997070312
15.1,16.056180953979492
12.8,14.260892868041992
18.4,16.955795288085938
18.9,16.600065231323242
14.9,14.949109077453613
17.9,16.377105712890625
11.5,14.322629928588867
13.3,13.82186222076416
12.8,14.11678409576416
14.9,14.379240036010742
13.7,15.091294288635254
14.1,14.660883903503418
12.8,13.83602523803711
13.4,14.56645679473877
13.2,14.120330810546875
12.0,13.669437408447266
17.7,16.47785186767578
13.1,14.117213249206543
15.5,15.527880668640137
13.6,14.497336387634277
17.9,16.170495986938477
14.0,14.358723640441895
18.2,15.849038124084473
13.2,14.214327812194824
10.1,12.19791316986084
18.0,16.794395446777344
19.9,16.899587631225586
16.5,15.827692985534668
13.0,13.965875625610352
13.9,14.307205200195312
17.1,15.505489349365234
15.8,15.224166870117188
16.2,15.243467330932617
18.2,16.00902557373047
18.9,16.525787353515625
17.6,16.214893341064453
17.7,15.854910850524902
18.6,15.863372802734375
15.4,15.018115997314453
15.9,15.7212495803833
16.5,16.25489044189453
12.3,14.71194839477539
13.3,14.312064170837402
14.0,14.784489631652832
19.4,17.025266647338867
11.5,12.923380851745605
18.9,16.202280044555664
14.5,15.16748332977295
12.0,12.858909606933594
12.3,13.60953140258789
14.2,14.400656700134277
14.7,14.384239196777344
13.6,14.125520706176758
13.5,15.891583442687988
16.4,16.17869758605957
8.6,11.100528717041016
10.2,12.435835838317871
13.2,14.425009727478027
14.1,14.74785327911377
14.8,14.09221363067627
13.5,14.33056640625
15.5,14.8766450881958
15.7,15.243319511413574
17.2,16.254064559936523
17.4,16.231128692626953
12.3,13.712347030639648
15.7,15.815074920654297
14.2,14.685951232910156
18.4,16.534765243530273
15.4,14.745073318481445
16.8,14.75951862335205
19.7,16.97336769104004
14.5,14.914057731628418
19.2,16.558223724365234
13.7,14.175287246704102
16.3,15.242530822753906
13.8,13.97801685333252
13.6,16.541025161743164
11.6,13.704651832580566
15.1,14.335659980773926
15.6,14.975457191467285
13.4,14.441313743591309
16.5,15.80539608001709
10.7,13.4638032913208
13.0,13.621636390686035
17.5,16.23539924621582
12.7,14.773626327514648
13.6,14.466994285583496
15.1,15.532910346984863
16.3,15.375621795654297
19.0,16.920740127563477
15.3,14.270044326782227
15.0,14.016003608703613
15.4,14.934662818908691
14.3,14.011371612548828
14.5,14.643899917602539
15.8,15.708893775939941
13.9,14.60329532623291
14.0,15.113848686218262
15.7,15.109430313110352
14.2,14.39283275604248
15.5,15.02994155883789
19.5,16.063594818115234
19.5,16.994369506835938
15.7,15.171438217163086
18.9,16.81804084777832
14.7,14.488787651062012
16.2,15.421338081359863
13.1,13.953370094299316
16.2,15.448808670043945
14.4,15.22900104522705
15.1,14.872490882873535
13.9,14.688546180725098
14.9,14.608938217163086
13.9,14.119236946105957
16.8,15.559372901916504
16.5,15.792244911193848
15.4,15.04827880859375
5.0,10.853532791137695
12.7,13.715943336486816
15.8,15.061938285827637
15.1,14.991557121276855
12.0,13.552533149719238
16.6,15.980180740356445
11.1,12.309170722961426
14.0,14.749605178833008
15.1,14.856376647949219
15.3,14.65320873260498
13.6,14.817949295043945
19.0,16.66030502319336
10.6,13.920144081115723
15.0,15.114998817443848
14.3,14.505477905273438
13.5,13.894564628601074
14.8,14.581006050109863
15.8,15.071885108947754
13.0,14.02151870727539
11.5,13.77059555053711
11.8,13.644086837768555
11.9,13.447749137878418
15.0,15.016538619995117
11.7,13.675427436828613
14.7,15.162322998046875
15.4,14.78879165649414
13.2,13.41141414642334
18.1,16.584423065185547
17.6,15.994579315185547
13.5,14.596013069152832
14.5,14.57930850982666
12.3,15.146819114685059
14.8,14.665144920349121
16.7,16.173999786376953
17.0,16.075986862182617
19.4,16.874582290649414
15.5,14.886800765991211
17.2,14.871012687683105
14.8,14.661005020141602
16.8,15.724522590637207
14.0,13.780891418457031
15.8,15.409280776977539
18.9,16.851131439208984
15.9,15.1043119430542
19.7,16.74916648864746
15.0,13.587486267089844
16.0,14.657804489135742
11.6,14.886402130126953
13.1,13.757394790649414
14.9,15.047407150268555
19.9,16.665922164916992
16.0,15.293915748596191
11.0,12.181930541992188
15.0,14.792815208435059
17.4,15.694857597351074
14.5,14.391585350036621
14.5,14.522945404052734
14.9,14.84408187866211
14.3,14.219923973083496
11.9,14.173595428466797
15.8,14.93793773651123
14.1,14.951634407043457
13.7,14.091985702514648
18.7,16.097536087036133
12.0,13.793880462646484
15.9,15.323535919189453
12.4,13.68480396270752
15.8,15.560532569885254
13.6,15.4132661819458
14.1,14.061620712280273
10.3,13.651956558227539
15.8,15.495142936706543
15.6,15.050477981567383
14.6,14.575902938842773
13.7,14.25586986541748
17.5,15.180317878723145
14.2,14.385063171386719
15.4,15.006890296936035
12.4,14.98140811920166
13.8,14.302675247192383
12.1,13.515134811401367
15.6,15.57034683227539
15.3,15.407207489013672
18.9,16.564699172973633
19.0,15.759082794189453
15.3,14.743097305297852
16.0,14.960251808166504
16.3,15.398969650268555
18.6,16.623428344726562
12.5,13.141196250915527
14.6,14.82957935333252
19.4,16.639015197753906
15.5,14.818821907043457
16.7,15.520524978637695
16.7,14.832870483398438
13.6,13.997513771057129
13.0,13.87757682800293
17.3,15.7992582321167
15.5,15.548460960388184
15.5,14.820252418518066
14.9,14.890809059143066
15.5,15.52157211303711
13.1,14.285645484924316
13.5,14.436843872070312
14.5,14.76144790649414
16.2,15.212348937988281
15.0,14.817428588867188
19.0,15.999824523925781
16.6,15.992755889892578
19.9,16.9815731048584
13.5,14.10615348815918
14.5,14.453805923461914
15.6,14.967503547668457
19.8,17.046268463134766
18.4,15.725600242614746
14.2,14.600545883178711
14.6,14.661733627319336
19.5,16.905439376831055
17.1,15.387346267700195
17.8,15.846639633178711
15.9,15.007225036621094
13.3,14.575395584106445
13.7,13.780547142028809
15.7,14.809391975402832
14.6,14.642654418945312
13.6,14.259010314941406
17.2,15.809142112731934
19.6,16.381319046020508
13.1,14.101856231689453
15.5,14.794073104858398
14.9,14.65582275390625
14.7,14.749691009521484
15.4,15.215781211853027
13.0,13.62615966796875
14.7,14.926371574401855
18.9,15.659895896911621
12.3,13.722747802734375
18.3,15.919998168945312
11.8,12.577298164367676
18.0,16.1905460357666
15.7,15.020421981811523
19.6,16.321128845214844
18.5,16.505779266357422
12.0,13.855350494384766
15.1,15.200299263000488
19.2,16.814579010009766
15.8,15.57349967956543
14.4,14.84158706665039
18.4,16.35917091369629
19.8,16.967655181884766
16.9,15.521536827087402
13.5,14.452159881591797
17.8,16.14550018310547
19.0,16.843172073364258
18.4,15.671541213989258
17.6,16.10870933532715
14.8,15.008626937866211
13.8,14.439014434814453
17.3,16.409828186035156
18.9,16.71035385131836
18.6,16.580541610717773
14.3,14.195164680480957
9.6,13.259422302246094
18.2,16.47060203552246
16.1,14.817541122436523
15.9,14.898809432983398
14.4,15.021711349487305
13.9,14.238219261169434
13.2,14.147278785705566
15.5,15.14378547668457
13.6,14.340703964233398
14.5,14.295526504516602
15.3,14.102477073669434
17.7,15.777335166931152
14.9,14.153806686401367
18.3,16.293657302856445
11.7,13.88642406463623
15.1,14.9428071975708
17.7,15.173196792602539
12.7,13.70358657836914
12.0,13.81965446472168
16.0,15.051445960998535
17.2,15.699169158935547
18.2,16.522335052490234
16.2,15.537455558776855
12.7,13.921345710754395
15.8,15.074545860290527
15.3,15.34999942779541
16.8,15.176811218261719
19.4,16.88719367980957
11.0,13.37956428527832
13.9,14.793803215026855
15.8,15.121269226074219
19.6,16.946216583251953
14.8,13.83224868774414
14.4,14.88671588897705
16.0,14.941678047180176
16.5,15.496720314025879
13.8,14.374608039855957
12.3,13.646306991577148
18.3,16.168853759765625
17.8,15.624853134155273
16.2,15.283698081970215
15.5,14.804443359375
11.1,13.626054763793945
16.2,16.19791603088379
14.9,15.267610549926758
9.6,12.940207481384277
15.5,15.493865013122559
16.1,15.606223106384277
13.4,14.30215072631836
11.1,13.352301597595215
10.3,13.743416786193848
14.7,15.100354194641113
14.3,14.697369575500488
19.9,16.78791618347168
15.2,14.657702445983887
14.2,14.326009750366211
15.3,14.284823417663574
12.1,14.27546215057373
14.4,14.379103660583496
14.3,15.191365242004395
16.1,15.06516170501709
14.3,15.066819190979004
16.1,15.130107879638672
14.6,14.341824531555176
15.1,14.717251777648926
19.7,16.15608024597168
15.4,15.53896427154541
15.0,14.67982292175293
15.6,14.944428443908691
12.2,14.12249755859375
19.9,16.254610061645508
15.8,15.53765869140625
14.8,14.841736793518066
17.1,16.089780807495117
19.6,16.931699752807617
19.5,14.849981307983398
13.0,15.466922760009766
14.2,14.363574981689453
16.9,14.745519638061523
18.4,16.35577392578125
12.2,12.775312423706055
16.5,14.904190063476562
15.0,14.436793327331543
15.9,14.978841781616211
10.9,13.522140502929688
14.9,14.767257690429688
12.1,13.402668952941895
13.8,14.943628311157227
17.4,15.788427352905273
14.8,15.375035285949707
14.5,14.934805870056152
14.3,14.076506614685059
15.0,14.757503509521484
13.4,13.943888664245605
13.9,14.71580696105957
15.8,15.119022369384766
15.6,14.982590675354004
14.6,14.703112602233887
16.3,15.519227027893066
13.4,14.423307418823242
13.4,14.73796558380127
14.0,15.439958572387695
16.7,15.693687438964844
16.2,15.092301368713379
14.8,15.194839477539062
15.2,14.830012321472168
14.3,14.274755477905273
18.3,16.23236083984375
13.8,14.39999771118164
19.6,16.87863540649414
15.5,14.69642448425293
14.9,14.41141414642334
13.5,14.605480194091797
14.9,14.875024795532227
15.6,14.918103218078613
14.1,13.84182357788086
11.5,13.19261360168457
18.9,16.154577255249023
16.0,15.206950187683105
15.5,14.925308227539062
15.2,14.885148048400879
13.6,14.460888862609863
15.4,14.98570442199707
8.3,12.622990608215332
15.3,14.40995979309082
12.3,13.974745750427246
13.6,14.40965747833252
14.7,14.668696403503418
10.5,12.883009910583496
8.5,12.767040252685547
16.5,16.220863342285156
15.0,14.59672737121582
15.1,14.71302318572998
15.7,15.14333724975586
15.0,14.821133613586426
12.8,14.904869079589844
18.7,15.96259593963623
12.7,14.374909400939941
14.3,14.211257934570312
14.9,13.985252380371094
18.9,16.251497268676758
16.4,15.56968879699707
15.3,15.241743087768555
15.3,14.93686580657959
14.0,14.328389167785645
14.7,14.12988567352295
14.6,14.53553295135498
14.0,14.367050170898438
19.7,16.560894012451172
11.9,13.396239280700684
13.1,14.197100639343262
17.0,15.358680725097656
14.2,15.198527336120605
15.0,14.969038963317871
13.6,14.89657211303711
13.5,14.314705848693848
13.7,14.18629264831543
12.2,13.50872802734375
17.6,15.926865577697754
13.4,13.999868392944336
19.0,16.75223731994629
19.5,16.267078399658203
14.3,14.600780487060547
14.9,14.169816970825195
18.6,16.740690231323242
13.9,13.837919235229492
14.6,14.798480033874512
12.6,14.008638381958008
18.8,16.868900299072266
15.4,15.1224946975708
14.9,14.583596229553223
13.7,15.634549140930176
18.8,16.169889450073242
14.9,14.709555625915527
16.4,15.522613525390625
18.0,16.611602783203125
14.1,14.590848922729492
14.6,14.60938835144043
19.4,16.794586181640625
15.7,15.063800811767578
12.3,13.785903930664062
10.8,12.915830612182617
16.3,16.663970947265625
13.0,13.649480819702148
16.2,15.457518577575684
15.1,14.599763870239258
17.5,15.797151565551758
15.4,15.033284187316895
16.4,15.717921257019043
10.3,12.734552383422852
15.5,15.444212913513184
14.8,14.67641830444336
18.9,16.286439895629883
15.1,15.052312850952148
13.8,13.701102256774902
15.6,15.789985656738281
15.7,15.156715393066406
14.7,15.203219413757324
10.6,13.09010124206543
13.1,14.01089096069336
12.7,13.504057884216309
16.4,16.095396041870117
13.8,14.338493347167969
15.2,14.761996269226074
15.1,14.85908317565918
15.3,15.308205604553223
12.0,14.660675048828125
14.2,14.730950355529785
14.9,14.403532981872559
12.2,12.88054370880127
13.1,13.672379493713379
13.4,13.911164283752441
14.4,14.757002830505371
12.8,14.088249206542969
11.9,13.669675827026367
11.3,13.041818618774414
10.4,11.908053398132324
15.9,15.025145530700684
12.6,13.390419006347656
14.6,14.77585220336914
17.7,16.331886291503906
13.1,14.040247917175293
14.1,14.333808898925781
15.1,14.689488410949707
12.8,14.171436309814453
14.9,14.746722221374512
13.9,14.312328338623047
13.3,13.927077293395996
13.8,14.383109092712402
13.6,14.724726676940918
9.4,12.92679214477539
16.1,15.502985954284668
12.4,13.305397987365723
14.0,14.483024597167969
11.3,14.16077995300293
14.3,14.601203918457031
11.8,13.644516944885254
14.4,14.580239295959473
18.1,16.647483825683594
14.3,14.638117790222168
14.1,14.495562553405762
14.2,15.15483283996582
14.7,14.762779235839844
13.4,13.782974243164062
11.0,13.202353477478027
11.9,13.284592628479004
13.2,13.98615837097168
15.4,15.914712905883789
17.0,15.775774002075195
14.4,14.57851505279541
18.2,16.527040481567383
14.9,14.994635581970215
19.4,16.94035530090332
19.3,16.914155960083008
13.2,13.955737113952637
15.4,15.050637245178223
14.1,14.33990478515625
16.1,15.606355667114258
14.9,14.843132019042969
12.4,13.813687324523926
13.2,13.967844009399414
18.6,16.86699104309082
16.5,15.359603881835938
8.6,12.142229080200195
14.8,14.459174156188965
11.9,13.094398498535156
12.9,13.947364807128906
17.2,15.714004516601562
13.7,14.438240051269531
17.3,15.820904731750488
16.1,15.419546127319336
12.4,14.005148887634277
13.0,14.02352237701416
16.1,15.896135330200195
13.4,14.1139497756958
12.3,13.953742027282715
7.5,11.142439842224121
13.9,14.429924011230469
13.0,14.265422821044922
15.2,14.793377876281738
14.3,14.111832618713379
13.0,14.137462615966797
16.6,14.601938247680664
13.3,14.551074028015137
15.1,14.554195404052734
13.1,14.578252792358398
15.2,14.731249809265137
16.9,15.822664260864258
18.0,16.46366310119629
13.6,14.588079452514648
18.5,16.555885314941406
14.9,14.677000999450684
10.0,12.749197006225586
15.3,14.923748016357422
14.6,14.701720237731934
13.5,14.18718147277832
12.1,13.360697746276855
10.5,13.132070541381836
18.7,16.553546905517578
13.4,13.925457000732422
7.4,13.392110824584961
14.2,14.46976089477539
11.1,11.891048431396484
18.3,16.51068115234375
12.8,13.664213180541992
16.0,15.731354713439941
13.2,13.70913028717041
12.6,13.64583969116211
13.2,14.229227066040039
16.4,14.848966598510742
12.7,14.0225830078125
17.0,15.856400489807129
11.0,13.756645202636719
14.9,14.700562477111816
14.1,14.648813247680664
13.1,13.79727840423584
18.2,16.468713760375977
13.5,14.472037315368652
13.8,14.261100769042969
12.5,14.050808906555176
13.6,14.457616806030273
17.9,16.24481773376465
17.5,16.180644989013672
15.7,14.776896476745605
18.4,16.419126510620117
15.8,14.942855834960938
16.1,15.510477066040039
11.6,13.21166706085205
13.0,13.90719223022461
17.1,15.690102577209473
15.0,14.755707740783691
11.1,14.139178276062012
14.8,14.426492691040039
14.3,14.622173309326172
19.5,15.777009963989258
12.1,13.632721900939941
15.6,15.015917778015137
12.0,13.363163948059082
15.6,14.996386528015137
16.7,16.103906631469727
15.5,14.945040702819824
14.1,14.219064712524414
15.1,14.841666221618652
13.9,14.389541625976562
14.1,14.123366355895996
16.2,15.162932395935059
10.5,12.797309875488281
15.0,14.509428024291992
17.6,16.373065948486328
15.7,14.637222290039062
14.0,14.670245170593262
12.9,13.84039306640625
18.4,15.858809471130371
14.3,14.544519424438477
14.4,14.911535263061523
14.3,15.030654907226562
14.0,14.20359992980957
13.7,14.788713455200195
15.6,15.609780311584473
13.1,14.461186408996582
15.0,14.180169105529785
9.5,12.550687789916992
12.9,13.250531196594238
16.0,15.028173446655273
14.5,14.610505104064941
19.1,16.32718276977539
14.6,14.863349914550781
14.6,14.88813304901123
12.2,13.540781021118164
12.4,14.362723350524902
15.1,15.198265075683594
15.5,14.829340934753418
16.8,13.953916549682617
10.7,12.767980575561523
14.6,14.335875511169434
12.4,13.625208854675293
12.1,13.600975036621094
14.1,14.424325942993164
12.9,13.887096405029297
12.8,13.53589916229248
13.5,14.191743850708008
13.3,14.151357650756836
12.9,13.939750671386719
13.6,14.421462059020996
15.8,15.04703140258789
18.8,16.59382438659668
13.2,14.167765617370605
14.7,14.64594841003418
14.7,15.056992530822754
14.1,14.475911140441895
14.9,14.69283676147461
8.1,12.23504638671875
14.9,14.759638786315918
14.3,14.636160850524902
16.2,15.717340469360352
11.2,13.040748596191406
15.2,14.894203186035156
12.9,14.135380744934082
14.8,14.781410217285156
14.8,14.730401039123535
16.0,15.294655799865723
14.5,14.690112113952637
11.9,14.022624969482422
7.8,13.369955062866211
12.5,13.683693885803223
13.9,14.073697090148926
15.0,15.143092155456543
15.0,15.42953872680664
14.8,14.717967987060547
14.0,14.583089828491211
19.4,16.961650848388672
16.4,14.895342826843262
14.0,14.525933265686035
10.4,14.34307861328125
11.3,13.783702850341797
13.6,13.97623062133789
15.0,14.686882019042969
17.1,16.205965042114258
14.9,14.717697143554688
14.8,14.483221054077148
12.4,13.2540283203125
14.3,14.621821403503418
11.6,13.533109664916992
10.8,13.413728713989258
12.6,13.713292121887207
14.2,15.551240921020508
14.5,14.145895957946777
15.4,14.604615211486816
14.9,15.176043510437012
15.6,14.875007629394531
14.7,14.30822467803955
15.0,14.718505859375
14.1,15.031414031982422
14.0,14.672335624694824
14.7,15.13046646118164
14.8,15.39226245880127
11.4,13.397317886352539
14.5,15.133696556091309
14.7,14.684015274047852
15.4,15.511645317077637
11.6,14.17507266998291
18.2,16.0782470703125
13.4,13.716854095458984
14.8,14.667462348937988
12.0,13.404465675354004
13.7,14.200684547424316
15.0,14.378650665283203
14.8,15.029808044433594
13.4,13.534233093261719
17.1,16.274904251098633
15.8,15.028656959533691
15.8,15.330106735229492
13.4,14.343369483947754
13.5,14.45518684387207
15.8,15.318798065185547
13.8,14.152767181396484
14.2,14.650860786437988
15.1,14.809885025024414
12.1,13.199983596801758
15.7,15.27409839630127
15.1,15.229205131530762
14.7,14.47512149810791
15.1,15.043990135192871
15.3,14.626605987548828
16.2,15.28170108795166
15.3,14.928922653198242
13.9,14.542612075805664
14.2,14.29728889465332
15.3,15.020606994628906
15.7,14.851375579833984
13.6,14.1920747756958
15.5,14.800415992736816
14.9,14.79896068572998
13.9,15.008880615234375
15.5,14.935051918029785
10.4,13.171760559082031
16.8,15.299494743347168
7.6,11.643440246582031
15.7,15.004721641540527
12.6,14.284098625183105
14.1,14.217795372009277
13.2,13.465715408325195
10.4,12.772101402282715
13.2,14.350763320922852
17.7,16.701623916625977
13.4,14.103464126586914
13.7,14.235248565673828
8.0,12.866013526916504
16.3,15.870230674743652
16.3,15.410921096801758
13.4,14.634965896606445
14.6,15.14333724975586
11.1,12.70071029663086
17.4,16.127853393554688
13.6,13.847687721252441
15.7,15.14333724975586
14.8,14.828831672668457
15.5,15.184333801269531
11.5,13.529458045959473
15.4,14.83040714263916
16.8,16.210596084594727
13.8,13.968024253845215
14.7,14.911325454711914
15.7,15.329894065856934
14.2,14.466012954711914
14.2,14.545961380004883
15.5,14.894102096557617
19.7,16.789579391479492
15.1,14.81367301940918
13.9,14.53637981414795
13.5,14.398568153381348
14.8,14.980965614318848
15.3,14.704753875732422
13.7,14.917720794677734
11.8,14.114028930664062
13.6,14.27176284790039
14.3,14.476449012756348
8.2,12.377898216247559
14.7,14.595420837402344
15.1,14.864221572875977
15.1,14.887039184570312
10.8,13.329318046569824
16.2,15.900060653686523
15.4,15.109148025512695
16.4,16.04077911376953
6.4,11.565174102783203
15.6,15.126361846923828
14.4,14.737793922424316
14.4,14.75346851348877
14.8,14.704581260681152
16.2,15.548239707946777
15.6,15.459436416625977
14.9,15.727348327636719
14.7,14.693922996520996
15.9,15.238363265991211
19.5,16.948745727539062
17.1,15.913580894470215
13.5,14.084920883178711
13.4,14.307087898254395
13.7,14.200736999511719
14.4,14.592114448547363
14.6,14.812543869018555
13.8,14.030988693237305
15.6,15.114880561828613
14.5,14.536157608032227
11.6,14.177968978881836
15.3,14.69096565246582
15.3,14.911982536315918
19.8,16.225933074951172
16.9,15.674848556518555
16.9,15.83644962310791
16.0,15.468440055847168
13.8,14.500774383544922
14.5,14.626368522644043
15.0,15.0659818649292
16.3,15.298906326293945
9.7,13.080612182617188
13.4,13.964577674865723
14.3,14.330445289611816
14.9,14.796201705932617
14.0,14.458752632141113
14.8,15.26684284210205
14.9,14.94997787475586
14.9,15.263910293579102
14.8,14.850069999694824
14.5,14.461868286132812
14.8,15.203611373901367
12.9,13.887746810913086
15.6,14.971150398254395
13.9,14.392550468444824
14.2,14.658434867858887
11.4,13.094304084777832
14.9,14.94425106048584
15.2,14.963102340698242
14.2,14.990265846252441
11.1,13.233081817626953
15.6,15.074066162109375
15.2,14.900151252746582
19.2,16.631759643554688
11.8,13.307062149047852
18.0,16.37293815612793
14.9,15.126317977905273
14.6,15.433914184570312
16.2,14.27625560760498
15.7,15.167418479919434
16.0,15.471199989318848
19.0,16.54527473449707
19.5,16.96242904663086
13.3,13.730043411254883
16.0,15.494890213012695
14.3,14.381054878234863
15.8,15.137789726257324
15.5,14.948173522949219
12.2,13.428120613098145
14.0,14.392861366271973
16.2,14.877763748168945
15.4,15.035528182983398
16.8,15.820948600769043
18.4,16.486778259277344
15.0,14.884695053100586
16.2,16.089187622070312
15.2,15.007511138916016
15.4,14.915308952331543
15.2,14.845345497131348
15.9,15.276739120483398
15.3,15.027322769165039
14.0,15.313859939575195
17.4,15.91349983215332
16.3,16.587963104248047
15.0,14.407232284545898
17.9,16.381790161132812
15.4,14.62485122680664
15.2,15.065118789672852
16.7,16.3843994140625
15.2,14.985763549804688
15.9,14.89064884185791
16.3,15.493581771850586
18.0,15.84827995300293
15.2,15.323516845703125
15.1,14.90450668334961
13.6,14.144442558288574
14.0,14.281883239746094
14.2,14.95180892944336
14.8,14.699682235717773
14.2,14.668707847595215
11.8,13.783109664916992
15.7,14.918839454650879
15.0,15.057002067565918
17.0,16.19204330444336
15.3,14.715231895446777
13.0,14.188400268554688
13.3,13.927912712097168
15.7,15.563920021057129
15.0,14.569098472595215
12.5,14.259084701538086
14.1,14.645101547241211
13.9,14.240397453308105
13.3,14.30185317993164
15.1,15.115659713745117
16.2,15.426462173461914
14.0,15.129816055297852
6.7,12.930863380432129
15.5,15.215980529785156
13.2,13.963187217712402
13.9,13.92707347869873
15.5,14.944589614868164
15.4,15.14333724975586
15.4,14.821331977844238
13.2,13.608057022094727
13.8,14.132627487182617
16.9,15.307151794433594
15.1,14.80979061126709
19.1,16.618408203125
14.6,14.570304870605469
16.7,16.054292678833008
15.3,15.083664894104004
14.9,15.806243896484375
14.2,14.599896430969238
15.3,14.200743675231934
13.3,13.902243614196777
13.2,14.10172176361084
14.1,14.838947296142578
14.6,14.570304870605469
13.2,15.048007011413574
12.4,14.029960632324219
12.8,13.919500350952148
13.7,14.072856903076172
15.5,15.154139518737793
17.4,15.920600891113281
10.5,12.015243530273438
14.2,14.38847541809082
15.9,15.080440521240234
15.3,14.792394638061523
13.0,14.132251739501953
17.9,16.584354400634766
10.8,13.355623245239258
14.2,14.966689109802246
13.5,14.060577392578125
15.6,14.902093887329102
7.9,12.327133178710938
14.3,14.285840034484863
12.1,13.68704891204834
15.6,15.125941276550293
13.4,13.917768478393555
13.6,14.505142211914062
14.0,15.187943458557129
14.1,14.118152618408203
15.4,15.252653121948242
14.7,14.853242874145508
13.8,14.529669761657715
12.9,14.137066841125488
15.7,14.981385231018066
12.3,13.44006633758545
14.4,14.847559928894043
14.3,14.598264694213867
17.3,15.963948249816895
12.2,14.313211441040039
16.3,15.33556079864502
12.2,13.543963432312012
13.2,13.60666275024414
15.6,15.044088363647461
14.9,14.287163734436035
16.1,15.509572982788086
13.5,14.082914352416992
14.3,14.36655330657959
15.6,15.231307983398438
13.6,13.975431442260742
11.5,13.764257431030273
13.6,14.465499877929688
17.0,16.066774368286133
14.3,14.53109359741211
13.7,14.675583839416504
15.1,14.874510765075684
13.3,13.863412857055664
12.8,13.776224136352539
16.0,15.192034721374512
14.8,15.316290855407715
14.7,14.228621482849121
14.3,14.702882766723633
11.9,13.614123344421387
13.5,15.085618019104004
15.3,14.637826919555664
16.3,15.547883987426758
17.9,15.74644947052002
17.9,16.3709774017334
18.3,16.71216583251953
15.8,15.095304489135742
16.7,16.369293212890625
13.6,14.183268547058105
9.7,14.361589431762695
16.6,15.591485977172852
15.3,14.67924976348877
13.5,15.108633041381836
12.8,14.103134155273438
11.8,13.886615753173828
18.9,16.460437774658203
12.6,14.26797866821289
15.6,15.081921577453613
16.6,15.663143157958984
18.4,16.939699172973633
11.3,14.467845916748047
14.4,13.894564628601074
14.1,14.257794380187988
14.6,15.734722137451172
13.5,14.035896301269531
13.4,13.746550559997559
15.3,15.153351783752441
14.5,15.530838012695312
13.5,13.811058044433594
11.8,15.751554489135742
14.1,14.305318832397461
19.2,16.65274429321289
15.8,15.113614082336426
14.9,14.8011474609375
19.6,16.66731834411621
14.8,14.624634742736816
16.0,15.016258239746094
16.3,15.662784576416016
11.5,12.987018585205078
16.6,16.143617630004883
13.9,14.375627517700195
14.1,14.049522399902344
11.2,14.357954025268555
15.2,14.778453826904297
12.3,13.67696475982666
14.1,14.735602378845215
15.3,14.705962181091309
17.8,15.58696174621582
12.6,13.777883529663086
12.3,14.201863288879395
12.7,16.130722045898438
10.3,12.996407508850098
15.0,14.723333358764648
15.2,16.23662567138672
14.9,14.845316886901855
12.4,13.772383689880371
12.8,14.030461311340332
10.5,13.093536376953125
12.6,14.823857307434082
15.8,15.084185600280762
14.6,14.616790771484375
15.0,14.7880277633667
14.8,14.460469245910645
19.7,16.74395179748535
14.6,15.042884826660156
14.8,14.813002586364746
15.4,14.717449188232422
15.9,15.638427734375
18.7,16.64031219482422
15.6,14.767095565795898
14.4,14.5797119140625
12.5,13.29990005493164
11.9,13.084298133850098
16.3,15.236918449401855
12.8,14.215204238891602
14.2,14.602432250976562
12.0,13.691044807434082
11.4,13.58745288848877
15.2,14.927019119262695
13.4,13.962647438049316
15.3,14.92243766784668
11.6,13.097028732299805
14.3,14.752771377563477
14.9,15.170303344726562
15.0,14.880784034729004
19.5,16.82737159729004
13.2,14.006928443908691
14.0,14.798218727111816
15.5,15.758821487426758
15.1,15.556377410888672
15.4,15.043439865112305
16.5,15.813043594360352
12.9,14.42136287689209
13.6,14.765835762023926
13.1,14.484817504882812
10.7,13.369643211364746
11.5,14.206096649169922
14.4,14.222088813781738
11.4,13.537156105041504
12.6,14.073601722717285
15.0,15.122210502624512
18.4,16.577844619750977
8.1,11.853950500488281
13.2,14.052550315856934
12.9,13.74185848236084
15.9,15.130766868591309
16.0,14.990036964416504
16.2,15.08096694946289
15.0,14.563840866088867
15.5,14.630661010742188
13.9,14.158940315246582
18.4,16.282609939575195
11.6,14.07514476776123
15.0,14.80982494354248
15.3,14.787382125854492
13.9,14.542628288269043
12.5,14.107890129089355
14.2,14.7088041305542
15.0,14.619330406188965
14.7,15.09291934967041
12.9,14.86099624633789
12.5,14.318655967712402
15.8,15.313948631286621
14.6,14.580771446228027
12.8,13.997082710266113
15.1,14.327786445617676
12.1,13.153878211975098
14.7,14.794317245483398
16.1,15.18130874633789
11.9,13.557686805725098
14.3,14.569914817810059
17.7,16.953479766845703
16.8,16.5303897857666
15.7,15.09689998626709
15.5,15.380925178527832
17.3,16.25238609313965
15.9,15.697266578674316
15.1,15.129175186157227
14.3,14.62078857421875
15.2,15.137752532958984
11.6,13.505620956420898
14.8,13.936290740966797
13.5,14.111672401428223
11.4,13.20726203918457
13.8,14.261770248413086
12.6,13.52759838104248
17.8,16.5241756439209
13.8,14.600615501403809
15.4,15.16842269897461
13.5,15.09376049041748
16.0,15.134495735168457
16.1,15.843291282653809
13.5,14.031956672668457
14.7,14.701279640197754
13.7,14.15013599395752
14.7,14.79166316986084
14.8,14.607477188110352
16.0,15.169086456298828
15.1,15.006989479064941
14.5,14.529038429260254
14.1,14.234184265136719
13.3,13.9234037399292
15.2,15.16842269897461
15.1,15.18421745300293
17.8,16.7226505279541
14.9,14.415884017944336
15.3,15.114309310913086
11.9,13.666996955871582
16.9,15.76803207397461
14.6,14.518834114074707
5.2,10.97291088104248
12.8,14.209709167480469
15.7,14.978645324707031
13.8,14.880230903625488
12.5,13.461816787719727
14.7,14.670135498046875
14.7,14.626606941223145
14.2,14.777247428894043
15.8,15.362768173217773
16.0,15.849372863769531
14.9,14.880121231079102
15.2,14.82310962677002
15.2,15.002493858337402
16.4,15.171172142028809
15.2,15.555007934570312
18.6,16.614070892333984
15.7,15.14868450164795
15.6,15.16842269897461
12.0,13.90287971496582
13.2,13.183833122253418
15.1,14.970236778259277
10.4,13.82079792022705
15.7,15.035330772399902
14.5,15.018427848815918
19.6,16.991588592529297
12.5,13.900504112243652
14.3,14.299909591674805
16.9,14.999493598937988
13.2,13.963136672973633
13.7,14.794476509094238
14.5,14.954617500305176
15.0,15.109375953674316
15.0,14.813650131225586
17.0,14.996098518371582
14.5,14.596078872680664
18.4,16.30195426940918
14.6,14.49423599243164
14.9,14.609365463256836
12.7,14.067946434020996
14.9,14.765555381774902
13.2,14.063982009887695
16.1,15.552658081054688
18.3,16.741764068603516
11.5,13.14256763458252
14.8,14.772523880004883
18.0,15.507543563842773
14.5,14.232736587524414
15.5,15.109148025512695
15.1,15.30516529083252
10.0,13.933549880981445
18.0,16.632062911987305
13.0,13.829916000366211
16.4,15.945820808410645
13.6,14.74174976348877
14.9,14.849350929260254
15.0,14.598191261291504
16.4,15.26823616027832
15.0,14.820670127868652
13.2,14.432684898376465
15.6,14.980364799499512
14.8,15.40643310546875
14.9,14.110441207885742
15.7,15.385366439819336
14.3,14.459638595581055
12.1,13.467799186706543
13.6,13.70650577545166
13.6,13.891295433044434
13.2,13.798421859741211
19.5,16.89175796508789
14.5,14.48269271850586
19.4,16.896575927734375
6.3,11.47873306274414
19.5,16.9312801361084
14.8,14.667988777160645
16.2,15.136167526245117
15.2,15.152803421020508
18.1,16.822898864746094
15.2,14.834369659423828
15.5,14.930513381958008
19.4,16.819782257080078
18.5,16.633319854736328
13.8,14.961088180541992
19.6,16.58527183532715
18.1,16.54924774169922
18.0,16.5823974609375
14.1,14.51927661895752
15.6,15.378183364868164
19.8,16.789508819580078
14.3,14.350631713867188
18.4,15.439800262451172
15.7,15.124141693115234
15.2,14.792108535766602
12.9,14.379517555236816
18.1,16.728065490722656
13.6,13.83627986907959
11.1,13.62094497680664
14.4,14.611126899719238
15.7,15.299708366394043
17.7,15.832393646240234
14.3,15.225885391235352
13.8,14.080230712890625
9.5,12.149965286254883
11.8,13.99008846282959
13.6,14.375823020935059
19.1,16.376358032226562
14.9,14.615594863891602
19.5,16.741344451904297
19.4,16.777969360351562
14.4,14.69378662109375
14.6,14.426294326782227
11.2,13.25820541381836
13.0,14.542410850524902
12.4,14.13400650024414
14.8,14.656146049499512
15.6,15.272016525268555
19.2,16.146663665771484
13.3,13.837552070617676
17.4,15.425799369812012
15.9,14.8414945602417
14.4,14.579259872436523
14.4,14.89167308807373
14.1,14.25953483581543
16.5,15.657245635986328
18.9,15.833463668823242
13.5,14.007314682006836
12.6,13.47445297241211
10.9,13.264957427978516
14.8,15.136880874633789
15.5,14.744627952575684
19.2,16.65850830078125
14.0,14.075552940368652
14.7,15.01967716217041
14.8,14.36820125579834
17.3,15.791967391967773
15.7,15.162240982055664
15.2,15.441296577453613
15.2,14.88005256652832
15.5,15.084994316101074
16.2,15.947009086608887
15.7,14.860088348388672
19.3,15.88294506072998
11.9,13.468254089355469
14.7,14.057901382446289
13.4,14.06414794921875
15.3,14.80844497680664
17.2,15.850173950195312
9.2,13.367264747619629
16.6,15.239152908325195
15.7,15.748698234558105
16.0,15.114618301391602
18.8,16.44999122619629
14.7,14.5081787109375
13.2,14.204323768615723
14.8,13.799688339233398
19.7,16.80937385559082
19.4,15.974210739135742
14.3,14.671686172485352
13.3,14.132591247558594
17.6,15.856950759887695
12.4,13.526123046875
11.1,12.904891014099121
16.1,15.897467613220215
14.3,14.491438865661621
12.4,13.591560363769531
16.9,15.20296573638916
15.0,15.178956985473633
15.0,15.049936294555664
12.2,14.60073471069336
18.7,16.11797523498535
13.7,13.908227920532227
17.9,16.26780891418457
6.6,11.513647079467773
14.0,14.81714153289795
13.6,13.844388961791992
16.2,15.221752166748047
11.3,12.91882610321045
13.8,14.48638916015625
17.9,15.418617248535156
11.5,13.127583503723145
13.9,15.147625923156738
15.6,15.072513580322266
14.8,14.823363304138184
11.7,14.074822425842285
17.3,16.103500366210938
12.2,14.200358390808105
15.4,15.313727378845215
12.0,14.053033828735352
19.7,16.940988540649414
16.5,15.585423469543457
15.6,15.028688430786133
15.1,14.885441780090332
14.6,14.612642288208008
15.0,14.758587837219238
18.5,16.687904357910156
16.0,15.115979194641113
15.2,15.204935073852539
17.2,16.0072078704834
15.5,15.110618591308594
15.8,15.676244735717773
16.9,15.67566967010498
15.5,14.874410629272461
15.9,15.263062477111816
15.8,14.983901023864746
16.2,15.625615119934082
15.4,14.898423194885254
18.3,16.377235412597656
18.6,16.843708038330078
15.0,14.76444149017334
15.1,14.92541217803955
17.4,15.258716583251953
15.9,15.697129249572754
17.1,16.097328186035156
13.4,14.99384880065918
14.8,15.367635726928711
19.7,16.7619571685791
15.1,15.004839897155762
18.7,16.596147537231445
16.7,16.22943115234375
11.6,14.38773250579834
16.4,15.678196907043457
13.2,14.590874671936035
19.9,15.608196258544922
15.6,15.455738067626953
12.5,13.50161361694336
16.1,15.716267585754395
18.2,16.114032745361328
14.4,14.684403419494629
15.7,14.732733726501465
16.4,15.602232933044434
16.0,14.923528671264648
19.6,15.097557067871094
16.7,14.815811157226562
15.9,15.034172058105469
15.8,14.894030570983887
12.7,14.134090423583984
15.6,15.20407772064209
15.9,15.192034721374512
15.1,14.713581085205078
14.6,14.81021499633789
14.8,14.775327682495117
12.4,12.832124710083008
15.9,15.509834289550781
15.8,15.410521507263184
14.6,14.668037414550781
14.0,14.282684326171875
15.3,15.024290084838867
15.1,14.702898979187012
15.5,14.860956192016602
14.5,14.510600090026855
16.3,15.062334060668945
15.5,15.496824264526367
16.0,15.125919342041016
14.9,15.032702445983887
15.2,14.905966758728027
14.4,15.153585433959961
14.0,14.525639533996582
13.7,13.984272956848145
14.7,14.676663398742676
15.3,15.007585525512695
11.7,13.557104110717773
14.4,14.227246284484863
15.6,15.189850807189941
15.2,15.073399543762207
13.7,14.56400203704834
15.0,14.810468673706055
16.9,15.230612754821777
16.8,15.524223327636719
16.4,15.161627769470215
15.3,14.965743064880371
14.9,14.782342910766602
16.4,15.179612159729004
13.1,13.741214752197266
13.7,14.915843963623047
13.6,14.03854751586914
12.4,14.036746978759766
13.6,14.302231788635254
14.2,14.222528457641602
17.4,16.375659942626953
15.9,15.536359786987305
13.4,14.28784465789795
14.7,15.214895248413086
11.2,13.54916000366211
12.3,13.546192169189453
17.3,15.169574737548828
13.8,14.127950668334961
14.3,14.233818054199219
18.5,16.767704010009766
18.9,16.744272232055664
10.8,14.128260612487793
17.5,14.883657455444336
14.6,14.443052291870117
14.7,14.798295974731445
16.6,15.632745742797852
16.1,15.182439804077148
16.1,15.403459548950195
17.3,15.748563766479492
14.6,14.363747596740723
12.9,15.101729393005371
12.9,13.574824333190918
17.7,16.284149169921875
13.2,13.658624649047852
13.2,13.891468048095703
12.6,13.608644485473633
13.9,14.3590726852417
12.6,13.653023719787598
14.6,13.884931564331055
15.4,15.200004577636719
14.6,13.96122932434082
19.5,16.056713104248047
15.2,14.8477783203125
16.1,15.674752235412598
18.4,16.447599411010742
18.3,16.414743423461914
11.0,13.403711318969727
18.6,15.945842742919922
11.4,13.50649356842041
15.7,14.966861724853516
16.9,14.747810363769531
14.8,15.44430160522461
8.3,11.766347885131836
17.5,16.533485412597656
16.2,16.21639633178711
18.4,16.601985931396484
15.8,14.799439430236816
14.1,14.329236030578613
15.3,14.807778358459473
14.6,14.27920913696289
15.0,15.034143447875977
16.0,15.814864158630371
15.0,15.617388725280762
19.8,16.126483917236328
15.1,14.904830932617188
18.8,16.658430099487305
15.9,15.366287231445312
10.8,13.529766082763672
14.7,14.541747093200684
14.4,15.422959327697754
14.8,14.641508102416992
14.5,14.649057388305664
16.0,15.509490966796875
17.8,16.971858978271484
14.4,14.553876876831055
11.7,13.616220474243164
15.7,15.48295783996582
14.3,14.647801399230957
18.4,16.36676788330078
14.7,13.922210693359375
15.9,15.364961624145508
15.2,15.201244354248047
14.4,15.255105018615723
18.8,16.67523193359375
15.7,15.690805435180664
10.9,13.483109474182129
19.7,16.529895782470703
15.0,14.993719100952148
13.3,13.966756820678711
11.5,13.673869132995605
13.5,14.757392883300781
12.8,14.392753601074219
11.6,13.732442855834961
16.9,15.074211120605469
14.6,14.895480155944824
12.1,14.449655532836914
12.6,14.06129264831543
16.1,14.9287748336792
19.9,16.842201232910156
15.8,15.643217086791992
15.1,15.104371070861816
14.8,14.902838706970215
14.9,14.870919227600098
6.9,11.525848388671875
13.6,14.636472702026367
14.8,15.00079345703125
15.4,14.843501091003418
16.7,16.542360305786133
13.0,13.952500343322754
19.5,16.386995315551758
19.7,16.80998992919922
16.6,15.57637882232666
13.7,14.59249496459961
14.7,14.950814247131348
12.5,13.874124526977539
14.6,14.309130668640137
15.3,14.624105453491211
19.2,16.417367935180664
15.5,14.883540153503418
13.8,14.378101348876953
11.8,13.713720321655273
14.9,15.817054748535156
15.4,15.629528045654297
14.5,14.662884712219238
7.4,10.870672225952148
13.0,14.357245445251465
16.1,15.39622688293457
6.3,10.988418579101562
15.8,15.242362976074219
14.2,14.482342720031738
14.7,15.519121170043945
14.8,14.387615203857422
13.1,14.015342712402344
15.3,14.8768892288208
13.9,14.261425018310547
11.7,13.755455017089844
14.7,14.557123184204102
13.4,13.865447998046875
15.7,15.073230743408203
10.3,13.744163513183594
12.3,13.623077392578125
14.4,15.281380653381348
14.7,14.580218315124512
16.7,16.16278648376465
12.4,14.665164947509766
12.0,14.359027862548828
11.7,13.608159065246582
15.4,14.22556209564209
12.9,14.051285743713379
13.5,14.363310813903809
12.7,13.974111557006836
14.1,14.365070343017578
15.1,15.129782676696777
12.4,14.065376281738281
15.2,14.905714988708496
12.9,13.94662857055664
13.8,14.048081398010254
10.6,13.189888000488281
9.7,13.527828216552734
15.1,15.587281227111816
9.5,12.552230834960938
16.8,16.043968200683594
14.7,14.395483016967773
13.8,13.859004020690918
14.5,14.64699649810791
15.6,15.14106273651123
11.9,13.382733345031738
13.5,14.014877319335938
13.4,14.388628959655762
17.1,16.352540969848633
12.2,13.800110816955566
15.0,14.986323356628418
15.8,15.153229713439941
15.6,14.601639747619629
18.9,16.378463745117188
12.3,13.980514526367188
11.9,13.168346405029297
14.3,14.379533767700195
15.5,15.762834548950195
16.3,15.593092918395996
14.9,15.107268333435059
14.5,14.62069034576416
13.8,14.167010307312012
19.2,16.146442413330078
15.8,15.630762100219727
16.3,15.90350341796875
12.9,13.813407897949219
12.4,14.21631145477295
19.5,15.34496021270752
16.2,14.930937767028809
19.8,15.506312370300293
15.1,14.836600303649902
15.6,15.31999683380127
16.2,15.48173999786377
15.4,14.91971492767334
16.4,15.558004379272461
18.6,15.144245147705078
16.2,15.215545654296875
18.8,16.46095085144043
12.9,14.350025177001953
14.8,15.573352813720703
16.1,15.140800476074219
12.4,14.745173454284668
14.7,14.681224822998047
12.9,13.992456436157227
15.5,15.010417938232422
12.3,13.719381332397461
17.2,14.496612548828125
17.5,16.452518463134766
16.0,15.477415084838867
15.3,14.675433158874512
13.9,14.92059326171875
11.1,13.417868614196777
13.6,14.247442245483398
11.3,13.792816162109375
16.9,15.684213638305664
14.8,14.684035301208496
14.8,15.015917778015137
14.1,15.146824836730957
18.7,16.76408576965332
17.8,15.432601928710938
16.5,15.667604446411133
17.0,15.892457008361816
14.7,14.744728088378906
11.3,12.067205429077148
17.8,15.93309211730957
16.1,15.945611000061035
15.6,14.87108325958252
11.8,13.3739652633667
15.1,14.958544731140137
15.9,15.347555160522461
15.6,15.09542465209961
10.1,12.20306396484375
11.8,12.918248176574707
15.3,14.758801460266113
13.8,13.935381889343262
12.5,13.941715240478516
14.7,14.876524925231934
15.4,14.651268005371094
12.1,14.967667579650879
12.9,13.771249771118164
13.0,14.088966369628906
14.6,14.996159553527832
12.1,14.54710865020752
13.3,14.046414375305176
17.2,15.620697975158691
12.6,14.131267547607422
13.0,13.934106826782227
10.8,14.959187507629395
17.6,15.48806381225586
15.9,16.019044876098633
14.9,14.649097442626953
15.0,14.760892868041992
15.0,14.23878288269043
19.1,15.98459529876709
13.6,13.712933540344238
14.2,15.025918960571289
15.7,15.010818481445312
13.6,13.792591094970703
11.6,13.584251403808594
19.3,16.088781356811523
15.8,15.416139602661133
13.5,13.991108894348145
16.1,15.191006660461426
14.8,14.82945442199707
15.0,14.761292457580566
15.0,15.043540000915527
16.3,15.886541366577148
16.1,15.133326530456543
10.2,13.454422950744629
15.1,14.315823554992676
15.1,14.781800270080566
17.7,14.90267562866211
10.0,12.843523025512695
12.7,13.790563583374023
19.2,16.69002342224121
14.5,15.03060531616211
18.2,15.065747261047363
18.2,16.675983428955078
19.5,15.664901733398438
18.3,16.23895835876465
19.9,16.024673461914062
12.7,14.003316879272461
12.8,13.8134126663208
15.7,15.316412925720215
14.6,14.505221366882324
12.2,13.797811508178711
13.9,14.187871932983398
14.6,15.158241271972656
12.5,13.475923538208008
11.9,13.368325233459473
12.5,13.758096694946289
9.0,12.042787551879883
14.0,14.232550621032715
19.0,16.667255401611328
13.6,14.53425121307373
12.3,13.687450408935547
13.1,14.234367370605469
14.5,14.618953704833984
15.4,15.457223892211914
11.1,13.637663841247559
11.9,13.475418090820312
13.7,14.107410430908203
5.5,12.708734512329102
13.3,14.193035125732422
12.8,13.997076034545898
12.2,13.658357620239258
14.8,14.85515308380127
12.7,13.678459167480469
12.1,13.820780754089355
10.1,13.652480125427246
12.3,13.828978538513184
11.8,13.422877311706543
14.8,14.915984153747559
11.9,14.284554481506348
12.9,14.187931060791016
11.9,13.841607093811035
14.0,14.70740795135498
14.7,14.955913543701172
13.3,13.881854057312012
15.0,14.734597206115723
16.9,15.221936225891113
11.8,14.38718032836914
10.3,13.45398998260498
15.2,15.015689849853516
17.6,14.932467460632324
16.3,15.51768970489502
13.6,14.503567695617676
14.1,14.329618453979492
6.9,13.834978103637695
13.3,14.021639823913574
11.9,13.747843742370605
15.4,14.992727279663086
12.5,13.550010681152344
12.4,14.44072151184082
16.8,15.280731201171875
16.4,15.238831520080566
14.6,14.766079902648926
14.7,14.928064346313477
15.2,14.796231269836426
19.1,16.847278594970703
12.3,14.689541816711426
11.7,13.395339965820312
15.1,15.049332618713379
14.2,15.396734237670898
16.6,15.670439720153809
16.4,15.721922874450684
17.1,15.034417152404785
17.4,15.855043411254883
15.8,15.153254508972168
16.8,15.842269897460938
16.1,15.819424629211426
12.6,13.624971389770508
15.1,14.52956485748291
18.0,16.124727249145508
14.6,14.799572944641113
15.7,14.698155403137207
16.2,15.808454513549805
18.6,16.93199920654297
14.0,13.9037504196167
15.1,14.82120132446289
14.4,14.85732650756836
14.3,14.218059539794922
14.3,14.587068557739258
16.5,15.508949279785156
10.2,12.633575439453125
14.5,14.724119186401367
15.0,15.037775993347168
14.3,14.652857780456543
17.1,16.302949905395508
15.9,15.453651428222656
14.5,14.908100128173828
14.9,14.520580291748047
13.2,13.875428199768066
14.4,14.806527137756348
14.5,15.179647445678711
15.8,14.905147552490234
15.1,15.124068260192871
16.6,14.98036003112793
13.3,13.53868579864502
13.9,13.776008605957031
12.3,13.760236740112305
15.3,14.803211212158203
19.1,16.335851669311523
14.7,15.31919002532959
13.6,14.11514663696289
11.7,13.83338737487793
11.9,13.393637657165527
15.4,14.80148696899414
18.7,16.466514587402344
11.7,14.348350524902344
12.4,13.680036544799805
8.4,12.130069732666016
16.5,15.882943153381348
17.4,16.139162063598633
14.6,15.192137718200684
18.1,16.03156852722168
13.1,14.476367950439453
14.4,14.8612642288208
15.6,15.03034782409668
16.8,16.01844024658203
11.5,13.616857528686523
8.5,12.771806716918945
14.1,14.128691673278809
15.3,15.192503929138184
14.4,15.210376739501953
15.4,15.276108741760254
9.9,12.8103666305542
16.3,15.587430953979492
14.5,14.400710105895996
14.4,14.961264610290527
19.9,16.377059936523438
13.3,13.675764083862305
14.1,14.462016105651855
14.3,14.294833183288574
14.3,14.589906692504883
15.7,15.191240310668945
19.7,16.62911033630371
14.3,14.05376148223877
13.5,13.773091316223145
15.9,15.243756294250488
12.3,13.66494369506836
15.0,14.949834823608398
15.8,14.956396102905273
14.2,14.568483352661133
14.6,14.778812408447266
12.0,13.416848182678223
14.3,14.065895080566406
14.2,13.987041473388672
19.7,16.67354393005371
10.5,13.40607738494873
15.2,14.264062881469727
15.0,14.543601989746094
16.9,15.602587699890137
17.6,16.53997230529785
17.0,15.847951889038086
16.0,15.747810363769531
13.0,14.24664306640625
18.1,16.432748794555664
13.5,14.014829635620117
16.8,15.850691795349121
15.6,15.094905853271484
13.0,14.305647850036621
14.9,15.416961669921875
16.1,15.178080558776855
16.3,16.407194137573242
15.4,15.121735572814941
16.6,15.868428230285645
19.3,16.692625045776367
13.0,14.481012344360352
15.0,15.039957046508789
12.4,13.095258712768555
15.2,15.115419387817383
16.6,15.486702919006348
19.6,16.85740089416504
15.0,14.776697158813477
17.7,16.409221649169922
15.3,15.010231971740723
13.6,14.44063663482666
16.1,15.229879379272461
19.0,16.672178268432617
14.9,14.797353744506836
14.8,14.957538604736328
12.9,13.673579216003418
15.7,14.95398235321045
15.4,14.951231956481934
14.7,14.762544631958008
15.3,14.919282913208008
11.6,13.587677001953125
15.9,14.902387619018555
13.1,14.106447219848633
15.9,15.490683555603027
16.0,15.279877662658691
16.4,15.5858154296875
15.3,14.749726295471191
13.8,15.005544662475586
15.7,14.90259075164795
14.1,14.477070808410645
15.3,14.82027530670166
14.0,14.16021728515625
18.4,16.437271118164062
15.4,14.782743453979492
12.1,13.846776008605957
14.0,15.137219429016113
16.7,15.620081901550293
14.8,14.74859619140625
17.1,15.960784912109375
14.4,14.584895133972168
14.4,15.128772735595703
17.8,15.919339179992676
15.9,15.480385780334473
14.9,14.851670265197754
14.4,14.808822631835938
14.8,14.756827354431152
14.3,14.401637077331543
14.0,14.402517318725586
19.3,16.92142105102539
13.8,14.503665924072266
18.0,16.170448303222656
12.0,13.926680564880371
14.0,14.099893569946289
12.2,13.617401123046875
16.5,15.748383522033691
12.3,13.765329360961914
15.6,15.673650741577148
14.6,14.549216270446777
14.7,14.308005332946777
15.6,15.33370304107666
14.4,14.244081497192383
15.8,14.987399101257324
11.7,13.50017261505127
9.6,12.144051551818848
14.3,15.047216415405273
15.3,14.817562103271484
14.8,14.869502067565918
11.5,12.835763931274414
14.0,14.133535385131836
12.1,14.621734619140625
14.2,14.452414512634277
15.6,14.984461784362793
12.0,13.500518798828125
13.1,13.80045223236084
14.7,14.704032897949219
12.9,13.840238571166992
14.1,14.353602409362793
13.3,13.901989936828613
14.7,14.587218284606934
11.2,12.603952407836914
13.5,13.890801429748535
11.5,13.825549125671387
11.2,13.612614631652832
11.8,13.624686241149902
12.8,13.417363166809082
12.3,13.66159725189209
12.5,13.45882797241211
12.7,14.166929244995117
13.0,14.013272285461426
14.4,14.483396530151367
15.8,15.528355598449707
15.7,15.364818572998047
15.2,15.854063987731934
16.8,15.403453826904297
16.9,15.797536849975586
18.3,16.818809509277344
16.3,15.550214767456055
10.9,13.12168025970459
17.7,15.995275497436523
14.3,14.430848121643066
13.6,14.425819396972656
15.2,14.877224922180176
12.7,14.834691047668457
13.5,14.68448543548584
16.1,14.563119888305664
16.0,14.480289459228516
11.8,13.099369049072266
12.0,13.495893478393555
15.8,15.421890258789062
16.7,15.541696548461914
13.0,14.257499694824219
16.1,14.932062149047852
16.3,15.485603332519531
13.1,13.63017463684082
13.0,13.409769058227539
19.4,16.872669219970703
14.7,14.59586238861084
13.8,14.754653930664062
14.7,14.71478271484375
14.8,14.75401496887207
14.6,14.87813663482666
11.9,13.284150123596191
14.4,14.402543067932129
16.1,15.540995597839355
13.8,14.172977447509766
18.4,16.42128562927246
14.4,14.359395027160645
15.0,15.177417755126953
16.1,15.497183799743652
16.7,15.350872039794922
13.8,14.182618141174316
11.8,13.770103454589844
12.1,13.428704261779785
15.7,15.189441680908203
11.4,13.352618217468262
11.9,13.31077766418457
12.1,13.726447105407715
14.0,14.231698989868164
11.7,13.373650550842285
14.2,14.152804374694824
15.2,14.743938446044922
13.0,14.093910217285156
11.5,13.787250518798828
13.2,14.901396751403809
12.7,13.94172191619873
13.9,14.451226234436035
15.0,14.976822853088379
12.4,14.709907531738281
17.8,16.07855224609375
12.3,13.828119277954102
10.9,13.826393127441406
16.1,16.007404327392578
15.3,15.289653778076172
15.8,15.197851181030273
16.3,15.309623718261719
14.9,15.046465873718262
17.4,16.0623779296875
16.6,15.892245292663574
19.6,16.620941162109375
14.8,13.908384323120117
15.4,15.069846153259277
14.3,14.404336929321289
13.9,14.396238327026367
16.0,15.458264350891113
10.0,12.293805122375488
14.2,14.246790885925293
16.7,16.178638458251953
12.5,13.940505981445312
11.4,13.419309616088867
13.8,14.013877868652344
15.5,15.132306098937988
14.1,14.491191864013672
16.2,15.229225158691406
14.0,14.60333251953125
17.9,16.13427734375
17.2,15.656493186950684
12.4,12.452136993408203
13.8,14.690423011779785
14.3,14.494908332824707
12.8,13.753440856933594
11.6,13.394622802734375
17.5,16.655759811401367
7.8,12.090703964233398
13.4,13.865747451782227
17.9,16.837385177612305
15.9,15.120591163635254
16.3,15.015697479248047
12.8,13.829940795898438
15.5,14.698554039001465
15.1,14.70905590057373
15.8,15.088717460632324
16.5,15.71477222442627
15.6,15.082477569580078
10.4,13.658828735351562
15.8,15.4225435256958
14.3,14.290282249450684
16.2,15.167953491210938
18.2,16.579608917236328
16.3,15.149621963500977
12.2,13.966217994689941
14.3,14.564469337463379
19.0,16.83483123779297
9.6,12.821526527404785
14.0,14.193156242370605
14.9,14.79245376586914
15.6,14.797243118286133
14.9,14.506115913391113
17.7,16.099103927612305
13.4,14.028109550476074
17.9,15.962586402893066
18.4,16.2844181060791
7.7,12.116744041442871
14.1,14.93167781829834
15.6,15.111042976379395
13.9,14.116165161132812
15.4,14.724760055541992
15.3,14.806750297546387
19.2,15.129142761230469
16.6,15.617935180664062
16.2,14.689993858337402
13.5,13.93354320526123
17.1,15.483016014099121
16.3,15.445648193359375
14.8,14.653761863708496
16.5,15.518447875976562
17.4,15.756953239440918
15.0,15.526885986328125
16.7,14.963581085205078
13.6,14.395960807800293
14.0,14.918208122253418
15.1,14.799272537231445
11.5,13.762136459350586
17.2,16.125505447387695
16.4,15.578709602355957
16.2,14.270670890808105
13.5,14.931657791137695
17.3,15.952532768249512
17.2,15.866100311279297
13.1,14.149867057800293
16.2,15.508569717407227
17.8,16.561569213867188
15.3,14.90794849395752
17.1,15.743236541748047
15.5,15.08690071105957
15.1,15.10372543334961
17.1,15.754681587219238
12.1,13.68779468536377
15.7,14.785279273986816
15.3,15.577747344970703
14.5,14.905570030212402
14.3,14.348206520080566
15.1,14.4153413772583
15.0,14.483705520629883
15.3,15.200882911682129
9.4,13.922037124633789
13.6,13.776074409484863
14.8,14.571989059448242
16.5,14.11508560180664
13.3,14.376372337341309
16.8,15.750691413879395
17.2,16.689144134521484
18.3,15.700313568115234
14.6,14.275259971618652
16.7,15.221870422363281
13.3,13.981420516967773
16.9,15.16773509979248
15.5,15.054447174072266
13.5,14.477644920349121
17.6,16.756132125854492
17.9,16.061166763305664
15.4,14.870869636535645
8.2,11.669595718383789
13.8,14.11184310913086
19.1,16.956464767456055
15.1,14.85312271118164
13.5,14.579767227172852
17.7,15.52889347076416
19.0,16.84554100036621
15.0,14.742589950561523
11.6,13.953603744506836
19.1,15.043817520141602
15.3,15.922304153442383
14.2,14.45052433013916
12.3,13.60374641418457
16.6,16.173208236694336
16.6,14.95227336883545
15.2,14.6323881149292
15.5,15.881924629211426
14.9,14.897259712219238
14.3,14.535945892333984
17.9,16.056211471557617
15.4,15.515487670898438
17.1,14.828977584838867
14.2,14.919763565063477
16.1,15.120440483093262
16.0,15.177177429199219
19.8,16.980051040649414
19.5,17.046268463134766
19.0,16.641704559326172
17.1,15.732380867004395
18.0,16.457353591918945
18.6,16.583189010620117
15.9,15.116551399230957
16.8,16.339550018310547
18.0,15.911887168884277
15.4,15.115602493286133
15.5,14.667634963989258
14.6,14.609642028808594
14.7,14.26819133758545
9.9,12.352493286132812
16.0,14.934318542480469
13.3,14.35634994506836
15.0,14.709308624267578
10.6,12.555660247802734
11.7,13.358002662658691
14.4,14.54859447479248
14.6,14.527779579162598
14.7,14.137103080749512
13.3,13.755156517028809
15.9,15.563591957092285
16.2,15.604074478149414
19.1,16.24797821044922
15.2,15.43493366241455
15.4,15.231698036193848
19.9,16.870582580566406
19.0,16.83705711364746
17.8,16.084455490112305
16.4,15.629436492919922
9.2,11.93168830871582
17.8,16.313886642456055
16.0,14.678729057312012
15.0,15.070682525634766
13.3,13.857718467712402
12.9,14.321307182312012
15.3,14.702679634094238
14.8,14.718996047973633
17.7,16.316940307617188
16.1,15.125629425048828
15.5,15.805827140808105
14.9,14.693168640136719
15.5,15.760451316833496
15.2,14.226353645324707
13.5,13.908960342407227
14.0,14.470827102661133
16.2,15.209741592407227
18.0,16.05118751525879
16.6,15.683463096618652
14.8,14.602514266967773
17.6,16.538835525512695
13.2,14.11020565032959
13.7,14.329530715942383
18.9,16.464706420898438
15.9,16.11339569091797
14.7,14.917777061462402
14.5,14.54916763305664
15.6,15.173260688781738
19.7,16.365554809570312
18.9,16.607711791992188
15.3,14.902240753173828
18.0,15.662076950073242
14.2,14.572122573852539
15.2,14.880240440368652
17.3,16.933015823364258
16.4,15.438065528869629
19.9,16.966604232788086
13.7,14.13581657409668
18.5,16.84663963317871
19.4,16.831689834594727
14.2,14.331803321838379
15.2,15.060100555419922
13.0,13.624933242797852
16.1,15.867724418640137
16.0,14.842145919799805
15.2,15.044957160949707
19.1,16.538633346557617
12.7,13.469677925109863
12.9,14.211999893188477
17.4,16.155197143554688
16.5,15.068134307861328
19.5,16.83340072631836
13.9,13.484894752502441
14.5,14.827392578125
16.7,15.855962753295898
19.3,16.363807678222656
11.5,13.830480575561523
16.0,15.283663749694824
13.4,13.756044387817383
15.5,14.686834335327148
18.6,16.723766326904297
17.2,16.263750076293945
15.8,15.13486385345459
14.8,15.755273818969727
12.0,13.70898151397705
14.7,14.736842155456543
17.1,15.543204307556152
16.7,15.701952934265137
17.3,15.71867847442627
17.2,16.117603302001953
15.1,15.103534698486328
16.3,16.09107208251953
16.8,16.00727653503418
14.8,15.12702751159668
11.5,13.743356704711914
10.8,13.3157320022583
16.9,15.732671737670898
19.5,16.93373680114746
15.9,15.468927383422852
15.2,14.523320198059082
16.1,15.55333137512207
16.6,15.91524600982666
14.9,14.793854713439941
15.6,15.066838264465332
17.1,15.599102973937988
16.2,15.586366653442383
15.3,16.05967903137207
15.3,15.4832181930542
15.7,14.779414176940918
16.4,15.546045303344727
16.4,14.959883689880371
18.0,16.25847816467285
18.2,16.662229537963867
15.3,14.861321449279785
16.3,15.23081111907959
15.6,15.161578178405762
15.9,15.245892524719238
10.8,13.414936065673828
14.3,14.789512634277344
17.6,15.957656860351562
14.7,15.088915824890137
14.2,14.4253568649292
15.0,14.780381202697754
15.7,15.379090309143066
15.3,15.032428741455078
10.9,14.032784461975098
19.0,15.073026657104492
18.1,14.680169105529785
18.2,16.030555725097656
16.5,16.086397171020508
15.5,15.054801940917969
18.5,15.688188552856445
14.2,15.162261962890625
16.1,15.163728713989258
14.5,15.056230545043945
18.0,16.464622497558594
18.5,16.64461898803711
15.9,15.361093521118164
12.6,14.0094633102417
15.8,14.870969772338867
16.4,15.097759246826172
19.8,16.28748893737793
13.5,14.03929328918457
18.0,16.36249542236328
12.5,14.233290672302246
16.3,15.968043327331543
11.1,13.317620277404785
16.2,15.41716194152832
16.9,16.219955444335938
15.2,15.107660293579102
13.8,14.381270408630371
15.1,14.569652557373047
14.8,14.24350357055664
15.0,14.466310501098633
14.7,14.54156494140625
15.0,14.709033012390137
16.9,15.933594703674316
15.7,15.387484550476074
15.8,14.901199340820312
15.2,14.810652732849121
17.4,15.25888729095459
12.1,12.84998893737793
15.5,15.142046928405762
17.6,16.472875595092773
15.1,15.062019348144531
15.9,15.14333724975586
13.1,13.802896499633789
15.6,15.074341773986816
16.1,15.221922874450684
11.9,12.99083137512207
19.1,16.933591842651367
15.7,15.606565475463867
14.5,14.827536582946777
11.7,13.293691635131836
17.5,16.40406036376953
19.6,16.97677993774414
16.8,15.709392547607422
19.4,16.8255558013916
15.1,15.15649700164795
13.5,13.992515563964844
14.5,14.865174293518066
17.1,16.111244201660156
11.1,15.028984069824219
17.2,14.910042762756348
13.3,14.1558256149292
18.1,16.158323287963867
18.7,16.174571990966797
13.3,14.218666076660156
14.2,14.392974853515625
11.6,13.566207885742188
15.0,14.328917503356934
14.1,14.646787643432617
15.0,14.964869499206543
15.6,14.967545509338379
12.0,13.432846069335938
14.5,14.24453353881836
18.9,15.646186828613281
7.6,12.52702522277832
18.6,16.052427291870117
13.2,13.920506477355957
15.8,15.37942886352539
16.3,15.487298011779785
15.0,15.062056541442871
13.2,14.203567504882812
18.8,16.69620704650879
16.0,15.16300106048584
13.0,13.728190422058105
19.6,16.800382614135742
17.0,15.864065170288086
13.2,14.24755573272705
13.2,13.981067657470703
18.2,15.937239646911621
15.3,14.416491508483887
15.7,15.530417442321777
15.5,15.530417442321777
19.8,16.58168601989746
13.8,14.238200187683105
15.7,14.956329345703125
19.5,16.3327693939209
15.4,13.96998119354248
15.4,14.824262619018555
15.7,15.530417442321777
14.3,14.488919258117676
14.5,14.882837295532227
14.8,15.143683433532715
12.5,14.57673454284668
15.5,14.907443046569824
11.6,13.406225204467773
14.4,14.587506294250488
17.9,14.714407920837402
16.0,15.001433372497559
16.7,14.578779220581055
18.3,16.807947158813477
15.6,15.002209663391113
17.8,16.523372650146484
14.5,14.421958923339844
8.9,13.07454776763916
13.3,14.314593315124512
16.8,16.298843383789062
19.2,16.805727005004883
17.3,15.66757869720459
18.1,16.497312545776367
16.5,15.028913497924805
14.1,14.576717376708984
17.1,15.360501289367676
12.7,14.110931396484375
14.2,14.272064208984375
18.6,16.09640121459961
11.6,13.322152137756348
13.9,14.33668041229248
17.3,16.513187408447266
14.7,14.730409622192383
17.9,16.51494026184082
15.6,15.527386665344238
9.1,13.813337326049805
13.9,14.43664264678955
15.6,15.486662864685059
18.8,15.862447738647461
19.1,16.88788414001465
14.7,14.75096321105957
15.3,14.77005386352539
14.6,14.374396324157715
13.7,14.336926460266113
19.2,16.21764373779297
14.6,14.376489639282227
19.6,16.825275421142578
15.3,14.953227043151855
18.0,15.457029342651367
16.6,15.307479858398438
16.7,16.28856086730957
16.8,15.989885330200195
14.5,14.781517028808594
16.8,15.853510856628418
15.7,15.782913208007812
15.1,14.531149864196777
15.6,14.907435417175293
13.9,14.626126289367676
14.3,14.79577922821045
15.5,15.034440040588379
16.2,15.813010215759277
6.8,11.067178726196289
13.8,14.806905746459961
18.7,15.792255401611328
15.2,14.564724922180176
15.5,14.90604019165039
13.6,14.059711456298828
14.8,15.074118614196777
15.6,15.275307655334473
12.9,14.736658096313477
15.2,14.776944160461426
10.4,12.704814910888672
14.8,14.877222061157227
15.9,14.670022964477539
10.5,14.246810913085938
11.6,14.037341117858887
16.1,15.11154842376709
16.2,15.560406684875488
13.4,14.311619758605957
15.2,15.060298919677734
12.9,14.484450340270996
16.0,14.07841968536377
19.4,16.387012481689453
11.9,13.76774787902832
17.5,16.557865142822266
16.0,15.780571937561035
15.3,14.971855163574219
19.4,16.60264015197754
13.1,14.570738792419434
12.7,14.879438400268555
17.0,15.758807182312012
17.0,16.105247497558594
18.0,16.614919662475586
16.1,15.620750427246094
15.9,16.263505935668945
19.0,16.79494857788086
16.0,15.304515838623047
15.8,15.023469924926758
19.8,16.744609832763672
13.9,14.231172561645508
18.4,15.151097297668457
15.8,15.024514198303223
17.5,16.027315139770508
16.7,15.921586036682129
14.4,14.682759284973145
14.1,14.590712547302246
11.7,13.298138618469238
18.0,16.849937438964844
18.9,16.92818260192871
19.3,16.689611434936523
18.0,16.794315338134766
19.1,16.613670349121094
18.0,16.120119094848633
15.8,15.470083236694336
15.9,15.929414749145508
7.0,11.811494827270508
14.4,14.476290702819824
15.4,14.863103866577148
17.4,15.94005298614502
14.1,15.232137680053711
14.4,14.969765663146973
15.6,15.716253280639648
11.8,15.180970191955566
11.9,13.637351989746094
15.8,15.368252754211426
17.7,16.246994018554688
11.4,14.062314987182617
15.4,14.85590648651123
14.3,14.319326400756836
18.5,16.58890151977539
13.8,15.030319213867188
19.1,16.316007614135742
16.1,15.110888481140137
17.0,16.392061233520508
16.0,15.055994987487793
14.9,14.962059020996094
15.1,15.3340482711792
15.6,15.16362476348877
10.8,13.480250358581543
12.1,14.124441146850586
15.6,14.959228515625
15.8,15.950994491577148
15.1,15.13688850402832
15.1,14.864465713500977
14.7,14.73101806640625
18.7,16.75035285949707
17.3,16.263242721557617
17.8,16.544803619384766
16.4,15.593116760253906
18.3,16.726024627685547
15.4,15.021798133850098
16.1,15.035344123840332
15.8,15.65980052947998
13.9,14.516682624816895
17.1,15.835840225219727
12.2,13.848936080932617
15.2,14.868192672729492
16.1,14.877179145812988
19.0,15.707244873046875
14.3,14.30853271484375
19.2,16.861066818237305
13.8,14.43759822845459
14.0,14.67154598236084
14.9,14.736513137817383
18.1,16.83792495727539
16.7,15.831307411193848
16.5,15.219768524169922
11.8,12.96311092376709
19.0,16.80776596069336
15.9,15.111431121826172
15.7,15.1611967086792
15.5,15.266458511352539
16.1,15.32911205291748
15.3,14.91971492767334
15.7,14.881031036376953
18.0,16.37823486328125
17.9,15.40798282623291
15.0,14.690667152404785
16.6,15.599425315856934
17.1,15.431800842285156
13.4,14.204187393188477
16.3,15.141114234924316
14.2,14.444101333618164
10.9,13.294236183166504
14.8,15.058309555053711
18.1,16.13041114807129
13.1,14.214832305908203
17.2,16.532270431518555
12.8,13.927848815917969
8.2,13.311208724975586
15.1,15.034014701843262
13.7,14.253600120544434
16.0,15.446467399597168
14.5,14.629356384277344
16.6,16.545259475708008
16.5,15.289607048034668
11.1,13.554459571838379
13.7,14.621726989746094
9.2,12.413488388061523
17.4,16.62075424194336
16.8,16.016029357910156
15.4,14.981485366821289
12.9,14.319820404052734
13.5,14.183239936828613
14.5,14.732009887695312
15.3,14.900023460388184
14.4,14.67243480682373
11.0,14.589241027832031
12.3,14.412708282470703
14.0,14.477269172668457
12.5,13.762389183044434
16.0,15.914863586425781
8.4,11.809004783630371
15.4,14.815339088439941
13.1,14.171127319335938
14.9,15.124202728271484
14.6,15.117106437683105
8.9,13.569799423217773
14.7,14.864015579223633
9.7,13.366410255432129
14.1,14.843897819519043
15.4,14.9024019241333
14.2,14.769253730773926
13.5,14.210772514343262
14.4,14.615442276000977
13.7,14.721153259277344
15.3,14.970845222473145
15.9,15.13149356842041
16.3,14.03541374206543
12.4,13.634477615356445
16.2,15.821813583374023
13.3,13.974822044372559
10.3,12.912440299987793
14.7,14.929289817810059
12.4,13.879321098327637
14.5,14.465731620788574
11.5,14.239781379699707
12.3,13.779441833496094
19.1,16.856176376342773
19.7,16.95256805419922
16.0,15.05590534210205
15.3,14.805821418762207
14.7,15.046490669250488
16.5,15.708686828613281
16.0,14.710973739624023
15.5,14.849124908447266
14.9,14.637221336364746
14.3,14.70304012298584
7.0,11.76732349395752
17.2,15.170930862426758
13.7,14.256633758544922
12.3,13.689393043518066
13.5,13.656862258911133
12.9,14.838078498840332
13.9,14.277359008789062
14.4,15.060342788696289
16.5,16.078536987304688
18.8,16.218955993652344
17.9,15.6078519821167
18.6,16.585805892944336
18.1,16.56640625
14.8,14.878763198852539
14.8,14.26153564453125
14.1,14.15822696685791
13.8,14.608038902282715
11.6,13.452241897583008
14.7,14.44379711151123
14.3,14.558162689208984
14.8,14.697932243347168
12.5,13.916712760925293
11.2,13.611565589904785
17.0,16.38432502746582
15.7,15.162854194641113
14.4,14.372580528259277
14.8,14.399178504943848
14.8,14.960808753967285
19.2,16.39796257019043
14.9,16.19991683959961
14.7,14.673885345458984
13.9,13.824531555175781
12.2,14.427379608154297
13.2,14.925947189331055
14.7,14.494547843933105
13.4,14.546924591064453
12.4,13.786280632019043
12.0,14.003684997558594
12.5,13.978157043457031
17.4,15.765758514404297
19.9,16.37300682067871
10.5,13.231417655944824
18.4,15.832592964172363
15.6,15.06260871887207
15.5,15.428184509277344
15.1,14.90833854675293
13.7,13.55704402923584
15.5,15.111083984375
19.5,16.768957138061523
16.5,15.877290725708008
16.5,15.176749229431152
13.9,14.581690788269043
17.9,16.638031005859375
9.1,12.772726058959961
14.8,15.087987899780273
15.3,14.74839973449707
11.1,13.457469940185547
12.5,14.612306594848633
14.7,15.045039176940918
14.2,14.617341041564941
15.5,15.024297714233398
12.2,13.57280158996582
14.3,14.959689140319824
15.1,15.12881088256836
11.4,13.834524154663086
12.7,13.732714653015137
9.0,12.331097602844238
13.2,14.083398818969727
12.9,13.571168899536133
14.0,14.349078178405762
14.9,14.602666854858398
14.3,14.550432205200195
17.0,15.566935539245605
19.2,16.897262573242188
10.9,13.245613098144531
12.6,14.498563766479492
13.8,14.730583190917969
14.1,15.032134056091309
18.6,16.331323623657227
14.4,14.613049507141113
13.7,14.20936107635498
18.7,16.350601196289062
19.9,16.70984649658203
19.1,16.960336685180664
14.9,14.794519424438477
14.3,14.562576293945312
11.9,13.736141204833984
13.7,13.916873931884766
16.1,15.417704582214355
15.9,15.169147491455078
19.4,16.732112884521484
16.3,15.534294128417969
17.0,15.916004180908203
16.7,15.734932899475098
12.8,13.647043228149414
11.8,13.65468978881836
13.9,14.69759750366211
12.8,14.19636344909668
17.5,15.342369079589844
12.7,14.294255256652832
19.0,16.762168884277344
16.7,15.839166641235352
12.9,13.86463451385498
16.6,15.578577041625977
10.9,12.621736526489258
15.7,15.230815887451172
13.6,15.401238441467285
14.2,14.59009075164795
14.1,14.101076126098633
14.5,14.960681915283203
15.2,15.12567138671875
15.2,14.853283882141113
13.3,14.533113479614258
15.4,15.035032272338867
14.6,15.287678718566895
13.6,12.321491241455078
11.4,13.756682395935059
15.0,14.860243797302246
13.4,14.43719482421875
14.4,14.782076835632324
14.4,14.563411712646484
14.0,14.57179069519043
15.3,14.5881929397583
16.6,15.917570114135742
19.0,16.36453628540039
14.3,14.615912437438965
13.4,14.633942604064941
15.2,15.621728897094727
8.4,11.817100524902344
15.9,15.44263744354248
16.4,15.572187423706055
15.5,15.062437057495117
15.5,14.97597599029541
16.8,15.874935150146484
13.9,14.55324935913086
15.4,15.089532852172852
15.8,15.077815055847168
15.5,14.885371208190918
9.1,13.888301849365234
14.8,14.151998519897461
12.8,13.839441299438477
13.6,14.655994415283203
13.0,14.730409622192383
15.2,14.712592124938965
15.9,15.302281379699707
11.8,14.252092361450195
15.0,14.862481117248535
16.3,14.866952896118164
15.6,14.950506210327148
15.4,15.098821640014648
16.9,15.4063720703125
12.8,15.36331558227539
14.1,14.583700180053711
18.0,16.258777618408203
8.3,12.260601997375488
7.8,11.49603271484375
14.0,14.706649780273438
11.5,13.68787956237793
10.7,13.654242515563965
18.8,16.056385040283203
19.7,16.86035919189453
19.6,16.349550247192383
12.2,14.286293029785156
18.6,16.41216468811035
14.4,14.778258323669434
17.2,15.937042236328125
18.6,16.78681182861328
15.3,15.146994590759277
12.6,13.866917610168457
12.7,14.392857551574707
16.4,15.439815521240234
14.9,14.900622367858887
11.1,13.935835838317871
11.9,13.837898254394531
13.2,14.618412971496582
14.7,14.569189071655273
12.2,13.308062553405762
13.6,14.341489791870117
14.9,15.434374809265137
14.9,15.617828369140625
19.1,16.765169143676758
18.0,16.08188819885254
13.9,14.97324275970459
15.2,15.00179672241211
13.6,14.4647216796875
15.6,15.526285171508789
17.3,15.182628631591797
15.8,14.832344055175781
14.1,14.487260818481445
16.0,15.508280754089355
10.1,12.621271133422852
13.3,14.326495170593262
15.0,14.895370483398438
9.6,12.108526229858398
17.1,14.711614608764648
13.2,14.109980583190918
12.2,13.757445335388184
13.9,14.255160331726074
14.8,14.441913604736328
14.2,14.885086059570312
15.9,15.596991539001465
15.0,14.804171562194824
10.2,13.15802001953125
12.9,14.103569030761719
13.3,14.102388381958008
15.4,15.01716136932373
16.6,16.041799545288086
14.1,14.4363374710083
14.6,14.24488639831543
14.3,14.092153549194336
9.3,12.210714340209961
14.1,14.489336967468262
11.9,13.667394638061523
13.3,14.449662208557129
13.0,14.188039779663086
15.2,14.51081371307373
14.2,14.605791091918945
14.5,15.091050148010254
15.0,15.043539047241211
14.8,14.54218864440918
18.3,15.790214538574219
12.7,13.791756629943848
12.2,13.591907501220703
14.7,14.836793899536133
11.7,13.719621658325195
15.3,14.673398971557617
11.2,13.743376731872559
15.9,15.262995719909668
15.8,15.244763374328613
16.4,15.329720497131348
15.3,15.161176681518555
16.9,15.259289741516113
15.8,14.582380294799805
16.2,15.074545860290527
14.5,15.585649490356445
13.2,14.909077644348145
15.0,15.16300106048584
15.2,14.8613862991333
14.3,14.14291763305664
16.2,16.234233856201172
19.4,16.82193374633789
8.6,13.022950172424316
15.0,14.758891105651855
16.5,15.737586975097656
15.3,14.908503532409668
13.4,14.315104484558105
18.6,16.630985260009766
16.2,15.82137393951416
13.8,14.726348876953125
16.9,14.553943634033203
15.0,14.136137008666992
15.7,14.860353469848633
15.7,15.116390228271484
13.8,14.781848907470703
11.5,13.996028900146484
15.4,15.14333724975586
15.2,14.71780776977539
11.0,12.14601993560791
15.8,15.006958961486816
19.4,16.859020233154297
12.1,14.20007038116455
16.0,14.952607154846191
16.3,15.450601577758789
17.1,15.75604248046875
18.9,16.789161682128906
13.9,14.43367862701416
15.9,15.494647026062012
16.6,15.44762897491455
15.0,14.97808837890625
15.9,15.521108627319336
15.7,15.135907173156738
17.6,16.371641159057617
19.6,16.443897247314453
16.8,16.144886016845703
12.8,13.857751846313477
14.0,15.770100593566895
13.8,14.17142391204834
15.0,15.494908332824707
12.9,14.518627166748047
15.8,15.000097274780273
16.8,15.581043243408203
18.9,16.66942024230957
14.8,15.582015991210938
19.6,16.743539810180664
17.1,16.072790145874023
14.3,14.650845527648926
16.2,15.35444164276123
12.9,14.384454727172852
10.9,13.087644577026367
14.3,13.542357444763184
15.2,15.260049819946289
16.5,15.582880973815918
18.4,16.519765853881836
15.1,15.213921546936035
14.9,14.975517272949219
17.8,16.158403396606445
16.1,15.595202445983887
18.4,15.701700210571289
14.3,14.73525619506836
11.5,12.8517484664917
19.7,16.82252311706543
17.3,16.18054962158203
17.1,16.04715347290039
13.2,14.460691452026367
16.8,15.021768569946289
17.4,15.820581436157227
12.2,13.825716018676758
14.9,14.700762748718262
14.2,14.119916915893555
10.7,14.303348541259766
19.9,16.955745697021484
9.4,13.647367477416992
15.3,14.8477201461792
12.2,13.783930778503418
12.3,14.100852966308594
12.1,13.737667083740234
14.7,14.814010620117188
13.6,14.123056411743164
13.5,15.01758098602295
14.0,14.480733871459961
19.4,16.455652236938477
12.1,14.519241333007812
19.7,16.85230827331543
12.0,13.579598426818848
17.9,16.219505310058594
12.8,14.144773483276367
11.6,13.263840675354004
10.7,13.471647262573242
11.8,13.783930778503418
12.0,13.561946868896484
11.6,13.408413887023926
13.0,13.681390762329102
17.6,16.43614959716797
10.5,12.422416687011719
12.2,13.340934753417969
17.3,16.522388458251953
17.2,16.069732666015625
19.8,15.72786808013916
11.0,13.611008644104004
12.6,13.542394638061523
12.5,13.675314903259277
12.0,13.711545944213867
14.1,15.216135025024414
12.8,13.630023956298828
16.0,15.357269287109375
17.5,16.41810417175293
15.2,14.632621765136719
12.7,13.924059867858887
12.7,14.151253700256348
9.7,13.205225944519043
13.2,13.86886978149414
15.9,15.419297218322754
14.6,14.74075984954834
19.9,16.89496612548828
16.0,15.37646770477295
17.6,16.10150718688965
10.2,13.274673461914062
15.2,15.619867324829102
11.0,13.86568832397461
14.0,14.055464744567871
18.2,16.658260345458984
11.8,13.727466583251953
12.7,14.39361572265625
14.6,14.567709922790527
12.0,13.709348678588867
13.0,13.118340492248535
14.9,14.639945983886719
13.4,14.165633201599121
12.1,13.556427955627441
15.0,14.918646812438965
12.8,13.659658432006836
10.9,13.312864303588867
19.3,15.04384994506836
18.1,16.427637100219727
15.8,15.64288330078125
16.8,15.690864562988281
16.3,15.240979194641113
13.4,13.76513671875
15.5,14.73995304107666
10.4,13.027111053466797
15.3,15.494327545166016
15.7,15.189531326293945
18.6,15.12692642211914
11.4,13.353824615478516
13.1,15.128313064575195
12.2,13.416644096374512
14.6,14.714120864868164
13.5,14.400151252746582
16.2,15.515381813049316
13.0,14.225417137145996
15.7,15.14333724975586
16.7,15.66699504852295
13.3,13.861040115356445
15.3,15.11971664428711
16.1,15.438393592834473
13.7,14.750200271606445
19.8,16.280683517456055
14.0,14.941129684448242
16.4,15.161578178405762
18.1,16.234142303466797
13.1,14.101337432861328
16.6,15.229791641235352
19.0,16.608047485351562
10.6,13.05228042602539
9.8,12.826400756835938
12.1,13.122565269470215
15.8,14.91549301147461
14.2,14.376603126525879
15.9,15.138699531555176
13.3,13.895812034606934
12.4,13.54444408416748
14.0,14.673555374145508
14.0,14.221961975097656
12.5,13.545047760009766
12.3,13.611964225769043
17.1,16.16707992553711
15.8,15.04825210571289
13.5,13.721420288085938
12.4,15.53306770324707
13.2,13.85218620300293
15.3,15.101388931274414
13.2,14.681553840637207
12.5,13.783498764038086
14.3,14.800787925720215
13.9,14.25303840637207
9.1,13.427786827087402
14.2,14.545243263244629
15.2,16.065412521362305
13.1,13.94197940826416
5.8,10.852840423583984
18.7,16.64167594909668
14.2,14.592405319213867
18.4,16.561012268066406
12.2,13.306910514831543
12.3,13.400836944580078
13.5,14.127713203430176
16.3,14.965197563171387
14.2,14.962455749511719
18.3,15.304143905639648
12.3,13.626054763793945
12.5,13.795571327209473
13.5,14.194938659667969
19.6,16.902862548828125
17.3,15.98851490020752
17.9,16.442394256591797
12.7,13.910018920898438
13.2,14.565726280212402
15.1,14.77562141418457
13.1,14.231476783752441
18.8,16.32251739501953
11.9,14.649542808532715
14.6,14.272043228149414
15.2,14.7348051071167
12.7,13.824528694152832
8.1,13.670534133911133
19.6,16.230356216430664
12.6,13.83371639251709
18.9,14.806413650512695
12.3,13.8250732421875
14.2,14.586467742919922
15.3,15.146047592163086
14.5,14.744352340698242
9.5,12.061246871948242
14.9,14.303628921508789
14.2,14.522181510925293
12.0,13.566977500915527
14.3,14.804718017578125
12.8,13.903881072998047
12.9,13.21474552154541
14.6,14.307424545288086
11.4,13.423748970031738
11.9,13.1254243850708
14.6,14.681660652160645
13.3,14.104509353637695
19.1,16.247583389282227
16.2,15.863038063049316
16.8,15.594706535339355
11.5,13.566946029663086
16.8,15.708511352539062
17.2,15.906641006469727
13.8,14.543071746826172
13.5,14.061279296875
14.5,15.109848022460938
16.6,15.776118278503418
12.6,14.818167686462402
10.5,13.17001724243164
13.5,14.008968353271484
15.2,14.968940734863281
17.5,16.721088409423828
15.9,15.246210098266602
14.3,14.711469650268555
11.7,13.414316177368164
13.1,13.999646186828613
12.6,13.958255767822266
18.0,15.91672134399414
14.4,14.884137153625488
14.1,14.48076343536377
14.7,14.32957649230957
14.1,14.261713027954102
14.2,14.270956993103027
15.4,15.577659606933594
16.6,15.158217430114746
18.0,16.11469268798828
9.8,12.842157363891602
12.0,13.639801025390625
12.0,13.712189674377441
18.3,16.624692916870117
14.3,14.672746658325195
15.0,15.006952285766602
12.2,13.77589225769043
16.6,15.893987655639648
15.3,14.904999732971191
16.3,15.606380462646484
15.8,14.954813003540039
18.2,16.304166793823242
16.3,14.976875305175781
17.8,16.497249603271484
16.0,14.160154342651367
16.4,15.545065879821777
18.3,15.130669593811035
14.8,14.860787391662598
16.5,15.687418937683105
18.3,15.20278263092041
17.7,16.009435653686523
15.6,14.657175064086914
12.1,14.009591102600098
15.1,15.05070686340332
15.7,14.757686614990234
19.3,16.351438522338867
16.7,15.726580619812012
14.4,14.586064338684082
15.1,16.097095489501953
16.3,15.679734230041504
15.8,15.491374969482422
15.5,14.799858093261719
15.3,14.949493408203125
14.3,14.555632591247559
16.5,15.594955444335938
15.1,15.044410705566406
15.1,15.241190910339355
7.6,11.43847942352295
12.5,13.483907699584961
15.6,15.609419822692871
17.5,15.966941833496094
14.3,14.712143898010254
17.1,14.683931350708008
19.7,16.741241455078125
14.8,14.632160186767578
15.6,14.882503509521484
15.9,15.53637981414795
13.1,13.476606369018555
19.7,16.73038673400879
19.2,16.743879318237305
13.9,14.388964653015137
14.1,14.744865417480469
18.2,15.855485916137695
16.7,16.1768741607666
15.1,15.166500091552734
14.7,14.582446098327637
12.9,14.053050994873047
14.5,14.529743194580078
12.6,14.341333389282227
16.1,15.16842269897461
15.6,14.848638534545898
14.9,14.727288246154785
10.6,14.133696556091309
19.5,16.531356811523438
15.6,14.75382137298584
18.8,16.803319931030273
18.0,15.118171691894531
15.4,14.802597045898438
12.8,13.728353500366211
13.7,13.918121337890625
14.2,14.647762298583984
14.8,13.28435230255127
13.3,13.893169403076172
14.7,14.79986572265625
17.6,16.619474411010742
14.7,15.019898414611816
18.5,16.613683700561523
15.5,15.144962310791016
18.4,15.536548614501953
13.6,14.500659942626953
11.3,13.752601623535156
12.5,14.022364616394043
16.3,15.585844993591309
15.2,15.469361305236816
15.9,15.29825496673584
16.0,15.371267318725586
15.0,14.750326156616211
19.8,16.87067222595215
15.2,14.884523391723633
18.0,15.993109703063965
17.5,16.20169448852539
15.2,14.968926429748535
14.9,14.808950424194336
15.8,15.6904935836792
18.6,16.719039916992188
16.2,15.344401359558105
17.6,16.60781478881836
17.8,15.81359577178955
12.4,14.522350311279297
13.9,14.454047203063965
17.8,16.014116287231445
18.0,15.902913093566895
12.4,13.636297225952148
14.4,14.607972145080566
16.8,14.837752342224121
13.6,14.766189575195312
15.5,15.369002342224121
11.9,13.18470573425293
18.9,15.792414665222168
11.9,13.419158935546875
13.4,14.362004280090332
13.8,14.1006498336792
11.3,13.941415786743164
14.7,14.586048126220703
14.7,14.727086067199707
19.4,16.67578125
15.9,15.009857177734375
17.6,15.331814765930176
19.5,17.026493072509766
12.3,13.637899398803711
18.0,15.578625679016113
14.1,14.136282920837402
15.1,14.843446731567383
13.8,14.474313735961914
13.4,13.982148170471191
15.5,15.874212265014648
18.3,16.394550323486328
15.4,15.173645973205566
15.8,15.177224159240723
18.6,16.414247512817383
18.4,16.020923614501953
13.8,14.285492897033691
19.1,16.804533004760742
15.8,14.943824768066406
17.7,16.150495529174805
16.6,15.566985130310059
17.7,16.340051651000977
19.0,16.72243881225586
19.5,16.84483528137207
18.7,16.854238510131836
19.1,16.373271942138672
18.6,15.50833797454834
16.2,15.893132209777832
15.0,15.734896659851074
19.2,16.78905487060547
13.1,13.841179847717285
16.6,15.549772262573242
15.7,15.411741256713867
13.5,13.587481498718262
13.3,13.933116912841797
14.5,14.9428071975708
14.0,14.604432106018066
16.1,15.94943618774414
15.2,14.610466957092285
14.6,15.043327331542969
16.4,15.526991844177246
15.1,14.758077621459961
19.7,16.87579345703125
19.4,16.668659210205078
14.1,15.494268417358398
11.8,12.9201021194458
15.8,15.40698528289795
19.0,16.836545944213867
14.9,15.16842269897461
17.7,15.991641998291016
14.1,14.279293060302734
15.2,15.193427085876465
14.9,14.899796485900879
5.2,10.97291088104248
15.7,15.498980522155762
15.8,15.263764381408691
14.2,14.309249877929688
19.4,16.413562774658203
14.6,14.730027198791504
14.9,14.656112670898438
14.4,14.504119873046875
13.3,14.031999588012695
16.6,15.577218055725098
13.8,14.347475051879883
12.0,13.286568641662598
19.4,16.897430419921875
17.8,16.553659439086914
18.3,16.35125732421875
18.4,16.86190414428711
16.2,15.527872085571289
15.4,15.129493713378906
13.8,14.474732398986816
13.5,14.640762329101562
15.6,14.938694953918457
14.8,14.717382431030273
19.2,16.560701370239258
15.0,14.939316749572754
11.9,13.159623146057129
14.1,14.24060344696045
16.9,15.801372528076172
18.8,16.93789291381836
17.4,15.86330509185791
13.8,14.10269832611084
15.5,15.134664535522461
19.1,16.164077758789062
13.9,13.998592376708984
14.6,14.476409912109375
14.2,15.455660820007324
15.7,14.684211730957031
15.0,14.392983436584473
12.8,14.12228775024414
16.2,16.342390060424805
14.4,14.247580528259277
13.6,14.579459190368652
14.2,14.315454483032227
19.6,16.926956176757812
14.1,14.804023742675781
13.7,14.6951322555542
13.1,14.235931396484375
15.3,14.74571704864502
13.0,13.69909954071045
10.0,13.742705345153809
15.7,15.765230178833008
15.7,15.212305068969727
12.0,13.946730613708496
12.7,14.022237777709961
14.3,14.123211860656738
8.0,13.255545616149902
17.3,16.19556999206543
16.2,15.67171859741211
15.6,14.944098472595215
15.3,14.82770824432373
14.8,14.707467079162598
14.4,14.77392292022705
13.4,14.308829307556152
18.0,16.526046752929688
16.1,15.459681510925293
14.4,14.788445472717285
15.4,14.9747953414917
19.1,16.225934982299805
13.9,14.5860595703125
14.1,14.053604125976562
15.2,14.955537796020508
14.6,14.570242881774902
16.0,14.973555564880371
12.6,13.588562965393066
15.0,15.117982864379883
19.1,16.444868087768555
16.1,14.459355354309082
13.6,14.676423072814941
17.0,15.803521156311035
14.8,15.121883392333984
16.0,15.158303260803223
14.7,14.494423866271973
15.0,14.727910041809082
12.7,13.79397201538086
19.6,15.279767990112305
14.5,14.603924751281738
14.3,14.318705558776855
15.1,14.598563194274902
16.8,15.368856430053711
16.2,15.346823692321777
12.8,14.345247268676758
16.3,15.52275562286377
15.5,14.479889869689941
14.6,15.030542373657227
12.4,13.76805305480957
14.3,14.395438194274902
12.3,14.92959976196289
16.1,15.344988822937012
15.2,15.14333724975586
14.5,13.860898971557617
11.7,13.85777759552002
12.7,14.164226531982422
19.3,16.617271423339844
19.3,16.456890106201172
18.5,14.101597785949707
17.3,16.20108413696289
17.3,15.849802017211914
15.6,15.125919342041016
12.8,14.595438957214355
17.8,15.896013259887695
14.4,14.694995880126953
15.0,15.160539627075195
16.3,15.15501594543457
15.3,15.414480209350586
15.2,14.93932819366455
14.0,13.893255233764648
15.9,14.912939071655273
18.9,16.254804611206055
15.5,15.161578178405762
16.4,15.65101146697998
9.0,12.619033813476562
15.7,15.205056190490723
10.3,12.939583778381348
12.5,14.622176170349121
16.0,15.6260404586792
13.8,13.716286659240723
15.2,14.977031707763672
17.6,16.27476692199707
12.8,13.247724533081055
8.1,10.998826026916504
15.6,14.567599296569824
18.9,16.84903335571289
15.7,14.247920036315918
15.7,14.900473594665527
17.7,15.832676887512207
15.1,14.731407165527344
15.8,15.092501640319824
14.6,14.743995666503906
12.0,13.455188751220703
14.5,15.188972473144531
16.0,16.014434814453125
14.9,14.93716812133789
19.9,16.823169708251953
13.1,13.645927429199219
16.7,15.392287254333496
14.1,14.372413635253906
18.2,16.74089813232422
12.0,13.945061683654785
17.8,16.190414428710938
16.4,15.557036399841309
15.3,14.89953327178955
17.1,16.044517517089844
17.9,16.05267333984375
12.9,13.81283187866211
6.7,11.762792587280273
15.2,15.104859352111816
19.5,16.565404891967773
12.4,13.333982467651367
13.0,13.267447471618652
6.8,10.918707847595215
17.2,14.873873710632324
14.8,14.043915748596191
13.4,14.142485618591309
18.8,16.2854061126709
16.1,15.756312370300293
15.1,14.856338500976562
17.0,15.938885688781738
15.7,15.362442970275879
13.1,13.71066665649414
15.6,15.524492263793945
19.3,16.7705078125
13.9,14.593086242675781
18.7,16.386394500732422
12.0,13.228290557861328
13.7,14.802818298339844
19.9,16.982511520385742
13.1,14.01742172241211
17.3,15.88145637512207
13.2,13.848567008972168
14.0,14.484257698059082
19.5,16.616905212402344
14.0,14.259369850158691
13.4,14.17369556427002
17.3,16.104459762573242
8.1,12.23847770690918
16.9,15.98259449005127
19.9,16.776037216186523
15.9,15.167418479919434
14.8,14.911873817443848
16.5,15.536008834838867
18.5,16.38957405090332
16.3,15.60571002960205
17.0,15.154836654663086
14.0,14.163714408874512
16.4,15.239398002624512
15.2,15.140403747558594
14.9,15.093537330627441
17.2,16.24945831298828
14.0,14.831549644470215
19.9,16.75629997253418
15.0,15.672284126281738
14.0,14.210962295532227
14.8,14.967850685119629
16.4,15.75838565826416
16.1,15.190643310546875
14.9,14.694093704223633
12.5,13.97972583770752
15.2,15.038175582885742
17.1,16.115304946899414
18.1,16.21897315979004
11.5,13.617679595947266
18.0,15.291321754455566
15.5,14.977492332458496
15.6,14.956974983215332
15.2,14.959622383117676
15.9,15.41605281829834
15.3,14.925631523132324
13.5,14.100726127624512
15.9,15.485197067260742
17.0,14.768634796142578
9.1,13.150320053100586
13.9,14.132467269897461
15.8,15.188721656799316
7.5,11.83092212677002
14.8,15.089498519897461
14.5,14.590202331542969
19.5,16.646944046020508
18.7,16.34186363220215
15.4,15.208499908447266
14.9,14.629816055297852
16.9,16.192426681518555
15.3,14.912677764892578
15.2,15.201709747314453
15.8,15.28173542022705
16.4,16.089567184448242
14.3,14.500669479370117
19.4,16.87677764892578
15.7,15.14333724975586
14.6,14.152392387390137
15.2,15.200215339660645
16.6,15.61507511138916
13.5,14.32839298248291
12.0,13.635767936706543
15.2,15.412839889526367
15.7,15.27752685546875
16.0,15.415130615234375
14.6,14.612027168273926
14.8,15.206704139709473
15.0,15.073382377624512
12.3,13.981701850891113
16.3,15.522409439086914
14.1,14.802390098571777
14.6,15.11396312713623
14.1,14.219493865966797
14.4,15.024530410766602
14.8,14.79013729095459
12.9,14.310190200805664
17.1,15.785359382629395
14.9,14.622454643249512
16.2,15.500028610229492
15.7,16.524477005004883
12.5,14.088177680969238
16.2,15.380369186401367
14.5,14.635103225708008
13.9,14.200230598449707
11.3,12.835652351379395
14.9,15.586663246154785
16.4,15.428175926208496
14.7,14.46851634979248
13.6,15.133190155029297
16.0,15.038176536560059
15.9,15.274776458740234
17.3,15.157829284667969
9.1,12.69554615020752
12.5,13.638850212097168
13.9,14.352462768554688
15.5,14.898661613464355
16.4,15.6375732421875
13.6,14.259540557861328
13.7,15.299976348876953
13.2,13.750164985656738
15.7,15.032225608825684
15.2,15.06287670135498
17.9,16.0355224609375
14.0,13.968122482299805
14.8,15.720209121704102
12.4,13.621447563171387
18.1,16.842985153198242
14.9,14.825897216796875
15.3,15.06480884552002
17.1,15.749066352844238
13.3,14.389230728149414
15.3,15.142046928405762
10.9,13.57097053527832
15.4,15.087910652160645
15.3,15.383986473083496
16.1,14.980870246887207
15.7,15.184624671936035
16.3,15.067642211914062
15.6,15.61528205871582
15.5,15.227033615112305
14.7,15.017892837524414
18.4,15.91793155670166
18.5,16.092910766601562
11.1,13.398836135864258
16.0,14.682595252990723
12.3,14.042519569396973
13.5,13.895931243896484
17.2,14.940946578979492
15.5,14.996162414550781
16.2,15.692521095275879
17.5,16.326902389526367
15.6,15.839935302734375
16.9,16.055768966674805
16.7,14.78671932220459
14.2,14.279509544372559
15.2,14.821146011352539
15.1,14.815350532531738
19.9,16.75696563720703
12.6,14.22309398651123
14.5,14.19998550415039
16.0,14.430849075317383
15.9,15.438982963562012
13.9,14.72496223449707
15.9,14.863818168640137
14.4,14.359582901000977
12.8,15.033796310424805
14.0,14.66800594329834
12.2,15.211541175842285
18.0,15.493837356567383
17.5,15.191278457641602
13.3,14.152742385864258
13.3,14.027383804321289
13.8,14.15651798248291
17.6,16.027324676513672
12.4,13.589580535888672
15.7,14.918314933776855
14.4,14.579293251037598
17.8,16.294391632080078
17.7,16.085844039916992
13.3,14.429802894592285
13.7,15.149805068969727
17.3,15.951454162597656
14.2,14.417722702026367
15.3,14.868290901184082
13.2,14.399797439575195
14.8,15.166372299194336
16.2,15.674002647399902
14.6,14.539161682128906
15.1,15.1810941696167
13.4,14.289213180541992
12.4,14.060603141784668
13.1,14.203859329223633
15.4,15.170723915100098
17.6,16.01161766052246
13.6,14.465618133544922
10.9,13.396045684814453
17.5,16.154159545898438
18.3,16.877717971801758
14.8,14.535398483276367
16.6,15.915969848632812
14.5,14.515871047973633
16.2,15.600104331970215
14.8,14.507820129394531
13.1,14.482295036315918
11.4,13.637160301208496
13.2,14.946146965026855
19.8,16.921100616455078
15.0,14.921544075012207
15.2,15.1030855178833
16.4,15.422086715698242
9.6,12.96905517578125
15.6,15.277068138122559
17.8,15.570849418640137
15.7,15.090831756591797
15.9,15.127298355102539
19.2,16.658578872680664
15.9,15.332757949829102
14.5,15.098664283752441
14.5,14.548542022705078
18.3,16.786623001098633
14.7,14.811628341674805
13.0,14.01311206817627
19.2,16.999374389648438
15.1,15.937816619873047
13.7,14.485304832458496
14.5,14.572919845581055
12.9,13.582117080688477
19.8,16.892166137695312
15.9,14.699546813964844
12.8,13.828206062316895
14.6,14.642316818237305
16.2,15.827322006225586
15.8,15.406310081481934
14.4,14.599576950073242
16.2,15.883514404296875
15.9,15.26474380493164
12.4,13.217187881469727
15.1,15.04239273071289
16.2,15.54667854309082
15.6,15.314165115356445
14.2,15.045818328857422
15.4,16.191884994506836
13.6,14.489407539367676
15.6,14.930602073669434
15.4,15.200215339660645
19.0,16.827186584472656
16.1,15.281030654907227
8.3,11.875572204589844
16.0,15.098821640014648
14.8,15.183958053588867
15.4,15.741092681884766
15.5,14.99755859375
8.0,11.59280776977539
12.5,13.645462989807129
15.8,15.485003471374512
16.7,16.45241928100586
15.8,14.854446411132812
15.3,14.994585037231445
11.9,13.783543586730957
16.8,15.37612247467041
18.9,16.531864166259766
16.7,15.159004211425781
17.3,16.161468505859375
19.9,16.412296295166016
12.4,13.45332145690918
18.5,16.43419075012207
14.1,14.772834777832031
15.5,15.388907432556152
16.6,15.868919372558594
13.7,14.404891014099121
16.2,15.268199920654297
16.9,15.287909507751465
14.5,14.409826278686523
18.9,16.398845672607422
11.0,12.43274211883545
19.5,16.511831283569336
14.9,14.949886322021484
19.0,16.520278930664062
14.1,14.424918174743652
18.5,16.039566040039062
15.7,15.552658081054688
14.9,14.957365989685059
12.6,13.599903106689453
13.5,14.200812339782715
14.4,14.262615203857422
11.7,13.462247848510742
14.4,14.781702041625977
14.6,14.695868492126465
17.2,16.06310272216797
14.9,15.093810081481934
13.5,14.175215721130371
15.8,15.250985145568848
13.6,14.300841331481934
14.9,14.50871467590332
15.3,14.92365837097168
17.6,16.01168441772461
12.8,14.119930267333984
12.9,13.928004264831543
11.5,14.813517570495605
14.4,14.234729766845703
15.5,15.225790023803711
15.0,14.810662269592285
15.4,16.332462310791016
15.5,15.541254043579102
18.9,16.7845516204834
18.3,16.77272605895996
11.6,14.41146469116211
15.5,15.055292129516602
14.6,15.3023099899292
13.9,14.205259323120117
15.9,15.091639518737793
15.3,14.11274528503418
17.3,16.635433197021484
14.3,14.392439842224121
16.6,15.663775444030762
15.2,15.287859916687012
14.5,14.915719985961914
13.5,13.235072135925293
15.7,15.101635932922363
14.4,14.461190223693848
17.6,15.908069610595703
12.4,13.831802368164062
15.4,15.331695556640625
16.6,15.325788497924805
13.7,14.297321319580078
13.0,14.143497467041016
15.7,15.216139793395996
13.0,13.95631217956543
17.9,16.295879364013672
13.6,14.268935203552246
14.4,14.624794006347656
16.9,15.977356910705566
15.4,14.899287223815918
16.9,16.241634368896484
15.5,15.148688316345215
13.8,13.634445190429688
14.5,14.76297378540039
15.8,15.2467679977417
14.2,14.85014533996582
17.6,16.386201858520508
14.4,14.823957443237305
19.5,16.55935287475586
16.2,14.734432220458984
15.1,15.019775390625
11.8,13.988053321838379
13.3,14.17189884185791
19.9,16.41651725769043
15.0,14.877283096313477
15.6,15.39133358001709
16.3,15.808005332946777
14.5,14.768431663513184
19.7,16.82379913330078
13.9,14.960897445678711
14.4,15.054835319519043
16.1,15.43774700164795
15.0,14.82187271118164
16.6,15.751662254333496
11.2,14.14855670928955
15.7,14.952620506286621
14.6,14.566373825073242
14.5,14.769831657409668
19.0,16.757375717163086
13.4,14.049203872680664
15.1,14.905580520629883
15.3,15.008291244506836
14.7,14.860065460205078
14.4,14.223017692565918
15.1,14.79167652130127
18.7,14.899998664855957
15.6,14.965248107910156
14.5,14.704460144042969
14.4,14.465253829956055
16.6,15.183287620544434
18.4,16.436100006103516
13.4,14.380661010742188
14.4,14.439262390136719
12.9,13.856003761291504
12.7,14.6012544631958
14.1,14.616475105285645
18.5,16.56268310546875
16.8,15.897557258605957
17.5,16.252214431762695
18.4,16.617860794067383
18.7,16.125099182128906
16.0,15.2505464553833
14.4,14.419652938842773
14.8,14.519134521484375
18.1,16.448780059814453
15.3,15.142716407775879
16.8,15.966426849365234
18.6,16.352100372314453
15.4,15.014213562011719
15.7,15.391057968139648
19.9,16.994369506835938
15.1,15.089644432067871
15.3,14.877748489379883
18.7,16.765684127807617
15.9,15.29898452758789
11.9,13.439632415771484
15.9,15.173622131347656
18.7,16.827409744262695
15.9,15.033726692199707
12.7,13.52663803100586
16.9,15.825336456298828
15.4,14.906715393066406
16.5,15.759342193603516
13.9,15.499898910522461
14.7,14.916216850280762
13.8,13.728713035583496
17.3,16.011335372924805
13.4,14.383528709411621
17.6,16.628982543945312
16.0,15.374289512634277
15.1,15.051817893981934
18.5,16.698650360107422
17.5,16.330263137817383
10.6,13.125587463378906
15.2,14.83382797241211
18.3,16.565650939941406
15.6,15.153254508972168
16.4,15.661203384399414
16.6,15.471672058105469
15.9,14.995293617248535
14.0,14.61281681060791
14.4,14.014200210571289
15.2,15.012502670288086
15.7,15.189836502075195
15.2,14.914098739624023
12.7,13.668946266174316
16.2,15.594935417175293
14.6,14.99669361114502
14.8,14.990582466125488
15.2,14.916350364685059
19.2,16.162527084350586
13.3,14.18381404876709
17.4,16.080915451049805
17.3,15.834131240844727
15.2,15.265108108520508
13.2,13.834525108337402
15.0,14.900152206420898
15.3,15.16842269897461
16.3,16.10071563720703
17.2,16.013301849365234
15.8,15.194589614868164
17.3,16.268436431884766
17.5,16.113056182861328
14.8,14.870899200439453
18.0,16.50407600402832
16.3,14.854269981384277
15.1,15.16842269897461
13.3,13.968011856079102
14.9,14.763981819152832
15.0,15.149153709411621
13.6,14.201149940490723
16.7,15.925344467163086
18.1,16.279916763305664
14.6,15.005593299865723
14.0,14.638869285583496
16.8,16.246967315673828
15.7,15.507030487060547
16.1,15.368621826171875
14.6,14.956905364990234
15.4,15.085742950439453
13.0,13.496611595153809
16.6,15.559683799743652
15.3,15.02997875213623
14.5,14.881683349609375
15.5,15.053620338439941
15.1,15.012945175170898
4.5,10.798274993896484
14.7,14.831086158752441
17.0,15.735095024108887
15.0,14.874676704406738
16.0,15.230901718139648
14.7,14.583634376525879
17.0,13.740633010864258
16.3,15.239691734313965
16.4,15.433359146118164
15.5,15.618786811828613
17.5,15.700724601745605
15.6,15.137789726257324
17.8,15.9176664352417
12.0,13.804299354553223
17.2,15.906213760375977
15.1,14.84426498413086
12.5,14.201797485351562
14.3,14.774677276611328
19.4,16.584083557128906
15.6,15.128957748413086
13.6,14.87920093536377
7.3,11.00465202331543
15.3,15.088717460632324
19.7,16.457727432250977
15.7,15.236918449401855
15.1,15.125751495361328
15.1,15.101235389709473
15.9,15.097892761230469
16.0,15.235527992248535
15.7,14.524372100830078
15.2,14.800851821899414
14.8,14.910965919494629
15.7,14.994542121887207
15.8,15.920761108398438
15.6,15.252165794372559
15.0,15.322173118591309
14.7,15.113167762756348
13.7,15.014490127563477
16.5,15.11933708190918
16.7,16.31287384033203
17.5,16.215953826904297
15.4,14.921491622924805
15.9,15.398159980773926
14.7,14.68493366241455
13.5,14.034293174743652
19.3,16.951242446899414
15.4,14.822293281555176
12.6,14.092925071716309
15.0,14.656301498413086
15.3,15.105764389038086
13.4,14.132282257080078
15.2,14.80535888671875
17.5,16.206090927124023
16.5,15.817688941955566
19.8,16.925386428833008
15.3,14.866061210632324
11.8,14.884621620178223
13.0,13.44127368927002
13.9,14.560906410217285
14.4,14.481059074401855
17.7,15.886279106140137
13.8,14.80966854095459
16.0,15.629376411437988
16.8,15.615335464477539
19.5,16.78723907470703
15.8,15.16842269897461
13.6,14.513110160827637
15.6,15.167953491210938
15.4,15.172765731811523
15.3,15.124068260192871
18.9,16.12039566040039
14.9,15.07129192352295
15.7,15.188220977783203
16.6,16.1957950592041
13.8,14.490737915039062
15.9,14.87036418914795
14.4,14.561525344848633
12.8,14.287575721740723
16.6,15.54301643371582
11.1,12.570589065551758
16.0,16.350868225097656
10.4,12.937320709228516
13.4,14.232244491577148
14.9,14.78395938873291
16.1,15.369256973266602
16.4,15.319382667541504
9.7,13.764365196228027
16.3,15.055317878723145
17.2,15.941734313964844
18.7,16.325260162353516
13.5,14.268458366394043
16.3,15.21723461151123
14.0,14.044973373413086
16.4,15.642036437988281
14.7,14.600914001464844
15.0,15.084632873535156
15.5,15.171111106872559
16.1,15.5057373046875
18.1,16.1785945892334
13.6,14.311593055725098
17.5,16.026451110839844
10.9,13.714966773986816
15.0,14.79154109954834
14.9,14.778050422668457
15.2,14.864163398742676
15.2,14.898877143859863
12.6,14.158310890197754
14.4,14.334453582763672
16.8,15.943595886230469
15.3,14.954721450805664
14.9,14.85348892211914
14.5,14.594138145446777
16.1,15.385213851928711
17.7,14.707987785339355
6.2,10.620680809020996
15.4,14.735196113586426
14.4,14.697940826416016
17.1,16.34122085571289
15.8,14.92564868927002
15.3,14.706927299499512
15.6,14.983590126037598
15.3,14.914375305175781
15.8,15.402405738830566
14.9,14.537737846374512
15.1,14.763700485229492
19.2,16.81281280517578
17.0,15.366413116455078
14.4,14.592731475830078
11.6,13.325716018676758
15.2,14.890186309814453
13.6,14.965258598327637
15.4,14.883992195129395
13.9,14.263879776000977
15.5,15.010597229003906
16.2,15.645052909851074
17.7,15.917787551879883
9.2,12.847261428833008
16.5,15.202332496643066
15.0,14.824594497680664
14.4,14.662025451660156
16.2,15.16300106048584
12.2,13.576645851135254
15.4,14.859378814697266
15.5,15.431312561035156
15.0,14.518918991088867
14.8,14.678901672363281
12.1,13.989767074584961
15.4,15.077476501464844
13.6,14.797679901123047
19.1,16.786617279052734
19.5,16.899311065673828
7.2,11.447773933410645
16.1,15.0875883102417
14.3,14.30036735534668
16.9,15.805939674377441
15.4,15.285455703735352
14.7,14.450784683227539
16.7,15.37325382232666
12.6,13.817476272583008
11.0,12.760401725769043
15.3,14.7345609664917
16.7,15.463305473327637
14.0,13.946148872375488
17.8,15.911381721496582
8.0,12.017168045043945
10.4,13.110624313354492
15.0,14.848262786865234
13.1,13.952640533447266
14.6,14.816015243530273
10.8,13.979239463806152
15.3,15.3237886428833
15.3,14.792144775390625
10.9,13.923175811767578
14.8,16.044143676757812
14.3,14.720048904418945
18.1,16.429479598999023
12.9,14.04968547821045
18.5,16.409828186035156
16.1,15.245152473449707
15.5,14.732215881347656
15.3,14.877178192138672
16.0,15.170982360839844
16.8,15.598459243774414
15.9,15.097702980041504
14.0,14.7284517288208
14.6,14.763938903808594
15.5,14.787659645080566
16.8,15.62496280670166
14.7,14.6753511428833
12.7,13.885476112365723
15.8,15.837201118469238
19.4,16.59571075439453
14.7,15.089364051818848
15.2,15.091821670532227
12.5,13.830126762390137
13.7,14.773436546325684
19.9,16.994369506835938
14.8,15.137489318847656
15.0,14.706804275512695
15.5,14.57790756225586
18.0,15.608504295349121
14.7,14.67719554901123
14.9,15.277400016784668
17.0,15.816715240478516
15.7,14.861842155456543
14.2,14.475465774536133
12.9,14.012101173400879
17.2,16.662582397460938
12.3,14.1893949508667
14.4,14.509363174438477
15.5,15.09798812866211
16.4,15.65518569946289
15.2,14.824665069580078
15.7,15.754833221435547
15.6,15.315311431884766
15.9,15.964173316955566
11.6,13.09810733795166
10.8,12.98831558227539
15.2,14.941583633422852
15.0,14.82848834991455
15.3,14.873937606811523
16.8,16.171707153320312
15.5,14.835376739501953
19.1,16.676958084106445
18.9,16.799867630004883
14.8,14.75462532043457
15.6,14.836426734924316
15.4,15.218762397766113
17.5,15.71410846710205
18.7,16.83815574645996
13.2,14.095121383666992
13.5,14.053781509399414
16.0,15.193145751953125
14.6,14.402544021606445
13.7,14.398948669433594
12.4,14.03003215789795
7.4,11.806609153747559
15.9,14.839841842651367
9.8,12.650938034057617
19.9,17.01283836364746
18.4,15.236095428466797
15.6,14.927721977233887
15.2,15.028179168701172
13.5,14.264226913452148
6.6,10.856287002563477
16.1,15.468084335327148
19.2,16.827749252319336
15.5,15.198725700378418
16.7,15.666950225830078
15.6,15.625412940979004
15.6,14.917380332946777
15.9,14.736274719238281
15.0,14.976823806762695
16.3,15.915905952453613
14.4,15.024011611938477
16.1,14.915750503540039
16.0,15.597938537597656
16.1,16.704723358154297
11.5,13.584933280944824
13.8,13.846558570861816
15.9,15.054049491882324
9.1,11.642486572265625
14.1,14.325943946838379
15.9,16.352630615234375
14.2,14.556967735290527
16.3,15.4461030960083
15.2,14.923447608947754
14.8,14.76741886138916
16.7,14.835169792175293
14.9,14.436037063598633
8.8,13.841800689697266
15.2,15.1185884475708
16.2,15.506182670593262
15.6,15.777458190917969
12.6,13.936822891235352
14.4,14.387655258178711
11.0,13.068268775939941
14.8,14.900951385498047
9.5,12.516244888305664
10.5,12.716117858886719
11.6,13.84039306640625
15.0,14.824263572692871
12.4,13.361438751220703
14.0,14.157522201538086
11.8,13.718093872070312
11.1,13.669777870178223
17.2,15.933061599731445
15.5,15.474459648132324
16.9,15.548905372619629
12.7,14.063268661499023
15.3,14.873778343200684
13.4,14.492818832397461
14.2,14.473785400390625
12.9,14.196123123168945
16.1,15.5468111038208
11.3,13.236539840698242
12.2,13.642608642578125
14.9,14.907914161682129
15.4,14.858804702758789
11.6,13.987929344177246
17.8,15.841007232666016
11.3,13.753962516784668
16.1,15.389744758605957
19.9,16.994369506835938
13.1,14.261177062988281
14.2,14.631625175476074
18.8,15.78164291381836
11.8,13.94472599029541
12.0,14.24129867553711
12.9,14.116744041442871
15.7,14.896678924560547
13.4,14.202936172485352
18.0,16.55354118347168
13.7,14.230280876159668
18.8,16.55701446533203
14.0,14.870443344116211
14.9,14.388032913208008
16.5,15.652615547180176
19.2,16.540895462036133
13.7,14.25016975402832
14.2,14.492992401123047
11.5,13.429610252380371
17.0,15.982563018798828
14.9,14.456693649291992
14.4,14.430863380432129
16.3,15.59247875213623
14.8,15.062152862548828
15.7,15.671000480651855
19.1,16.723852157592773
14.7,14.891414642333984
13.9,14.024791717529297
14.4,14.846122741699219
13.4,13.908998489379883
14.7,15.053422927856445
15.5,15.3104248046875
12.5,13.762886047363281
12.0,13.770612716674805
15.3,15.170791625976562
14.0,15.462077140808105
13.9,14.396809577941895
10.5,13.107989311218262
14.7,14.745994567871094
14.3,14.707110404968262
17.1,15.497739791870117
17.1,16.385944366455078
12.0,13.381227493286133
19.0,16.717756271362305
17.1,16.23017120361328
7.8,11.488546371459961
14.3,14.754345893859863
15.0,15.141057014465332
13.1,14.017681121826172
15.0,14.852296829223633
16.4,16.216691970825195
15.3,14.877961158752441
19.8,16.688833236694336
10.8,13.418962478637695
15.6,15.374978065490723
13.6,15.143092155456543
15.5,14.811174392700195
19.2,16.8402156829834
9.4,12.680951118469238
16.9,16.37322235107422
13.1,13.808691024780273
12.2,13.982460975646973
16.2,15.219427108764648
12.9,14.159992218017578
15.6,15.61240005493164
19.1,15.393796920776367
18.7,16.694927215576172
13.0,13.871376991271973
11.8,13.726457595825195
18.8,15.83668327331543
16.4,15.711480140686035
14.7,15.103774070739746
13.5,14.445135116577148
13.7,14.756583213806152
14.3,14.31774616241455
13.5,13.894842147827148
18.0,16.68028450012207
12.2,13.248422622680664
13.8,14.32337474822998
16.9,14.709662437438965
17.2,15.57434368133545
16.7,15.80893325805664
15.5,15.224665641784668
15.0,15.413866996765137
15.6,15.035032272338867
15.4,14.670888900756836
16.0,15.147978782653809
19.5,16.59852409362793
13.3,13.880767822265625
15.8,14.848645210266113
10.1,13.344655990600586
9.3,13.367154121398926
12.4,13.620777130126953
14.6,14.647162437438965
16.3,15.569092750549316
14.9,14.876041412353516
14.8,14.221576690673828
15.1,14.788022994995117
14.0,14.415108680725098
13.5,14.395397186279297
12.3,13.599507331848145
19.6,16.193721771240234
15.8,15.148283958435059
16.6,15.657809257507324
11.9,13.655584335327148
14.1,14.673503875732422
15.6,14.892698287963867
12.2,13.385353088378906
15.8,14.67479133605957
13.4,14.216106414794922
14.3,14.552351951599121
14.5,14.666777610778809
11.4,13.614948272705078
13.1,14.634071350097656
14.8,14.568629264831543
14.2,14.372920989990234
15.1,14.874568939208984
19.8,16.98996353149414
19.1,14.515426635742188
16.6,15.472285270690918
15.4,15.072807312011719
11.6,13.430447578430176
17.3,15.571399688720703
18.4,15.702667236328125
8.9,12.641307830810547
16.8,15.594855308532715
17.6,15.892861366271973
17.4,15.466739654541016
15.4,15.02495288848877
13.8,13.917317390441895
13.8,14.413626670837402
8.1,12.752581596374512
16.1,15.544371604919434
15.9,14.938854217529297
15.2,14.980134963989258
10.1,12.365764617919922
15.8,14.824228286743164
9.8,12.180585861206055
10.8,13.298196792602539
10.5,12.990614891052246
10.4,13.189591407775879
17.5,15.973329544067383
14.7,14.37644100189209
17.3,15.306599617004395
15.1,15.194716453552246
14.3,14.271350860595703
19.4,16.782115936279297
12.1,13.833374977111816
9.3,12.445123672485352
12.8,13.937248229980469
16.3,15.534025192260742
10.9,13.295406341552734
12.8,13.759345054626465
13.6,14.311101913452148
12.1,14.158587455749512
14.0,14.01492977142334
19.6,16.685832977294922
12.9,14.384254455566406
14.7,14.397028923034668
11.2,13.007699012756348
17.1,15.753914833068848
18.4,16.643577575683594
15.4,15.16353702545166
17.9,16.206541061401367
16.4,15.483552932739258
14.5,14.902817726135254
15.8,14.99002742767334
14.0,14.635374069213867
9.4,12.436020851135254
15.0,15.047280311584473
11.3,13.340302467346191
14.8,14.343069076538086
14.5,14.901947975158691
14.9,14.634513854980469
19.2,16.707170486450195
14.2,14.12330436706543
18.2,16.571744918823242
15.2,15.052070617675781
18.4,16.635499954223633
14.8,15.55031967163086
19.3,16.937326431274414
16.2,14.44157886505127
13.0,14.204621315002441
14.2,14.234374046325684
14.8,14.456155776977539
16.0,15.075186729431152
15.6,15.433032989501953
13.6,14.131941795349121
16.2,15.64417839050293
14.5,14.983695030212402
15.2,14.559122085571289
14.0,14.817049026489258
15.0,14.912137031555176
17.0,15.940017700195312
19.1,16.47234344482422
17.6,15.688936233520508
16.1,15.381143569946289
17.2,16.110809326171875
15.1,15.8301362991333
13.9,14.170215606689453
19.0,16.746856689453125
14.6,14.729391098022461
14.8,14.746798515319824
15.6,15.452447891235352
15.0,14.80184555053711
13.9,14.474108695983887
15.0,14.636460304260254
15.1,14.861663818359375
15.3,14.977848052978516
19.7,16.76034164428711
15.1,14.93571949005127
14.9,14.706060409545898
14.5,14.69115924835205
15.0,15.17907428741455
13.9,14.407259941101074
18.7,16.44802474975586
13.8,14.7705078125
12.6,13.726860046386719
12.1,13.385457992553711
19.1,14.575848579406738
15.4,15.137789726257324
14.0,14.721930503845215
13.8,14.345787048339844
14.6,15.51751708984375
15.4,15.13460922241211
18.8,16.7064151763916
15.5,15.16055679321289
13.2,14.133460998535156
17.3,15.279123306274414
14.9,14.923686981201172
16.7,15.976973533630371
12.6,13.371816635131836
15.1,14.890067100524902
16.0,15.263014793395996
14.4,14.625141143798828
14.9,14.755999565124512
15.1,14.672769546508789
13.9,14.131041526794434
14.7,14.643689155578613
11.2,13.313504219055176
15.0,14.83057689666748
15.2,15.291680335998535
15.4,15.106955528259277
15.8,15.199450492858887
13.1,14.927779197692871
15.8,14.857795715332031
14.5,14.3643217086792
15.5,14.933253288269043
14.5,14.591435432434082
14.0,14.338126182556152
14.0,14.536059379577637
13.8,14.681509017944336
11.3,13.416086196899414
14.8,14.793798446655273
14.4,14.17055606842041
9.6,13.502143859863281
15.9,15.494636535644531
15.4,14.911469459533691
13.3,14.298961639404297
14.3,14.318161010742188
12.2,13.116363525390625
19.0,16.912858963012695
14.0,14.70592212677002
14.0,14.474051475524902
10.7,13.324783325195312
14.7,14.32382583618164
15.0,15.299869537353516
16.3,15.501617431640625
13.1,13.846914291381836
14.4,14.5277099609375
18.0,16.320131301879883
12.0,14.663993835449219
15.6,15.137364387512207
14.2,14.694512367248535
13.8,14.285566329956055
11.9,13.603765487670898
15.9,15.16606330871582
13.3,14.56981372833252
13.2,14.059558868408203
17.7,15.645489692687988
14.6,14.663084983825684
15.8,14.433423042297363
16.2,15.378778457641602
12.7,14.800164222717285
15.3,14.869739532470703
17.3,15.46329116821289
14.0,14.25319766998291
15.5,15.170303344726562
17.2,16.470048904418945
13.3,14.091821670532227
19.2,16.660085678100586
11.1,12.89669418334961
15.0,14.8200044631958
16.2,15.852452278137207
12.0,13.477859497070312
15.1,14.890812873840332
12.7,14.280287742614746
15.4,15.115093231201172
13.2,13.84634017944336
11.2,13.17315673828125
15.4,15.112970352172852
15.9,15.508025169372559
12.9,14.362539291381836
15.4,14.873931884765625
14.7,14.269694328308105
15.7,14.935858726501465
15.4,14.696450233459473
13.0,13.986652374267578
14.0,14.68018913269043
14.4,14.540177345275879
10.9,13.539047241210938
12.8,14.41438102722168
15.0,14.832067489624023
14.2,14.466533660888672
15.3,15.04979133605957
17.0,16.145809173583984
14.7,15.100218772888184
17.0,15.841444969177246
14.3,14.75671100616455
15.0,14.571677207946777
16.4,15.32190990447998
15.2,14.822880744934082
15.5,14.843491554260254
14.0,14.46999454498291
16.6,15.10424518585205
15.7,15.100296020507812
16.5,15.275312423706055
12.7,13.807726860046387
15.0,15.319427490234375
15.3,15.149541854858398
17.4,15.818448066711426
14.6,15.087299346923828
18.5,16.82643699645996
14.5,14.680829048156738
15.2,15.131051063537598
15.1,15.088839530944824
18.2,15.930903434753418
16.2,14.864039421081543
18.0,16.441564559936523
18.1,16.13456153869629
15.7,14.985751152038574
8.0,11.827773094177246
16.4,15.585929870605469
13.9,14.925161361694336
13.9,14.561067581176758
14.2,14.056863784790039
14.5,14.656538009643555
14.4,14.40815258026123
12.9,13.51011848449707
10.1,12.936774253845215
12.2,13.38278579711914
12.9,13.93893051147461
10.4,13.455142974853516
11.5,13.41506290435791
12.8,13.83221435546875
14.2,14.585345268249512
14.3,14.777787208557129
15.0,14.73702335357666
14.1,14.046689987182617
15.3,15.080129623413086
15.1,14.54041576385498
12.3,13.775505065917969
15.8,14.89467716217041
15.0,14.915253639221191
18.1,16.79665184020996
13.3,13.904187202453613
15.8,14.838982582092285
14.7,14.810126304626465
14.2,14.39486026763916
12.9,14.130084991455078
14.1,14.27899169921875
11.5,13.914994239807129
12.8,14.433600425720215
16.8,15.209277153015137
14.7,14.565986633300781
10.4,13.281057357788086
14.5,14.515535354614258
16.0,15.030562400817871
10.3,13.30674934387207
13.6,13.906524658203125
16.7,15.732712745666504
15.8,15.02011489868164
14.9,14.795770645141602
15.2,14.779007911682129
14.0,14.416879653930664
14.8,15.109375953674316
14.8,14.916559219360352
16.3,14.642533302307129
14.8,14.763636589050293
14.7,14.919146537780762
15.8,14.876243591308594
14.7,14.937819480895996
13.8,14.319571495056152
14.8,14.613112449645996
14.6,14.483665466308594
17.6,15.223607063293457
13.8,14.87144947052002
16.9,15.89057731628418
9.1,12.24985122680664
14.2,14.072704315185547
16.6,15.02736759185791
13.0,13.864818572998047
14.9,14.904945373535156
12.7,13.929295539855957
15.4,14.751470565795898
15.2,14.820754051208496
12.6,14.179725646972656
15.4,14.921331405639648
15.7,15.351755142211914
15.1,15.58113956451416
13.0,14.323078155517578
14.1,14.063143730163574
13.9,14.524511337280273
11.7,14.077818870544434
17.6,15.845344543457031
14.7,14.753683090209961
7.9,12.688642501831055
11.9,13.900860786437988
9.4,12.614304542541504
17.8,16.68916130065918
17.7,15.861831665039062
18.2,16.22272300720215
11.7,13.514877319335938
14.7,14.584399223327637
19.5,15.972737312316895
13.8,14.016929626464844
15.0,14.878731727600098
15.5,14.75894832611084
15.1,15.213358879089355
13.6,14.45189380645752
10.5,13.309103012084961
13.0,13.84106731414795
13.5,14.272810935974121
8.6,14.180292129516602
15.0,14.293148040771484
10.8,13.644206047058105
15.5,14.832128524780273
7.1,12.942642211914062
14.4,15.501895904541016
12.0,13.81995964050293
11.2,14.067232131958008
14.4,14.708540916442871
14.7,14.534069061279297
9.0,12.15427303314209
18.7,16.071552276611328
13.9,14.260762214660645
15.4,14.949553489685059
19.8,16.711666107177734
18.6,16.756532669067383
19.9,16.479215621948242
9.2,13.433797836303711
12.1,13.63155460357666
14.2,14.476814270019531
15.3,14.497937202453613
14.9,15.31957721710205
15.3,13.703478813171387
12.6,14.299744606018066
14.8,13.897994995117188
11.0,13.220495223999023
13.9,14.70520305633545
14.1,14.568431854248047
15.4,15.014091491699219
13.4,14.099218368530273
13.5,14.405111312866211
13.6,14.075841903686523
14.3,14.759960174560547
13.3,14.10767650604248
13.9,14.003787994384766
16.9,14.842928886413574
14.3,14.265182495117188
15.5,14.74347972869873
13.5,14.147516250610352
14.9,15.00082778930664
16.1,15.79858684539795
11.7,13.817748069763184
14.8,14.586700439453125
14.4,14.2059326171875
15.5,14.43556022644043
11.5,13.60057544708252
10.9,13.296529769897461
15.4,14.715646743774414
12.1,13.328835487365723
12.1,13.437829971313477
14.1,14.572745323181152
16.1,15.433204650878906
13.7,14.133285522460938
13.4,14.19667911529541
19.3,16.86954116821289
19.7,16.95256805419922
13.5,14.150169372558594
18.2,16.025632858276367
18.7,16.119308471679688
14.7,14.750482559204102
14.6,14.718766212463379
14.5,14.81038761138916
14.4,14.48568344116211
17.5,15.99431037902832
15.8,14.765613555908203
11.3,13.591809272766113
18.0,16.448110580444336
15.6,14.865534782409668
13.5,14.18830394744873
15.0,14.880023956298828
14.5,14.812383651733398
15.3,14.665907859802246
17.2,15.752184867858887
14.5,14.963356971740723
11.3,13.764034271240234
12.5,14.142349243164062
13.4,14.477386474609375
5.9,11.968326568603516
14.4,14.61228084564209
14.9,14.720418930053711
14.4,14.741806983947754
15.4,15.255071640014648
13.3,14.296004295349121
18.5,16.60541343688965
13.8,14.453804969787598
14.2,14.46033763885498
17.3,15.993032455444336
12.9,14.151639938354492
14.8,14.603399276733398
18.2,15.930511474609375
15.0,14.852184295654297
13.2,14.110252380371094
15.0,14.598565101623535
14.3,15.271051406860352
17.9,15.550849914550781
15.0,14.85860824584961
13.7,14.444512367248535
14.8,14.983109474182129
14.8,14.669325828552246
13.3,14.283106803894043
18.5,16.010717391967773
12.3,13.986742973327637
12.5,14.571455001831055
15.3,14.764451026916504
15.3,14.999220848083496
13.5,14.707420349121094
14.3,14.24502944946289
18.3,16.00401496887207
16.4,14.814801216125488
14.3,14.512157440185547
15.1,15.167418479919434
7.4,12.693190574645996
15.4,14.818742752075195
14.9,14.909460067749023
15.2,14.83736515045166
16.0,16.22990608215332
13.3,14.22851848602295
18.9,16.518014907836914
18.5,16.302978515625
13.6,14.461410522460938
16.1,15.344427108764648
9.8,12.977035522460938
13.9,13.739811897277832
14.5,14.643954277038574
19.6,15.78120231628418
13.4,14.697875022888184
17.3,16.34480094909668
9.5,12.263765335083008
17.4,16.442289352416992
11.2,13.674510955810547
15.2,14.781188011169434
10.9,11.667149543762207
17.1,16.239709854125977
13.4,14.24918270111084
15.0,14.018561363220215
11.0,12.76839542388916
14.0,14.670287132263184
12.7,13.65612506866455
17.1,16.047399520874023
19.6,16.56753921508789
15.2,14.360542297363281
10.9,13.670949935913086
12.9,14.496451377868652
13.4,13.922317504882812
14.3,14.11739444732666
14.7,14.323423385620117
8.3,13.223893165588379
18.6,16.614540100097656
9.4,13.031085968017578
15.0,14.903176307678223
18.5,16.547420501708984
12.5,13.849982261657715
14.0,14.086325645446777
17.1,15.889927864074707
12.6,13.905930519104004
13.4,13.919618606567383
14.2,14.82190227508545
11.7,13.512776374816895
15.6,14.780097007751465
14.9,15.188075065612793
17.6,15.58004379272461
15.2,14.802578926086426
14.7,14.735694885253906
14.8,15.18115234375
15.6,15.091201782226562
18.3,16.25543975830078
15.6,15.025886535644531
15.2,15.10272216796875
15.1,14.834562301635742
15.3,14.764240264892578
17.6,15.273226737976074
8.8,12.277228355407715
14.7,14.871748924255371
15.6,14.976266860961914
14.4,13.664920806884766
12.7,13.673064231872559
15.1,15.019287109375
15.3,15.025886535644531
11.6,13.273338317871094
14.6,14.663695335388184
12.0,13.675630569458008
12.9,15.133237838745117
14.6,14.685585021972656
13.4,13.900591850280762
13.3,13.953155517578125
14.8,14.98323917388916
11.4,12.38180923461914
12.0,13.696319580078125
12.7,13.531085968017578
15.9,15.030665397644043
16.8,15.391971588134766
13.8,14.459015846252441
13.3,13.919272422790527
15.1,14.561559677124023
15.6,15.139924049377441
15.0,15.01285457611084
14.8,14.449982643127441
10.0,13.219398498535156
15.8,15.130598068237305
14.5,14.164557456970215
14.5,15.082375526428223
15.9,14.560811996459961
15.8,15.089780807495117
14.8,13.644340515136719
15.1,14.882556915283203
13.8,14.313970565795898
12.0,13.972186088562012
15.9,14.933039665222168
14.7,14.67260456085205
16.4,15.840753555297852
15.1,14.823901176452637
15.8,15.034213066101074
15.0,15.258143424987793
14.1,14.609911918640137
17.1,15.773193359375
13.3,14.577956199645996
14.0,14.51579475402832
17.8,15.950718879699707
19.0,15.700197219848633
15.1,14.772074699401855
13.7,14.149455070495605
19.2,16.204208374023438
12.6,14.001029968261719
16.0,15.07857608795166
14.7,14.766654014587402
13.3,13.23080825805664
11.3,13.115154266357422
14.7,14.69033145904541
10.8,13.762121200561523
18.9,16.349884033203125
15.9,14.948793411254883
13.3,13.95836353302002
13.2,13.965217590332031
14.5,14.850215911865234
10.4,13.109723091125488
15.2,15.171894073486328
14.9,14.806953430175781
18.3,15.201709747314453
12.9,13.662934303283691
9.1,13.707588195800781
13.1,15.14673900604248
15.5,14.903031349182129
15.4,14.9203519821167
15.7,15.076881408691406
15.4,14.605914115905762
14.2,14.313720703125
17.0,15.375309944152832
12.4,13.732093811035156
12.7,13.936988830566406
13.2,13.783844947814941
17.7,16.220949172973633
14.0,14.508400917053223
12.1,12.694533348083496
16.5,15.581459999084473
15.7,15.124202728271484
14.7,15.241238594055176
14.3,14.344953536987305
14.9,14.731106758117676
15.0,14.803895950317383
13.7,14.230978965759277
13.6,14.811450004577637
15.0,15.104698181152344
15.1,15.026040077209473
14.4,14.531106948852539
14.2,14.628564834594727
16.2,15.379899024963379
15.9,16.012453079223633
13.2,13.625405311584473
14.2,14.457550048828125
12.8,14.410932540893555
13.4,13.868215560913086
15.1,14.686688423156738
10.2,13.315823554992676
12.5,13.593381881713867
15.1,14.185783386230469
15.3,14.764307975769043
13.3,13.171501159667969
13.3,13.933581352233887
10.9,13.307245254516602
15.0,14.639999389648438
14.5,14.314245223999023
12.5,14.8091459274292
18.3,14.766447067260742
13.8,14.00875186920166
14.1,14.350746154785156
18.9,16.612390518188477
12.7,14.010316848754883
16.0,15.071439743041992
8.3,11.813433647155762
13.7,14.149164199829102
12.6,14.365675926208496
11.0,13.687610626220703
12.2,13.576513290405273
16.5,16.186683654785156
12.6,13.749403953552246
12.5,13.877405166625977
15.7,15.26446533203125
13.6,14.006943702697754
12.1,13.85700511932373
13.6,14.35908317565918
14.9,14.677209854125977
12.7,14.019158363342285
15.4,14.681469917297363
14.3,14.554041862487793
13.9,14.610199928283691
19.8,16.822555541992188
15.5,14.641716003417969
15.0,14.65236759185791
14.1,14.423783302307129
19.6,16.885379791259766
12.9,13.65168571472168
13.3,14.319636344909668
17.4,16.047441482543945
16.3,15.740221977233887
12.6,13.945292472839355
16.2,16.114669799804688
13.9,15.162609100341797
13.0,14.230596542358398
16.6,14.82374382019043
15.3,14.398077964782715
15.7,14.804972648620605
15.2,14.766562461853027
8.5,13.447220802307129
13.7,14.547496795654297
13.9,14.437188148498535
15.1,14.569265365600586
18.1,16.140275955200195
16.5,15.202967643737793
18.8,16.13734245300293
16.9,15.958723068237305
12.1,14.614285469055176
16.4,14.381473541259766
17.1,16.46577262878418
15.8,15.48660659790039
15.3,15.035860061645508
13.6,14.468962669372559
14.8,15.053614616394043
11.8,12.978553771972656
18.9,16.343629837036133
15.9,15.957666397094727
9.5,12.008788108825684
14.0,14.666380882263184
15.2,14.771232604980469
13.0,13.937761306762695
18.1,16.026256561279297
12.1,12.856840133666992
16.4,16.051362991333008
12.3,14.472417831420898
19.6,16.88875389099121
16.7,15.14621353149414
15.4,15.009355545043945
15.1,15.068857192993164
14.8,14.413558006286621
15.4,15.091773986816406
17.1,16.454668045043945
13.5,14.369072914123535
15.0,15.038928031921387
16.1,15.56521224975586
12.3,13.794650077819824
16.3,15.574941635131836
17.2,14.901484489440918
14.9,14.982454299926758
12.1,13.52951431274414
18.0,16.247325897216797
11.4,13.190223693847656
15.6,15.127789497375488
15.2,14.796645164489746
18.1,16.576053619384766
14.1,14.459460258483887
16.5,15.80940055847168
18.2,16.474876403808594
18.2,15.641923904418945
16.4,15.80773639678955
14.9,15.306777000427246
17.9,16.29403305053711
17.8,16.226099014282227
15.4,15.646073341369629
12.9,14.438111305236816
12.7,13.853547096252441
13.9,13.994121551513672
16.3,15.109289169311523
19.8,16.356298446655273
16.0,14.551369667053223
17.3,15.954730033874512
19.7,16.980051040649414
14.2,14.818845748901367
14.9,15.253849983215332
18.8,16.395597457885742
15.1,15.457779884338379
16.6,15.160205841064453
13.9,14.487360000610352
17.3,16.62447738647461
13.9,14.163442611694336
14.5,15.418336868286133
17.3,16.31407928466797
15.6,15.402594566345215
15.9,15.331521987915039
14.0,13.648791313171387
17.1,16.534404754638672
16.2,15.201947212219238
13.9,14.293559074401855
14.9,14.96366024017334
12.7,13.945178031921387
15.5,14.750118255615234
14.6,14.73620891571045
15.4,15.086212158203125
14.6,14.614216804504395
15.0,14.461653709411621
17.3,15.26839828491211
12.3,14.557066917419434
13.5,14.602368354797363
15.4,14.92160701751709
19.5,16.540369033813477
13.5,14.710752487182617
15.1,14.80506706237793
16.2,15.559835433959961
17.7,16.188268661499023
10.0,12.775675773620605
15.9,15.834656715393066
15.4,15.006447792053223
13.6,13.987345695495605
11.0,13.206280708312988
13.6,14.195813179016113
7.8,13.84970760345459
15.7,14.701016426086426
12.4,14.311635971069336
10.7,13.34511947631836
17.8,16.242755889892578
19.9,15.590682029724121
8.6,12.885498046875
12.7,13.87144947052002
17.1,15.113870620727539
16.3,15.211551666259766
16.9,15.866267204284668
13.1,13.850366592407227
12.8,14.399786949157715
12.7,16.016862869262695
10.2,12.808860778808594
16.1,15.548392295837402
13.0,13.108250617980957
18.1,16.537281036376953
14.9,14.790046691894531
10.3,12.927972793579102
15.6,15.897981643676758
19.5,16.942638397216797
19.9,16.898487091064453
16.7,14.955865859985352
14.8,14.637382507324219
14.7,14.871114730834961
17.1,15.539887428283691
14.1,14.198824882507324
13.6,14.06343936920166
19.7,16.773571014404297
13.6,14.138226509094238
13.9,14.56263256072998
8.8,14.111639976501465
18.7,16.22730255126953
14.8,14.585348129272461
12.6,14.35448932647705
17.7,16.251880645751953
14.1,14.625432968139648
12.8,14.06039810180664
11.6,13.067865371704102
13.5,14.534395217895508
14.9,14.769364356994629
12.9,14.464998245239258
14.1,14.347407341003418
16.0,15.098076820373535
13.8,14.35244083404541
13.5,14.108723640441895
14.3,14.159489631652832
13.1,13.884721755981445
18.8,15.208269119262695
14.8,15.449316024780273
13.9,14.216998100280762
15.3,14.60019302368164
11.8,13.538752555847168
13.1,13.886726379394531
15.7,15.938591003417969
16.3,14.934927940368652
12.0,13.697904586791992
17.2,15.541175842285156
13.4,14.002954483032227
15.1,14.897518157958984
15.9,14.992305755615234
9.5,13.487255096435547
16.7,15.03325366973877
15.8,14.434972763061523
13.4,14.239534378051758
15.8,15.192255020141602
17.9,16.46359634399414
14.8,14.42070484161377
15.2,14.984909057617188
12.6,13.87289810180664
15.5,14.912997245788574
10.9,13.30889892578125
12.9,13.970464706420898
14.6,14.281232833862305
13.2,14.422215461730957
15.7,15.542040824890137
14.5,14.524985313415527
10.1,13.754823684692383
7.9,12.410562515258789
11.6,13.372267723083496
13.5,14.224803924560547
14.7,14.614182472229004
12.3,13.532207489013672
13.6,14.286561965942383
13.9,14.356276512145996
11.4,13.478598594665527
17.7,15.54465389251709
12.2,13.485757827758789
14.0,14.39942455291748
11.7,13.673930168151855
11.3,13.423785209655762
12.4,14.143206596374512
17.6,15.78518295288086
19.9,16.514848709106445
15.1,15.071319580078125
14.6,14.840374946594238
10.7,13.64077377319336
15.3,15.089532852172852
11.7,13.634954452514648
14.1,14.226431846618652
9.1,12.82132625579834
18.0,16.087718963623047
11.1,13.346383094787598
13.2,13.775793075561523
14.8,14.896900177001953
13.7,15.694646835327148
12.5,13.549367904663086
14.4,14.723350524902344
14.8,14.70015811920166
13.4,14.341636657714844
14.5,15.307687759399414
14.8,14.749135971069336
10.8,13.481170654296875
18.2,15.258001327514648
15.1,15.049921989440918
11.9,13.73134994506836
12.8,14.31309986114502
8.7,13.414112091064453
14.7,14.782773971557617
14.7,14.763431549072266
15.6,15.00391960144043
15.7,15.210233688354492
15.1,14.870386123657227
11.6,13.50456428527832
12.4,13.535760879516602
14.9,14.85823917388916
10.7,13.363143920898438
13.5,13.89967155456543
13.4,14.296577453613281
14.1,14.31253719329834
14.0,14.325337409973145
14.1,14.904136657714844
14.3,14.233262062072754
14.4,15.134452819824219
14.2,14.393351554870605
14.0,14.727807998657227
11.9,13.516874313354492
12.5,13.784738540649414
10.8,13.616900444030762
12.4,14.176922798156738
18.3,16.507190704345703
16.9,15.015467643737793
19.7,16.83098030090332
15.3,15.085976600646973
10.4,13.036609649658203
11.6,13.995299339294434
15.9,15.413244247436523
19.5,16.587722778320312
19.1,16.507896423339844
12.9,13.998661994934082
10.7,12.963234901428223
14.0,14.454249382019043
10.2,13.171565055847168
9.5,13.297104835510254
14.4,14.302218437194824
17.2,15.06734561920166
18.6,16.38970375061035
15.2,15.12987232208252
15.5,14.642269134521484
14.3,14.28080940246582
19.9,16.582368850708008
12.7,14.243963241577148
12.1,13.860353469848633
14.4,14.232294082641602
14.2,14.574458122253418
14.9,14.639240264892578
14.5,14.863211631774902
19.9,16.800209045410156
18.6,17.000625610351562
13.8,14.272134780883789
14.5,14.502002716064453
7.1,15.727385520935059
17.9,16.562458038330078
12.5,13.531889915466309
15.6,15.045504570007324
18.5,16.467079162597656
15.2,14.926583290100098
11.6,13.751175880432129
13.5,14.810758590698242
15.3,14.963892936706543
17.5,16.482147216796875
13.7,13.821269035339355
13.5,14.56124496459961
19.7,16.12599754333496
8.6,13.037860870361328
9.8,13.160449981689453
14.6,14.510947227478027
14.7,14.605514526367188
15.0,14.851487159729004
15.2,14.437946319580078
14.5,15.309975624084473
14.6,14.812851905822754
10.1,13.344490051269531
15.6,15.150862693786621
14.6,15.123373031616211
14.8,15.54525089263916
14.0,14.30653190612793
16.9,15.941081047058105
13.9,14.347774505615234
13.5,13.789420127868652
14.7,14.350716590881348
11.4,12.685449600219727
17.6,15.671334266662598
14.4,14.56795597076416
17.1,16.33073616027832
19.1,15.695014953613281
19.3,16.278480529785156
14.9,15.026529312133789
15.7,15.126216888427734
14.2,14.297404289245605
14.5,14.672737121582031
18.1,16.313064575195312
14.5,14.720991134643555
18.2,16.637935638427734
15.9,15.866998672485352
15.7,14.941451072692871
16.3,14.660273551940918
13.0,13.250348091125488
14.1,13.2205171585083
17.3,16.21013832092285
15.6,15.173073768615723
15.2,14.971360206604004
15.2,14.692387580871582
15.2,15.009271621704102
13.3,13.894818305969238
14.5,14.911567687988281
11.3,13.928832054138184
15.8,14.78483772277832
13.1,14.415310859680176
13.9,14.206395149230957
18.6,16.538497924804688
14.3,14.434576034545898
13.4,14.326263427734375
15.4,14.992965698242188
15.6,15.606143951416016
16.7,16.061925888061523
15.1,15.253464698791504
14.7,14.379881858825684
14.9,14.967357635498047
14.9,14.486165046691895
14.8,15.379944801330566
10.1,13.454705238342285
17.2,16.049272537231445
15.9,15.853425979614258
9.5,12.836868286132812
11.2,13.287363052368164
14.1,14.514570236206055
15.5,14.960685729980469
19.7,16.72954559326172
13.7,14.03243350982666
18.0,16.48355484008789
14.7,15.10581111907959
16.0,15.60352897644043
19.1,16.68549346923828
12.9,14.047648429870605
18.2,16.681859970092773
15.5,15.142314910888672
11.3,12.755386352539062
16.1,15.975137710571289
16.6,15.087360382080078
17.3,16.40414810180664
15.6,15.254247665405273
15.3,15.21609115600586
11.8,13.666215896606445
17.4,15.57746696472168
16.4,15.45161247253418
14.4,14.34460735321045
18.6,16.65930938720703
19.5,16.934598922729492
15.0,14.549159049987793
10.0,13.509270668029785
15.6,14.60225772857666
16.2,14.600898742675781
13.6,13.130759239196777
18.3,16.22309112548828
17.7,15.643359184265137
16.3,15.634769439697266
17.0,16.169593811035156
13.9,13.928740501403809
13.0,13.943836212158203
13.8,14.056188583374023
13.6,14.553003311157227
14.9,14.865983963012695
16.0,15.251799583435059
13.3,14.228170394897461
16.9,15.691269874572754
13.0,14.03274154663086
15.1,14.746376991271973
13.7,13.985730171203613
14.4,14.417506217956543
14.1,15.186973571777344
15.4,14.683188438415527
14.8,14.381397247314453
11.9,13.804768562316895
18.4,16.37079620361328
12.1,13.732980728149414
11.5,13.79737377166748
13.2,14.841696739196777
15.4,14.923876762390137
14.8,14.88689136505127
13.5,13.999161720275879
14.1,14.567272186279297
13.7,14.226057052612305
18.9,16.60179901123047
14.9,14.898188591003418
14.4,14.5851411819458
14.6,15.004755973815918
11.5,13.61764907836914
15.0,14.70416259765625
11.5,13.70053768157959
14.5,14.427847862243652
19.6,16.79714012145996
14.1,14.726924896240234
15.0,15.007631301879883
14.1,13.890953063964844
15.8,14.973336219787598
18.8,16.498668670654297
15.2,13.81272029876709
18.2,15.97592544555664
14.6,14.9558744430542
13.4,14.144891738891602
13.9,14.267364501953125
14.2,14.791430473327637
12.1,14.201108932495117
11.3,13.86292839050293
15.3,15.139755249023438
14.6,15.238115310668945
13.8,14.100406646728516
10.8,13.339408874511719
15.0,14.609704971313477
14.5,15.091570854187012
16.7,16.22690773010254
17.6,16.331287384033203
10.1,13.476136207580566
15.0,14.76679801940918
17.2,15.752528190612793
15.8,14.90494441986084
15.6,15.050201416015625
14.0,14.498274803161621
16.1,15.363466262817383
14.5,14.693541526794434
15.3,14.630145072937012
16.5,16.575130462646484
13.7,14.26302719116211
14.9,14.242502212524414
15.7,14.843049049377441
14.9,14.942720413208008
18.3,15.975851058959961
14.7,14.711400985717773
12.2,13.522390365600586
15.2,15.118370056152344
14.3,14.671945571899414
14.6,14.80612850189209
14.3,14.310898780822754
17.8,16.426769256591797
18.9,16.471256256103516
15.3,14.878634452819824
14.6,14.671284675598145
13.7,14.352435111999512
18.4,16.93204116821289
13.9,14.346344947814941
12.3,13.6510009765625
14.4,14.851727485656738
14.1,14.130500793457031
14.8,14.632277488708496
17.0,15.819890975952148
16.4,15.01548957824707
15.5,14.861124992370605
18.9,16.90257453918457
14.9,14.995277404785156
11.9,13.659151077270508
13.6,13.928741455078125
15.0,14.794363021850586
17.3,15.640481948852539
17.3,15.738105773925781
14.9,14.692092895507812
16.0,15.025886535644531
18.5,15.924640655517578
14.9,14.250081062316895
17.7,16.34196662902832
13.9,14.510043144226074
18.1,16.791278839111328
14.7,14.835610389709473
13.7,14.231436729431152
15.7,14.98437786102295
17.2,16.116044998168945
10.4,13.1172456741333
12.0,13.580166816711426
17.5,16.75008773803711
18.6,16.762144088745117
12.7,13.730932235717773
15.0,15.564682960510254
14.4,14.476119041442871
15.5,14.79945182800293
17.7,15.813366889953613
17.2,15.792426109313965
14.9,14.869394302368164
9.7,15.149371147155762
15.5,15.447510719299316
17.5,16.38303565979004
19.2,16.47633171081543
15.5,15.00351333618164
18.3,16.173009872436523
12.8,14.047720909118652
19.6,16.291086196899414
16.7,15.572490692138672
13.9,14.41913890838623
11.9,13.529396057128906
15.3,14.134949684143066
13.4,14.72020435333252
14.8,14.771312713623047
15.6,15.121269226074219
5.5,12.235563278198242
13.9,14.629117012023926
15.2,15.274144172668457
16.2,14.96133804321289
15.3,14.849783897399902
12.0,13.742921829223633
14.5,14.165255546569824
18.5,16.5999813079834
14.3,14.46898365020752
18.7,16.580076217651367
19.4,16.910425186157227
10.0,12.671560287475586
13.9,14.718951225280762
12.8,15.162489891052246
15.3,14.73198127746582
14.6,14.496954917907715
15.3,14.92435359954834
11.1,14.489855766296387
12.2,13.783740997314453
15.2,15.154977798461914
14.1,14.313783645629883
16.3,15.918685913085938
13.3,13.914900779724121
15.8,15.06013011932373
19.1,16.636428833007812
11.8,13.845364570617676
16.5,15.28947925567627
12.7,14.15680980682373
18.1,16.27474594116211
16.7,15.619832992553711
17.1,15.116302490234375
16.9,15.159196853637695
19.0,14.623163223266602
19.1,16.631940841674805
14.0,14.719473838806152
14.0,14.906293869018555
18.1,16.79387092590332
14.6,14.942407608032227
18.4,16.56218719482422
16.9,16.62904167175293
14.2,14.808741569519043
15.6,15.104877471923828
12.1,15.174891471862793
15.5,14.898879051208496
15.7,14.784528732299805
14.4,14.463425636291504
13.5,14.32701587677002
14.6,14.759326934814453
14.7,14.835197448730469
10.5,13.727482795715332
18.6,15.943681716918945
14.0,14.613490104675293
16.3,15.201176643371582
19.4,15.45293140411377
18.9,14.668030738830566
8.4,15.109405517578125
15.0,14.82844352722168
14.3,14.785185813903809
13.5,14.466849327087402
15.4,14.797587394714355
14.8,14.837715148925781
15.6,15.221202850341797
13.1,14.06629467010498
13.0,13.98071575164795
13.8,14.523516654968262
14.5,14.57410717010498
14.8,14.646535873413086
13.5,14.479090690612793
16.6,15.483258247375488
13.5,14.071038246154785
15.3,15.006072998046875
14.3,13.552701950073242
14.9,14.747444152832031
15.5,15.09290885925293
15.9,14.600646018981934
14.5,14.462181091308594
15.6,15.181598663330078
15.3,14.9724702835083
16.0,15.215667724609375
13.5,14.135133743286133
16.4,15.335071563720703
14.3,14.809793472290039
18.6,16.42140769958496
15.6,15.060702323913574
14.5,14.751080513000488
13.8,14.574193000793457
14.5,14.919543266296387
15.0,14.744627952575684
14.2,14.621262550354004
15.6,14.962688446044922
14.9,14.858760833740234
6.8,12.397821426391602
12.6,13.942160606384277
10.7,14.286131858825684
12.9,14.358566284179688
15.1,14.848458290100098
11.7,13.534764289855957
11.1,13.09025764465332
16.2,15.07238483428955
14.7,14.994768142700195
15.5,14.814886093139648
15.6,14.905143737792969
16.0,15.631866455078125
15.6,14.875014305114746
15.2,14.80036449432373
13.9,14.70068359375
14.1,14.477083206176758
16.8,15.153254508972168
13.8,13.722901344299316
16.0,15.107253074645996
18.2,15.794663429260254
15.2,14.465174674987793
14.5,14.702920913696289
14.7,14.608620643615723
14.8,14.747312545776367
17.1,15.432435989379883
13.4,14.315686225891113
11.7,13.236228942871094
11.9,14.081177711486816
14.6,14.8197021484375
16.7,15.002535820007324
16.5,15.56424331665039
14.3,14.548190116882324
16.2,15.368916511535645
15.8,15.051640510559082
16.1,15.667808532714844
15.3,14.80722713470459
15.0,15.42063045501709
15.8,15.314723014831543
14.2,14.39879035949707
15.9,15.263545989990234
13.6,14.187666893005371
12.2,13.706561088562012
14.7,14.697364807128906
13.3,13.769319534301758
15.0,14.91311264038086
16.2,16.19471549987793
12.8,14.430940628051758
14.2,14.502273559570312
14.2,14.9512357711792
15.2,14.800545692443848
11.8,13.965432167053223
15.4,14.924707412719727
17.1,16.049476623535156
12.5,14.175644874572754
15.0,14.871952056884766
14.2,14.420756340026855
16.4,15.733290672302246
15.5,14.741945266723633
16.8,15.56975269317627
14.8,14.87941837310791
14.2,14.33840274810791
13.3,14.418148040771484
14.6,14.698899269104004
16.1,15.35979175567627
14.4,14.726531028747559
12.0,13.446431159973145
16.6,15.746042251586914
14.9,14.87098217010498
12.9,14.026361465454102
14.5,14.781782150268555
17.1,15.871106147766113
16.0,15.512237548828125
12.3,13.844900131225586
12.6,14.372726440429688
12.2,13.675299644470215
15.5,14.88464069366455
14.3,14.467060089111328
15.8,14.991609573364258
15.4,14.870680809020996
15.1,14.778680801391602
15.5,15.020124435424805
14.7,14.510638236999512
14.2,14.61496353149414
19.5,15.6029634475708
16.5,15.126628875732422
16.4,15.63763427734375
16.2,15.162932395935059
16.1,14.929766654968262
17.2,16.065065383911133
15.2,14.967432975769043
9.7,13.151062965393066
15.0,14.768460273742676
14.3,14.621232032775879
14.7,14.33334732055664
15.2,14.964943885803223
14.9,14.702853202819824
14.0,14.373162269592285
16.6,15.866412162780762
10.3,13.250450134277344
15.1,14.543025016784668
14.5,14.76814079284668
19.5,16.817975997924805
15.8,15.502843856811523
9.5,13.846713066101074
12.3,14.564359664916992
18.7,16.59453582763672
13.6,14.458362579345703
14.8,14.426554679870605
14.7,15.174232482910156
13.1,13.955209732055664
12.5,13.929564476013184
18.2,15.280387878417969
17.6,16.075319290161133
15.9,15.083236694335938
13.8,14.530693054199219
14.1,14.377185821533203
14.7,14.816768646240234
12.5,14.32636833190918
12.3,14.101377487182617
13.5,13.941667556762695
15.2,14.829967498779297
15.9,15.74186897277832
14.2,14.538586616516113
15.0,14.734943389892578
14.5,14.586960792541504
14.7,14.744050979614258
14.4,14.563263893127441
14.1,15.354080200195312
14.7,14.757882118225098
15.8,15.651972770690918
14.7,14.834675788879395
11.6,13.253923416137695
11.7,13.466409683227539
15.0,15.10694408416748
15.9,15.048008918762207
12.1,14.089582443237305
14.7,14.602551460266113
15.0,14.786205291748047
14.5,14.960780143737793
15.6,15.028266906738281
16.0,15.106953620910645
14.5,14.516631126403809
15.1,14.90297794342041
14.2,14.257659912109375
14.6,14.34243392944336
14.1,14.7506742477417
15.7,15.11410903930664
12.5,13.33330249786377
15.2,14.808998107910156
15.5,14.984292984008789
12.7,13.664495468139648
14.6,14.642738342285156
14.6,14.74491024017334
14.1,14.347411155700684
15.6,14.889228820800781
17.3,16.405517578125
15.2,14.917232513427734
14.0,14.566685676574707
14.5,14.423577308654785
14.2,14.848738670349121
11.7,13.751784324645996
13.5,14.859335899353027
13.6,13.524651527404785
15.8,15.128636360168457
14.5,14.316017150878906
15.2,14.973987579345703
15.9,14.82840347290039
8.0,14.063129425048828
14.8,15.113460540771484
12.4,14.234862327575684
16.2,15.476587295532227
12.9,14.047680854797363
13.5,14.39653205871582
13.9,14.540447235107422
13.2,14.069538116455078
14.9,15.048624992370605
15.5,15.142809867858887
13.3,14.528858184814453
9.7,14.093048095703125
16.5,15.503264427185059
13.3,14.778668403625488
15.5,15.055572509765625
15.9,14.924903869628906
15.9,15.418573379516602
14.0,14.533746719360352
15.3,14.607538223266602
13.7,14.851285934448242
15.3,14.775972366333008
15.7,15.082574844360352
16.0,15.235190391540527
14.9,14.673006057739258
12.8,14.291961669921875
13.9,14.67873477935791
15.0,14.547147750854492
15.2,14.819640159606934
16.8,15.737701416015625
12.2,11.596111297607422
15.1,14.77485466003418
12.3,13.34975528717041
17.6,16.15484619140625
17.8,16.346778869628906
15.4,14.98497200012207
14.9,14.729897499084473
19.9,16.61353302001953
15.4,14.998758316040039
13.7,14.237528800964355
18.6,16.74953842163086
15.1,14.748759269714355
15.6,14.61698055267334
14.6,14.60444164276123
14.3,14.195650100708008
19.0,16.699312210083008
16.5,15.264278411865234
15.4,14.226924896240234
15.2,14.98744010925293
16.0,15.060497283935547
15.4,14.7448148727417
16.8,15.734820365905762
18.5,16.113319396972656
13.6,14.989724159240723
15.9,15.316888809204102
14.2,14.962559700012207
14.3,15.050572395324707
14.8,14.645630836486816
13.9,14.266741752624512
15.7,15.332058906555176
15.2,14.973489761352539
15.8,14.843626022338867
15.9,15.477058410644531
15.5,14.896506309509277
16.2,15.384590148925781
10.0,13.931913375854492
13.0,13.628518104553223
12.4,14.165168762207031
15.3,14.70500659942627
12.3,13.629833221435547
11.4,13.592357635498047
14.1,13.908097267150879
11.2,13.401843070983887
14.6,13.952317237854004
18.8,16.551570892333984
18.5,15.95468807220459
17.2,16.34799575805664
17.2,15.110724449157715
18.6,16.586090087890625
19.9,16.39081573486328
15.3,14.889419555664062
14.2,14.503098487854004
19.1,16.506980895996094
15.4,14.968786239624023
11.2,13.002036094665527
16.4,15.438329696655273
12.2,13.550731658935547
19.0,16.40359115600586
12.7,14.159478187561035
16.3,15.499755859375
15.7,16.253662109375
12.8,13.496713638305664
14.2,14.343975067138672
14.5,15.216782569885254
12.8,14.007118225097656
13.0,14.320362091064453
16.2,16.31035614013672
17.9,15.858652114868164
14.8,14.820572853088379
14.3,14.849796295166016
13.7,13.632460594177246
17.4,15.88772201538086
14.6,14.933432579040527
17.9,16.015485763549805
13.9,14.06922721862793
16.8,16.208145141601562
14.7,15.047386169433594
12.7,13.61928653717041
13.9,14.302216529846191
13.0,13.903446197509766
19.9,16.930002212524414
16.9,16.019058227539062
15.4,14.93973159790039
15.0,14.931096076965332
12.9,14.167746543884277
11.2,14.089099884033203
15.3,15.121477127075195
14.8,14.773977279663086
11.6,13.81952953338623
17.2,15.945764541625977
14.9,14.897807121276855
14.1,14.628373146057129
15.1,14.765544891357422
15.3,15.216900825500488
16.8,15.544182777404785
17.7,16.62596321105957
12.7,14.149517059326172
18.2,16.31719207763672
11.9,15.25853443145752
11.9,14.400156021118164
12.7,13.309160232543945
11.1,14.494329452514648
14.7,14.879864692687988
18.2,16.4493408203125
14.9,15.191515922546387
15.9,16.286149978637695
16.3,16.14857292175293
11.6,13.32109260559082
17.1,15.896631240844727
13.2,13.401375770568848
12.9,14.471586227416992
18.5,16.729604721069336
17.4,16.05773162841797
18.1,16.7117919921875
15.1,15.257232666015625
15.5,15.920424461364746
11.9,13.395824432373047
13.0,14.043350219726562
12.8,14.19871997833252
13.8,14.257699012756348
16.5,16.172643661499023
12.3,13.865177154541016
13.4,14.66379165649414
13.4,14.479182243347168
15.0,14.5855073928833
11.7,13.916749000549316
13.1,13.869924545288086
9.1,12.637496948242188
15.1,15.244068145751953
13.7,14.824960708618164
13.2,14.138389587402344
16.6,15.794730186462402
13.3,14.281792640686035
10.3,13.328462600708008
17.8,16.68967056274414
13.3,14.014143943786621
15.9,15.520599365234375
9.4,12.817852020263672
13.4,14.30610466003418
15.6,14.989007949829102
9.4,12.724522590637207
14.8,14.72516918182373
13.2,13.531831741333008
13.7,14.451669692993164
7.0,10.953981399536133
9.0,12.403581619262695
12.9,13.866405487060547
6.6,13.164802551269531
11.0,13.13197135925293
16.8,15.773355484008789
5.5,11.3655366897583
13.5,14.059725761413574
10.1,13.73729419708252
10.4,13.069283485412598
16.5,15.662385940551758
12.5,13.939947128295898
11.3,13.15271282196045
17.5,15.823283195495605
16.1,15.623886108398438
17.6,16.10869789123535
15.5,14.884842872619629
10.9,13.779303550720215
17.8,16.063129425048828
13.3,13.703866004943848
12.0,14.51214599609375
17.2,16.216262817382812
17.3,16.26320457458496
12.2,13.809492111206055
13.0,14.016611099243164
13.0,14.425121307373047
19.2,16.749210357666016
12.3,14.48908519744873
15.6,14.825237274169922
14.1,14.426365852355957
14.1,14.754627227783203
19.0,14.96617317199707
13.5,14.26406478881836
15.4,15.092890739440918
14.5,14.628134727478027
13.5,14.551623344421387
15.3,14.986845016479492
14.4,14.376626968383789
16.8,15.720521926879883
15.1,14.843666076660156
11.4,12.911773681640625
15.2,14.49072265625
19.1,16.495450973510742
15.7,15.16842269897461
12.4,13.657159805297852
19.0,16.322858810424805
18.3,16.247173309326172
13.3,13.9332914352417
11.3,13.985709190368652
14.5,14.444256782531738
14.7,14.813189506530762
14.8,14.723030090332031
14.3,14.384029388427734
17.2,16.36513328552246
15.0,14.718055725097656
10.7,12.96634292602539
7.8,12.455617904663086
7.7,12.020757675170898
16.1,15.487505912780762
16.0,15.643274307250977
18.5,16.542444229125977
18.8,16.561342239379883
14.6,15.374275207519531
13.4,14.161725997924805
15.4,15.092341423034668
14.0,14.670412063598633
15.0,14.657915115356445
19.9,15.570295333862305
11.3,12.957683563232422
17.3,16.20906639099121
15.1,14.760415077209473
16.2,15.036535263061523
16.5,15.807510375976562
13.2,14.218009948730469
19.5,16.438640594482422
18.9,15.448517799377441
15.3,14.843017578125
15.6,15.08420181274414
10.8,13.083394050598145
13.4,14.299651145935059
12.3,13.673501014709473
14.3,14.39128303527832
12.3,13.55176067352295
12.1,14.106575012207031
15.3,14.883612632751465
16.1,16.125415802001953
14.4,14.530986785888672
15.3,14.797286033630371
12.8,13.96890640258789
18.9,16.559534072875977
10.9,12.489094734191895
17.4,14.692803382873535
13.1,13.760294914245605
11.9,14.066304206848145
14.9,15.03283405303955
10.5,14.122841835021973
14.1,14.82367992401123
9.1,13.265024185180664
18.9,16.366069793701172
11.2,12.461871147155762
11.1,14.168880462646484
11.9,13.305957794189453
18.1,16.44837188720703
17.1,15.67578411102295
17.6,16.188987731933594
17.2,15.938496589660645
15.1,14.90164566040039
10.6,12.231424331665039
15.1,14.766451835632324
15.5,15.179628372192383
16.4,15.813944816589355
11.1,12.998480796813965
19.6,16.404254913330078
13.7,14.787152290344238
14.0,14.677631378173828
11.9,13.234407424926758
17.4,15.634482383728027
16.2,15.212509155273438
14.4,14.731433868408203
14.8,14.909096717834473
18.4,16.66131591796875
14.6,14.759491920471191
17.0,15.863249778747559
10.2,12.582992553710938
16.4,15.120223999023438
15.3,15.120732307434082
15.1,14.879741668701172
15.2,14.967019081115723
11.7,13.845455169677734
11.4,13.373610496520996
15.2,15.079424858093262
12.8,13.822342872619629
14.1,14.430909156799316
16.2,16.167333602905273
15.0,15.20329761505127
11.2,12.775420188903809
17.4,15.013693809509277
15.4,14.597837448120117
15.1,15.162862777709961
14.9,15.025886535644531
18.1,16.38896942138672
12.1,13.355061531066895
13.0,14.100164413452148
11.8,13.837060928344727
18.3,15.57628059387207
15.5,15.034444808959961
14.4,14.686468124389648
15.7,15.729881286621094
14.3,14.456734657287598
16.2,15.18688678741455
13.7,13.784544944763184
18.7,16.425352096557617
14.8,14.782593727111816
14.3,14.91455364227295
13.9,14.342029571533203
14.9,14.475305557250977
14.3,14.559333801269531
11.4,12.758644104003906
11.8,13.662546157836914
16.2,15.742045402526855
13.4,14.065201759338379
14.7,14.599138259887695
11.0,13.684649467468262
13.0,14.328904151916504
12.3,13.869243621826172
17.7,16.059694290161133
16.2,15.602768898010254
13.6,14.639309883117676
11.5,13.246025085449219
9.1,12.037135124206543
18.4,16.02840805053711
16.0,15.480527877807617
17.1,15.465584754943848
15.4,14.793596267700195
12.8,14.479321479797363
16.8,14.798215866088867
10.3,12.856801986694336
17.2,15.289551734924316
12.9,14.109227180480957
12.1,13.427335739135742
13.9,14.700413703918457
15.3,15.144680976867676
16.2,14.731485366821289
15.3,15.323105812072754
13.9,15.0708646774292
14.5,15.134745597839355
15.1,14.782255172729492
12.9,14.197495460510254
13.9,14.678691864013672
16.0,15.205719947814941
15.6,15.220733642578125
13.3,15.206034660339355
15.7,14.925980567932129
16.5,14.514898300170898
16.3,15.569246292114258
12.6,13.806863784790039
18.6,16.524065017700195
17.2,15.900650024414062
14.7,14.354095458984375
11.5,13.653282165527344
13.2,13.738418579101562
8.8,12.143060684204102
12.5,13.627937316894531
12.6,13.932323455810547
16.3,15.433894157409668
9.3,13.202478408813477
11.4,13.831968307495117
15.7,14.831602096557617
18.4,15.46826457977295
16.1,15.691704750061035
14.5,14.776408195495605
10.3,12.852039337158203
18.2,15.97619915008545
12.4,13.932823181152344
11.9,13.307982444763184
19.2,16.737234115600586
13.9,14.364931106567383
13.8,14.349445343017578
12.5,14.360610008239746
12.1,13.725777626037598
16.1,16.034236907958984
13.1,13.706082344055176
16.3,15.775394439697266
18.2,16.503543853759766
16.8,15.7672700881958
16.0,15.190982818603516
14.8,14.826780319213867
15.3,14.757818222045898
15.2,15.063196182250977
18.3,16.430784225463867
18.5,16.301088333129883
18.9,16.773723602294922
15.6,14.86445140838623
16.8,15.90420913696289
7.4,11.290721893310547
14.3,14.416828155517578
14.4,14.58353328704834
10.1,12.745016098022461
17.1,16.091188430786133
17.2,15.565003395080566
18.2,16.532655715942383
14.7,14.931267738342285
15.2,15.354726791381836
16.6,15.03756332397461
15.2,15.38817024230957
18.2,16.28163719177246
12.6,13.774199485778809
17.7,16.12847900390625
19.1,16.63107681274414
19.0,16.603052139282227
13.8,14.710383415222168
13.9,14.771985054016113
13.8,14.388615608215332
17.0,15.94976806640625
17.4,16.179712295532227
15.8,14.560565948486328
19.4,16.60641860961914
14.8,14.387907981872559
18.8,16.598411560058594
12.2,13.355659484863281
13.7,14.665017127990723
14.6,14.208534240722656
15.3,15.116365432739258
14.8,14.760087013244629
15.4,15.62279987335205
11.4,13.761015892028809
13.7,14.325482368469238
13.6,14.805535316467285
18.8,16.264232635498047
14.1,14.464240074157715
15.8,15.741851806640625
15.4,15.176246643066406
15.8,15.511533737182617
9.7,13.011938095092773
11.4,13.397188186645508
13.5,14.015636444091797
13.7,14.225356101989746
13.3,13.836956024169922
14.1,14.944440841674805
18.1,15.910836219787598
19.4,16.965280532836914
15.9,15.575614929199219
15.7,15.513688087463379
15.0,15.427491188049316
15.2,14.656421661376953
15.5,14.97011661529541
15.1,14.718757629394531
15.4,15.044243812561035
13.2,14.506773948669434
14.5,14.733248710632324
15.6,15.717329025268555
18.7,15.933955192565918
13.5,14.65900707244873
15.6,14.814090728759766
14.6,14.714887619018555
15.3,15.552444458007812
19.9,16.753028869628906
11.1,13.5007905960083
19.4,16.214969635009766
15.1,14.875696182250977
15.3,14.879194259643555
14.4,15.221656799316406
15.9,15.118463516235352
18.5,15.88977336883545
13.6,14.070773124694824
19.9,16.922237396240234
15.1,14.995115280151367
10.5,12.587714195251465
17.2,15.997051239013672
16.5,15.336889266967773
15.3,15.344648361206055
17.4,16.256746292114258
11.9,14.680953979492188
14.2,14.009905815124512
13.0,14.178534507751465
17.5,16.365232467651367
9.9,12.267861366271973
15.7,15.330118179321289
15.4,15.064604759216309
16.9,15.801888465881348
17.8,16.406057357788086
12.8,13.759369850158691
13.5,14.331894874572754
15.5,15.085742950439453
13.9,13.958112716674805
19.2,16.515806198120117
9.7,14.071089744567871
14.5,14.449891090393066
15.9,15.28543472290039
12.9,13.708603858947754
15.2,15.227336883544922
11.8,12.737793922424316
14.7,14.249197006225586
13.2,13.77140998840332
16.0,14.913207054138184
9.9,13.234702110290527
15.5,14.975255966186523
12.1,14.593701362609863
13.7,14.833257675170898
15.6,14.955567359924316
15.5,15.117097854614258
15.7,15.123579025268555
19.9,16.991392135620117
16.0,15.264946937561035
9.0,12.761384963989258
17.2,16.365163803100586
17.0,15.96938419342041
17.8,15.75980281829834
18.7,16.76464080810547
14.6,14.503756523132324
16.1,15.279318809509277
14.7,14.88641357421875
16.0,15.342207908630371
14.4,14.401577949523926
13.1,13.942248344421387
16.2,15.420454978942871
14.3,14.45886516571045
12.2,13.52795696258545
16.0,14.738776206970215
19.9,16.819759368896484
13.1,13.93774700164795
15.8,15.094866752624512
12.3,14.04153060913086
15.8,15.430574417114258
14.6,14.621190071105957
11.7,13.695459365844727
16.6,15.502504348754883
15.3,14.823966026306152
15.3,16.111194610595703
17.3,16.42576026916504
17.0,15.913909912109375
8.0,11.048894882202148
14.8,14.225822448730469
15.5,15.391615867614746
18.5,15.963390350341797
12.1,13.417413711547852
15.6,15.160608291625977
12.7,14.221724510192871
17.2,15.931144714355469
19.5,16.903919219970703
18.2,15.744488716125488
16.0,15.302388191223145
16.2,14.665046691894531
14.7,14.956042289733887
14.7,15.633394241333008
17.1,16.096439361572266
13.1,14.436040878295898
12.0,11.620616912841797
17.6,16.617816925048828
9.5,13.0623140335083
15.2,15.544713020324707
19.5,15.838255882263184
13.2,14.805658340454102
16.1,15.164963722229004
12.5,13.685901641845703
11.8,13.975086212158203
13.7,14.498336791992188
15.0,14.860570907592773
14.7,14.690086364746094
16.1,15.323646545410156
15.4,15.548005104064941
14.7,14.438879013061523
9.0,12.279062271118164
12.5,13.549539566040039
14.5,14.611870765686035
15.8,14.982590675354004
12.4,13.81601619720459
15.4,14.985023498535156
14.6,14.677475929260254
13.2,14.557464599609375
14.0,14.282001495361328
14.7,14.731762886047363
15.2,15.693562507629395
14.1,13.984729766845703
14.4,14.666398048400879
15.5,15.230046272277832
13.2,13.950600624084473
15.0,14.541621208190918
15.1,14.857600212097168
16.4,15.441123008728027
14.8,14.956857681274414
13.3,14.27033519744873
14.3,14.595521926879883
11.4,14.105655670166016
15.5,14.825154304504395
15.1,14.859650611877441
15.3,15.29122543334961
14.6,14.556870460510254
12.8,13.54801082611084
19.3,16.98663330078125
19.8,16.96408462524414
13.3,14.902999877929688
19.8,16.88490104675293
14.6,14.685223579406738
15.1,14.82019329071045
13.7,13.89982795715332
14.8,14.631507873535156
15.6,15.004658699035645
15.6,14.824045181274414
18.8,16.19910430908203
15.4,14.871175765991211
13.8,14.3048677444458
12.8,13.536746978759766
14.5,14.55528736114502
14.2,14.651993751525879
18.0,16.52546501159668
14.2,15.007590293884277
15.2,14.844160079956055
15.2,15.150007247924805
14.5,15.364947319030762
12.4,14.154478073120117
14.2,14.615457534790039
13.3,14.332221031188965
17.1,16.476360321044922
15.7,15.091362953186035
16.1,15.495085716247559
15.6,14.972393989562988
16.6,15.645049095153809
16.3,15.609723091125488
11.6,12.83447551727295
19.2,15.860773086547852
16.3,15.618206024169922
13.3,14.241437911987305
16.0,15.540882110595703
14.9,14.033373832702637
15.9,15.212198257446289
12.5,13.471378326416016
16.9,15.906304359436035
15.3,15.705049514770508
12.7,13.91476058959961
15.2,14.816878318786621
11.0,13.66299819946289
15.5,15.066123962402344
14.0,14.343157768249512
14.7,14.10606575012207
12.3,13.832473754882812
15.5,14.978395462036133
19.5,16.720691680908203
7.3,11.734743118286133
12.4,13.679210662841797
18.8,15.056676864624023
16.5,15.368303298950195
15.1,15.189830780029297
17.2,15.974034309387207
12.4,13.844099044799805
15.2,14.804038047790527
13.4,14.39372730255127
17.4,16.013334274291992
16.4,15.55721378326416
17.8,16.473987579345703
13.1,14.030755043029785
14.9,14.756762504577637
17.0,16.170875549316406
19.0,16.312776565551758
16.4,15.489023208618164
13.7,14.325653076171875
15.9,15.406946182250977
13.8,14.452615737915039
13.3,13.665899276733398
14.3,14.73487377166748
16.1,15.385847091674805
14.5,14.615240097045898
15.3,14.948094367980957
17.6,16.51913070678711
14.8,14.605034828186035
12.3,13.523468971252441
17.5,15.491006851196289
13.4,14.305166244506836
17.1,16.025697708129883
12.7,14.985005378723145
15.6,15.152685165405273
11.3,13.100114822387695
12.7,13.620794296264648
13.0,13.61042308807373
19.2,16.54629135131836
9.5,12.705093383789062
11.4,13.852063179016113
15.9,15.496505737304688
13.5,14.635211944580078
17.1,16.55284881591797
15.7,15.086414337158203
13.6,13.727456092834473
10.7,13.573930740356445
16.3,15.330029487609863
17.4,16.240846633911133
11.7,14.041930198669434
16.1,15.207903861999512
16.0,14.89233684539795
15.9,15.523024559020996
12.6,13.436911582946777
12.8,14.381548881530762
15.2,14.891487121582031
15.4,15.501365661621094
15.1,15.057398796081543
13.8,13.875717163085938
15.5,14.91839599609375
15.4,15.14224624633789
11.4,13.328901290893555
16.1,15.557546615600586
14.6,14.692177772521973
11.2,13.534095764160156
12.5,14.133614540100098
13.6,14.23525619506836
15.4,14.850881576538086
16.1,15.523641586303711
13.7,13.789617538452148
14.9,14.774784088134766
17.1,15.976802825927734
15.7,15.219796180725098
18.1,16.333955764770508
19.8,16.900876998901367
15.5,15.084961891174316
19.4,16.807071685791016
12.8,14.609430313110352
14.7,14.715763092041016
15.4,14.823978424072266
16.3,15.742934226989746
16.3,15.681744575500488
19.7,16.794336318969727
17.2,16.49892234802246
15.1,14.547770500183105
17.1,15.928217887878418
14.9,14.839544296264648
14.9,14.881985664367676
18.2,16.626800537109375
12.3,13.792579650878906
15.4,15.446501731872559
12.6,13.777371406555176
13.9,13.967909812927246
15.2,14.895259857177734
16.4,15.475496292114258
16.1,15.267054557800293
14.8,14.64315128326416
15.2,14.731925010681152
14.8,14.485726356506348
18.6,15.813399314880371
15.7,15.14333724975586
16.0,15.523247718811035
18.9,16.684368133544922
14.9,14.468748092651367
16.1,15.017909049987793
14.0,15.07827091217041
16.6,15.441951751708984
14.9,15.091362953186035
15.2,15.302021980285645
15.8,15.321304321289062
15.4,15.135704040527344
17.6,15.530050277709961
17.8,16.492755889892578
16.2,15.814992904663086
19.9,16.637643814086914
19.2,14.992990493774414
11.7,13.681575775146484
16.6,15.03112506866455
15.9,15.543363571166992
16.0,14.316064834594727
12.6,14.872163772583008
16.2,15.194005012512207
13.5,14.483903884887695
17.6,16.11599349975586
19.6,16.852405548095703
17.2,16.030216217041016
12.0,13.294309616088867
16.8,15.703340530395508
18.8,15.487060546875
15.6,15.57180404663086
10.9,12.52612590789795
19.1,16.818552017211914
15.8,15.335712432861328
11.1,12.683055877685547
18.8,16.59638786315918
12.4,13.41820240020752
13.9,13.72901725769043
14.3,14.509072303771973
15.7,14.987372398376465
10.1,14.034340858459473
15.4,14.927468299865723
18.7,16.728015899658203
15.7,15.241290092468262
13.7,14.333807945251465
11.5,13.322864532470703
15.6,14.939582824707031
15.3,14.910982131958008
15.0,14.886129379272461
10.0,11.912851333618164
14.9,15.064716339111328
15.6,14.835168838500977
13.3,14.678790092468262
5.3,10.855822563171387
15.1,15.370928764343262
13.4,14.963196754455566
17.5,15.759645462036133
14.9,14.860843658447266
15.0,14.626534461975098
13.4,14.213945388793945
14.5,15.024494171142578
14.0,13.78604793548584
14.2,14.349159240722656
13.6,14.375345230102539
15.0,14.943421363830566
11.7,13.329571723937988
15.0,14.782552719116211
15.7,15.319618225097656
17.7,16.504878997802734
16.1,15.141138076782227
14.8,14.557109832763672
14.8,14.89152717590332
17.3,16.339462280273438
15.3,15.232870101928711
19.3,16.765411376953125
15.7,15.063697814941406
14.3,15.207874298095703
15.8,13.90869140625
18.3,16.55061912536621
16.1,15.421513557434082
19.4,16.686756134033203
12.6,13.556827545166016
15.5,15.096632957458496
16.6,14.732828140258789
15.4,15.02800178527832
18.7,16.34793472290039
15.3,15.207383155822754
14.7,15.632619857788086
13.9,14.809510231018066
18.5,15.592246055603027
14.9,15.192034721374512
17.8,16.06916046142578
16.9,15.730981826782227
14.9,14.462465286254883
13.7,14.729674339294434
14.7,15.05118179321289
14.5,14.445905685424805
15.9,15.070734977722168
18.1,16.213891983032227
18.9,16.57513999938965
17.2,15.537043571472168
19.3,16.637542724609375
15.5,15.108731269836426
15.7,15.17593765258789
15.6,15.134431838989258
16.4,15.62075424194336
14.6,14.630693435668945
15.7,15.502521514892578
15.5,15.05986499786377
15.2,14.772384643554688
19.5,16.75888442993164
16.8,15.868260383605957
13.5,14.702056884765625
15.3,15.578518867492676
16.0,15.197851181030273
13.6,14.664241790771484
15.6,15.087340354919434
16.9,15.886495590209961
13.1,14.142318725585938
17.4,16.235639572143555
17.1,15.906082153320312
7.1,14.101053237915039
16.4,15.548454284667969
15.4,15.169695854187012
18.7,16.503799438476562
16.4,15.0977783203125
17.6,15.435749053955078
17.8,15.969924926757812
16.0,15.525364875793457
14.8,14.628421783447266
17.1,16.08856201171875
14.5,14.804789543151855
13.2,14.019632339477539
14.7,14.680865287780762
15.9,14.922653198242188
14.5,14.91971492767334
13.1,14.167543411254883
16.2,15.800122261047363
12.4,14.408134460449219
15.1,15.115139961242676
12.3,13.325555801391602
16.0,15.737330436706543
12.3,14.312166213989258
17.7,16.216777801513672
15.8,15.464424133300781
13.3,14.188006401062012
16.3,15.456478118896484
16.2,14.874703407287598
14.4,15.089532852172852
14.6,14.882322311401367
14.9,14.782072067260742
15.8,15.114397048950195
16.0,15.16300106048584
14.0,14.514760971069336
13.5,14.01977252960205
14.2,14.30849838256836
15.4,15.14333724975586
16.7,15.61055850982666
19.9,17.009965896606445
17.2,16.17738914489746
15.1,14.499662399291992
14.6,14.88573932647705
16.3,15.793933868408203
15.7,16.052345275878906
14.3,14.623164176940918
14.5,15.023951530456543
15.0,15.349925994873047
14.3,14.515860557556152
14.9,14.731646537780762
11.8,16.254985809326172
15.4,15.524914741516113
19.6,16.710933685302734
15.2,15.1362943649292
13.1,13.861284255981445
14.9,14.680251121520996
16.6,15.692251205444336
18.4,16.373641967773438
15.2,14.676545143127441
17.6,16.326501846313477
13.1,14.47000503540039
18.6,16.283065795898438
14.9,14.834569931030273
13.0,14.099019050598145
13.5,13.860498428344727
10.6,13.498449325561523
16.6,15.145177841186523
15.9,15.078939437866211
12.2,14.059536933898926
15.5,15.118833541870117
16.7,15.37728214263916
17.4,15.953091621398926
12.7,14.642078399658203
17.1,15.52230453491211
14.9,14.812950134277344
14.8,14.728053092956543
15.2,14.761969566345215
15.8,15.079745292663574
12.2,13.442054748535156
15.3,14.880982398986816
18.2,15.88701343536377
10.7,13.077730178833008
15.9,14.590242385864258
14.6,14.838080406188965
9.9,12.512866020202637
12.7,13.907600402832031
14.5,14.653083801269531
11.8,13.489279747009277
19.9,16.915321350097656
15.4,14.86650562286377
14.7,14.908141136169434
14.3,15.143913269042969
14.8,14.597129821777344
19.3,16.993507385253906
14.3,14.677618026733398
14.2,14.976155281066895
13.9,14.365761756896973
18.7,16.109878540039062
13.4,14.415389060974121
17.7,15.78950023651123
13.9,14.932022094726562
13.1,14.304798126220703
14.2,14.702686309814453
19.8,16.252790451049805
18.4,16.22042465209961
12.4,14.671894073486328
13.4,14.10958194732666
19.5,16.48410415649414
12.6,13.509883880615234
14.4,14.698254585266113
19.8,16.366159439086914
14.4,14.49738883972168
18.9,16.079397201538086
11.2,12.991777420043945
16.5,15.829341888427734
13.9,14.464859962463379
11.1,12.899710655212402
15.6,15.034957885742188
14.7,14.628623008728027
15.7,14.932592391967773
18.9,16.021364212036133
14.7,14.755608558654785
15.2,15.00316333770752
16.0,15.191399574279785
17.0,15.9125337600708
15.1,14.661614418029785
15.1,14.804110527038574
15.5,15.103042602539062
14.4,14.243437767028809
17.3,16.034109115600586
19.7,16.752952575683594
14.8,15.002137184143066
17.0,16.062543869018555
11.9,13.49898624420166
15.4,16.099817276000977
18.7,16.2395076751709
10.0,12.169578552246094
16.0,15.506603240966797
14.6,14.702404022216797
15.8,14.986678123474121
17.1,15.609222412109375
15.4,14.969463348388672
16.4,15.335283279418945
18.5,16.0158748626709
16.3,15.311017036437988
16.4,15.121125221252441
15.7,15.098228454589844
11.4,14.211620330810547
12.6,14.10904312133789
12.5,14.358175277709961
15.7,14.891979217529297
15.3,14.744040489196777
15.4,15.100054740905762
16.6,15.68143081665039
19.2,16.288537979125977
19.9,16.630067825317383
18.7,15.501380920410156
13.2,13.894034385681152
12.6,14.026472091674805
14.4,14.620511054992676
18.5,15.691536903381348
16.3,15.098177909851074
15.9,15.24051570892334
18.4,16.374460220336914
15.1,14.919105529785156
15.1,14.76934814453125
14.7,14.738089561462402
18.8,16.80450439453125
18.9,16.253843307495117
14.2,14.198562622070312
13.9,14.745819091796875
15.5,14.97211742401123
11.7,12.932584762573242
19.0,16.61931610107422
15.9,15.331180572509766
19.4,16.706188201904297
12.4,13.744840621948242
12.1,13.980134963989258
16.3,14.883761405944824
10.3,14.341914176940918
17.9,16.029878616333008
11.9,13.841919898986816
12.7,14.058754920959473
16.5,15.012263298034668
12.7,13.776185989379883
15.1,15.001363754272461
18.6,16.652416229248047
18.0,16.432767868041992
13.8,14.11949634552002
14.2,14.804165840148926
15.5,15.03640365600586
14.0,14.488033294677734
12.6,14.097139358520508
15.6,14.839995384216309
16.5,15.76021957397461
15.1,15.08834457397461
18.0,16.074382781982422
17.6,16.38547706604004
14.3,14.375961303710938
19.3,16.80040740966797
19.7,16.96819305419922
13.0,13.860631942749023
16.0,15.095109939575195
12.9,13.669886589050293
19.2,16.80796241760254
18.9,16.804075241088867
17.9,16.444032669067383
15.7,14.866512298583984
19.4,16.9384822845459
17.2,16.131330490112305
15.6,14.921887397766113
14.9,14.515798568725586
14.9,14.724387168884277
13.5,14.338445663452148
13.7,15.101346969604492
18.8,16.46825408935547
16.2,15.520724296569824
19.4,16.210880279541016
17.9,16.111120223999023
17.4,16.13086700439453
17.6,16.349567413330078
19.2,16.8667049407959
19.6,16.507259368896484
17.0,15.469680786132812
14.9,14.518498420715332
17.0,16.013887405395508
8.5,12.545567512512207
16.6,15.606225967407227
16.1,14.979642868041992
16.7,15.670702934265137
14.0,14.65951156616211
10.3,12.807563781738281
17.2,16.36161231994629
18.8,16.59076690673828
16.4,15.16300106048584
9.2,12.458806991577148
15.4,15.34364128112793
17.8,16.600534439086914
8.2,12.116289138793945
15.9,15.193585395812988
13.6,14.383728981018066
16.9,16.157514572143555
16.0,15.516688346862793
15.3,15.596580505371094
16.1,15.236276626586914
15.5,14.50113296508789
14.8,14.8373441696167
13.6,14.525970458984375
16.0,14.86471176147461
17.5,15.912829399108887
14.7,15.096216201782227
15.3,15.14111614227295
11.8,13.812582969665527
19.9,16.92353630065918
14.4,14.313719749450684
19.2,16.50472068786621
14.8,14.69101333618164
16.0,15.174883842468262
15.5,14.859980583190918
12.0,13.939247131347656
14.5,15.124068260192871
14.3,14.57293701171875
15.6,14.879712104797363
15.6,14.96859359741211
14.6,14.523602485656738
12.9,14.298728942871094
16.3,15.529718399047852
15.6,15.201977729797363
18.6,16.215635299682617
17.8,16.228349685668945
14.8,14.6270170211792
15.7,15.015899658203125
15.8,14.687617301940918
17.6,16.07064437866211
18.1,15.326738357543945
14.7,14.681839942932129
14.5,14.591951370239258
16.3,15.451510429382324
15.0,15.044953346252441
9.5,12.39556884765625
15.0,14.896478652954102
14.7,14.701687812805176
15.8,14.425399780273438
18.3,16.344829559326172
17.9,16.11701774597168
14.1,14.371672630310059
13.8,13.614007949829102
16.3,15.708634376525879
17.1,16.000961303710938
14.7,14.729167938232422
16.3,15.28692626953125
16.0,14.838401794433594
15.4,14.787363052368164
15.7,15.198723793029785
15.4,15.132817268371582
18.5,16.50386619567871
15.5,15.14333724975586
14.9,14.720376014709473
11.2,13.30617904663086
16.2,15.55213737487793
10.5,12.97308349609375
15.4,15.174775123596191
13.3,14.03611946105957
15.3,14.700777053833008
14.9,15.176207542419434
16.4,15.12732219696045
17.3,16.369434356689453
15.4,14.630269050598145
11.0,12.64318561553955
15.5,15.104246139526367
16.1,14.993465423583984
15.6,14.773651123046875
14.8,14.926647186279297
16.8,15.860455513000488
15.9,15.269163131713867
15.3,15.074517250061035
14.7,14.847947120666504
18.0,15.308599472045898
17.4,16.48091697692871
16.0,16.009258270263672
14.6,14.675148963928223
14.7,15.100268363952637
13.0,13.884994506835938
18.0,16.073753356933594
15.2,15.149288177490234
18.9,16.760221481323242
6.7,11.07529067993164
13.8,14.51336669921875
15.5,15.432729721069336
14.3,14.206437110900879
14.5,14.727697372436523
14.5,14.718710899353027
19.0,16.16107749938965
15.3,14.916010856628418
17.0,15.421612739562988
19.9,16.535306930541992
15.6,15.357261657714844
14.7,14.710113525390625
17.9,16.526308059692383
19.1,16.77739906311035
14.9,14.940128326416016
16.5,15.248891830444336
15.5,14.97353744506836
11.6,13.960063934326172
18.1,16.821117401123047
17.8,16.749204635620117
16.8,15.14333724975586
15.4,15.025532722473145
15.9,15.103408813476562
14.8,15.0712308883667
18.0,16.29368019104004
15.1,14.849358558654785
10.3,12.952255249023438
14.6,14.89193058013916
18.4,16.609050750732422
18.9,16.907936096191406
19.9,15.525568962097168
14.4,14.681294441223145
17.8,16.39054298400879
15.5,15.70123291015625
16.6,15.560686111450195
9.8,12.36871337890625
16.7,15.769695281982422
16.3,15.095871925354004
17.6,15.981155395507812
15.6,13.817752838134766
16.5,15.779962539672852
17.0,15.727638244628906
15.9,15.492851257324219
9.7,13.37177562713623
16.8,15.888240814208984
15.4,14.9205904006958
11.1,13.81010627746582
11.3,13.266290664672852
14.6,14.724813461303711
15.5,15.003094673156738
16.7,15.424261093139648
16.0,15.11246109008789
17.0,15.803403854370117
18.1,15.735034942626953
19.9,16.9133358001709
19.7,16.608354568481445
15.6,15.623772621154785
16.4,15.557852745056152
16.4,15.663728713989258
15.0,14.648820877075195
15.5,14.84531021118164
15.3,15.178167343139648
16.4,15.760637283325195
17.9,16.66390609741211
19.7,16.445514678955078
18.6,16.752578735351562
14.6,14.642082214355469
14.6,14.671990394592285
17.5,15.532544136047363
18.0,15.916366577148438
12.7,14.13560676574707
11.1,13.51332950592041
18.4,16.210731506347656
17.0,15.167418479919434
15.5,15.201709747314453
12.0,14.179449081420898
12.1,13.595958709716797
15.2,14.767056465148926
15.6,15.05298137664795
17.7,16.783721923828125
13.8,14.318263053894043
12.6,13.829305648803711
16.7,15.660560607910156
14.6,14.496379852294922
15.4,15.039936065673828
17.4,16.215675354003906
17.2,15.956579208374023
15.5,15.158988952636719
14.0,14.730632781982422
14.4,14.398836135864258
17.4,16.251201629638672
15.9,14.090106964111328
12.6,13.987505912780762
15.2,15.205592155456543
15.7,15.48790168762207
12.4,13.663948059082031
15.5,14.988600730895996
13.0,14.014184951782227
17.1,16.02044677734375
16.4,15.448454856872559
18.4,16.1524600982666
16.0,16.158050537109375
18.2,16.17886734008789
14.0,15.12401294708252
17.2,16.072376251220703
19.7,16.792617797851562
13.5,14.63713550567627
18.1,16.4810733795166
16.0,15.257007598876953
14.2,14.783254623413086
18.3,16.802759170532227
14.4,13.998909950256348
13.4,13.668670654296875
13.6,14.264588356018066
13.3,14.19616985321045
14.4,14.964315414428711
17.2,15.149883270263672
15.1,15.065898895263672
16.3,15.482080459594727
15.7,15.493721008300781
19.8,16.527883529663086
19.0,16.74909210205078
18.1,16.50136375427246
18.9,16.306625366210938
15.4,15.085022926330566
14.8,15.200861930847168
16.5,15.780954360961914
13.6,14.426362037658691
15.9,14.865928649902344
16.9,15.937122344970703
15.4,14.840306282043457
16.2,15.331095695495605
15.3,14.838284492492676
15.9,15.120671272277832
13.4,14.683849334716797
16.1,15.015406608581543
14.9,15.14333724975586
12.2,13.647354125976562
7.6,12.337194442749023
16.2,14.842745780944824
15.6,14.766011238098145
15.1,15.23132038116455
15.3,14.655715942382812
15.7,14.972102165222168
18.9,16.449899673461914
18.2,15.399641990661621
15.4,14.987467765808105
18.2,16.66288948059082
15.8,15.16842269897461
16.2,15.165770530700684
15.1,15.026848793029785
14.7,15.024011611938477
17.0,16.006650924682617
15.5,14.79169750213623
15.7,15.243422508239746
13.7,14.045219421386719
14.4,14.513469696044922
12.0,13.798849105834961
17.2,15.774248123168945
15.1,14.92591381072998
14.1,14.040879249572754
10.5,12.945016860961914
13.3,14.065719604492188
13.2,13.874004364013672
11.1,13.403051376342773
14.1,14.661649703979492
18.2,16.508743286132812
13.4,14.399768829345703
14.6,14.870129585266113
16.2,14.96678352355957
11.7,13.242352485656738
15.4,14.869421005249023
15.0,14.678278923034668
13.4,15.706769943237305
18.3,16.09056854248047
19.9,15.472711563110352
19.5,16.69431495666504
13.5,14.153413772583008
11.0,13.673295974731445
14.5,14.74301528930664
11.1,14.863962173461914
16.7,15.781408309936523
16.0,15.574602127075195
13.7,14.349662780761719
12.0,13.303999900817871
11.0,13.925224304199219
14.6,14.568866729736328
15.3,15.186934471130371
14.5,14.3428955078125
12.6,13.89395523071289
13.9,14.092987060546875
15.2,15.668925285339355
18.4,16.598451614379883
17.7,16.289520263671875
15.9,14.910235404968262
13.6,14.818522453308105
12.8,14.627025604248047
12.2,14.313261985778809
18.0,16.46754264831543
18.1,15.490478515625
18.0,15.280940055847168
19.8,15.552298545837402
9.5,13.697342872619629
19.1,17.026464462280273
13.0,14.062202453613281
17.3,15.937263488769531
17.1,15.262887954711914
12.2,14.123464584350586
13.7,14.553964614868164
16.5,15.579764366149902
11.6,13.755340576171875
10.0,12.041482925415039
17.2,15.957208633422852
15.0,15.28201675415039
15.2,15.242250442504883
17.8,15.415496826171875
9.4,13.324225425720215
11.2,13.92185115814209
12.5,14.002204895019531
15.8,15.159380912780762
15.7,15.154104232788086
15.0,15.450063705444336
11.2,13.480114936828613
18.3,16.150299072265625
11.8,13.487865447998047
17.2,15.68600845336914
19.5,16.977020263671875
16.7,15.333568572998047
15.9,15.15357494354248
18.4,15.908285140991211
13.8,14.139795303344727
18.8,16.673526763916016
16.6,15.737818717956543
17.7,16.488052368164062
18.4,16.233169555664062
17.8,15.977649688720703
16.0,15.483311653137207
15.3,15.41512680053711
10.5,13.480395317077637
19.5,16.573299407958984
15.4,15.099328994750977
14.2,14.202576637268066
16.8,15.509296417236328
18.7,16.314037322998047
19.6,15.858183860778809
13.3,14.738731384277344
15.5,15.96950912475586
12.9,13.923151016235352
11.3,13.3529634475708
15.7,14.904901504516602
15.8,14.991351127624512
19.6,16.77138328552246
18.0,16.600616455078125
17.7,16.230823516845703
18.2,16.244403839111328
15.7,15.316129684448242
18.8,16.47557830810547
16.8,15.492650032043457
16.4,15.148205757141113
16.7,16.372779846191406
16.1,14.907149314880371
10.0,12.738359451293945
19.9,15.701894760131836
16.9,15.658164024353027
12.7,14.039810180664062
15.6,14.675601959228516
19.3,16.93277359008789
14.3,14.73000717163086
14.1,14.368368148803711
13.2,14.200056076049805
11.8,13.551820755004883
15.8,14.53575325012207
10.5,13.922728538513184
14.5,14.8250150680542
15.0,15.137789726257324
11.8,13.519023895263672
16.8,15.597196578979492
15.5,15.142046928405762
16.3,15.330551147460938
14.5,14.332183837890625
11.2,12.110055923461914
13.8,14.45911693572998
11.3,13.566900253295898
12.0,13.16159725189209
19.6,16.554201126098633
17.2,16.10457992553711
14.9,14.975903511047363
15.4,15.229989051818848
18.3,15.90834903717041
12.0,14.020869255065918
14.2,14.041545867919922
19.5,16.5659122467041
14.5,14.731422424316406
16.4,15.384435653686523
14.9,14.781218528747559
12.8,14.764406204223633
19.1,16.786287307739258
17.4,15.245126724243164
15.1,14.414433479309082
13.2,12.363264083862305
13.3,13.863168716430664
15.7,15.244344711303711
16.2,15.143284797668457
18.5,16.304615020751953
12.3,13.696939468383789
14.8,14.549860000610352
11.7,14.12048625946045
18.3,16.520977020263672
11.1,13.54539680480957
10.2,13.379390716552734
18.9,16.753164291381836
15.5,15.185388565063477
19.6,16.994369506835938
13.9,14.550522804260254
19.0,16.2003173828125
19.1,16.070693969726562
11.0,13.146759033203125
16.5,14.58598804473877
18.9,16.50259780883789
13.7,14.154654502868652
15.6,15.57818603515625
11.5,13.868247985839844
17.8,16.06326675415039
15.9,15.506387710571289
11.8,13.704341888427734
10.9,13.572242736816406
15.5,15.161223411560059
17.0,15.7824068069458
14.2,14.389235496520996
14.0,14.30533504486084
16.2,15.589181900024414
12.1,13.996956825256348
19.9,16.985322952270508
16.9,15.07983112335205
15.2,14.434664726257324
15.8,15.523453712463379
15.1,15.048295974731445
14.1,14.257672309875488
14.8,14.461722373962402
15.0,15.20266056060791
18.9,16.52387809753418
12.6,14.659209251403809
13.7,13.86300277709961
12.9,14.083213806152344
14.6,14.742777824401855
17.5,15.255765914916992
10.8,13.04854965209961
15.4,14.555682182312012
14.2,15.542609214782715
19.4,16.51641082763672
12.4,13.149885177612305
17.7,15.806809425354004
13.1,13.932194709777832
19.7,16.878341674804688
15.1,14.74952507019043
17.9,16.343164443969727
12.7,13.557401657104492
14.6,14.822339057922363
17.6,15.057355880737305
14.0,14.050941467285156
17.1,15.962419509887695
16.0,16.279672622680664
19.7,17.058094024658203
17.6,16.185880661010742
15.4,15.233190536499023
15.0,15.133668899536133
9.8,13.02357006072998
15.6,15.511042594909668
11.0,13.325505256652832
16.3,15.15272331237793
13.6,13.979853630065918
19.4,15.342260360717773
16.5,15.258994102478027
19.1,16.818950653076172
15.1,14.646230697631836
16.4,15.622027397155762
11.6,14.157763481140137
14.9,14.718108177185059
11.8,14.111424446105957
14.8,14.693079948425293
14.7,14.710179328918457
17.0,16.227230072021484
8.5,12.117267608642578
17.8,16.15256118774414
14.9,14.713763236999512
14.5,15.024297714233398
11.1,13.720844268798828
13.8,14.70053768157959
9.6,12.864792823791504
14.9,14.59902286529541
15.9,15.345266342163086
15.4,15.177123069763184
19.5,16.629398345947266
16.1,15.3258695602417
13.3,14.279072761535645
14.4,15.352149963378906
10.9,14.106648445129395
13.8,15.199337005615234
15.8,14.985284805297852
15.9,15.428879737854004
15.2,15.654496192932129
13.5,14.311073303222656
14.1,14.648741722106934
11.9,14.293457984924316
19.9,16.2275447845459
16.9,15.573690414428711
15.7,15.020709991455078
10.8,12.131185531616211
13.5,14.319701194763184
16.9,14.69679069519043
13.5,13.931596755981445
11.9,14.39187240600586
15.0,14.959718704223633
13.9,14.196538925170898
12.0,13.565269470214844
16.5,15.32012939453125
10.9,13.606778144836426
15.7,14.828354835510254
15.8,15.100733757019043
12.0,13.828401565551758
14.5,14.574188232421875
6.4,10.837154388427734
17.3,16.07583236694336
13.0,14.08482551574707
12.3,13.566681861877441
14.4,14.572582244873047
12.1,13.749560356140137
12.1,13.891258239746094
11.8,13.853739738464355
16.5,15.197306632995605
14.1,14.277656555175781
12.7,13.503397941589355
11.4,13.08501148223877
15.4,14.74494457244873
12.2,13.451274871826172
14.9,14.546019554138184
15.6,15.306097030639648
13.1,13.8571195602417
10.8,12.349418640136719
13.2,14.218101501464844
14.4,14.500106811523438
11.8,13.839624404907227
14.0,14.323464393615723
14.6,14.52210521697998
14.9,14.828091621398926
14.0,15.281235694885254
15.4,15.193585395812988
12.1,13.515438079833984
14.7,15.245277404785156
16.2,15.013080596923828
13.7,14.332329750061035
13.2,13.735709190368652
15.4,14.741756439208984
15.8,14.91555404663086
17.8,14.712836265563965
13.9,14.186151504516602
14.0,14.313023567199707
13.0,13.694931030273438
16.9,15.654153823852539
14.6,15.583666801452637
12.2,13.387242317199707
12.4,13.40112018585205
14.7,14.6226806640625
14.8,14.787993431091309
18.8,16.48813247680664
13.6,15.149484634399414
15.0,14.770210266113281
11.1,12.205402374267578
11.2,14.286911964416504
15.6,15.020702362060547
15.4,15.402456283569336
12.0,12.84057331085205
15.5,15.296125411987305
14.5,14.763833045959473
19.3,16.261505126953125
14.1,14.239961624145508
19.8,16.420682907104492
13.0,13.95079231262207
13.2,14.457079887390137
12.4,13.334090232849121
14.6,15.156961441040039
11.9,13.229216575622559
11.6,13.9551362991333
13.1,14.49911880493164
13.7,14.227622985839844
12.3,13.476340293884277
12.1,13.512816429138184
14.7,15.102584838867188
16.0,15.21187686920166
12.0,13.282353401184082
16.2,15.200112342834473
11.7,13.259766578674316
16.1,15.086616516113281
11.6,13.98283576965332
15.1,15.091449737548828
12.2,13.34872817993164
15.3,14.841426849365234
13.4,14.785134315490723
11.7,14.182577133178711
11.4,14.397212982177734
15.7,15.244071960449219
4.9,10.725234985351562
11.5,13.354731559753418
15.4,14.851391792297363
10.4,12.634259223937988
19.6,16.60927391052246
10.9,14.080317497253418
12.9,13.894633293151855
14.7,14.380470275878906
14.0,14.198641777038574
12.5,13.948201179504395
13.5,14.483221054077148
13.6,14.115517616271973
15.5,15.008149147033691
12.5,13.517412185668945
16.1,14.905083656311035
11.0,13.466259956359863
10.8,13.670120239257812
11.0,13.751014709472656
14.9,14.731167793273926
13.0,14.073247909545898
11.6,13.947476387023926
15.6,14.902948379516602
12.8,14.666894912719727
10.8,13.298104286193848
13.5,13.990164756774902
12.7,13.718998908996582
18.3,16.874269485473633
18.8,16.612628936767578
13.7,14.46131706237793
17.3,15.656620979309082
13.3,13.942573547363281
12.6,14.15756893157959
12.8,13.81399917602539
14.6,16.18001937866211
14.2,14.702207565307617
17.3,16.548330307006836
16.8,15.849316596984863
19.4,16.599700927734375
19.5,16.802806854248047
13.2,14.320003509521484
13.8,15.21462631225586
9.3,13.023515701293945
8.4,15.132457733154297
18.5,16.478382110595703
15.5,15.043305397033691
15.9,14.973637580871582
16.4,15.610099792480469
13.3,14.386666297912598
14.1,14.19678783416748
15.3,15.377031326293945
13.1,14.10866928100586
13.8,14.608217239379883
17.8,16.82459259033203
14.2,13.364762306213379
14.1,14.011764526367188
14.8,14.23805046081543
16.1,15.180624008178711
19.1,16.114276885986328
14.1,13.694597244262695
15.9,15.304338455200195
12.3,14.243910789489746
11.0,13.651212692260742
17.0,14.354328155517578
19.8,16.655630111694336
16.9,15.610527038574219
15.1,15.468713760375977
16.1,15.493978500366211
17.5,16.216218948364258
12.2,14.124715805053711
12.4,14.32839584350586
16.6,16.03226089477539
17.9,16.284658432006836
14.0,14.409317970275879
18.7,16.25225830078125
14.5,14.613760948181152
14.5,14.907084465026855
16.7,15.781270980834961
15.1,14.747843742370605
13.6,14.427127838134766
16.3,15.18478775024414
17.4,16.69749641418457
14.0,14.313239097595215
13.1,13.836848258972168
14.8,14.729960441589355
15.7,15.537825584411621
19.4,16.896099090576172
19.0,16.814132690429688
12.3,14.041366577148438
17.5,15.380436897277832
19.4,16.895227432250977
19.6,15.970418930053711
12.8,13.51993179321289
10.7,13.13216495513916
12.9,14.330337524414062
9.6,13.898524284362793
11.4,14.98093032836914
9.2,14.562600135803223
8.3,12.946240425109863
15.4,14.695965766906738
16.0,15.133996963500977
12.9,13.714581489562988
12.3,13.80063533782959
14.3,14.3374662399292
13.2,15.000515937805176
16.9,15.369892120361328
19.5,16.729490280151367
15.1,15.19429874420166
15.3,14.784194946289062
17.8,16.349382400512695
14.3,15.101449966430664
10.3,12.550297737121582
13.2,13.845898628234863
15.6,15.385704040527344
15.1,14.80707836151123
12.3,14.866430282592773
18.3,16.36524200439453
12.8,13.96094036102295
15.8,15.363264083862305
15.4,15.36833381652832
17.8,15.15652084350586
13.1,13.750068664550781
15.8,15.394515037536621
13.1,14.33225154876709
13.2,14.187907218933105
15.4,14.972297668457031
6.5,12.591692924499512
11.9,14.333702087402344
13.7,14.412405014038086
13.9,14.145491600036621
13.3,14.064104080200195
14.7,14.758525848388672
15.1,14.892026901245117
13.9,14.3473482131958
19.0,16.563419342041016
15.8,14.87164306640625
11.7,13.591814994812012
17.5,16.02867317199707
6.3,11.331242561340332
16.2,15.517688751220703
15.3,14.862344741821289
12.3,13.616815567016602
12.5,13.677397727966309
16.2,15.086434364318848
14.8,13.907499313354492
16.8,15.010794639587402
14.4,14.731269836425781
14.7,14.503693580627441
18.3,16.163740158081055
12.6,13.287023544311523
19.6,16.982511520385742
18.7,16.40140724182129
10.6,12.781198501586914
15.5,14.94614315032959
9.5,11.967418670654297
16.5,15.465628623962402
13.6,14.614289283752441
11.7,13.145106315612793
12.3,13.979230880737305
15.6,15.056060791015625
17.0,15.607232093811035
15.8,16.391244888305664
18.6,16.244943618774414
14.2,14.41780948638916
14.7,15.24441909790039
12.8,13.846244812011719
15.7,15.008502960205078
14.2,14.703414916992188
15.9,15.218209266662598
14.0,14.608081817626953
11.4,13.255837440490723
11.9,14.627150535583496
13.6,14.401708602905273
12.8,13.780132293701172
15.0,14.764005661010742
13.4,14.070545196533203
15.8,15.096427917480469
15.1,14.653307914733887
15.7,14.867247581481934
16.6,15.842961311340332
15.4,14.700111389160156
14.1,14.639431953430176
13.3,13.970441818237305
13.3,14.366482734680176
17.2,16.093177795410156
17.4,16.495708465576172
15.4,15.041090965270996
16.6,15.860783576965332
16.6,15.897309303283691
18.0,15.85360050201416
14.9,14.625527381896973
14.6,14.783499717712402
14.3,14.90880298614502
16.9,15.706388473510742
15.8,14.712247848510742
13.5,14.6796293258667
6.9,11.341642379760742
14.9,14.742166519165039
15.2,15.434690475463867
13.6,15.270988464355469
18.0,16.286794662475586
17.2,15.585509300231934
16.0,15.329360008239746
17.5,15.543898582458496
15.7,14.947787284851074
12.0,13.38479232788086
16.2,15.625922203063965
15.7,14.666419982910156
16.2,15.09543514251709
13.1,13.567015647888184
14.4,14.75574016571045
14.5,14.849845886230469
17.6,16.297809600830078
15.9,15.294923782348633
19.7,15.997801780700684
17.9,15.681936264038086
15.0,14.98062801361084
15.5,15.118492126464844
14.8,14.834977149963379
14.6,14.915262222290039
10.5,13.20350170135498
16.8,15.732393264770508
15.2,14.948287010192871
18.8,16.976295471191406
12.4,13.631750106811523
16.0,15.77080249786377
16.6,15.48408317565918
19.6,16.220579147338867
6.7,11.802800178527832
7.9,12.241238594055176
11.3,13.18149471282959
14.4,14.851876258850098
16.0,15.20089340209961
14.2,14.28984546661377
13.8,14.581815719604492
16.0,14.939370155334473
15.1,14.61824893951416
13.4,14.230230331420898
15.7,15.531540870666504
15.3,14.796042442321777
14.1,14.70461654663086
11.4,12.761076927185059
14.5,14.898493766784668
19.2,16.598979949951172
11.2,13.067604064941406
15.9,14.95359992980957
16.3,15.612048149108887
15.4,14.904621124267578
16.5,14.724263191223145
15.7,14.936478614807129
19.7,16.926746368408203
11.9,13.978346824645996
13.5,15.423266410827637
16.5,15.208464622497559
12.7,13.875924110412598
16.9,16.466934204101562
18.0,15.802403450012207
15.3,15.030412673950195
14.4,15.267687797546387
12.7,13.794995307922363
15.2,16.20055389404297
15.3,15.530771255493164
18.2,16.48942756652832
14.5,14.817779541015625
15.5,14.934098243713379
13.5,14.293425559997559
17.5,16.317638397216797
18.4,16.027376174926758
15.6,15.275541305541992
15.6,15.269495964050293
14.2,14.553534507751465
16.9,15.435274124145508
16.3,15.762709617614746
15.0,15.058526992797852
14.5,14.602563858032227
13.6,15.185746192932129
19.4,15.933174133300781
17.0,15.600439071655273
13.5,14.586501121520996
12.8,13.365976333618164
19.5,16.621673583984375
14.8,15.040032386779785
15.9,14.629718780517578
15.1,14.840904235839844
14.5,14.875435829162598
15.1,14.851541519165039
19.5,16.93302345275879
19.1,16.50062370300293
13.2,13.668630599975586
16.6,15.16300106048584
15.7,15.209334373474121
15.8,15.324581146240234
14.0,15.286625862121582
17.1,16.068979263305664
15.6,15.132097244262695
11.5,13.739468574523926
18.4,16.68052101135254
15.6,15.058115005493164
13.0,14.506498336791992
15.2,14.758699417114258
12.4,15.085546493530273
16.2,16.0892391204834
13.2,14.098690032958984
14.6,14.59791088104248
15.4,16.152475357055664
12.7,15.18259334564209
14.5,14.433758735656738
9.8,12.969322204589844
17.4,15.612886428833008
16.7,15.905810356140137
18.9,16.182003021240234
15.4,14.999978065490723
15.1,15.256824493408203
14.7,14.995777130126953
8.0,12.707612991333008
11.7,14.130446434020996
15.0,14.822916030883789
14.6,14.74323558807373
16.5,15.393683433532715
14.2,14.250176429748535
15.0,14.619726181030273
18.5,16.050735473632812
15.4,14.955735206604004
14.3,14.48519515991211
14.7,14.766637802124023
11.4,15.653090476989746
19.7,16.661840438842773
15.3,15.143502235412598
6.5,12.644505500793457
19.8,15.622682571411133
16.1,15.726884841918945
19.5,16.56381607055664
12.3,14.497783660888672
9.7,13.025900840759277
13.2,13.839140892028809
12.2,13.662081718444824
13.5,14.399158477783203
15.6,15.05093765258789
19.0,16.169450759887695
12.3,14.0986967086792
8.6,12.285958290100098
12.3,14.572294235229492
16.1,15.1611909866333
12.2,13.932703971862793
19.1,16.38963508605957
14.4,13.947349548339844
14.5,14.830301284790039
17.1,15.659320831298828
14.0,14.419352531433105
17.1,14.690099716186523
13.6,14.657478332519531
15.4,15.060107231140137
17.9,16.575363159179688
14.5,14.86262321472168
14.7,14.86727523803711
18.8,16.690643310546875
15.3,14.724849700927734
14.2,14.526983261108398
17.4,15.858295440673828
15.0,14.782480239868164
13.0,14.080240249633789
14.9,15.136239051818848
14.0,14.46013355255127
12.8,13.712082862854004
11.6,13.661036491394043
12.6,13.882980346679688
15.2,14.33922004699707
14.2,15.030191421508789
15.9,15.658432960510254
16.4,16.06340789794922
18.1,16.904762268066406
10.2,13.38675594329834
11.7,13.351466178894043
14.0,14.73974323272705
18.5,16.814207077026367
13.7,14.433969497680664
12.3,14.188898086547852
14.7,14.852578163146973
14.3,14.779743194580078
14.7,14.535158157348633
11.8,13.841675758361816
15.1,14.879186630249023
14.2,14.528116226196289
15.8,15.132097244262695
11.5,13.557260513305664
13.2,14.000127792358398
12.7,13.616839408874512
13.7,13.876434326171875
16.2,15.879762649536133
15.7,15.41124439239502
18.0,15.872098922729492
15.5,14.698894500732422
14.6,15.014647483825684
15.6,14.784805297851562
13.9,14.51034164428711
15.0,14.839165687561035
19.1,16.823028564453125
15.7,15.455881118774414
14.9,14.451993942260742
15.2,14.72238826751709
17.8,16.354089736938477
15.7,15.046010971069336
15.7,15.25170612335205
18.9,15.552689552307129
18.1,15.450689315795898
16.2,15.734456062316895
15.1,15.201354026794434
16.0,16.059293746948242
15.6,14.795105934143066
17.8,16.63618278503418
16.0,15.650537490844727
15.4,15.80876350402832
15.6,15.631162643432617
15.4,14.680391311645508
17.2,15.726768493652344
14.9,15.798805236816406
16.9,15.881757736206055
17.7,16.616050720214844
14.5,15.535945892333984
19.1,16.305368423461914
8.4,12.67596435546875
9.0,11.90457820892334
15.4,14.708681106567383
14.2,14.064723014831543
19.8,16.923023223876953
15.6,15.140279769897461
10.0,13.080907821655273
9.7,13.304922103881836
15.2,14.924172401428223
14.3,14.239608764648438
18.4,16.805322647094727
11.6,13.843100547790527
12.2,13.638714790344238
19.8,16.998838424682617
15.2,14.834593772888184
13.6,14.016918182373047
13.9,14.0741548538208
15.5,14.819347381591797
14.6,14.654452323913574
14.8,14.694990158081055
13.9,14.225713729858398
16.0,15.245382308959961
15.3,15.04906177520752
15.4,14.82602596282959
14.9,14.504003524780273
14.4,14.684660911560059
13.7,14.354340553283691
11.2,13.533210754394531
15.5,15.022543907165527
14.2,14.450963973999023
19.6,16.366315841674805
14.8,14.999797821044922
6.4,11.428290367126465
15.3,14.869266510009766
14.3,14.683223724365234
12.4,13.434185028076172
19.1,16.642433166503906
11.1,13.49854564666748
16.1,15.59814167022705
16.4,15.558221817016602
14.9,14.738391876220703
15.4,14.66386604309082
9.4,13.491913795471191
16.0,15.53813362121582
15.2,14.672194480895996
10.9,13.348008155822754
14.8,14.796802520751953
9.8,13.436564445495605
15.7,15.394796371459961
12.9,13.882129669189453
10.0,12.464836120605469
14.8,14.545196533203125
15.5,14.40948486328125
12.9,14.176239967346191
15.7,14.985803604125977
14.4,14.643062591552734
16.2,15.53597354888916
19.4,16.97565269470215
13.4,16.007963180541992
15.2,14.637675285339355
17.7,16.326658248901367
17.0,16.102731704711914
15.7,15.685439109802246
14.7,14.683365821838379
14.9,14.821406364440918
10.0,13.350818634033203
8.6,12.345099449157715
8.2,12.277950286865234
17.7,13.950345993041992
15.8,14.77222728729248
16.9,14.476621627807617
13.6,14.141433715820312
11.5,14.172928810119629
14.8,14.752883911132812
11.8,13.098302841186523
18.9,16.79490852355957
15.5,15.088196754455566
10.3,14.15732479095459
13.9,14.05246353149414
15.2,15.083903312683105
12.4,14.512313842773438
12.9,14.182394027709961
14.8,15.17249870300293
13.7,14.15780258178711
15.2,14.7474946975708
15.6,15.074545860290527
14.0,14.465819358825684
12.0,13.584246635437012
13.2,13.910697937011719
16.0,15.449849128723145
15.3,15.011752128601074
15.7,15.072678565979004
14.0,14.335304260253906
14.5,14.595698356628418
10.5,13.266789436340332
14.9,15.04822826385498
15.1,14.799470901489258
14.1,14.196051597595215
7.9,11.876823425292969
13.9,14.486598014831543
16.0,15.464488983154297
16.9,16.57388687133789
14.0,15.09710693359375
17.0,16.26065444946289
18.6,15.785486221313477
16.3,15.543498039245605
19.3,16.58946990966797
17.1,16.238609313964844
15.9,16.91840171813965
12.8,13.943096160888672
15.3,15.045289993286133
12.3,13.718324661254883
14.1,14.500130653381348
16.1,15.566269874572754
19.0,15.974906921386719
15.8,14.756413459777832
16.5,15.627302169799805
14.5,14.479599952697754
13.5,14.6703462600708
16.5,16.141996383666992
13.6,13.962812423706055
12.8,14.277470588684082
14.0,14.535842895507812
15.0,15.464973449707031
10.2,13.718775749206543
16.3,15.488310813903809
17.3,15.952669143676758
15.6,15.3566255569458
15.9,15.655513763427734
13.0,14.498367309570312
15.0,14.698241233825684
15.1,14.933433532714844
16.7,15.41835880279541
14.7,14.694302558898926
14.9,15.125661849975586
19.3,16.69704818725586
12.0,13.572985649108887
12.7,13.86956787109375
13.1,13.942599296569824
11.6,13.658327102661133
15.2,14.862737655639648
15.1,15.48453426361084
15.2,15.164482116699219
13.3,13.90985107421875
14.3,14.219772338867188
14.5,14.426051139831543
16.0,15.449033737182617
12.7,14.124518394470215
13.2,14.360876083374023
14.3,14.818269729614258
15.6,15.433314323425293
15.6,15.022497177124023
10.9,14.220735549926758
16.1,15.504781723022461
14.8,14.692026138305664
11.1,12.553349494934082
15.5,15.700897216796875
14.6,14.698416709899902
15.0,14.868345260620117
10.9,13.9618501663208
15.7,15.148967742919922
13.0,14.007146835327148
10.0,12.261972427368164
11.8,13.523550987243652
15.1,15.150793075561523
13.9,14.790452003479004
14.8,14.666372299194336
15.8,15.024011611938477
11.7,13.535286903381348
19.8,16.235004425048828
14.5,14.978456497192383
15.7,15.13702392578125
14.6,14.703681945800781
18.3,16.72848892211914
8.0,12.322962760925293
13.3,14.4197998046875
15.3,15.12466049194336
19.1,16.070709228515625
10.9,12.738199234008789
15.6,15.593293190002441
16.8,15.749835014343262
16.1,14.924156188964844
16.9,15.83379077911377
14.4,14.385175704956055
14.9,14.774489402770996
18.5,16.68141746520996
15.7,14.935667037963867
14.4,14.745285034179688
10.9,13.2855806350708
16.1,15.443506240844727
16.0,15.528722763061523
14.1,14.952795028686523
17.1,16.309783935546875
14.7,14.651424407958984
15.4,15.393755912780762
14.8,15.046257019042969
10.1,12.026782989501953
14.4,14.68129825592041
16.1,15.622724533081055
16.7,15.216936111450195
16.6,15.194893836975098
12.4,13.84925365447998
16.7,15.534720420837402
16.5,15.376917839050293
18.5,16.027294158935547
14.8,14.773932456970215
15.7,15.11730670928955
15.6,14.872766494750977
19.5,16.87495994567871
18.2,15.8449125289917
15.0,15.179643630981445
15.2,14.490568161010742
13.1,13.81929874420166
18.6,16.77292251586914
15.3,14.7966890335083
17.1,16.70595359802246
16.5,15.648909568786621
19.8,16.991968154907227
18.7,16.55047035217285
13.4,14.259756088256836
15.1,14.816728591918945
13.4,13.616799354553223
13.5,14.265054702758789
16.2,15.5416259765625
15.3,15.101812362670898
13.2,15.304027557373047
14.2,15.63080883026123
18.0,14.311284065246582
15.4,15.393461227416992
15.0,14.5840425491333
15.7,14.956329345703125
16.3,15.771130561828613
17.5,16.83978843688965
11.9,13.930733680725098
12.5,14.116514205932617
13.9,14.49021053314209
15.4,15.084456443786621
15.7,15.389358520507812
13.2,14.367975234985352
14.3,14.520666122436523
16.7,15.634604454040527
15.4,15.097349166870117
16.6,15.170303344726562
9.6,12.68758487701416
13.7,14.750273704528809
14.7,14.516365051269531
18.6,16.621051788330078
15.9,15.386064529418945
19.4,16.55255126953125
15.2,15.084799766540527
13.3,13.391294479370117
15.4,15.018455505371094
17.0,15.875589370727539
16.0,15.656291007995605
14.2,14.701217651367188
9.9,12.793830871582031
18.1,16.494285583496094
14.0,14.456401824951172
13.5,15.132186889648438
15.4,14.838809967041016
10.1,14.132518768310547
14.0,14.74685001373291
15.3,14.879536628723145
12.1,12.590852737426758
14.3,14.916481018066406
13.8,14.45366382598877
13.5,14.150851249694824
17.4,15.694772720336914
15.1,15.054615020751953
15.9,15.60462760925293
10.1,13.147745132446289
14.6,15.047313690185547
17.7,16.252727508544922
12.7,14.23403549194336
17.1,16.205039978027344
16.2,15.66002082824707
13.5,14.382076263427734
12.2,13.503938674926758
14.5,14.043102264404297
18.2,16.340972900390625
14.4,14.847066879272461
15.7,14.477662086486816
12.9,13.86102294921875
13.9,14.330587387084961
17.6,14.909172058105469
15.2,15.092279434204102
15.9,14.767804145812988
16.6,15.661285400390625
14.7,14.446428298950195
14.1,14.494543075561523
11.1,13.529155731201172
19.3,16.776885986328125
12.8,14.13887882232666
16.9,15.902043342590332
12.8,14.412101745605469
13.2,14.200020790100098
13.9,14.239274024963379
17.8,16.165170669555664
15.0,14.667083740234375
14.1,14.053577423095703
16.3,15.337006568908691
15.6,14.944930076599121
9.1,12.362700462341309
13.6,13.885356903076172
15.8,15.090188026428223
14.6,14.829401969909668
17.5,16.333925247192383
15.5,14.855696678161621
18.8,16.76059341430664
15.0,14.786165237426758
13.2,14.703666687011719
14.8,15.132530212402344
14.6,14.82800579071045
15.3,14.72005844116211
18.3,16.292156219482422
14.5,14.805950164794922
14.8,14.723496437072754
14.3,14.341476440429688
17.4,16.078121185302734
14.5,14.701587677001953
13.3,14.173563003540039
15.2,14.680456161499023
15.6,14.826376914978027
12.9,13.843751907348633
13.8,14.35997486114502
14.3,14.545040130615234
13.4,14.508187294006348
12.1,13.894845008850098
10.0,12.841793060302734
17.1,16.5750732421875
15.6,16.04296112060547
19.8,16.833532333374023
15.1,14.739635467529297
14.4,14.393597602844238
14.7,14.567975997924805
14.4,15.02050495147705
13.7,14.187264442443848
14.7,14.682948112487793
15.7,15.7213716506958
11.2,14.045553207397461
19.1,16.804306030273438
11.6,13.31639575958252
10.3,12.707359313964844
14.2,14.377217292785645
15.0,14.560619354248047
16.4,16.6176700592041
14.5,14.99923038482666
19.9,16.95256805419922
17.8,16.323148727416992
16.0,15.572378158569336
15.2,14.734081268310547
15.1,14.936720848083496
14.4,14.501619338989258
12.1,13.155367851257324
15.7,15.138650894165039
6.6,12.750659942626953
15.3,14.874918937683105
14.4,14.163260459899902
12.6,13.606841087341309
17.8,15.67767333984375
15.7,14.811471939086914
13.4,14.538803100585938
14.7,14.768961906433105
14.5,15.008347511291504
15.5,14.654221534729004
15.5,14.940691947937012
19.6,16.320133209228516
15.2,14.36315631866455
12.8,14.162039756774902
18.1,16.476821899414062
18.8,16.398115158081055
16.2,15.999600410461426
15.2,16.206405639648438
16.1,15.162932395935059
15.7,15.009438514709473
14.7,14.809029579162598
14.3,15.156782150268555
9.0,12.842409133911133
11.9,13.711477279663086
18.8,16.953611373901367
14.3,14.892071723937988
14.6,14.832880973815918
13.9,14.563994407653809
15.6,14.94398307800293
18.8,16.532453536987305
14.7,14.852081298828125
16.8,15.327737808227539
14.5,14.622634887695312
11.3,13.572711944580078
14.3,14.519210815429688
9.3,11.570869445800781
10.3,14.541156768798828
14.5,14.81710147857666
15.0,14.823942184448242
11.6,13.828206062316895
13.4,14.631377220153809
16.9,15.875409126281738
4.2,13.344139099121094
13.2,13.876215934753418
9.7,13.444378852844238
14.1,14.002653121948242
14.2,14.671659469604492
10.2,13.8856782913208
13.1,14.382340431213379
15.5,15.202892303466797
14.6,14.667473793029785
14.3,14.493525505065918
18.1,16.321643829345703
12.3,13.436622619628906
17.5,15.996548652648926
12.7,13.493600845336914
15.7,14.990198135375977
11.1,13.246834754943848
15.9,15.584819793701172
15.9,15.022540092468262
13.2,13.984968185424805
14.2,14.562308311462402
15.7,15.235685348510742
14.6,14.98985481262207
11.6,13.867046356201172
14.8,14.680549621582031
17.9,16.393232345581055
15.0,14.800623893737793
11.8,12.891239166259766
16.4,15.189046859741211
12.9,14.168970108032227
12.4,13.762852668762207
10.4,13.288835525512695
14.9,14.671603202819824
16.7,16.130998611450195
15.0,14.693028450012207
15.0,14.783767700195312
16.3,15.657964706420898
18.5,16.662080764770508
11.3,13.29224967956543
14.7,15.176079750061035
12.3,13.42535400390625
15.2,14.736824989318848
16.0,15.727669715881348
15.8,15.222465515136719
15.3,15.132637977600098
16.3,15.185302734375
16.9,16.250659942626953
14.3,14.482756614685059
14.4,14.625574111938477
14.2,14.472732543945312
14.6,14.721320152282715
12.7,13.648951530456543
15.5,14.945415496826172
14.5,14.526671409606934
15.0,14.81177043914795
10.1,13.256704330444336
14.2,14.595342636108398
13.6,14.820331573486328
16.1,15.148788452148438
19.4,16.463106155395508
11.1,13.46638298034668
13.9,14.672174453735352
14.5,14.692523002624512
16.2,15.149288177490234
11.7,12.446844100952148
12.9,14.23749828338623
12.4,13.976451873779297
14.5,14.60545539855957
14.8,14.66744613647461
13.7,14.216739654541016
16.5,15.771262168884277
16.7,15.379301071166992
16.6,15.928377151489258
13.2,15.146185874938965
15.5,15.509651184082031
17.0,16.000778198242188
13.3,14.406205177307129
13.2,13.721794128417969
17.2,15.974234580993652
17.0,15.64929485321045
14.8,14.668768882751465
13.0,14.594565391540527
8.3,12.764976501464844
14.6,14.67863655090332
15.0,15.059548377990723
14.3,14.611796379089355
7.4,13.161294937133789
15.7,15.530817985534668
7.7,13.101946830749512
7.9,12.412036895751953
16.5,15.535292625427246
15.4,15.471372604370117
15.0,15.066399574279785
14.5,14.576186180114746
9.0,12.711259841918945
14.3,14.064016342163086
11.8,13.849000930786133
13.7,14.032483100891113
15.8,16.200334548950195
11.9,13.465782165527344
9.4,15.345199584960938
16.5,16.16071891784668
16.5,15.94492244720459
15.0,14.655682563781738
8.9,13.897420883178711
12.5,13.404648780822754
11.0,13.354909896850586
15.1,14.79389762878418
15.5,16.547622680664062
11.9,13.298469543457031
19.8,16.90178680419922
14.2,14.475895881652832
14.8,15.277403831481934
15.4,15.270600318908691
13.5,14.421929359436035
13.3,13.030720710754395
14.5,14.67883014678955
15.0,14.755867958068848
15.1,14.777924537658691
15.9,15.265474319458008
15.6,15.667325973510742
17.5,15.896780014038086
12.3,14.792640686035156
15.5,14.995218276977539
15.9,14.955843925476074
19.0,16.229745864868164
15.7,15.271903991699219
13.9,13.614168167114258
15.3,15.403599739074707
18.6,16.312122344970703
12.6,13.955735206604004
11.6,14.687630653381348
14.4,14.217031478881836
8.1,12.417411804199219
9.0,12.84245491027832
14.0,14.737183570861816
16.3,17.024330139160156
12.9,13.397462844848633
11.0,13.505973815917969
5.4,13.266473770141602
14.9,13.945291519165039
17.5,15.860025405883789
17.3,14.83172607421875
14.2,14.711522102355957
15.6,15.15553092956543
19.1,16.70518684387207
16.1,16.8073673248291
14.4,14.958791732788086
17.1,15.945171356201172
7.2,11.968213081359863
19.3,16.70880889892578
14.6,14.358195304870605
10.8,13.763669967651367
15.2,15.403148651123047
16.2,15.28176212310791
15.4,15.709771156311035
16.9,15.97780990600586
17.6,16.244422912597656
17.5,15.942485809326172
17.0,15.83146858215332
14.5,15.304080963134766
17.9,16.66039276123047
16.3,15.383038520812988
14.5,15.254849433898926
14.4,14.784244537353516
11.1,14.034855842590332
15.3,15.43785572052002
19.2,16.009010314941406
19.3,16.152740478515625
13.4,13.690821647644043
15.5,15.859786033630371
17.4,16.204029083251953
15.0,14.846359252929688
15.0,14.772560119628906
16.0,15.066333770751953
19.3,16.52191925048828
17.6,15.659618377685547
19.4,16.910829544067383
13.9,14.334059715270996
12.4,14.667494773864746
11.9,14.196012496948242
17.4,16.57842254638672
16.1,15.156234741210938
13.7,14.507173538208008
14.6,14.721959114074707
18.5,15.919743537902832
15.7,14.894753456115723
15.7,15.15645694732666
14.3,14.652481079101562
13.8,14.177096366882324
17.9,16.53960609436035
11.4,14.405077934265137
15.4,15.038920402526855
14.2,13.260991096496582
19.6,16.869718551635742
18.5,16.40027618408203
15.7,14.899415969848633
15.7,15.088717460632324
14.9,14.242712020874023
19.3,16.298084259033203
10.1,13.26652717590332
13.7,14.396445274353027
17.2,15.992192268371582
14.2,15.184064865112305
13.3,14.309149742126465
13.4,14.704937934875488
15.7,15.145468711853027
14.4,15.31042766571045
11.6,13.612615585327148
15.1,15.143560409545898
13.0,15.26755428314209
15.2,15.311588287353516
19.2,16.78367805480957
14.9,15.425864219665527
15.5,15.267253875732422
15.3,14.756658554077148
16.9,15.812627792358398
14.8,14.792620658874512
19.8,16.869688034057617
14.9,14.83290958404541
15.7,15.10172176361084
13.6,14.450950622558594
15.1,14.57790756225586
13.6,14.291783332824707
16.4,16.228227615356445
16.8,16.175281524658203
16.4,14.920044898986816
16.5,16.150375366210938
19.2,16.789281845092773
19.5,14.905135154724121
15.0,14.919137954711914
16.5,15.406014442443848
14.9,15.222187042236328
18.0,16.299692153930664
16.2,14.500383377075195
18.0,16.643108367919922
15.1,14.526468276977539
15.3,14.772151947021484
19.7,16.34596824645996
19.3,16.856603622436523
13.4,14.653444290161133
13.5,14.122498512268066
12.8,13.900835037231445
19.6,16.37744903564453
15.1,14.66066837310791
15.8,16.094221115112305
15.4,15.54965877532959
15.5,14.552197456359863
15.4,14.873434066772461
16.8,15.95665168762207
17.0,15.720502853393555
13.1,15.271139144897461
10.4,13.531733512878418
17.7,15.940110206604004
16.1,14.332745552062988
16.3,15.704436302185059
17.3,16.217199325561523
16.8,15.670769691467285
19.4,16.36892318725586
14.0,14.995671272277832
18.0,16.781320571899414
17.4,16.19809341430664
17.1,16.335254669189453
18.7,16.97525405883789
15.7,15.636011123657227
16.9,16.31122589111328
16.1,15.531862258911133
14.8,15.622564315795898
15.3,16.273225784301758
15.0,14.944684982299805
14.7,14.879393577575684
15.7,15.591649055480957
13.0,14.524247169494629
19.1,16.551504135131836
15.5,15.322538375854492
16.2,15.604467391967773
14.5,14.43551254272461
19.4,16.336584091186523
10.8,13.955833435058594
15.0,14.31098747253418
15.3,15.062376976013184
13.1,14.296144485473633
14.9,14.816282272338867
15.5,14.884748458862305
14.5,14.593119621276855
15.3,15.06357192993164
14.4,14.583306312561035
16.6,15.649560928344727
14.9,14.926167488098145
13.7,14.58881950378418
14.4,15.080662727355957
16.8,15.752623558044434
14.2,14.804359436035156
9.5,13.592140197753906
12.4,13.413700103759766
15.5,14.985283851623535
13.4,13.911130905151367
14.4,14.587424278259277
15.9,15.115819931030273
14.6,14.843246459960938
14.9,14.717185974121094
15.0,15.273651123046875
14.1,14.137151718139648
17.2,16.377920150756836
14.1,14.705345153808594
14.0,14.382863998413086
12.0,13.491251945495605
13.6,14.48754596710205
16.9,15.452051162719727
17.6,14.681488990783691
15.2,15.094654083251953
16.1,15.113076210021973
16.2,15.000767707824707
14.7,14.563884735107422
17.5,16.57606315612793
15.8,15.00391960144043
17.5,15.641195297241211
14.6,14.499955177307129
17.1,15.808887481689453
14.1,14.419106483459473
14.2,14.457375526428223
13.6,14.673175811767578
17.5,15.828756332397461
13.7,14.333888053894043
15.0,15.012858390808105
16.3,15.034953117370605
16.7,15.308341026306152
16.3,14.971490859985352
14.5,14.97669506072998
15.5,14.899782180786133
15.5,15.092516899108887
15.1,14.936339378356934
10.6,13.391227722167969
13.5,15.150993347167969
14.1,15.039836883544922
14.6,14.439970970153809
11.8,13.508882522583008
13.9,15.42557144165039
14.4,15.263642311096191
14.7,14.900253295898438
16.8,15.610575675964355
14.6,15.026226997375488
19.3,16.78427505493164
14.3,14.20743465423584
14.9,14.50568675994873
19.0,16.48294448852539
12.2,13.856269836425781
15.4,14.816764831542969
19.7,16.606361389160156
18.6,16.57524871826172
13.0,14.843130111694336
19.7,16.670673370361328
16.1,14.966365814208984
18.0,15.509608268737793
12.3,14.658580780029297
11.7,13.633220672607422
9.0,12.451881408691406
17.9,16.16038703918457
18.1,16.417024612426758
15.5,14.877355575561523
14.7,14.768736839294434
17.0,14.87108325958252
7.4,12.401202201843262
14.7,14.66323184967041
11.3,13.74655532836914
12.7,13.873787879943848
16.5,14.086886405944824
14.4,14.378366470336914
15.4,15.15550422668457
15.2,15.178382873535156
14.8,14.868353843688965
13.9,14.490004539489746
14.0,14.703964233398438
13.7,14.07690143585205
10.9,13.689807891845703
13.2,14.178604125976562
14.7,14.729217529296875
14.0,14.293540000915527
14.7,14.674413681030273
13.3,13.731609344482422
14.2,14.763511657714844
15.2,15.032148361206055
16.3,14.639022827148438
14.6,14.935079574584961
16.5,15.928200721740723
15.7,14.063937187194824
18.6,15.022664070129395
15.9,15.428628921508789
14.1,14.347859382629395
15.4,14.555913925170898
12.0,13.61481761932373
13.5,14.735542297363281
15.0,14.815656661987305
11.7,13.209813117980957
16.3,15.6035737991333
15.9,15.247186660766602
16.5,15.871288299560547
11.8,14.400639533996582
15.6,15.096817016601562
17.0,15.52894115447998
17.0,15.484463691711426
13.2,14.301790237426758
17.1,14.989349365234375
15.3,15.246893882751465
14.2,14.48314380645752
14.8,14.665329933166504
18.0,16.42559814453125
18.8,16.21654510498047
18.7,15.448675155639648
15.7,15.327743530273438
15.2,14.669577598571777
13.0,14.749898910522461
14.7,15.38640022277832
17.2,16.57425308227539
13.0,14.782427787780762
16.8,15.136296272277832
12.3,14.434245109558105
17.8,15.926219940185547
18.0,15.840194702148438
14.7,13.033275604248047
12.4,13.670310974121094
16.9,15.58586597442627
15.5,14.913207054138184
14.5,14.713053703308105
15.5,15.015917778015137
14.8,14.686325073242188
17.1,16.437152862548828
15.4,14.879240989685059
14.7,14.615864753723145
13.0,14.440878868103027
13.9,14.282833099365234
14.5,14.657583236694336
19.4,16.824501037597656
14.6,14.789731979370117
16.1,16.34908103942871
14.8,14.786066055297852
15.6,14.85474967956543
14.1,14.52216911315918
13.2,14.83119010925293
15.2,14.933058738708496
16.2,14.659743309020996
15.2,14.905805587768555
11.9,14.207218170166016
15.4,14.95810604095459
18.3,15.120288848876953
17.0,15.422141075134277
18.4,16.32555389404297
11.0,12.905501365661621
12.7,13.504398345947266
14.2,15.037445068359375
9.6,12.57900619506836
12.0,13.299036979675293
12.3,13.646655082702637
12.7,14.136448860168457
16.9,15.681105613708496
15.1,14.781579971313477
16.0,15.09971809387207
16.6,15.465252876281738
10.9,12.581106185913086
14.8,14.82700252532959
15.1,14.786543846130371
14.4,14.473129272460938
13.5,13.784245491027832
17.5,16.267383575439453
15.2,14.320181846618652
13.8,13.993570327758789
13.4,14.58513069152832
12.5,13.485477447509766
12.8,14.019364356994629
16.9,16.17992401123047
13.5,14.10239315032959
10.8,12.457857131958008
14.3,14.694917678833008
14.8,15.120407104492188
19.6,16.715953826904297
14.8,15.228117942810059
14.4,14.725800514221191
15.2,14.754424095153809
16.3,16.051868438720703
15.5,14.88308048248291
15.2,14.816413879394531
17.8,15.83051872253418
14.5,14.631394386291504
12.2,13.918776512145996
14.0,14.763532638549805
14.3,14.543804168701172
16.7,15.587122917175293
7.7,10.97291088104248
15.3,14.922053337097168
7.8,12.801889419555664
12.9,13.754040718078613
15.9,15.697273254394531
17.4,15.874320030212402
19.5,16.406166076660156
10.8,15.413095474243164
15.1,15.681490898132324
14.7,14.879615783691406
12.6,13.845836639404297
13.5,14.325700759887695
14.0,14.107048034667969
14.5,14.514886856079102
15.1,14.888406753540039
15.2,14.77793025970459
11.5,13.422487258911133
14.6,14.603005409240723
15.5,14.8168363571167
15.3,14.802754402160645
15.0,14.870196342468262
14.5,14.61851692199707
11.8,13.907736778259277
10.3,13.245153427124023
15.1,15.06781005859375
16.0,14.504652976989746
13.3,15.126212120056152
13.9,14.312552452087402
17.3,16.00634765625
16.5,14.234899520874023
9.1,12.697046279907227
14.2,14.908926963806152
17.7,15.9600191116333
15.2,14.664774894714355
17.1,16.220455169677734
19.0,16.3748836517334
15.6,15.455690383911133
16.5,15.398782730102539
15.1,14.836782455444336
11.8,13.8344144821167
16.5,15.007290840148926
12.9,13.774178504943848
16.4,15.665096282958984
14.5,14.813932418823242
16.0,15.339449882507324
14.7,14.666268348693848
12.9,14.379671096801758
14.2,14.945854187011719
18.9,16.192630767822266
15.0,14.912740707397461
11.6,13.488676071166992
16.0,15.329294204711914
14.6,14.425787925720215
8.7,14.047847747802734
16.0,15.264863014221191
15.5,14.711183547973633
13.1,13.909698486328125
18.0,16.720874786376953
18.5,16.709409713745117
18.6,15.830910682678223
14.2,14.310171127319336
15.6,14.85124397277832
19.2,14.746232032775879
14.2,15.056962966918945
17.4,15.452549934387207
15.5,14.895964622497559
13.0,13.694072723388672
16.9,15.103310585021973
15.9,15.352609634399414
16.5,15.328988075256348
15.5,14.827625274658203
13.6,14.661948204040527
15.5,14.784456253051758
16.8,15.407275199890137
14.6,14.62007999420166
16.5,15.069395065307617
17.5,16.037830352783203
17.9,16.342811584472656
16.8,15.269580841064453
16.5,14.458233833312988
18.8,16.766674041748047
15.5,14.937966346740723
6.5,14.866147994995117
12.7,14.325414657592773
17.0,15.399041175842285
14.3,14.685257911682129
14.9,15.279447555541992
15.4,15.182308197021484
15.6,15.216133117675781
18.2,16.668554306030273
13.7,14.492545127868652
8.3,11.891051292419434
15.6,15.04384994506836
14.3,14.999123573303223
13.7,14.43099594116211
8.5,12.479872703552246
18.5,16.374366760253906
14.6,14.730840682983398
17.3,16.10122299194336
14.1,14.486949920654297
14.5,14.574088096618652
18.2,16.59547996520996
9.0,14.264856338500977
19.7,15.76898193359375
14.6,14.60639762878418
18.4,16.70376205444336
17.5,15.086807250976562
16.9,16.09512710571289
14.9,15.003141403198242
15.3,15.183880805969238
17.5,15.713313102722168
16.9,16.15261459350586
7.5,13.562586784362793
15.0,14.546945571899414
10.4,12.892547607421875
19.6,16.453290939331055
18.1,16.436058044433594
19.0,15.900843620300293
15.3,14.537331581115723
17.6,16.065752029418945
14.1,14.286938667297363
19.4,16.75482940673828
10.7,13.792710304260254
16.4,15.61932373046875
16.8,15.396851539611816
16.1,14.67908763885498
15.3,14.845373153686523
17.4,14.41872787475586
18.3,16.29055404663086
12.1,13.797675132751465
15.5,15.131369590759277
15.7,15.066408157348633
15.0,14.813627243041992
14.5,14.529436111450195
15.7,15.192994117736816
15.1,14.874399185180664
15.8,15.298521041870117
19.2,16.093334197998047
17.8,16.468671798706055
13.1,14.029351234436035
19.9,16.914947509765625
19.7,16.449785232543945
19.9,16.562009811401367
15.6,14.819040298461914
17.7,16.00398826599121
18.9,15.941850662231445
19.8,16.6306209564209
18.0,15.52624225616455
19.2,15.755146980285645
15.6,15.758302688598633
13.7,13.971980094909668
14.5,15.692916870117188
17.1,15.998468399047852
12.6,14.910550117492676
9.8,12.729471206665039
18.9,15.401407241821289
18.1,15.647656440734863
10.1,13.656847953796387
14.7,14.776022911071777
17.8,16.182161331176758
16.8,15.001201629638672
18.9,16.758506774902344
15.3,15.146177291870117
15.5,15.824904441833496
14.9,14.321612358093262
6.6,12.613892555236816
14.8,14.683525085449219
11.4,14.233503341674805
16.4,15.304388046264648
14.6,14.822975158691406
18.3,16.42013931274414
14.9,14.77487564086914
17.6,16.173908233642578
15.0,15.164466857910156
16.6,15.681878089904785
16.5,14.92776870727539
15.3,15.20732307434082
12.9,14.391538619995117
9.4,12.380770683288574
15.0,14.901127815246582
17.3,14.452268600463867
15.2,14.812433242797852
13.0,13.835416793823242
15.1,14.755160331726074
17.9,15.499794006347656
17.5,15.50723648071289
19.6,16.815807342529297
16.8,16.102401733398438
17.1,16.353893280029297
10.7,12.429895401000977
19.2,16.880794525146484
19.0,16.280187606811523
16.0,15.476797103881836
13.9,15.14422607421875
12.8,14.640880584716797
15.8,14.680394172668457
18.2,16.199899673461914
14.5,15.99475383758545
13.7,14.296308517456055
18.1,16.216501235961914
14.8,15.212150573730469
14.5,14.944808006286621
12.6,14.105533599853516
12.9,13.785514831542969
12.3,14.865232467651367
13.1,14.731634140014648
17.5,14.844452857971191
14.0,14.455074310302734
10.9,13.649654388427734
16.1,15.564693450927734
12.4,14.019911766052246
15.1,15.588162422180176
19.6,16.96424102783203
17.8,16.496910095214844
19.0,16.101179122924805
10.0,13.772777557373047
17.5,16.58408546447754
15.9,16.027921676635742
17.4,15.60521411895752
14.1,14.513784408569336
7.2,11.627753257751465
13.6,14.487927436828613
8.5,12.164166450500488
14.7,14.904019355773926
8.5,12.261417388916016
15.5,14.769073486328125
12.6,15.194498062133789
15.2,14.822135925292969
19.2,16.644594192504883
15.0,14.813292503356934
18.4,16.710296630859375
19.4,16.481250762939453
9.7,13.532941818237305
14.1,14.400419235229492
15.4,15.133088111877441
13.4,15.473078727722168
19.1,16.527999877929688
19.6,15.982503890991211
13.2,13.814963340759277
15.4,14.953819274902344
11.0,15.885198593139648
15.9,14.889406204223633
15.9,14.312054634094238
15.0,14.422347068786621
16.8,15.292192459106445
17.8,15.943052291870117
18.5,16.84204864501953
17.3,16.158302307128906
15.7,16.18390464782715
8.8,13.315187454223633
15.2,14.695124626159668
13.2,13.911828994750977
13.5,14.361831665039062
18.0,15.882464408874512
13.5,14.169113159179688
17.0,16.105361938476562
16.1,15.14360523223877
12.8,13.643280982971191
14.2,14.560564994812012
15.2,15.19520378112793
12.1,13.526573181152344
12.4,13.51787281036377
12.7,13.254190444946289
11.8,13.707529067993164
15.6,15.109865188598633
11.5,13.514691352844238
13.0,14.128500938415527
8.8,11.000494956970215
12.4,13.611566543579102
17.9,16.107585906982422
15.5,15.555405616760254
14.5,14.929165840148926
14.6,14.77418327331543
12.8,14.061054229736328
13.9,14.147994041442871
13.3,14.115323066711426
13.3,14.328215599060059
12.3,13.228593826293945
13.3,14.233282089233398
13.4,14.281512260437012
15.6,15.502482414245605
11.8,13.738565444946289
12.2,14.423273086547852
18.0,16.242084503173828
15.3,15.121269226074219
15.2,14.79206657409668
19.2,15.313708305358887
17.4,15.510225296020508
17.8,15.671971321105957
16.5,15.472564697265625
15.9,15.561694145202637
13.5,13.946367263793945
17.2,14.401259422302246
14.2,14.982131004333496
18.6,16.419021606445312
17.8,16.33979606628418
15.3,14.81753921508789
14.0,14.385039329528809
14.9,14.72484302520752
10.6,13.065220832824707
10.3,13.901871681213379
15.6,15.594542503356934
13.4,14.635622024536133
14.7,14.264443397521973
16.2,15.089868545532227
13.3,13.656575202941895
17.4,14.865467071533203
16.2,15.0172758102417
11.9,13.771090507507324
15.9,15.500237464904785
11.2,13.933968544006348
11.1,14.399486541748047
16.1,15.67187213897705
14.4,14.23642635345459
16.6,14.974018096923828
15.1,16.036834716796875
9.9,12.589235305786133
14.8,14.395566940307617
14.0,14.357147216796875
14.6,14.469281196594238
17.7,16.222885131835938
19.1,16.966251373291016
14.1,14.977678298950195
13.8,14.249099731445312
15.6,15.147579193115234
15.7,15.047552108764648
15.6,14.952841758728027
13.6,14.215988159179688
15.4,14.992877006530762
19.2,16.93307876586914
14.4,14.147665977478027
11.0,14.68106746673584
13.0,13.890483856201172
15.4,14.798691749572754
15.6,15.198075294494629
16.3,14.842113494873047
16.3,15.888782501220703
15.4,14.874070167541504
15.3,14.768088340759277
17.2,15.219752311706543
15.5,14.919392585754395
19.5,16.865318298339844
15.9,15.066105842590332
18.4,16.744401931762695
16.5,15.385385513305664
14.2,14.364078521728516
12.5,13.19281005859375
15.6,14.945138931274414
15.6,14.928043365478516
11.8,13.524850845336914
18.3,16.141931533813477
16.7,15.52020263671875
16.6,15.576542854309082
14.0,13.665264129638672
14.5,14.6869478225708
19.1,16.662052154541016
15.8,14.920825004577637
17.6,16.405479431152344
15.2,14.852806091308594
13.7,14.007469177246094
13.2,14.49475383758545
15.7,14.846969604492188
12.7,13.927654266357422
16.3,15.165627479553223
16.3,15.956140518188477
17.2,16.065185546875
14.5,14.910131454467773
6.1,11.634437561035156
15.4,15.10511589050293
18.8,16.270475387573242
15.4,15.051759719848633
11.8,13.734580039978027
15.9,15.630210876464844
14.3,14.737637519836426
9.2,13.689851760864258
14.4,14.960509300231934
13.4,13.379140853881836
19.6,16.659725189208984
13.7,14.45339298248291
14.4,14.80390453338623
15.6,15.373990058898926
11.7,14.31116008758545
16.4,15.84194278717041
12.9,14.00073528289795
12.5,13.418665885925293
13.0,14.508282661437988
15.1,15.352789878845215
14.2,14.382229804992676
16.9,15.86418628692627
16.1,15.187491416931152
15.8,14.31010913848877
19.2,16.760629653930664
19.6,16.58320426940918
13.7,15.371475219726562
17.2,15.901534080505371
7.7,11.264711380004883
10.9,13.506651878356934
7.6,13.00422191619873
14.0,14.637874603271484
14.7,14.697341918945312
18.5,16.5512752532959
15.0,15.375779151916504
15.6,15.129547119140625
13.4,13.995258331298828
16.1,15.625324249267578
15.0,15.104560852050781
13.3,14.319109916687012
15.1,15.04541301727295
13.6,15.370235443115234
19.0,16.384544372558594
15.2,14.966879844665527
16.9,15.70291519165039
15.8,15.492114067077637
12.3,13.999917030334473
15.6,15.473769187927246
14.4,15.14333724975586
16.1,15.546695709228516
16.6,15.55488395690918
17.8,16.512771606445312
15.3,15.662383079528809
18.0,16.318714141845703
7.5,12.66276741027832
13.4,14.655060768127441
15.7,15.17349624633789
13.4,14.059344291687012
16.5,15.47995376586914
15.7,15.097579002380371
14.3,14.67855167388916
16.0,15.153254508972168
5.2,10.747694969177246
13.9,14.376792907714844
16.6,15.792818069458008
19.7,16.547527313232422
15.7,15.555601119995117
16.2,15.205965995788574
13.3,13.72429370880127
12.9,14.114591598510742
19.5,16.784568786621094
17.4,16.04313850402832
16.8,15.696929931640625
19.9,16.88774871826172
13.9,14.527915954589844
14.5,15.116394996643066
14.0,14.404813766479492
14.8,14.36540412902832
17.7,16.756916046142578
19.1,16.292510986328125
16.5,15.572782516479492
12.7,13.822556495666504
16.2,15.347905158996582
14.8,15.12260627746582
15.9,15.12455940246582
11.1,13.510117530822754
14.7,15.10289478302002
15.4,15.062153816223145
13.4,14.94995403289795
15.8,15.183892250061035
15.4,15.21782112121582
12.7,14.011506080627441
15.3,14.876018524169922
18.9,16.65613555908203
18.2,16.522035598754883
14.6,15.098949432373047
12.8,13.469919204711914
13.8,14.109761238098145
16.1,15.124202728271484
14.2,14.737017631530762
15.5,14.11583137512207
15.2,14.911248207092285
13.5,14.527559280395508
11.7,13.333902359008789
18.9,16.85428810119629
15.9,14.691137313842773
15.3,14.896979331970215
16.6,15.907861709594727
14.5,14.332350730895996
15.3,15.004237174987793
18.6,16.41815948486328
12.7,14.159217834472656
19.4,15.873472213745117
17.4,16.26226806640625
15.3,14.723410606384277
14.1,15.100218772888184
15.7,15.127055168151855
13.9,14.848674774169922
15.8,14.87445068359375
17.8,16.678611755371094
16.6,15.150688171386719
14.5,14.547234535217285
15.0,15.070219039916992
14.1,14.245266914367676
15.4,14.891816139221191
15.3,15.51976490020752
15.9,14.936378479003906
15.8,15.354179382324219
11.0,13.567152976989746
16.4,15.924348831176758
15.1,14.821828842163086
11.1,13.56008243560791
15.5,15.126837730407715
13.9,14.345261573791504
10.3,12.863912582397461
15.1,14.670662879943848
16.2,15.413257598876953
15.9,14.937302589416504
11.8,13.781473159790039
15.2,14.83025074005127
13.5,14.634712219238281
14.0,14.484247207641602
12.9,14.214802742004395
14.4,14.60563850402832
15.4,14.853005409240723
10.7,13.291498184204102
15.3,14.396125793457031
14.7,14.769283294677734
14.6,14.80008316040039
16.1,15.14333724975586
13.8,14.56308364868164
15.0,14.758798599243164
14.7,14.634744644165039
14.3,14.346138000488281
17.2,16.056669235229492
14.5,14.675308227539062
17.0,14.084006309509277
12.4,13.987321853637695
17.0,15.303178787231445
18.9,15.855988502502441
16.0,15.14333724975586
14.7,15.653797149658203
15.1,15.263026237487793
16.1,14.975500106811523
16.2,15.153878211975098
15.1,14.529692649841309
14.6,14.723504066467285
15.6,15.077215194702148
14.6,14.578367233276367
15.2,14.876509666442871
19.7,16.806289672851562
17.4,16.410945892333984
15.1,14.868651390075684
13.2,14.38674259185791
18.8,16.48738670349121
14.1,15.003839492797852
13.8,14.300090789794922
14.2,14.962703704833984
9.0,12.372949600219727
17.8,16.2801570892334
14.3,14.875521659851074
13.6,14.122553825378418
14.8,14.555570602416992
15.4,14.928609848022461
14.8,15.099308013916016
15.7,14.899518013000488
12.3,13.627867698669434
14.7,14.71765422821045
14.7,14.5554780960083
15.2,14.861336708068848
14.2,14.428744316101074
15.4,15.08154010772705
15.2,14.21054458618164
12.6,13.965903282165527
18.6,16.782039642333984
15.6,14.97825813293457
8.1,11.929279327392578
12.9,13.659256935119629
15.4,14.923449516296387
12.5,15.776060104370117
16.4,15.230125427246094
15.4,14.87196159362793
17.9,16.099849700927734
16.1,15.2671480178833
17.3,15.819128036499023
15.8,14.94569206237793
14.8,14.449066162109375
17.4,15.907761573791504
18.1,16.126232147216797
14.5,14.898308753967285
14.9,14.801379203796387
13.3,14.292757034301758
15.0,14.781536102294922
19.5,16.134912490844727
13.0,14.074844360351562
15.3,14.954923629760742
12.6,14.300952911376953
13.9,14.52267074584961
14.2,13.815428733825684
18.2,16.63104248046875
13.7,13.586779594421387
13.4,14.385950088500977
15.0,14.730274200439453
15.9,15.15235424041748
18.1,16.227479934692383
14.4,15.541200637817383
17.6,16.18333625793457
13.1,15.451444625854492
11.4,13.767927169799805
16.2,15.443403244018555
14.2,13.799930572509766
19.5,15.954559326171875
14.5,14.72475528717041
15.3,15.089801788330078
14.8,14.281729698181152
10.4,12.83979320526123
15.6,15.14333724975586
13.9,13.39312744140625
15.1,15.189793586730957
14.6,14.710835456848145
16.7,15.84127140045166
15.1,15.633345603942871
16.1,15.452654838562012
16.8,15.759734153747559
16.4,15.223907470703125
14.5,14.55366039276123
13.6,14.472309112548828
13.4,14.045011520385742
17.3,16.196924209594727
13.6,14.563624382019043
16.8,16.582454681396484
13.9,14.04750919342041
17.1,15.878643035888672
15.6,14.997515678405762
16.7,16.324565887451172
15.8,15.133487701416016
8.3,13.592469215393066
18.1,16.000646591186523
17.8,16.081811904907227
12.6,13.506376266479492
18.9,15.168868064880371
17.6,15.625767707824707
18.6,15.502110481262207
14.3,13.62508773803711
10.0,13.068778991699219
16.7,15.720231056213379
12.3,13.459246635437012
14.9,14.906515121459961
16.4,15.841211318969727
12.3,13.476633071899414
13.3,14.370306015014648
15.0,15.337560653686523
15.3,14.77602481842041
19.0,16.609630584716797
13.1,14.014025688171387
14.0,14.074203491210938
13.5,14.102158546447754
17.7,15.964704513549805
16.7,15.90774154663086
12.8,14.272998809814453
15.8,15.16300106048584
15.1,14.831872940063477
16.8,15.680779457092285
14.3,14.517751693725586
15.5,15.519475936889648
14.7,14.969986915588379
15.8,15.675729751586914
13.3,13.897522926330566
17.3,16.033615112304688
18.3,16.52602767944336
15.3,14.897602081298828
15.0,14.752816200256348
16.2,15.223174095153809
12.1,14.06238079071045
18.6,16.123397827148438
7.7,11.184028625488281
17.1,15.938722610473633
15.8,15.02957534790039
10.8,13.356689453125
15.4,15.074315071105957
18.7,16.50701332092285
15.6,15.286991119384766
15.1,14.810981750488281
11.6,13.433119773864746
15.9,15.803717613220215
19.3,14.596799850463867
15.3,14.902251243591309
11.3,13.42820930480957
14.4,14.533659934997559
13.9,14.292181968688965
17.1,16.163244247436523
15.9,15.375950813293457
17.0,15.226325988769531
11.6,13.486138343811035
18.3,15.730374336242676
16.8,15.71855354309082
18.6,16.631410598754883
18.5,15.129902839660645
15.0,14.630053520202637
14.8,14.593167304992676
12.8,13.91186809539795
14.3,14.146100997924805
13.1,13.685540199279785
14.2,14.496030807495117
12.8,14.00471305847168
14.9,14.775169372558594
15.4,14.792899131774902
12.4,13.753311157226562
13.5,14.037626266479492
15.5,15.14333724975586
18.3,15.874007225036621
15.6,15.247879028320312
16.8,15.35317325592041
13.7,14.340497016906738
14.6,14.212045669555664
12.6,13.645830154418945
13.0,13.817360877990723
15.5,14.853479385375977
12.5,13.902678489685059
19.7,16.568326950073242
14.5,14.325592994689941
13.6,14.042470932006836
15.0,14.82486343383789
14.7,14.656830787658691
12.3,13.491150856018066
14.8,14.822822570800781
17.8,15.912504196166992
11.7,13.421354293823242
15.2,14.65368938446045
14.5,14.750627517700195
16.7,15.214323997497559
12.3,13.426273345947266
15.2,14.891661643981934
14.3,14.24661922454834
12.1,13.128902435302734
15.8,15.22504711151123
14.1,14.65949535369873
14.0,14.321606636047363
13.9,14.82945728302002
15.7,15.14333724975586
13.7,13.788904190063477
16.5,15.399628639221191
15.9,14.747166633605957
13.1,14.941534042358398
19.3,16.902088165283203
15.9,15.059968948364258
13.5,14.037885665893555
15.9,15.038228988647461
9.1,11.679102897644043
16.6,15.18802261352539
15.9,14.877409934997559
15.2,14.438251495361328
13.1,14.034688949584961
14.0,14.648560523986816
14.1,14.382195472717285
18.3,16.11648941040039
14.8,14.811957359313965
13.2,14.418294906616211
18.5,16.50124168395996
17.5,15.952840805053711
16.2,15.515928268432617
12.6,13.711584091186523
12.7,13.15129566192627
10.6,13.441940307617188
13.0,14.810455322265625
11.8,13.140899658203125
11.7,13.140076637268066
17.9,14.244465827941895
19.0,16.397939682006836
13.6,14.184037208557129
16.1,15.871112823486328
14.1,14.317229270935059
17.3,16.52060317993164
12.9,14.093343734741211
19.4,16.363176345825195
10.9,13.047635078430176
15.7,14.99631118774414
17.3,16.793949127197266
13.0,13.846263885498047
14.2,14.889056205749512
17.7,16.505990982055664
16.1,14.911261558532715
15.2,15.250639915466309
15.4,14.419228553771973
17.8,16.39405632019043
19.4,16.577516555786133
9.6,13.234591484069824
15.5,15.029397964477539
14.2,14.475729942321777
16.6,15.95970344543457
12.6,13.795328140258789
12.2,13.890244483947754
14.6,14.408310890197754
12.1,14.114815711975098
14.5,14.156129837036133
13.7,14.261470794677734
13.2,13.835782051086426
13.6,13.721317291259766
11.4,13.039318084716797
16.8,15.69633960723877
14.6,14.645204544067383
14.9,14.730613708496094
15.3,15.137174606323242
15.0,14.566205978393555
16.4,15.471878051757812
11.9,13.940328598022461
14.9,14.70166301727295
14.8,14.575201034545898
15.2,15.198503494262695
11.4,14.10814380645752
8.8,11.740084648132324
14.9,14.486368179321289
13.6,14.358969688415527
15.0,14.575081825256348
13.7,14.208990097045898
12.0,13.078761100769043
16.9,15.945446014404297
14.3,14.69482707977295
15.9,14.821768760681152
15.6,14.991870880126953
15.2,14.706269264221191
16.3,15.07931137084961
14.0,14.145565032958984
15.7,15.076704025268555
15.6,15.094529151916504
11.7,14.091063499450684
13.5,14.372673988342285
12.7,13.98193073272705
16.8,16.233232498168945
13.1,14.196908950805664
15.8,15.14333724975586
19.4,15.422762870788574
12.3,14.107500076293945
11.7,13.80753231048584
12.0,14.777386665344238
12.2,14.065038681030273
9.5,12.252689361572266
12.1,14.069867134094238
19.5,16.982511520385742
15.8,15.14333724975586
13.3,13.736446380615234
15.0,14.85563850402832
14.1,14.96633529663086
18.1,15.978363990783691
18.2,16.615453720092773
15.0,14.596843719482422
18.2,16.25543212890625
13.0,13.595486640930176
12.4,13.750064849853516
16.4,15.682934761047363
11.1,14.662930488586426
13.0,13.545032501220703
14.0,13.917938232421875
14.1,14.636368751525879
19.4,16.46342658996582
12.3,13.99403190612793
14.8,14.684118270874023
13.5,14.470580101013184
12.2,13.171159744262695
13.5,14.437033653259277
14.2,14.288954734802246
12.3,13.701061248779297
17.0,15.896587371826172
11.6,14.066332817077637
16.0,15.229637145996094
12.7,14.492156982421875
17.4,16.527475357055664
10.6,13.972308158874512
9.8,13.217785835266113
12.8,13.846389770507812
18.2,16.086334228515625
13.5,14.455520629882812
11.3,13.092540740966797
14.6,14.969291687011719
17.1,15.591357231140137
13.5,14.733012199401855
15.7,15.217968940734863
11.0,13.08330249786377
15.0,14.588944435119629
18.8,15.871856689453125
12.5,13.810040473937988
13.1,13.826202392578125
14.2,14.716414451599121
14.9,14.669654846191406
13.0,13.931276321411133
11.7,13.638984680175781
15.0,14.875279426574707
13.5,15.347166061401367
14.2,14.570413589477539
11.2,13.53085708618164
16.9,16.276891708374023
14.5,14.253335952758789
12.6,13.807876586914062
10.3,13.623008728027344
15.2,15.124202728271484
13.1,13.647235870361328
14.1,14.263773918151855
12.5,13.815847396850586
15.7,14.907140731811523
12.7,13.860711097717285
14.5,14.799018859863281
12.3,13.247020721435547
14.5,14.387551307678223
12.8,13.655272483825684
15.5,15.171119689941406
17.0,15.077128410339355
10.0,13.249683380126953
14.5,14.584115982055664
14.2,14.369271278381348
14.0,14.479228973388672
15.4,14.882831573486328
14.0,14.061671257019043
16.2,15.254530906677246
13.6,14.024154663085938
12.0,13.269051551818848
17.9,15.504067420959473
12.2,12.6981782913208
19.9,15.211573600769043
10.1,13.56403923034668
13.8,14.361190795898438
14.8,15.428062438964844
13.3,14.665417671203613
13.1,14.074453353881836
12.0,14.192096710205078
12.6,14.53832721710205
14.1,14.23022174835205
15.4,15.201709747314453
9.3,13.195322036743164
15.1,14.751906394958496
11.8,13.27361011505127
13.8,14.323776245117188
15.8,15.371155738830566
17.0,15.85283374786377
10.6,12.867116928100586
15.1,14.775917053222656
14.7,14.838695526123047
15.9,14.938282012939453
9.8,13.155620574951172
9.6,13.59421157836914
11.9,13.112839698791504
14.7,15.342120170593262
14.7,14.467432022094727
12.0,13.933918952941895
12.1,13.47683334350586
12.1,13.94318962097168
13.1,14.756119728088379
12.5,13.85281753540039
14.8,14.693429946899414
13.7,14.817179679870605
10.1,12.2523193359375
15.9,15.606870651245117
17.6,16.484140396118164
15.7,15.07969856262207
19.7,16.41717529296875
15.5,15.273006439208984
15.1,14.71522331237793
11.6,13.650923728942871
14.8,14.898898124694824
12.1,14.407583236694336
9.9,13.563509941101074
14.1,14.774310111999512
13.3,13.742390632629395
15.3,14.807319641113281
14.2,14.998716354370117
16.5,15.284646987915039
10.7,14.250717163085938
16.5,15.68220329284668
18.3,16.5778751373291
13.0,13.818482398986816
13.3,13.801782608032227
13.0,13.799080848693848
13.3,14.205924987792969
13.7,14.385587692260742
16.6,15.68941879272461
9.7,13.414033889770508
13.8,16.61319351196289
11.7,13.521907806396484
17.8,16.430938720703125
14.2,14.516755104064941
18.1,16.76453971862793
16.1,15.527446746826172
12.7,14.39443588256836
12.4,14.530405044555664
13.8,14.264029502868652
17.0,13.857309341430664
11.8,13.726638793945312
10.8,13.420570373535156
19.2,16.133840560913086
13.3,14.032498359680176
15.5,14.845619201660156
19.0,16.808828353881836
11.9,13.499689102172852
14.6,14.903759956359863
13.8,14.410581588745117
13.8,14.598206520080566
15.9,15.296449661254883
15.4,15.961709022521973
19.0,16.25148582458496
11.8,13.567822456359863
16.4,15.672327995300293
15.5,15.091773986816406
13.0,14.157919883728027
19.5,16.251182556152344
18.1,16.613174438476562
19.3,16.863540649414062
15.6,15.866894721984863
13.8,14.238298416137695
17.8,15.959369659423828
15.8,15.01008129119873
15.4,14.66928482055664
15.8,14.882339477539062
9.9,12.288387298583984
15.6,15.263128280639648
15.6,15.003072738647461
7.2,13.284817695617676
10.6,12.846388816833496
13.9,14.642281532287598
14.9,14.92284870147705
16.1,15.775948524475098
9.2,12.245755195617676
15.4,15.082797050476074
15.1,15.052349090576172
13.2,13.856953620910645
18.2,16.333953857421875
14.1,14.375173568725586
15.7,14.975482940673828
13.7,13.940095901489258
17.9,15.228032112121582
13.8,14.580744743347168
15.8,15.049424171447754
15.1,15.584855079650879
13.3,14.64869213104248
13.8,15.231673240661621
13.3,14.223528861999512
14.4,13.930459976196289
16.1,14.864400863647461
16.4,15.701335906982422
12.9,13.946670532226562
16.1,15.224813461303711
14.6,15.995223999023438
14.1,14.603294372558594
16.1,15.444961547851562
15.0,14.582172393798828
14.0,14.551299095153809
15.4,14.978536605834961
15.9,15.779438018798828
12.4,13.87089729309082
16.9,15.57529354095459
14.8,16.063568115234375
16.6,15.743107795715332
15.7,15.37694263458252
12.5,14.033411979675293
12.1,13.339085578918457
15.0,15.261889457702637
15.2,15.196306228637695
15.1,14.994193077087402
14.2,14.495438575744629
15.9,14.963729858398438
14.1,15.11667251586914
10.9,12.941754341125488
10.4,14.09683609008789
14.0,14.573201179504395
14.9,14.868255615234375
19.7,16.782506942749023
15.9,15.945740699768066
7.0,11.17401123046875
10.6,13.053168296813965
11.7,12.928808212280273
17.8,15.975485801696777
18.9,16.5561466217041
14.1,14.497919082641602
14.7,14.650257110595703
16.6,15.889389038085938
17.2,16.20394515991211
12.7,14.260968208312988
15.6,15.091207504272461
18.4,16.1691837310791
14.1,14.63079833984375
18.5,16.797653198242188
16.2,15.595505714416504
14.5,14.17818832397461
17.5,16.240497589111328
15.1,14.813193321228027
12.2,14.93021011352539
15.3,14.764053344726562
11.0,13.149548530578613
18.0,15.880718231201172
15.0,14.776230812072754
16.9,15.183178901672363
15.3,14.649109840393066
13.0,14.055803298950195
13.2,13.940553665161133
14.3,14.913859367370605
12.3,14.327398300170898
16.0,15.361824035644531
15.8,15.037226676940918
15.1,14.82828140258789
15.4,15.61640453338623
16.1,15.573212623596191
13.6,14.886530876159668
14.7,14.8674955368042
14.8,14.68818473815918
15.7,15.383281707763672
15.8,14.662076950073242
14.9,14.84015941619873
15.3,14.810606002807617
15.4,15.161578178405762
14.7,15.257552146911621
15.2,14.828286170959473
12.6,13.771881103515625
13.2,13.92884349822998
12.2,13.717758178710938
14.0,14.836655616760254
13.0,13.796879768371582
13.0,13.67587661743164
14.0,14.494287490844727
15.9,15.120322227478027
15.5,15.193038940429688
15.1,14.80762767791748
15.7,15.08353328704834
14.5,14.490067481994629
15.5,15.503411293029785
14.9,15.017609596252441
14.6,14.875076293945312
16.6,15.819822311401367
15.3,14.943660736083984
14.5,14.869184494018555
19.9,16.096242904663086
16.1,14.994354248046875
13.0,14.110798835754395
15.9,15.733372688293457
14.4,14.589658737182617
15.7,15.16055679321289
15.4,15.081830978393555
16.1,15.570919036865234
13.8,14.38186264038086
15.7,15.16055679321289
17.8,16.351228713989258
14.8,14.878192901611328
15.1,15.085494041442871
13.9,14.678894996643066
12.4,13.901573181152344
13.3,14.138816833496094
18.1,16.649717330932617
12.8,15.361355781555176
15.0,14.821657180786133
18.6,15.9231538772583
14.0,14.413225173950195
18.7,16.122554779052734
18.7,16.11057472229004
14.8,14.747076034545898
19.7,16.82030487060547
15.2,14.769211769104004
14.2,14.722423553466797
16.5,15.002442359924316
14.8,15.049439430236816
14.0,14.746696472167969
16.0,14.750316619873047
12.2,14.514537811279297
13.8,14.241419792175293
14.2,14.195826530456543
13.9,14.24074649810791
14.6,14.906996726989746
15.3,14.986711502075195
13.7,14.565693855285645
10.3,12.185739517211914
14.8,14.34789752960205
14.5,14.610801696777344
16.0,15.21142292022705
11.8,14.087950706481934
17.1,15.87629508972168
14.7,15.159551620483398
13.7,14.14375114440918
19.6,16.81224250793457
13.5,15.530834197998047
14.2,14.783027648925781
16.2,13.761714935302734
11.6,14.472662925720215
14.3,14.845990180969238
13.2,14.183530807495117
9.3,11.847511291503906
15.2,14.839309692382812
15.6,14.84914779663086
14.5,15.474577903747559
14.3,14.784357070922852
16.3,14.8401460647583
17.2,16.73294448852539
14.0,14.220128059387207
12.6,13.804001808166504
14.3,14.648658752441406
18.6,15.89087200164795
19.3,16.792152404785156
12.1,13.451287269592285
10.9,13.337437629699707
11.9,13.258004188537598
18.6,16.827735900878906
12.0,13.464859008789062
15.3,14.81653881072998
14.7,14.567938804626465
16.4,14.930632591247559
15.1,14.773874282836914
12.7,13.490638732910156
14.9,14.993013381958008
14.9,14.860234260559082
12.2,13.966442108154297
14.4,14.610053062438965
15.8,15.107303619384766
15.6,15.261405944824219
14.9,14.746562004089355
18.3,16.88336753845215
15.5,14.594011306762695
11.1,13.912461280822754
14.4,14.79063606262207
15.0,15.047654151916504
16.4,15.527810096740723
15.8,14.99068832397461
12.5,13.561820030212402
11.4,13.595200538635254
16.8,15.870769500732422
12.1,13.606830596923828
11.8,13.139387130737305
14.6,15.016419410705566
12.8,14.431004524230957
15.7,15.124202728271484
17.2,16.233983993530273
14.5,14.95570182800293
8.9,11.717126846313477
15.7,15.567232131958008
17.9,15.826848983764648
19.0,16.576560974121094
13.6,14.89344310760498
13.5,13.819680213928223
11.1,13.438315391540527
15.4,15.143402099609375
15.2,14.741701126098633
15.3,14.826501846313477
15.4,15.240346908569336
15.0,14.991966247558594
10.0,13.800640106201172
19.4,14.46835708618164
14.1,14.117437362670898
16.8,16.047130584716797
14.7,14.825398445129395
10.9,13.56395435333252
13.5,14.64398193359375
10.9,13.426819801330566
18.2,16.455570220947266
13.9,14.459467887878418
17.7,16.700620651245117
15.8,15.083985328674316
17.9,16.204303741455078
17.8,15.956124305725098
12.2,13.644220352172852
11.4,13.961316108703613
12.2,13.630805015563965
14.6,14.811722755432129
16.0,15.240492820739746
14.4,14.514659881591797
13.7,14.786320686340332
15.6,14.832050323486328
10.2,13.378726959228516
14.7,14.85442066192627
14.4,14.593206405639648
17.8,16.32981300354004
15.2,15.124202728271484
16.1,15.509807586669922
15.8,15.468156814575195
11.8,13.110116958618164
16.8,15.897820472717285
14.5,14.64852523803711
15.0,14.8080472946167
15.2,15.176494598388672
10.4,12.688833236694336
12.5,14.00234317779541
12.8,14.212620735168457
11.0,13.491968154907227
15.7,15.755104064941406
15.6,15.216691970825195
18.0,15.95701789855957
15.1,15.094396591186523
15.1,15.098821640014648
15.1,15.526965141296387
11.8,13.461995124816895
17.2,15.761981010437012
16.7,15.689311981201172
12.6,13.984029769897461
9.9,13.187813758850098
13.6,14.074891090393066
10.9,13.90650749206543
17.1,16.140552520751953
15.5,14.655806541442871
17.4,16.04415512084961
15.0,14.865701675415039
13.4,13.92740535736084
17.0,16.52552032470703
15.1,14.751084327697754
15.1,14.643590927124023
19.5,16.13799285888672
15.4,15.549994468688965
12.7,13.864774703979492
15.9,15.576245307922363
14.2,13.41301155090332
14.9,15.086618423461914
13.8,14.476350784301758
10.9,12.803923606872559
14.7,14.350737571716309
14.8,14.607254028320312
13.4,14.28650188446045
14.7,14.525897026062012
16.1,15.429535865783691
15.0,14.754692077636719
13.8,14.756965637207031
19.1,16.78502082824707
11.5,13.505162239074707
16.7,15.700265884399414
15.1,15.008819580078125
15.7,15.14333724975586
16.1,15.14333724975586
9.4,13.045930862426758
16.1,15.557618141174316
12.9,14.429447174072266
13.3,14.5836820602417
13.8,14.55610179901123
13.3,13.895343780517578
15.7,14.972244262695312
14.3,15.459199905395508
15.4,15.13754653930664
18.6,16.431089401245117
12.7,13.871467590332031
12.2,13.144847869873047
14.7,14.697389602661133
16.2,15.125919342041016
15.1,15.074721336364746
11.4,13.59445571899414
11.7,12.949503898620605
15.0,14.540983200073242
16.9,15.829797744750977
11.0,13.649184226989746
15.6,14.90277099609375
14.9,14.699831008911133
16.9,16.32967758178711
17.6,16.446073532104492
14.3,14.75922679901123
15.3,14.903578758239746
13.0,14.909594535827637
19.3,16.10906219482422
13.8,14.516244888305664
18.0,15.60992431640625
14.8,14.408126831054688
15.5,15.131814002990723
16.1,15.570808410644531
13.0,13.663066864013672
17.3,15.02221965789795
17.0,16.12969207763672
14.6,15.093344688415527
13.1,14.291128158569336
16.1,15.424367904663086
15.0,14.759346008300781
17.3,15.608189582824707
13.7,13.546222686767578
17.6,16.7817440032959
15.9,14.863816261291504
14.0,14.252574920654297
14.2,14.305773735046387
14.8,14.362953186035156
19.4,16.752803802490234
15.0,15.064547538757324
16.1,15.46860408782959
14.5,14.48771858215332
17.1,14.717325210571289
15.8,14.32451343536377
15.4,14.67402172088623
15.0,15.752593994140625
14.9,14.677556991577148
11.4,13.077844619750977
15.5,15.14333724975586
19.8,16.40218734741211
10.8,13.330127716064453
15.4,15.295437812805176
17.4,16.050193786621094
16.4,15.577462196350098
13.9,14.686090469360352
17.9,16.076190948486328
15.9,15.585806846618652
15.9,16.049293518066406
17.5,16.197641372680664
14.3,15.244068145751953
16.3,15.442931175231934
14.5,14.611144065856934
13.5,14.459809303283691
19.2,15.99483871459961
13.4,15.018719673156738
17.8,16.112895965576172
12.0,14.005974769592285
7.1,11.933629035949707
10.0,12.880789756774902
15.6,14.48941421508789
15.4,15.1180419921875
13.6,14.501456260681152
19.0,16.937952041625977
14.5,14.638744354248047
12.6,14.087235450744629
14.2,14.72421646118164
17.8,16.363021850585938
18.4,16.308027267456055
18.5,15.584781646728516
15.8,15.260292053222656
9.5,14.059473991394043
14.5,14.942818641662598
15.2,15.124202728271484
13.4,15.309587478637695
12.8,13.92776107788086
16.0,15.576574325561523
13.0,14.578174591064453
18.0,16.427640914916992
13.8,14.230194091796875
18.9,16.7325439453125
16.5,15.495943069458008
17.7,16.681917190551758
12.7,13.64474105834961
16.6,15.667560577392578
15.9,15.283007621765137
13.7,14.18282413482666
15.3,14.488365173339844
19.8,16.78788948059082
11.4,13.233745574951172
13.8,14.24506950378418
16.4,15.127872467041016
15.9,15.327474594116211
10.7,13.788176536560059
14.9,14.873506546020508
14.1,14.296515464782715
15.3,14.899467468261719
14.0,14.159672737121582
18.5,16.325193405151367
19.4,16.57151985168457
15.3,15.400345802307129
14.5,14.39953899383545
14.2,14.070853233337402
17.8,16.173259735107422
17.7,15.898309707641602
14.0,14.31421947479248
16.6,15.877106666564941
19.2,16.95695686340332
17.1,14.481616973876953
15.0,14.116640090942383
10.7,13.8170804977417
15.3,14.681015968322754
14.3,14.494073867797852
14.8,14.491731643676758
12.9,13.927894592285156
14.5,14.390151977539062
15.4,14.972434997558594
17.8,15.806554794311523
14.5,14.630158424377441
13.1,14.287690162658691
15.3,15.454205513000488
16.4,15.433276176452637
12.3,13.587652206420898
11.3,13.541748046875
15.4,15.413914680480957
18.8,15.458276748657227
8.5,12.742549896240234
17.6,15.864398956298828
11.2,13.32059097290039
14.9,15.622844696044922
13.7,14.294824600219727
13.1,13.141524314880371
13.2,14.076513290405273
5.9,12.641550064086914
14.9,14.678865432739258
18.0,16.152387619018555
13.7,14.149781227111816
15.2,14.814462661743164
15.1,14.810229301452637
14.2,14.503002166748047
15.7,15.688496589660645
9.0,11.703852653503418
15.8,15.542290687561035
14.6,15.137805938720703
15.0,14.92891788482666
9.2,11.996637344360352
13.4,14.416092872619629
14.8,14.970913887023926
18.5,16.601465225219727
16.1,15.061800003051758
12.3,13.812516212463379
15.1,15.482420921325684
17.2,15.534152030944824
17.3,16.33275032043457
15.7,15.383713722229004
19.4,16.642810821533203
15.7,14.59085464477539
14.3,14.355504989624023
16.6,15.3691987991333
14.2,14.662413597106934
13.6,14.336263656616211
14.7,14.64404296875
13.8,13.666521072387695
15.0,14.791579246520996
18.5,16.587112426757812
14.9,14.768376350402832
13.4,14.026582717895508
15.2,14.975446701049805
10.5,15.08174991607666
14.4,14.663788795471191
14.7,15.14816951751709
11.7,14.276653289794922
14.9,15.084891319274902
14.6,15.300652503967285
12.6,13.618027687072754
15.9,15.618053436279297
16.5,15.750544548034668
13.6,14.32828426361084
13.6,13.795177459716797
17.0,15.74094009399414
15.2,15.024686813354492
12.0,13.532024383544922
11.6,13.549083709716797
13.0,13.556900024414062
19.1,16.476362228393555
9.1,11.754788398742676
15.5,15.470065116882324
14.9,15.072163581848145
14.5,14.649367332458496
16.3,15.602130889892578
14.3,15.016948699951172
13.9,14.463398933410645
16.2,15.672117233276367
16.4,15.80297565460205
14.4,14.501014709472656
14.6,15.180898666381836
13.6,14.370026588439941
15.0,14.41897964477539
14.5,14.709948539733887
17.7,16.12183380126953
15.2,15.351120948791504
15.7,15.260406494140625
18.7,15.957415580749512
14.5,15.073711395263672
19.1,16.55555534362793
10.3,12.560625076293945
13.6,14.323504447937012
13.4,14.22986125946045
14.2,14.24415111541748
11.6,14.057616233825684
13.3,13.91062068939209
13.5,13.746476173400879
16.2,14.548596382141113
9.7,13.093055725097656
16.9,16.232826232910156
12.6,14.055839538574219
16.5,15.527755737304688
9.5,12.730710983276367
17.6,15.653343200683594
15.7,15.339136123657227
11.9,13.728665351867676
14.2,14.43455982208252
12.1,14.387175559997559
12.7,14.478381156921387
17.6,15.33679485321045
14.7,15.431390762329102
10.7,13.427773475646973
12.1,13.878762245178223
19.1,16.1855525970459
15.9,15.328618049621582
9.7,13.39548397064209
14.2,14.636646270751953
15.9,15.213200569152832
13.0,14.27287769317627
17.3,16.09250259399414
15.2,14.733640670776367
12.3,13.708828926086426
14.3,14.526472091674805
14.4,16.033273696899414
14.4,14.386353492736816
11.3,13.91417407989502
14.7,14.979904174804688
15.8,15.125700950622559
17.7,16.425926208496094
19.3,16.063386917114258
16.8,15.917587280273438
7.4,12.50615406036377
15.0,14.382650375366211
12.9,13.733270645141602
13.1,13.93624496459961
15.5,14.751754760742188
16.6,14.953765869140625
17.2,16.209827423095703
19.6,16.417428970336914
15.8,15.449243545532227
15.0,14.769438743591309
16.9,15.685606956481934
15.5,14.72214412689209
19.7,16.616052627563477
11.9,13.33371353149414
16.6,16.371591567993164
16.9,16.30864906311035
16.0,15.164480209350586
16.8,16.017667770385742
14.9,15.551630020141602
19.6,16.809558868408203
12.7,13.87317180633545
14.6,14.008234024047852
19.1,16.977638244628906
18.3,16.063085556030273
18.1,16.621753692626953
15.2,14.786882400512695
17.0,15.653135299682617
13.3,14.607215881347656
19.2,16.671844482421875
17.9,15.816963195800781
15.2,14.646644592285156
15.8,15.913617134094238
15.6,15.095216751098633
15.0,14.460203170776367
15.2,15.05012035369873
13.8,14.074583053588867
18.3,15.468290328979492
19.6,16.96607208251953
14.5,15.16557502746582
14.8,15.089532852172852
14.4,15.290750503540039
14.5,14.602603912353516
14.2,14.40212631225586
16.0,15.15006160736084
15.6,14.87592601776123
18.9,16.958532333374023
13.5,14.446110725402832
15.9,15.518485069274902
16.0,14.757426261901855
13.0,13.429374694824219
15.6,15.634571075439453
15.6,15.191993713378906
17.2,15.879096984863281
18.0,16.334339141845703
18.9,16.783897399902344
14.0,13.812896728515625
18.1,16.90370750427246
12.3,14.076236724853516
19.7,16.923465728759766
14.4,15.079660415649414
12.2,14.277201652526855
15.0,15.076022148132324
15.2,14.669154167175293
14.3,14.461199760437012
18.0,16.42582130432129
13.0,14.174013137817383
14.4,14.538081169128418
17.1,16.15761947631836
14.8,14.773604393005371
16.8,15.720123291015625
15.9,15.192034721374512
14.9,14.595441818237305
5.3,13.024900436401367
15.1,14.516663551330566
15.7,15.040560722351074
13.0,14.210265159606934
12.3,14.398077011108398
17.8,16.338619232177734
10.3,13.321883201599121
15.1,14.871513366699219
14.5,14.610605239868164
14.6,14.977542877197266
16.9,15.13019847869873
17.6,16.20667839050293
14.2,14.938261985778809
15.7,15.019599914550781
17.8,16.569869995117188
15.9,14.850418090820312
15.4,14.741381645202637
15.3,15.720823287963867
15.3,15.191600799560547
19.2,15.557291030883789
14.8,15.201750755310059
17.9,16.203001022338867
17.6,16.386859893798828
17.6,15.599020004272461
16.5,15.98589038848877
11.6,12.469679832458496
18.4,16.788646697998047
15.6,15.493264198303223
15.5,15.289950370788574
17.1,16.441802978515625
19.4,16.95064926147461
10.9,13.229028701782227
15.2,15.254512786865234
12.2,14.54700756072998
15.6,15.750765800476074
18.8,16.44826316833496
14.2,15.140351295471191
16.7,16.317611694335938
15.8,15.554468154907227
18.8,16.51365852355957
16.0,15.779090881347656
13.7,14.440352439880371
15.0,15.192482948303223
17.5,15.904200553894043
14.7,14.71213436126709
16.5,15.813220977783203
16.9,15.88734245300293
15.1,15.536409378051758
16.3,16.38964080810547
13.0,14.277470588684082
19.0,16.783658981323242
15.5,15.416930198669434
15.7,15.824699401855469
14.8,15.128507614135742
16.5,16.04544448852539
14.9,14.768510818481445
17.0,16.430530548095703
13.5,14.013779640197754
15.4,14.888032913208008
12.6,13.523874282836914
13.5,13.966721534729004
19.2,16.898292541503906
14.7,14.894073486328125
19.5,16.163923263549805
14.6,15.095483779907227
16.9,15.001551628112793
14.4,14.373675346374512
19.3,15.765209197998047
14.5,14.817996978759766
13.9,14.574748039245605
17.7,16.308109283447266
14.8,14.226485252380371
13.9,14.195300102233887
13.7,14.183694839477539
16.2,15.041528701782227
15.4,14.766680717468262
15.2,15.133970260620117
14.6,14.454483032226562
14.8,14.71247673034668
17.4,15.569419860839844
13.9,14.124749183654785
16.1,15.751504898071289
9.5,14.014760971069336
14.8,14.60490894317627
15.0,14.323615074157715
16.1,15.1134614944458
9.4,12.588722229003906
14.9,14.73682975769043
16.9,16.288288116455078
14.4,16.359079360961914
16.8,16.092945098876953
17.8,16.278242111206055
13.9,14.500662803649902
13.1,14.762340545654297
15.6,15.047282218933105
15.3,15.070398330688477
17.2,16.158479690551758
14.7,14.565826416015625
11.3,13.303468704223633
14.3,14.562520980834961
18.9,16.798904418945312
19.7,16.748706817626953
16.9,15.993085861206055
18.9,16.399635314941406
14.7,15.139911651611328
18.0,16.39031982421875
15.4,16.04791831970215
15.0,14.99079418182373
17.0,15.898269653320312
15.1,15.043606758117676
15.0,14.735224723815918
16.4,15.553833961486816
15.8,14.761740684509277
17.9,16.237346649169922
14.5,15.206633567810059
19.5,16.89733123779297
15.7,14.850789070129395
16.2,14.792539596557617
16.8,15.782246589660645
15.2,14.74939250946045
14.4,14.992926597595215
15.6,15.148006439208984
14.1,14.558472633361816
14.6,14.193817138671875
14.2,14.556190490722656
14.7,15.471785545349121
18.4,16.298498153686523
15.6,15.002126693725586
12.4,13.5994873046875
18.2,16.080820083618164
14.7,14.736759185791016
15.0,14.639461517333984
13.4,14.39692497253418
13.9,15.216758728027344
17.8,16.144542694091797
13.7,14.216827392578125
13.3,14.732799530029297
15.6,15.237837791442871
14.7,14.557713508605957
14.5,14.520394325256348
18.6,15.280598640441895
19.6,16.77414321899414
12.1,12.200638771057129
15.0,14.568350791931152
15.9,15.229247093200684
14.2,14.654716491699219
15.9,15.041513442993164
11.4,13.56816291809082
13.4,14.40433120727539
12.5,13.875709533691406
16.9,15.140501022338867
19.2,16.657047271728516
14.4,14.598366737365723
16.7,14.968464851379395
14.4,14.161611557006836
12.9,13.745488166809082
11.9,14.011402130126953
15.2,14.808274269104004
9.5,13.096571922302246
15.6,14.011466026306152
15.3,15.074917793273926
15.4,14.986279487609863
10.9,13.812085151672363
14.4,15.372684478759766
15.4,15.120649337768555
16.3,15.167418479919434
14.8,15.089532852172852
15.2,14.512869834899902
13.0,13.816591262817383
15.1,14.696715354919434
12.7,13.660262107849121
14.2,14.597661972045898
17.1,16.636667251586914
12.2,14.083736419677734
14.5,14.712040901184082
18.2,16.11758041381836
14.4,15.234037399291992
15.7,15.341792106628418
14.5,14.915628433227539
15.2,15.201834678649902
17.6,16.019407272338867
13.6,14.89789867401123
14.8,14.636588096618652
13.6,15.296366691589355
10.9,12.898058891296387
15.7,14.95277214050293
14.2,14.833944320678711
15.6,15.539767265319824
8.8,12.615558624267578
13.2,13.976841926574707
14.7,14.630338668823242
14.3,14.6429443359375
15.8,14.819283485412598
14.8,14.620063781738281
17.3,16.387434005737305
16.6,16.227571487426758
15.1,14.864779472351074
18.9,15.826045989990234
14.6,14.40554428100586
13.9,14.118858337402344
15.2,15.121212005615234
12.4,13.451253890991211
14.9,14.914731979370117
15.8,15.244174003601074
16.9,15.865453720092773
15.4,15.21753978729248
17.5,16.68983268737793
13.0,13.885965347290039
14.8,14.999757766723633
15.8,15.126906394958496
15.7,14.895085334777832
17.5,16.367338180541992
10.3,11.687192916870117
12.1,14.879538536071777
18.0,15.893949508666992
12.1,14.084628105163574
14.6,14.623573303222656
13.7,14.627568244934082
14.8,14.60391616821289
12.6,13.756546020507812
13.9,14.219747543334961
11.7,12.579191207885742
10.4,13.012228012084961
16.8,16.399486541748047
13.5,14.686569213867188
12.4,13.584062576293945
16.8,15.961299896240234
15.2,15.125194549560547
11.8,14.207435607910156
15.3,15.107377052307129
14.4,14.839849472045898
11.6,14.212645530700684
15.3,14.832646369934082
12.9,13.708765029907227
17.3,16.291461944580078
9.8,12.417753219604492
16.1,15.131126403808594
5.6,11.647592544555664
9.2,14.989389419555664
17.2,16.321487426757812
11.7,13.142012596130371
12.4,14.115189552307129
15.1,14.93843936920166
15.4,14.861703872680664
18.1,15.957103729248047
16.8,15.72084903717041
14.0,14.4689359664917
5.6,11.504889488220215
16.5,15.214296340942383
18.1,16.293798446655273
18.6,16.437685012817383
14.8,14.851471900939941
14.0,14.352014541625977
5.3,11.336886405944824
14.1,14.051559448242188
13.2,14.623781204223633
13.5,14.547966957092285
14.5,15.746826171875
14.1,15.242897033691406
10.4,13.208609580993652
14.9,15.109271049499512
16.3,14.808914184570312
14.5,15.303487777709961
14.1,15.125616073608398
14.7,14.763372421264648
11.8,13.086882591247559
13.4,14.358478546142578
13.0,13.632867813110352
15.9,15.40449333190918
13.0,13.777582168579102
13.3,14.926414489746094
15.3,15.566659927368164
19.2,15.890987396240234
14.5,14.470917701721191
14.5,15.35802936553955
18.5,16.324552536010742
13.7,14.16627025604248
17.1,16.2860107421875
12.8,14.379303932189941
12.8,14.345808982849121
13.9,14.476554870605469
14.9,14.877043724060059
15.1,14.803772926330566
14.7,14.582990646362305
14.6,14.373773574829102
16.7,14.918604850769043
17.4,16.2415714263916
14.8,14.306771278381348
15.8,15.686441421508789
15.5,15.926246643066406
18.3,16.385765075683594
13.4,14.504838943481445
18.6,16.329856872558594
11.2,13.332494735717773
14.6,15.028212547302246
18.8,15.617194175720215
12.8,13.775163650512695
12.3,13.841768264770508
18.2,16.27381134033203
14.0,14.404534339904785
10.3,13.181293487548828
19.5,15.980623245239258
15.6,15.744584083557129
14.1,14.37443733215332
17.8,15.782608985900879
17.5,15.3096923828125
14.9,14.645288467407227
15.6,15.07739543914795
18.2,15.084115028381348
14.3,14.580435752868652
18.1,16.871623992919922
13.3,14.014366149902344
17.0,14.968935012817383
17.4,16.01348304748535
12.6,14.380144119262695
19.0,16.897417068481445
17.0,16.15582275390625
15.5,15.739275932312012
15.6,15.094552993774414
17.3,16.12281608581543
13.5,14.075614929199219
17.1,15.910799026489258
16.1,14.680586814880371
19.9,16.758174896240234
13.3,13.948339462280273
14.6,15.455289840698242
16.3,16.145505905151367
15.3,14.786250114440918
13.8,14.197254180908203
16.2,15.868598937988281
18.6,16.763572692871094
15.8,15.171111106872559
14.0,14.226094245910645
15.7,15.194589614868164
15.2,15.406268119812012
15.2,14.651407241821289
15.8,14.813529968261719
15.9,15.633771896362305
13.4,13.807004928588867
15.2,14.696268081665039
15.4,15.498639106750488
18.2,15.517387390136719
19.6,16.815370559692383
17.6,15.736446380615234
13.1,14.30998420715332
16.7,15.633658409118652
15.2,14.765347480773926
12.6,13.647638320922852
16.0,15.687841415405273
18.9,16.627771377563477
19.5,16.097265243530273
14.8,14.773391723632812
12.4,14.182618141174316
15.4,14.793502807617188
16.0,15.363733291625977
15.3,14.941362380981445
15.0,14.982184410095215
15.3,14.936749458312988
17.8,15.857129096984863
11.8,12.522797584533691
14.8,14.589035034179688
15.1,15.034429550170898
15.9,15.165144920349121
15.6,14.987724304199219
14.1,14.472809791564941
16.6,16.00634765625
14.4,15.328468322753906
14.5,14.486618995666504
14.4,14.48617172241211
15.5,14.920825004577637
14.1,14.817450523376465
13.4,14.588251113891602
15.0,14.938095092773438
14.8,14.30190658569336
15.5,15.028131484985352
15.0,14.834405899047852
12.6,13.91227912902832
12.5,14.01170539855957
12.1,14.048250198364258
12.4,13.663853645324707
14.7,14.594376564025879
9.0,13.825840950012207
16.7,16.432308197021484
9.7,12.750776290893555
14.4,15.125642776489258
15.4,15.145315170288086
14.4,14.568279266357422
18.9,16.988636016845703
12.3,14.957137107849121
13.6,14.099235534667969
15.4,15.497941017150879
15.2,14.66409969329834
14.6,14.741963386535645
14.8,15.034645080566406
13.8,14.237311363220215
14.9,14.613434791564941
9.9,12.103121757507324
13.0,14.201592445373535
14.2,14.591402053833008
16.5,15.63941478729248
15.3,15.175382614135742
18.0,16.22877311706543
19.2,16.785842895507812
15.4,15.138696670532227
14.5,14.084657669067383
14.2,14.472180366516113
10.0,13.61319637298584
10.4,12.975202560424805
14.3,14.412933349609375
12.7,13.907757759094238
19.8,16.242294311523438
14.4,14.851008415222168
18.5,16.760351181030273
12.8,13.800082206726074
13.7,14.671513557434082
17.4,15.49734115600586
12.8,14.333718299865723
17.2,16.25773811340332
17.4,16.339397430419922
14.3,14.626742362976074
14.7,14.699955940246582
14.8,15.18348217010498
11.7,13.323463439941406
14.8,14.406250953674316
15.6,14.633352279663086
12.7,14.183349609375
16.3,14.854555130004883
15.4,15.054149627685547
18.4,16.64908790588379
14.2,14.62854290008545
12.5,13.997247695922852
19.2,16.10540199279785
12.5,13.799962043762207
19.6,16.867172241210938
15.0,14.809593200683594
14.7,14.806794166564941
14.6,14.28612232208252
16.2,15.12283992767334
16.5,15.687920570373535
15.0,14.803932189941406
18.0,15.96798324584961
14.0,14.524105072021484
13.8,13.812076568603516
18.1,16.298852920532227
17.7,16.427968978881836
17.6,15.453299522399902
12.0,14.073260307312012
14.9,14.982938766479492
14.2,14.486682891845703
16.3,16.4770565032959
15.6,15.11008071899414
16.0,15.947124481201172
14.9,15.513138771057129
13.8,14.671960830688477
18.5,16.863967895507812
16.7,16.43340492248535
14.9,14.524458885192871
13.1,14.700474739074707
14.0,14.604619979858398
16.0,15.546309471130371
14.4,14.55722427368164
18.8,16.841276168823242
15.5,14.843910217285156
15.3,15.260835647583008
15.2,14.840214729309082
13.8,14.207723617553711
15.5,15.150999069213867
14.9,14.720243453979492
16.2,15.29677963256836
10.0,13.169426918029785
19.7,16.690658569335938
17.7,15.911502838134766
15.7,15.48628044128418
15.8,15.22620677947998
15.5,14.955242156982422
11.8,14.21048355102539
19.1,16.74449348449707
19.3,16.44540786743164
16.6,15.26292896270752
16.8,15.45502758026123
17.1,16.29901885986328
18.1,16.531478881835938
12.5,13.939926147460938
10.6,13.259611129760742
13.2,14.262882232666016
15.7,14.593597412109375
15.4,14.895809173583984
18.1,16.21185302734375
15.8,14.961177825927734
16.5,15.854517936706543
9.8,13.048652648925781
17.1,15.687111854553223
15.3,14.94880485534668
13.7,14.859709739685059
15.3,14.783905982971191
14.3,15.396339416503906
17.2,16.25358772277832
15.6,15.486538887023926
15.4,15.215936660766602
14.3,14.53796672821045
15.6,15.238177299499512
15.9,14.911316871643066
17.4,15.431854248046875
15.0,15.067591667175293
15.1,15.58240795135498
16.2,15.921083450317383
16.4,14.784193992614746
15.9,14.527212142944336
15.6,14.882718086242676
15.0,14.982171058654785
15.0,14.191207885742188
14.8,15.6637544631958
15.7,15.872303009033203
16.7,15.648409843444824
18.7,15.230476379394531
14.0,14.388351440429688
14.5,14.481636047363281
18.7,16.604877471923828
15.7,15.796710014343262
16.7,15.654339790344238
14.7,15.17940902709961
14.7,14.612776756286621
15.4,15.004744529724121
17.3,15.918760299682617
15.7,15.25446891784668
12.1,13.196800231933594
10.5,13.324508666992188
19.3,16.946552276611328
18.2,16.632373809814453
17.6,16.194393157958984
14.9,15.162822723388672
15.5,15.124202728271484
17.8,16.262863159179688
15.6,15.201709747314453
16.2,14.660735130310059
19.4,15.88650894165039
15.3,15.47676944732666
16.0,15.177939414978027
17.7,16.00531005859375
14.8,14.947708129882812
13.3,14.588642120361328
13.9,14.239356994628906
14.1,14.564068794250488
18.2,16.002416610717773
18.8,16.96242904663086
13.6,13.82146167755127
10.8,13.114527702331543
10.9,12.842918395996094
15.1,14.739681243896484
19.7,16.882734298706055
16.1,15.781561851501465
15.6,15.16458511352539
13.2,14.049504280090332
13.5,14.650638580322266
11.0,13.662981033325195
6.8,10.932411193847656
15.5,14.916866302490234
12.8,13.790384292602539
18.1,15.859841346740723
15.5,14.86931324005127
16.4,15.564074516296387
18.2,16.60710906982422
15.3,14.362309455871582
18.6,16.424190521240234
15.5,14.886591911315918
15.5,15.303412437438965
15.7,15.626416206359863
19.1,16.338411331176758
15.6,15.152838706970215
19.7,16.716747283935547
17.5,16.282163619995117
17.0,16.3284969329834
17.7,15.649914741516113
13.4,13.942666053771973
9.7,12.238479614257812
12.6,14.095619201660156
12.3,13.623350143432617
16.0,15.003738403320312
14.5,14.564709663391113
17.8,15.738665580749512
15.0,14.999755859375
17.4,16.244503021240234
14.1,14.319039344787598
17.4,15.534147262573242
14.2,14.464214324951172
15.5,14.741606712341309
13.4,13.912094116210938
14.4,14.99039363861084
12.5,13.604063987731934
15.5,15.612077713012695
15.6,15.113302230834961
13.5,14.991726875305176
11.2,13.921101570129395
13.1,14.284784317016602
17.4,15.835465431213379
13.4,13.843842506408691
12.6,13.899566650390625
17.0,15.2132568359375
18.9,15.486882209777832
15.2,14.743293762207031
12.5,13.72917366027832
10.2,13.400059700012207
12.6,13.711424827575684
18.8,16.404348373413086
17.0,15.163183212280273
10.7,12.892555236816406
15.4,14.617883682250977
16.1,15.704941749572754
16.8,15.6215181350708
11.5,13.443889617919922
16.7,15.838838577270508
14.8,15.080738067626953
13.9,14.197182655334473
15.1,14.770344734191895
15.4,15.03108024597168
15.6,15.073850631713867
18.9,16.662921905517578
15.0,15.207720756530762
19.4,16.934181213378906
14.9,15.308857917785645
15.8,15.268397331237793
11.4,13.32919979095459
15.4,15.167953491210938
17.4,15.351245880126953
13.7,14.72616958618164
16.3,15.453619003295898
11.7,13.610881805419922
17.0,15.863560676574707
15.5,14.533998489379883
15.1,14.710206031799316
14.7,15.130165100097656
15.8,15.148916244506836
19.5,16.87598419189453
15.3,15.335795402526855
7.5,11.900842666625977
11.2,13.650592803955078
13.3,14.834573745727539
13.6,15.37042236328125
12.5,14.45982551574707
10.1,12.540340423583984
19.5,16.66507339477539
10.8,13.213934898376465
18.8,16.419816970825195
17.9,16.813121795654297
16.5,15.601186752319336
15.3,15.14225959777832
15.8,15.199337005615234
10.9,13.294238090515137
14.0,14.907487869262695
14.9,15.130057334899902
16.6,15.948307991027832
13.0,14.355020523071289
11.8,13.472454071044922
15.4,15.153254508972168
14.6,14.30984115600586
16.2,15.674591064453125
16.5,16.192386627197266
19.0,16.22611427307129
13.7,14.23900032043457
16.5,15.717227935791016
16.0,15.284751892089844
15.6,15.135124206542969
16.1,15.14333724975586
15.6,14.464266777038574
15.6,14.89587688446045
16.2,14.946305274963379
15.9,14.941255569458008
15.5,14.767167091369629
16.4,14.901713371276855
13.5,14.420633316040039
15.3,15.020191192626953
13.2,14.241650581359863
14.9,14.714759826660156
13.7,15.018267631530762
14.3,15.00649356842041
16.1,15.201709747314453
10.3,12.840760231018066
7.3,12.502426147460938
18.9,14.512697219848633
15.0,15.292632102966309
16.4,16.041671752929688
16.0,16.006656646728516
15.8,15.35384750366211
17.3,15.879892349243164
15.5,15.124068260192871
15.9,15.500282287597656
12.0,14.422028541564941
12.7,14.168845176696777
14.0,14.339376449584961
12.1,15.376501083374023
12.5,13.689870834350586
11.0,12.925585746765137
14.5,14.509980201721191
14.2,15.132988929748535
17.6,16.782073974609375
16.7,15.857220649719238
13.5,13.999360084533691
15.8,15.616250038146973
15.3,14.845704078674316
12.1,13.780431747436523
15.4,14.804003715515137
14.8,15.2623291015625
15.2,15.14333724975586
16.9,15.143092155456543
15.7,15.16842269897461
11.6,13.449530601501465
18.4,16.66248893737793
15.2,15.077455520629883
16.0,15.226846694946289
14.6,14.925127983093262
19.9,16.95441436767578
17.0,15.76832389831543
15.4,15.304837226867676
12.7,13.899231910705566
10.4,13.635089874267578
18.8,16.72222328186035
19.7,16.888572692871094
15.4,15.151511192321777
13.2,15.283952713012695
15.8,15.418577194213867
15.7,15.261373519897461
16.3,15.570394515991211
19.9,15.858159065246582
16.8,15.989542961120605
14.9,14.874039649963379
16.1,15.218487739562988
16.6,15.349737167358398
16.0,15.651155471801758
15.1,15.0712890625
14.5,15.017411231994629
19.3,16.897245407104492
15.1,15.04629135131836
15.6,14.856545448303223
14.5,14.54252815246582
16.9,15.154845237731934
17.2,15.73829460144043
13.2,14.255268096923828
17.0,16.046321868896484
12.4,13.571549415588379
14.7,14.94053840637207
15.2,14.75894832611084
15.6,15.499068260192871
16.5,15.481916427612305
15.5,14.8325777053833
17.3,15.647501945495605
12.7,13.416764259338379
12.8,14.84490966796875
15.2,14.599910736083984
14.4,14.847993850708008
15.2,15.614343643188477
14.9,14.326876640319824
14.7,14.809122085571289
15.4,15.29259967803955
11.0,13.417558670043945
16.0,15.159148216247559
13.3,14.476122856140137
17.9,15.635173797607422
16.5,15.683056831359863
10.7,13.290807723999023
15.9,15.373943328857422
15.1,14.86533260345459
14.1,14.389538764953613
11.1,13.53535270690918
15.4,14.892130851745605
15.6,15.057419776916504
16.4,15.142020225524902
14.7,15.305980682373047
15.7,15.034260749816895
15.9,15.585926055908203
13.2,14.254716873168945
15.3,15.95857048034668
14.2,14.92125415802002
15.0,15.094671249389648
14.6,15.510119438171387
15.8,14.80349063873291
15.7,15.093326568603516
13.2,14.165668487548828
8.7,12.596793174743652
13.6,14.181092262268066
12.4,14.485650062561035
14.8,15.022823333740234
19.8,15.326722145080566
10.0,12.731304168701172
13.6,14.551010131835938
15.1,14.811354637145996
14.2,15.150907516479492
16.9,15.77074909210205
14.4,14.453524589538574
17.0,16.276992797851562
11.6,14.97327995300293
18.3,16.341934204101562
14.9,14.590178489685059
11.9,13.51807689666748
12.8,13.522018432617188
11.5,13.418876647949219
12.7,14.011590003967285
11.7,13.54878044128418
16.7,16.062030792236328
17.0,15.75300121307373
12.7,13.814382553100586
13.3,13.993980407714844
13.9,14.196059226989746
12.5,13.733101844787598
13.0,13.590903282165527
17.7,15.125154495239258
12.3,13.997220993041992
15.4,14.883606910705566
13.9,14.598240852355957
14.1,13.759489059448242
13.4,14.637484550476074
14.5,14.36906909942627
11.7,13.469565391540527
19.6,15.108633041381836
14.7,14.730599403381348
16.3,15.125154495239258
7.6,12.231807708740234
11.7,13.348649978637695
15.8,15.274401664733887
14.8,15.206888198852539
15.8,15.00974178314209
15.8,14.923548698425293
16.0,14.879172325134277
13.8,14.089695930480957
16.8,16.037931442260742
16.3,15.677286148071289
16.3,15.309128761291504
15.7,15.115960121154785
14.9,14.799206733703613
18.8,16.662269592285156
17.5,15.755388259887695
13.9,14.210481643676758
14.6,14.854331016540527
15.2,15.436053276062012
11.7,13.519952774047852
14.4,14.84499740600586
14.1,14.021700859069824
15.4,15.34475326538086
15.7,15.709911346435547
14.5,14.847296714782715
16.3,14.920817375183105
12.9,14.475099563598633
19.7,16.877262115478516
13.7,15.009567260742188
16.0,15.381131172180176
16.1,15.794479370117188
15.3,15.676185607910156
15.1,15.921405792236328
13.4,14.2237548828125
13.2,13.834686279296875
16.6,16.141592025756836
15.1,14.795258522033691
14.4,14.72608757019043
15.7,15.096599578857422
11.3,13.511688232421875
13.0,14.316893577575684
14.1,14.650145530700684
17.2,16.425334930419922
14.2,14.429401397705078
16.0,14.988868713378906
16.1,15.344085693359375
16.7,15.440926551818848
15.2,14.795437812805176
13.9,14.694548606872559
14.8,14.872265815734863
14.9,15.124713897705078
17.3,15.287293434143066
14.8,14.855036735534668
18.3,16.528871536254883
17.4,15.660909652709961
15.3,14.944121360778809
13.3,14.307558059692383
17.4,16.5716552734375
13.4,15.600382804870605
19.4,16.802040100097656
14.9,14.295663833618164
13.7,13.94985580444336
15.5,14.843391418457031
12.2,13.77448844909668
13.9,14.384581565856934
16.0,15.395718574523926
15.9,15.828459739685059
17.3,14.760085105895996
17.6,16.29371452331543
13.1,13.84420108795166
17.7,16.439470291137695
19.9,16.626981735229492
13.4,14.431061744689941
16.3,15.485993385314941
13.9,14.357745170593262
14.3,14.439614295959473
16.8,15.671270370483398
18.2,16.661130905151367
15.7,15.53156852722168
15.1,14.979780197143555
16.5,15.223616600036621
14.5,15.006590843200684
14.8,14.70328426361084
14.3,14.883663177490234
14.3,15.133663177490234
18.9,16.802560806274414
13.9,14.350638389587402
18.1,15.999648094177246
17.3,15.872889518737793
14.6,14.62305736541748
16.2,16.581392288208008
14.9,14.750518798828125
14.3,14.316451072692871
18.0,16.512283325195312
18.8,16.613679885864258
15.4,15.815248489379883
15.4,15.098821640014648
13.9,14.903162956237793
16.1,15.712590217590332
14.1,15.057519912719727
12.4,13.50391674041748
12.8,14.505064010620117
16.7,14.542169570922852
16.1,15.825230598449707
15.5,15.55618667602539
19.9,16.87337875366211
15.8,15.355157852172852
16.6,14.935918807983398
13.0,14.872858047485352
15.7,15.44653034210205
17.2,15.454519271850586
15.6,15.099860191345215
17.4,16.07250213623047
14.3,14.425802230834961
16.5,15.0585355758667
17.7,16.68033790588379
19.6,16.405372619628906
14.7,14.912297248840332
18.0,16.47601318359375
16.2,15.394674301147461
12.7,13.860097885131836
19.7,16.766626358032227
18.6,16.049659729003906
18.1,16.77596664428711
14.7,14.806467056274414
19.6,15.918190956115723
14.1,14.77556324005127
14.5,14.387147903442383
15.4,15.030097961425781
14.3,14.808856010437012
15.3,15.856170654296875
15.1,14.810558319091797
14.8,14.63411808013916
15.7,14.902451515197754
13.2,14.254836082458496
14.1,14.287005424499512
12.2,13.964921951293945
14.9,14.908099174499512
14.2,14.956024169921875
14.5,14.533427238464355
15.1,14.931572914123535
15.6,14.708686828613281
15.1,14.951943397521973
15.6,14.845758438110352
14.5,15.034708023071289
17.9,16.306764602661133
15.7,16.1202449798584
13.7,14.399589538574219
15.0,15.00571060180664
15.3,14.78633975982666
14.6,14.55310344696045
15.3,14.918559074401855
13.7,14.051534652709961
15.4,15.02560806274414
14.6,14.779330253601074
10.0,13.698188781738281
15.1,15.138784408569336
14.7,14.80128288269043
9.6,12.747198104858398
14.8,15.350252151489258
16.9,15.884183883666992
13.1,14.582784652709961
9.8,12.869792938232422
14.6,14.719820022583008
14.6,14.286017417907715
16.6,16.278106689453125
15.1,14.912396430969238
14.8,14.620774269104004
15.3,15.035109519958496
16.7,15.59921932220459
12.1,13.583498001098633
18.8,16.260757446289062
15.0,15.378270149230957
14.5,14.573741912841797
15.4,14.696733474731445
12.1,15.609785079956055
15.0,15.078778266906738
17.1,15.87635612487793
16.5,15.864325523376465
12.0,15.496768951416016
17.2,16.214244842529297
11.4,13.454060554504395
14.9,15.118111610412598
14.7,14.642072677612305
16.7,14.591755867004395
16.7,15.627059936523438
16.2,15.15473747253418
15.0,14.807952880859375
12.9,14.242981910705566
15.1,15.120407104492188
15.5,14.865439414978027
15.8,16.23944854736328
17.7,16.66526222229004
19.0,16.432579040527344
19.6,16.984161376953125
11.5,14.312232971191406
15.6,14.947315216064453
16.0,15.412752151489258
14.8,15.132637977600098
15.0,15.098821640014648
14.5,15.148323059082031
15.6,14.758872985839844
15.8,15.172109603881836
14.9,14.791796684265137
19.7,16.553743362426758
12.4,13.770281791687012
13.8,14.213384628295898
16.9,15.213598251342773
16.1,15.2067289352417
15.4,15.316362380981445
14.5,15.67216968536377
14.7,14.208343505859375
16.1,15.390408515930176
14.5,14.397775650024414
17.2,15.250566482543945
14.3,14.509329795837402
15.2,15.14420223236084
14.6,14.925877571105957
18.2,16.707895278930664
15.0,14.836081504821777
15.4,14.853117942810059
13.8,14.129934310913086
17.1,14.772738456726074
8.7,12.317654609680176
13.6,13.954706192016602
16.0,15.152727127075195
15.3,15.098821640014648
16.1,14.920534133911133
11.7,13.45180892944336
13.3,14.145319938659668
14.9,14.433000564575195
18.8,16.516807556152344
15.2,14.89457893371582
15.0,15.09780216217041
15.4,14.719165802001953
16.5,15.533620834350586
15.2,14.555322647094727
18.3,16.413700103759766
15.4,14.216023445129395
15.5,14.733941078186035
18.2,15.762138366699219
17.3,16.191232681274414
13.4,14.604131698608398
19.6,16.885583877563477
14.6,14.887409210205078
15.5,14.832010269165039
11.7,13.42434310913086
14.5,15.113662719726562
13.7,14.274919509887695
14.9,14.659180641174316
13.9,14.50289535522461
16.0,15.243550300598145
9.0,14.485018730163574
17.4,16.009315490722656
12.8,13.597052574157715
14.2,14.839839935302734
14.7,15.024161338806152
18.9,16.929399490356445
15.9,15.145818710327148
15.7,14.933640480041504
15.4,15.108002662658691
15.4,15.11365032196045
10.3,13.842188835144043
15.0,14.762523651123047
13.9,15.003373146057129
13.5,14.54079818725586
17.5,15.859670639038086
14.8,14.60899543762207
17.3,16.315866470336914
7.2,12.02309799194336
15.5,15.023941040039062
15.4,15.290696144104004
16.2,15.52003002166748
16.1,15.571760177612305
13.6,14.1552734375
19.6,16.948949813842773
12.5,13.596320152282715
14.9,14.782500267028809
11.6,13.665653228759766
16.7,15.52634048461914
9.2,14.816259384155273
15.4,14.920825004577637
15.7,14.861784934997559
16.3,16.29109764099121
13.7,14.28161334991455
15.1,15.116472244262695
19.5,16.877147674560547
16.1,15.141303062438965
16.5,15.473088264465332
15.8,15.544026374816895
16.6,15.785199165344238
15.3,15.21183967590332
17.2,16.634296417236328
17.2,16.262474060058594
17.0,15.446640968322754
8.6,13.186759948730469
15.1,14.688517570495605
14.9,14.777223587036133
14.9,14.775693893432617
6.9,14.18546199798584
16.2,15.202607154846191
15.3,15.187287330627441
15.4,14.967256546020508
17.5,14.8935546875
18.8,16.884899139404297
13.9,15.081070899963379
10.6,12.66475772857666
15.8,15.368559837341309
12.2,14.861942291259766
15.5,15.193929672241211
16.8,14.6548433303833
15.4,14.752583503723145
16.1,15.574477195739746
16.3,15.357274055480957
17.0,16.5079402923584
14.6,14.495095252990723
16.1,15.398465156555176
14.7,14.388616561889648
14.5,14.893634796142578
14.8,14.559638977050781
12.8,14.308536529541016
15.1,14.685173988342285
13.5,14.461216926574707
14.2,14.535565376281738
14.9,15.037924766540527
14.1,14.602067947387695
16.0,14.927738189697266
16.6,15.864547729492188
15.0,15.170927047729492
18.6,16.764493942260742
16.6,15.58430290222168
19.5,16.783891677856445
9.7,12.402937889099121
15.0,14.455639839172363
16.7,15.726306915283203
15.8,14.826980590820312
16.7,15.567535400390625
14.0,14.574467658996582
15.4,15.164484024047852
13.7,14.335709571838379
17.3,16.255489349365234
16.6,15.567853927612305
12.3,15.062453269958496
16.0,15.343428611755371
15.3,14.982917785644531
18.2,16.622478485107422
14.7,14.534859657287598
18.1,16.336286544799805
10.3,13.511312484741211
15.4,14.914348602294922
12.5,13.730114936828613
9.4,13.103384017944336
11.3,13.81015682220459
15.9,15.356228828430176
14.6,14.46428394317627
12.2,14.513172149658203
16.2,14.920953750610352
16.2,15.54809856414795
12.3,13.361997604370117
15.1,14.801560401916504
15.7,14.931364059448242
14.9,15.561746597290039
18.6,15.630340576171875
15.2,15.540892601013184
13.5,13.997886657714844
16.3,15.481671333312988
11.2,13.823442459106445
15.6,15.40786361694336
16.1,15.27543830871582
14.5,15.17359447479248
13.2,14.552949905395508
12.6,13.730208396911621
15.4,14.75733757019043
15.2,14.890244483947754
12.2,14.466672897338867
15.5,15.004538536071777
18.0,16.268386840820312
14.9,15.796224594116211
16.2,15.85290813446045
14.8,14.427361488342285
13.7,14.623435974121094
15.4,14.935522079467773
16.2,14.94332504272461
18.0,16.514753341674805
16.5,15.61772632598877
18.6,16.568937301635742
14.8,14.828052520751953
18.5,15.826663970947266
13.3,13.882625579833984
14.4,14.701869010925293
15.3,15.497865676879883
15.7,15.24753189086914
15.0,14.705350875854492
15.8,14.874831199645996
15.4,15.1869478225708
8.8,14.826666831970215
16.5,15.384536743164062
15.1,15.440114974975586
14.1,15.075955390930176
14.7,15.89520263671875
14.5,15.037311553955078
15.5,15.201709747314453
13.3,14.949969291687012
13.2,13.646079063415527
14.3,14.721199989318848
14.8,14.347382545471191
16.0,15.419268608093262
16.1,15.12785816192627
15.3,15.49154281616211
15.9,14.574962615966797
15.5,15.287355422973633
15.1,14.963699340820312
14.7,14.540769577026367
16.0,15.304794311523438
16.2,14.714592933654785
15.8,15.123883247375488
17.5,16.343767166137695
15.2,15.040383338928223
15.8,15.494149208068848
16.9,15.709291458129883
19.9,16.890642166137695
17.5,16.31229591369629
14.4,14.797447204589844
15.7,14.852178573608398
14.8,14.788883209228516
15.2,15.16842269897461
13.4,14.555542945861816
18.8,16.53211784362793
15.3,15.14333724975586
14.6,14.693880081176758
11.6,13.590364456176758
14.9,14.591683387756348
18.0,15.848370552062988
19.4,16.772485733032227
15.3,14.7356538772583
15.1,14.840615272521973
13.9,14.215404510498047
15.1,15.083070755004883
14.6,14.702792167663574
15.2,15.118741989135742
14.7,14.980042457580566
16.2,15.261409759521484
13.0,14.261595726013184
14.2,14.330078125
19.7,16.072994232177734
12.9,15.101838111877441
15.5,14.889620780944824
14.4,14.630234718322754
19.8,15.88671875
18.0,16.07021713256836
19.6,16.69295883178711
11.6,13.389505386352539
18.9,16.418581008911133
15.9,15.070398330688477
14.6,14.66118049621582
14.2,14.608342170715332
19.7,16.332168579101562
11.9,13.86838150024414
14.9,14.762327194213867
14.9,14.667895317077637
12.4,13.627667427062988
15.4,14.817511558532715
15.2,15.297103881835938
15.5,14.83420181274414
14.6,15.167418479919434
18.2,16.77324104309082
12.9,13.747512817382812
15.8,15.14333724975586
18.6,15.836623191833496
15.6,14.699939727783203
17.8,15.576976776123047
15.1,14.82634162902832
7.2,14.028792381286621
17.3,16.240102767944336
15.6,15.296149253845215
16.3,15.988429069519043
17.2,15.336140632629395
18.8,16.485815048217773
14.7,14.823091506958008
15.3,15.106721878051758
15.3,14.817251205444336
15.7,15.141345977783203
18.0,16.301742553710938
14.0,14.820603370666504
17.4,16.289823532104492
15.5,14.931795120239258
18.2,16.68671989440918
18.3,16.654743194580078
16.0,14.850772857666016
13.9,14.509623527526855
15.2,14.837357521057129
13.9,14.30525016784668
11.4,13.2589111328125
15.2,15.057007789611816
15.1,15.444830894470215
14.8,15.124068260192871
14.2,14.741511344909668
14.1,15.04321002960205
13.0,14.921637535095215
15.0,14.942636489868164
15.6,14.811271667480469
19.1,16.74976348876953
15.8,14.972601890563965
14.7,15.12338638305664
12.9,14.724098205566406
15.3,14.687106132507324
13.7,14.374581336975098
19.5,16.338727951049805
17.2,15.9044189453125
18.0,15.870965957641602
17.8,16.085798263549805
19.2,16.319368362426758
17.1,15.809723854064941
19.5,16.803085327148438
15.4,14.914106369018555
15.6,15.162854194641113
11.9,13.942480087280273
18.2,16.24997329711914
18.5,16.194612503051758
18.3,16.203996658325195
16.9,15.572059631347656
5.6,11.803491592407227
16.1,15.623848915100098
15.3,14.952049255371094
17.2,15.822039604187012
15.0,14.117390632629395
17.5,15.07388687133789
14.2,13.847419738769531
11.9,13.72298812866211
16.6,13.986620903015137
16.3,15.906386375427246
14.2,15.126819610595703
14.7,14.409438133239746
13.7,14.408455848693848
16.5,15.156720161437988
13.1,13.906679153442383
12.2,12.954570770263672
17.9,16.588123321533203
12.9,13.885595321655273
15.4,15.01077651977539
14.6,14.216832160949707
14.7,14.824063301086426
15.3,15.032479286193848
12.1,13.229619979858398
10.0,12.717185974121094
12.4,14.587997436523438
15.4,14.870319366455078
14.9,15.416552543640137
17.4,15.106011390686035
14.8,14.991031646728516
17.2,16.87240982055664
17.8,16.247692108154297
19.7,16.369943618774414
18.5,16.73699378967285
18.3,16.693370819091797
16.3,14.797667503356934
15.4,14.610091209411621
16.2,15.827773094177246
17.4,16.348203659057617
14.0,14.50851821899414
17.3,15.78762435913086
16.7,15.181059837341309
17.4,16.017423629760742
10.9,13.771797180175781
18.7,16.180864334106445
19.0,16.1044921875
15.6,15.401888847351074
18.0,16.72199058532715
13.6,14.677844047546387
15.6,15.343486785888672
16.2,14.455879211425781
13.8,14.324544906616211
17.1,15.375643730163574
18.0,15.549057960510254
13.8,14.59775447845459
14.7,14.418417930603027
15.4,15.056257247924805
14.4,15.002540588378906
14.8,14.902276039123535
14.5,14.581469535827637
15.3,15.133075714111328
16.9,16.444995880126953
16.5,15.535422325134277
18.2,16.590471267700195
15.1,14.958017349243164
12.1,13.517999649047852
15.6,15.447330474853516
17.4,16.688697814941406
13.7,14.811385154724121
13.8,14.56887435913086
15.7,14.815282821655273
6.9,11.068133354187012
18.3,16.67046546936035
16.3,15.669872283935547
18.3,16.44428253173828
15.5,15.220035552978516
12.7,13.860069274902344
19.8,16.81988525390625
19.9,16.921518325805664
16.8,16.354528427124023
15.6,15.096641540527344
15.6,15.062019348144531
14.8,16.051000595092773
17.1,15.723772048950195
12.1,13.649360656738281
18.9,16.685020446777344
15.9,16.347185134887695
15.1,15.270936965942383
18.5,16.789403915405273
17.8,16.149471282958984
17.1,13.917957305908203
15.6,15.085468292236328
15.6,14.572117805480957
13.6,14.584493637084961
14.1,13.94935417175293
17.5,15.98413372039795
14.7,14.665648460388184
13.9,14.958646774291992
11.7,13.429542541503906
16.2,14.772090911865234
15.1,14.219773292541504
13.7,14.459015846252441
15.7,14.638699531555176
15.6,14.70245361328125
15.5,15.700360298156738
15.6,15.086856842041016
15.4,15.598297119140625
10.0,12.677579879760742
15.9,16.015857696533203
16.6,15.521042823791504
17.5,16.128543853759766
15.7,15.005733489990234
13.8,14.199821472167969
16.5,15.223760604858398
15.7,14.926024436950684
15.3,14.877668380737305
18.0,16.3778018951416
18.6,16.74380874633789
15.0,14.99577522277832
15.6,15.340176582336426
17.3,15.68038558959961
18.4,16.415403366088867
16.7,15.482160568237305
18.2,16.609760284423828
15.9,14.707337379455566
11.7,13.415281295776367
13.8,13.906102180480957
13.9,14.15761947631836
12.6,14.58082389831543
9.1,12.01297378540039
8.7,11.843233108520508
16.5,15.295358657836914
18.8,16.73073959350586
18.8,16.78097915649414
13.0,13.9249849319458
13.1,14.37764835357666
11.9,14.065963745117188
16.1,15.402084350585938
16.0,16.024612426757812
16.0,15.144038200378418
14.5,14.543203353881836
12.6,13.89574909210205
11.1,13.947861671447754
16.8,15.740002632141113
18.1,16.4744930267334
15.9,15.623640060424805
14.5,14.409247398376465
14.5,14.717710494995117
15.3,15.081759452819824
15.2,14.830535888671875
15.5,14.823331832885742
15.5,14.74119758605957
15.2,14.854850769042969
18.1,16.072248458862305
13.5,13.782225608825684
14.2,14.670221328735352
12.3,13.938488960266113
17.5,14.818228721618652
14.8,14.765481948852539
10.2,13.132391929626465
14.3,14.252890586853027
15.4,14.981618881225586
14.5,14.369321823120117
9.0,11.65701961517334
15.0,15.084612846374512
12.5,13.954853057861328
15.3,15.076740264892578
17.0,15.940793991088867
15.9,15.23531436920166
14.8,14.704602241516113
19.5,16.953479766845703
12.7,13.921711921691895
11.2,13.34568977355957
9.7,14.24377727508545
11.5,13.99117660522461
10.8,13.311990737915039
16.2,15.68088436126709
19.6,16.651819229125977
17.6,16.307598114013672
15.4,15.912293434143066
15.3,14.9677095413208
18.8,16.69951820373535
18.6,15.409843444824219
15.2,15.364662170410156
17.0,15.72432804107666
15.6,15.25378131866455
15.0,15.136344909667969
15.2,15.106657028198242
16.0,15.140424728393555
16.6,14.684508323669434
14.4,15.264535903930664
17.9,16.638547897338867
14.9,14.710562705993652
13.5,14.505720138549805
16.4,15.457118034362793
15.3,15.352741241455078
14.0,13.776531219482422
15.7,14.905579566955566
15.5,14.850861549377441
11.9,14.361186027526855
15.5,15.03675365447998
13.6,15.350279808044434
15.5,14.799325942993164
13.4,15.148149490356445
11.7,14.54985237121582
17.7,15.486186027526855
16.3,14.728543281555176
19.6,16.802743911743164
18.7,16.849206924438477
19.2,16.786697387695312
19.5,16.7047176361084
15.9,15.675897598266602
10.4,11.135394096374512
7.3,12.320355415344238
15.4,15.088146209716797
13.9,14.729747772216797
15.9,15.496291160583496
15.0,14.635534286499023
12.5,13.469749450683594
16.3,15.551606178283691
15.2,14.92151927947998
15.4,14.830283164978027
8.5,12.403719902038574
15.0,15.090476989746094
12.8,14.355575561523438
17.2,16.138423919677734
14.4,14.082558631896973
15.6,15.081862449645996
11.0,14.555864334106445
14.7,15.052458763122559
13.3,14.664612770080566
12.7,13.608368873596191
13.4,14.75075912475586
14.1,15.65711784362793
18.2,16.552894592285156
13.1,14.689027786254883
12.8,15.397140502929688
11.2,14.050844192504883
14.9,14.7437162399292
13.5,14.38707160949707
14.2,14.740864753723145
11.7,13.466014862060547
13.1,14.035174369812012
14.4,15.053720474243164
13.8,14.206968307495117
9.7,12.331694602966309
15.9,15.36076545715332
14.6,14.213802337646484
13.5,14.26694393157959
10.3,13.887676239013672
13.2,14.200172424316406
15.8,15.091047286987305
18.7,16.360828399658203
14.5,14.447205543518066
13.0,14.33946418762207
8.5,13.816650390625
15.3,15.080761909484863
11.8,14.80031681060791
15.0,15.040229797363281
15.8,15.43605899810791
13.8,14.949893951416016
12.3,13.669450759887695
13.5,13.804434776306152
11.8,13.501790046691895
13.2,13.989563941955566
13.3,14.720064163208008
17.0,15.75378131866455
16.2,15.514723777770996
13.8,14.131194114685059
17.2,16.125215530395508
14.2,14.53274154663086
10.9,14.428023338317871
14.6,14.999650955200195
16.0,15.4690580368042
15.9,15.073226928710938
17.0,16.185855865478516
19.0,16.622655868530273
18.0,16.105504989624023
15.4,15.200892448425293
19.2,16.741178512573242
16.6,15.855657577514648
14.5,15.780921936035156
16.4,14.967174530029297
14.3,14.904571533203125
16.4,15.449224472045898
17.0,15.756475448608398
14.4,14.657042503356934
13.5,14.440970420837402
15.1,15.356277465820312
16.1,15.542608261108398
11.5,13.62429141998291
16.5,15.533140182495117
10.6,13.194729804992676
13.1,14.131494522094727
19.7,16.01371192932129
10.3,12.355321884155273
18.9,15.713876724243164
14.6,14.890777587890625
15.7,14.946649551391602
19.9,16.920578002929688
11.3,13.840601921081543
16.3,15.282790184020996
18.2,16.335784912109375
12.5,13.925260543823242
14.9,15.199584007263184
14.2,14.668705940246582
16.0,15.329298973083496
10.4,13.13164234161377
18.5,16.57535743713379
6.2,12.010318756103516
11.5,13.220977783203125
13.1,14.047365188598633
18.2,16.289947509765625
14.5,14.560087203979492
15.1,14.983540534973145
16.0,15.453051567077637
15.5,15.044724464416504
15.0,14.411861419677734
15.5,14.977899551391602
7.0,11.73042106628418
13.0,14.219350814819336
11.4,13.979294776916504
9.1,12.639627456665039
18.7,16.43280029296875
12.9,13.949531555175781
17.2,15.741399765014648
14.6,14.773768424987793
13.4,13.983016014099121
16.7,15.532723426818848
15.2,15.12643814086914
13.4,13.873485565185547
15.8,15.275094985961914
13.5,14.076752662658691
12.4,13.958791732788086
12.9,13.814273834228516
18.2,16.44120979309082
17.2,15.934213638305664
15.9,15.936561584472656
13.7,14.553232192993164
15.7,15.515412330627441
18.2,16.423601150512695
14.0,14.48184871673584
11.9,13.852926254272461
17.9,15.748845100402832
16.0,15.742201805114746
14.7,14.709186553955078
15.5,15.047747611999512
14.9,14.62589168548584
10.8,14.10042953491211
16.3,15.47425365447998
16.6,16.09360694885254
12.5,13.831766128540039
15.3,15.16300106048584
14.6,15.113991737365723
17.3,16.36855697631836
11.2,12.210792541503906
15.1,14.991768836975098
15.7,15.215272903442383
15.6,15.129860877990723
10.6,14.707846641540527
9.1,12.572976112365723
14.5,14.5005521774292
15.4,15.574740409851074
13.6,14.561104774475098
15.3,15.464877128601074
15.6,15.376079559326172
17.8,16.130199432373047
16.4,15.460921287536621
15.7,15.7423734664917
9.5,13.54458236694336
14.5,14.908202171325684
15.3,15.119491577148438
15.3,14.359848976135254
16.4,15.549657821655273
13.2,14.039871215820312
15.9,15.223926544189453
11.2,13.151403427124023
14.0,14.396446228027344
15.4,15.151922225952148
15.9,15.35163402557373
10.7,13.045653343200684
11.8,13.972465515136719
13.4,14.628165245056152
14.5,14.275341987609863
15.6,15.896828651428223
15.4,14.867156028747559
15.0,14.780962944030762
18.8,16.645151138305664
17.3,16.03723907470703
17.3,15.908891677856445
16.4,15.645909309387207
16.6,15.403054237365723
16.2,15.289978981018066
16.8,15.629847526550293
13.8,14.937551498413086
13.6,14.371371269226074
13.5,15.403285026550293
19.3,16.651363372802734
15.9,15.508978843688965
13.7,15.522808074951172
14.9,15.584375381469727
15.6,15.624602317810059
19.8,16.8508358001709
15.4,15.628053665161133
12.0,13.760368347167969
14.2,14.756194114685059
16.0,15.182439804077148
15.5,15.928692817687988
15.7,14.76193618774414
13.8,14.832144737243652
17.8,16.011215209960938
14.6,15.15613079071045
16.1,15.31624984741211
16.5,15.210625648498535
15.2,15.165770530700684
18.8,15.878955841064453
14.7,14.987374305725098
19.7,16.674264907836914
15.3,15.095626831054688
17.3,16.032987594604492
15.0,15.324235916137695
14.2,15.08353328704834
18.6,16.695266723632812
16.1,15.29480266571045
15.4,15.254362106323242
16.8,16.054489135742188
17.7,16.268112182617188
16.3,15.64617919921875
18.3,16.447792053222656
19.0,16.222139358520508
15.7,15.833436012268066
18.7,16.854684829711914
15.0,14.566689491271973
13.2,14.27225399017334
15.3,15.33232593536377
17.1,15.965619087219238
15.0,15.389089584350586
15.0,14.765716552734375
18.1,16.083698272705078
15.5,14.910645484924316
16.6,16.205947875976562
14.0,14.549262046813965
14.1,14.834098815917969
14.6,14.966689109802246
14.9,14.812231063842773
15.9,15.130241394042969
16.3,15.152776718139648
17.7,15.411757469177246
15.2,15.335878372192383
17.6,16.221485137939453
10.0,12.856437683105469
16.9,16.229503631591797
17.6,16.192426681518555
14.8,15.98096752166748
14.5,14.531070709228516
17.2,15.894012451171875
14.9,15.186619758605957
14.1,14.627695083618164
15.6,15.217120170593262
15.4,15.024215698242188
18.6,15.104447364807129
15.7,15.279792785644531
13.7,15.129462242126465
15.4,14.820695877075195
14.8,14.999754905700684
14.7,14.908978462219238
16.6,15.69997787475586
15.3,15.138651847839355
14.7,14.949917793273926
17.2,16.14854621887207
13.6,14.423001289367676
15.9,14.932792663574219
14.5,14.826581954956055
14.9,15.0778169631958
13.9,14.27944564819336
10.9,13.045037269592285
16.0,15.21062183380127
13.9,14.434969902038574
12.5,13.659893035888672
15.0,15.1482515335083
15.9,15.46052360534668
14.3,15.202934265136719
17.2,16.202726364135742
9.5,11.888081550598145
12.6,13.84701156616211
16.0,15.911234855651855
10.6,13.486734390258789
15.0,14.701394081115723
16.8,15.475760459899902
12.3,13.820230484008789
13.2,14.139388084411621
9.9,13.285696983337402
16.7,15.153031349182129
14.4,14.5203218460083
14.1,14.50284194946289
14.6,15.254770278930664
14.2,14.229169845581055
12.3,13.670269012451172
17.9,16.004112243652344
13.4,14.104700088500977
15.0,15.076204299926758
12.9,14.074234962463379
14.1,14.690777778625488
10.1,13.311369895935059
14.1,14.335037231445312
14.3,14.714502334594727
12.4,13.768295288085938
17.1,15.68435001373291
15.4,15.33645248413086
16.1,15.242165565490723
11.6,13.62056827545166
16.1,15.468829154968262
13.6,14.391046524047852
15.2,15.078630447387695
12.5,13.493552207946777
14.5,14.728354454040527
12.8,13.958012580871582
16.3,15.18093490600586
14.6,15.005932807922363
16.7,15.415266036987305
14.6,15.16300106048584
14.0,14.709239959716797
13.0,13.700726509094238
13.7,14.45131778717041
15.1,15.274832725524902
15.5,15.409543991088867
13.5,14.344127655029297
16.2,15.696846961975098
15.0,14.702642440795898
15.1,14.547966957092285
15.7,14.856708526611328
13.4,13.847578048706055
12.8,14.642260551452637
15.1,15.06334114074707
16.3,15.193038940429688
15.1,15.073671340942383
16.2,15.607661247253418
10.7,15.281962394714355
16.1,15.629660606384277
16.0,15.14333724975586
19.7,16.62836265563965
16.2,15.594285011291504
19.3,16.791112899780273
18.2,15.901060104370117
19.8,16.899850845336914
15.3,14.717233657836914
16.1,15.6257963180542
15.0,14.844674110412598
11.6,13.910893440246582
15.0,15.009970664978027
17.7,16.288837432861328
15.4,14.900510787963867
19.9,16.543212890625
10.7,12.564220428466797
5.4,12.69044303894043
15.0,14.810766220092773
15.7,15.139744758605957
16.5,15.65482234954834
15.3,14.73155689239502
17.5,16.182764053344727
17.3,16.225719451904297
16.9,16.293928146362305
15.1,14.822763442993164
13.3,13.981559753417969
14.3,15.06931209564209
14.3,15.036148071289062
13.4,14.510591506958008
12.2,13.807486534118652
14.2,14.051947593688965
16.2,15.352804183959961
15.3,15.141204833984375
14.8,15.257823944091797
13.3,13.883275985717773
15.0,15.312206268310547
17.0,15.812333106994629
19.5,16.88934898376465
17.8,15.663339614868164
16.8,15.831732749938965
11.8,14.199827194213867
17.2,15.07296371459961
14.3,14.790741920471191
19.4,16.305683135986328
18.3,16.678564071655273
15.5,15.309077262878418
11.5,14.370827674865723
12.2,14.968650817871094
16.2,15.724236488342285
15.5,15.26346492767334
13.1,13.962239265441895
15.3,14.745803833007812
16.0,15.374445915222168
17.0,16.02118492126465
14.3,13.781925201416016
18.0,15.662221908569336
13.1,13.970149040222168
18.5,15.250650405883789
16.5,15.520419120788574
14.2,14.399435043334961
16.1,15.212995529174805
16.2,15.495811462402344
17.9,16.52848243713379
14.2,14.944831848144531
15.1,15.043042182922363
14.6,15.432289123535156
16.1,15.159499168395996
15.0,14.965516090393066
16.4,15.514579772949219
15.0,15.190546989440918
12.9,14.93915843963623
14.1,15.055893898010254
15.2,15.004849433898926
13.8,15.15623950958252
11.6,13.696727752685547
14.8,14.739008903503418
13.4,14.488815307617188
17.7,15.852805137634277
16.4,15.378965377807617
15.8,15.44980239868164
19.9,16.905275344848633
15.3,15.251311302185059
15.7,14.861282348632812
16.3,15.14333724975586
15.7,15.586288452148438
17.3,16.0166072845459
12.0,14.962031364440918
13.2,14.190725326538086
16.1,15.53390121459961
17.4,16.23935890197754
13.3,14.1434326171875
14.5,15.5570707321167
19.7,16.908275604248047
13.4,14.395520210266113
11.0,13.339042663574219
13.1,14.18716812133789
14.2,14.539999961853027
15.3,14.868696212768555
16.9,15.852362632751465
13.5,14.28010368347168
14.1,14.34199047088623
9.7,13.01244831085205
14.4,14.544525146484375
14.0,14.294093132019043
14.3,15.07850170135498
14.1,14.636757850646973
13.4,14.198235511779785
16.1,15.710367202758789
14.8,14.669816017150879
19.3,15.977649688720703
15.0,13.944108963012695
14.9,14.590435981750488
14.1,14.501675605773926
15.0,14.930146217346191
14.4,14.257157325744629
19.5,16.718677520751953
17.0,16.285188674926758
15.3,15.022482872009277
16.5,16.26642417907715
15.6,15.547975540161133
12.4,14.015456199645996
18.4,16.909446716308594
13.5,14.805033683776855
17.2,16.514564514160156
15.2,15.457841873168945
14.7,14.59421157836914
16.2,15.47917366027832
14.6,15.007424354553223
15.7,14.18838119506836
19.0,15.053004264831543
14.0,14.54951000213623
16.2,15.397439956665039
12.4,14.227996826171875
15.0,14.862322807312012
16.3,16.494373321533203
13.8,14.945780754089355
17.0,16.23888397216797
15.0,14.7774658203125
13.6,13.599629402160645
13.3,14.058662414550781
16.3,15.793449401855469
12.3,14.303215026855469
14.4,14.842223167419434
17.0,15.613819122314453
12.5,13.728671073913574
15.1,15.44886589050293
19.4,16.267078399658203
15.0,14.643655776977539
19.9,16.66019630432129
16.1,15.005155563354492
15.9,15.218372344970703
16.8,15.091117858886719
18.2,15.654478073120117
15.5,14.936308860778809
15.8,14.954471588134766
17.9,16.85788917541504
15.8,15.650808334350586
15.4,14.959127426147461
12.6,13.976771354675293
18.8,15.69896125793457
19.8,14.634552955627441
14.7,14.791393280029297
14.6,14.588229179382324
15.2,14.716840744018555
12.1,13.187374114990234
17.8,16.514738082885742
15.3,15.35666275024414
12.1,13.876803398132324
14.8,14.94416618347168
12.0,13.60624885559082
18.4,16.85460090637207
14.7,13.946308135986328
15.6,15.183040618896484
14.6,14.7016019821167
14.1,14.556296348571777
15.8,15.048331260681152
16.2,15.601692199707031
15.5,15.656818389892578
14.9,15.597002029418945
11.6,14.765995979309082
15.4,15.347034454345703
13.3,13.569828033447266
16.3,15.368546485900879
12.4,14.021164894104004
14.1,15.444221496582031
19.1,16.371553421020508
17.6,15.268898010253906
12.7,13.43625545501709
15.5,14.888293266296387
16.4,16.067554473876953
15.4,14.986467361450195
18.2,16.15903663635254
14.0,14.300856590270996
16.8,15.767033576965332
13.8,15.039958000183105
15.9,15.109148025512695
14.0,14.063607215881348
17.1,16.017133712768555
15.4,14.627806663513184
15.4,16.331890106201172
16.3,14.331269264221191
11.4,13.449701309204102
14.9,14.533895492553711
15.4,14.927007675170898
19.3,16.06100082397461
13.9,16.166234970092773
15.6,15.298135757446289
15.2,15.02785587310791
15.5,15.568087577819824
19.4,16.7784481048584
16.5,14.71181869506836
11.9,13.489511489868164
13.7,13.990287780761719
14.8,15.14317798614502
14.6,14.694486618041992
15.5,14.95454216003418
18.4,15.905496597290039
16.0,15.152167320251465
13.6,13.985066413879395
14.9,14.907489776611328
16.1,15.140806198120117
13.9,14.744638442993164
14.8,14.586616516113281
10.5,12.295801162719727
18.5,16.53196144104004
16.6,14.499813079833984
12.5,14.755428314208984
17.9,16.482730865478516
17.1,15.98785400390625
14.3,14.764608383178711
13.3,14.250371932983398
14.2,14.94469165802002
19.7,16.476238250732422
19.2,16.36024284362793
18.2,16.77263641357422
17.0,15.478200912475586
13.3,14.128993034362793
13.6,13.811729431152344
8.5,12.522682189941406
14.6,14.720483779907227
19.0,16.990644454956055
18.5,16.733165740966797
14.5,14.651298522949219
17.4,15.983168601989746
14.9,14.853507995605469
13.8,14.267427444458008
18.0,16.217378616333008
15.0,14.868229866027832
13.5,14.214751243591309
19.1,16.042497634887695
15.5,15.258737564086914
14.4,15.110877990722656
11.2,13.061197280883789
16.5,15.599706649780273
14.7,14.67037582397461
18.5,16.377832412719727
18.5,16.02276611328125
11.9,12.751461029052734
15.7,15.51653003692627
18.6,16.60903549194336
14.9,14.522210121154785
11.5,13.0897216796875
18.4,16.728946685791016
16.8,16.082218170166016
18.8,16.511871337890625
16.1,15.253894805908203
19.8,16.615995407104492
16.7,15.970081329345703
13.0,14.109352111816406
13.9,14.112180709838867
15.2,14.891371726989746
13.5,14.18222427368164
13.5,13.996664047241211
18.2,16.041048049926758
14.9,14.728095054626465
16.1,15.575732231140137
13.1,13.588773727416992
17.5,15.359153747558594
13.8,14.203437805175781
11.5,13.215849876403809
18.8,16.29694938659668
13.1,14.3337984085083
14.6,14.715775489807129
13.1,14.228887557983398
13.7,14.590315818786621
18.6,16.750988006591797
18.8,15.202476501464844
15.3,14.764066696166992
19.9,16.9830379486084
12.3,13.976448059082031
13.5,13.680949211120605
15.7,15.073033332824707
12.5,14.17542839050293
14.7,14.88315486907959
12.6,13.241022109985352
16.2,16.056373596191406
11.1,13.456266403198242
13.8,14.253921508789062
15.8,15.3851318359375
7.5,12.389795303344727
13.4,14.79873275756836
13.5,13.871591567993164
15.7,15.903143882751465
14.8,14.76142692565918
18.8,16.594261169433594
19.0,16.88962173461914
15.2,14.921669960021973
13.0,14.567167282104492
12.0,14.291138648986816
14.9,15.230937957763672
7.0,13.120495796203613
17.7,15.238286018371582
17.6,15.4303617477417
14.7,15.104129791259766
18.9,15.860791206359863
17.2,16.047510147094727
16.7,15.925897598266602
14.3,14.547829627990723
15.7,14.518257141113281
18.8,16.392576217651367
15.5,14.89443302154541
13.5,14.11968994140625
15.5,14.980381965637207
15.3,14.8416748046875
14.9,14.685791969299316
15.1,15.706330299377441
15.6,14.849825859069824
16.0,16.241069793701172
13.3,14.140233039855957
15.0,14.64194107055664
17.6,16.236061096191406
14.0,14.361063003540039
5.1,11.564788818359375
15.7,15.192153930664062
12.8,14.110100746154785
17.2,15.847188949584961
15.0,14.119767189025879
14.3,13.98841667175293
17.0,15.369705200195312
8.9,11.830828666687012
11.1,13.124574661254883
14.0,14.699442863464355
11.7,12.953784942626953
14.0,14.617403030395508
14.4,14.919872283935547
16.4,15.642908096313477
15.0,15.509535789489746
17.1,15.430870056152344
13.4,14.327438354492188
17.1,15.878228187561035
15.7,15.162267684936523
15.4,15.137422561645508
13.9,14.402730941772461
15.6,14.855875968933105
14.9,15.102072715759277
14.2,14.396219253540039
14.8,14.785347938537598
13.1,14.303522109985352
15.6,15.558115005493164
15.3,15.147806167602539
14.6,14.771337509155273
15.1,14.941838264465332
13.9,14.487483024597168
19.4,16.7725830078125
14.7,15.189101219177246
14.0,14.422369003295898
15.5,15.015917778015137
13.3,13.978357315063477
15.5,14.86588191986084
12.4,13.900909423828125
11.7,13.396135330200195
17.9,16.303815841674805
15.5,15.008079528808594
9.4,13.018234252929688
15.3,14.871764183044434
12.7,14.287928581237793
12.8,14.198234558105469
7.3,11.818550109863281
14.0,13.971713066101074
11.8,13.561844825744629
15.0,14.557361602783203
11.9,14.194710731506348
13.3,14.422380447387695
11.4,13.7862548828125
11.9,13.354207038879395
13.6,14.760610580444336
12.6,14.458901405334473
12.8,13.793779373168945
15.1,14.937141418457031
14.6,14.906180381774902
11.7,13.480987548828125
18.3,16.719003677368164
13.8,14.638128280639648
11.9,14.049714088439941
14.3,14.241095542907715
15.6,16.007844924926758
16.1,15.7339506149292
17.5,15.962946891784668
19.9,16.979415893554688
15.8,15.073785781860352
13.2,14.156072616577148
10.1,13.691855430603027
12.2,14.04699993133545
15.3,15.368443489074707
14.7,14.799635887145996
11.1,13.247223854064941
15.4,14.358257293701172
11.7,12.964435577392578
13.0,14.36440372467041
10.6,13.868696212768555
15.1,14.90549373626709
14.8,14.567252159118652
15.0,15.167418479919434
14.5,14.721724510192871
11.9,13.36715030670166
16.2,15.52358627319336
15.1,14.78361701965332
13.8,14.15674877166748
14.5,14.853227615356445
15.3,15.14333724975586
12.6,13.752157211303711
12.7,13.101070404052734
15.1,14.453991889953613
9.1,13.310415267944336
15.3,14.924827575683594
15.9,14.705483436584473
14.6,15.103412628173828
14.1,14.416131973266602
15.2,15.115589141845703
17.9,16.300878524780273
11.6,13.589701652526855
14.1,15.337311744689941
17.3,16.55695152282715
9.4,13.439666748046875
13.7,14.50891399383545
14.7,15.016914367675781
13.3,14.147184371948242
15.2,15.148296356201172
14.5,14.82804012298584
15.1,15.124560356140137
15.8,15.471277236938477
6.7,11.409415245056152
17.5,15.520578384399414
14.9,14.535348892211914
18.1,16.33177947998047
19.8,16.961301803588867
18.4,16.603755950927734
18.0,16.206531524658203
14.5,14.650043487548828
15.2,14.950387001037598
15.7,15.323760032653809
19.8,16.847312927246094
15.6,14.512669563293457
14.8,14.97717571258545
11.0,13.136845588684082
15.9,15.16842269897461
12.9,13.918815612792969
14.4,14.515440940856934
17.0,15.959479331970215
9.6,13.250982284545898
16.2,15.56520938873291
9.1,14.998257637023926
12.1,14.265615463256836
15.4,14.910286903381348
18.9,16.689640045166016
15.4,14.972562789916992
16.8,15.389065742492676
14.8,15.036947250366211
17.9,16.70789337158203
15.2,14.700479507446289
16.3,15.443500518798828
13.9,13.946981430053711
19.5,16.394393920898438
16.3,15.761409759521484
16.3,15.393108367919922
10.7,13.74586296081543
16.6,16.054401397705078
5.1,11.013975143432617
9.6,12.657720565795898
15.8,15.212301254272461
12.8,13.761207580566406
13.6,13.45628547668457
14.5,14.613313674926758
16.3,15.718454360961914
13.9,14.555303573608398
14.9,14.619227409362793
13.9,14.803106307983398
13.8,14.280916213989258
14.8,14.818053245544434
13.1,13.706704139709473
13.4,13.59969711303711
14.6,14.778464317321777
15.7,14.947549819946289
11.2,14.065128326416016
15.3,14.870696067810059
10.1,13.289783477783203
12.0,13.634431838989258
14.5,14.593636512756348
12.7,13.775430679321289
14.7,14.657925605773926
16.4,15.080697059631348
13.6,13.949394226074219
12.6,14.045681953430176
17.0,15.285955429077148
14.3,14.494566917419434
15.6,15.009271621704102
14.9,14.938651084899902
15.5,15.068367958068848
15.4,15.153254508972168
15.7,15.99309253692627
12.8,13.468340873718262
16.4,15.462642669677734
15.9,15.290156364440918
7.8,11.20662784576416
18.1,16.28506088256836
14.9,15.006193161010742
8.2,11.839329719543457
17.5,15.77459716796875
14.6,14.650067329406738
14.0,14.63485050201416
15.5,15.200910568237305
17.1,15.63245964050293
14.5,14.645907402038574
16.6,15.835158348083496
12.1,14.06048583984375
11.8,14.149243354797363
17.1,16.041189193725586
13.1,14.605228424072266
10.4,13.62952995300293
15.1,15.119647979736328
15.8,15.142046928405762
13.1,13.71507453918457
16.1,14.091572761535645
13.3,14.922439575195312
16.1,15.16300106048584
13.9,14.371986389160156
13.8,14.171807289123535
15.4,15.739640235900879
12.3,13.616732597351074
17.4,15.647618293762207
14.6,14.700151443481445
15.2,15.08244514465332
13.4,14.908279418945312
13.3,14.585501670837402
16.9,15.776877403259277
13.3,14.289051055908203
16.3,16.247817993164062
19.7,15.249942779541016
16.5,15.409311294555664
12.0,13.946820259094238
13.9,14.284889221191406
13.3,14.437525749206543
17.7,16.780532836914062
10.8,12.638891220092773
15.5,14.904560089111328
16.6,15.666581153869629
15.6,15.228503227233887
14.2,14.586468696594238
13.0,14.042420387268066
12.8,13.618770599365234
12.7,13.646265029907227
12.5,14.830231666564941
12.8,13.88803482055664
6.6,11.666269302368164
12.8,13.435890197753906
15.0,14.611454963684082
15.3,15.084185600280762
16.2,15.183040618896484
14.0,14.504220008850098
12.0,13.972433090209961
14.1,14.37342643737793
18.4,16.527637481689453
12.6,13.842255592346191
15.6,14.806459426879883
13.5,14.190326690673828
14.6,14.990657806396484
14.7,14.949044227600098
15.2,14.425702095031738
11.1,13.401033401489258
13.9,14.349599838256836
13.0,13.223649978637695
14.4,14.86446762084961
16.4,14.623430252075195
13.8,14.25339412689209
14.7,14.503417015075684
13.5,14.144828796386719
14.1,14.445222854614258
13.2,14.148785591125488
11.4,13.476634979248047
11.7,13.195372581481934
14.6,14.799840927124023
15.2,14.770633697509766
17.2,15.894170761108398
14.9,14.628057479858398
11.4,13.608024597167969
11.3,13.634583473205566
15.1,14.86832046508789
12.7,12.901199340820312
15.1,15.473092079162598
16.7,15.87575912475586
14.6,14.657962799072266
13.3,14.08108901977539
14.1,14.36524772644043
18.3,15.867302894592285
15.3,14.741923332214355
14.7,14.968153953552246
13.1,14.175765991210938
17.0,15.29578971862793
15.2,15.065741539001465
17.3,16.105249404907227
17.7,15.82419490814209
15.0,15.115819931030273
15.0,15.129664421081543
11.2,13.430610656738281
17.1,15.469512939453125
15.5,15.127486228942871
13.3,13.909830093383789
18.1,16.102317810058594
14.0,14.569830894470215
14.1,14.15528678894043
14.4,14.95405101776123
14.2,14.1910400390625
13.3,13.845693588256836
17.5,15.598414421081543
16.1,15.07059383392334
12.4,13.861340522766113
15.1,14.792232513427734
13.5,14.47461986541748
18.5,16.63003158569336
17.2,15.784631729125977
16.0,15.18919849395752
14.1,14.21088981628418
11.6,13.805169105529785
16.0,15.211636543273926
12.9,13.780957221984863
5.7,12.694706916809082
14.5,14.485625267028809
13.7,13.781026840209961
15.3,14.841604232788086
12.4,12.961651802062988
13.7,14.567516326904297
15.1,14.920714378356934
16.5,15.007079124450684
19.7,16.253694534301758
15.8,14.87564754486084
15.7,15.024259567260742
17.4,16.230058670043945
12.4,14.215051651000977
16.8,15.11999797821045
14.7,14.553549766540527
16.7,15.132747650146484
10.6,13.448173522949219
12.3,13.369826316833496
13.7,13.573384284973145
15.7,15.374504089355469
14.3,14.578317642211914
16.4,15.342354774475098
17.6,16.46715545654297
16.4,15.556527137756348
17.6,15.950142860412598
10.7,13.490345001220703
12.4,14.37369155883789
15.6,14.653711318969727
10.3,13.418314933776855
18.2,16.634624481201172
19.9,16.549381256103516
19.1,16.83797264099121
19.3,16.586854934692383
15.7,15.023444175720215
14.5,14.912738800048828
10.2,13.438369750976562
10.7,13.28966999053955
10.9,13.199203491210938
14.3,14.64484977722168
15.7,14.93716049194336
13.9,14.387675285339355
14.3,14.442107200622559
13.7,13.89352798461914
14.9,14.94747257232666
13.9,14.330900192260742
14.0,14.125391960144043
13.6,14.307137489318848
15.1,15.042013168334961
13.2,14.053845405578613
15.9,15.05961799621582
15.3,15.002059936523438
14.1,13.994796752929688
13.0,14.125134468078613
13.0,14.0186128616333
13.3,13.956345558166504
12.9,13.949569702148438
17.1,15.39444351196289
17.9,16.62890625
13.8,14.542681694030762
14.9,14.937410354614258
15.1,14.862929344177246
13.9,14.611595153808594
14.8,14.601751327514648
18.3,16.00912094116211
15.5,15.350834846496582
15.1,14.779441833496094
17.0,15.327413558959961
14.7,14.771200180053711
14.0,14.607195854187012
17.7,15.563186645507812
14.3,14.083977699279785
11.3,13.47492790222168
14.5,15.05394458770752
15.0,15.001866340637207
12.7,13.938613891601562
14.4,14.394369125366211
13.9,13.692977905273438
14.3,14.740935325622559
12.6,14.44117546081543
11.9,13.498659133911133
15.2,15.66133975982666
13.2,14.329964637756348
9.4,13.027669906616211
14.1,14.37863540649414
17.9,16.47629165649414
17.0,15.958260536193848
15.7,15.0066556930542
15.0,14.974417686462402
7.5,12.652395248413086
14.5,14.636817932128906
11.1,14.508400917053223
16.1,15.127408981323242
8.1,12.385782241821289
18.2,16.80401611328125
7.3,12.866277694702148
15.6,15.475072860717773
7.2,13.21162223815918
15.9,15.265657424926758
17.7,15.631961822509766
15.3,14.806751251220703
16.6,15.867396354675293
16.1,15.118770599365234
14.7,14.630049705505371
19.4,17.004291534423828
9.1,12.343311309814453
14.7,14.759848594665527
15.2,15.331429481506348
18.1,16.896106719970703
19.7,16.73328971862793
13.1,14.708793640136719
16.5,15.184578895568848
15.5,14.323379516601562
14.3,14.438035011291504
12.3,14.621578216552734
9.0,12.460031509399414
9.2,13.076775550842285
16.0,15.548046112060547
15.1,14.692755699157715
14.8,14.853034019470215
14.9,14.96861457824707
10.1,14.061017990112305
13.8,14.893047332763672
15.2,15.298321723937988
18.9,16.851171493530273
9.3,12.643653869628906
15.3,14.934905052185059
13.0,14.950117111206055
15.9,15.182439804077148
15.6,15.434158325195312
10.9,12.778797149658203
11.7,13.154592514038086
18.2,15.879581451416016
17.1,16.111804962158203
16.6,15.251363754272461
14.8,15.07629108428955
15.7,15.192034721374512
11.4,13.458648681640625
10.0,13.775322914123535
15.3,15.05077838897705
15.8,15.180678367614746
11.0,13.402876853942871
10.2,13.210417747497559
18.7,16.270709991455078
6.1,12.318683624267578
14.8,15.042816162109375
18.3,16.473220825195312
7.2,13.588488578796387
14.9,15.130562782287598
15.1,14.671363830566406
15.3,15.413387298583984
15.5,15.571624755859375
15.8,15.447568893432617
15.1,14.84709644317627
9.7,12.244928359985352
19.8,16.851999282836914
15.3,15.128982543945312
15.8,15.590287208557129
16.8,14.675562858581543
13.8,14.196921348571777
12.1,13.275776863098145
13.4,14.427389144897461
11.8,14.089699745178223
15.3,15.421764373779297
13.5,15.138226509094238
15.5,15.09330940246582
13.9,14.173646926879883
12.8,14.224287033081055
14.1,14.73350715637207
15.1,15.060104370117188
15.1,14.069711685180664
15.8,15.146528244018555
15.6,15.662474632263184
15.8,14.853056907653809
13.7,14.770333290100098
15.0,14.94960880279541
15.3,15.024011611938477
14.9,15.268715858459473
13.8,14.793871879577637
15.7,15.286314010620117
9.9,12.86134147644043
14.7,14.961090087890625
15.8,15.14333724975586
14.0,14.174897193908691
10.5,12.44894790649414
7.7,11.825571060180664
14.9,14.56595516204834
11.5,13.89514446258545
9.5,14.093889236450195
19.6,16.67401885986328
15.8,14.864092826843262
11.7,12.803398132324219
11.3,13.433889389038086
14.1,14.308548927307129
12.7,14.84694766998291
15.5,14.836910247802734
13.5,13.992263793945312
13.7,15.00754451751709
18.5,16.37675666809082
12.7,13.862748146057129
9.3,12.100622177124023
10.9,13.78424072265625
9.5,13.288422584533691
14.8,14.695664405822754
6.0,11.650758743286133
15.4,15.132513046264648
5.9,11.53530216217041
14.8,14.73177719116211
19.7,16.8486328125
18.6,16.338237762451172
14.4,14.791985511779785
16.3,15.658060073852539
15.3,14.909204483032227
9.7,12.549720764160156
15.2,15.192034721374512
14.4,14.500925064086914
18.2,16.431657791137695
11.9,13.64182186126709
15.5,15.201170921325684
13.5,14.248756408691406
19.0,16.7095947265625
10.4,13.059175491333008
12.2,13.734237670898438
19.2,16.520244598388672
15.0,15.172765731811523
10.8,13.348770141601562
14.3,14.463374137878418
13.8,15.44229507446289
13.1,13.95959758758545
16.0,14.690072059631348
10.5,13.133563041687012
17.5,16.014169692993164
13.7,14.020471572875977
16.7,15.691584587097168
14.9,14.601415634155273
15.9,15.192034721374512
14.6,14.802489280700684
17.2,16.2103214263916
13.4,14.351277351379395
9.8,12.545973777770996
12.8,13.616207122802734
13.7,14.213926315307617
13.7,14.029383659362793
15.0,15.125007629394531
14.8,15.572061538696289
18.9,16.17615509033203
11.4,13.475997924804688
15.4,15.188220977783203
14.2,14.64542293548584
17.5,16.194103240966797
12.9,14.441187858581543
19.4,16.48095703125
17.8,16.28049659729004
13.1,14.013169288635254
19.1,16.952136993408203
15.4,15.487499237060547
14.9,15.210249900817871
17.6,15.666754722595215
15.5,14.888128280639648
10.7,14.021799087524414
17.0,16.260738372802734
18.1,16.5439510345459
14.9,14.798294067382812
13.3,14.080671310424805
10.8,13.20134162902832
15.5,15.107614517211914
15.6,15.292657852172852
15.9,15.217100143432617
14.1,14.65499210357666
17.5,15.972622871398926
16.7,16.128219604492188
16.8,15.957513809204102
8.4,11.610020637512207
17.0,16.560802459716797
14.7,14.981888771057129
18.4,16.496788024902344
13.5,14.439187049865723
11.4,13.21329402923584
19.9,15.564760208129883
12.2,14.01521110534668
14.9,14.807323455810547
18.2,15.96816635131836
15.8,15.201445579528809
11.3,13.538017272949219
13.4,13.993980407714844
18.2,16.25413703918457
18.8,16.110355377197266
13.2,14.388425827026367
10.4,13.425199508666992
13.9,14.267489433288574
13.1,14.02354621887207
14.8,15.231406211853027
11.7,13.295418739318848
8.9,12.156957626342773
13.6,14.691998481750488
15.1,14.910359382629395
15.1,15.081070899963379
15.5,15.066469192504883
17.0,16.500337600708008
10.5,12.779974937438965
9.3,11.869499206542969
8.7,11.701958656311035
15.3,15.285811424255371
13.9,14.315288543701172
15.1,14.954785346984863
18.4,15.409446716308594
13.9,13.942642211914062
14.9,14.755457878112793
18.6,16.357009887695312
11.7,13.131427764892578
14.7,14.476730346679688
12.2,13.66573715209961
13.7,14.371877670288086
11.8,13.348783493041992
11.6,13.498523712158203
12.7,13.788223266601562
10.5,12.557180404663086
19.6,16.404747009277344
11.1,13.936198234558105
13.2,14.015528678894043
14.4,15.066248893737793
12.0,13.599302291870117
8.8,12.993842124938965
16.3,14.677221298217773
18.2,16.470779418945312
13.8,14.517049789428711
15.9,15.34604549407959
14.1,15.39262866973877
13.5,14.416736602783203
16.1,15.50178337097168
13.0,15.109292984008789
14.5,14.372925758361816
8.7,12.64404296875
14.3,14.483369827270508
15.1,15.053882598876953
14.9,14.70876407623291
11.7,13.043309211730957
15.4,14.815140724182129
14.8,14.819525718688965
17.5,16.231945037841797
13.1,14.95551586151123
14.7,14.648205757141113
6.7,12.336346626281738
16.3,15.50653076171875
9.9,13.082578659057617
15.1,15.14225959777832
18.5,16.736766815185547
15.0,15.048733711242676
11.9,13.605851173400879
14.4,14.331454277038574
14.5,14.65703010559082
16.1,15.391160011291504
15.3,15.092724800109863
15.9,15.438282012939453
15.2,15.382044792175293
14.4,13.9703369140625
15.7,14.949031829833984
14.3,14.41604995727539
15.4,15.036478042602539
13.8,14.453730583190918
14.2,14.209017753601074
18.1,15.882986068725586
15.5,14.935162544250488
9.6,12.990302085876465
19.8,16.54834747314453
15.4,15.116978645324707
16.0,15.447999954223633
17.4,15.871360778808594
15.3,15.151577949523926
13.9,14.614800453186035
13.8,14.123403549194336
14.6,14.51999568939209
11.8,13.608625411987305
13.5,14.513175010681152
15.6,14.660168647766113
15.2,14.75357723236084
17.0,14.577512741088867
16.9,15.866960525512695
14.0,14.562821388244629
17.0,15.624600410461426
15.3,14.809338569641113
15.5,14.447379112243652
13.8,14.425214767456055
19.8,16.924009323120117
15.5,14.453824996948242
14.6,14.604844093322754
13.4,13.997127532958984
15.5,15.217050552368164
18.1,15.64606761932373
13.6,14.347806930541992
13.9,14.583009719848633
14.9,14.874347686767578
14.8,14.74840259552002
17.7,16.663850784301758
15.4,14.86521053314209
13.8,14.163896560668945
14.0,15.014779090881348
11.0,13.371750831604004
14.8,15.024011611938477
15.2,14.823203086853027
12.3,13.88076114654541
10.6,12.45384407043457
14.7,14.589067459106445
14.7,14.593681335449219
15.5,14.815020561218262
12.6,14.051210403442383
15.2,14.993301391601562
14.9,15.14333724975586
13.9,15.099596977233887
15.8,15.40489673614502
15.2,14.836379051208496
11.2,13.906476974487305
14.4,15.158267974853516
15.5,14.832232475280762
18.5,16.879493713378906
12.9,13.77944278717041
14.1,14.919476509094238
14.1,14.35841178894043
13.4,14.27882194519043
15.1,14.892411231994629
14.0,14.56242561340332
13.2,13.77236557006836
15.6,15.206098556518555
16.5,15.665594100952148
12.8,13.857261657714844
15.1,14.569689750671387
12.3,13.524065971374512
15.1,14.885992050170898
14.4,14.617623329162598
18.7,16.02541160583496
10.3,13.47143268585205
16.8,15.721691131591797
15.8,15.963879585266113
14.8,14.699223518371582
15.6,15.371954917907715
16.0,15.103414535522461
12.7,13.310805320739746
16.9,15.92720890045166
16.4,16.072792053222656
10.6,13.675558090209961
15.2,15.67459774017334
11.2,13.396469116210938
16.3,16.000944137573242
15.3,14.85606575012207
15.8,15.1255464553833
13.5,14.572452545166016
15.2,15.190852165222168
14.6,14.630525588989258
12.4,14.091520309448242
15.3,14.941634178161621
16.0,15.301883697509766
9.9,13.505351066589355
14.9,14.686904907226562
14.1,14.224931716918945
13.0,13.838650703430176
14.6,14.610605239868164
13.2,14.591495513916016
10.9,13.507781028747559
19.7,16.401418685913086
14.6,13.982550621032715
18.1,16.237693786621094
12.6,15.047969818115234
19.4,16.86838722229004
12.1,13.445622444152832
13.9,14.33791446685791
15.8,15.328423500061035
13.5,14.252495765686035
14.9,15.8488187789917
8.9,13.678238868713379
11.6,14.277275085449219
14.5,14.722640037536621
15.0,14.624456405639648
14.8,14.91309642791748
15.1,15.079703330993652
13.9,14.776540756225586
14.9,14.694211959838867
13.3,13.89571475982666
14.8,15.350534439086914
15.3,14.915325164794922
12.5,13.658912658691406
14.8,14.7675199508667
15.8,15.430702209472656
14.0,14.563678741455078
14.3,14.504852294921875
14.9,14.669929504394531
16.6,14.553767204284668
12.8,15.270785331726074
15.1,14.714071273803711
16.6,16.09819984436035
14.6,14.679957389831543
15.8,15.139192581176758
14.7,14.730666160583496
15.5,15.124202728271484
8.9,13.262704849243164
19.2,15.127644538879395
16.4,15.285350799560547
14.3,14.496262550354004
9.5,12.94117259979248
14.4,14.205168724060059
13.2,14.231732368469238
14.7,14.81831169128418
15.3,14.931307792663574
14.3,14.459471702575684
14.9,14.81811809539795
14.4,14.807071685791016
16.1,15.921707153320312
16.8,16.17719078063965
15.3,14.828627586364746
16.4,15.464946746826172
16.5,15.625428199768066
14.5,15.044843673706055
15.6,14.83316707611084
14.0,14.030710220336914
9.7,13.815759658813477
13.6,14.307312965393066
15.0,14.896225929260254
14.0,14.580111503601074
13.7,15.508204460144043
13.5,14.267468452453613
14.9,14.576105117797852
11.4,13.312996864318848
14.0,14.858308792114258
17.8,16.75141143798828
10.7,13.995768547058105
14.8,14.935214042663574
15.6,16.443262100219727
5.5,12.359678268432617
16.4,15.95895004272461
11.3,13.574131965637207
15.6,15.719050407409668
14.7,15.055649757385254
14.2,14.813020706176758
17.1,14.450551986694336
15.2,14.96239948272705
14.4,14.733065605163574
15.8,15.034173965454102
15.7,15.152204513549805
14.4,14.443708419799805
12.7,13.574405670166016
13.3,13.884793281555176
12.6,13.903264999389648
16.5,15.230905532836914
16.2,15.146434783935547
10.7,13.281083106994629
15.9,15.377201080322266
14.8,16.07199478149414
12.1,14.912803649902344
15.5,14.857518196105957
15.3,15.555061340332031
14.8,14.722310066223145
12.1,13.635422706604004
15.9,15.617510795593262
14.3,14.472063064575195
14.1,14.267972946166992
19.6,16.672714233398438
10.7,13.877315521240234
10.8,15.43063735961914
15.0,15.176409721374512
13.6,13.92572021484375
16.3,15.019988059997559
14.2,14.397807121276855
10.5,13.437641143798828
10.0,13.280506134033203
13.4,14.383506774902344
7.5,12.564248085021973
12.8,14.111912727355957
14.7,15.104496002197266
13.2,13.109771728515625
12.9,14.647265434265137
13.9,14.295940399169922
9.6,12.469137191772461
14.5,14.733476638793945
13.5,14.332194328308105
14.2,14.402713775634766
14.2,14.666439056396484
11.5,13.493964195251465
13.6,14.986167907714844
12.5,13.847322463989258
13.4,14.338669776916504
15.4,15.418569564819336
13.3,14.575699806213379
14.9,14.885409355163574
14.5,14.680000305175781
14.8,15.013725280761719
14.5,14.291603088378906
13.1,14.26594352722168
13.0,13.3970308303833
14.2,14.737929344177246
15.0,15.009496688842773
15.6,14.963502883911133
15.3,14.778647422790527
18.7,16.051862716674805
19.7,16.852249145507812
14.7,14.445406913757324
14.3,14.488317489624023
11.4,13.408283233642578
17.4,16.185609817504883
14.1,14.509204864501953
14.0,14.441530227661133
14.8,15.099448204040527
16.1,15.435646057128906
14.3,14.508983612060547
15.7,15.167672157287598
16.5,15.29680347442627
13.2,14.034990310668945
14.6,16.202444076538086
15.1,15.437450408935547
7.7,12.377498626708984
16.3,16.312192916870117
14.5,14.511877059936523
14.8,14.099274635314941
16.2,15.71849536895752
13.7,14.171622276306152
12.7,13.31178092956543
15.6,14.91926097869873
15.6,15.033462524414062
13.0,13.105215072631836
13.4,14.023223876953125
13.2,14.150619506835938
14.5,14.534193992614746
16.4,15.418766021728516
16.6,15.907022476196289
18.0,16.441999435424805
14.7,14.937788009643555
16.1,15.14333724975586
15.2,15.92784595489502
19.1,16.790040969848633
13.1,13.783041954040527
10.6,13.484724998474121
16.1,15.583564758300781
14.6,14.50074577331543
14.7,14.582479476928711
10.9,13.342658042907715
17.2,16.1020450592041
15.6,14.975424766540527
19.0,16.269580841064453
13.1,14.416725158691406
14.0,14.797101974487305
11.6,13.636370658874512
16.0,15.192034721374512
17.4,16.13279914855957
14.4,14.536081314086914
12.3,13.418671607971191
13.4,14.987095832824707
17.8,15.765667915344238
16.2,14.706297874450684
16.0,15.59653377532959
18.7,15.29041862487793
11.3,13.55678939819336
14.9,14.91374683380127
15.5,14.545965194702148
11.2,14.126595497131348
16.6,15.81087875366211
9.8,12.63981819152832
14.4,14.275501251220703
9.6,12.7932710647583
14.3,14.78128433227539
14.2,14.572216987609863
13.0,13.97665786743164
12.1,13.464117050170898
12.6,13.923362731933594
12.2,13.525681495666504
18.8,16.939102172851562
14.0,14.43665885925293
13.7,14.113914489746094
16.6,15.352789878845215
10.6,13.30806827545166
19.8,16.124555587768555
11.5,13.321349143981934
16.8,15.398868560791016
9.7,12.684475898742676
14.5,14.613606452941895
13.3,14.464251518249512
12.7,13.786179542541504
14.2,14.783445358276367
14.9,14.379583358764648
5.2,10.964038848876953
14.5,15.211177825927734
16.2,14.645649909973145
13.0,14.245830535888672
14.0,14.599682807922363
14.5,14.662418365478516
12.3,14.609586715698242
11.8,13.329469680786133
16.1,14.50862979888916
18.1,16.342350006103516
14.5,15.179614067077637
9.9,13.157977104187012
14.7,14.640340805053711
13.4,14.392574310302734
8.0,12.678132057189941
13.9,14.31637954711914
11.8,13.28261947631836
16.9,16.176515579223633
16.0,15.566506385803223
16.2,14.249588012695312
15.3,15.189107894897461
16.0,15.106266021728516
13.8,14.319846153259277
14.7,14.837536811828613
13.4,13.989415168762207
12.1,13.592164993286133
15.6,15.3600435256958
15.1,14.776307106018066
16.2,14.989480972290039
14.3,14.687836647033691
16.1,14.887442588806152
17.2,16.292036056518555
13.9,14.512884140014648
15.3,14.802654266357422
12.4,13.836263656616211
11.2,12.941675186157227
13.9,14.221063613891602
11.6,13.879508972167969
19.1,16.61728286743164
14.9,14.861424446105957
19.2,16.345001220703125
14.4,14.698789596557617
14.7,14.71804428100586
15.5,15.086565017700195
19.8,15.181655883789062
15.7,15.201981544494629
14.0,14.18152141571045
13.1,14.478662490844727
14.5,14.474318504333496
11.7,13.397789001464844
13.9,14.698450088500977
14.6,14.575669288635254
17.3,16.39421272277832
14.0,14.310725212097168
15.1,15.101642608642578
12.7,14.165580749511719
14.2,14.710870742797852
12.0,14.36627197265625
14.3,15.121973037719727
12.8,14.026703834533691
16.2,15.394270896911621
15.7,15.901043891906738
15.1,15.118361473083496
19.3,16.767066955566406
4.5,10.877845764160156
14.2,14.49394416809082
15.8,14.738566398620605
14.7,14.737730026245117
14.8,14.740424156188965
11.3,14.167256355285645
19.9,16.364810943603516
14.2,14.115378379821777
15.8,15.259570121765137
15.1,14.943601608276367
19.7,16.917463302612305
14.4,14.36852741241455
17.1,15.931203842163086
14.5,15.03880786895752
14.5,14.46369743347168
15.4,15.10528564453125
15.6,15.20718002319336
15.5,14.922106742858887
14.9,14.423126220703125
12.6,13.398228645324707
15.4,15.54741096496582
18.8,16.233543395996094
14.0,14.415545463562012
12.8,14.066574096679688
15.2,15.095970153808594
13.0,15.02022933959961
13.7,14.229811668395996
13.7,14.620662689208984
15.2,14.894241333007812
13.8,14.273957252502441
17.2,16.14712142944336
12.8,15.858841896057129
13.5,14.848031997680664
18.8,16.599252700805664
15.4,15.142046928405762
10.4,13.303018569946289
12.4,13.988483428955078
18.2,15.431496620178223
15.8,15.212301254272461
13.5,14.304763793945312
15.2,14.650834083557129
14.5,14.852178573608398
14.8,15.170303344726562
16.4,15.59652328491211
14.8,14.616716384887695
14.1,14.541108131408691
14.7,14.5466890335083
8.6,12.246281623840332
13.4,14.232362747192383
11.2,14.087191581726074
10.1,12.56640338897705
14.6,14.45421314239502
10.8,14.03931713104248
15.2,14.859878540039062
12.1,12.994669914245605
15.3,14.774986267089844
15.8,15.187287330627441
19.6,16.717586517333984
14.5,14.2786283493042
14.0,14.514466285705566
16.9,15.54194164276123
15.5,14.7685546875
15.1,14.688928604125977
15.6,14.78171157836914
14.8,14.609685897827148
14.7,14.854290962219238
13.9,14.539505004882812
14.9,14.721501350402832
14.3,14.829560279846191
12.5,14.34852123260498
15.5,14.901891708374023
18.7,16.385622024536133
15.8,14.688693046569824
14.5,14.757216453552246
16.4,16.51107406616211
14.7,14.562967300415039
10.2,13.510189056396484
14.1,14.648703575134277
11.3,15.004901885986328
12.0,13.433525085449219
13.5,14.425050735473633
12.2,13.419204711914062
12.8,12.692544937133789
14.4,14.788702011108398
18.6,15.601983070373535
12.7,13.69179630279541
14.5,14.322333335876465
8.2,14.22388744354248
12.3,13.861783981323242
13.2,14.609210014343262
12.2,13.452781677246094
13.5,13.760647773742676
15.1,15.149288177490234
11.5,13.676993370056152
13.2,15.044168472290039
15.1,14.735093116760254
15.0,14.732778549194336
8.2,12.090599060058594
16.7,15.861251831054688
13.9,14.075520515441895
8.7,12.199760437011719
12.0,13.45566177368164
17.4,16.173139572143555
8.6,15.050592422485352
15.4,14.700756072998047
13.8,14.177717208862305
13.6,13.904377937316895
15.0,14.721301078796387
11.4,13.455044746398926
13.4,14.118000984191895
11.4,13.502038955688477
15.5,15.126176834106445
11.7,13.358757972717285
10.1,12.79526138305664
9.2,13.279437065124512
16.1,15.52750015258789
13.3,14.67451286315918
15.1,15.409076690673828
13.9,14.494645118713379
12.2,14.25136661529541
15.4,14.005772590637207
14.7,15.154634475708008
17.2,16.850370407104492
12.0,14.226165771484375
16.3,15.192034721374512
14.5,15.011176109313965
11.9,13.987499237060547
18.5,16.281524658203125
15.2,14.697399139404297
13.4,14.200879096984863
11.4,13.540345191955566
13.2,14.618627548217773
5.9,10.908340454101562
12.5,15.224187850952148
15.3,15.12338924407959
12.8,13.764479637145996
13.2,13.72928237915039
15.2,14.868542671203613
14.7,14.401618957519531
11.8,14.156814575195312
10.7,13.049509048461914
9.0,13.481964111328125
12.7,14.15760326385498
13.9,14.303681373596191
9.4,13.621432304382324
15.0,14.444531440734863
15.2,15.1015625
10.0,13.077327728271484
15.6,15.107144355773926
13.4,15.254951477050781
13.6,14.977743148803711
15.9,14.940902709960938
15.3,15.455854415893555
14.6,14.957143783569336
13.5,14.07032585144043
16.1,15.641561508178711
14.9,15.121269226074219
15.3,15.065470695495605
15.5,15.098237037658691
16.5,15.231466293334961
16.2,15.42863655090332
14.7,15.156517028808594
15.9,14.912298202514648
14.6,14.656744003295898
14.3,14.919181823730469
15.3,14.915085792541504
14.9,14.837014198303223
15.2,14.744654655456543
12.1,13.8223876953125
14.4,15.092971801757812
14.9,14.796432495117188
17.5,16.06065559387207
15.0,14.775368690490723
14.4,14.842761993408203
18.3,16.876014709472656
11.2,13.247577667236328
15.5,14.825533866882324
15.3,15.6182861328125
14.2,14.480230331420898
14.3,14.54187297821045
12.7,14.717611312866211
14.8,14.88403606414795
16.2,15.862632751464844
12.8,13.698210716247559
15.6,15.16842269897461
15.7,15.889577865600586
15.4,14.760985374450684
14.0,14.743346214294434
13.6,14.272453308105469
18.6,16.66159439086914
14.5,14.647551536560059
18.7,16.686010360717773
14.8,15.02145767211914
13.9,14.211345672607422
13.7,13.924957275390625
15.5,15.095688819885254
16.1,15.974954605102539
17.6,16.26616859436035
15.1,14.359265327453613
16.6,15.790581703186035
13.2,14.530844688415527
17.3,15.92082405090332
17.1,15.964826583862305
13.1,14.02054214477539
18.2,16.72410774230957
15.4,15.646681785583496
14.9,14.897039413452148
15.4,15.167418479919434
16.3,15.829985618591309
16.1,15.457066535949707
18.2,16.682342529296875
15.1,14.957740783691406
17.5,16.611740112304688
14.3,14.753535270690918
14.3,14.665242195129395
19.0,16.270980834960938
17.3,16.21394157409668
15.8,15.189482688903809
11.6,12.924530029296875
15.1,14.87182903289795
13.8,14.602773666381836
15.8,13.649679183959961
16.3,15.487751007080078
16.3,15.585665702819824
16.9,15.345417022705078
14.7,14.88666820526123
17.8,16.19632339477539
18.7,16.896018981933594
19.4,16.133092880249023
15.5,15.179360389709473
17.4,16.53553581237793
13.5,14.618459701538086
16.1,15.1739501953125
12.1,15.24331283569336
17.3,16.200292587280273
16.7,15.715240478515625
17.0,15.919737815856934
14.8,14.558615684509277
16.6,15.611900329589844
9.5,12.700353622436523
13.6,14.053589820861816
13.7,14.643341064453125
15.4,13.69599723815918
14.6,15.075714111328125
19.8,15.136334419250488
19.9,16.759368896484375
14.8,15.0853853225708
17.4,15.537973403930664
10.5,13.559083938598633
16.8,15.008060455322266
9.1,14.085855484008789
14.0,14.521490097045898
14.8,14.981254577636719
15.4,15.253432273864746
15.2,15.02637004852295
14.2,14.582548141479492
15.6,16.158748626708984
13.8,14.357219696044922
14.7,14.691169738769531
14.7,14.995600700378418
15.3,15.150822639465332
16.7,14.638699531555176
14.2,14.431737899780273
14.5,14.685159683227539
18.3,16.585887908935547
13.8,14.7152738571167
15.3,14.790962219238281
13.9,14.560111045837402
14.7,14.81865119934082
15.1,14.790584564208984
14.2,14.705373764038086
12.2,13.387768745422363
7.3,15.202229499816895
14.0,14.44971752166748
19.7,16.994369506835938
18.6,16.95157241821289
19.5,16.89887809753418
12.6,14.006486892700195
12.7,13.855029106140137
10.7,13.17679214477539
15.1,16.241979598999023
19.0,16.659286499023438
13.5,14.230585098266602
14.2,14.513059616088867
8.2,12.638755798339844
13.3,14.090583801269531
14.5,15.129854202270508
15.8,15.456744194030762
11.0,13.271383285522461
13.8,14.075178146362305
13.1,13.91317367553711
12.6,14.678858757019043
12.3,13.501702308654785
14.7,14.423029899597168
16.0,15.172016143798828
14.8,14.633136749267578
14.0,14.748827934265137
14.7,14.526857376098633
14.7,14.627426147460938
14.0,14.318398475646973
14.3,15.104841232299805
11.6,14.385778427124023
13.2,14.082558631896973
11.3,13.79930591583252
13.3,14.151107788085938
19.3,16.51840591430664
8.9,14.154762268066406
13.9,14.072043418884277
12.9,14.238292694091797
14.9,14.191742897033691
13.8,14.428116798400879
15.0,14.871907234191895
14.1,14.637182235717773
11.0,15.483683586120605
16.3,15.729901313781738
13.1,14.752996444702148
14.9,14.707881927490234
14.8,14.302064895629883
7.7,12.456622123718262
16.2,15.14333724975586
15.0,15.14333724975586
16.6,16.186378479003906
14.9,14.718259811401367
13.3,14.157865524291992
16.1,15.619189262390137
11.2,13.66849136352539
11.9,13.691941261291504
14.0,14.0258207321167
12.4,13.371475219726562
14.7,15.037211418151855
12.0,13.59393310546875
13.6,14.09444808959961
18.5,14.796780586242676
14.3,14.29626750946045
13.0,14.425394058227539
11.7,13.350275993347168
13.0,14.017548561096191
18.2,15.955257415771484
16.8,16.018125534057617
12.8,15.083145141601562
12.5,13.672502517700195
14.8,14.554285049438477
13.1,13.86262321472168
14.7,14.724946975708008
13.5,13.822344779968262
15.6,15.198122024536133
15.6,15.109148025512695
13.6,14.386648178100586
11.4,13.361312866210938
13.0,13.799262046813965
14.8,14.964715003967285
15.5,15.108633041381836
14.2,14.55764389038086
15.7,15.346986770629883
13.3,14.05121898651123
12.4,13.765460014343262
12.5,13.833821296691895
13.9,14.321297645568848
14.3,14.576598167419434
10.4,13.722359657287598
13.8,14.051359176635742
19.3,16.7098445892334
11.1,13.639839172363281
14.5,15.021384239196777
13.1,14.59776782989502
13.1,13.714937210083008
16.8,15.723657608032227
15.0,14.814299583435059
16.9,14.808426856994629
15.7,15.680659294128418
15.9,14.512359619140625
11.5,12.599556922912598
12.8,14.615317344665527
18.9,16.0126895904541
15.8,14.715402603149414
18.1,16.602121353149414
17.9,16.476985931396484
15.0,15.705808639526367
19.6,16.772356033325195
14.2,14.37314510345459
19.9,16.96242904663086
17.2,15.000378608703613
13.2,14.518936157226562
19.8,16.89497184753418
14.8,14.294914245605469
16.1,14.922869682312012
12.9,13.84973430633545
14.7,14.565328598022461
19.5,16.90660858154297
14.0,14.34373950958252
15.9,15.779048919677734
17.0,16.41548728942871
14.0,14.948262214660645
17.6,16.187307357788086
16.6,15.61915111541748
13.7,14.032332420349121
14.1,15.008880615234375
18.2,15.658026695251465
13.6,14.144845962524414
12.0,13.32005500793457
16.0,15.485236167907715
13.9,14.546608924865723
15.6,14.678025245666504
15.5,14.79548168182373
14.8,15.171833038330078
14.4,14.659808158874512
15.0,15.215088844299316
14.5,15.110053062438965
18.7,16.401174545288086
14.4,14.42595100402832
14.7,14.730717658996582
12.2,14.788890838623047
19.4,16.527318954467773
14.0,14.496068000793457
8.6,13.919305801391602
19.3,16.904539108276367
14.6,14.545586585998535
14.7,14.63271713256836
13.4,14.080740928649902
19.5,16.169221878051758
13.0,13.6827392578125
12.6,14.172111511230469
12.5,13.822278022766113
9.4,13.157872200012207
16.1,14.864519119262695
10.9,13.528921127319336
16.3,15.601893424987793
15.3,14.85452651977539
14.0,14.433960914611816
17.0,15.674973487854004
17.0,16.29424476623535
19.8,16.720230102539062
13.5,14.57004165649414
15.3,14.541990280151367
15.4,15.208117485046387
17.2,15.71607780456543
17.6,16.831214904785156
11.3,14.02938175201416
15.1,15.089472770690918
18.4,15.966277122497559
14.7,15.133813858032227
12.5,13.625697135925293
17.5,15.8878755569458
12.6,14.424915313720703
14.2,13.637341499328613
15.4,15.054502487182617
11.7,13.436006546020508
15.6,14.636101722717285
16.2,15.239203453063965
9.8,13.527605056762695
15.7,14.95057201385498
12.7,13.956602096557617
14.9,14.801301956176758
19.4,16.920907974243164
15.3,14.920342445373535
9.7,11.379886627197266
17.9,16.421977996826172
13.8,14.362810134887695
16.0,15.15236759185791
14.1,14.502374649047852
14.8,14.521605491638184
15.9,13.7703218460083
19.5,16.76250648498535
10.2,13.277771949768066
17.5,15.649273872375488
17.2,16.154333114624023
18.5,16.88821029663086
16.3,15.416389465332031
15.5,14.8993558883667
16.4,16.19207191467285
16.4,15.336653709411621
14.8,14.373035430908203
15.4,14.912457466125488
18.9,16.32037353515625
19.7,16.68849754333496
15.8,14.895732879638672
13.1,14.379958152770996
15.0,14.845793724060059
12.3,13.738106727600098
16.2,15.358026504516602
16.9,15.25806999206543
15.7,14.541397094726562
14.9,14.718476295471191
19.0,16.662843704223633
17.4,15.548917770385742
15.0,15.098772048950195
13.5,14.729537963867188
16.0,15.356914520263672
14.6,14.90424919128418
12.4,14.758113861083984
9.7,14.628412246704102
14.8,14.88552188873291
18.0,16.710079193115234
10.5,14.420207977294922
15.2,14.731204986572266
19.1,16.157079696655273
14.0,14.389321327209473
16.4,15.487407684326172
17.0,16.325336456298828
9.4,13.66141128540039
16.0,14.600020408630371
16.7,15.85110092163086
9.1,12.957334518432617
13.7,14.525186538696289
14.7,14.476515769958496
18.5,16.72163200378418
15.3,14.754063606262207
15.4,15.1874361038208
16.8,15.989191055297852
15.2,15.513375282287598
17.5,16.903898239135742
12.4,13.990456581115723
15.6,15.328913688659668
17.8,14.911955833435059
12.3,15.499231338500977
10.8,12.749073028564453
15.4,15.560497283935547
15.2,14.771721839904785
13.8,14.604994773864746
15.1,14.830994606018066
10.3,15.016225814819336
12.5,14.851125717163086
12.6,14.19240951538086
11.7,13.651551246643066
13.9,14.96003246307373
13.7,14.583473205566406
17.3,13.611665725708008
14.8,14.22619342803955
5.7,14.43603801727295
13.9,12.237251281738281
6.7,16.243078231811523
12.2,15.778061866760254
19.5,16.907949447631836
13.8,14.565461158752441
17.9,16.524965286254883
17.8,16.62331771850586
15.5,15.357182502746582
17.2,15.105388641357422
13.7,14.809771537780762
17.7,16.403636932373047
18.8,16.848011016845703
15.4,14.128031730651855
14.0,14.458955764770508
17.4,16.69305992126465
11.7,13.447731018066406
14.0,15.567540168762207
14.8,15.05697250366211
10.8,13.930566787719727
13.6,14.204473495483398
14.0,15.045039176940918
19.5,16.952316284179688
15.3,15.2795991897583
9.0,12.385175704956055
16.6,15.38001823425293
13.4,14.498367309570312
12.7,14.290518760681152
14.3,14.440402030944824
11.8,14.915658950805664
14.2,14.261743545532227
14.8,14.856077194213867
14.1,14.732126235961914
12.8,13.646051406860352
13.1,14.152549743652344
6.7,13.590522766113281
10.9,13.267850875854492
14.4,14.741331100463867
15.0,14.91971492767334
15.3,14.256814956665039
15.6,15.470866203308105
14.5,15.009271621704102
16.5,16.1729736328125
14.4,14.995317459106445
8.3,12.300533294677734
10.5,12.98453426361084
16.0,15.325895309448242
13.2,14.047067642211914
18.0,16.386234283447266
16.0,15.863019943237305
15.1,14.799845695495605
19.2,16.741365432739258
17.1,15.95386028289795
10.8,13.689555168151855
17.6,16.121334075927734
19.3,15.666685104370117
14.0,14.55678653717041
14.8,14.473261833190918
15.3,14.76330280303955
14.6,15.22461986541748
16.2,14.2899808883667
15.5,15.032554626464844
16.0,15.733407020568848
13.3,14.258485794067383
15.0,14.826887130737305
14.4,14.42803955078125
13.2,14.656518936157227
19.6,15.803446769714355
17.3,16.256248474121094
16.8,16.243778228759766
19.7,16.880720138549805
16.3,16.7006893157959
9.3,12.874821662902832
10.4,13.197219848632812
13.7,15.04454231262207
15.1,14.556520462036133
14.0,14.298511505126953
16.3,14.89884090423584
13.6,13.858466148376465
19.6,16.311729431152344
16.2,15.610663414001465
14.6,14.717690467834473
11.4,13.248449325561523
19.0,16.485980987548828
14.4,14.856539726257324
11.5,13.893514633178711
15.5,15.637042045593262
15.8,15.515860557556152
15.9,15.137613296508789
19.5,15.758930206298828
16.7,15.900190353393555
14.6,14.837852478027344
11.0,14.628256797790527
9.8,13.807049751281738
14.0,14.587726593017578
13.7,14.278340339660645
12.4,13.579307556152344
16.7,16.77899742126465
19.9,16.87649154663086
14.5,14.427450180053711
10.8,13.719351768493652
15.7,15.149781227111816
19.3,16.568992614746094
12.1,13.566669464111328
14.5,14.71117115020752
15.0,14.560518264770508
11.4,13.670276641845703
12.1,14.516060829162598
15.0,14.789094924926758
12.9,14.175457954406738
10.6,14.101435661315918
17.7,16.148595809936523
15.7,15.506622314453125
13.2,14.133909225463867
13.5,14.125967025756836
14.9,14.35014533996582
15.8,14.997933387756348
16.6,15.236794471740723
10.0,13.362996101379395
12.9,13.854025840759277
15.8,15.14333724975586
13.4,14.696521759033203
18.1,16.480838775634766
18.8,16.813106536865234
16.4,15.778246879577637
13.8,14.301898956298828
14.2,14.89338493347168
13.3,14.275735855102539
14.8,14.643774032592773
14.5,14.676027297973633
19.6,16.94521141052246
13.7,13.719462394714355
18.6,15.677626609802246
14.6,14.140081405639648
14.6,14.628957748413086
15.7,15.531397819519043
17.6,16.38298797607422
15.7,14.771098136901855
14.7,15.235695838928223
14.3,14.955710411071777
17.7,16.480581283569336
10.3,13.221112251281738
14.9,15.468318939208984
13.8,14.697525978088379
15.8,15.498637199401855
10.8,14.2786865234375
15.3,14.549198150634766
17.5,15.058355331420898
16.6,15.1321439743042
15.1,15.18565845489502
15.2,14.957437515258789
13.3,14.111696243286133
11.1,14.561492919921875
13.7,14.53288745880127
16.8,15.033921241760254
13.1,14.356215476989746
16.4,16.142263412475586
16.5,15.469429016113281
12.3,13.705072402954102
14.9,14.729538917541504
18.7,16.766414642333984
15.8,15.182672500610352
13.0,14.06583309173584
17.0,15.330070495605469
15.3,14.49279499053955
16.7,15.533609390258789
16.3,15.51219654083252
19.1,16.784208297729492
11.0,13.615862846374512
16.5,15.667858123779297
12.6,14.311103820800781
11.4,13.449150085449219
15.7,15.572299003601074
15.5,15.149103164672852
9.9,12.934684753417969
14.2,14.691832542419434
15.4,15.492012977600098
15.7,15.115866661071777
19.0,16.699068069458008
14.7,15.108633041381836
15.8,15.423795700073242
16.9,15.955896377563477
14.7,14.530754089355469
15.4,15.156150817871094
14.1,14.225425720214844
14.8,14.805619239807129
14.7,14.750476837158203
17.0,15.93422794342041
14.5,14.996066093444824
14.6,15.077112197875977
12.9,14.940594673156738
13.4,13.489535331726074
19.6,16.389482498168945
13.6,14.243325233459473
12.1,13.456321716308594
10.2,14.00124740600586
14.9,14.945442199707031
14.8,15.124554634094238
11.1,13.688776969909668
14.0,14.159547805786133
14.7,15.098505973815918
14.5,14.885359764099121
13.6,15.070341110229492
11.3,14.329838752746582
14.3,15.504728317260742
11.2,13.312094688415527
18.3,16.75323486328125
18.1,16.465848922729492
16.6,15.47117805480957
14.1,13.950984954833984
14.6,14.697256088256836
18.5,15.785184860229492
13.0,14.265240669250488
14.2,14.443587303161621
15.6,15.166387557983398
8.7,12.487848281860352
19.2,16.8701171875
15.5,14.70247745513916
12.2,15.008216857910156
18.7,16.55256462097168
17.4,15.90575885772705
16.5,14.512608528137207
14.9,15.310144424438477
16.4,14.482025146484375
19.3,15.874382972717285
17.5,16.2818660736084
18.3,16.334665298461914
16.2,15.839707374572754
16.9,15.804691314697266
15.6,14.995565414428711
18.7,15.305203437805176
13.9,15.521881103515625
15.7,15.118461608886719
16.9,16.39116668701172
15.9,15.467225074768066
13.8,14.034952163696289
19.3,16.310144424438477
10.8,13.976962089538574
19.3,16.425140380859375
19.1,16.74183464050293
15.6,15.435359954833984
10.2,13.278377532958984
14.6,14.700041770935059
19.5,16.645837783813477
19.1,16.42594337463379
18.9,16.260541915893555
14.3,14.700838088989258
15.2,14.938254356384277
11.7,14.192889213562012
16.8,15.23582649230957
13.8,14.446939468383789
10.5,13.687546730041504
11.1,13.432378768920898
9.0,15.073921203613281
15.2,15.198129653930664
15.5,15.656774520874023
12.7,13.45797061920166
19.9,16.732311248779297
13.8,14.272603988647461
14.4,14.738723754882812
11.8,12.753337860107422
14.2,14.57429027557373
13.5,14.761415481567383
17.1,16.369775772094727
15.1,15.630636215209961
12.3,13.534607887268066
14.7,14.786808967590332
11.0,13.513053894042969
11.5,14.264565467834473
16.4,15.128957748413086
18.4,16.051097869873047
16.9,16.09843635559082
11.4,13.494261741638184
14.4,14.53671646118164
14.3,14.919495582580566
12.4,14.90510082244873
12.4,14.397400856018066
12.6,14.288528442382812
13.5,14.25969123840332
11.4,14.165372848510742
9.6,12.999205589294434
13.9,14.779167175292969
15.0,15.314809799194336
12.6,14.01201343536377
16.9,15.982787132263184
13.5,14.713658332824707
16.9,15.104363441467285
15.0,15.264333724975586
12.7,13.962087631225586
13.2,13.990524291992188
14.8,15.239725112915039
9.4,13.97274398803711
16.0,15.867341995239258
15.5,14.976932525634766
14.1,14.286540985107422
15.5,14.929218292236328
12.3,13.896449089050293
15.4,15.12129020690918
12.3,14.753639221191406
17.9,16.473161697387695
15.8,15.08582592010498
16.0,15.05952262878418
14.7,15.430957794189453
10.5,14.739575386047363
15.7,15.37529468536377
15.4,15.505075454711914
11.4,13.605070114135742
18.7,16.82316780090332
16.3,15.46021842956543
14.9,14.692360877990723
18.1,16.037425994873047
13.9,14.930705070495605
15.0,14.691390991210938
14.6,15.015533447265625
14.5,14.56546688079834
19.0,16.760684967041016
16.2,15.888859748840332
11.9,14.025741577148438
14.6,15.09792423248291
15.5,15.14333724975586
11.4,13.299543380737305
14.6,15.14333724975586
18.7,16.855018615722656
16.3,15.920236587524414
13.3,15.072927474975586
18.0,16.694337844848633
11.8,13.396207809448242
10.9,13.46152114868164
17.5,15.43991756439209
16.3,15.576491355895996
14.2,14.351558685302734
14.5,14.59846019744873
13.9,14.802711486816406
18.1,16.60856056213379
15.0,15.072807312011719
16.3,15.956120491027832
12.0,13.333313941955566
14.2,14.283857345581055
14.6,14.596786499023438
15.1,15.506275177001953
16.2,15.385612487792969
11.8,15.008880615234375
11.5,13.389862060546875
11.3,13.417719841003418
19.2,16.855554580688477
15.4,14.876832962036133
14.8,15.124068260192871
12.5,13.669329643249512
14.6,15.028397560119629
12.5,13.852006912231445
9.6,12.893637657165527
15.4,15.131131172180176
14.5,14.68468189239502
13.8,14.421523094177246
12.9,13.487387657165527
17.2,16.529808044433594
16.1,15.66207504272461
18.5,15.198497772216797
15.6,15.810833930969238
15.8,15.877115249633789
19.0,16.422882080078125
13.9,13.979670524597168
13.6,13.77955436706543
15.4,14.989007949829102
14.7,15.097505569458008
11.0,13.269336700439453
13.3,14.016657829284668
17.6,16.13762664794922
9.4,12.696250915527344
16.2,15.191635131835938
14.5,14.868317604064941
19.4,16.8669376373291
13.2,14.190780639648438
15.8,14.857486724853516
13.9,14.537365913391113
16.9,16.291301727294922
11.7,13.527573585510254
17.2,15.948034286499023
17.1,15.747806549072266
13.1,14.244277000427246
12.2,13.169310569763184
13.1,13.952392578125
19.4,15.36164665222168
13.6,14.347724914550781
15.4,15.072114944458008
17.0,14.604104995727539
18.5,16.82416534423828
16.6,15.79638957977295
17.3,16.186450958251953
14.8,14.888654708862305
13.6,13.506484031677246
11.7,13.532279014587402
14.9,15.300469398498535
12.6,14.41232681274414
15.0,15.741997718811035
11.6,13.710969924926758
11.0,13.330423355102539
14.9,14.49528980255127
10.6,13.249279022216797
17.5,16.643657684326172
15.4,15.541543006896973
14.6,14.596786499023438
14.0,14.271855354309082
19.0,16.387733459472656
13.8,14.354971885681152
17.9,14.948633193969727
14.9,15.208195686340332
13.9,14.369514465332031
14.2,14.401372909545898
18.5,14.848154067993164
12.4,15.060667037963867
15.8,15.156235694885254
16.5,15.63219928741455
15.9,14.865982055664062
14.6,14.559596061706543
19.6,16.954687118530273
18.2,15.175260543823242
14.8,14.666025161743164
12.8,14.598936080932617
16.1,14.791558265686035
14.8,15.283170700073242
19.2,16.881221771240234
16.1,16.209257125854492
10.9,14.793749809265137
16.7,15.840555191040039
17.5,16.33041000366211
15.1,14.797956466674805
17.6,15.447650909423828
17.0,16.425701141357422
19.1,16.779808044433594
19.0,16.819332122802734
15.7,15.11008071899414
16.3,12.980620384216309
14.6,14.694520950317383
15.7,14.842044830322266
14.4,14.999762535095215
15.5,15.072510719299316
14.0,14.408271789550781
17.5,16.172807693481445
14.9,14.780503273010254
14.8,15.326813697814941
14.7,14.509843826293945
14.5,14.636581420898438
13.8,14.541679382324219
14.3,13.802549362182617
16.0,15.439986228942871
14.8,14.286407470703125
13.4,14.250306129455566
14.9,14.915247917175293
17.2,15.386990547180176
15.2,14.46446418762207
9.7,13.289989471435547
15.0,14.996970176696777
16.9,16.374696731567383
18.9,16.46546173095703
12.6,13.385394096374512
7.4,12.1580228805542
17.1,15.703276634216309
16.6,15.57280445098877
13.9,14.953271865844727
12.4,14.002237319946289
16.2,15.420514106750488
12.0,13.812280654907227
15.8,14.454317092895508
9.4,12.255653381347656
19.9,17.011993408203125
13.7,14.92564582824707
15.9,14.857580184936523
19.5,16.912891387939453
14.3,13.78574275970459
19.2,16.64389419555664
12.2,13.76150131225586
11.6,13.883764266967773
11.1,14.3167142868042
18.2,16.034141540527344
13.9,14.638402938842773
11.5,13.665811538696289
17.2,15.660372734069824
19.5,16.749069213867188
14.3,14.62662124633789
10.7,13.774365425109863
15.3,14.805572509765625
11.4,13.701864242553711
14.0,14.334850311279297
16.1,15.263459205627441
19.0,15.229610443115234
13.6,14.204108238220215
12.3,13.57628345489502
12.5,13.609231948852539
14.5,14.914024353027344
16.3,15.320910453796387
9.9,13.388871192932129
17.6,15.966684341430664
13.4,14.438096046447754
15.0,14.827781677246094
12.9,14.039752960205078
17.9,16.544008255004883
10.5,13.455727577209473
18.6,16.85399055480957
12.3,14.110791206359863
12.4,14.590543746948242
13.7,14.158916473388672
10.8,13.124887466430664
15.4,15.147852897644043
14.8,14.579107284545898
15.6,15.070435523986816
19.7,16.7174072265625
18.6,16.3599910736084
15.7,15.390769004821777
15.2,14.542386054992676
15.7,14.884445190429688
14.1,15.468843460083008
12.4,14.287094116210938
13.5,13.910058975219727
14.0,14.04888916015625
15.3,15.041046142578125
8.0,12.149964332580566
16.2,15.689225196838379
9.7,13.125129699707031
14.2,14.40005874633789
19.2,16.355819702148438
17.1,15.188220977783203
16.3,15.458441734313965
14.8,14.958081245422363
16.2,14.848968505859375
12.5,14.064543724060059
12.7,14.300134658813477
16.1,15.465959548950195
13.6,13.922041893005371
14.0,14.716848373413086
12.3,13.925420761108398
10.2,12.78318977355957
17.9,16.245458602905273
18.0,16.16524314880371
10.0,13.499197006225586
19.8,16.369428634643555
16.6,15.275741577148438
17.3,14.561254501342773
14.6,14.78372859954834
17.8,16.181547164916992
11.5,13.94200325012207
14.9,14.873433113098145
10.8,14.011320114135742
17.1,15.84319019317627
12.2,13.423108100891113
12.7,14.141199111938477
14.7,15.151762962341309
14.5,14.264143943786621
11.7,14.551803588867188
14.7,14.519054412841797
17.2,15.21146011352539
15.3,15.218169212341309
12.4,13.659019470214844
15.6,14.890069007873535
14.6,14.488842010498047
15.3,14.82287883758545
10.7,13.659928321838379
17.2,15.344535827636719
11.4,13.87623119354248
19.6,15.296995162963867
18.1,15.94920539855957
11.8,13.40630054473877
11.3,14.105228424072266
17.7,15.32950210571289
17.0,15.177224159240723
14.4,14.684364318847656
15.9,15.124980926513672
18.8,16.80926513671875
15.5,15.078499794006348
5.2,13.468616485595703
10.0,14.591511726379395
14.6,14.485754013061523
18.9,14.87462043762207
15.5,14.84230899810791
14.4,14.322096824645996
16.1,14.162069320678711
4.8,12.4986572265625
14.6,14.468602180480957
16.3,15.449244499206543
11.9,14.375935554504395
18.4,16.418071746826172
19.1,16.468799591064453
16.8,14.861215591430664
17.6,15.013870239257812
12.5,13.507232666015625
14.1,14.480531692504883
19.6,16.977575302124023
19.1,16.80937385559082
14.9,15.159529685974121
18.4,16.7137451171875
15.7,14.75100326538086
19.0,16.657398223876953
15.5,14.771352767944336
13.3,13.876145362854004
15.6,14.867295265197754
17.8,16.222919464111328
15.5,14.35349178314209
13.1,14.179545402526855
16.5,14.8978910446167
15.8,15.151793479919434
15.4,14.100763320922852
15.0,14.576220512390137
19.4,16.759204864501953
16.5,15.958839416503906
19.5,16.788013458251953
16.2,16.184709548950195
15.7,15.615342140197754
12.6,13.951043128967285
17.3,16.2862548828125
17.7,16.039649963378906
18.1,16.299213409423828
19.1,16.18430519104004
15.8,14.857213020324707
15.2,15.072970390319824
18.3,16.258874893188477
17.2,16.05388641357422
16.6,15.632319450378418
12.8,13.615296363830566
14.7,14.84920883178711
15.7,15.049269676208496
13.3,13.974539756774902
16.5,15.440302848815918
14.0,14.386640548706055
13.5,13.920991897583008
17.9,16.573020935058594
13.1,14.279287338256836
14.3,15.321734428405762
14.9,14.521240234375
16.4,15.87557601928711
12.8,13.72713565826416
16.2,16.010835647583008
15.4,14.831131935119629
14.6,14.595754623413086
12.5,14.450162887573242
14.6,14.660484313964844
15.9,15.342325210571289
12.8,15.123825073242188
14.0,14.723994255065918
18.1,16.285888671875
16.3,15.84957504272461
16.0,15.158363342285156
14.4,15.391735076904297
14.2,14.29322338104248
16.8,16.186267852783203
16.5,16.146038055419922
13.4,14.566900253295898
14.0,14.65219783782959
13.1,14.231082916259766
11.5,13.986989974975586
18.6,16.45063591003418
10.7,13.994843482971191
19.2,16.604537963867188
15.5,16.00181007385254
13.1,13.94845199584961
14.5,14.568936347961426
13.5,14.630730628967285
13.0,14.34937858581543
15.1,14.39052963256836
18.9,16.675180435180664
13.5,14.156166076660156
15.7,15.461017608642578
17.8,16.618976593017578
14.0,14.384322166442871
15.6,15.219427108764648
15.8,15.269357681274414
16.4,15.646193504333496
15.0,15.124068260192871
15.6,15.56001091003418
18.9,16.789403915405273
18.4,15.83970832824707
19.8,16.95256805419922
19.0,16.776866912841797
17.0,15.499595642089844
18.4,16.23167610168457
8.6,12.546401977539062
16.4,15.74160385131836
14.5,14.853925704956055
14.9,15.312640190124512
15.8,15.451581954956055
10.8,14.207036018371582
14.9,15.432621955871582
11.6,13.518776893615723
14.1,14.538607597351074
11.2,13.31577205657959
16.6,15.166601181030273
15.0,15.068790435791016
17.0,16.020206451416016
15.1,15.591815948486328
17.6,15.850415229797363
16.9,15.345746994018555
18.9,16.729862213134766
13.6,15.000301361083984
14.2,14.86556625366211
9.3,13.131763458251953
15.0,14.845108032226562
13.9,13.944074630737305
15.0,15.1547212600708
14.7,15.923928260803223
17.7,16.01578712463379
15.1,15.131519317626953
18.0,16.58708381652832
12.6,14.095050811767578
14.9,14.968210220336914
14.1,14.716673851013184
16.0,15.029707908630371
15.4,14.741732597351074
15.0,14.736245155334473
16.5,15.88415813446045
17.6,16.492965698242188
15.6,15.207539558410645
17.2,16.615388870239258
14.5,14.755755424499512
15.6,15.055987358093262
13.1,14.125598907470703
12.3,13.899869918823242
14.2,15.024932861328125
16.3,15.770416259765625
14.9,14.545992851257324
15.2,14.657896995544434
16.7,15.250846862792969
18.0,15.586590766906738
18.3,15.442939758300781
19.3,16.536434173583984
14.9,15.295588493347168
18.9,16.717975616455078
16.0,15.66133975982666
15.7,15.119475364685059
14.4,15.63402271270752
14.8,14.526800155639648
15.8,15.228789329528809
14.9,15.296886444091797
19.6,16.711313247680664
14.3,14.42586898803711
14.3,15.224663734436035
15.7,15.45791244506836
19.0,16.20650291442871
18.8,16.599937438964844
15.3,16.028764724731445
15.9,15.584100723266602
17.4,16.220932006835938
15.0,15.102781295776367
12.0,13.914121627807617
14.6,14.271087646484375
14.5,14.626886367797852
15.4,14.787208557128906
15.3,15.085742950439453
15.5,14.64486312866211
13.4,14.09594440460205
14.6,13.95199203491211
16.0,15.59801959991455
14.2,14.93934440612793
14.1,14.247624397277832
19.3,15.707934379577637
16.2,15.486916542053223
14.2,15.019292831420898
16.8,15.789435386657715
9.2,14.402767181396484
17.6,15.801490783691406
14.8,14.406817436218262
17.4,16.249399185180664
17.2,15.185341835021973
14.8,14.726853370666504
17.3,15.1175537109375
14.2,14.353330612182617
12.3,14.060423851013184
14.7,14.691624641418457
14.5,15.132657051086426
16.2,16.23586082458496
11.4,15.110647201538086
4.0,14.164082527160645
13.4,14.510278701782227
14.4,14.62454605102539
15.1,15.135729789733887
19.0,16.25516128540039
16.0,15.338234901428223
12.7,14.574798583984375
14.6,15.275899887084961
13.7,15.01599407196045
18.2,15.598213195800781
13.6,14.399408340454102
15.5,15.70074462890625
9.7,13.445484161376953
14.8,14.685473442077637
12.8,13.96436882019043
19.0,16.680681228637695
14.7,14.688555717468262
11.8,14.717414855957031
13.8,15.120796203613281
14.8,14.62857437133789
16.3,16.312713623046875
13.6,14.288012504577637
14.2,14.597877502441406
14.9,14.674788475036621
14.3,14.556045532226562
14.3,14.57707691192627
15.5,14.949468612670898
14.7,15.197696685791016
12.6,13.8248291015625
15.2,15.165860176086426
18.0,16.03168487548828
13.0,14.31507396697998
13.6,15.084630966186523
19.7,16.615079879760742
14.4,14.512835502624512
16.5,15.436457633972168
15.3,15.063272476196289
19.8,15.185761451721191
16.0,14.84554672241211
14.5,13.818705558776855
15.5,15.041305541992188
14.3,14.458366394042969
14.5,14.993782043457031
17.8,16.224334716796875
10.5,13.562751770019531
13.6,14.309316635131836
11.2,14.189229965209961
15.5,14.793556213378906
18.2,16.639450073242188
11.8,15.210874557495117
16.1,15.765055656433105
15.7,15.570856094360352
18.5,16.758556365966797
14.7,14.911931991577148
11.6,14.375905990600586
12.9,13.874427795410156
14.4,14.167816162109375
15.2,14.755414962768555
15.3,15.306663513183594
15.5,15.26914119720459
14.7,14.101673126220703
14.7,14.622590065002441
16.9,16.21662139892578
14.3,14.571980476379395
14.2,14.546599388122559
15.2,15.16962718963623
16.8,16.039335250854492
15.4,14.86806583404541
16.6,15.825562477111816
18.0,16.734676361083984
11.5,15.019527435302734
15.6,14.549722671508789
17.1,15.501380920410156
19.7,16.918903350830078
14.7,14.758008003234863
16.0,14.758214950561523
9.3,12.651012420654297
19.8,16.761743545532227
14.7,14.319555282592773
17.3,14.457157135009766
13.9,14.218536376953125
11.0,13.836271286010742
15.7,14.839790344238281
10.1,13.384919166564941
15.0,15.047575950622559
16.7,15.931207656860352
17.5,14.685083389282227
15.1,14.382634162902832
17.1,16.689586639404297
13.0,14.076940536499023
14.7,15.14333724975586
17.4,16.583362579345703
13.6,15.163736343383789
14.4,14.622377395629883
11.1,13.74799919128418
14.6,15.01932144165039
19.2,16.743080139160156
19.2,16.428617477416992
13.1,14.025283813476562
14.4,14.487878799438477
15.0,15.16756820678711
13.6,14.21910572052002
14.0,14.90404987335205
15.3,15.228240013122559
14.1,13.383092880249023
14.2,14.649714469909668
18.5,16.887290954589844
15.6,14.709859848022461
14.4,14.715173721313477
14.7,15.257472038269043
15.3,15.069634437561035
12.6,15.096664428710938
12.1,15.013137817382812
14.5,14.746140480041504
17.9,15.632711410522461
17.9,15.992488861083984
19.2,15.763066291809082
19.3,16.00950813293457
17.9,16.227577209472656
14.6,14.425819396972656
12.5,14.214839935302734
11.0,13.898658752441406
15.4,15.49318790435791
16.7,15.98340892791748
15.0,13.634560585021973
19.1,16.132287979125977
15.9,15.257862091064453
19.0,16.69915771484375
12.9,14.027116775512695
12.9,14.276372909545898
15.1,14.7417573928833
16.6,15.378142356872559
13.7,14.169133186340332
13.9,14.416848182678223
14.9,14.771255493164062
19.6,16.1204776763916
14.6,14.139618873596191
15.2,14.514406204223633
16.2,15.70363998413086
11.6,13.185372352600098
10.5,12.841629028320312
8.4,13.122335433959961
15.2,14.849380493164062
13.7,14.043038368225098
12.7,13.899016380310059
9.2,12.600383758544922
10.3,12.28121566772461
15.9,15.303250312805176
11.8,13.578802108764648
15.7,15.070759773254395
13.3,13.883216857910156
17.1,15.878238677978516
10.9,13.400130271911621
17.7,15.664810180664062
11.9,13.73740005493164
9.9,13.598665237426758
17.9,16.41140365600586
15.1,14.754119873046875
12.1,13.43919849395752
12.5,14.096708297729492
10.0,13.647082328796387
12.2,13.274772644042969
14.2,14.426095008850098
9.5,13.232834815979004
15.5,15.192424774169922
15.7,14.847963333129883
16.2,15.063886642456055
9.3,13.58694839477539
11.0,12.991965293884277
18.4,15.84217357635498
13.5,14.40727710723877
14.4,14.283557891845703
14.1,14.951685905456543
16.6,15.506399154663086
11.3,12.887591361999512
17.1,15.784832000732422
15.2,14.813040733337402
14.9,14.754483222961426
15.5,15.962539672851562
12.6,14.66130542755127
16.6,15.241825103759766
15.2,15.151223182678223
14.9,14.891242027282715
10.2,13.16028118133545
10.3,13.357254028320312
16.0,15.265535354614258
12.4,13.678523063659668
11.1,13.498225212097168
16.7,15.512375831604004
10.9,11.96035385131836
12.7,14.460565567016602
10.9,14.07896614074707
12.5,13.824563980102539
11.9,13.72567367553711
13.2,14.41333293914795
12.4,13.919951438903809
14.9,14.687417984008789
13.8,14.62952709197998
13.3,14.799768447875977
11.2,13.814854621887207
16.1,15.14333724975586
16.8,15.789494514465332
17.2,15.043784141540527
13.8,13.68523120880127
15.2,14.913515090942383
15.0,14.591983795166016
17.2,15.883538246154785
16.9,16.300758361816406
10.6,13.260455131530762
17.9,15.957645416259766
16.5,15.324433326721191
13.2,14.415817260742188
18.3,16.742774963378906
12.8,14.093793869018555
16.1,15.627614974975586
12.5,13.051420211791992
15.4,14.912261009216309
9.7,13.04405403137207
15.7,14.913106918334961
19.8,16.756710052490234
16.1,15.563511848449707
16.0,15.528499603271484
16.9,15.641213417053223
15.6,15.0993013381958
14.8,15.340392112731934
15.3,14.96609115600586
19.7,16.051000595092773
15.2,14.96066951751709
15.8,15.612348556518555
12.3,13.569967269897461
17.4,16.276241302490234
13.5,14.29835033416748
14.2,14.65616226196289
14.7,14.69726276397705
15.8,14.987089157104492
15.9,15.50748062133789
14.0,14.843876838684082
12.0,13.354757308959961
10.5,13.083229064941406
19.0,16.59638023376465
13.6,15.251778602600098
15.3,14.95772933959961
15.6,14.841499328613281
16.2,15.220341682434082
14.1,14.641491889953613
16.1,15.559614181518555
18.1,16.13871955871582
14.4,14.72616958618164
14.0,14.856609344482422
14.0,14.603231430053711
14.1,14.711650848388672
15.5,15.994485855102539
15.9,15.258010864257812
15.5,14.975622177124023
12.0,13.173218727111816
15.4,15.031168937683105
15.0,15.632585525512695
18.5,16.543542861938477
15.5,15.553483963012695
18.7,16.664113998413086
15.6,14.857812881469727
12.8,14.01931381225586
13.4,14.07675552368164
14.0,14.03251838684082
18.4,16.513578414916992
13.1,14.710750579833984
15.6,15.329065322875977
13.5,14.141385078430176
16.7,16.224626541137695
17.6,15.774739265441895
16.9,15.303563117980957
12.1,14.036816596984863
12.6,13.77259349822998
8.9,14.557699203491211
12.9,14.658098220825195
18.6,16.442890167236328
14.7,14.958375930786133
17.8,16.395179748535156
14.8,15.352103233337402
11.1,14.190311431884766
10.7,13.437382698059082
16.2,15.834912300109863
13.8,14.243973731994629
17.3,15.665241241455078
18.8,16.3811092376709
14.8,14.70769214630127
19.9,16.558834075927734
16.0,14.998751640319824
15.1,15.318723678588867
9.8,12.862762451171875
16.5,15.417738914489746
14.1,14.33016586303711
19.9,16.701650619506836
19.6,16.847766876220703
18.7,16.906171798706055
19.5,16.811262130737305
12.9,13.993057250976562
19.3,16.717809677124023
11.4,13.44880485534668
10.9,12.158443450927734
19.1,16.971237182617188
15.0,14.653525352478027
16.5,15.95994758605957
12.5,13.865372657775879
11.9,13.52293872833252
19.3,16.703310012817383
16.0,15.04928207397461
14.9,14.484792709350586
19.5,16.412614822387695
13.4,13.903020858764648
13.2,13.714284896850586
15.8,15.491949081420898
11.7,12.770931243896484
18.8,16.1887149810791
13.3,13.97346305847168
15.4,14.86964225769043
15.3,14.999715805053711
12.6,13.06594467163086
13.2,14.353269577026367
14.8,14.486788749694824
14.6,14.503108978271484
16.6,15.581080436706543
15.0,14.519624710083008
14.5,14.65870189666748
14.7,14.529051780700684
14.6,14.410330772399902
14.7,14.744690895080566
12.8,13.857032775878906
16.3,15.178537368774414
19.5,16.6801700592041
14.2,14.579465866088867
16.0,15.072521209716797
15.5,15.08971881866455
16.1,15.201709747314453
15.4,15.394601821899414
12.8,13.891559600830078
12.3,13.45486831665039
19.5,16.816993713378906
19.6,16.844776153564453
15.0,14.781665802001953
15.4,14.889781951904297
15.9,15.500686645507812
14.0,14.738019943237305
11.7,14.741806983947754
15.1,14.872159957885742
16.7,15.447790145874023
14.8,14.697978019714355
13.9,14.05467414855957
16.7,16.227046966552734
12.3,13.519100189208984
15.2,15.093233108520508
15.1,15.015917778015137
14.5,14.66201400756836
17.8,15.940069198608398
13.7,14.186903953552246
9.4,13.144708633422852
18.9,16.55472755432129
18.4,16.548322677612305
15.2,14.570332527160645
15.8,15.471177101135254
14.6,15.355639457702637
15.3,14.797768592834473
15.7,15.18387222290039
13.2,14.531326293945312
13.7,14.16729736328125
12.4,13.825671195983887
16.9,15.503168106079102
13.5,13.987503051757812
12.8,13.398969650268555
17.9,16.477624893188477
14.6,14.098602294921875
14.8,14.914191246032715
16.0,15.227108001708984
12.8,14.303558349609375
13.8,14.502198219299316
17.3,15.46352767944336
11.6,13.957650184631348
15.5,15.128963470458984
12.6,14.641338348388672
13.8,14.652043342590332
18.3,16.22450828552246
13.0,13.946158409118652
15.6,15.110587120056152
14.1,14.944376945495605
15.1,14.747406959533691
13.5,14.26202392578125
14.0,14.570170402526855
19.3,16.8233642578125
12.5,14.570599555969238
12.7,14.366471290588379
13.3,14.325061798095703
9.8,12.466327667236328
12.4,13.961726188659668
11.8,13.724946022033691
15.8,15.309856414794922
15.6,15.188944816589355
14.7,14.692445755004883
14.5,14.593218803405762
15.6,14.600634574890137
14.1,14.085320472717285
13.4,14.416050910949707
13.0,13.50503158569336
13.1,14.024120330810547
9.9,11.547310829162598
13.9,13.988592147827148
13.6,14.686357498168945
18.4,16.186870574951172
12.4,14.215025901794434
14.3,14.776092529296875
15.8,15.601944923400879
17.6,15.42290210723877
19.6,15.34872055053711
15.5,15.142056465148926
14.4,14.773470878601074
18.4,16.34681510925293
15.4,14.154558181762695
14.3,15.164546966552734
18.8,16.94811248779297
16.7,15.87990665435791
15.3,14.772489547729492
15.4,14.833008766174316
13.7,13.399843215942383
11.2,13.617753028869629
14.1,14.659013748168945
14.5,14.545241355895996
12.9,13.73983383178711
15.7,14.919220924377441
12.6,14.124430656433105
14.3,14.737922668457031
13.6,14.508729934692383
15.6,15.59958267211914
12.7,13.971997261047363
16.1,14.87393569946289
9.8,13.982120513916016
15.9,14.523512840270996
12.0,13.810972213745117
16.0,15.16055679321289
15.3,14.414311408996582
14.3,14.749836921691895
14.8,14.625718116760254
14.5,14.63201904296875
9.7,13.213358879089355
12.9,13.873929023742676
15.7,14.784053802490234
15.5,14.790070533752441
15.1,15.45797348022461
15.1,14.925485610961914
15.1,15.045193672180176
12.7,14.307551383972168
12.7,13.967303276062012
12.7,13.879596710205078
14.5,14.54622745513916
14.8,14.718050956726074
12.5,13.898625373840332
14.5,14.502284049987793
16.9,15.965868949890137
11.2,13.116647720336914
13.2,14.731322288513184
19.2,16.583826065063477
13.8,14.243311882019043
13.3,14.049434661865234
10.7,13.475237846374512
14.8,14.976067543029785
12.1,13.48536491394043
13.9,14.238347053527832
17.0,15.749743461608887
13.5,14.661712646484375
11.9,13.73508071899414
18.0,16.736417770385742
15.1,14.181422233581543
15.8,15.622443199157715
13.3,14.30544376373291
13.9,13.583672523498535
14.1,15.035819053649902
15.4,15.085742950439453
12.4,13.942658424377441
13.7,13.806238174438477
10.2,12.794329643249512
14.0,14.821011543273926
12.8,14.362003326416016
10.5,13.002876281738281
11.0,12.843355178833008
14.7,14.777199745178223
11.8,13.446823120117188
14.2,14.134608268737793
13.9,14.426324844360352
15.4,15.064459800720215
14.7,14.353137016296387
10.6,13.058733940124512
13.8,14.895127296447754
14.0,14.081068992614746
12.0,14.101492881774902
15.9,14.879656791687012
12.4,14.369088172912598
12.8,13.823904037475586
13.0,14.07225227355957
16.9,15.140969276428223
14.2,14.872801780700684
15.1,14.706634521484375
10.2,13.788420677185059
16.6,15.415298461914062
16.2,15.313796997070312
15.6,14.913636207580566
14.4,14.544248580932617
14.7,15.052680969238281
13.9,14.470917701721191
14.7,14.766611099243164
14.8,14.641766548156738
15.3,14.881250381469727
14.0,14.466032028198242
14.2,14.742652893066406
16.5,14.44768238067627
15.0,14.81676197052002
16.0,15.513971328735352
9.0,12.846928596496582
14.5,13.573432922363281
17.1,15.750469207763672
14.0,14.270498275756836
14.0,15.237417221069336
15.2,14.119020462036133
18.0,16.365482330322266
16.8,15.322312355041504
12.6,14.961191177368164
12.5,14.104113578796387
16.3,15.505313873291016
15.9,14.600513458251953
17.4,15.818243026733398
11.4,12.914429664611816
14.3,14.447260856628418
10.3,14.288383483886719
13.2,13.769941329956055
12.3,13.452829360961914
15.4,15.193617820739746
9.6,11.686253547668457
16.7,15.878646850585938
14.9,14.69494342803955
12.1,13.84444808959961
13.3,14.482491493225098
15.1,14.682700157165527
15.5,14.549331665039062
15.1,14.787178039550781
13.3,14.198862075805664
13.7,14.709407806396484
15.5,14.969236373901367
14.5,14.775050163269043
14.7,14.583573341369629
15.5,14.869376182556152
16.2,16.144309997558594
13.8,14.718814849853516
18.0,15.691239356994629
16.0,15.121543884277344
10.5,12.372560501098633
15.9,14.72069263458252
17.2,16.568161010742188
13.9,14.989221572875977
15.7,16.16230583190918
12.6,14.481443405151367
14.6,14.820952415466309
13.8,14.484540939331055
13.9,14.027606010437012
14.8,14.735162734985352
14.7,14.7347412109375
15.6,14.793840408325195
13.8,14.377763748168945
14.3,13.999523162841797
14.8,14.65435791015625
14.5,14.473845481872559
15.5,14.789124488830566
13.8,14.591275215148926
14.6,14.451435089111328
14.3,14.548965454101562
16.7,15.473751068115234
15.9,15.046271324157715
14.8,14.975695610046387
13.8,14.278584480285645
14.7,14.724868774414062
18.6,16.596647262573242
15.7,14.748921394348145
14.9,14.665553092956543
13.3,14.4474458694458
12.9,14.218306541442871
11.9,14.068458557128906
15.3,14.677637100219727
13.1,14.0886812210083
15.7,14.986120223999023
14.8,14.92460823059082
16.0,15.076900482177734
12.2,13.649618148803711
15.4,14.598355293273926
13.5,14.161127090454102
13.8,15.12814998626709
10.0,12.670366287231445
12.0,13.325063705444336
14.5,14.716630935668945
14.7,15.099276542663574
16.4,15.65765380859375
14.3,14.593537330627441
14.3,14.592231750488281
11.7,13.650914192199707
12.2,13.747370719909668
14.2,14.568016052246094
11.8,13.015010833740234
10.8,13.725889205932617
17.2,16.04718589782715
14.0,14.176368713378906
16.5,15.829170227050781
15.3,14.797910690307617
18.8,15.82327938079834
15.3,15.026000022888184
12.4,13.771900177001953
13.9,14.329541206359863
15.6,15.149288177490234
11.8,13.707253456115723
15.3,14.752969741821289
14.7,14.561598777770996
11.2,13.934703826904297
16.3,15.771675109863281
13.7,14.415483474731445
15.0,14.857882499694824
18.9,16.660751342773438
16.1,15.502159118652344
10.5,13.374935150146484
14.6,14.407330513000488
9.3,12.435012817382812
15.9,15.198121070861816
12.2,14.41224193572998
14.6,14.745132446289062
15.4,15.246233940124512
14.5,15.23587417602539
15.4,14.907201766967773
19.1,16.334653854370117
14.6,14.572985649108887
13.8,14.364386558532715
15.5,15.31893253326416
14.8,14.392268180847168
14.7,14.734115600585938
13.5,13.837090492248535
13.0,14.09152603149414
16.7,15.590978622436523
14.5,15.494582176208496
18.7,15.835625648498535
12.4,13.94486141204834
14.3,14.704122543334961
16.8,15.616167068481445
14.8,13.720939636230469
16.0,15.299087524414062
15.3,15.016227722167969
18.0,15.108092308044434
15.3,14.458087921142578
11.8,13.432997703552246
15.6,14.863829612731934
13.3,14.050102233886719
15.3,13.91818618774414
8.6,13.022522926330566
16.4,15.14333724975586
19.5,16.214441299438477
15.2,15.096664428710938
19.6,16.382579803466797
15.4,15.149762153625488
15.2,15.754990577697754
8.0,12.337858200073242
19.3,16.740095138549805
13.9,13.89099407196045
14.7,15.01113510131836
17.6,15.816509246826172
15.8,15.002364158630371
18.0,15.745682716369629
14.4,14.574167251586914
15.6,15.483101844787598
14.9,15.312957763671875
13.7,13.673941612243652
14.9,14.758939743041992
15.6,14.911760330200195
19.1,15.60928726196289
12.5,12.780348777770996
14.3,14.923526763916016
16.2,16.025814056396484
10.3,12.783905029296875
13.1,14.262638092041016
19.2,15.65457534790039
12.5,13.279830932617188
16.1,15.33347225189209
18.4,16.658782958984375
17.6,16.41413688659668
15.1,15.120412826538086
13.6,14.32152271270752
13.4,14.694814682006836
13.6,14.599618911743164
15.3,15.01449966430664
17.9,16.688434600830078
15.1,14.97925853729248
14.0,14.115222930908203
16.8,16.0694580078125
15.1,14.178492546081543
14.9,15.054801940917969
16.0,15.193585395812988
15.3,14.807477951049805
18.4,16.480945587158203
14.9,14.957876205444336
16.3,15.592119216918945
13.4,13.817724227905273
16.0,15.850114822387695
13.9,14.03587532043457
12.4,13.616151809692383
15.1,14.81914234161377
15.1,14.938458442687988
16.0,15.284285545349121
19.9,15.822745323181152
17.5,15.760552406311035
15.6,15.47178840637207
16.5,16.021276473999023
14.8,14.824970245361328
18.7,16.718576431274414
16.4,15.355104446411133
14.7,14.781122207641602
15.7,15.422439575195312
11.9,13.792880058288574
15.3,14.879545211791992
15.0,15.108677864074707
15.9,15.487573623657227
15.9,15.512418746948242
16.3,15.551576614379883
18.8,16.413240432739258
16.0,14.898207664489746
13.1,13.17570686340332
13.3,13.985869407653809
8.8,12.393312454223633
13.4,14.344579696655273
14.4,14.985098838806152
14.5,14.310020446777344
14.1,14.401639938354492
13.4,14.155110359191895
14.0,14.475314140319824
17.8,15.114636421203613
16.4,16.30471420288086
16.1,15.32288932800293
16.8,14.996076583862305
12.2,13.80614185333252
15.4,14.878860473632812
15.0,15.319912910461426
9.0,11.504294395446777
16.8,16.113201141357422
14.8,14.492956161499023
11.5,14.3712797164917
15.7,15.473898887634277
14.7,14.526763916015625
6.9,11.028478622436523
15.6,14.887456893920898
14.9,15.033645629882812
14.7,15.392654418945312
13.5,14.267077445983887
14.9,14.175348281860352
14.0,14.31340217590332
17.5,16.14090347290039
16.6,15.916223526000977
12.8,13.695606231689453
14.2,14.324206352233887
14.9,14.901374816894531
9.2,14.355757713317871
12.6,14.429372787475586
15.0,15.632606506347656
18.8,16.755416870117188
12.5,14.146084785461426
12.5,13.141361236572266
16.2,15.07723331451416
16.3,15.310225486755371
14.5,14.588578224182129
13.5,13.834046363830566
15.0,13.937484741210938
13.7,14.108562469482422
11.0,14.158037185668945
17.6,15.796101570129395
16.8,15.665023803710938
14.7,15.045623779296875
16.7,15.469269752502441
17.0,16.127744674682617
16.5,15.690964698791504
15.4,15.266167640686035
15.5,15.003190994262695
15.5,15.061421394348145
14.6,14.647200584411621
15.1,14.9036283493042
15.4,15.832186698913574
16.3,15.256525993347168
12.1,13.133443832397461
16.2,15.439242362976074
16.4,15.572787284851074
19.7,16.85373306274414
13.3,14.307772636413574
13.1,14.006514549255371
16.9,15.64097785949707
13.4,13.831536293029785
13.7,14.364583015441895
14.9,15.158095359802246
17.1,15.426905632019043
15.7,15.284791946411133
14.8,14.89249324798584
15.2,15.255206108093262
16.3,15.809664726257324
15.2,15.385560035705566
19.1,16.060636520385742
11.1,13.366512298583984
13.3,14.231674194335938
15.4,14.842161178588867
18.5,16.50922966003418
14.9,15.058115005493164
15.0,14.586731910705566
15.8,15.041181564331055
14.4,14.64832878112793
12.0,13.892390251159668
14.5,14.91994571685791
14.7,14.101737022399902
15.8,15.163694381713867
13.8,14.623409271240234
13.9,14.533587455749512
14.8,15.257678031921387
15.7,15.246341705322266
17.2,14.93642807006836
15.4,15.24030876159668
13.7,13.551678657531738
16.5,16.034950256347656
14.9,14.968452453613281
15.2,15.08480167388916
14.8,15.024687767028809
18.8,16.297290802001953
14.0,14.591651916503906
14.7,14.764235496520996
15.1,14.698735237121582
13.3,14.127406120300293
15.1,14.896595001220703
18.5,14.647102355957031
16.7,16.14893913269043
12.5,14.035859107971191
14.8,14.414073944091797
16.5,15.37271785736084
16.4,15.60852336883545
13.8,14.407236099243164
14.7,14.585736274719238
18.7,15.190380096435547
11.0,13.122782707214355
14.7,14.764159202575684
19.2,16.17896270751953
16.1,14.910542488098145
16.0,15.070734977722168
18.0,15.03211784362793
17.6,15.723729133605957
14.8,15.05240249633789
14.7,15.114027976989746
18.0,16.508342742919922
19.8,16.09091567993164
18.6,16.52655029296875
11.2,13.958329200744629
16.3,14.547157287597656
14.7,14.934013366699219
12.9,13.960962295532227
18.5,16.332048416137695
14.6,14.195539474487305
14.8,14.867005348205566
12.5,13.927101135253906
16.0,14.80789852142334
13.2,13.851313591003418
15.9,16.461795806884766
15.5,14.7661714553833
12.3,13.781535148620605
14.9,14.751635551452637
18.4,16.773273468017578
14.0,14.623944282531738
15.0,14.70191764831543
10.1,12.897211074829102
15.0,14.713288307189941
13.2,14.120271682739258
12.8,13.603053092956543
14.4,14.628669738769531
12.6,14.309320449829102
13.3,14.683152198791504
16.7,15.056236267089844
8.1,12.301931381225586
15.5,14.832184791564941
13.5,14.601295471191406
19.0,16.858062744140625
15.0,14.605306625366211
17.1,14.859395980834961
15.0,15.316123008728027
15.8,14.998844146728516
13.7,14.225805282592773
14.8,14.815347671508789
19.7,16.964935302734375
15.0,14.644098281860352
10.5,14.25279712677002
19.8,16.940732955932617
14.4,14.6355619430542
11.5,14.365582466125488
14.3,14.812219619750977
19.9,16.836776733398438
16.7,15.960264205932617
18.2,15.231647491455078
15.3,15.173072814941406
13.6,14.379838943481445
16.0,14.78927230834961
12.7,14.1184663772583
13.4,14.644096374511719
16.4,15.746480941772461
10.4,13.257000923156738
16.9,15.170897483825684
14.4,14.570695877075195
18.6,16.30002212524414
14.5,14.737895011901855
12.3,13.837718963623047
11.9,13.312335968017578
13.3,15.302180290222168
15.4,14.923012733459473
14.4,14.737773895263672
15.1,14.820536613464355
15.1,15.053016662597656
15.9,15.540963172912598
15.6,15.712854385375977
14.5,14.688582420349121
15.4,15.040578842163086
15.4,15.030479431152344
15.0,15.09376049041748
19.1,16.19830322265625
15.0,14.676151275634766
18.0,16.609210968017578
15.4,14.864592552185059
15.0,15.146724700927734
12.2,13.777567863464355
15.4,15.13227367401123
15.0,15.127636909484863
14.4,14.705611228942871
15.3,14.588117599487305
18.5,16.43965721130371
14.1,14.348014831542969
11.5,13.428211212158203
18.1,16.532764434814453
12.5,14.031564712524414
14.3,14.69230842590332
13.5,14.007914543151855
12.8,13.495867729187012
11.0,14.359224319458008
15.6,15.498220443725586
16.3,15.809141159057617
19.3,16.76757049560547
14.2,14.404706001281738
14.7,14.885283470153809
14.6,14.548718452453613
18.3,14.661515235900879
10.6,13.429353713989258
13.8,14.435540199279785
18.1,16.117216110229492
15.7,14.953164100646973
14.5,14.77175521850586
17.9,14.732674598693848
15.6,14.920486450195312
12.7,16.019973754882812
15.2,15.117349624633789
10.9,13.289624214172363
15.3,15.15444564819336
15.8,15.057729721069336
7.9,13.40162467956543
19.7,16.08880043029785
15.0,15.263150215148926
13.7,14.266121864318848
12.8,14.461048126220703
15.4,15.037003517150879
12.0,14.486002922058105
14.9,14.768411636352539
13.7,14.370749473571777
16.5,15.150951385498047
18.9,16.00434112548828
15.6,15.89498519897461
15.6,14.954938888549805
12.4,13.562679290771484
14.6,13.729880332946777
13.2,13.822078704833984
15.6,15.268839836120605
16.1,15.444291114807129
15.0,14.471704483032227
12.6,13.4496488571167
13.6,13.803884506225586
18.1,16.17238998413086
16.0,15.004658699035645
19.7,16.86703109741211
16.6,15.021790504455566
13.3,13.5156888961792
17.3,16.45026397705078
15.8,15.179086685180664
18.7,15.400959968566895
13.1,14.057901382446289
14.4,14.664600372314453
14.1,15.096853256225586
15.0,13.938024520874023
17.0,16.110347747802734
15.0,14.643656730651855
18.4,16.218412399291992
16.5,15.899908065795898
11.2,12.942184448242188
15.0,15.164937973022461
18.0,16.475975036621094
16.2,15.002396583557129
11.4,13.91929817199707
14.8,14.955350875854492
15.5,15.03607177734375
16.0,15.629617691040039
10.8,12.480912208557129
9.8,12.888236999511719
12.4,13.759791374206543
19.0,16.26349639892578
15.4,14.90589427947998
15.4,15.568951606750488
12.1,14.32552719116211
18.5,15.390361785888672
14.5,14.600953102111816
17.2,16.199764251708984
16.2,15.71156120300293
16.0,15.573690414428711
18.8,16.580820083618164
15.8,14.916744232177734
15.1,15.04541301727295
15.4,15.131165504455566
14.0,13.178692817687988
15.3,14.736547470092773
13.8,14.30982494354248
15.4,14.782696723937988
14.3,15.023219108581543
14.9,15.07567024230957
16.5,15.74664306640625
13.1,13.984394073486328
13.4,13.99851131439209
14.1,14.740336418151855
15.5,15.620004653930664
12.9,13.897910118103027
17.7,16.202463150024414
14.6,14.9022216796875
14.6,15.666858673095703
18.6,15.925952911376953
13.2,13.911770820617676
17.4,16.183698654174805
18.8,16.425752639770508
15.0,14.884490013122559
15.2,14.825053215026855
14.1,14.641706466674805
14.7,14.706412315368652
14.2,16.02952766418457
15.2,15.027987480163574
10.2,13.291017532348633
16.1,15.468385696411133
15.4,15.034728050231934
18.7,15.806641578674316
16.2,15.206639289855957
8.1,12.730210304260254
17.2,15.569451332092285
18.5,15.24091911315918
13.5,14.010843276977539
17.5,16.289230346679688
19.5,17.002395629882812
15.6,14.994851112365723
13.8,14.03813362121582
13.2,13.848007202148438
14.9,14.518604278564453
16.6,15.70159912109375
15.4,14.806490898132324
15.8,14.92235279083252
12.1,13.329054832458496
15.7,15.460179328918457
14.7,14.686893463134766
11.4,13.354985237121582
11.2,14.007782936096191
15.6,15.158010482788086
12.5,14.055235862731934
13.6,14.445176124572754
15.3,14.837333679199219
15.7,14.824346542358398
19.4,16.365177154541016
15.4,15.203468322753906
15.6,15.109213829040527
15.6,14.526041030883789
15.6,14.911998748779297
19.0,16.135051727294922
11.3,13.355082511901855
13.8,13.856100082397461
8.1,12.780815124511719
14.3,14.708807945251465
14.0,14.883903503417969
14.6,14.839949607849121
15.4,15.019611358642578
14.5,14.998884201049805
12.3,13.865363121032715
14.7,15.10517692565918
12.8,13.812704086303711
15.8,15.153254508972168
13.9,14.422779083251953
15.8,14.64592170715332
11.7,13.473901748657227
13.9,13.920427322387695
15.7,15.14333724975586
13.8,14.40283489227295
15.8,14.905086517333984
14.6,14.911081314086914
10.8,12.687328338623047
12.5,14.076269149780273
13.0,15.176030158996582
13.3,14.81347942352295
12.1,13.5819673538208
9.7,12.448074340820312
15.6,14.98831558227539
15.8,14.900919914245605
13.6,14.135843276977539
18.5,16.79865074157715
16.0,15.349520683288574
11.8,14.332418441772461
13.8,15.004983901977539
14.5,15.053348541259766
15.6,14.835695266723633
10.7,13.408621788024902
15.1,15.691109657287598
13.0,14.500813484191895
13.1,14.111815452575684
19.2,16.81207847595215
14.5,15.961219787597656
15.3,14.600987434387207
10.9,13.665803909301758
15.4,14.794015884399414
10.8,13.023574829101562
18.8,16.793046951293945
10.1,12.763266563415527
14.1,13.931675910949707
13.8,14.539510726928711
14.0,14.390669822692871
5.2,10.877845764160156
14.8,15.000459671020508
14.7,14.835643768310547
14.3,14.2730073928833
16.2,15.570900917053223
15.0,15.064653396606445
16.1,15.108220100402832
13.4,14.553040504455566
15.8,14.68246841430664
14.5,14.469635963439941
16.3,14.653584480285645
18.5,16.368013381958008
14.1,14.558365821838379
14.6,14.70678424835205
13.8,14.363680839538574
12.5,14.478989601135254
13.7,14.38927173614502
12.6,13.476041793823242
15.0,15.091078758239746
13.2,14.03715991973877
16.5,15.21274185180664
11.8,13.709737777709961
18.6,16.674293518066406
5.9,11.219715118408203
14.1,14.350555419921875
14.0,14.869603157043457
14.7,14.728898048400879
13.9,14.076215744018555
15.6,16.229644775390625
14.3,14.789379119873047
7.3,11.330244064331055
18.3,16.802663803100586
14.7,14.493169784545898
14.7,15.441967010498047
12.9,13.703266143798828
12.2,14.389631271362305
13.2,14.421404838562012
8.7,12.906675338745117
14.8,15.038061141967773
16.0,15.233156204223633
15.1,15.336763381958008
14.9,14.672733306884766
16.4,15.77970027923584
14.6,14.222614288330078
16.2,15.021489143371582
16.3,15.16691780090332
14.8,14.818108558654785
15.2,14.829474449157715
12.2,14.26014232635498
19.4,16.935565948486328
14.2,14.135278701782227
17.1,15.380711555480957
13.8,13.507282257080078
14.4,14.087931632995605
14.7,14.77462100982666
12.8,14.082565307617188
17.5,16.342927932739258
13.5,14.499916076660156
14.0,14.339030265808105
11.7,14.43868350982666
14.3,14.598959922790527
13.3,13.75286865234375
10.7,13.629670143127441
15.0,14.66928482055664
15.4,14.937527656555176
14.9,14.895296096801758
17.4,15.9403715133667
14.1,14.457324028015137
14.9,14.841082572937012
15.4,14.654966354370117
12.7,12.955857276916504
12.9,13.884483337402344
15.1,14.969040870666504
15.7,15.776647567749023
18.5,16.65044593811035
12.4,13.257837295532227
11.6,13.217970848083496
7.2,13.533355712890625
15.3,14.741549491882324
14.5,14.72680950164795
13.8,14.084870338439941
12.4,13.684496879577637
14.5,14.565192222595215
15.9,15.176135063171387
14.6,15.089275360107422
16.2,15.878241539001465
19.0,15.097400665283203
9.7,12.5221586227417
15.5,14.967768669128418
14.7,14.714568138122559
15.0,15.532256126403809
14.5,14.411592483520508
12.5,14.535232543945312
14.3,14.614349365234375
14.5,14.563789367675781
16.7,15.659136772155762
15.9,15.559205055236816
15.3,15.149149894714355
12.5,13.961709976196289
17.3,16.329498291015625
14.8,14.81756591796875
15.1,15.156518936157227
16.4,15.638533592224121
14.8,14.589675903320312
18.4,16.991662979125977
15.6,15.551140785217285
12.4,13.88013744354248
15.6,14.881437301635742
14.1,14.25205135345459
15.0,14.956833839416504
19.8,17.033950805664062
15.7,14.774169921875
18.1,16.41961669921875
15.7,14.711260795593262
16.4,15.523343086242676
13.1,14.06633472442627
12.4,13.759552955627441
14.4,14.381271362304688
19.7,14.922172546386719
15.6,14.87220287322998
15.0,14.855535507202148
15.2,14.885653495788574
12.0,13.591341972351074
17.5,15.955926895141602
17.5,16.880722045898438
12.9,14.332024574279785
14.3,14.440509796142578
15.1,14.748163223266602
11.5,13.048100471496582
12.5,13.752626419067383
15.8,15.31779956817627
14.9,14.816021919250488
15.9,14.723711967468262
17.4,16.136083602905273
17.0,16.115962982177734
16.8,15.512163162231445
18.5,16.664159774780273
11.9,13.563421249389648
11.9,13.084296226501465
12.0,14.483838081359863
14.7,14.423343658447266
14.2,14.737308502197266
13.6,13.99659538269043
16.5,15.230422019958496
15.9,14.917391777038574
15.2,14.744424819946289
15.6,15.14315128326416
8.9,11.942479133605957
14.5,14.800529479980469
16.3,15.695255279541016
14.1,14.174928665161133
16.9,15.569300651550293
12.7,13.796734809875488
15.8,14.86701774597168
12.5,14.236723899841309
11.9,13.528026580810547
15.3,14.895633697509766
12.3,13.357916831970215
6.5,14.116379737854004
16.9,16.099689483642578
12.0,13.622715950012207
14.7,14.605649948120117
17.0,16.349292755126953
14.4,14.865357398986816
5.6,11.569581031799316
12.8,13.675272941589355
15.6,15.036359786987305
14.3,14.761486053466797
15.6,14.87944507598877
15.1,15.014627456665039
13.3,14.117205619812012
17.2,16.299110412597656
17.9,16.389965057373047
8.4,12.864267349243164
11.9,13.702025413513184
12.9,14.295944213867188
14.3,14.682168006896973
14.1,15.302603721618652
17.2,16.489198684692383
15.1,15.303013801574707
15.7,15.098538398742676
15.5,15.920822143554688
6.1,12.405641555786133
13.2,14.812186241149902
14.2,14.140177726745605
14.6,15.06761646270752
14.7,14.537848472595215
15.3,15.117513656616211
15.9,15.025825500488281
15.7,14.805831909179688
6.5,11.776009559631348
15.9,15.366740226745605
14.8,15.317073822021484
14.4,14.665023803710938
14.1,14.796719551086426
10.4,14.990638732910156
13.8,14.208809852600098
13.5,15.168403625488281
14.7,14.557524681091309
11.4,13.941203117370605
13.5,14.508909225463867
15.4,15.166194915771484
14.4,15.144064903259277
15.5,15.155838966369629
14.9,14.956476211547852
15.3,15.124202728271484
14.8,14.536214828491211
16.1,15.822787284851074
15.9,15.90286636352539
15.6,15.429848670959473
11.1,13.105623245239258
14.2,14.290448188781738
16.0,15.188220977783203
10.2,12.806303024291992
14.0,14.986270904541016
14.3,14.429866790771484
13.2,14.328606605529785
14.2,14.270890235900879
15.2,14.503538131713867
14.0,14.65709114074707
12.7,14.02106761932373
13.5,14.206253051757812
12.4,13.697532653808594
15.2,15.255041122436523
15.3,15.345107078552246
12.4,13.699533462524414
11.1,14.013500213623047
13.9,14.68850040435791
15.1,14.736309051513672
14.1,14.0250244140625
14.4,13.776067733764648
15.7,15.055651664733887
14.2,14.117337226867676
12.3,14.153491020202637
15.4,14.733816146850586
16.0,16.12579345703125
12.1,13.622724533081055
15.0,14.907768249511719
15.1,14.851378440856934
17.3,16.475736618041992
13.4,14.847761154174805
13.1,13.927140235900879
12.3,14.035318374633789
15.8,15.678017616271973
11.3,12.98200511932373
15.5,15.388749122619629
14.7,15.516974449157715
15.0,14.521146774291992
14.4,14.448031425476074
10.0,13.182273864746094
15.4,14.899343490600586
12.8,13.97698974609375
12.5,14.188244819641113
15.9,15.283194541931152
13.1,13.89686393737793
16.9,16.098697662353516
15.6,15.42785358428955
13.8,14.56544303894043
13.7,14.803306579589844
11.3,13.683432579040527
15.2,14.72288990020752
15.3,15.67733383178711
9.6,12.922988891601562
14.6,14.939679145812988
16.4,15.446784019470215
15.6,15.4453706741333
18.3,15.488525390625
13.5,14.514466285705566
15.7,15.386445045471191
15.3,15.049348831176758
14.9,15.31293773651123
15.7,15.828994750976562
13.3,14.315899848937988
13.3,13.938742637634277
14.9,15.555272102355957
18.1,16.306591033935547
18.0,16.060869216918945
16.6,15.77326488494873
12.9,13.616401672363281
17.7,16.623960494995117
15.6,15.210740089416504
14.7,14.657864570617676
8.9,11.974559783935547
16.9,15.373966217041016
11.0,13.677301406860352
19.2,16.6353759765625
14.4,14.435751914978027
16.8,16.177030563354492
14.9,15.099360466003418
14.8,14.293683052062988
13.6,14.608509063720703
15.5,14.84268569946289
14.0,14.466665267944336
12.8,15.065319061279297
15.6,15.302250862121582
11.2,13.53077507019043
12.9,13.981064796447754
16.1,15.420100212097168
15.7,15.556619644165039
12.7,13.661806106567383
15.8,15.175712585449219
11.8,14.778759002685547
18.0,16.80970001220703
15.5,14.6824312210083
19.3,16.70746421813965
18.4,16.677946090698242
7.5,11.492401123046875
17.6,16.291330337524414
11.1,14.019989013671875
15.3,15.14939022064209
16.2,15.395861625671387
12.0,13.76271915435791
13.4,14.32778263092041
13.6,14.93896198272705
12.2,13.288121223449707
14.4,14.88872241973877
18.7,16.96533966064453
14.4,14.793780326843262
16.2,15.190145492553711
14.2,14.43885326385498
16.8,15.539036750793457
12.9,14.140077590942383
17.3,16.182416915893555
12.4,13.946573257446289
12.3,13.463457107543945
15.7,14.720958709716797
16.1,15.563804626464844
12.9,14.766348838806152
16.0,14.85046672821045
14.6,14.516813278198242
14.0,14.585301399230957
17.1,16.238313674926758
14.0,14.496399879455566
14.0,15.44687271118164
13.9,13.999309539794922
19.6,16.681591033935547
17.3,15.888360977172852
12.3,13.845650672912598
15.3,14.892644882202148
15.4,15.266633033752441
15.5,14.672935485839844
14.7,14.533557891845703
6.7,13.316374778747559
12.4,13.736888885498047
6.5,11.6255521774292
12.3,13.71053695678711
19.2,16.414714813232422
12.8,13.732369422912598
13.5,14.416494369506836
13.9,14.285730361938477
15.4,15.337116241455078
11.4,13.489364624023438
15.1,14.16757869720459
16.9,14.395042419433594
14.1,15.182485580444336
15.5,14.92740535736084
13.6,14.081939697265625
12.8,13.886162757873535
13.0,13.827009201049805
14.5,14.737727165222168
13.7,14.284808158874512
17.8,16.669448852539062
13.0,14.708169937133789
10.9,13.199764251708984
15.4,15.331195831298828
19.2,16.762632369995117
16.7,15.733871459960938
13.9,13.647579193115234
11.1,13.402759552001953
14.7,14.627717018127441
8.7,12.462177276611328
15.9,15.921735763549805
14.5,14.453727722167969
15.5,14.95880126953125
17.0,16.517778396606445
15.4,14.739761352539062
12.0,13.389991760253906
19.9,16.129446029663086
14.9,15.074910163879395
15.9,15.007800102233887
16.1,14.946832656860352
13.8,14.151261329650879
14.1,14.500951766967773
14.6,14.77833080291748
17.3,16.306720733642578
16.1,15.14245319366455
17.8,16.65837860107422
12.0,13.159433364868164
15.7,15.261332511901855
16.9,14.836238861083984
15.5,15.124068260192871
17.6,15.07605266571045
15.1,14.83958625793457
14.3,14.543075561523438
14.9,14.846190452575684
12.5,13.651115417480469
12.9,13.858509063720703
14.3,14.319439888000488
14.8,14.749553680419922
14.9,14.989724159240723
13.5,14.5814208984375
12.9,13.920906066894531
13.1,13.527284622192383
12.7,13.858098030090332
15.6,14.981476783752441
16.2,15.448515892028809
18.4,15.197534561157227
13.7,14.604811668395996
14.4,14.546195983886719
15.3,14.892183303833008
18.3,16.68299102783203
13.8,15.401763916015625
19.7,16.86829948425293
10.7,13.517449378967285
13.3,14.050522804260254
17.3,16.115930557250977
12.6,13.896883964538574
14.6,14.650650024414062
16.7,15.95036506652832
15.2,15.149246215820312
11.5,14.092620849609375
17.2,16.32367706298828
16.2,15.503874778747559
12.3,14.128264427185059
15.0,14.878273963928223
13.8,13.832293510437012
14.8,15.341493606567383
10.3,13.013895034790039
16.3,15.472709655761719
13.1,14.511611938476562
11.1,14.331090927124023
14.0,14.68100357055664
15.7,14.983266830444336
14.7,14.383758544921875
15.1,15.08076000213623
15.6,15.735818862915039
9.5,12.992860794067383
13.0,13.927006721496582
16.7,15.574993133544922
18.9,16.399871826171875
15.0,14.76163387298584
12.5,14.597570419311523
6.6,11.921907424926758
14.5,14.48415756225586
16.5,15.777185440063477
11.9,13.434518814086914
9.9,12.629986763000488
15.2,14.74320125579834
15.5,15.069686889648438
8.4,12.041189193725586
12.4,14.737312316894531
12.4,13.633691787719727
14.3,14.548123359680176
17.5,15.850034713745117
15.9,15.548659324645996
16.5,15.080286979675293
13.8,14.020804405212402
11.7,13.692076683044434
15.2,14.803369522094727
6.9,13.063495635986328
14.6,14.765584945678711
16.7,14.553767204284668
18.9,16.599567413330078
13.0,14.243382453918457
15.8,15.149153709411621
16.5,15.753484725952148
17.3,16.142189025878906
18.3,16.559873580932617
13.7,14.703704833984375
15.1,15.182761192321777
14.9,14.588294982910156
17.9,15.876909255981445
15.7,14.580050468444824
11.6,13.376729011535645
16.2,15.527386665344238
15.2,14.546016693115234
16.1,15.327774047851562
14.8,14.845696449279785
11.7,13.509733200073242
14.5,14.063481330871582
14.0,14.940093994140625
14.5,14.642248153686523
12.9,14.225056648254395
12.4,13.9722900390625
17.4,15.209393501281738
14.8,14.783173561096191
19.9,16.75133514404297
13.6,14.477251052856445
11.5,13.820022583007812
16.6,14.469813346862793
14.5,14.38693618774414
10.6,13.331526756286621
18.2,16.117517471313477
14.4,14.809072494506836
15.9,15.401886940002441
12.0,13.557969093322754
15.5,14.889575004577637
15.4,14.738166809082031
13.2,14.034577369689941
15.2,14.386648178100586
12.1,14.3456392288208
11.8,14.064745903015137
12.3,14.478071212768555
14.9,14.508711814880371
12.9,13.967589378356934
19.0,15.912530899047852
15.7,15.0199556350708
16.0,15.169515609741211
13.0,14.54102897644043
19.0,16.227497100830078
13.2,13.61269760131836
10.2,12.996638298034668
14.2,14.952110290527344
13.3,14.031682968139648
15.8,15.236573219299316
18.8,16.64931869506836
15.6,15.085301399230957
16.3,15.728654861450195
15.9,15.058280944824219
13.2,14.109681129455566
13.2,14.358428955078125
18.4,15.191424369812012
14.6,14.495738983154297
19.6,16.783329010009766
8.8,11.573799133300781
16.7,15.794750213623047
4.6,11.146678924560547
15.7,15.084456443786621
14.0,14.658971786499023
10.6,12.982147216796875
14.2,14.497443199157715
12.3,14.142147064208984
13.7,15.693599700927734
11.6,13.267544746398926
16.1,15.922940254211426
15.8,14.858742713928223
14.4,15.179495811462402
13.1,14.224196434020996
10.5,13.233819961547852
19.6,16.554691314697266
13.6,14.474306106567383
15.3,14.538939476013184
14.0,14.66243839263916
16.8,16.05180549621582
16.1,15.143978118896484
13.6,14.568038940429688
15.2,14.778202056884766
19.4,16.1788272857666
12.8,14.227394104003906
15.7,15.084880828857422
18.8,16.204708099365234
11.8,13.669923782348633
11.5,12.777360916137695
17.2,15.918037414550781
13.4,14.072985649108887
15.8,14.882438659667969
12.4,14.04216194152832
14.7,14.92336368560791
14.5,14.502890586853027
11.5,13.401477813720703
14.7,14.613590240478516
14.8,14.781064987182617
15.5,15.029212951660156
14.8,15.34353256225586
14.5,14.75184440612793
13.0,13.839203834533691
5.3,10.889244079589844
11.0,12.981894493103027
19.2,16.952733993530273
15.8,15.146590232849121
17.0,16.280237197875977
13.2,13.828536987304688
8.3,11.491838455200195
17.4,16.716651916503906
11.9,13.230786323547363
14.3,14.088812828063965
15.8,14.8941011428833
17.1,14.591339111328125
13.2,14.403727531433105
13.9,14.669930458068848
13.8,14.470511436462402
15.8,15.14333724975586
10.2,12.866964340209961
13.1,13.883247375488281
18.3,16.690353393554688
17.3,16.11275863647461
17.1,16.135299682617188
14.5,14.601075172424316
14.7,15.072372436523438
13.5,14.217453956604004
18.6,16.425437927246094
16.0,15.089532852172852
16.3,15.34921932220459
16.3,14.822200775146484
11.3,12.629502296447754
19.8,16.855554580688477
10.9,12.959813117980957
11.4,13.328346252441406
18.8,16.120893478393555
13.8,14.167621612548828
12.7,14.01130199432373
14.8,14.577951431274414
15.0,14.800942420959473
13.8,14.96086597442627
14.1,14.153585433959961
19.1,16.220624923706055
14.1,14.522377967834473
10.5,12.979118347167969
14.8,14.841737747192383
19.2,16.62136459350586
19.4,15.817020416259766
13.9,14.467084884643555
10.9,12.728839874267578
11.9,13.778363227844238
17.4,14.946133613586426
16.3,15.75696086883545
14.5,14.327408790588379
15.1,15.08431625366211
8.0,11.440619468688965
16.7,15.918063163757324
14.0,14.516094207763672
17.9,16.581026077270508
7.7,13.361239433288574
15.2,14.73458480834961
15.1,14.642362594604492
10.5,13.24795913696289
11.3,13.423785209655762
11.6,12.416940689086914
12.9,13.821249008178711
13.6,14.54212474822998
15.3,14.843605995178223
14.5,14.563521385192871
12.9,13.668767929077148
13.3,14.57478141784668
14.7,14.45393180847168
12.2,13.446420669555664
13.6,14.067337036132812
14.5,14.558486938476562
18.1,15.944615364074707
10.5,13.252656936645508
13.9,13.91257381439209
18.2,15.954394340515137
18.5,15.530259132385254
17.2,16.214500427246094
17.8,16.343585968017578
16.6,15.572979927062988
14.8,14.893304824829102
12.1,14.195062637329102
18.4,15.417787551879883
18.3,15.478238105773926
12.1,13.089722633361816
11.5,14.069525718688965
12.7,13.612631797790527
15.1,14.721866607666016
14.7,14.849544525146484
17.4,16.508115768432617
16.9,16.07061004638672
13.4,13.515037536621094
14.3,14.359591484069824
13.0,14.151033401489258
16.7,15.828048706054688
14.6,14.217679023742676
13.1,13.98536491394043
15.0,14.327850341796875
13.8,14.119622230529785
12.8,13.752115249633789
12.9,13.660919189453125
11.1,13.211479187011719
13.5,13.609825134277344
15.1,14.522592544555664
14.0,14.481071472167969
13.8,14.401991844177246
13.0,13.705838203430176
10.1,14.061710357666016
15.3,15.40736198425293
15.8,15.73562240600586
12.7,13.106819152832031
12.6,13.82483196258545
18.7,16.614192962646484
14.9,14.659743309020996
14.1,14.427221298217773
12.4,13.976143836975098
14.3,14.602227210998535
12.7,14.120243072509766
12.5,14.06903076171875
11.8,13.484902381896973
6.7,12.67611312866211
12.7,13.773566246032715
17.3,16.02146339416504
12.9,14.69187068939209
9.0,12.382526397705078
16.6,16.351337432861328
9.5,13.581986427307129
13.4,14.120820045471191
13.1,13.941036224365234
13.9,14.438973426818848
14.0,14.579493522644043
10.7,13.173727035522461
9.3,13.535782814025879
11.1,13.358661651611328
8.7,12.244223594665527
7.5,14.000800132751465
18.0,15.83049488067627
15.4,14.921127319335938
12.2,13.444753646850586
14.9,14.449893951416016
14.6,14.320157051086426
18.8,16.157936096191406
14.1,14.822104454040527
14.7,14.518007278442383
15.4,14.925675392150879
13.4,14.679596900939941
13.8,14.945597648620605
18.3,15.782479286193848
15.0,14.587886810302734
14.7,14.425769805908203
14.8,14.611026763916016
14.6,14.832250595092773
14.6,14.598992347717285
13.7,14.289958953857422
14.0,13.961369514465332
15.2,14.712525367736816
15.0,14.564912796020508
15.5,14.93331527709961
15.2,14.697029113769531
14.9,14.245255470275879
14.0,14.238752365112305
14.0,14.00484848022461
12.4,14.180188179016113
12.9,14.081968307495117
12.7,14.112075805664062
15.6,14.975525856018066
14.6,14.547574043273926
12.4,13.627613067626953
12.0,13.568384170532227
11.5,13.447105407714844
13.3,14.073051452636719
6.9,12.117132186889648
14.9,14.654121398925781
17.0,15.515580177307129
12.8,13.534786224365234
16.1,14.768230438232422
16.0,14.81766128540039
16.1,15.661640167236328
15.4,14.695470809936523
8.7,14.2431640625
12.8,13.827214241027832
14.9,15.188220977783203
11.1,13.505635261535645
13.7,13.311328887939453
13.6,13.882241249084473
11.1,13.10244369506836
10.6,12.655601501464844
14.2,14.18692398071289
11.9,13.585586547851562
15.6,15.152045249938965
13.4,13.834287643432617
16.2,14.468419075012207
12.2,13.537493705749512
14.9,14.895139694213867
15.1,15.061756134033203
14.6,14.508544921875
14.9,14.367497444152832
14.2,14.347051620483398
14.1,14.606598854064941
13.8,13.982501029968262
16.2,15.623217582702637
15.6,14.59338092803955
15.0,14.902356147766113
13.4,14.424393653869629
16.5,16.402191162109375
19.6,16.023351669311523
14.2,14.340893745422363
14.7,14.582313537597656
19.3,16.49856185913086
15.2,14.733587265014648
16.1,15.362133026123047
13.9,14.299577713012695
13.4,14.057796478271484
15.4,15.270495414733887
16.6,15.473889350891113
15.8,14.949323654174805
8.1,11.476215362548828
15.5,14.993154525756836
15.4,15.00137710571289
18.7,16.70339584350586
16.3,15.612405776977539
17.1,16.458240509033203
13.0,14.43584156036377
9.2,12.796730041503906
16.5,14.796399116516113
19.3,16.7518253326416
16.2,15.786381721496582
11.5,13.50214958190918
7.1,11.363222122192383
17.9,16.385780334472656
17.3,15.957837104797363
12.2,13.784429550170898
19.1,16.802494049072266
15.8,15.260699272155762
14.7,14.424418449401855
12.0,14.101086616516113
17.9,14.813314437866211
16.8,15.823869705200195
11.7,13.20106029510498
13.2,14.724268913269043
12.2,13.43447494506836
18.1,15.255792617797852
10.0,11.713577270507812
19.4,16.833229064941406
13.4,14.362580299377441
17.5,15.75858211517334
14.6,14.855867385864258
16.1,15.192065238952637
13.1,13.852409362792969
11.5,13.323064804077148
18.0,15.66048812866211
17.9,16.70260238647461
12.9,14.020840644836426
16.0,14.745884895324707
14.1,14.98936653137207
15.6,15.433194160461426
12.8,14.19862174987793
19.6,16.742137908935547
14.0,13.777115821838379
7.6,12.582539558410645
14.2,15.021257400512695
13.9,16.22738265991211
12.9,13.455628395080566
15.0,14.550850868225098
12.1,13.872587203979492
17.8,16.563093185424805
15.9,15.346641540527344
14.1,14.595806121826172
15.1,14.418448448181152
13.4,13.865029335021973
14.9,14.068254470825195
9.1,12.872900009155273
17.7,15.53634262084961
10.6,13.539289474487305
8.5,13.85702896118164
11.1,13.491371154785156
13.3,14.065325736999512
18.4,16.564624786376953
17.4,15.748957633972168
15.2,15.407209396362305
18.8,16.551225662231445
13.8,13.9068603515625
16.9,15.140869140625
16.0,16.059837341308594
13.1,13.981618881225586
11.5,14.83527946472168
19.3,16.421512603759766
9.9,13.008618354797363
15.1,14.83334732055664
13.7,13.429169654846191
11.6,13.524003982543945
11.2,13.386674880981445
13.9,14.751641273498535
13.5,14.242114067077637
13.8,14.14842414855957
10.3,12.924155235290527
10.0,13.684718132019043
13.1,13.959035873413086
11.8,13.760400772094727
15.2,16.84663963317871
14.7,14.64330005645752
16.0,15.419724464416504
13.5,14.7211275100708
14.8,14.530074119567871
17.3,15.983186721801758
13.3,13.697479248046875
15.2,14.932938575744629
19.5,16.763160705566406
16.8,15.773294448852539
14.8,14.682642936706543
11.8,13.700719833374023
12.4,13.49329948425293
14.5,14.175745964050293
13.1,14.029885292053223
14.7,14.977795600891113
15.0,14.697210311889648
12.4,14.102559089660645
12.9,14.332778930664062
12.9,13.887628555297852
12.3,13.592659950256348
14.7,15.826251983642578
19.0,16.245532989501953
18.7,16.206703186035156
12.6,13.615155220031738
16.2,15.857666015625
13.0,13.946630477905273
12.3,13.42138957977295
11.9,14.252408981323242
14.4,14.691425323486328
11.6,13.616612434387207
14.3,14.999814987182617
13.5,14.263147354125977
13.3,14.918214797973633
18.5,16.27338981628418
13.0,14.125916481018066
11.4,13.41408634185791
15.1,14.892672538757324
12.8,13.16497802734375
11.5,13.570764541625977
13.6,14.222476959228516
15.2,14.768572807312012
8.9,13.078651428222656
16.8,16.00660514831543
14.8,14.768769264221191
14.0,13.785248756408691
19.8,16.98476791381836
11.9,13.640471458435059
11.8,13.389640808105469
14.7,15.363072395324707
12.2,13.935375213623047
17.2,16.00647735595703
10.7,13.354410171508789
14.2,13.47254753112793
16.7,16.33347511291504
11.3,13.485040664672852
9.5,12.964298248291016
13.6,14.202454566955566
13.1,14.073638916015625
16.5,15.299102783203125
11.2,13.508554458618164
17.5,16.144437789916992
16.6,14.347676277160645
17.8,16.447330474853516
19.2,16.7330379486084
12.5,14.169496536254883
12.3,13.553081512451172
19.6,16.958654403686523
13.6,14.172395706176758
11.4,13.726945877075195
12.6,13.467005729675293
13.9,14.185698509216309
12.0,13.240458488464355
17.4,15.541285514831543
18.5,16.4289608001709
10.8,13.902074813842773
10.1,12.795318603515625
14.7,13.399338722229004
17.9,14.45555305480957
12.4,13.669404029846191
17.2,15.696304321289062
11.7,13.44334602355957
11.3,13.78724193572998
14.1,13.901386260986328
14.5,14.437326431274414
12.8,13.573869705200195
12.3,13.902270317077637
6.0,14.476207733154297
14.0,14.24616813659668
12.2,13.964517593383789
18.6,16.366254806518555
13.4,14.535093307495117
13.1,13.509644508361816
15.5,15.158787727355957
15.2,14.670456886291504
15.0,14.998344421386719
14.7,14.786877632141113
10.3,13.09991455078125
14.0,15.28505802154541
14.1,14.483053207397461
11.7,13.253191947937012
14.5,14.285869598388672
10.1,14.557699203491211
13.8,14.275663375854492
12.9,14.140632629394531
13.5,14.08619499206543
13.1,14.166924476623535
14.0,14.311206817626953
15.4,15.118115425109863
15.1,14.777905464172363
15.1,14.888849258422852
16.8,15.293234825134277
13.3,14.024309158325195
12.1,13.219589233398438
10.8,13.425734519958496
15.7,15.367859840393066
13.6,14.914159774780273
14.2,14.567790031433105
8.6,12.183196067810059
13.1,13.93159294128418
13.7,14.020164489746094
14.5,14.357658386230469
14.7,14.397977828979492
15.9,15.124202728271484
14.6,14.666440963745117
14.4,14.600870132446289
14.6,15.537304878234863
14.5,14.719964981079102
15.0,14.129164695739746
14.6,14.748384475708008
11.0,13.515336990356445
17.8,15.80114459991455
14.2,15.043927192687988
13.3,13.59915542602539
13.8,14.352298736572266
16.2,15.536874771118164
15.5,15.204392433166504
16.3,15.65932846069336
12.9,14.225089073181152
15.5,14.371220588684082
12.3,13.770955085754395
19.1,16.126985549926758
13.2,14.742213249206543
14.2,14.672945976257324
12.2,13.907942771911621
14.1,14.577580451965332
15.0,14.538307189941406
15.9,14.937592506408691
15.0,14.534608840942383
12.5,13.377185821533203
15.5,15.16414737701416
14.9,14.445989608764648
15.7,15.18547248840332
16.7,15.879645347595215
16.4,15.492427825927734
14.4,14.613176345825195
13.3,13.531460762023926
13.7,14.363568305969238
15.2,15.086954116821289
17.6,14.9232759475708
13.9,13.604829788208008
17.1,15.469820022583008
18.3,16.520427703857422
16.0,15.278592109680176
18.2,16.870094299316406
14.3,14.188377380371094
11.5,13.59609317779541
13.8,14.493531227111816
14.5,14.107673645019531
15.9,15.497361183166504
17.5,15.374547004699707
18.2,15.97944450378418
16.5,15.305730819702148
13.9,14.083964347839355
14.5,14.426520347595215
13.8,14.169626235961914
14.6,14.796406745910645
13.4,13.95220947265625
18.3,16.1948299407959
15.1,15.14333724975586
12.2,13.433697700500488
18.7,16.589717864990234
12.6,13.515888214111328
15.5,14.639321327209473
12.8,13.100639343261719
12.9,14.467854499816895
16.0,15.10948657989502
14.2,14.622459411621094
13.9,14.330865859985352
15.4,15.207528114318848
8.7,11.843111038208008
17.8,16.40229606628418
19.0,16.256423950195312
13.8,14.06644058227539
17.9,16.032506942749023
15.7,14.126891136169434
15.5,15.437976837158203
15.7,14.718121528625488
14.1,14.64238452911377
15.4,14.299835205078125
18.7,16.501129150390625
13.8,14.379060745239258
16.4,14.40398120880127
14.7,14.625320434570312
13.3,14.191543579101562
14.6,14.375869750976562
13.9,14.04924201965332
18.0,16.35304069519043
14.2,14.30528736114502
17.4,15.325522422790527
11.2,12.969497680664062
14.5,14.489530563354492
14.1,14.69117259979248
14.4,14.489203453063965
17.1,15.998680114746094
14.9,15.049872398376465
11.7,13.879677772521973
19.5,16.272180557250977
19.8,16.81076431274414
15.7,15.044290542602539
14.7,14.646048545837402
15.5,14.881453514099121
15.1,15.09560775756836
14.9,15.262958526611328
16.8,14.825857162475586
11.2,14.698052406311035
15.7,14.902490615844727
12.1,13.478572845458984
17.2,16.004743576049805
16.5,16.66731834411621
14.5,14.622149467468262
13.8,14.239944458007812
19.7,16.950756072998047
14.7,14.562822341918945
15.0,14.865126609802246
14.1,14.613121032714844
17.6,15.727653503417969
15.7,14.530500411987305
16.0,15.531623840332031
13.4,13.638879776000977
14.4,14.914072036743164
14.7,14.496115684509277
18.0,16.409618377685547
19.4,16.707178115844727
17.4,16.318565368652344
15.1,15.74531364440918
16.6,15.423637390136719
14.8,14.492700576782227
15.4,15.266887664794922
15.7,14.72585678100586
17.9,16.1613712310791
15.1,14.905632019042969
18.1,16.206518173217773
18.0,16.551776885986328
13.5,14.370122909545898
14.1,13.94117259979248
15.1,14.98011589050293
13.6,14.175105094909668
11.0,14.02470874786377
19.3,16.64950180053711
13.9,14.417450904846191
17.7,15.980229377746582
13.2,14.280412673950195
17.4,15.806617736816406
15.2,14.200916290283203
17.5,16.3437442779541
12.8,14.120794296264648
12.7,13.148077011108398
14.1,14.441329002380371
9.2,13.31714153289795
13.0,14.02875804901123
14.4,14.774402618408203
11.0,13.615057945251465
15.2,14.145827293395996
14.2,14.455202102661133
13.6,14.21198844909668
18.0,15.244068145751953
17.3,15.707236289978027
14.0,14.19357967376709
11.3,13.23614501953125
15.7,14.947042465209961
14.8,14.667082786560059
15.6,15.096231460571289
14.8,14.935858726501465
14.8,14.746460914611816
15.1,14.908134460449219
9.5,13.882418632507324
14.1,14.013401985168457
16.8,15.824234008789062
17.5,16.151233673095703
14.6,14.91421127319336
11.6,13.702845573425293
16.8,16.136127471923828
15.3,15.087255477905273
15.5,14.765498161315918
15.2,14.963874816894531
18.4,16.626623153686523
13.0,14.421860694885254
15.1,15.171030044555664
16.1,15.86413288116455
14.8,15.020174026489258
12.9,14.174151420593262
15.7,15.111132621765137
14.2,14.213359832763672
10.5,12.964251518249512
13.8,13.787508964538574
14.9,13.983352661132812
18.9,16.649423599243164
14.6,14.647727966308594
17.2,15.703287124633789
14.1,14.592314720153809
14.7,14.506847381591797
16.1,16.057682037353516
11.3,13.728803634643555
12.6,14.210359573364258
15.4,14.80782699584961
14.3,14.40167236328125
10.7,12.770101547241211
17.1,15.940539360046387
17.2,16.063488006591797
13.1,14.259571075439453
16.2,15.468957901000977
15.5,15.014588356018066
18.9,16.420894622802734
13.8,14.607592582702637
18.4,16.69696807861328
11.4,13.758772850036621
11.2,13.686583518981934
18.4,16.654184341430664
17.0,14.94438362121582
10.1,13.89527416229248
10.8,13.372560501098633
19.8,16.941085815429688
14.4,14.7923002243042
13.3,14.553346633911133
17.1,16.691207885742188
19.6,16.69619369506836
18.8,15.952244758605957
11.5,14.304325103759766
14.8,14.714720726013184
15.4,15.332201957702637
18.9,15.95986270904541
14.0,15.326349258422852
17.9,16.005393981933594
14.1,14.242813110351562
13.7,14.395785331726074
16.3,15.484631538391113
11.1,12.467700958251953
15.2,14.574828147888184
14.4,15.037116050720215
15.5,15.305732727050781
14.1,14.581194877624512
14.7,14.348575592041016
19.0,16.582786560058594
15.2,14.845284461975098
16.0,15.559089660644531
14.2,14.017416000366211
15.9,15.811131477355957
15.9,15.620719909667969
15.4,14.990107536315918
12.7,14.330864906311035
14.3,14.015002250671387
16.6,14.81201171875
10.3,13.531410217285156
15.2,15.0967435836792
14.7,14.717753410339355
16.2,15.968907356262207
18.0,15.935151100158691
16.3,15.192994117736816
14.6,14.892501831054688
12.4,13.698562622070312
4.7,14.421186447143555
10.9,13.596800804138184
13.5,13.777148246765137
11.4,14.420891761779785
11.7,13.596502304077148
8.4,13.85291862487793
15.2,15.314964294433594
13.3,15.931366920471191
11.3,14.109155654907227
12.2,13.217476844787598
17.6,15.902194023132324
14.2,14.004703521728516
18.2,16.464847564697266
14.7,15.004023551940918
9.6,12.665718078613281
16.4,15.255254745483398
7.4,11.113092422485352
13.2,13.542098999023438
18.1,16.022695541381836
15.9,15.623784065246582
13.0,14.281785011291504
18.9,15.233604431152344
17.8,16.6245059967041
10.8,13.988611221313477
19.6,16.818395614624023
13.7,14.427541732788086
14.0,14.61896800994873
18.4,16.26479148864746
13.7,14.103042602539062
16.2,15.417082786560059
11.0,13.725162506103516
12.5,13.495648384094238
9.7,12.725213050842285
13.7,14.62584400177002
9.4,12.916162490844727
19.7,16.866790771484375
19.8,16.40827178955078
14.5,15.377814292907715
7.8,11.924171447753906
17.6,16.250329971313477
13.0,14.007936477661133
18.2,15.844136238098145
13.1,14.395059585571289
19.1,16.64971351623535
10.6,13.455899238586426
13.1,13.897411346435547
15.9,15.333160400390625
16.7,16.065494537353516
14.1,14.137962341308594
14.3,15.055184364318848
15.2,14.588776588439941
15.0,14.683175086975098
10.8,13.408720016479492
16.8,14.910213470458984
14.2,15.28233528137207
15.7,15.882196426391602
16.9,15.849113464355469
11.0,14.3110933303833
11.7,12.588871002197266
16.8,15.65221881866455
13.5,14.179129600524902
14.1,14.712225914001465
11.9,13.15671443939209
17.0,15.555509567260742
17.0,14.881806373596191
19.8,15.763962745666504
9.8,14.326970100402832
17.5,16.34459114074707
14.2,15.418179512023926
11.0,13.670846939086914
12.5,14.173770904541016
14.2,14.125106811523438
19.7,16.655670166015625
14.0,14.232956886291504
18.7,15.99703598022461
15.9,15.105362892150879
12.8,13.30366325378418
15.0,14.766234397888184
10.4,13.399499893188477
16.1,14.685379028320312
15.5,14.821028709411621
14.7,15.206042289733887
16.2,15.102718353271484
17.3,15.945343017578125
16.6,16.313919067382812
8.7,15.064932823181152
17.0,16.097858428955078
17.2,16.313446044921875
15.6,15.502984046936035
14.9,15.129192352294922
17.5,15.163719177246094
15.1,15.038869857788086
15.8,15.153254508972168
14.7,14.534774780273438
15.6,15.280571937561035
6.1,13.497426986694336
14.4,14.567031860351562
13.9,14.228527069091797
18.2,16.03400421142578
17.1,16.392122268676758
12.2,13.126845359802246
7.9,11.058917045593262
18.3,16.159685134887695
10.7,13.340662956237793
13.1,14.364235877990723
15.3,15.468191146850586
15.4,15.315125465393066
11.5,13.969009399414062
13.5,14.69983959197998
14.4,14.876380920410156
17.2,14.743767738342285
16.1,16.183399200439453
13.7,14.261786460876465
11.6,13.078716278076172
12.4,14.555274963378906
11.7,13.930609703063965
10.7,13.301968574523926
11.6,14.067875862121582
15.2,15.798118591308594
13.8,14.389983177185059
7.9,12.931401252746582
15.8,15.700154304504395
11.4,13.409629821777344
15.1,14.856566429138184
11.4,12.993412017822266
16.5,15.717262268066406
15.9,15.453376770019531
6.4,12.339141845703125
13.5,14.054558753967285
14.9,14.643397331237793
12.9,14.318122863769531
15.8,15.756834030151367
13.4,15.788804054260254
18.7,16.510501861572266
14.3,14.105090141296387
12.1,14.084953308105469
15.6,14.659106254577637
11.1,13.803194999694824
14.5,15.007702827453613
10.4,13.578713417053223
15.0,14.161040306091309
10.5,13.373888969421387
14.9,14.273687362670898
14.8,15.382843971252441
19.1,16.356138229370117
15.7,15.1793851852417
16.2,15.294451713562012
14.9,14.754691123962402
14.8,14.403793334960938
18.9,16.729822158813477
15.8,15.665825843811035
16.6,14.91240119934082
14.4,14.684517860412598
18.0,16.35500717163086
13.6,14.415573120117188
14.6,15.657242774963379
19.6,16.819599151611328
14.8,14.709388732910156
10.4,12.761088371276855
15.9,14.743485450744629
14.9,15.236841201782227
15.1,14.385856628417969
9.3,13.24996280670166
12.2,13.774778366088867
13.8,14.37356948852539
15.5,14.709266662597656
17.5,16.131284713745117
17.6,16.69184112548828
14.0,14.620743751525879
13.3,14.489745140075684
15.0,14.486732482910156
15.4,15.537328720092773
9.6,13.44840145111084
12.2,13.29744815826416
19.3,16.240371704101562
9.9,12.351853370666504
18.6,16.393503189086914
13.3,13.927385330200195
8.1,12.736320495605469
13.6,15.21458625793457
19.8,16.93757438659668
18.9,15.056050300598145
14.7,14.802692413330078
16.0,14.662517547607422
16.3,15.06959342956543
10.5,11.843111038208008
15.3,14.726898193359375
14.6,14.61674690246582
17.3,15.869839668273926
15.7,15.461699485778809
10.4,12.858915328979492
13.9,14.243590354919434
12.6,13.668720245361328
15.2,14.518831253051758
6.4,10.691045761108398
13.7,13.956991195678711
16.0,14.874723434448242
15.2,14.618544578552246
13.2,13.954901695251465
15.5,14.93123722076416
13.9,14.792104721069336
12.5,13.760091781616211
17.3,16.45361328125
9.8,12.474964141845703
10.4,13.36367416381836
11.8,13.27713394165039
15.2,14.808477401733398
15.6,15.85055923461914
14.4,14.146760940551758
14.4,14.410080909729004
15.2,15.335368156433105
12.6,13.7675142288208
12.3,13.71597671508789
16.1,15.3734712600708
17.6,16.430696487426758
14.3,14.686594009399414
13.9,14.105350494384766
15.2,14.852986335754395
19.2,14.785296440124512
17.6,16.261104583740234
14.3,14.826324462890625
14.1,14.869693756103516
17.1,15.593372344970703
17.0,15.823163032531738
19.3,16.483314514160156
17.7,15.796686172485352
16.4,16.024263381958008
13.3,14.135990142822266
17.1,16.017274856567383
5.8,15.49449634552002
19.0,16.973407745361328
16.9,15.735877990722656
14.4,14.792675018310547
17.0,15.68331241607666
18.8,16.609800338745117
18.8,16.612932205200195
19.7,16.621021270751953
16.0,15.369393348693848
16.9,15.534759521484375
13.9,15.236737251281738
12.7,13.390995025634766
17.9,15.563088417053223
19.3,14.30859661102295
18.1,16.23445701599121
19.1,16.721635818481445
14.8,15.457029342651367
13.0,14.339213371276855
19.8,16.638856887817383
14.1,14.928265571594238
16.3,14.53713607788086
15.0,15.13695240020752
13.5,14.12026309967041
17.0,15.244880676269531
17.1,15.489920616149902
14.7,14.815850257873535
10.1,13.266468048095703
17.2,15.396699905395508
14.9,15.250289916992188
19.8,16.4322452545166
13.5,13.522844314575195
16.1,15.581002235412598
10.8,12.57508373260498
18.2,16.77706527709961
15.4,15.10993766784668
17.0,15.389256477355957
14.6,15.76542854309082
17.6,16.384368896484375
12.7,15.131467819213867
10.9,13.348250389099121
16.2,15.238670349121094
15.5,15.063140869140625
15.0,14.970967292785645
14.7,14.830864906311035
12.6,15.24423599243164
18.8,16.71402931213379
19.0,16.512027740478516
14.5,15.487563133239746
13.0,14.034977912902832
17.4,16.432544708251953
13.7,15.074877738952637
17.0,15.264204025268555
16.4,14.633636474609375
17.1,15.454115867614746
19.3,16.800832748413086
14.6,14.541104316711426
15.0,15.340581893920898
11.5,13.304936408996582
13.7,14.19650936126709
11.8,14.329488754272461
15.9,14.215705871582031
19.0,16.85921859741211
17.5,15.919527053833008
14.8,14.375713348388672
15.7,15.604796409606934
15.5,14.607510566711426
19.9,15.751585006713867
15.3,15.54162883758545
16.5,15.339632034301758
14.5,14.52341365814209
15.2,14.774454116821289
19.5,16.81853675842285
15.2,14.978487014770508
19.4,16.740262985229492
17.6,14.905569076538086
18.5,16.733388900756836
19.2,16.87480926513672
12.7,13.600594520568848
12.6,14.516145706176758
16.3,14.839189529418945
14.5,14.43313217163086
10.1,13.324019432067871
16.0,15.443096160888672
14.3,14.497889518737793
16.5,15.62026596069336
15.0,15.560739517211914
13.3,14.37563419342041
14.7,14.692605018615723
12.6,13.339491844177246
19.2,16.856788635253906
19.6,16.812707901000977
15.0,14.189085006713867
14.0,14.060843467712402
13.4,14.138687133789062
14.8,14.711329460144043
16.2,15.568319320678711
15.1,14.814888000488281
19.8,16.746318817138672
15.9,15.611363410949707
15.7,15.04912281036377
15.9,15.010993957519531
19.6,16.012718200683594
18.1,15.979907035827637
15.3,14.657842636108398
19.2,16.313732147216797
13.4,14.832061767578125
13.8,14.07347297668457
18.9,16.566024780273438
14.1,14.61312484741211
12.7,13.97104549407959
19.6,16.218425750732422
19.2,15.959980964660645
13.3,14.4929838180542
11.1,13.673201560974121
14.6,14.704041481018066
18.7,16.74353790283203
19.1,16.779537200927734
10.0,13.306285858154297
15.5,15.442119598388672
15.0,15.31914234161377
13.8,14.611536979675293
19.8,14.521858215332031
11.6,14.019133567810059
15.3,14.586968421936035
12.2,13.979169845581055
13.2,13.572587966918945
13.0,13.915578842163086
13.0,14.678693771362305
14.8,14.876270294189453
19.3,16.49260139465332
12.9,13.867984771728516
15.3,14.905373573303223
17.6,15.842462539672852
13.5,13.832707405090332
11.5,13.713605880737305
11.0,13.317962646484375
15.2,14.998564720153809
14.2,14.358378410339355
14.8,14.74107551574707
16.3,15.946236610412598
14.0,13.799104690551758
11.8,13.627593994140625
14.6,14.576350212097168
12.9,13.65526294708252
8.2,15.144291877746582
9.4,14.004132270812988
14.3,14.586670875549316
14.0,14.425418853759766
12.6,13.818825721740723
19.7,16.522571563720703
13.6,14.495882034301758
13.6,13.916702270507812
19.3,16.221837997436523
14.9,14.666498184204102
16.7,15.525758743286133
12.6,14.060245513916016
15.9,15.384204864501953
14.6,14.808642387390137
12.4,13.62954044342041
10.5,14.326016426086426
12.4,14.646736145019531
14.9,14.932689666748047
18.7,16.68699073791504
15.5,14.84990119934082
16.1,14.398528099060059
9.2,13.946322441101074
10.4,13.231921195983887
14.9,14.982515335083008
17.4,15.081781387329102
17.0,15.662498474121094
14.2,14.87958812713623
14.8,14.900066375732422
18.1,14.166478157043457
16.4,16.196796417236328
13.9,14.346002578735352
14.2,14.715811729431152
12.8,13.716196060180664
15.3,14.778910636901855
14.2,14.138832092285156
15.0,13.668392181396484
14.8,14.525059700012207
14.5,14.898702621459961
14.5,14.548452377319336
14.8,14.703866004943848
16.6,15.833030700683594
14.3,14.464995384216309
14.3,14.792439460754395
17.3,16.136873245239258
14.8,15.000094413757324
15.8,14.938759803771973
14.0,14.576435089111328
11.5,14.082250595092773
14.5,14.712221145629883
13.5,14.223586082458496
18.6,15.553833961486816
15.2,14.939209938049316
14.3,14.198790550231934
15.7,15.081663131713867
13.8,14.768889427185059
13.5,13.966188430786133
14.3,14.781418800354004
12.1,14.219819068908691
14.8,15.085222244262695
14.0,14.552631378173828
12.4,13.608919143676758
12.8,14.043622970581055
15.2,14.775055885314941
14.2,14.298368453979492
16.3,15.952264785766602
15.3,14.72603702545166
14.8,14.503490447998047
15.0,15.188332557678223
15.8,15.219252586364746
15.7,14.184602737426758
14.4,14.129264831542969
14.6,14.614269256591797
10.8,13.74109935760498
15.4,15.180333137512207
15.4,14.87723159790039
16.3,16.623979568481445
15.1,14.479615211486816
13.1,14.093205451965332
12.2,13.580781936645508
15.1,14.8927001953125
14.0,14.681940078735352
13.6,14.4573974609375
15.2,14.876771926879883
12.4,14.292348861694336
15.0,14.789891242980957
14.5,15.775507926940918
16.0,15.36138916015625
17.0,15.603073120117188
9.8,13.380975723266602
17.7,14.786628723144531
8.5,13.57082748413086
14.5,14.504209518432617
14.6,14.6033296585083
16.8,15.70435905456543
13.8,14.494756698608398
14.2,14.943282127380371
16.6,15.530754089355469
14.9,14.381120681762695
15.3,15.158239364624023
18.6,14.343162536621094
16.9,15.696084022521973
19.1,16.54299545288086
15.0,14.634961128234863
11.8,13.84463882446289
13.8,14.545228958129883
18.4,15.109763145446777
16.1,15.185441970825195
14.8,14.761896133422852
18.5,15.987518310546875
16.2,15.630763053894043
14.9,14.742026329040527
13.0,14.202349662780762
14.2,14.570920944213867
12.5,13.237037658691406
14.5,14.532214164733887
15.1,15.013898849487305
13.4,14.088942527770996
15.2,14.395927429199219
12.6,14.21086597442627
15.1,14.668844223022461
18.9,16.323928833007812
10.2,14.623379707336426
16.1,15.603902816772461
16.5,15.313982009887695
4.4,12.29440689086914
16.2,14.968448638916016
11.3,13.48443603515625
19.4,15.70029354095459
14.8,14.727691650390625
14.1,14.441864967346191
11.9,13.859014511108398
14.9,15.91738510131836
12.7,13.54728889465332
15.3,14.83837604522705
16.0,15.092323303222656
15.9,15.13647174835205
16.3,15.061433792114258
14.2,14.617362976074219
16.3,15.453423500061035
18.8,16.30203628540039
16.9,15.701997756958008
13.2,13.937435150146484
19.2,16.630781173706055
17.2,16.21249008178711
17.3,14.933792114257812
11.3,13.744309425354004
14.4,14.616869926452637
10.8,13.360054016113281
14.7,14.814811706542969
18.2,16.376178741455078
16.1,14.89399528503418
14.9,14.533562660217285
17.3,15.776754379272461
13.8,14.899328231811523
13.9,14.512453079223633
18.6,15.223174095153809
17.2,16.434770584106445
10.8,15.118048667907715
11.8,14.34752368927002
16.3,15.4603271484375
15.6,15.101366996765137
17.0,16.23729705810547
13.7,14.787578582763672
15.9,15.265935897827148
16.8,14.941046714782715
18.3,16.785682678222656
14.8,14.83330249786377
13.9,13.688699722290039
14.6,14.744409561157227
13.8,15.312774658203125
16.7,15.879165649414062
14.2,15.143671035766602
19.0,16.782928466796875
11.3,14.573200225830078
15.2,14.609993934631348
17.2,15.684711456298828
18.8,16.620393753051758
14.3,14.993602752685547
10.7,12.869832992553711
15.5,14.986518859863281
14.5,14.73462200164795
15.9,14.845931053161621
12.1,13.949299812316895
15.5,14.894207000732422
17.1,14.89697265625
14.5,14.910690307617188
12.4,14.143245697021484
14.5,14.779863357543945
14.5,14.560412406921387
11.1,13.903225898742676
10.3,13.19400691986084
17.1,15.049176216125488
13.2,14.327836990356445
15.3,14.626410484313965
17.9,16.532474517822266
15.8,15.450495719909668
18.2,15.240514755249023
10.9,14.315190315246582
14.2,14.323457717895508
14.4,14.295424461364746
17.7,15.502273559570312
14.1,14.564080238342285
13.8,14.457890510559082
15.0,14.9332914352417
18.5,16.45965003967285
19.0,15.611692428588867
11.7,13.710165977478027
17.9,15.052186012268066
13.2,13.92624282836914
18.5,15.880107879638672
18.6,16.687801361083984
15.6,15.098394393920898
14.3,14.955172538757324
16.0,15.621190071105957
8.5,12.832448959350586
16.3,15.38570499420166
17.3,16.46253204345703
18.8,16.315961837768555
14.4,14.646307945251465
19.3,16.49735450744629
18.2,16.445417404174805
19.4,16.429903030395508
12.5,14.187054634094238
13.9,13.435395240783691
18.3,16.1082820892334
18.6,16.477014541625977
11.0,12.534695625305176
11.7,13.724425315856934
11.3,13.543265342712402
16.4,16.11783790588379
12.7,13.690777778625488
18.6,16.470767974853516
16.2,15.98140811920166
14.6,14.533649444580078
12.7,13.909016609191895
15.4,15.12007999420166
14.9,14.91640567779541
19.9,16.550617218017578
12.9,14.325212478637695
14.9,14.71157455444336
16.6,16.167724609375
14.0,14.346878051757812
13.8,13.607917785644531
18.0,15.835186004638672
14.6,14.509461402893066
16.7,16.258901596069336
13.4,14.3934907913208
14.6,14.710762023925781
18.8,16.310327529907227
15.6,15.140403747558594
13.6,14.472476959228516
16.4,16.096858978271484
17.4,16.2318058013916
13.4,14.891741752624512
16.7,14.419208526611328
12.4,13.656431198120117
15.5,14.550228118896484
13.6,13.93576431274414
10.9,13.892139434814453
10.2,13.270598411560059
19.6,16.789403915405273
16.0,15.502973556518555
15.3,14.808610916137695
17.2,16.2070369720459
13.6,14.264704704284668
16.8,15.538150787353516
16.0,15.414149284362793
14.4,14.224766731262207
14.7,14.642065048217773
17.3,16.0184268951416
11.2,13.612198829650879
15.1,14.75340747833252
17.8,16.38296890258789
18.2,16.81339454650879
18.8,16.84663963317871
16.5,15.84389591217041
18.4,16.730581283569336
14.1,14.844849586486816
16.2,15.97655963897705
14.3,14.655194282531738
17.4,16.55471420288086
15.4,14.794976234436035
19.6,16.776025772094727
17.8,16.1251277923584
15.9,15.30793571472168
15.8,15.215288162231445
16.1,15.457691192626953
16.3,15.841611862182617
19.0,16.812707901000977
16.1,15.610133171081543
11.0,13.842000007629395
16.6,16.32179832458496
13.9,14.166089057922363
16.7,15.866201400756836
13.5,14.313413619995117
15.0,14.706365585327148
15.8,15.285103797912598
18.4,15.7454195022583
15.5,15.098422050476074
16.1,16.001712799072266
15.8,14.752349853515625
13.4,13.994203567504883
12.4,14.47304916381836
11.7,14.062142372131348
14.5,14.656478881835938
12.0,14.331183433532715
13.3,14.313088417053223
17.0,16.14501953125
15.8,14.84410572052002
18.4,16.417190551757812
15.0,14.737772941589355
18.4,16.588468551635742
16.0,15.88747501373291
14.2,15.023112297058105
14.3,14.837799072265625
14.7,14.46596908569336
14.3,14.693968772888184
14.1,15.38395881652832
13.5,13.87757396697998
15.9,14.89870834350586
19.8,16.756484985351562
15.0,15.504706382751465
13.7,14.665240287780762
15.9,14.932456016540527
9.9,12.434014320373535
15.9,15.3056640625
18.7,15.635509490966797
12.4,13.602351188659668
14.0,14.867024421691895
17.5,16.439916610717773
11.3,13.507441520690918
19.5,16.988876342773438
17.8,16.6215763092041
10.8,13.31709098815918
16.0,16.0113582611084
16.7,16.258548736572266
10.0,13.151510238647461
16.8,16.13686180114746
18.4,16.620136260986328
17.1,16.4671573638916
14.2,14.471487998962402
17.2,15.534448623657227
16.7,16.034690856933594
12.9,14.570314407348633
15.6,14.780289649963379
15.4,14.708047866821289
12.4,13.68766975402832
15.2,14.823686599731445
14.9,14.607170104980469
15.9,14.971221923828125
14.1,15.713502883911133
11.9,14.629866600036621
14.7,14.516475677490234
14.9,14.682909965515137
17.3,16.261882781982422
11.5,13.53515911102295
17.9,16.075326919555664
14.2,14.772440910339355
12.9,14.515578269958496
12.1,16.21830177307129
17.9,15.918078422546387
13.1,13.499414443969727
18.4,16.09188461303711
18.0,16.195823669433594
13.2,14.724713325500488
13.8,14.461206436157227
11.5,13.438613891601562
14.6,15.067007064819336
12.3,14.406829833984375
11.3,14.491015434265137
15.1,15.612466812133789
17.8,16.449687957763672
13.3,14.580424308776855
19.1,16.57324981689453
15.7,15.256978988647461
15.7,15.080984115600586
15.9,15.34143352508545
10.9,13.535551071166992
15.7,15.381245613098145
14.5,14.23757266998291
10.8,13.37547492980957
15.9,15.456779479980469
15.8,14.840217590332031
15.1,15.067548751831055
16.2,15.394606590270996
15.5,14.858078956604004
19.4,16.748855590820312
16.2,15.063545227050781
14.4,15.17315673828125
13.5,14.601902961730957
17.8,15.73098087310791
15.5,15.538228034973145
13.0,13.95466423034668
13.8,14.223503112792969
16.4,14.728550910949707
17.9,16.446577072143555
15.2,15.449763298034668
14.6,14.641499519348145
17.2,15.23129940032959
19.3,14.39902114868164
10.7,13.214326858520508
15.8,15.457488059997559
15.2,14.52697467803955
16.3,15.871826171875
13.8,13.862264633178711
19.8,14.873690605163574
13.2,13.527502059936523
13.7,14.431707382202148
13.5,14.974825859069824
9.9,13.36979866027832
15.2,14.879701614379883
11.6,14.320676803588867
14.9,14.763243675231934
14.8,14.860575675964355
13.4,14.085382461547852
17.9,15.725597381591797
13.0,13.586324691772461
8.2,13.666982650756836
15.6,14.63247299194336
14.6,14.240381240844727
16.0,15.224737167358398
14.4,14.70920467376709
18.4,16.1508846282959
13.2,14.379451751708984
8.5,12.430961608886719
15.6,14.781489372253418
17.2,15.209762573242188
11.7,13.505302429199219
9.8,13.398358345031738
13.5,13.98731517791748
13.4,14.246057510375977
13.9,14.472689628601074
8.2,13.480623245239258
14.8,15.259374618530273
10.2,14.38800048828125
15.9,15.335323333740234
14.2,14.526070594787598
12.1,13.319049835205078
15.9,15.778547286987305
14.7,15.150907516479492
11.8,13.930719375610352
16.4,16.495981216430664
17.5,16.473793029785156
13.9,14.485738754272461
16.3,14.80842113494873
15.9,14.830710411071777
15.6,15.225790023803711
14.9,14.9685640335083
15.1,14.703638076782227
16.3,16.105911254882812
14.9,14.909881591796875
17.3,15.961553573608398
17.5,16.142986297607422
17.7,16.309398651123047
18.6,16.90775489807129
18.8,16.904132843017578
15.1,14.355107307434082
13.8,14.690608024597168
17.2,16.44589614868164
7.3,13.752644538879395
16.1,15.734243392944336
14.7,14.832100868225098
14.1,14.50255298614502
16.0,14.688263893127441
14.2,14.789539337158203
17.4,16.41182518005371
16.5,15.802336692810059
12.6,15.344159126281738
16.6,15.566246032714844
16.0,15.796149253845215
18.5,16.70186424255371
18.0,15.973126411437988
14.5,14.372160911560059
13.6,14.032008171081543
18.1,16.6339168548584
12.4,15.03044319152832
15.2,14.873505592346191
9.3,12.942167282104492
12.2,14.021080017089844
18.3,16.220102310180664
14.7,14.70724105834961
16.9,15.021087646484375
15.8,14.72588062286377
15.6,15.039408683776855
17.4,16.458728790283203
15.6,15.095892906188965
14.7,14.92294979095459
12.8,14.160090446472168
12.6,14.10161018371582
14.6,14.901435852050781
12.6,13.56414794921875
19.0,16.757160186767578
12.6,13.839346885681152
15.8,15.39939022064209
19.5,16.900341033935547
15.9,15.155951499938965
14.8,14.575140953063965
19.4,16.80990219116211
15.3,15.783205032348633
15.4,14.901524543762207
14.8,14.632688522338867
18.5,16.518980026245117
14.9,15.214336395263672
18.7,16.742237091064453
15.6,14.908223152160645
18.7,16.6937255859375
11.7,13.816116333007812
15.0,14.756949424743652
16.1,15.457101821899414
15.6,15.207537651062012
14.3,14.72765064239502
13.4,13.725064277648926
16.6,15.47022533416748
13.3,13.856782913208008
14.1,14.676730155944824
19.1,15.678218841552734
14.2,14.666502952575684
15.4,15.023771286010742
15.0,15.043850898742676
14.7,15.086864471435547
14.8,14.476888656616211
14.7,14.925496101379395
14.2,13.988539695739746
14.4,14.883996963500977
19.6,16.7486629486084
14.4,15.566415786743164
15.2,15.151970863342285
14.0,14.834758758544922
14.9,14.57841682434082
15.2,15.233009338378906
17.9,16.446086883544922
15.1,14.72441291809082
14.6,14.38121509552002
15.6,14.913013458251953
19.8,16.91284942626953
14.3,14.512394905090332
16.9,16.326438903808594
15.3,15.150023460388184
18.6,16.786624908447266
14.9,14.33631420135498
17.9,16.616586685180664
19.4,16.113441467285156
17.3,14.556151390075684
12.5,14.709447860717773
17.8,16.587064743041992
12.0,14.462934494018555
13.0,15.233766555786133
19.2,16.79206085205078
15.4,15.01923942565918
19.5,16.546340942382812
15.2,15.477660179138184
19.4,16.507108688354492
14.9,14.986455917358398
15.7,15.025872230529785
12.3,14.809682846069336
16.3,15.538032531738281
16.6,15.105740547180176
18.6,14.608536720275879
14.3,16.257532119750977
15.3,14.636320114135742
16.9,15.73090934753418
16.2,14.996607780456543
13.7,14.329751968383789
13.2,14.551345825195312
14.1,14.665386199951172
15.6,14.940736770629883
14.8,14.45441722869873
15.0,14.979708671569824
13.6,14.414345741271973
12.6,14.372036933898926
16.8,14.782328605651855
18.6,15.333833694458008
19.9,16.920433044433594
14.3,14.64306926727295
9.2,13.490018844604492
19.8,16.776073455810547
16.9,16.56378173828125
16.3,15.737235069274902
12.5,12.841511726379395
14.2,14.834994316101074
12.4,13.793987274169922
17.6,16.332544326782227
15.6,15.128689765930176
16.6,15.656102180480957
12.8,14.521943092346191
12.3,13.67231559753418
15.5,14.959818840026855
9.8,12.818265914916992
17.2,15.321510314941406
14.4,14.741255760192871
7.6,11.834763526916504
11.3,13.7681245803833
13.2,14.542675018310547
13.0,14.242887496948242
10.8,12.787296295166016
15.8,15.651381492614746
10.6,13.181805610656738
11.6,13.154391288757324
11.2,13.57229232788086
17.2,16.498781204223633
12.6,13.878092765808105
4.9,10.74125862121582
12.0,14.386900901794434
9.2,12.876367568969727
7.8,11.57925033569336
18.0,15.971728324890137
13.4,14.966636657714844
10.7,14.23776912689209
12.3,14.607866287231445
7.7,13.899600982666016
13.2,14.51903247833252
16.0,14.697894096374512
18.7,16.477645874023438
14.7,14.18394947052002
12.9,14.767926216125488
12.8,14.088508605957031
15.9,14.19045639038086
12.3,13.950458526611328
9.2,13.505236625671387
19.9,15.902201652526855
16.6,15.852059364318848
18.6,16.76168441772461
17.6,16.535106658935547
16.6,15.524065017700195
19.0,16.733566284179688
16.9,16.122726440429688
15.6,14.988141059875488
12.3,13.70999813079834
8.5,12.547048568725586
14.8,14.83358383178711
16.4,15.586282730102539
15.0,14.594199180603027
13.7,14.585336685180664
17.4,16.091569900512695
13.8,14.525510787963867
10.0,12.27281665802002
13.6,14.074846267700195
18.3,16.22269058227539
14.7,14.303995132446289
10.8,13.209420204162598
15.8,14.872734069824219
16.2,15.852845191955566
13.3,14.61508560180664
12.3,13.771875381469727
12.6,14.122807502746582
14.5,14.759397506713867
17.6,16.0037841796875
10.4,12.80355167388916
15.0,15.098821640014648
13.8,14.920036315917969
15.0,14.877671241760254
10.6,13.418094635009766
7.2,11.79511833190918
10.7,12.759726524353027
15.6,15.109148025512695
14.1,14.125758171081543
10.1,14.078534126281738
16.6,15.577001571655273
13.4,14.564505577087402
13.8,14.368010520935059
15.4,14.825495719909668
15.0,15.292067527770996
17.6,16.077238082885742
8.7,13.230377197265625
10.6,12.77537727355957
18.7,16.50615692138672
16.1,15.234332084655762
18.6,16.724760055541992
15.1,14.3803129196167
14.2,14.606156349182129
14.9,14.975171089172363
18.3,16.10750389099121
12.7,14.367915153503418
15.3,14.813072204589844
16.7,15.819299697875977
12.9,14.021751403808594
14.2,14.716875076293945
16.3,15.698027610778809
16.5,15.169086456298828
13.3,13.78343391418457
17.8,16.431734085083008
15.0,14.932123184204102
16.1,15.421923637390137
16.1,14.701529502868652
10.6,13.980667114257812
17.7,16.373449325561523
12.8,13.876713752746582
14.4,14.830512046813965
16.7,15.489153861999512
11.8,13.443120956420898
10.2,12.994623184204102
14.1,14.816197395324707
15.7,14.935944557189941
11.7,13.906115531921387
10.8,14.308984756469727
11.9,13.588133811950684
10.5,12.811497688293457
13.4,14.591976165771484
12.1,13.643012046813965
11.6,13.478765487670898
12.2,13.485780715942383
16.1,15.54247760772705
18.1,16.265228271484375
12.4,14.31812858581543
11.4,14.900142669677734
13.2,14.005847930908203
6.5,13.856719970703125
12.4,13.326425552368164
14.1,14.596759796142578
8.9,12.507955551147461
10.7,13.186860084533691
15.8,14.975279808044434
13.5,14.563294410705566
12.5,14.18174934387207
12.9,14.78818416595459
16.3,15.525891304016113
14.8,15.05240249633789
14.7,15.08017349243164
15.7,15.55965805053711
15.1,15.043210983276367
13.0,14.054539680480957
19.9,16.822004318237305
15.0,15.198772430419922
15.9,15.074545860290527
19.0,15.466682434082031
14.2,14.79034423828125
16.1,15.288999557495117
15.6,15.538080215454102
14.5,14.589265823364258
13.2,14.351496696472168
15.0,14.899520874023438
13.6,14.48508071899414
16.3,15.555074691772461
13.0,14.23449993133545
14.5,15.188668251037598
14.9,14.33950138092041
14.1,14.554025650024414
16.8,15.747871398925781
9.7,11.986654281616211
11.1,13.474441528320312
15.3,15.32861042022705
17.8,16.455406188964844
14.3,14.429556846618652
18.3,15.819718360900879
17.1,15.621810913085938
16.7,15.361824035644531
13.5,13.969308853149414
19.0,16.690610885620117
16.1,15.189040184020996
16.6,15.650727272033691
19.5,16.468297958374023
15.6,15.279973030090332
16.4,15.514259338378906
14.4,14.62764835357666
15.0,15.068411827087402
18.9,16.873912811279297
14.7,14.732229232788086
17.5,15.8231782913208
15.6,15.666111946105957
15.8,14.777201652526855
14.6,15.12338924407959
18.3,16.5423641204834
12.3,13.30798053741455
15.1,14.852981567382812
14.4,14.12086296081543
13.0,14.580857276916504
12.1,13.62343692779541
14.7,14.4097900390625
15.6,14.853721618652344
16.4,15.496443748474121
15.2,14.85330867767334
19.8,16.245620727539062
16.3,15.735219955444336
17.9,16.496017456054688
19.3,16.332374572753906
19.8,17.008432388305664
13.1,14.296808242797852
19.1,16.686138153076172
16.7,15.988526344299316
11.7,13.97897720336914
17.5,16.201183319091797
17.9,16.256799697875977
14.3,14.803285598754883
15.3,15.043327331542969
19.4,16.80409812927246
15.4,14.670347213745117
13.2,13.986991882324219
15.1,14.81450366973877
13.2,13.713740348815918
15.3,15.763023376464844
11.1,12.93746566772461
14.5,14.61962890625
12.1,13.715042114257812
16.3,15.68775463104248
11.2,13.525310516357422
13.4,14.125733375549316
13.6,13.966758728027344
13.5,14.028221130371094
13.0,13.904784202575684
15.1,15.05294418334961
15.9,15.072041511535645
15.6,15.337037086486816
11.1,13.487812042236328
18.6,16.44493865966797
11.2,13.839871406555176
10.5,13.097039222717285
10.3,14.244767189025879
14.5,14.262019157409668
11.8,13.861083030700684
16.2,15.299722671508789
13.8,14.863231658935547
15.5,14.91986083984375
15.4,14.989680290222168
17.0,15.770465850830078
12.8,13.94516372680664
13.6,14.905558586120605
18.6,16.608657836914062
15.7,14.947713851928711
15.2,15.501876831054688
15.2,14.65442180633545
18.7,16.123350143432617
18.1,15.75253677368164
12.7,14.372603416442871
13.3,14.297128677368164
13.1,14.922345161437988
18.0,16.426616668701172
19.1,16.77887535095215
15.1,15.124675750732422
18.0,16.340316772460938
14.2,14.565139770507812
15.8,15.025886535644531
14.4,14.475253105163574
15.5,14.986477851867676
8.6,12.094047546386719
17.4,16.30906105041504
18.5,16.585649490356445
15.8,14.931767463684082
19.2,16.629091262817383
13.1,14.495100021362305
15.6,15.31380844116211
15.5,15.578343391418457
13.0,14.018248558044434
15.5,14.566402435302734
13.9,15.110177040100098
15.7,14.750953674316406
19.8,15.661285400390625
12.9,15.251605033874512
14.4,14.480775833129883
7.5,11.52207088470459
17.9,15.948095321655273
19.4,16.477195739746094
13.3,14.06386661529541
10.4,13.14434814453125
10.1,13.839862823486328
13.6,14.680267333984375
13.4,14.523429870605469
16.5,15.50898551940918
16.1,15.095458984375
19.6,16.664403915405273
10.9,13.622264862060547
16.9,15.946573257446289
16.4,15.543109893798828
15.4,15.728577613830566
19.3,16.680301666259766
11.2,13.412014961242676
11.8,13.914811134338379
16.7,15.605157852172852
15.8,14.85072135925293
16.5,14.829615592956543
12.8,14.073251724243164
16.1,15.468218803405762
17.0,16.067317962646484
16.6,15.511446952819824
19.0,16.331501007080078
17.4,15.72921085357666
15.3,15.254437446594238
18.9,15.318559646606445
13.3,14.205448150634766
13.9,15.130009651184082
15.5,15.188382148742676
15.9,15.231226921081543
18.7,16.419681549072266
14.9,15.150237083435059
13.6,15.029675483703613
13.0,14.25163459777832
19.3,16.63779640197754
14.8,14.453322410583496
15.4,14.8222017288208
13.9,14.557790756225586
17.8,16.162063598632812
9.1,12.476734161376953
15.3,15.651448249816895
13.3,14.176492691040039
16.0,15.43848991394043
16.3,15.354368209838867
16.2,15.232644081115723
15.5,15.515029907226562
14.7,15.207686424255371
16.0,15.351853370666504
15.9,15.535966873168945
19.5,16.60624885559082
16.1,15.604179382324219
12.8,14.110679626464844
17.4,16.16482925415039
16.6,15.844517707824707
18.2,16.298431396484375
15.2,14.62288761138916
13.2,14.650398254394531
12.4,14.143898963928223
14.2,14.428818702697754
10.8,13.860757827758789
17.2,16.095294952392578
13.7,14.290188789367676
16.7,15.732267379760742
17.9,16.119670867919922
14.0,14.216254234313965
16.1,14.85953140258789
13.5,14.531679153442383
17.1,15.515006065368652
19.1,16.622766494750977
15.7,15.17088794708252
19.7,16.85535430908203
14.4,14.711115837097168
12.9,13.7853422164917
16.9,16.098051071166992
15.5,15.649738311767578
12.6,13.644607543945312
12.8,13.714754104614258
13.7,14.132464408874512
15.3,14.844278335571289
13.4,14.455477714538574
17.5,15.628625869750977
16.8,15.57689094543457
17.5,16.324113845825195
18.7,16.637248992919922
15.9,14.83167552947998
12.9,13.628171920776367
18.4,16.594589233398438
19.5,16.65993309020996
16.9,15.668278694152832
13.4,14.097322463989258
14.5,14.55219554901123
13.1,14.0020112991333
14.5,14.375758171081543
9.0,12.005260467529297
16.3,15.794206619262695
14.1,14.992841720581055
16.2,15.405773162841797
9.8,13.380596160888672
13.2,14.192538261413574
15.6,15.776346206665039
15.7,15.397085189819336
16.0,15.097892761230469
15.9,15.170921325683594
13.9,14.111855506896973
15.2,15.036048889160156
12.4,14.066527366638184
13.6,14.459317207336426
13.7,14.514580726623535
14.1,14.511676788330078
17.8,15.796180725097656
14.7,14.666537284851074
13.4,14.872039794921875
15.7,14.87643051147461
16.0,15.139678001403809
11.8,13.402905464172363
14.7,14.64383316040039
12.2,13.442075729370117
16.9,15.367758750915527
13.7,14.37662124633789
17.2,16.32146453857422
15.8,15.34058666229248
14.2,14.635984420776367
18.9,16.612346649169922
14.6,15.164669036865234
18.2,16.67170524597168
11.0,12.956541061401367
14.6,14.98664665222168
14.8,14.854063034057617
14.9,15.105730056762695
16.6,15.611897468566895
18.8,16.807096481323242
15.0,14.989633560180664
14.6,14.826725006103516
17.8,16.540128707885742
15.1,14.892621994018555
17.9,15.95213508605957
14.5,15.017549514770508
15.1,14.712151527404785
14.4,14.36141300201416
18.3,16.664112091064453
17.4,15.51601791381836
15.1,14.879615783691406
13.8,14.63651180267334
15.4,15.176227569580078
17.8,16.503711700439453
17.7,16.085813522338867
17.7,16.08860969543457
15.6,14.805769920349121
14.6,14.617911338806152
15.6,15.490588188171387
16.6,15.80007266998291
15.9,15.613750457763672
15.6,15.0908784866333
15.8,15.153172492980957
15.6,14.07270336151123
15.4,14.788948059082031
15.2,14.644843101501465
14.3,14.516082763671875
18.5,16.356922149658203
16.2,15.230810165405273
15.0,14.858521461486816
14.1,14.30073356628418
14.1,14.581083297729492
13.5,13.915703773498535
16.6,15.670949935913086
16.3,15.167953491210938
17.8,15.98649787902832
17.3,16.036766052246094
18.1,16.108552932739258
13.9,14.058326721191406
19.4,16.601058959960938
13.9,13.212681770324707
14.8,14.650764465332031
13.0,14.380529403686523
18.3,16.10726547241211
16.3,15.3241605758667
12.7,14.459936141967773
18.2,16.667882919311523
11.3,13.292522430419922
18.4,16.286027908325195
17.2,15.872260093688965
17.4,14.627664566040039
14.5,14.769904136657715
15.6,14.725431442260742
14.9,15.257675170898438
15.6,15.040396690368652
15.8,15.260647773742676
14.9,14.688413619995117
13.7,14.425305366516113
16.4,15.156612396240234
14.7,15.177023887634277
15.8,15.099308013916016
13.2,14.16524887084961
15.7,15.307231903076172
14.4,14.396707534790039
18.2,16.58392333984375
15.8,15.646979331970215
18.5,15.918025970458984
14.9,15.219923973083496
14.2,13.048267364501953
10.5,13.380414962768555
17.8,15.858205795288086
19.2,16.577165603637695
16.5,15.640495300292969
14.0,14.79958438873291
14.1,14.239900588989258
17.1,16.259065628051758
15.5,15.538743019104004
16.5,15.186388969421387
16.4,15.849139213562012
19.5,16.814720153808594
19.7,16.750640869140625
18.5,16.452960968017578
17.7,16.353633880615234
17.5,15.748313903808594
17.8,15.918776512145996
15.0,15.086904525756836
16.6,15.779779434204102
15.8,15.088020324707031
15.4,15.08624267578125
13.6,14.024539947509766
16.0,15.429255485534668
17.7,16.328697204589844
15.4,15.005126953125
16.6,15.396893501281738
14.3,14.585395812988281
19.7,16.693565368652344
13.6,14.84035873413086
10.2,13.83869743347168
11.7,14.507405281066895
13.4,14.234993934631348
15.0,15.191919326782227
8.4,11.935675621032715
14.1,15.27791690826416
15.3,15.58615493774414
18.0,15.464964866638184
17.7,16.236026763916016
14.9,14.816478729248047
17.2,15.873796463012695
12.1,13.672795295715332
15.4,14.495232582092285
18.3,16.47645378112793
12.3,14.885993003845215
15.5,14.881129264831543
18.4,16.834781646728516
16.1,15.217574119567871
15.4,15.149821281433105
11.1,14.693238258361816
10.9,13.410545349121094
17.1,15.681777954101562
15.1,14.92318344116211
14.7,15.139513969421387
14.2,14.616612434387207
16.3,15.631488800048828
16.9,15.661072731018066
14.9,14.75581169128418
18.1,15.914639472961426
18.4,16.742372512817383
15.8,15.024567604064941
14.4,14.641345024108887
8.0,12.599006652832031
15.4,14.532344818115234
19.6,16.579816818237305
18.1,16.461833953857422
18.7,16.49355697631836
19.5,16.63030242919922
16.0,15.793237686157227
16.3,15.530988693237305
15.6,15.12369155883789
15.1,15.152640342712402
16.3,15.249842643737793
15.4,15.61687183380127
15.4,15.201545715332031
12.3,13.615428924560547
13.5,14.766501426696777
15.6,14.897401809692383
15.4,15.112430572509766
15.5,14.781111717224121
15.3,14.977445602416992
17.3,14.762056350708008
15.6,15.053508758544922
14.1,14.218082427978516
16.7,15.35978889465332
16.4,16.224191665649414
18.1,15.863059997558594
9.2,14.747892379760742
14.6,14.76572036743164
16.2,15.718307495117188
12.3,13.943592071533203
12.8,14.006585121154785
16.1,15.417057991027832
14.0,14.51097297668457
14.7,14.939922332763672
15.1,15.298087120056152
16.4,15.56861686706543
14.3,14.329628944396973
13.2,14.421724319458008
15.2,15.15530776977539
13.3,14.065964698791504
14.0,15.103944778442383
13.5,14.273906707763672
14.6,15.045333862304688
17.7,15.914319038391113
15.1,14.800692558288574
16.4,15.612613677978516
16.3,15.170833587646484
15.3,15.038114547729492
15.9,15.475069046020508
14.2,14.881404876708984
16.2,15.151793479919434
17.9,15.29920768737793
10.7,14.165933609008789
17.2,16.12272071838379
14.8,14.977873802185059
11.9,13.589150428771973
18.4,15.664643287658691
16.0,15.188220977783203
15.4,15.164826393127441
15.0,15.051033973693848
15.9,16.072908401489258
15.7,15.025211334228516
14.6,14.597869873046875
14.7,14.828621864318848
18.2,16.22648811340332
14.2,14.37290096282959
15.4,14.927497863769531
19.5,16.70363426208496
13.1,14.03963851928711
16.1,15.354521751403809
11.9,13.542268753051758
9.7,11.804627418518066
15.5,15.210137367248535
17.2,15.30656909942627
14.7,15.012737274169922
16.3,15.473580360412598
14.9,14.995293617248535
13.6,13.677868843078613
14.4,15.231348991394043
18.5,16.161813735961914
15.9,14.854981422424316
14.8,15.099176406860352
15.0,14.532455444335938
13.6,14.562734603881836
17.1,15.809864044189453
12.7,13.906227111816406
13.6,14.35245132446289
16.4,15.58980655670166
14.5,14.993807792663574
15.0,14.677725791931152
15.5,15.630189895629883
13.3,14.72304916381836
16.1,15.298247337341309
15.7,15.250357627868652
18.2,16.601295471191406
11.3,13.406463623046875
17.9,16.66559600830078
15.6,14.921000480651855
15.3,14.87554931640625
14.9,14.737632751464844
14.1,14.462146759033203
16.2,15.59206771850586
9.6,12.158788681030273
14.7,14.737900733947754
13.9,14.436959266662598
14.5,14.7404203414917
14.8,15.295453071594238
11.2,13.288782119750977
13.1,14.376893043518066
15.5,15.438344955444336
16.4,15.473379135131836
14.3,14.672844886779785
15.3,14.558506965637207
14.0,14.786622047424316
15.9,15.065472602844238
13.7,13.750128746032715
14.2,14.465285301208496
15.6,15.166563987731934
15.2,15.14479923248291
16.1,15.68179702758789
13.7,14.253231048583984
16.1,15.47256851196289
15.8,15.103102684020996
15.7,15.025679588317871
14.8,14.662659645080566
14.0,14.605071067810059
12.2,13.887011528015137
14.3,14.662217140197754
15.8,14.991022109985352
15.7,15.761521339416504
15.3,14.924036979675293
18.5,16.16761589050293
19.2,16.70110511779785
19.0,16.770645141601562
17.7,16.036495208740234
16.6,15.257278442382812
17.1,15.714093208312988
15.0,14.63986873626709
15.2,14.772570610046387
15.3,15.031722068786621
13.7,14.092143058776855
10.0,12.963521003723145
16.5,16.019556045532227
17.1,15.833953857421875
16.0,15.328216552734375
16.4,15.53385066986084
13.4,14.364108085632324
18.5,16.485925674438477
15.2,15.286532402038574
17.0,16.214122772216797
17.9,16.39943504333496
15.9,15.153604507446289
15.6,14.954607963562012
16.0,15.639517784118652
15.8,15.503841400146484
15.1,14.838945388793945
14.5,14.710639953613281
18.9,17.002708435058594
9.0,12.232647895812988
10.5,13.083050727844238
12.9,14.002900123596191
16.3,15.992013931274414
14.3,14.164308547973633
14.9,15.077540397644043
17.5,16.297164916992188
18.0,16.463829040527344
12.8,14.0634126663208
16.1,14.859166145324707
18.3,16.245838165283203
15.6,15.257923126220703
16.3,15.713712692260742
16.0,15.600700378417969
16.7,16.0863037109375
18.3,16.39961814880371
14.5,14.99283504486084
12.1,13.530364036560059
18.0,16.677343368530273
6.5,12.473371505737305
18.4,16.739654541015625
16.2,15.588040351867676
15.5,15.364303588867188
17.2,15.928986549377441
18.4,16.549951553344727
15.3,15.297883033752441
15.8,15.09414291381836
15.3,14.761969566345215
12.6,14.231492042541504
18.1,15.835758209228516
12.8,13.546092987060547
18.9,16.043655395507812
17.2,16.048107147216797
16.5,15.734512329101562
16.9,15.551783561706543
10.5,12.98705005645752
14.1,14.166879653930664
16.4,15.5646333694458
19.4,16.88260841369629
12.1,13.369244575500488
15.5,14.906521797180176
14.7,14.541892051696777
17.1,16.172239303588867
15.8,15.49870777130127
12.4,13.711570739746094
14.9,14.913948059082031
14.8,15.544976234436035
12.5,13.549602508544922
15.8,15.16842269897461
15.6,13.7438383102417
15.6,15.56723403930664
16.1,15.678057670593262
15.8,15.737733840942383
16.1,15.702587127685547
17.9,15.356217384338379
17.1,15.950045585632324
18.5,16.704654693603516
16.6,15.660661697387695
19.2,16.652751922607422
15.2,15.056031227111816
15.2,14.511167526245117
11.9,13.571629524230957
16.4,15.849997520446777
14.3,15.081110000610352
12.6,13.425762176513672
16.3,15.881379127502441
15.6,15.120407104492188
16.7,16.053815841674805
9.1,14.796076774597168
15.5,14.75957202911377
17.0,16.0200252532959
14.6,14.71204948425293
14.0,15.399286270141602
15.6,15.035040855407715
11.7,13.915609359741211
13.4,14.289896011352539
17.3,16.136547088623047
15.1,14.872763633728027
15.6,15.098969459533691
17.0,15.821525573730469
15.5,15.696245193481445
15.5,14.951868057250977
16.0,15.536206245422363
9.5,12.694209098815918
16.2,15.531092643737793
15.4,15.1115140914917
16.2,15.805465698242188
14.6,15.064801216125488
15.0,15.180774688720703
14.5,14.409061431884766
17.8,16.61470603942871
14.9,14.9523344039917
13.9,14.902039527893066
8.3,12.218276023864746
16.5,15.872495651245117
15.2,14.786087989807129
17.1,15.780585289001465
16.5,15.715912818908691
17.2,15.826350212097168
15.5,12.947869300842285
14.9,14.84948444366455
17.9,16.175783157348633
12.6,13.680109977722168
16.5,15.372701644897461
16.9,15.735182762145996
16.8,16.049684524536133
17.9,16.329994201660156
13.7,14.150826454162598
17.3,15.755756378173828
16.2,15.532230377197266
17.4,15.90621566772461
17.2,15.999507904052734
10.3,14.463521003723145
14.9,15.100187301635742
18.3,16.679115295410156
14.5,15.317380905151367
12.3,13.553977012634277
18.8,16.422561645507812
15.2,15.737643241882324
16.5,15.474263191223145
13.3,13.569795608520508
17.2,16.09897804260254
15.8,15.167582511901855
16.8,16.027751922607422
16.7,16.085886001586914
14.8,15.391207695007324
12.1,13.932717323303223
13.9,14.23940372467041
14.4,14.454391479492188
17.3,16.09395408630371
17.2,15.89112663269043
14.7,15.086873054504395
14.0,14.128323554992676
13.5,14.369428634643555
19.1,16.774791717529297
15.7,15.291240692138672
17.1,16.049009323120117
18.7,16.203168869018555
15.4,15.149131774902344
14.8,14.896718978881836
16.1,15.529595375061035
17.7,16.28272247314453
15.8,15.171807289123535
12.4,13.891657829284668
13.1,14.025959014892578
17.2,16.45325469970703
11.7,13.739115715026855
17.2,15.875581741333008
16.9,15.824414253234863
16.9,15.635774612426758
14.5,14.491443634033203
16.1,14.609260559082031
10.5,13.746552467346191
18.1,16.51847267150879
17.0,15.850125312805176
15.8,15.370299339294434
14.5,14.320816993713379
16.0,15.14333724975586
14.6,14.724010467529297
15.9,15.137516021728516
17.2,15.738572120666504
15.5,15.461234092712402
13.9,14.036109924316406
14.3,14.677776336669922
14.0,14.240941047668457
15.1,15.38853931427002
14.6,15.107641220092773
18.6,16.275962829589844
15.9,15.338462829589844
15.0,15.150538444519043
18.1,16.49184799194336
14.6,15.188129425048828
13.2,14.82194995880127
18.2,16.097145080566406
12.9,13.783379554748535
13.9,14.803466796875
19.7,16.763587951660156
13.8,13.904696464538574
16.1,15.412347793579102
19.2,15.410139083862305
14.8,15.134142875671387
13.2,14.23324966430664
18.0,16.265792846679688
16.0,15.495264053344727
12.3,13.647513389587402
15.7,14.73530101776123
16.5,15.53562068939209
18.2,15.440760612487793
10.3,13.296525955200195
13.0,14.54183578491211
14.8,14.86801528930664
18.7,16.478866577148438
12.5,14.574396133422852
14.4,14.837202072143555
14.8,14.886751174926758
14.7,14.869136810302734
14.9,14.728314399719238
11.8,14.020378112792969
14.5,14.470709800720215
13.5,14.102387428283691
16.7,15.554787635803223
16.0,15.560890197753906
15.9,15.7077054977417
16.2,15.645611763000488
16.9,16.157495498657227
17.6,16.16326332092285
13.3,14.254347801208496
15.6,15.109193801879883
13.7,14.595548629760742
19.3,16.738971710205078
19.2,16.622066497802734
14.1,15.260894775390625
13.3,13.439038276672363
19.1,16.559785842895508
19.1,16.82581329345703
14.7,14.806340217590332
13.1,13.759515762329102
16.4,15.459281921386719
16.0,15.149762153625488
13.9,14.70740032196045
14.8,14.884106636047363
13.6,14.049546241760254
16.7,15.594786643981934
15.9,15.003945350646973
15.4,14.409154891967773
15.6,14.921377182006836
15.5,15.076153755187988
18.5,16.530210494995117
14.6,14.731122016906738
16.5,15.625542640686035
16.6,15.930534362792969
8.0,12.561224937438965
17.2,16.132915496826172
13.7,14.251317024230957
14.1,14.228475570678711
13.5,14.494220733642578
16.3,14.675334930419922
18.0,15.250288009643555
17.0,16.184110641479492
16.4,15.642653465270996
16.1,15.159233093261719
16.4,15.553475379943848
14.9,14.541240692138672
14.2,14.579957008361816
15.1,14.682353019714355
16.7,16.002099990844727
9.6,13.254594802856445
14.3,14.785868644714355
14.7,14.55974006652832
14.2,14.269721984863281
11.2,14.052581787109375
15.4,15.335519790649414
14.4,14.894240379333496
18.6,16.75372886657715
14.7,15.123994827270508
19.2,17.01166534423828
10.8,11.853885650634766
16.1,15.516181945800781
15.1,14.816609382629395
6.3,11.868160247802734
15.5,14.903425216674805
19.5,16.842018127441406
15.0,14.769987106323242
17.2,16.011444091796875
14.6,14.940181732177734
14.1,14.074019432067871
11.8,14.130538940429688
12.2,13.865265846252441
19.5,16.138622283935547
15.4,15.610112190246582
17.0,15.1884126663208
15.6,15.0576810836792
16.2,15.50107479095459
17.0,15.720487594604492
16.1,15.304038047790527
14.6,14.279769897460938
19.1,16.794153213500977
18.9,16.137819290161133
17.5,16.041627883911133
15.8,15.193169593811035
19.4,15.848892211914062
13.7,14.604966163635254
12.3,14.193635940551758
8.6,11.102153778076172
15.4,14.72314739227295
19.3,16.178863525390625
19.3,16.318836212158203
14.2,14.41511058807373
12.0,14.012438774108887
19.7,16.280776977539062
15.8,15.190961837768555
16.3,15.094890594482422
15.5,14.836162567138672
15.6,15.605966567993164
15.2,14.361180305480957
14.8,14.634066581726074
15.5,15.146389961242676
10.8,13.593002319335938
15.1,15.497443199157715
15.5,14.781332015991211
13.3,13.826354026794434
14.4,14.626211166381836
17.5,16.110992431640625
14.6,14.757633209228516
10.8,13.683032035827637
17.7,16.393051147460938
15.7,15.56039810180664
16.0,16.06165313720703
14.3,14.762832641601562
16.1,15.556477546691895
7.3,13.460103034973145
9.0,11.871063232421875
13.3,14.333065032958984
15.6,15.391921043395996
14.6,14.82827377319336
13.3,14.1027193069458
11.3,13.026058197021484
19.2,16.237812042236328
15.5,15.538797378540039
15.5,15.437331199645996
13.4,14.168486595153809
13.4,14.31340503692627
16.9,14.93606948852539
13.1,13.76778507232666
14.7,14.723572731018066
11.1,13.448516845703125
15.2,15.086594581604004
13.9,14.050385475158691
13.0,14.43015193939209
14.1,13.994349479675293
15.6,15.034972190856934
11.7,13.949466705322266
16.0,15.58702278137207
12.5,13.98758316040039
15.5,14.964681625366211
16.3,15.498055458068848
13.3,13.368186950683594
9.8,12.163946151733398
14.8,15.188220977783203
14.1,14.592495918273926
13.8,14.278693199157715
11.3,13.37083625793457
12.9,14.195931434631348
14.6,15.143071174621582
16.3,15.639798164367676
14.8,14.768779754638672
11.1,13.79980754852295
15.9,15.16810131072998
17.1,15.403437614440918
15.0,14.820383071899414
14.0,14.37452507019043
17.8,15.881372451782227
15.6,15.011570930480957
8.9,12.922104835510254
14.1,14.663344383239746
15.2,14.965123176574707
10.7,13.299201011657715
15.5,15.594095230102539
14.0,14.530986785888672
9.5,14.320960998535156
13.4,14.82353401184082
15.2,15.122462272644043
15.6,15.35427474975586
10.3,14.943988800048828
15.1,14.781844139099121
12.2,13.57617473602295
8.6,13.22153377532959
13.5,14.513036727905273
18.9,16.502038955688477
13.6,14.052434921264648
14.6,14.722341537475586
15.7,14.80141544342041
9.3,13.372747421264648
15.6,15.095305442810059
16.8,15.743988990783691
14.9,14.946041107177734
19.3,16.731191635131836
12.5,13.999813079833984
16.6,15.599603652954102
14.9,14.637676239013672
12.2,14.248909950256348
18.0,16.178586959838867
14.6,15.0748929977417
16.3,15.058425903320312
15.6,14.912514686584473
14.5,14.260586738586426
15.2,14.938349723815918
11.9,15.243583679199219
12.7,14.01121711730957
17.1,15.767066955566406
16.6,15.63733196258545
14.6,14.37165641784668
16.1,15.148656845092773
14.1,15.17701244354248
15.3,14.718365669250488
14.5,15.179228782653809
18.7,16.860563278198242
9.1,12.840156555175781
17.9,16.186861038208008
13.6,14.463183403015137
15.3,15.231583595275879
15.8,14.874726295471191
16.8,15.295354843139648
8.6,11.070771217346191
16.2,15.164677619934082
13.6,14.048660278320312
19.2,16.525310516357422
16.4,15.1857328414917
14.5,14.683046340942383
15.7,14.932792663574219
14.8,15.053956985473633
13.0,14.116476058959961
14.9,14.690103530883789
15.8,15.326974868774414
18.7,16.6372013092041
15.3,14.739757537841797
14.6,14.609334945678711
14.6,14.724515914916992
18.2,16.022785186767578
13.0,13.77880859375
14.8,14.777968406677246
14.0,14.48490047454834
17.2,15.963289260864258
13.6,13.668498992919922
14.4,14.537632942199707
13.1,14.12657356262207
16.9,15.623519897460938
15.1,14.980183601379395
11.0,13.266500473022461
13.1,13.996920585632324
16.2,15.630256652832031
15.9,15.245307922363281
14.7,15.234522819519043
13.7,14.062867164611816
15.7,15.271809577941895
15.1,14.54198932647705
14.9,14.901697158813477
15.0,14.893914222717285
15.3,15.476301193237305
15.0,14.486846923828125
14.2,14.409668922424316
7.0,11.708230972290039
11.1,13.865824699401855
15.8,15.122724533081055
14.3,14.724566459655762
15.0,14.744396209716797
15.0,15.435084342956543
17.4,15.423060417175293
13.5,13.778732299804688
13.8,14.186301231384277
13.2,14.486248016357422
12.4,13.798279762268066
16.0,15.309436798095703
13.5,14.228521347045898
15.0,15.076298713684082
12.6,13.701330184936523
14.6,14.362238883972168
14.6,14.955551147460938
8.2,12.281740188598633
17.8,16.164201736450195
8.5,13.202681541442871
16.0,15.039588928222656
10.8,12.742667198181152
13.7,14.358467102050781
13.3,14.278319358825684
15.3,14.83219051361084
16.5,15.822620391845703
14.8,14.958073616027832
12.4,13.702827453613281
15.1,14.746801376342773
15.5,14.992877006530762
12.9,14.010245323181152
14.6,14.435529708862305
12.8,13.617937088012695
14.4,14.953885078430176
15.0,14.885154724121094
12.2,14.146092414855957
17.1,16.882905960083008
11.6,14.073801040649414
15.9,15.551413536071777
14.5,14.832659721374512
17.5,14.779304504394531
19.6,16.9676570892334
18.3,16.661256790161133
10.9,13.009934425354004
18.0,16.41145133972168
10.2,13.65690803527832
15.5,15.270543098449707
8.1,14.277522087097168
15.9,15.068643569946289
13.4,14.2515230178833
14.1,14.45669937133789
19.5,14.72500228881836
17.9,15.021712303161621
12.1,13.583412170410156
14.2,14.445329666137695
8.9,12.191373825073242
12.9,14.141376495361328
12.4,14.433954238891602
13.8,14.98870849609375
17.7,16.133255004882812
15.5,15.297348022460938
13.0,13.935139656066895
19.3,16.856788635253906
16.6,15.606077194213867
16.0,15.125645637512207
15.1,15.131367683410645
16.3,15.997025489807129
15.2,14.672083854675293
15.5,15.490584373474121
12.6,13.536483764648438
16.1,14.057531356811523
13.5,13.990100860595703
15.3,15.159136772155762
14.4,14.610481262207031
19.8,16.38435173034668
17.0,15.563155174255371
14.2,14.471550941467285
15.1,15.252923011779785
17.7,15.995233535766602
18.0,16.777828216552734
13.2,14.142584800720215
16.2,15.654038429260254
15.4,14.858642578125
14.5,14.795296669006348
16.7,15.926047325134277
9.2,11.073969841003418
16.5,15.77737045288086
18.3,16.48584747314453
16.7,16.072025299072266
16.9,14.995003700256348
17.5,15.143131256103516
14.4,14.983741760253906
13.6,14.359074592590332
15.5,13.954700469970703
13.5,13.860101699829102
12.9,14.748308181762695
19.9,16.806087493896484
19.8,16.835023880004883
14.4,14.465449333190918
12.1,13.674982070922852
12.0,14.168334007263184
14.2,14.714763641357422
19.0,16.54718780517578
18.1,16.261343002319336
14.7,14.843890190124512
17.1,16.372295379638672
12.8,13.672003746032715
13.8,14.357209205627441
10.1,13.425360679626465
14.3,14.359130859375
15.2,14.785554885864258
15.3,14.883567810058594
10.2,12.975013732910156
14.3,14.504582405090332
15.3,14.933423042297363
17.4,15.576896667480469
18.3,16.427095413208008
16.3,14.212368965148926
18.2,16.461326599121094
17.6,15.791481971740723
13.2,13.565783500671387
12.8,13.706584930419922
16.5,15.127717971801758
14.6,14.656558990478516
16.0,15.83975601196289
14.9,14.585952758789062
10.1,13.138154029846191
15.4,15.498579978942871
14.5,14.5662260055542
19.4,16.958606719970703
13.6,14.604036331176758
18.0,15.589601516723633
14.5,14.593502044677734
15.7,15.044742584228516
17.6,15.74055004119873
14.9,14.610570907592773
13.2,13.888517379760742
18.5,16.84823989868164
12.4,13.857016563415527
10.4,12.929774284362793
14.8,15.140403747558594
16.7,15.386323928833008
15.4,14.110053062438965
10.2,13.335607528686523
16.6,16.115114212036133
16.6,16.331443786621094
5.6,10.789436340332031
16.2,15.559515953063965
16.3,15.226812362670898
16.2,14.898421287536621
15.2,14.807501792907715
6.8,12.640809059143066
18.2,16.079282760620117
15.0,14.86385726928711
14.9,14.729524612426758
15.6,15.076545715332031
14.9,15.126943588256836
13.2,14.445222854614258
13.1,14.756593704223633
13.4,13.961071968078613
18.5,16.212831497192383
14.7,14.481941223144531
15.0,14.240074157714844
18.2,16.04787826538086
15.1,14.626871109008789
14.9,14.868401527404785
18.4,16.38686752319336
15.3,15.730575561523438
15.4,15.08596134185791
6.7,12.335250854492188
15.2,14.490894317626953
19.5,15.766351699829102
14.5,15.023425102233887
15.6,15.074545860290527
15.0,15.04883861541748
14.8,14.511932373046875
13.9,14.838403701782227
15.4,14.876977920532227
15.1,15.070250511169434
19.3,15.389607429504395
8.7,13.696436882019043
13.9,14.572894096374512
14.4,14.995748519897461
18.8,15.242777824401855
18.4,15.923264503479004
18.9,16.400794982910156
11.1,13.13493824005127
13.8,14.060641288757324
16.8,15.646890640258789
19.9,16.677913665771484
19.7,16.89256477355957
17.5,15.347710609436035
15.1,14.891708374023438
12.2,13.821627616882324
17.3,15.574784278869629
13.0,14.16728687286377
12.3,13.379766464233398
19.7,16.789133071899414
15.7,15.127298355102539
16.9,15.731354713439941
15.1,15.144326210021973
17.2,14.89007568359375
13.9,15.059978485107422
10.7,12.675708770751953
15.5,14.73687744140625
15.8,14.875130653381348
17.2,15.021890640258789
18.6,16.24321746826172
15.2,15.146590232849121
17.1,15.227319717407227
13.0,13.985932350158691
16.5,15.430166244506836
13.1,14.2908353805542
14.0,14.415135383605957
19.8,16.807449340820312
19.4,17.001522064208984
12.9,15.011031150817871
16.4,15.470423698425293
19.7,16.7600040435791
13.5,14.305841445922852
15.7,14.933744430541992
15.3,15.09622859954834
15.3,15.475666046142578
13.7,14.3434419631958
14.7,14.900114059448242
15.3,15.28886890411377
15.6,15.179505348205566
15.4,14.668962478637695
15.2,15.062019348144531
13.1,13.62945556640625
16.8,15.288859367370605
15.2,15.514545440673828
15.6,15.212603569030762
17.6,16.140869140625
15.6,15.117140769958496
14.6,14.802957534790039
15.5,15.164678573608398
14.2,14.378741264343262
15.4,14.739699363708496
13.2,14.573988914489746
15.6,15.458465576171875
15.1,15.230035781860352
14.8,14.95323657989502
15.3,15.172063827514648
13.0,13.961311340332031
18.8,16.596853256225586
17.4,16.269235610961914
18.6,16.9476261138916
15.1,14.897747993469238
17.6,16.38973045349121
14.8,14.926932334899902
9.9,13.12286376953125
15.8,15.124068260192871
19.4,16.94757652282715
15.3,15.219625473022461
15.6,14.948712348937988
14.4,15.330541610717773
16.6,15.637290954589844
15.4,14.8433837890625
15.1,14.653928756713867
16.1,15.07723331451416
14.4,14.808754920959473
15.8,15.225830078125
13.7,14.345056533813477
12.9,14.168341636657715
13.1,14.56450366973877
13.7,14.363941192626953
4.7,11.147478103637695
15.3,14.830306053161621
14.5,14.71864128112793
13.2,14.510400772094727
14.1,14.183465957641602
10.4,13.48666000366211
17.1,16.066999435424805
14.9,14.762917518615723
17.9,15.894516944885254
13.4,13.827672004699707
13.0,14.674909591674805
19.5,15.788997650146484
16.4,15.051229476928711
15.0,15.039670944213867
18.7,15.120247840881348
15.7,15.167418479919434
19.0,16.851905822753906
18.9,16.975006103515625
15.1,14.590198516845703
13.9,14.689915657043457
11.1,13.851912498474121
14.0,14.657082557678223
19.0,16.791040420532227
15.5,15.167263984680176
19.9,16.820463180541992
13.0,13.701210021972656
9.9,13.886959075927734
17.3,16.4787654876709
17.4,14.957287788391113
15.7,15.02669906616211
14.9,14.634936332702637
13.9,13.391756057739258
9.4,12.831192016601562
16.3,15.121125221252441
12.4,14.106583595275879
16.5,14.846083641052246
12.6,14.176543235778809
14.4,14.672243118286133
12.9,14.300774574279785
14.6,14.72370719909668
14.5,14.705949783325195
15.8,15.228649139404297
13.1,14.006975173950195
13.7,13.958468437194824
11.3,13.552734375
16.2,15.974045753479004
15.6,15.803470611572266
16.8,15.614752769470215
15.2,14.805438041687012
15.6,14.918388366699219
15.5,14.924168586730957
17.3,16.54692840576172
14.9,14.554262161254883
14.4,15.16517162322998
14.5,14.915660858154297
17.2,15.468716621398926
18.5,16.71388053894043
11.7,14.642655372619629
6.9,10.799610137939453
11.3,13.487051963806152
6.1,12.73432445526123
14.5,14.647531509399414
16.6,15.309460639953613
11.9,14.194803237915039
18.4,16.772045135498047
16.2,15.0941162109375
11.2,13.214332580566406
14.6,14.558853149414062
14.9,14.811902046203613
15.6,15.363594055175781
16.9,16.14113426208496
16.0,15.25585651397705
15.6,15.013465881347656
12.0,13.948585510253906
15.4,14.498343467712402
19.1,16.868087768554688
18.5,16.85580825805664
15.7,15.220743179321289
11.8,13.950510025024414
14.0,14.270846366882324
19.7,16.864301681518555
13.1,14.689085960388184
15.3,14.698661804199219
14.5,14.742388725280762
11.3,14.339620590209961
15.7,14.925589561462402
12.7,13.464707374572754
11.4,13.514392852783203
18.4,15.75355339050293
14.7,14.912063598632812
15.6,15.167418479919434
10.8,13.428237915039062
11.4,13.6804780960083
15.7,14.994930267333984
15.1,14.76582145690918
14.6,14.31962776184082
17.8,16.359745025634766
13.1,14.128556251525879
14.6,14.82610034942627
12.5,14.112224578857422
15.3,14.79238510131836
11.5,13.083815574645996
15.4,15.106459617614746
15.3,14.763754844665527
6.2,13.436951637268066
17.0,15.204148292541504
10.7,13.459887504577637
17.2,16.56185531616211
12.8,13.824214935302734
18.2,16.68985366821289
16.2,16.07842254638672
12.2,14.276708602905273
16.0,15.041913032531738
14.5,14.959508895874023
13.7,13.854634284973145
14.3,14.370296478271484
9.1,12.10803508758545
15.3,14.936200141906738
14.4,14.218400955200195
16.4,15.458298683166504
12.2,13.968392372131348
15.1,14.758766174316406
6.7,13.262803077697754
12.2,14.268304824829102
8.6,12.165007591247559
16.3,15.23772144317627
13.9,14.305464744567871
14.7,14.525092124938965
16.6,15.495692253112793
11.9,14.273408889770508
15.6,14.872610092163086
13.6,14.467653274536133
15.4,15.092649459838867
14.1,14.50934886932373
16.8,15.632902145385742
19.5,16.783952713012695
19.2,16.763408660888672
14.4,14.840319633483887
13.3,14.408432006835938
15.8,15.22653579711914
14.8,15.696454048156738
14.8,14.262311935424805
16.1,15.565215110778809
12.4,14.09876823425293
10.9,13.44569206237793
15.4,16.17459487915039
12.9,13.856203079223633
18.8,16.71115493774414
11.9,13.4587984085083
13.4,13.79189682006836
12.0,13.557724952697754
15.6,14.975092887878418
12.4,13.538044929504395
15.9,14.930547714233398
13.2,14.643798828125
13.4,15.062725067138672
16.4,15.037419319152832
19.6,16.283329010009766
12.8,13.467338562011719
19.1,16.63874053955078
9.3,13.165654182434082
16.0,15.153254508972168
19.0,16.929424285888672
14.3,14.353484153747559
16.4,15.797484397888184
15.8,15.16300106048584
12.7,14.009592056274414
15.7,15.01268482208252
15.1,14.594675064086914
19.5,16.318483352661133
17.0,15.784440994262695
14.1,14.631913185119629
14.0,14.17620849609375
14.6,14.99487018585205
15.6,14.941740989685059
13.9,14.180327415466309
16.3,15.249418258666992
19.4,16.287954330444336
15.9,15.04943561553955
14.1,14.36654281616211
11.8,13.30988883972168
15.9,15.868328094482422
17.6,16.344013214111328
14.7,14.733250617980957
19.4,16.39735984802246
19.4,16.86009407043457
17.2,15.225830078125
13.8,14.46960735321045
16.4,16.040252685546875
19.0,15.971362113952637
19.9,16.697813034057617
18.0,15.57515811920166
13.1,14.312707901000977
15.5,15.354674339294434
15.2,14.877589225769043
19.9,16.60481071472168
13.9,13.854212760925293
17.5,16.143234252929688
10.9,13.24532699584961
19.7,16.983932495117188
15.9,15.265610694885254
9.0,13.245100021362305
17.2,16.316665649414062
18.4,16.74459457397461
12.2,13.836292266845703
12.0,13.212756156921387
15.7,15.388010025024414
14.5,14.990178108215332
8.1,13.30999755859375
19.5,16.644073486328125
13.0,14.366825103759766
19.7,16.888572692871094
17.8,15.642620086669922
16.2,15.56180191040039
14.6,14.674726486206055
14.6,14.584525108337402
10.3,13.757415771484375
15.1,14.788552284240723
8.4,12.579669952392578
14.8,14.712244987487793
16.1,15.175118446350098
13.9,14.331857681274414
15.8,15.092954635620117
13.2,14.42585277557373
15.0,14.85518741607666
13.4,14.375320434570312
19.5,16.900537490844727
15.0,15.174047470092773
14.4,14.261366844177246
12.3,13.215286254882812
7.7,12.82270622253418
14.5,14.322532653808594
14.6,14.683280944824219
10.0,14.468360900878906
19.8,16.852643966674805
16.1,15.338003158569336
11.9,13.755376815795898
14.8,15.204122543334961
19.6,16.848861694335938
14.5,14.874197006225586
19.9,16.39919662475586
13.3,14.618720054626465
16.2,15.99960994720459
17.4,16.095212936401367
13.6,15.012770652770996
15.9,15.30640697479248
12.4,13.578082084655762
16.0,15.191054344177246
14.3,15.054791450500488
12.6,13.634285926818848
14.9,15.744260787963867
10.1,13.273021697998047
13.0,14.600850105285645
15.0,14.696648597717285
14.4,14.939698219299316
12.3,14.21507453918457
14.6,14.911640167236328
14.5,14.795235633850098
14.7,14.24853801727295
12.1,14.41977310180664
12.3,14.269956588745117
18.1,16.341875076293945
13.8,14.67666244506836
16.0,15.011941909790039
9.9,12.62557315826416
13.9,14.542947769165039
12.6,14.005261421203613
12.1,13.735071182250977
13.0,13.954923629760742
16.0,15.544217109680176
14.4,15.293994903564453
16.5,15.9777250289917
18.3,16.001327514648438
13.9,15.255513191223145
11.7,13.786201477050781
15.5,14.96921443939209
11.7,13.369577407836914
16.4,15.647412300109863
18.1,15.73940372467041
16.7,15.872532844543457
14.7,14.683856964111328
15.6,15.076545715332031
9.9,13.317087173461914
18.8,16.468555450439453
16.2,15.39806079864502
13.5,13.77838134765625
17.8,14.908624649047852
13.6,14.747430801391602
13.1,14.16558837890625
18.2,16.62578773498535
14.6,14.417240142822266
12.0,13.677633285522461
15.1,16.645925521850586
17.3,15.606151580810547
15.7,15.248527526855469
17.0,15.930977821350098
16.2,15.163810729980469
5.5,11.471442222595215
14.1,14.215986251831055
17.5,14.382801055908203
18.7,16.472047805786133
14.7,14.884703636169434
13.4,15.342403411865234
15.4,15.14333724975586
14.3,14.843279838562012
14.4,14.55521011352539
15.9,14.879058837890625
12.8,14.506673812866211
15.0,14.9151029586792
13.6,14.87249755859375
18.6,15.571764945983887
14.4,15.26219654083252
11.8,14.30076789855957
15.0,14.791526794433594
14.4,14.424025535583496
16.3,15.460681915283203
16.3,15.187119483947754
14.5,14.534460067749023
18.8,16.7642879486084
16.4,14.959471702575684
18.8,15.875565528869629
15.8,15.20999813079834
15.3,14.872074127197266
14.4,14.40824031829834
16.0,14.835456848144531
17.7,16.328960418701172
19.2,16.856016159057617
19.6,16.920181274414062
12.3,13.429614067077637
17.6,15.13271427154541
12.8,14.270121574401855
11.2,13.452536582946777
15.7,15.795308113098145
18.3,14.207080841064453
14.7,14.167778968811035
15.0,14.738397598266602
14.6,13.881943702697754
17.0,16.04859733581543
17.4,15.417414665222168
15.7,15.250192642211914
13.5,13.791370391845703
16.9,15.82442569732666
19.6,16.259464263916016
9.7,13.419530868530273
17.1,15.710628509521484
14.3,14.565596580505371
17.4,15.496577262878418
17.5,16.18011474609375
12.8,14.201865196228027
19.3,16.53761863708496
19.4,16.847766876220703
15.9,16.338563919067383
14.3,14.506275177001953
19.6,16.513708114624023
18.3,16.943700790405273
12.8,14.094584465026855
15.7,15.105448722839355
16.4,16.277088165283203
15.1,14.760915756225586
14.3,14.340861320495605
14.1,14.557567596435547
13.4,14.802214622497559
17.6,16.123687744140625
10.9,14.180977821350098
15.3,15.58169174194336
8.2,12.708917617797852
16.9,15.866838455200195
15.2,14.930800437927246
14.1,14.73961067199707
13.7,14.845797538757324
19.3,15.783249855041504
13.7,14.486917495727539
11.5,13.627511978149414
10.9,13.563310623168945
12.4,13.638513565063477
19.2,16.65468406677246
17.5,16.577472686767578
15.6,14.366101264953613
13.2,14.114846229553223
18.1,14.943014144897461
13.1,14.204682350158691
14.8,14.033550262451172
17.6,15.727848052978516
15.8,15.317304611206055
14.4,15.13582706451416
14.1,14.912370681762695
12.8,13.799545288085938
11.5,13.844698905944824
13.2,13.778943061828613
17.5,15.584574699401855
11.1,13.385736465454102
16.2,15.892231941223145
12.8,14.227746963500977
14.5,14.517587661743164
16.2,15.217866897583008
14.4,14.390437126159668
15.6,14.952401161193848
15.5,15.378606796264648
19.0,16.443500518798828
15.7,15.25409984588623
16.8,16.11365509033203
18.9,15.460686683654785
14.4,14.55005168914795
16.7,15.979703903198242
14.0,14.002320289611816
14.5,14.573333740234375
12.0,14.403006553649902
13.4,14.717787742614746
11.2,13.181682586669922
12.1,13.818378448486328
13.1,14.302651405334473
14.7,15.126177787780762
15.7,15.156500816345215
14.8,14.72008991241455
15.8,15.042163848876953
10.4,13.496447563171387
10.7,12.791938781738281
12.0,14.589906692504883
13.6,14.456249237060547
15.2,14.537290573120117
18.2,16.290565490722656
11.5,14.548083305358887
8.0,12.008583068847656
13.4,14.006526947021484
15.9,14.920883178710938
15.3,14.769043922424316
17.9,14.636396408081055
9.4,13.832517623901367
15.8,16.080333709716797
15.5,14.85590934753418
13.9,13.750303268432617
16.5,16.386871337890625
16.0,15.036556243896484
14.2,14.682259559631348
16.1,15.127717971801758
12.1,14.889294624328613
14.9,14.72520923614502
14.9,14.93115234375
14.0,14.436193466186523
9.3,13.40660285949707
17.3,16.567066192626953
14.6,15.743297576904297
15.2,15.08277416229248
12.0,14.117278099060059
16.6,15.16176700592041
18.0,16.7622013092041
15.7,15.190573692321777
12.2,15.104870796203613
16.2,15.081929206848145
13.7,14.290000915527344
16.3,15.466560363769531
8.9,12.447554588317871
15.6,14.10063362121582
16.7,15.989068031311035
12.4,14.212223052978516
14.5,15.383652687072754
10.2,13.157343864440918
12.5,13.870208740234375
11.6,12.796757698059082
13.7,14.933688163757324
16.5,15.890470504760742
13.6,14.2308931350708
14.8,14.535750389099121
16.4,16.18544578552246
14.5,14.77747631072998
15.1,15.131422996520996
18.5,15.919235229492188
17.7,16.481630325317383
16.0,15.213343620300293
13.6,13.914423942565918
18.7,16.331388473510742
15.9,15.088603973388672
13.1,13.707691192626953
13.4,14.693144798278809
10.2,14.292994499206543
17.5,16.11339569091797
11.8,13.943159103393555
16.6,16.249351501464844
14.6,14.751455307006836
16.3,15.195455551147461
19.9,16.511674880981445
13.2,14.43301010131836
11.3,13.566265106201172
10.4,13.23356819152832
18.4,16.336938858032227
14.4,14.475811004638672
13.4,14.324625015258789
18.2,16.14212989807129
14.7,14.495787620544434
14.2,14.942720413208008
11.8,13.73798942565918
17.0,16.04623794555664
19.7,16.797609329223633
11.9,13.919610023498535
12.4,14.30240249633789
17.9,16.81340980529785
15.3,15.942906379699707
16.6,15.51442813873291
14.0,13.869574546813965
16.6,15.377169609069824
11.5,13.93443489074707
12.5,13.543373107910156
17.8,16.0844669342041
4.2,11.053516387939453
15.1,14.808300971984863
16.0,15.097892761230469
16.3,15.641890525817871
14.8,14.68406867980957
15.5,14.847970008850098
11.5,13.424995422363281
18.8,16.75505828857422
14.6,14.75963306427002
12.2,14.009016990661621
14.1,14.082018852233887
15.5,15.582672119140625
11.3,13.332708358764648
16.3,15.582564353942871
9.4,12.021621704101562
11.8,13.930327415466309
10.9,14.160541534423828
16.3,15.502418518066406
15.0,15.839394569396973
14.8,15.146471977233887
14.2,14.624006271362305
16.3,15.574479103088379
9.9,13.842116355895996
14.3,14.364484786987305
4.9,12.588839530944824
12.5,14.305280685424805
15.2,15.076580047607422
11.3,13.814361572265625
19.4,16.86211585998535
13.4,15.163129806518555
12.0,13.765429496765137
14.0,14.708134651184082
12.9,14.981276512145996
13.1,14.039202690124512
16.3,15.205875396728516
13.5,14.12936782836914
9.8,13.396804809570312
16.6,16.073810577392578
13.4,14.057534217834473
15.0,14.955872535705566
13.6,14.041740417480469
12.1,13.534603118896484
15.0,15.046884536743164
14.4,14.495594024658203
16.3,15.075187683105469
14.5,14.30616283416748
15.7,14.7846040725708
15.5,14.900664329528809
13.6,13.800524711608887
13.0,13.997206687927246
16.6,15.80853271484375
15.6,15.090272903442383
16.7,15.715189933776855
14.9,14.812463760375977
9.7,13.502787590026855
17.5,15.120539665222168
14.9,14.30260944366455
13.9,14.726849555969238
16.0,15.088717460632324
12.9,14.094927787780762
13.9,15.55494499206543
16.8,15.585968971252441
14.0,14.376055717468262
13.5,14.453094482421875
17.8,16.35762596130371
17.6,15.548826217651367
13.1,14.16411304473877
19.1,16.526691436767578
17.6,16.058759689331055
12.8,14.155580520629883
16.0,15.322676658630371
12.7,14.239654541015625
15.6,14.860610008239746
12.5,13.747700691223145
14.5,14.759517669677734
17.7,16.17395782470703
14.5,14.605358123779297
18.4,16.2337646484375
15.5,15.235607147216797
17.4,16.53138542175293
18.6,16.78518295288086
8.9,13.105318069458008
16.0,15.09556770324707
9.4,12.466243743896484
12.1,13.783577919006348
10.4,12.79463005065918
4.6,13.985750198364258
16.9,14.697418212890625
13.4,14.050259590148926
14.9,14.769058227539062
10.7,13.811454772949219
19.3,16.78432846069336
14.8,15.182380676269531
19.5,16.940444946289062
14.5,15.130050659179688
16.2,15.130254745483398
16.1,15.140297889709473
15.4,15.105956077575684
19.8,16.954042434692383
15.6,14.965936660766602
14.2,14.72491455078125
15.0,15.170512199401855
14.1,14.43002700805664
10.1,13.196574211120605
18.3,16.645931243896484
16.1,14.99236011505127
12.6,14.084257125854492
13.7,14.348648071289062
19.0,16.73595428466797
6.2,12.360758781433105
14.2,14.732257843017578
14.9,14.77981948852539
7.6,11.896303176879883
15.1,15.295022964477539
11.2,12.660869598388672
16.1,15.07865047454834
10.6,13.593947410583496
16.4,15.702134132385254
17.4,16.062108993530273
10.6,13.264842987060547
12.5,14.501167297363281
15.6,14.792181015014648
15.9,15.015917778015137
19.1,16.618553161621094
15.7,14.818161010742188
14.7,15.22191047668457
14.9,14.799437522888184
14.1,14.338804244995117
14.0,14.53176212310791
15.8,14.798264503479004
16.1,15.42197036743164
9.6,12.937511444091797
15.0,15.067184448242188
11.6,14.94622802734375
10.4,13.288289070129395
9.2,14.677708625793457
11.8,13.802657127380371
11.6,13.674270629882812
12.3,13.598666191101074
14.3,14.307263374328613
11.0,13.457592964172363
14.1,14.948512077331543
15.4,14.076549530029297
15.2,14.881543159484863
10.6,13.279476165771484
10.6,13.486091613769531
11.5,13.415584564208984
15.7,15.030500411987305
13.8,14.505865097045898
19.3,16.772216796875
10.4,12.975269317626953
12.9,14.699197769165039
17.6,15.428131103515625
15.1,14.764411926269531
10.9,13.319889068603516
18.2,16.79998207092285
16.3,15.628466606140137
13.3,13.908376693725586
15.0,15.108633041381836
16.4,14.88166332244873
19.8,15.994793891906738
15.0,15.053409576416016
11.2,13.688055992126465
11.0,13.560042381286621
8.9,12.225422859191895
11.6,13.46113395690918
15.1,14.808842658996582
12.4,14.011006355285645
7.8,12.664531707763672
12.7,14.078895568847656
15.5,15.595162391662598
15.3,14.758862495422363
14.0,14.509784698486328
15.6,15.044760704040527
14.2,14.698447227478027
13.6,13.671430587768555
14.7,14.821457862854004
12.9,13.672348022460938
14.4,15.024297714233398
17.4,16.399215698242188
18.7,16.86890411376953
17.7,16.42777442932129
14.8,14.870604515075684
13.3,14.53765869140625
15.9,15.72150707244873
16.6,15.77487850189209
17.0,15.686518669128418
18.9,16.20980453491211
14.8,14.281867980957031
16.0,16.406208038330078
14.6,14.664469718933105
14.3,14.644048690795898
17.0,16.036157608032227
14.8,14.969728469848633
15.8,15.200859069824219
16.0,14.502909660339355
14.5,14.826896667480469
15.4,15.271681785583496
12.7,14.075970649719238
14.4,13.797002792358398
11.5,14.840130805969238
12.0,13.535508155822754
15.8,16.659687042236328
16.8,15.4849214553833
18.5,16.595510482788086
11.4,14.476126670837402
14.4,14.499898910522461
14.1,15.35073184967041
15.9,15.29800796508789
15.3,14.909274101257324
13.1,15.460033416748047
14.2,14.138901710510254
14.3,14.909562110900879
15.1,15.080411911010742
17.6,16.38496208190918
10.7,13.996747016906738
17.0,15.27270793914795
13.0,14.663264274597168
14.5,15.099122047424316
12.4,13.80157470703125
14.9,14.386157035827637
18.7,16.11872673034668
15.4,15.74013614654541
12.8,14.299225807189941
18.8,16.67926788330078
13.5,13.736099243164062
13.2,13.790587425231934
12.6,13.980067253112793
13.1,14.487894058227539
11.0,13.582071304321289
14.8,15.226768493652344
17.4,16.75464630126953
14.4,14.39330005645752
14.9,14.868820190429688
15.1,14.681178092956543
14.2,14.436551094055176
15.4,15.445760726928711
16.1,15.472779273986816
13.4,13.770257949829102
16.1,15.613334655761719
15.7,14.916295051574707
17.9,15.114618301391602
12.1,14.404465675354004
13.9,15.345768928527832
15.1,14.377202033996582
17.8,16.546405792236328
13.9,13.705188751220703
13.4,13.905679702758789
18.1,16.55929946899414
14.8,14.762939453125
16.2,15.602619171142578
11.2,14.283697128295898
13.1,14.051753044128418
15.5,15.041343688964844
13.8,14.446327209472656
14.1,15.08902645111084
14.7,14.762508392333984
10.1,14.463581085205078
17.8,15.810319900512695
9.2,14.13007926940918
12.8,14.917485237121582
17.2,16.015670776367188
15.0,14.592060089111328
14.3,14.729856491088867
11.9,14.071486473083496
11.9,13.365711212158203
13.0,13.809247970581055
7.0,12.366972923278809
8.5,13.415400505065918
15.8,15.808612823486328
13.5,14.215975761413574
12.2,14.309430122375488
15.0,14.9583158493042
12.2,13.332978248596191
15.7,15.24106502532959
7.9,14.650732040405273
15.2,14.699471473693848
14.8,15.46490478515625
16.6,15.070371627807617
11.5,13.422666549682617
13.9,14.089609146118164
16.8,15.239593505859375
14.7,14.516888618469238
15.9,15.191006660461426
12.5,14.668513298034668
18.5,16.712173461914062
16.0,15.226954460144043
11.6,14.099052429199219
15.8,15.166068077087402
11.2,13.679615020751953
16.9,14.572672843933105
14.3,14.417963027954102
18.5,16.736711502075195
16.1,15.114270210266113
13.9,14.800753593444824
15.6,15.518678665161133
12.9,14.381453514099121
14.2,14.751620292663574
18.0,16.396488189697266
13.1,14.559266090393066
9.3,12.957494735717773
16.7,15.457686424255371
14.8,14.666740417480469
12.8,14.722604751586914
12.7,13.572853088378906
15.3,15.096887588500977
14.3,14.588114738464355
11.2,13.365598678588867
14.9,14.579662322998047
18.1,16.24966812133789
11.0,13.346358299255371
15.0,15.502152442932129
15.6,15.168655395507812
15.1,15.16055679321289
13.9,14.948249816894531
12.9,13.722244262695312
15.4,15.265551567077637
18.4,15.280312538146973
12.8,13.52415657043457
18.7,16.242393493652344
7.6,13.886129379272461
10.6,13.198668479919434
18.1,16.201038360595703
16.2,16.066709518432617
16.3,15.793224334716797
18.2,16.311412811279297
14.1,13.745495796203613
11.1,12.778777122497559
14.0,14.458755493164062
15.8,15.494270324707031
13.4,14.278322219848633
18.2,16.68000602722168
15.2,14.997114181518555
13.9,14.56539535522461
16.9,15.900639533996582
15.0,14.934895515441895
13.6,14.307077407836914
14.4,14.351822853088379
14.2,13.835396766662598
8.9,12.669294357299805
13.0,13.806990623474121
15.3,14.58890438079834
12.4,14.653977394104004
17.8,16.60590171813965
15.2,14.71806526184082
14.8,15.211064338684082
13.1,14.046936988830566
13.2,14.231289863586426
16.5,15.513388633728027
12.6,14.169625282287598
15.9,15.082558631896973
13.6,14.608506202697754
14.6,14.899344444274902
14.3,14.702280044555664
17.5,15.967731475830078
15.1,14.868404388427734
10.6,12.972097396850586
18.7,16.492761611938477
18.2,16.600122451782227
19.3,16.817113876342773
15.9,15.530156135559082
14.9,15.054586410522461
15.7,15.146455764770508
14.6,14.422972679138184
14.8,14.581220626831055
15.8,15.385875701904297
18.2,15.67900276184082
14.7,14.477519035339355
13.9,14.618958473205566
13.0,14.286316871643066
16.4,15.64795207977295
13.1,14.049720764160156
14.0,14.067861557006836
11.7,14.942828178405762
12.9,14.300959587097168
15.6,14.91983699798584
17.0,15.679614067077637
11.3,13.471405029296875
14.9,15.149983406066895
16.5,15.806870460510254
15.4,14.887007713317871
14.4,13.998725891113281
17.9,15.916764259338379
15.2,14.455495834350586
18.0,16.338743209838867
15.1,15.02135181427002
13.1,13.975687980651855
14.5,14.454450607299805
17.2,15.625068664550781
15.0,14.42144775390625
13.1,14.335376739501953
9.3,12.974905967712402
14.0,13.778066635131836
15.2,14.845661163330078
15.2,14.837467193603516
13.9,14.435538291931152
16.5,15.281063079833984
16.5,15.613810539245605
12.4,14.637836456298828
15.9,15.758136749267578
15.6,14.829156875610352
13.9,14.510862350463867
14.8,15.0675687789917
15.6,15.486995697021484
15.6,15.101298332214355
15.6,14.884711265563965
15.3,14.958221435546875
11.6,14.191557884216309
15.8,15.081666946411133
14.9,14.48046588897705
16.0,15.143839836120605
10.0,13.020880699157715
15.1,14.894756317138672
18.8,16.564870834350586
15.7,15.48188304901123
14.8,14.701412200927734
14.5,14.610712051391602
15.7,15.52890682220459
13.8,15.005019187927246
15.4,14.79809284210205
15.3,15.282848358154297
15.4,14.959127426147461
18.5,16.556705474853516
15.3,15.115139961242676
12.6,13.741508483886719
18.7,16.623924255371094
17.4,16.333690643310547
10.2,13.877798080444336
15.8,14.654801368713379
15.3,15.100028991699219
14.9,14.771736145019531
11.5,12.890753746032715
15.8,14.870523452758789
14.2,14.603676795959473
19.6,16.636873245239258
19.7,16.231494903564453
15.2,14.969658851623535
15.5,14.849905967712402
15.8,15.16411304473877
15.0,15.066615104675293
19.7,16.87649154663086
14.7,16.064128875732422
11.3,12.73460578918457
7.9,13.867907524108887
15.6,15.212207794189453
17.5,16.329082489013672
15.4,14.975704193115234
19.7,16.78245735168457
15.3,14.853729248046875
11.5,13.125443458557129
14.9,15.167418479919434
14.4,14.524353981018066
17.0,16.155197143554688
18.3,15.763070106506348
12.0,13.57943344116211
13.6,14.405162811279297
13.7,14.85758113861084
12.0,13.711297035217285
7.4,11.616312980651855
12.4,13.615283966064453
18.9,16.107608795166016
12.9,13.752497673034668
16.6,16.104074478149414
14.6,14.623230934143066
18.6,16.63582992553711
15.2,14.850031852722168
19.4,16.445926666259766
10.3,13.190486907958984
14.6,14.863256454467773
19.5,16.27040672302246
14.8,14.928783416748047
19.5,16.787872314453125
16.3,15.646370887756348
15.3,15.233795166015625
18.5,16.275083541870117
14.6,14.452165603637695
14.8,14.745357513427734
14.5,14.536611557006836
15.5,14.837379455566406
11.4,13.882572174072266
13.6,16.656906127929688
14.8,14.85673999786377
17.6,16.106992721557617
17.3,16.193073272705078
13.9,14.47792911529541
17.2,16.47040557861328
18.7,16.05992889404297
14.7,14.595386505126953
11.0,13.38449764251709
17.7,15.625017166137695
16.3,15.378852844238281
14.3,14.296062469482422
15.3,14.74722671508789
8.9,12.23501205444336
15.9,15.385904312133789
14.1,14.446763038635254
11.2,13.559493064880371
13.1,14.353034973144531
14.9,14.546280860900879
13.8,14.437881469726562
14.3,14.766934394836426
15.6,14.2786865234375
17.8,16.300128936767578
8.6,12.612215042114258
12.2,14.191545486450195
12.8,13.976127624511719
16.2,15.813852310180664
17.7,15.413101196289062
14.6,14.625513076782227
14.1,14.07631778717041
15.9,15.214669227600098
18.0,15.099360466003418
10.5,13.349687576293945
13.1,13.855384826660156
14.0,14.797930717468262
16.6,15.478934288024902
17.7,15.92848014831543
15.3,15.422613143920898
14.4,15.056649208068848
13.5,14.433198928833008
17.2,15.824400901794434
15.7,15.149202346801758
8.0,12.86325454711914
11.9,13.568269729614258
13.8,14.375567436218262
16.0,15.04777717590332
12.0,12.58521842956543
16.8,15.16310977935791
11.9,14.463970184326172
13.5,14.866477012634277
16.3,15.451861381530762
15.1,15.056992530822754
13.7,14.31610107421875
14.1,14.401754379272461
15.9,14.729864120483398
13.9,14.25495719909668
14.0,14.690367698669434
14.6,15.519308090209961
15.0,14.805586814880371
14.7,15.424999237060547
15.5,15.704561233520508
18.3,15.931038856506348
14.4,14.634676933288574
12.1,13.291523933410645
14.2,15.322319984436035
14.0,14.565133094787598
16.3,16.176673889160156
14.3,15.398107528686523
12.9,14.1248779296875
17.4,16.410507202148438
14.6,14.612358093261719
10.5,13.625964164733887
13.9,15.334908485412598
13.9,14.767027854919434
15.2,14.729891777038574
12.5,14.434840202331543
14.6,15.626795768737793
13.1,14.043180465698242
12.7,14.913054466247559
13.8,15.326452255249023
9.8,12.554437637329102
19.9,16.935035705566406
17.1,15.788348197937012
12.4,13.649211883544922
15.6,15.354358673095703
18.7,16.606266021728516
14.4,14.000608444213867
12.0,14.33665943145752
12.3,13.992635726928711
19.7,15.980125427246094
16.8,15.549976348876953
15.9,15.373339653015137
17.3,16.146780014038086
16.6,15.809849739074707
15.7,15.341082572937012
17.4,16.015716552734375
14.6,14.528765678405762
13.7,14.479344367980957
13.9,14.817586898803711
15.5,14.7918701171875
15.2,15.084538459777832
10.4,13.139911651611328
12.0,14.613907814025879
15.4,14.685256958007812
16.5,15.192034721374512
16.6,15.961531639099121
17.3,13.811211585998535
15.0,15.052297592163086
15.5,14.904502868652344
16.9,16.08100700378418
14.6,14.94813346862793
14.6,15.054510116577148
16.5,16.356735229492188
16.2,16.382678985595703
18.1,16.55023956298828
18.1,15.676859855651855
10.8,13.75139045715332
11.3,12.955134391784668
16.5,15.724051475524902
15.8,15.122403144836426
18.2,15.99903678894043
18.0,15.556802749633789
18.4,16.669918060302734
17.1,15.664200782775879
18.0,16.2714786529541
16.4,15.311415672302246
16.3,15.480009078979492
15.3,14.790966033935547
18.6,15.669353485107422
18.3,15.752069473266602
10.4,13.644182205200195
15.1,14.839823722839355
14.8,14.576515197753906
16.2,15.606521606445312
10.5,13.372652053833008
12.8,13.728232383728027
12.3,14.554703712463379
14.5,14.205851554870605
14.5,14.498581886291504
15.1,15.643624305725098
17.9,16.021669387817383
14.9,14.071271896362305
12.6,13.910210609436035
17.0,15.725122451782227
12.2,13.669974327087402
7.7,12.122413635253906
15.0,14.902578353881836
10.4,13.415166854858398
13.2,13.230579376220703
16.3,15.611811637878418
12.3,14.075565338134766
14.8,14.842001914978027
17.2,16.2559757232666
12.1,13.640227317810059
12.5,13.867212295532227
12.9,14.29653549194336
17.7,14.908031463623047
16.9,15.4356689453125
16.8,15.645277976989746
15.0,14.744339942932129
13.8,14.106544494628906
12.8,13.425762176513672
15.5,14.263031959533691
15.1,14.859987258911133
15.3,14.687057495117188
9.1,12.033199310302734
13.7,14.19233226776123
17.0,16.069257736206055
15.4,14.826533317565918
13.6,14.546627044677734
12.5,13.743398666381836
13.8,14.631287574768066
11.1,13.364912986755371
14.7,14.534466743469238
14.1,14.290452003479004
14.3,14.298883438110352
15.1,14.526317596435547
13.5,14.36473560333252
14.0,14.233795166015625
12.8,14.074972152709961
17.0,15.768854141235352
15.1,14.663344383239746
15.3,14.314359664916992
13.4,13.99090576171875
9.1,14.429927825927734
13.9,14.809785842895508
19.1,16.74955940246582
15.3,15.35191822052002
13.9,14.556645393371582
14.1,14.635197639465332
11.3,13.528193473815918
14.9,14.715044975280762
14.6,14.289377212524414
17.7,15.969765663146973
15.5,14.875663757324219
19.1,16.52298927307129
12.0,13.783829689025879
13.0,14.030732154846191
14.1,14.673952102661133
8.6,11.907423973083496
18.3,16.170108795166016
14.2,14.16545581817627
12.8,14.171601295471191
12.0,13.584573745727539
15.4,14.703756332397461
14.4,14.347067832946777
16.2,15.19970417022705
11.1,12.953537940979004
13.7,14.293673515319824
16.8,16.464630126953125
15.0,14.831019401550293
15.3,15.011177062988281
12.2,14.014337539672852
14.2,14.68166732788086
12.4,14.4844388961792
13.2,13.734827041625977
15.9,15.835946083068848
13.0,14.12378978729248
13.9,14.441211700439453
14.6,14.720560073852539
15.5,14.976436614990234
19.2,16.648393630981445
14.8,14.679805755615234
18.9,16.030546188354492
14.4,14.3548002243042
18.0,16.96533966064453
14.9,14.352580070495605
15.5,14.610560417175293
16.8,16.121902465820312
18.6,15.140192985534668
16.1,15.88866901397705
15.0,14.99895191192627
10.2,13.45069408416748
14.7,14.757553100585938
14.1,15.313407897949219
18.5,16.422779083251953
12.1,14.75118350982666
12.8,13.73250675201416
13.6,14.54731559753418
13.0,14.079517364501953
13.4,14.563743591308594
13.4,14.180838584899902
12.4,14.426000595092773
13.7,14.348747253417969
16.1,15.031448364257812
17.5,16.589126586914062
13.7,14.574836730957031
14.2,14.656014442443848
13.7,14.25502872467041
11.8,13.505581855773926
12.2,13.822405815124512
13.4,14.282931327819824
19.7,16.353788375854492
16.4,15.31908893585205
11.3,13.322457313537598
15.5,15.124202728271484
11.8,13.0188627243042
17.7,16.800230026245117
16.0,15.902101516723633
10.1,13.221308708190918
15.6,15.159358024597168
16.5,15.865991592407227
16.5,16.146350860595703
8.0,12.481599807739258
19.3,14.928756713867188
15.9,14.823226928710938
15.7,15.054428100585938
10.2,13.26906967163086
18.6,15.916014671325684
16.7,16.05690574645996
14.0,14.904402732849121
19.3,16.711116790771484
14.1,14.044147491455078
12.4,13.218677520751953
14.8,14.651595115661621
13.1,14.271503448486328
10.9,13.377702713012695
14.5,15.629695892333984
15.4,14.806869506835938
12.9,14.242242813110352
12.6,14.248250007629395
14.8,14.958779335021973
15.3,14.818857192993164
12.1,15.51943588256836
19.4,16.838743209838867
12.0,13.617026329040527
11.7,13.616203308105469
17.6,16.166343688964844
19.1,16.099824905395508
17.6,16.64369773864746
15.1,15.166719436645508
15.9,15.190098762512207
15.0,14.815285682678223
15.0,14.630785942077637
13.1,13.895998001098633
7.4,12.015278816223145
12.8,14.231074333190918
18.8,16.897186279296875
16.4,15.552153587341309
13.7,14.749076843261719
17.7,16.569377899169922
16.4,15.77962589263916
18.2,16.443880081176758
16.2,15.799033164978027
14.3,14.402098655700684
19.2,16.828353881835938
14.9,14.628043174743652
15.3,15.49309253692627
14.3,14.637349128723145
16.0,15.05073356628418
17.6,16.01124382019043
15.3,14.897679328918457
15.6,15.08469295501709
7.7,11.768250465393066
18.8,16.651134490966797
8.3,11.612553596496582
17.8,15.931161880493164
13.6,14.17767333984375
13.6,13.414234161376953
15.4,15.10372543334961
9.5,12.867095947265625
15.1,14.709317207336426
19.0,16.736072540283203
15.2,14.595797538757324
16.1,14.88500690460205
13.7,14.305713653564453
14.8,15.091547966003418
15.2,14.974006652832031
15.5,15.08353328704834
19.7,15.829179763793945
19.6,16.969158172607422
11.5,13.55539608001709
10.6,14.469522476196289
14.7,14.717350006103516
12.2,15.210607528686523
12.3,13.65996265411377
12.0,12.828789710998535
13.1,14.640649795532227
15.5,14.779050827026367
14.8,15.13027572631836
14.4,15.309186935424805
16.0,15.20089340209961
8.7,12.49280071258545
9.7,13.002898216247559
15.6,15.185761451721191
16.8,15.945223808288574
15.1,15.208517074584961
13.9,14.44382095336914
13.3,14.001072883605957
17.0,15.481160163879395
14.9,14.473945617675781
11.1,13.117527961730957
15.1,15.005794525146484
15.3,16.65208625793457
10.2,13.783515930175781
17.3,16.209026336669922
18.4,15.341402053833008
11.8,14.590030670166016
13.6,15.033602714538574
15.3,14.72431468963623
8.9,13.972217559814453
18.3,16.111589431762695
14.2,14.488594055175781
12.9,13.544288635253906
14.4,16.040164947509766
19.5,14.706411361694336
18.8,16.902267456054688
15.4,14.84761905670166
16.6,16.28141212463379
15.3,15.505778312683105
9.4,12.850053787231445
6.0,13.06943130493164
18.0,15.364717483520508
16.1,15.508196830749512
14.4,14.962617874145508
18.2,16.215286254882812
9.0,13.356086730957031
15.7,14.909136772155762
15.9,15.423096656799316
11.5,14.202741622924805
8.4,13.938011169433594
14.2,14.231043815612793
15.3,15.101256370544434
13.8,14.12889289855957
13.4,14.507448196411133
18.1,15.771156311035156
13.9,14.879280090332031
15.3,14.813838005065918
12.3,13.526272773742676
13.0,14.073915481567383
15.4,15.121183395385742
14.9,14.925509452819824
14.1,14.439624786376953
15.8,15.389820098876953
14.3,14.378555297851562
15.0,14.30323314666748
11.8,14.11584186553955
9.2,14.601728439331055
15.2,14.550786972045898
18.6,16.213672637939453
14.4,14.595306396484375
16.4,15.471571922302246
16.0,15.523385047912598
10.5,13.398163795471191
16.9,16.03458023071289
15.6,15.514487266540527
12.5,14.05038833618164
19.3,16.817697525024414
19.5,15.794057846069336
15.6,15.221441268920898
12.3,13.643377304077148
19.9,16.87424659729004
16.3,15.408894538879395
15.2,14.871366500854492
14.5,14.611750602722168
11.1,13.772537231445312
14.2,14.696993827819824
15.1,14.825159072875977
15.7,15.339716911315918
15.1,14.5006103515625
11.9,14.526725769042969
13.7,14.445630073547363
15.2,14.97316837310791
15.1,15.007455825805664
14.3,14.833377838134766
9.5,15.04723072052002
15.2,14.80612564086914
4.0,14.2529296875
15.4,14.848389625549316
14.7,14.343223571777344
15.0,15.16042709350586
14.8,14.769478797912598
16.9,15.478689193725586
15.3,15.204442977905273
14.2,14.938093185424805
15.4,14.814988136291504
14.6,14.191113471984863
18.3,15.737878799438477
10.5,13.852729797363281
13.0,14.589632034301758
14.6,15.16133975982666
14.4,14.826513290405273
14.1,14.332656860351562
15.7,14.701226234436035
16.0,15.229121208190918
15.4,15.16300106048584
13.5,14.56680679321289
19.3,16.573152542114258
17.6,14.447768211364746
13.8,14.597900390625
14.9,14.305647850036621
12.9,14.72469425201416
15.5,15.037040710449219
15.6,14.804226875305176
11.0,13.798992156982422
15.1,14.513216972351074
12.1,13.732089042663574
11.6,13.487874984741211
18.0,16.58447265625
14.7,14.220885276794434
16.1,15.372272491455078
13.5,13.764808654785156
15.7,14.733200073242188
13.5,14.455450057983398
11.9,13.665289878845215
15.4,15.124259948730469
13.0,14.353653907775879
13.6,14.863604545593262
15.2,14.928936004638672
11.2,13.61856460571289
12.8,13.671692848205566
18.4,16.296140670776367
17.6,15.010586738586426
17.8,16.018091201782227
19.3,15.150075912475586
16.3,15.009572982788086
11.5,13.638716697692871
10.9,13.193958282470703
15.3,14.589107513427734
19.5,16.965240478515625
13.3,14.064680099487305
11.1,13.432400703430176
15.7,15.391465187072754
15.9,15.260397911071777
19.0,16.878520965576172
13.4,14.344253540039062
19.3,16.85216522216797
14.8,14.339739799499512
9.6,13.031320571899414
19.2,16.718978881835938
10.9,13.568976402282715
15.1,14.62342357635498
14.4,14.817115783691406
15.9,15.181041717529297
14.0,14.519606590270996
15.5,13.930052757263184
16.7,15.124489784240723
15.2,15.019088745117188
10.7,13.029035568237305
18.9,16.630353927612305
15.7,15.127538681030273
15.5,15.198549270629883
10.5,14.681540489196777
15.1,15.082320213317871
15.0,14.64055061340332
13.3,15.970468521118164
19.7,16.56529998779297
12.3,13.854647636413574
19.8,16.902523040771484
19.0,15.926361083984375
10.7,13.316471099853516
16.1,14.718727111816406
14.9,14.889970779418945
12.9,14.755839347839355
18.7,15.388664245605469
15.9,15.585765838623047
14.4,14.604094505310059
12.2,14.809881210327148
15.1,14.608441352844238
15.0,15.158665657043457
18.1,16.0843563079834
18.3,14.546066284179688
13.4,14.471450805664062
12.2,13.65970230102539
15.3,15.081759452819824
19.5,15.783454895019531
15.7,15.12260627746582
16.7,15.66982364654541
10.5,13.227144241333008
16.0,15.075549125671387
15.0,14.863656997680664
12.1,13.763815879821777
14.1,15.222199440002441
13.1,14.726496696472168
9.5,13.279745101928711
19.9,15.917705535888672
11.8,14.229949951171875
15.2,14.829347610473633
17.2,15.56399917602539
18.5,16.436098098754883
13.6,13.688544273376465
11.4,13.639341354370117
15.1,15.397054672241211
10.9,13.09710693359375
18.1,16.442874908447266
19.8,16.95064926147461
14.3,14.478706359863281
12.3,13.651406288146973
14.9,15.120015144348145
15.4,15.10372543334961
13.9,15.036459922790527
9.0,12.109865188598633
15.9,15.345573425292969
16.9,15.99972915649414
13.3,14.201896667480469
11.0,13.587234497070312
13.0,14.877745628356934
14.9,14.861749649047852
12.6,13.788723945617676
11.2,13.30402946472168
16.0,15.066011428833008
14.9,15.064863204956055
17.2,16.384662628173828
14.3,14.87661361694336
4.9,14.692635536193848
18.2,15.658453941345215
14.7,15.084185600280762
12.6,13.67332935333252
15.4,15.16491413116455
16.3,14.822688102722168
14.9,14.812607765197754
15.0,15.063685417175293
13.8,14.722840309143066
11.1,14.901144981384277
13.2,13.597480773925781
14.6,14.729680061340332
14.9,14.465120315551758
8.0,11.562718391418457
14.2,14.81290054321289
15.9,15.046069145202637
12.9,13.335877418518066
12.7,13.749078750610352
15.1,15.045589447021484
14.7,14.98830795288086
17.6,16.82720184326172
12.5,14.692915916442871
14.6,14.589502334594727
15.4,15.034852981567383
15.0,15.401427268981934
12.5,15.31538200378418
14.8,15.01932144165039
14.5,15.131942749023438
15.4,15.373943328857422
18.1,15.538089752197266
15.6,14.894638061523438
12.9,14.021480560302734
15.8,15.274041175842285
13.1,13.64245891571045
14.8,15.45322322845459
14.2,14.037254333496094
16.3,14.85489559173584
14.3,14.060555458068848
15.6,15.493072509765625
15.2,15.061139106750488
16.0,15.53952407836914
14.1,14.987237930297852
14.0,14.497831344604492
17.8,16.28156089782715
14.7,15.108745574951172
14.7,14.770052909851074
14.9,15.186673164367676
17.1,16.28167724609375
16.3,15.473724365234375
14.9,15.364986419677734
16.1,15.869760513305664
17.1,15.66962718963623
14.1,15.419452667236328
16.4,15.224977493286133
12.5,14.757528305053711
15.5,15.596990585327148
17.0,16.345447540283203
17.6,15.902620315551758
14.1,14.490020751953125
13.6,14.569877624511719
15.5,16.10633659362793
18.3,15.877132415771484
16.4,15.921260833740234
18.4,16.583030700683594
16.1,15.409541130065918
17.4,16.198017120361328
16.5,15.544134140014648
14.0,14.387334823608398
17.0,16.277496337890625
18.4,16.768863677978516
13.8,14.954773902893066
18.7,16.48514175415039
17.7,14.837359428405762
14.6,14.53916072845459
15.9,16.054983139038086
19.9,16.487890243530273
18.9,16.218597412109375
17.8,15.55484390258789
16.8,15.923994064331055
17.2,15.643031120300293
19.7,16.608911514282227
19.0,16.941774368286133
17.6,15.56447982788086
14.9,15.04370403289795
15.7,15.697652816772461
18.6,15.662102699279785
19.8,16.274112701416016
17.8,15.769926071166992
14.4,14.638908386230469
11.4,13.700864791870117
14.2,14.753215789794922
18.4,16.48506736755371
15.6,16.067485809326172
14.4,15.056740760803223
14.2,15.278692245483398
11.2,13.524604797363281
19.2,16.863204956054688
17.6,16.71200942993164
19.5,16.690643310546875
13.4,15.050042152404785
17.7,16.4464168548584
13.3,14.20141315460205
16.6,16.293214797973633
15.3,15.419591903686523
13.2,14.639402389526367
19.5,16.35612678527832
16.9,16.306306838989258
13.3,14.10389518737793
17.5,16.14453125
14.0,14.338993072509766
12.8,14.203436851501465
14.9,14.536185264587402
14.9,14.797417640686035
17.2,15.409517288208008
19.2,16.1752986907959
13.6,13.742301940917969
13.4,14.333939552307129
14.6,14.828722953796387
18.9,15.692752838134766
15.5,15.205093383789062
13.1,13.829631805419922
18.8,16.608285903930664
13.0,13.633965492248535
12.3,13.466523170471191
16.9,15.892971992492676
17.7,16.46298599243164
17.9,16.35370445251465
14.3,14.421760559082031
13.9,14.695921897888184
16.8,15.511754989624023
15.7,15.680261611938477
13.4,14.268147468566895
15.8,15.149288177490234
16.8,16.47804832458496
12.5,13.673749923706055
17.1,15.636478424072266
12.3,13.815404891967773
15.9,14.990440368652344
12.2,14.373788833618164
14.0,14.207338333129883
8.8,14.196649551391602
15.7,15.004185676574707
13.8,14.431756019592285
15.2,14.973552703857422
8.4,13.858410835266113
15.8,15.146451950073242
12.8,13.511602401733398
10.4,13.47970962524414
15.3,14.964035987854004
15.8,15.202437400817871
12.7,13.933439254760742
15.5,15.015917778015137
11.4,13.708905220031738
14.9,14.635934829711914
18.7,16.676170349121094
15.0,14.926594734191895
13.4,14.212944030761719
14.5,14.494336128234863
13.1,14.301139831542969
13.6,14.728063583374023
15.9,14.880998611450195
15.0,14.56920051574707
15.2,14.75583553314209
17.2,15.978849411010742
15.7,14.982110977172852
18.9,16.06121063232422
13.6,13.640864372253418
19.5,16.574398040771484
14.5,14.858946800231934
14.8,14.991660118103027
11.9,13.25236988067627
16.0,14.868715286254883
15.4,15.073880195617676
18.1,16.421388626098633
15.8,14.878188133239746
16.8,14.743748664855957
16.0,14.96456527709961
15.5,15.708779335021973
18.9,16.719980239868164
15.4,14.990455627441406
16.3,15.155656814575195
14.7,14.565776824951172
14.8,14.995967864990234
18.6,16.767309188842773
16.0,14.910123825073242
15.5,14.489398956298828
14.9,14.653128623962402
15.6,14.895235061645508
14.4,15.419721603393555
14.4,14.714764595031738
9.2,12.875337600708008
13.5,14.178832054138184
12.1,13.340644836425781
15.1,15.155755043029785
17.2,15.44255256652832
14.1,14.748254776000977
18.4,16.878578186035156
12.7,14.266576766967773
11.7,13.426797866821289
12.8,13.900134086608887
11.2,13.692598342895508
9.9,13.626199722290039
12.3,13.544074058532715
17.3,15.99122428894043
18.6,16.168485641479492
12.5,14.249675750732422
11.8,14.362297058105469
14.0,14.420723915100098
13.6,14.069572448730469
18.6,15.744118690490723
17.9,16.43059539794922
17.4,16.125064849853516
13.8,14.370667457580566
9.9,13.461233139038086
15.5,15.370593070983887
16.7,15.345277786254883
12.0,14.204850196838379
15.1,15.04121208190918
18.3,15.667265892028809
13.4,13.861473083496094
14.8,14.706277847290039
16.2,15.103042602539062
16.4,15.4805269241333
15.9,15.068036079406738
15.5,15.153158187866211
12.5,13.7178373336792
15.9,15.41752815246582
15.7,15.296581268310547
11.6,14.070745468139648
11.7,13.773236274719238
12.2,14.508788108825684
19.7,17.001649856567383
18.5,16.45323371887207
16.2,15.002764701843262
15.7,14.906351089477539
17.5,15.879518508911133
15.7,15.680490493774414
15.7,15.844596862792969
9.2,13.319403648376465
10.5,13.459610939025879
12.4,14.168954849243164
15.3,15.52843952178955
13.7,14.444881439208984
15.8,14.89783763885498
12.2,13.465737342834473
16.0,15.667155265808105
19.5,16.497892379760742
14.6,14.82824420928955
14.6,14.735422134399414
8.0,11.26590633392334
17.3,16.023345947265625
18.4,16.078115463256836
14.6,14.76430892944336
15.1,15.370152473449707
19.1,16.315196990966797
19.0,16.475919723510742
14.9,14.850752830505371
16.2,15.858473777770996
15.8,15.515999794006348
13.5,13.629658699035645
11.2,13.620783805847168
12.6,14.260027885437012
12.1,14.26494026184082
12.4,13.37840461730957
13.1,14.299077033996582
18.7,15.735099792480469
17.3,14.552959442138672
12.4,13.291496276855469
14.3,14.492527961730957
10.4,11.985575675964355
13.8,14.433586120605469
12.6,13.748030662536621
16.3,15.376266479492188
10.9,13.059407234191895
13.1,14.1337890625
11.7,13.568709373474121
7.7,11.73338508605957
14.0,14.48901081085205
13.6,14.423627853393555
15.5,15.155435562133789
12.3,13.68453598022461
14.9,14.375947952270508
8.8,12.582232475280762
11.1,12.837969779968262
10.2,12.770478248596191
19.9,16.969074249267578
14.3,14.372332572937012
11.8,12.426374435424805
11.2,13.512594223022461
16.1,14.402170181274414
11.8,14.517946243286133
14.9,14.700085639953613
14.6,13.568329811096191
16.7,16.043350219726562
13.8,14.87279987335205
19.5,16.937728881835938
15.2,15.050580978393555
16.0,15.105340003967285
19.2,16.873817443847656
19.6,16.79973030090332
10.2,13.866231918334961
16.0,15.191760063171387
19.3,16.409759521484375
16.1,15.638099670410156
14.7,15.244880676269531
18.4,14.87633228302002
15.4,14.781204223632812
16.4,16.000356674194336
12.7,14.312315940856934
14.9,14.79453182220459
14.1,13.715557098388672
12.7,13.809287071228027
17.1,15.942098617553711
15.2,15.81702995300293
15.6,14.926850318908691
11.4,13.716821670532227
15.5,15.370575904846191
15.9,15.416765213012695
17.2,16.197050094604492
17.5,15.99168586730957
16.0,15.421704292297363
16.2,15.560636520385742
17.8,16.159034729003906
15.6,14.93049430847168
19.2,16.61094856262207
19.5,16.97172737121582
12.9,14.626029014587402
15.1,14.724207878112793
17.2,16.12158203125
15.7,15.137789726257324
14.5,14.596513748168945
16.7,16.338796615600586
19.6,15.978477478027344
14.2,14.548218727111816
15.1,14.921740531921387
16.0,15.14026165008545
18.8,16.56612777709961
16.8,16.15973663330078
14.8,14.735334396362305
15.8,15.165200233459473
15.0,14.856616020202637
16.5,15.802522659301758
15.6,15.359549522399902
13.2,13.710504531860352
14.2,14.558469772338867
13.1,14.11715316772461
12.4,13.921197891235352
15.6,14.92933177947998
14.6,15.448932647705078
14.8,15.096914291381836
19.6,16.56340789794922
12.9,14.363935470581055
14.9,15.139721870422363
14.8,14.9586763381958
15.9,15.256209373474121
16.3,15.642111778259277
14.6,14.944475173950195
11.9,13.882098197937012
15.3,14.91903305053711
15.6,15.047635078430176
12.7,13.218027114868164
14.4,13.9589204788208
18.2,15.802469253540039
17.3,15.761667251586914
16.2,15.6262788772583
15.6,15.14333724975586
16.2,15.14333724975586
17.5,16.22629165649414
13.8,14.099287986755371
15.7,15.15615177154541
16.5,15.006208419799805
14.6,14.388426780700684
13.3,14.050878524780273
14.5,14.58145523071289
17.8,15.822275161743164
13.9,14.17146110534668
15.2,15.607963562011719
15.9,15.083301544189453
19.1,16.74873924255371
14.1,14.540904998779297
12.2,14.353175163269043
17.3,15.836892127990723
14.6,14.150030136108398
15.9,14.814586639404297
15.0,15.598876953125
11.9,13.610023498535156
13.5,14.775211334228516
16.2,15.680187225341797
17.7,14.05943489074707
15.5,14.83833122253418
15.1,14.855720520019531
15.7,14.855511665344238
17.4,15.830373764038086
15.0,14.720479011535645
13.9,14.36829662322998
16.5,15.221487045288086
16.9,16.071212768554688
16.2,15.699792861938477
16.0,15.692996978759766
14.1,14.399953842163086
18.1,15.71331787109375
18.9,16.884056091308594
14.4,14.5270414352417
14.2,14.621769905090332
18.9,16.563508987426758
18.2,16.425521850585938
17.0,16.15471076965332
17.0,15.648776054382324
12.5,14.266021728515625
17.8,16.550113677978516
13.3,14.725359916687012
17.9,15.97800064086914
11.4,14.364520072937012
17.5,15.436652183532715
12.0,14.559459686279297
13.8,14.656113624572754
15.3,14.224580764770508
12.9,15.846294403076172
13.4,14.184819221496582
15.7,14.92513656616211
11.7,13.196615219116211
11.9,13.268757820129395
15.4,14.746574401855469
13.4,14.310171127319336
17.7,16.39113998413086
12.5,14.080769538879395
19.9,15.856168746948242
13.3,13.855070114135742
13.5,14.631453514099121
15.5,15.056060791015625
15.4,15.075703620910645
14.8,15.320123672485352
15.8,15.58388900756836
12.8,12.630354881286621
16.0,15.487655639648438
17.9,15.574854850769043
16.2,15.509021759033203
15.5,15.131706237792969
14.7,15.025381088256836
15.7,14.718653678894043
15.4,15.215414047241211
15.1,14.364480018615723
11.7,13.524381637573242
17.0,14.705953598022461
15.0,14.642807960510254
16.4,15.846779823303223
14.7,14.377999305725098
15.2,14.835841178894043
17.7,15.323359489440918
15.3,14.970303535461426
11.8,13.284406661987305
12.1,13.971863746643066
17.4,16.0731201171875
17.2,16.066463470458984
17.3,16.188894271850586
16.6,15.810989379882812
15.8,15.082647323608398
12.4,14.132266998291016
13.3,14.07002067565918
14.2,14.761109352111816
14.2,14.605419158935547
14.4,14.586774826049805
15.6,14.894783020019531
15.3,15.06186580657959
14.9,14.740753173828125
14.5,14.293778419494629
18.7,15.361220359802246
14.5,14.522055625915527
15.8,15.142016410827637
16.6,16.12606430053711
9.8,13.300725936889648
12.4,13.965167999267578
14.4,14.519977569580078
11.8,13.36297607421875
16.9,15.687102317810059
18.7,16.065288543701172
14.6,14.682329177856445
14.1,14.649198532104492
15.7,14.813637733459473
14.1,14.707719802856445
14.3,14.156497955322266
17.3,15.623756408691406
14.6,14.433445930480957
9.8,13.328693389892578
14.7,14.633489608764648
11.9,13.706740379333496
14.0,14.574913024902344
14.9,14.918243408203125
14.8,15.213921546936035
15.5,14.933714866638184
14.7,14.760283470153809
18.3,14.486285209655762
12.5,15.076290130615234
19.2,15.609471321105957
17.0,15.92131233215332
14.3,14.48854923248291
14.4,14.317381858825684
15.7,15.115707397460938
13.3,13.983567237854004
13.6,14.344454765319824
19.2,16.6699275970459
13.7,13.928892135620117
11.9,14.017683029174805
13.7,13.979485511779785
13.3,14.59695053100586
14.0,14.684226036071777
15.9,14.903664588928223
17.2,16.273731231689453
14.3,15.057273864746094
14.8,14.85291862487793
15.0,15.007765769958496
16.5,15.521759033203125
13.5,14.279232025146484
15.7,15.336270332336426
12.5,13.923653602600098
15.7,15.25805377960205
12.6,13.797800064086914
19.7,16.69503402709961
18.3,16.016324996948242
12.4,13.352288246154785
14.6,14.940590858459473
9.2,13.006096839904785
14.2,14.414198875427246
15.6,15.096251487731934
13.2,14.189103126525879
14.7,15.412727355957031
13.7,13.627666473388672
16.0,14.855395317077637
13.5,14.67849063873291
11.7,13.56790828704834
16.0,15.566240310668945
12.3,13.9710693359375
13.1,13.82314682006836
12.0,13.70805549621582
10.7,13.669105529785156
11.4,13.180037498474121
18.2,16.300447463989258
16.5,15.787259101867676
14.0,14.412915229797363
12.6,13.898599624633789
16.3,15.929169654846191
15.0,14.82686996459961
15.5,14.939582824707031
13.9,14.666875839233398
6.4,12.264095306396484
17.9,15.600722312927246
14.3,14.693593978881836
15.8,15.320965766906738
9.2,12.761509895324707
6.8,13.28921890258789
15.0,14.574352264404297
12.7,13.712963104248047
14.1,14.561935424804688
14.8,14.67278003692627
14.9,14.739980697631836
14.4,14.602551460266113
14.0,14.332423210144043
14.4,14.060873985290527
13.0,14.604243278503418
14.7,15.152548789978027
13.4,13.981693267822266
15.2,14.851710319519043
12.1,13.783284187316895
15.0,14.57085132598877
14.2,14.684060096740723
13.6,14.009869575500488
16.1,14.934534072875977
17.0,15.574309349060059
13.1,14.099559783935547
17.6,16.1695556640625
15.3,15.008999824523926
12.6,13.65059757232666
17.0,15.724021911621094
15.1,14.710145950317383
18.3,16.3753662109375
12.6,14.088887214660645
14.0,14.229920387268066
18.6,16.621145248413086
15.4,15.417460441589355
16.2,15.438874244689941
15.4,15.099958419799805
12.2,14.057302474975586
15.1,15.009243965148926
17.3,15.356338500976562
15.0,14.731547355651855
14.7,14.9618501663208
11.7,13.791789054870605
13.0,14.509986877441406
17.5,16.197786331176758
15.1,14.843195915222168
10.9,13.462852478027344
15.9,15.569632530212402
17.0,15.541622161865234
14.8,14.42855453491211
15.2,14.775925636291504
9.9,13.191585540771484
16.7,15.535111427307129
17.3,15.649677276611328
16.8,15.940011024475098
15.7,15.138879776000977
14.7,15.508504867553711
17.6,16.224651336669922
13.0,13.923457145690918
13.8,14.78579330444336
18.2,16.325870513916016
13.5,13.983583450317383
16.8,15.568553924560547
17.9,15.647550582885742
11.0,13.627556800842285
17.2,15.839865684509277
15.6,14.834717750549316
17.3,14.807966232299805
12.3,14.126914978027344
15.6,15.074760437011719
14.1,14.361302375793457
12.5,13.939961433410645
15.2,15.31394100189209
18.3,15.943732261657715
9.6,13.764111518859863
11.2,13.268864631652832
13.4,13.73902416229248
17.1,15.861418724060059
13.5,14.176065444946289
11.3,13.69731616973877
14.0,14.6033296585083
14.5,14.348738670349121
14.8,14.83859920501709
11.9,13.386262893676758
18.2,16.707304000854492
14.8,15.43469524383545
13.1,14.064871788024902
13.0,13.479752540588379
16.2,15.881797790527344
14.7,14.728996276855469
16.4,15.361824035644531
19.3,16.40357780456543
14.4,14.82849407196045
15.4,15.102285385131836
13.9,14.197610855102539
15.4,15.094436645507812
14.8,14.94140625
11.5,14.259261131286621
7.7,12.446998596191406
10.4,13.430953025817871
13.9,14.14655590057373
11.5,14.067140579223633
16.8,16.155736923217773
17.9,15.19497299194336
15.5,14.199007034301758
18.2,16.169048309326172
13.0,13.661211013793945
15.7,14.698593139648438
13.4,14.006328582763672
18.0,15.330596923828125
15.1,14.881112098693848
15.9,14.864343643188477
13.7,14.584181785583496
18.2,16.503917694091797
11.2,13.484500885009766
15.5,14.967966079711914
14.4,14.266839027404785
16.8,15.911527633666992
16.9,15.249228477478027
18.8,16.264995574951172
11.9,13.496329307556152
16.0,15.232901573181152
15.4,14.92912483215332
14.9,14.98263168334961
15.4,15.074183464050293
14.9,14.974939346313477
12.3,13.563416481018066
14.8,14.753899574279785
12.7,13.939821243286133
13.1,14.071599960327148
13.0,14.335765838623047
11.8,13.917452812194824
15.2,14.847321510314941
16.3,15.163288116455078
14.7,14.713095664978027
16.6,15.678613662719727
10.7,13.074178695678711
9.6,13.282004356384277
17.3,15.885604858398438
15.5,15.039131164550781
12.4,13.518998146057129
13.0,14.013397216796875
14.3,14.262343406677246
14.6,14.937270164489746
16.5,14.949822425842285
14.3,14.79709243774414
12.0,14.04923152923584
14.7,15.004298210144043
15.1,14.791292190551758
16.5,15.126628875732422
12.3,13.128951072692871
13.0,13.947138786315918
13.7,14.733997344970703
17.0,16.277828216552734
14.8,14.248340606689453
15.9,15.137077331542969
8.8,14.356128692626953
16.1,15.254692077636719
13.7,14.037976264953613
14.2,14.74814224243164
19.8,16.796478271484375
14.2,15.034566879272461
14.1,14.45633602142334
13.8,14.284149169921875
14.9,14.587191581726074
15.2,15.662911415100098
16.0,15.477861404418945
11.8,13.341938972473145
6.8,10.976362228393555
12.1,13.950935363769531
15.1,14.939160346984863
15.9,14.238839149475098
14.7,14.896724700927734
16.0,15.124202728271484
15.7,15.332056045532227
12.8,14.087883949279785
15.8,15.127717971801758
13.8,15.048471450805664
17.0,15.783059120178223
15.0,14.81336498260498
13.5,14.839973449707031
14.5,15.04450798034668
14.3,14.59677505493164
14.8,14.898056983947754
15.5,14.908413887023926
16.4,15.703441619873047
16.6,15.670130729675293
13.6,14.20609188079834
16.7,15.4484281539917
15.6,14.816311836242676
16.7,15.636863708496094
13.7,14.10035228729248
13.8,14.400997161865234
14.2,13.882940292358398
17.0,15.646632194519043
17.9,16.39307975769043
12.5,13.80308723449707
16.3,15.739212036132812
10.7,12.486064910888672
13.6,14.442688941955566
15.1,14.933144569396973
15.6,15.356498718261719
16.0,15.1737699508667
14.0,14.25381851196289
16.5,15.295171737670898
18.1,16.437959671020508
16.0,15.26965045928955
15.8,15.365461349487305
14.4,14.70482349395752
18.3,16.511852264404297
15.7,15.081522941589355
15.8,15.214378356933594
14.6,14.429143905639648
14.4,14.546838760375977
8.0,11.580901145935059
14.9,14.858147621154785
18.3,16.140823364257812
16.0,15.305132865905762
15.0,14.910494804382324
18.0,16.32891082763672
16.4,15.540183067321777
16.1,15.581851959228516
14.6,15.082894325256348
15.4,14.962800979614258
14.6,14.613563537597656
14.5,15.223414421081543
16.1,15.097892761230469
16.3,14.563007354736328
18.7,14.635281562805176
14.1,14.761983871459961
14.5,14.16878604888916
16.3,15.133813858032227
15.0,14.426870346069336
14.8,14.62632942199707
14.3,14.523009300231934
15.5,14.884875297546387
14.9,14.723493576049805
16.0,14.868048667907715
15.4,14.681376457214355
15.3,14.809271812438965
14.7,14.740299224853516
14.8,14.77460765838623
16.4,15.723154067993164
14.2,14.792686462402344
14.3,14.666763305664062
14.4,14.653087615966797
12.2,14.228365898132324
13.0,13.691420555114746
16.5,14.670169830322266
15.7,15.083467483520508
16.3,15.27963638305664
15.8,14.801774978637695
15.7,14.791364669799805
17.6,14.809687614440918
13.7,15.111042976379395
19.8,16.872610092163086
14.3,14.827595710754395
16.0,14.967818260192871
15.6,15.380532264709473
19.0,16.540103912353516
12.3,13.875105857849121
14.0,13.825102806091309
17.6,15.851302146911621
14.8,15.14333724975586
15.1,14.71938419342041
16.0,15.027040481567383
18.2,16.511625289916992
16.4,15.875685691833496
17.0,15.735885620117188
15.5,14.916634559631348
14.2,14.367633819580078
18.4,16.48377227783203
16.2,15.903175354003906
14.1,14.415760040283203
17.7,15.802584648132324
13.9,14.909201622009277
10.9,13.923614501953125
12.2,13.394274711608887
18.7,16.68431854248047
16.4,15.066105842590332
15.5,14.907423973083496
18.9,16.0905818939209
16.1,15.485478401184082
13.9,15.152069091796875
18.7,16.83716583251953
16.1,15.316823959350586
18.4,16.472797393798828
14.4,15.44470500946045
15.0,14.75438404083252
17.8,15.856820106506348
15.6,15.185174942016602
14.2,14.26423168182373
18.1,14.914122581481934
13.8,14.202662467956543
15.4,14.758421897888184
14.5,14.930513381958008
14.6,14.36229419708252
14.0,13.889429092407227
15.6,14.974727630615234
14.3,14.528544425964355
16.7,15.719865798950195
16.7,15.52247428894043
15.8,15.184760093688965
16.0,15.325183868408203
15.8,14.893681526184082
14.7,15.341071128845215
10.1,13.71696662902832
16.3,15.858113288879395
15.1,14.783693313598633
14.3,14.813414573669434
15.5,14.417551040649414
18.3,16.035993576049805
17.4,15.954509735107422
16.2,15.126912117004395
15.3,15.005276679992676
16.4,15.278996467590332
15.7,15.833924293518066
15.6,14.845547676086426
15.7,16.44845199584961
14.7,14.700085639953613
16.5,15.580923080444336
14.6,14.69485855102539
15.2,14.794848442077637
16.8,15.629755973815918
18.9,16.602313995361328
15.4,14.897192001342773
13.1,14.263200759887695
13.3,14.793784141540527
16.2,15.156607627868652
8.7,11.187029838562012
11.0,13.957588195800781
14.7,14.847841262817383
13.3,14.41588020324707
14.2,14.0791015625
15.1,14.965455055236816
15.0,14.714566230773926
13.3,14.020332336425781
13.9,14.590511322021484
17.5,16.32258415222168
16.1,14.951008796691895
15.6,15.484383583068848
8.8,14.397597312927246
15.3,14.69577693939209
14.3,13.777769088745117
12.8,14.17514705657959
16.3,15.869760513305664
16.0,15.572732925415039
14.6,15.118972778320312
12.5,14.40491008758545
15.6,14.946379661560059
18.6,16.590187072753906
15.0,14.867114067077637
14.9,14.782285690307617
15.5,14.870247840881348
16.0,16.30064582824707
15.2,14.835869789123535
15.5,14.813872337341309
15.0,14.422212600708008
16.9,15.588207244873047
19.1,16.946992874145508
13.4,14.007524490356445
15.0,15.00649642944336
18.3,16.146379470825195
15.3,14.940606117248535
13.8,14.397093772888184
14.6,14.906145095825195
17.0,14.325004577636719
15.3,15.092964172363281
13.2,14.160911560058594
15.6,14.842519760131836
12.7,13.909014701843262
13.6,14.863737106323242
16.9,15.8203763961792
16.9,15.843063354492188
14.1,14.36342716217041
14.6,14.971428871154785
13.6,14.059484481811523
16.7,15.618865966796875
19.2,16.767892837524414
15.6,14.879230499267578
10.1,13.08908462524414
15.2,15.20689868927002
12.0,13.435454368591309
13.4,14.547531127929688
15.8,15.180191040039062
18.3,16.978105545043945
13.8,14.247635841369629
15.6,14.894887924194336
10.3,13.755894660949707
19.6,15.722359657287598
17.8,16.056913375854492
14.5,13.7891206741333
14.9,14.387805938720703
15.9,14.63999080657959
15.3,14.850274085998535
15.0,14.788031578063965
16.4,15.066279411315918
14.7,14.784526824951172
15.3,14.750252723693848
14.3,14.777619361877441
17.0,15.051639556884766
15.2,14.836596488952637
13.6,14.216340065002441
15.0,14.86513614654541
15.2,14.64762020111084
16.0,14.690409660339355
15.8,14.850690841674805
15.9,15.232471466064453
11.0,13.457711219787598
16.4,13.84882926940918
18.7,16.43038558959961
15.5,14.920807838439941
12.8,14.164924621582031
15.3,15.35512638092041
14.3,14.503239631652832
14.4,14.607662200927734
14.9,14.588240623474121
14.4,14.966320991516113
15.0,15.117210388183594
12.5,13.805974006652832
13.6,14.112361907958984
12.2,14.007204055786133
17.1,15.895271301269531
14.0,14.543659210205078
15.1,14.713016510009766
14.4,15.573884963989258
14.6,15.048196792602539
17.1,16.244176864624023
16.8,15.185325622558594
17.2,14.623291969299316
14.8,14.62993335723877
16.1,15.210892677307129
11.2,13.481279373168945
13.9,14.487314224243164
16.5,15.546321868896484
15.4,14.842801094055176
19.0,14.091889381408691
17.9,16.65213966369629
11.9,13.921814918518066
17.0,15.07185173034668
16.4,15.211115837097168
16.6,15.584171295166016
13.0,14.101947784423828
15.1,15.13688850402832
14.6,15.029264450073242
18.5,16.52323341369629
15.4,14.974237442016602
8.2,12.740900039672852
15.9,14.677988052368164
15.4,14.923046112060547
11.2,13.22045612335205
15.3,14.858272552490234
15.7,15.201165199279785
18.3,16.33578109741211
19.0,16.600414276123047
17.0,15.659371376037598
15.6,14.788362503051758
19.4,15.597270965576172
19.8,16.891599655151367
15.7,15.192215919494629
16.5,15.070204734802246
13.1,13.844008445739746
10.9,13.537898063659668
12.4,14.196871757507324
14.1,14.746456146240234
14.4,13.814393043518066
14.3,14.459416389465332
14.9,14.38058090209961
14.3,14.643799781799316
15.3,14.767416954040527
18.8,16.137216567993164
15.2,15.376330375671387
14.1,14.000998497009277
16.1,15.552742004394531
18.9,15.02116870880127
18.4,15.59582233428955
19.1,16.200538635253906
15.0,15.165834426879883
12.4,13.865930557250977
10.6,14.919807434082031
9.5,13.045577049255371
14.2,14.447310447692871
16.7,14.69204330444336
15.2,15.000246047973633
14.7,14.407668113708496
15.1,14.874922752380371
12.0,13.392974853515625
19.5,16.992809295654297
18.2,16.733097076416016
12.8,14.154606819152832
13.5,14.312249183654785
13.7,14.674643516540527
15.2,14.964140892028809
15.0,15.28197193145752
14.5,15.113198280334473
14.7,15.052384376525879
11.9,13.866181373596191
14.7,14.883583068847656
13.0,13.746691703796387
16.8,15.831460952758789
13.2,14.411091804504395
14.3,14.792729377746582
12.0,13.900168418884277
15.8,14.881246566772461
11.2,12.919841766357422
11.7,13.90072250366211
15.1,14.94295597076416
11.1,13.232536315917969
13.9,14.822900772094727
9.8,13.131853103637695
15.0,14.771971702575684
16.3,15.7316312789917
13.8,14.717339515686035
13.2,13.22623348236084
15.6,14.806955337524414
15.3,14.838130950927734
13.2,13.970547676086426
19.6,16.67377471923828
14.5,14.573831558227539
16.8,14.887772560119629
16.1,15.119560241699219
12.7,14.762293815612793
12.1,14.534599304199219
13.1,14.31619930267334
10.1,12.942415237426758
19.1,16.405786514282227
13.3,14.767844200134277
13.4,14.487762451171875
14.0,14.19776439666748
14.5,14.799492835998535
13.1,13.25333023071289
12.3,14.0681791305542
12.7,13.3143310546875
15.0,14.73091983795166
12.7,13.254877090454102
14.3,14.456395149230957
14.0,14.441081047058105
19.4,16.845224380493164
14.6,14.740193367004395
14.8,15.357643127441406
14.8,15.303104400634766
18.1,16.838838577270508
14.5,14.853089332580566
14.3,14.640340805053711
14.2,13.992406845092773
14.2,14.717606544494629
14.8,14.965989112854004
13.9,14.346805572509766
14.3,14.947957038879395
16.5,15.637487411499023
19.4,16.138267517089844
17.9,15.641995429992676
8.2,12.201997756958008
10.2,13.488859176635742
14.7,14.629861831665039
13.7,14.2232027053833
15.7,14.60221004486084
15.1,14.324568748474121
14.5,14.621539115905762
16.4,15.597780227661133
14.1,14.410667419433594
16.9,15.500072479248047
12.9,13.962316513061523
15.4,15.10099983215332
16.7,14.331517219543457
19.0,15.484315872192383
15.6,15.132115364074707
14.1,14.240889549255371
12.0,14.538792610168457
13.7,13.723947525024414
17.5,15.880544662475586
15.6,15.28570556640625
15.4,15.239025115966797
12.3,13.988439559936523
9.0,13.489972114562988
12.8,14.916014671325684
7.3,11.203251838684082
14.1,14.298483848571777
13.8,14.219817161560059
13.9,14.255436897277832
15.8,15.328478813171387
11.9,13.4436616897583
12.9,13.83149528503418
12.9,14.077651023864746
15.4,14.825872421264648
13.0,13.941105842590332
12.4,14.177177429199219
14.2,14.433661460876465
14.3,13.710460662841797
16.3,15.447003364562988
11.0,13.240816116333008
13.8,14.021585464477539
8.5,11.656545639038086
10.2,13.293627738952637
12.7,13.679189682006836
19.6,16.81060218811035
14.8,14.960076332092285
8.4,11.782235145568848
15.2,14.789713859558105
15.8,15.34041976928711
10.9,12.780145645141602
14.9,14.22262954711914
16.9,15.948736190795898
13.2,13.740248680114746
14.3,14.66103744506836
14.5,14.266571998596191
12.8,14.214089393615723
14.6,14.454900741577148
13.7,14.522132873535156
13.8,14.499223709106445
13.5,13.999133110046387
14.7,14.75301456451416
15.4,14.759082794189453
13.5,14.316617965698242
17.3,16.033830642700195
16.7,15.746393203735352
18.8,16.627395629882812
14.2,14.467386245727539
19.8,16.350461959838867
14.1,14.937078475952148
11.1,13.39873218536377
13.4,14.152177810668945
14.1,14.565914154052734
15.8,15.119929313659668
15.3,15.352958679199219
8.7,11.78056526184082
19.5,16.900718688964844
11.4,14.364992141723633
14.5,14.712794303894043
13.7,14.227940559387207
14.4,14.421308517456055
16.3,15.65678882598877
14.7,14.407181739807129
19.2,15.887674331665039
14.5,14.7100248336792
10.8,13.143324851989746
14.0,14.581177711486816
14.1,14.670709609985352
18.1,16.619216918945312
13.3,13.799962997436523
16.3,15.479884147644043
14.3,14.597538948059082
16.8,16.05268669128418
13.2,15.497333526611328
18.1,16.61292839050293
14.2,14.572163581848145
17.9,16.379701614379883
16.3,15.258885383605957
15.4,15.035947799682617
15.4,14.849884986877441
11.7,14.457171440124512
14.8,14.762804985046387
14.7,14.761336326599121
8.3,11.724002838134766
13.6,13.976578712463379
15.5,14.950490951538086
18.6,16.423608779907227
15.3,15.129196166992188
9.7,13.129773139953613
15.2,14.81302261352539
15.2,15.246336936950684
12.6,13.719911575317383
16.8,15.66496753692627
13.9,13.74561882019043
14.4,14.408967971801758
15.2,15.162676811218262
14.7,14.54233455657959
15.5,15.22201919555664
15.7,14.492012977600098
8.0,11.652730941772461
14.4,14.12884521484375
16.2,14.954663276672363
14.7,14.572860717773438
13.5,14.183643341064453
14.5,14.26977252960205
15.4,14.960959434509277
14.1,14.4324312210083
15.1,14.78557300567627
16.3,15.177939414978027
14.7,14.529294967651367
12.8,13.57682991027832
15.5,14.971710205078125
13.0,13.74904727935791
15.7,15.142062187194824
13.2,14.821080207824707
16.7,16.01152992248535
16.3,15.501498222351074
18.6,16.161373138427734
15.3,15.077288627624512
12.9,13.581892013549805
15.0,15.158088684082031
13.6,15.216511726379395
13.5,14.38987922668457
14.1,14.49685001373291
13.0,13.669466018676758
14.0,14.238544464111328
19.3,16.905445098876953
10.9,13.016422271728516
12.6,13.671265602111816
11.3,13.998930931091309
13.1,14.126079559326172
15.7,15.915626525878906
14.3,14.710256576538086
15.0,14.350689888000488
12.9,14.07151985168457
16.3,15.458046913146973
14.9,14.95309066772461
14.7,14.743319511413574
14.3,14.180357933044434
14.1,14.653694152832031
13.9,14.628426551818848
16.7,14.952515602111816
7.1,13.613194465637207
11.7,13.4977445602417
14.2,14.57573413848877
14.8,14.296374320983887
14.3,14.704421043395996
12.2,13.971648216247559
14.0,14.414946556091309
13.8,14.437437057495117
13.6,14.042645454406738
16.3,15.16842269897461
15.2,14.759955406188965
14.7,14.753449440002441
13.9,14.371575355529785
8.7,13.479541778564453
15.4,15.04238510131836
13.5,14.39384651184082
14.4,15.149980545043945
16.5,15.872369766235352
15.6,15.173245429992676
14.2,14.47337818145752
13.7,14.323692321777344
11.5,14.240842819213867
15.3,14.57048225402832
13.9,14.41266918182373
10.6,13.0322904586792
18.4,15.660388946533203
17.9,16.610666275024414
15.4,14.863134384155273
14.1,14.127849578857422
17.5,15.222972869873047
12.8,14.247238159179688
12.7,14.429332733154297
12.5,13.664464950561523
16.3,15.702680587768555
12.2,14.18800163269043
15.0,14.70532512664795
15.1,15.107330322265625
12.1,13.485235214233398
15.4,14.505681037902832
14.8,14.757840156555176
13.5,14.387656211853027
12.1,14.15363597869873
14.9,14.971064567565918
15.2,14.748185157775879
16.0,14.977811813354492
16.8,15.6328125
11.8,13.12605094909668
14.5,14.962035179138184
17.1,15.59011459350586
11.8,13.507702827453613
15.2,14.678304672241211
16.2,15.160710334777832
12.6,14.360499382019043
14.0,14.976439476013184
13.0,14.680946350097656
13.6,14.425623893737793
13.2,14.295787811279297
13.6,14.334131240844727
11.0,13.180604934692383
16.5,15.742706298828125
15.6,15.21875286102295
15.6,14.474837303161621
14.3,14.564473152160645
15.4,14.857322692871094
16.1,15.581448554992676
14.6,14.97478199005127
9.2,12.270563125610352
17.1,16.00497055053711
16.0,15.127081871032715
13.2,13.967581748962402
19.3,14.725425720214844
13.3,13.820107460021973
13.9,14.329938888549805
11.2,13.223700523376465
15.4,15.328356742858887
12.0,13.55731201171875
14.1,15.394844055175781
6.2,11.638046264648438
15.2,14.791769981384277
16.0,15.231611251831055
18.5,15.653101921081543
14.3,14.755796432495117
16.3,15.524195671081543
15.6,14.862615585327148
17.5,16.060684204101562
15.2,15.711348533630371
19.1,16.265310287475586
10.1,14.427905082702637
16.7,15.853885650634766
8.6,13.746561050415039
14.6,14.935567855834961
13.8,14.865559577941895
13.1,14.251920700073242
13.2,13.9666166305542
16.4,15.23458194732666
16.8,15.60653018951416
17.8,16.33843231201172
10.0,13.752812385559082
17.5,14.963393211364746
14.7,14.531270980834961
18.6,14.972360610961914
15.0,14.82329273223877
14.5,14.783280372619629
8.1,13.188098907470703
7.2,11.507201194763184
13.0,14.090022087097168
14.4,14.834678649902344
13.1,13.783902168273926
11.7,13.997672080993652
15.1,14.665573120117188
13.8,13.864261627197266
14.3,14.386408805847168
14.9,14.584687232971191
10.5,13.198443412780762
14.0,14.313592910766602
14.4,14.388160705566406
14.9,14.666923522949219
13.2,14.26860523223877
12.7,13.72219181060791
13.3,14.215963363647461
13.3,14.07652473449707
18.6,15.981689453125
12.8,13.789329528808594
13.8,13.840018272399902
15.9,14.823798179626465
16.7,15.535008430480957
13.0,14.402902603149414
17.8,15.734853744506836
17.6,16.10763168334961
13.4,14.18832778930664
15.3,14.975719451904297
15.2,15.19489860534668
15.0,14.672240257263184
16.7,15.249940872192383
14.8,14.715115547180176
9.1,12.425167083740234
15.0,14.530583381652832
14.2,14.42086410522461
15.8,15.109646797180176
19.9,16.82053565979004
15.9,15.632336616516113
18.5,16.08591079711914
15.7,15.050637245178223
11.7,13.12651538848877
15.7,15.138450622558594
15.3,15.00118637084961
15.6,15.43738079071045
14.8,14.841395378112793
14.8,14.518747329711914
16.0,14.68442153930664
18.1,16.439327239990234
15.0,14.893646240234375
15.0,15.108457565307617
19.7,16.950138092041016
19.5,17.040443420410156
14.0,14.49372673034668
14.3,14.224241256713867
15.9,14.624500274658203
17.8,16.21437644958496
14.9,14.871129035949707
11.4,14.886913299560547
16.3,15.372611999511719
18.6,16.502023696899414
10.3,12.91948127746582
15.0,15.67412281036377
15.0,14.681483268737793
15.1,14.856228828430176
13.4,14.546557426452637
18.0,15.145936012268066
15.4,15.07480525970459
11.1,13.14892292022705
15.4,15.0087308883667
15.7,14.838759422302246
13.5,13.805135726928711
15.6,14.83248519897461
19.3,16.90553092956543
14.5,14.34195613861084
17.1,16.09868812561035
7.0,11.425223350524902
14.6,14.930219650268555
15.3,14.9655179977417
16.1,15.763012886047363
14.6,15.2233304977417
10.6,12.930364608764648
18.8,15.350370407104492
11.8,13.273101806640625
17.8,16.000869750976562
15.2,14.710881233215332
15.5,14.271158218383789
14.9,14.605289459228516
14.3,14.649142265319824
8.4,13.075650215148926
19.9,16.223283767700195
11.3,13.463113784790039
12.9,14.036040306091309
17.8,15.848116874694824
14.4,14.627373695373535
15.3,14.936609268188477
15.0,15.167824745178223
16.6,16.443157196044922
13.8,14.348880767822266
15.0,15.683958053588867
19.2,16.905546188354492
13.9,13.854011535644531
8.0,11.734518051147461
12.4,13.855156898498535
10.5,13.332594871520996
11.3,13.008123397827148
13.2,14.250959396362305
14.6,15.287201881408691
8.9,12.688203811645508
15.5,14.844161033630371
12.9,13.50553035736084
14.2,14.47252368927002
12.0,13.162784576416016
14.8,14.263958930969238
13.9,14.576489448547363
15.8,14.941256523132324
15.5,14.220873832702637
13.1,13.962185859680176
19.1,16.29314613342285
15.1,14.947991371154785
13.5,13.95064640045166
15.1,14.297663688659668
14.8,15.234420776367188
13.0,13.676414489746094
17.0,15.59933853149414
11.5,12.727476119995117
16.4,15.002613067626953
6.8,13.101484298706055
18.9,16.627792358398438
10.9,13.580904960632324
12.5,13.70756721496582
17.5,16.103382110595703
13.3,14.985527038574219
9.9,13.822117805480957
17.6,16.27259063720703
14.9,14.765174865722656
17.0,15.57802963256836
16.6,15.362483978271484
16.0,15.312431335449219
13.2,14.249905586242676
8.9,11.327738761901855
18.0,14.651009559631348
12.3,14.483094215393066
12.8,14.448196411132812
14.0,14.012496948242188
14.4,14.788789749145508
7.6,13.522564888000488
15.0,15.224660873413086
14.9,14.810822486877441
18.4,16.641273498535156
13.2,14.47412109375
18.0,16.568504333496094
12.3,13.811798095703125
15.0,14.845121383666992
19.9,16.344396591186523
14.8,15.242758750915527
18.3,16.422077178955078
8.2,12.004201889038086
17.1,16.217174530029297
14.0,14.494985580444336
14.8,15.670347213745117
16.2,15.14333724975586
13.1,14.621915817260742
14.9,14.530327796936035
12.8,13.800762176513672
14.9,14.91560173034668
11.8,13.643413543701172
17.7,16.510147094726562
15.4,14.826848983764648
16.6,15.43356704711914
14.9,14.593948364257812
11.3,14.426127433776855
14.3,15.139906883239746
14.8,15.433537483215332
15.9,15.530258178710938
18.6,16.421308517456055
13.8,13.420300483703613
17.0,16.004653930664062
12.9,14.33413028717041
14.4,14.861173629760742
12.2,14.044004440307617
16.3,15.66982650756836
14.5,14.785953521728516
14.6,14.699464797973633
13.9,14.36088752746582
12.9,14.231369972229004
14.9,15.516639709472656
15.3,14.722107887268066
17.2,15.657153129577637
17.5,15.806754112243652
16.0,15.503149032592773
15.2,14.934494972229004
12.5,14.67991828918457
15.3,15.413947105407715
10.7,13.158624649047852
14.8,14.728014945983887
14.7,15.2628755569458
18.0,14.723822593688965
6.9,12.481054306030273
11.7,13.424610137939453
15.2,15.089498519897461
15.1,14.51331615447998
18.9,15.552088737487793
15.4,14.48351764678955
14.1,14.334693908691406
14.6,14.927630424499512
13.8,13.498886108398438
16.8,15.576498985290527
19.8,15.415651321411133
14.4,14.475465774536133
15.6,14.8533935546875
15.4,15.066313743591309
11.0,13.560356140136719
17.0,16.406734466552734
13.7,14.591267585754395
14.0,14.12846565246582
17.8,15.48521900177002
14.4,15.10372543334961
19.4,16.84918785095215
18.8,15.742767333984375
15.4,15.41827392578125
14.2,14.337573051452637
16.2,15.114185333251953
15.0,14.789830207824707
19.4,16.77853775024414
14.2,14.387314796447754
18.7,16.59876251220703
14.9,14.68355941772461
12.8,13.852713584899902
15.6,14.790216445922852
13.7,14.336252212524414
15.9,15.662368774414062
18.0,16.680810928344727
14.4,14.34689998626709
15.7,14.863210678100586
15.4,14.93908405303955
17.3,16.148378372192383
11.9,13.578685760498047
14.2,14.195220947265625
14.7,14.714987754821777
14.8,14.628338813781738
15.2,14.88432788848877
12.0,14.070838928222656
14.3,14.577503204345703
16.0,15.122455596923828
15.7,15.060328483581543
15.3,14.073224067687988
14.3,14.631434440612793
15.6,15.179740905761719
15.4,15.151997566223145
14.4,14.473054885864258
14.1,14.319039344787598
11.5,13.456733703613281
17.1,15.43907356262207
7.6,13.352269172668457
16.3,15.311210632324219
17.6,16.80020523071289
14.2,14.333385467529297
18.1,16.241945266723633
13.6,14.179380416870117
13.3,14.49671745300293
10.4,13.521262168884277
16.2,14.584604263305664
19.2,16.26609992980957
12.4,13.839761734008789
14.2,14.81637954711914
7.1,11.73048210144043
11.4,13.785393714904785
15.0,14.868741035461426
8.1,11.021870613098145
12.9,13.957708358764648
12.2,13.433974266052246
15.9,15.203381538391113
12.3,13.627448081970215
15.0,14.959053993225098
15.4,14.790689468383789
13.8,14.474125862121582
16.7,15.449737548828125
18.4,15.823495864868164
18.3,15.931564331054688
10.0,13.205537796020508
14.2,13.383696556091309
12.8,13.64615535736084
14.8,14.583725929260254
14.8,14.795275688171387
16.1,14.585898399353027
16.2,15.524638175964355
8.7,11.51082992553711
15.5,14.937298774719238
16.7,15.340505599975586
16.9,15.998167037963867
17.2,16.291797637939453
13.1,14.263120651245117
16.6,15.894417762756348
18.4,16.0733699798584
19.4,15.800251960754395
13.9,14.3718843460083
16.1,15.503870964050293
14.5,14.353047370910645
7.4,12.717033386230469
19.0,15.942626953125
14.2,14.59255313873291
16.2,15.405251502990723
15.2,14.703628540039062
15.5,14.72186279296875
17.9,15.287358283996582
14.7,15.031356811523438
16.1,15.454547882080078
14.8,14.479798316955566
17.9,16.437732696533203
14.7,14.765292167663574
14.8,14.782662391662598
15.3,14.668329238891602
15.5,15.618528366088867
16.0,14.930513381958008
15.6,15.214666366577148
15.0,14.826263427734375
14.9,14.73259449005127
12.2,13.119955062866211
12.2,13.652116775512695
16.4,15.627338409423828
15.7,14.877570152282715
15.3,15.124068260192871
9.9,12.899269104003906
15.2,14.848621368408203
14.5,14.810176849365234
14.7,14.763540267944336
16.2,15.709291458129883
14.1,14.870972633361816
14.9,15.124068260192871
16.3,14.933902740478516
16.1,15.205506324768066
14.1,15.101357460021973
16.8,15.99123477935791
15.2,15.020966529846191
17.8,16.130292892456055
17.8,15.1754789352417
12.8,14.01963996887207
13.4,13.637605667114258
15.6,15.151793479919434
16.2,14.774391174316406
16.4,14.88132095336914
15.4,14.847858428955078
17.3,16.42348289489746
14.6,14.730822563171387
14.0,14.591204643249512
17.4,15.270345687866211
16.1,16.422733306884766
15.0,14.806038856506348
13.7,14.176446914672852
14.5,15.223199844360352
19.8,16.87289810180664
15.4,15.285492897033691
15.3,14.977540969848633
17.2,15.522865295410156
10.9,13.655539512634277
14.1,14.820037841796875
14.8,15.017351150512695
15.0,15.090415000915527
18.0,16.435394287109375
16.4,15.586727142333984
15.4,15.3052339553833
14.5,15.780721664428711
12.0,13.764269828796387
11.9,14.209909439086914
13.7,14.9834623336792
14.0,14.352960586547852
10.5,13.436273574829102
13.7,14.034541130065918
15.0,14.742143630981445
16.3,15.105043411254883
17.4,16.62671661376953
15.5,14.98316764831543
15.0,14.772088050842285
15.3,14.814204216003418
15.3,15.12338924407959
16.5,13.804756164550781
14.0,14.511500358581543
19.4,16.883800506591797
16.2,15.922236442565918
14.3,14.722021102905273
15.8,14.942947387695312
15.1,14.876932144165039
17.2,16.295061111450195
14.0,15.513639450073242
16.9,15.128934860229492
13.2,14.015640258789062
14.2,14.769820213317871
13.8,14.617521286010742
15.7,15.080157279968262
14.6,14.463043212890625
14.9,15.100519180297852
13.1,13.905387878417969
16.2,15.686553001403809
13.5,13.88858413696289
14.1,14.26829719543457
13.8,14.273491859436035
10.5,13.775291442871094
17.0,15.565522193908691
15.9,15.306050300598145
14.8,14.421842575073242
15.2,14.345839500427246
12.9,13.6397123336792
13.9,14.23409366607666
14.8,14.671634674072266
13.9,15.034079551696777
15.2,14.286697387695312
15.5,14.96530818939209
13.6,13.692419052124023
15.8,14.91352367401123
15.7,15.430834770202637
12.5,13.537544250488281
15.1,14.839571952819824
15.6,14.43054485321045
18.9,16.852968215942383
16.6,15.636472702026367
13.6,14.728736877441406
10.8,12.879889488220215
15.9,15.443367004394531
16.7,16.021713256835938
15.3,14.922354698181152
14.9,15.127243041992188
15.8,14.660970687866211
19.2,15.903440475463867
16.2,15.51202392578125
18.6,16.50118064880371
15.3,14.780816078186035
16.1,15.752671241760254
11.3,12.808317184448242
11.1,13.153424263000488
10.8,14.689990997314453
16.1,15.289735794067383
15.4,15.323905944824219
18.3,16.835657119750977
13.6,14.358274459838867
16.3,14.291482925415039
15.4,15.36397933959961
16.8,16.144710540771484
18.1,16.134586334228516
15.5,15.033147811889648
14.8,15.343768119812012
17.1,16.645496368408203
13.8,14.59843921661377
19.7,16.753854751586914
13.0,14.302106857299805
18.2,16.419570922851562
10.5,13.229086875915527
9.2,13.655561447143555
14.0,13.97664737701416
18.9,15.96166706085205
19.8,15.40963077545166
15.5,14.809507369995117
12.3,13.931886672973633
13.2,13.981947898864746
14.8,14.931692123413086
15.9,15.463504791259766
11.4,13.610483169555664
13.1,14.102066040039062
12.4,13.7642822265625
15.2,14.766854286193848
18.5,15.45103645324707
16.1,15.251078605651855
16.0,15.39483642578125
15.1,14.903013229370117
15.2,15.354976654052734
18.1,16.629100799560547
11.9,13.701533317565918
11.1,13.594633102416992
13.3,14.619967460632324
16.3,15.54473876953125
13.7,14.528465270996094
15.3,15.004427909851074
15.1,15.033990859985352
18.6,16.07634925842285
16.6,15.476004600524902
13.6,14.29093074798584
13.6,14.362546920776367
14.4,14.63303279876709
15.7,15.018062591552734
14.4,14.719807624816895
18.1,16.650318145751953
17.6,16.49141502380371
11.2,12.829787254333496
15.6,14.85733699798584
13.2,13.746480941772461
16.3,14.78252124786377
14.7,14.709945678710938
15.3,14.060580253601074
14.5,14.183329582214355
9.3,11.83834171295166
17.3,15.110626220703125
17.1,15.94291877746582
15.6,14.885355949401855
16.1,15.178655624389648
8.5,12.454224586486816
17.0,14.906630516052246
18.8,16.231365203857422
16.1,15.354239463806152
16.0,15.5496244430542
16.0,15.02065658569336
16.0,15.267901420593262
16.8,15.367290496826172
14.7,14.567991256713867
17.2,15.528925895690918
12.5,13.652545928955078
14.0,14.696100234985352
13.9,14.568854331970215
15.8,14.98551082611084
13.6,14.282127380371094
18.0,15.919238090515137
18.0,16.37433624267578
14.5,14.168045997619629
15.9,15.234167098999023
17.0,16.39430046081543
19.4,16.74498748779297
14.8,14.21114444732666
18.6,16.70976448059082
15.3,15.122925758361816
19.1,15.1884183883667
10.1,13.462127685546875
13.7,13.507676124572754
12.2,14.728979110717773
18.2,16.008256912231445
14.9,14.538508415222168
13.9,14.94637680053711
14.5,14.299603462219238
12.8,14.005661964416504
16.5,15.351682662963867
16.2,15.313115119934082
16.1,14.951037406921387
19.2,16.76979637145996
18.8,16.39716911315918
14.9,14.52316951751709
13.4,14.344958305358887
17.1,15.487222671508789
13.0,14.003232955932617
15.6,14.372034072875977
15.2,15.603922843933105
15.6,14.949831008911133
15.6,15.090739250183105
13.2,14.09207820892334
12.2,13.748003959655762
15.1,14.919157981872559
13.0,14.518460273742676
10.4,14.1967134475708
10.9,12.851470947265625
15.1,15.118712425231934
16.7,15.690475463867188
16.3,14.878856658935547
19.3,15.506338119506836
14.4,14.58349323272705
16.0,14.903334617614746
13.9,13.996664047241211
17.0,15.982858657836914
12.1,13.285032272338867
17.3,15.738248825073242
16.0,15.330216407775879
16.0,15.716545104980469
19.2,16.284290313720703
16.2,15.927412033081055
17.0,15.367816925048828
14.7,14.75511360168457
15.5,14.852362632751465
12.7,13.95875358581543
14.1,14.473691940307617
12.1,13.348552703857422
15.2,14.847805976867676
17.6,16.18336296081543
11.7,14.507522583007812
15.4,14.703873634338379
16.5,15.424812316894531
18.4,16.83741569519043
17.1,15.669283866882324
19.7,16.734636306762695
12.6,14.001392364501953
14.2,14.085823059082031
14.4,13.974384307861328
11.4,13.501112937927246
14.2,14.244775772094727
13.3,13.731924057006836
11.5,13.1956787109375
14.9,14.558724403381348
13.1,14.051246643066406
16.8,15.922406196594238
14.5,14.232495307922363
15.1,15.126935005187988
12.4,13.623796463012695
14.8,15.182388305664062
16.0,15.37203598022461
16.1,15.183880805969238
15.6,15.013046264648438
13.3,13.923088073730469
18.1,14.269807815551758
12.7,14.89157485961914
12.0,13.487968444824219
14.6,14.449677467346191
18.0,15.808282852172852
15.5,14.883539199829102
14.9,14.778687477111816
16.1,15.221064567565918
16.3,15.507930755615234
14.8,14.74344539642334
14.0,14.51566219329834
14.5,15.027645111083984
16.5,15.024389266967773
17.5,15.723222732543945
13.7,14.161626815795898
18.6,16.81021499633789
9.0,12.95532512664795
18.2,14.115311622619629
9.4,12.451170921325684
18.0,16.381412506103516
14.0,14.48726749420166
16.2,15.151793479919434
15.6,15.056668281555176
17.2,15.640849113464355
15.8,15.148149490356445
17.2,16.209733963012695
16.9,15.142046928405762
18.7,15.26443099975586
13.0,13.909143447875977
18.8,16.14204978942871
16.6,15.230828285217285
17.2,15.250858306884766
17.2,15.172004699707031
15.6,14.873702049255371
12.8,13.875826835632324
17.5,16.144365310668945
15.3,14.81142807006836
15.7,15.137225151062012
15.4,15.08536434173584
15.9,15.670125961303711
18.3,16.669132232666016
19.7,16.85485076904297
14.6,14.56411075592041
17.4,16.120319366455078
15.4,15.478153228759766
13.8,15.103484153747559
15.8,15.604076385498047
15.6,14.836403846740723
14.8,15.127405166625977
17.3,16.097511291503906
14.1,14.083481788635254
17.6,16.06007957458496
15.5,15.425466537475586
17.9,15.641212463378906
16.8,15.975320816040039
13.5,14.804139137268066
13.4,13.432458877563477
7.5,13.668436050415039
16.5,15.85608959197998
17.0,16.113428115844727
18.5,15.314552307128906
13.5,14.086390495300293
15.5,14.744869232177734
13.9,14.776324272155762
14.5,14.306568145751953
13.3,14.515331268310547
17.5,16.441280364990234
15.1,15.19045639038086
14.9,14.479122161865234
14.9,14.782600402832031
19.4,16.735130310058594
17.1,15.857504844665527
15.9,15.190320014953613
10.2,14.049110412597656
11.6,14.834235191345215
17.8,16.21977996826172
16.1,15.63346004486084
14.7,14.558032989501953
16.2,15.29684066772461
16.1,15.60830307006836
17.5,15.939225196838379
17.3,16.055953979492188
15.0,14.677804946899414
10.5,12.739842414855957
11.7,14.474508285522461
15.9,15.540963172912598
14.5,14.301240921020508
10.6,13.798661231994629
18.9,16.36293601989746
12.6,13.798434257507324
14.7,14.704111099243164
11.1,12.58531379699707
16.0,15.353081703186035
15.0,14.807772636413574
18.9,15.711015701293945
14.6,14.600811958312988
18.4,16.66012954711914
15.4,14.933170318603516
15.4,14.962791442871094
18.2,16.46689224243164
18.7,16.717510223388672
18.6,16.584728240966797
11.8,14.413429260253906
19.0,16.318483352661133
10.8,14.13198471069336
17.3,15.53087043762207
14.4,14.87022590637207
19.3,16.437149047851562
15.6,15.201211929321289
15.7,15.21536636352539
16.1,15.940247535705566
14.9,14.797054290771484
14.8,14.879319190979004
18.3,16.27605438232422
17.2,16.545513153076172
15.0,14.978475570678711
12.8,14.00532341003418
10.6,13.698748588562012
9.9,13.905718803405762
13.5,14.885624885559082
14.1,14.50699234008789
15.3,14.73769474029541
14.2,14.473825454711914
14.0,14.77931022644043
14.1,15.018964767456055
14.3,14.42442798614502
16.4,15.633076667785645
18.6,16.734220504760742
11.9,14.271505355834961
15.1,15.36259651184082
15.0,14.71381950378418
16.4,15.957945823669434
17.0,15.349244117736816
13.2,13.583364486694336
14.0,14.482523918151855
16.1,15.188535690307617
11.2,13.328360557556152
15.5,15.43622875213623
14.2,14.94480037689209
18.1,16.153722763061523
12.6,13.565535545349121
13.5,14.037951469421387
18.0,16.572385787963867
14.9,14.782825469970703
15.2,15.134363174438477
15.0,14.822367668151855
19.4,16.680797576904297
16.7,15.509875297546387
15.4,14.895245552062988
18.4,15.346436500549316
19.7,16.872228622436523
19.1,17.052282333374023
18.8,15.471848487854004
14.8,14.816393852233887
13.7,14.998303413391113
18.0,16.64548110961914
15.5,15.067253112792969
13.3,13.891884803771973
12.6,13.9432373046875
15.7,15.201709747314453
17.8,15.559768676757812
11.1,12.788859367370605
14.8,14.765206336975098
13.7,14.42878532409668
15.0,14.456025123596191
16.0,15.674025535583496
14.5,14.863282203674316
14.9,14.905866622924805
19.3,15.94170093536377
13.5,14.019485473632812
17.3,16.180770874023438
16.2,15.72469711303711
19.2,14.747823715209961
16.6,15.926417350769043
10.5,13.287369728088379
14.6,14.077840805053711
17.2,16.461681365966797
15.6,15.35531234741211
16.5,16.318265914916992
14.4,15.084545135498047
15.0,14.449761390686035
15.2,15.108633041381836
17.0,15.542747497558594
14.9,14.594643592834473
18.0,16.43233299255371
13.6,15.141682624816895
14.0,14.61090087890625
15.9,15.17395305633545
17.2,16.210716247558594
14.5,14.41589641571045
15.8,14.885157585144043
14.5,14.774697303771973
14.8,14.932623863220215
14.4,15.080589294433594
15.6,14.87354564666748
15.1,14.910746574401855
16.0,15.908809661865234
19.3,16.364381790161133
12.8,13.6550931930542
15.7,15.025407791137695
16.3,15.562232971191406
18.9,16.67043113708496
13.8,14.69379711151123
12.5,14.091316223144531
15.2,15.134563446044922
14.6,15.18619441986084
16.6,15.860712051391602
17.2,16.16484832763672
17.5,16.19989013671875
16.5,15.191343307495117
14.2,14.82607650756836
18.8,16.24110984802246
19.5,16.518783569335938
8.7,12.276531219482422
12.1,14.034577369689941
14.9,14.797615051269531
19.1,16.399391174316406
19.1,16.301362991333008
12.4,13.553255081176758
14.6,14.56331729888916
17.0,16.04682731628418
17.7,16.50571060180664
12.4,14.128737449645996
13.6,15.086180686950684
13.5,14.664591789245605
10.1,13.417500495910645
15.1,15.051321983337402
13.2,14.415731430053711
11.3,13.394577026367188
11.3,13.79957103729248
14.2,14.215898513793945
14.5,14.578737258911133
13.4,14.112919807434082
12.9,13.716503143310547
13.3,14.83959674835205
17.9,16.175554275512695
15.4,15.008157730102539
18.8,16.45429039001465
16.4,14.905877113342285
14.8,14.588910102844238
12.4,13.950324058532715
14.7,14.816155433654785
13.4,13.991157531738281
16.2,15.077644348144531
14.3,14.2720365524292
8.6,12.030754089355469
10.7,13.189140319824219
17.3,16.339506149291992
14.6,14.773908615112305
18.5,14.944500923156738
16.0,14.964640617370605
17.4,16.327388763427734
19.5,15.955795288085938
12.2,14.02051067352295
16.1,15.454391479492188
17.2,16.64360237121582
19.7,16.513362884521484
15.4,14.831762313842773
15.1,14.660511016845703
19.1,16.953479766845703
12.7,13.806452751159668
16.4,14.667263984680176
19.2,15.850229263305664
12.6,14.141633987426758
14.7,14.643173217773438
14.8,14.643364906311035
15.6,14.90168571472168
13.7,14.509285926818848
15.5,14.835395812988281
13.9,14.18592357635498
10.1,13.347986221313477
13.5,13.964648246765137
17.2,15.969619750976562
15.0,14.3605318069458
15.0,15.18513298034668
9.7,12.899693489074707
14.1,14.44979190826416
15.1,14.632588386535645
12.4,15.021156311035156
17.0,16.374479293823242
19.3,16.222606658935547
15.1,15.168318748474121
18.6,15.110228538513184
19.1,16.02503776550293
16.2,15.041221618652344
14.1,14.41525936126709
15.4,15.588639259338379
6.7,12.284660339355469
13.5,13.848579406738281
15.4,14.842310905456543
13.3,13.955513000488281
11.7,13.276543617248535
13.6,14.187122344970703
14.9,14.694100379943848
13.8,14.27214241027832
19.7,16.540979385375977
11.5,13.588046073913574
14.5,14.867400169372559
10.7,13.39365005493164
14.6,14.242254257202148
10.9,13.270565032958984
15.1,15.076354026794434
15.6,15.06357192993164
13.7,13.897326469421387
14.9,14.920140266418457
13.7,14.314640998840332
15.2,14.860982894897461
13.1,14.087629318237305
12.1,14.150452613830566
15.3,15.028228759765625
11.4,14.165043830871582
17.2,16.218175888061523
14.7,14.683733940124512
17.5,16.2021484375
14.1,14.505572319030762
16.8,15.296337127685547
17.0,16.078115463256836
16.0,15.17153549194336
11.7,13.818658828735352
17.5,16.068899154663086
15.4,15.454998016357422
17.0,15.240313529968262
15.7,15.232460975646973
14.3,14.4533109664917
15.9,14.959636688232422
9.9,12.616445541381836
15.5,15.1181058883667
10.6,13.476546287536621
13.3,13.606481552124023
9.1,14.380754470825195
14.3,15.067543029785156
12.9,14.093101501464844
14.0,15.024334907531738
14.1,14.459370613098145
15.9,15.135797500610352
15.6,14.620689392089844
15.3,15.124068260192871
16.1,15.310186386108398
12.6,13.898508071899414
13.5,14.067718505859375
12.1,14.20683765411377
18.2,15.322607040405273
10.5,12.96485710144043
15.2,14.608261108398438
18.4,16.54984474182129
18.8,16.76960563659668
16.3,15.518668174743652
15.1,15.104516983032227
18.5,15.246315002441406
17.3,15.476216316223145
12.8,13.619739532470703
18.4,15.035446166992188
18.4,16.308996200561523
14.1,14.457596778869629
15.3,14.910421371459961
16.3,15.691725730895996
8.5,12.455785751342773
14.4,14.694923400878906
12.2,14.190834045410156
15.1,15.147186279296875
15.4,15.095483779907227
18.2,15.517646789550781
17.8,15.782977104187012
15.3,15.202221870422363
17.3,16.192821502685547
11.1,13.408617973327637
15.7,15.043327331542969
12.8,13.906163215637207
10.6,13.435027122497559
12.8,13.790511131286621
13.3,13.960577011108398
12.3,13.584989547729492
13.4,13.776227951049805
10.1,13.202367782592773
10.8,13.464573860168457
12.5,13.658671379089355
14.1,14.375689506530762
12.6,14.107078552246094
12.5,13.35329532623291
11.5,13.322617530822754
13.7,13.841063499450684
15.0,14.958579063415527
15.3,14.833586692810059
11.8,13.474563598632812
15.0,14.81788444519043
13.6,14.400022506713867
17.4,15.35143756866455
14.7,15.15021800994873
9.5,12.086419105529785
11.0,12.853292465209961
16.9,15.686779022216797
15.6,14.912474632263184
14.4,14.806005477905273
18.6,16.27180290222168
13.3,14.041035652160645
15.0,14.704218864440918
15.5,14.883947372436523
16.9,15.766215324401855
19.1,16.689186096191406
12.2,14.24155330657959
9.5,14.61354923248291
12.9,13.94125747680664
15.3,14.891544342041016
15.9,15.025308609008789
13.6,14.283307075500488
13.3,14.212564468383789
11.4,13.202054023742676
10.4,13.21793270111084
16.6,15.213892936706543
13.6,14.147212028503418
16.6,15.527952194213867
16.0,15.088151931762695
13.6,14.23141098022461
17.2,16.230928421020508
16.6,15.988539695739746
15.8,15.52927017211914
15.6,15.254669189453125
12.7,13.714831352233887
14.0,14.639422416687012
12.2,14.23074722290039
14.0,15.174964904785156
14.0,13.836747169494629
8.3,11.616947174072266
15.3,15.066105842590332
15.3,14.84603500366211
13.6,14.002995491027832
15.1,15.074481010437012
9.2,13.428438186645508
14.8,14.700108528137207
14.9,14.792752265930176
15.7,15.312127113342285
12.5,14.524211883544922
12.8,13.523728370666504
17.6,16.187856674194336
12.4,14.11290168762207
15.0,14.644293785095215
19.4,16.903911590576172
15.8,15.145268440246582
16.1,14.941964149475098
16.0,15.007577896118164
12.5,14.23568058013916
7.9,13.494848251342773
15.7,14.89148998260498
16.3,15.15513801574707
15.7,15.579264640808105
12.4,14.044942855834961
12.4,13.72619342803955
14.9,14.819272994995117
13.2,14.222816467285156
15.4,14.982446670532227
15.2,14.6116361618042
5.8,12.953638076782227
10.5,14.33232593536377
9.5,14.633931159973145
16.6,15.822016716003418
13.6,14.540521621704102
14.1,15.641789436340332
18.0,16.50480842590332
10.5,14.171631813049316
19.8,16.714096069335938
10.8,14.628373146057129
11.2,13.459383010864258
6.5,13.894426345825195
11.2,13.301216125488281
13.1,14.40146541595459
8.9,13.401033401489258
15.8,14.963722229003906
15.0,15.18954086303711
15.8,15.10667896270752
14.4,14.363253593444824
15.6,14.677031517028809
12.7,13.950008392333984
13.9,14.373412132263184
12.7,13.667032241821289
14.1,14.315652847290039
15.3,14.748554229736328
19.1,16.878578186035156
16.7,16.15566635131836
17.9,16.29779624938965
13.6,14.553735733032227
18.1,16.537960052490234
19.8,16.189741134643555
17.1,16.033302307128906
14.6,14.300887107849121
10.7,14.159219741821289
13.8,14.469178199768066
14.8,15.02090835571289
15.3,15.055052757263184
16.1,15.12176513671875
15.6,14.41263484954834
13.7,14.680952072143555
18.8,16.751651763916016
14.6,15.102372169494629
14.5,14.52620792388916
17.7,16.16545867919922
18.7,15.98500919342041
11.6,13.428766250610352
16.3,15.593891143798828
11.1,13.126127243041992
15.4,14.752589225769043
16.2,15.75926685333252
15.0,14.292276382446289
13.5,14.586952209472656
14.3,14.490208625793457
13.9,14.589417457580566
15.0,14.830890655517578
14.8,14.774334907531738
16.4,16.1417179107666
16.2,15.069591522216797
12.9,13.771848678588867
12.8,14.155519485473633
15.7,16.198387145996094
14.6,14.974733352661133
16.1,14.8953218460083
14.7,15.572033882141113
13.8,13.961642265319824
12.7,13.540825843811035
15.4,15.145959854125977
16.8,15.508708953857422
15.1,15.318296432495117
13.6,14.696718215942383
16.3,15.543149948120117
9.0,14.344868659973145
19.0,16.52039337158203
18.7,16.413419723510742
17.0,15.650396347045898
15.9,15.16842269897461
15.0,15.300252914428711
12.6,14.174112319946289
11.3,13.336105346679688
12.1,13.524194717407227
18.8,16.29132080078125
13.6,14.069297790527344
19.2,16.909513473510742
16.1,14.988487243652344
16.9,14.843777656555176
12.7,13.868302345275879
13.7,14.550968170166016
16.4,15.554423332214355
12.7,14.238927841186523
15.1,14.77974796295166
11.0,13.286900520324707
14.3,14.564542770385742
15.2,14.800338745117188
14.0,14.63945198059082
14.5,14.585847854614258
15.5,14.976840019226074
15.2,15.922776222229004
15.0,14.59008502960205
18.1,16.01821517944336
17.7,15.949836730957031
14.2,14.384822845458984
19.7,16.786788940429688
19.6,16.927003860473633
13.1,13.766936302185059
16.8,15.642674446105957
15.3,15.2761869430542
11.6,13.736973762512207
15.4,15.060013771057129
19.4,16.820974349975586
17.8,14.268183708190918
14.9,14.76951789855957
13.5,13.766670227050781
15.7,15.118521690368652
15.7,14.776512145996094
15.4,15.23573112487793
15.8,14.671399116516113
12.7,13.723382949829102
16.9,16.13836669921875
14.6,14.72705078125
14.7,14.562248229980469
13.4,13.48590087890625
9.6,14.554159164428711
17.2,16.125598907470703
17.8,16.578594207763672
14.4,14.559399604797363
18.1,15.968338012695312
19.7,16.966796875
14.2,14.59748363494873
11.8,13.651836395263672
15.0,14.7791166305542
14.8,14.77916431427002
15.0,14.862106323242188
12.7,13.507550239562988
15.5,15.331591606140137
16.3,15.661700248718262
16.3,14.83658218383789
14.8,14.721463203430176
10.9,13.182395935058594
13.2,14.521811485290527
12.8,14.036856651306152
19.4,16.94965934753418
19.6,16.18157958984375
18.0,16.56568145751953
18.7,16.38475227355957
15.7,15.085333824157715
17.7,15.251569747924805
15.3,14.952317237854004
17.2,16.610572814941406
16.7,15.786789894104004
18.5,16.343793869018555
18.5,16.364879608154297
17.8,16.06749153137207
18.6,16.06052017211914
12.6,14.155904769897461
18.5,16.015005111694336
14.6,14.763916969299316
15.7,15.206639289855957
10.9,13.616698265075684
6.9,11.673779487609863
12.0,13.466917037963867
11.7,13.455673217773438
13.9,14.358415603637695
13.9,14.204851150512695
13.9,14.288176536560059
12.5,13.898492813110352
15.9,14.953309059143066
16.6,15.899685859680176
11.5,13.572402954101562
13.8,14.097764015197754
18.5,16.447303771972656
15.4,15.145315170288086
17.6,16.585237503051758
12.9,13.863935470581055
12.5,14.021358489990234
17.3,16.062786102294922
15.2,14.806689262390137
12.5,14.021985054016113
13.1,14.519935607910156
12.2,14.383614540100098
13.8,14.603475570678711
15.4,14.939582824707031
16.2,15.786834716796875
19.3,16.64273452758789
18.3,16.381196975708008
15.6,15.138460159301758
11.2,13.34567928314209
15.6,14.925980567932129
14.6,14.41185474395752
19.4,16.766555786132812
15.3,15.167045593261719
11.6,13.57455062866211
5.3,10.70777702331543
14.5,14.528459548950195
15.2,15.145761489868164
11.3,13.307770729064941
11.5,13.429116249084473
12.1,13.535628318786621
15.4,14.793307304382324
17.6,15.662031173706055
13.4,14.044272422790527
14.7,15.404084205627441
15.2,14.886131286621094
11.8,14.16976261138916
11.8,13.232534408569336
15.9,15.172618865966797
15.1,14.889558792114258
16.9,15.927023887634277
17.7,15.043744087219238
15.7,14.376557350158691
14.8,14.890059471130371
17.6,16.473926544189453
13.2,13.773407936096191
10.7,13.054008483886719
8.6,12.177348136901855
14.8,15.084802627563477
15.4,14.757529258728027
15.0,13.759522438049316
7.7,12.075189590454102
11.4,13.30710506439209
14.7,15.246808052062988
13.7,15.206229209899902
13.4,14.453338623046875
12.4,14.143001556396484
16.3,15.695259094238281
17.2,15.92057991027832
14.9,14.65343189239502
10.1,12.757652282714844
16.1,15.192034721374512
16.2,15.600519180297852
19.6,16.661840438842773
15.0,14.71769905090332
15.4,14.669771194458008
14.9,13.443575859069824
16.2,15.5048189163208
14.9,15.099260330200195
16.9,16.31029510498047
16.5,15.530588150024414
14.8,14.67193603515625
12.6,14.600224494934082
14.5,15.167305946350098
18.4,16.38678550720215
16.0,15.491806030273438
13.4,16.15308380126953
12.1,15.002649307250977
17.4,15.729188919067383
14.1,14.887932777404785
18.1,16.567222595214844
10.7,13.512604713439941
19.5,16.44020652770996
17.4,15.578444480895996
15.3,15.104762077331543
15.1,15.029759407043457
16.8,15.477563858032227
13.4,14.370929718017578
17.4,15.627128601074219
15.4,14.930804252624512
17.1,16.173860549926758
16.4,15.48597240447998
14.6,14.691728591918945
11.9,14.031713485717773
19.6,16.82807731628418
17.4,16.151201248168945
13.1,14.103750228881836
15.1,14.931190490722656
9.4,13.501202583312988
19.1,16.12537956237793
10.7,13.440916061401367
12.9,14.222305297851562
17.3,15.673035621643066
11.8,13.834181785583496
12.7,14.671611785888672
16.2,15.009949684143066
16.5,16.291648864746094
16.0,15.57016658782959
18.5,16.28620719909668
19.9,15.176363945007324
16.2,15.124068260192871
14.8,14.685853004455566
14.9,14.9274263381958
15.0,14.597382545471191
19.8,16.080196380615234
16.0,15.329951286315918
16.2,15.217452049255371
15.0,14.146852493286133
15.4,15.036603927612305
15.4,15.042341232299805
16.6,14.571420669555664
14.5,14.419157028198242
14.3,14.602123260498047
13.9,14.537418365478516
19.2,16.32400894165039
16.1,15.769905090332031
11.4,14.21628475189209
15.2,14.799878120422363
14.1,14.634160995483398
16.4,16.236549377441406
15.3,14.772552490234375
14.4,14.686150550842285
19.2,16.33207130432129
14.6,14.492424011230469
18.1,16.67764663696289
15.4,14.70810317993164
14.4,14.390899658203125
17.2,16.53665542602539
14.4,14.675801277160645
8.2,12.721192359924316
14.5,13.499231338500977
15.0,14.99726676940918
18.4,15.597328186035156
14.4,14.518654823303223
17.8,16.52337074279785
12.5,14.639301300048828
17.9,16.234355926513672
15.9,14.852385520935059
11.1,13.32434368133545
14.1,14.185038566589355
9.8,12.914692878723145
10.7,13.40898323059082
12.5,14.816585540771484
13.7,14.135747909545898
13.6,14.172487258911133
12.9,13.654757499694824
15.6,15.060104370117188
8.3,13.318199157714844
13.6,14.618075370788574
15.7,14.84638786315918
12.0,13.991531372070312
12.8,14.127409934997559
12.5,13.622529029846191
15.9,14.264131546020508
12.8,13.66019344329834
15.4,15.887529373168945
14.6,14.654853820800781
8.4,13.765719413757324
15.5,14.858478546142578
13.1,14.174117088317871
16.9,16.504600524902344
19.0,16.496976852416992
12.6,13.990102767944336
11.6,13.799407958984375
17.7,16.49207305908203
14.9,14.849720001220703
11.1,13.401073455810547
11.6,13.872363090515137
15.1,14.75217056274414
14.4,14.504068374633789
14.1,14.597540855407715
14.9,14.76624584197998
15.7,15.044098854064941
15.4,14.77688217163086
15.4,15.058409690856934
16.3,16.31370735168457
13.7,14.66044807434082
11.5,14.254318237304688
14.3,14.750333786010742
15.2,14.738042831420898
15.1,14.900035858154297
14.4,14.690033912658691
16.2,15.530783653259277
13.7,14.314220428466797
14.3,14.750579833984375
14.4,14.306699752807617
12.8,13.770021438598633
19.1,16.39409065246582
7.3,12.005517959594727
14.9,15.16300106048584
15.3,15.14333724975586
10.9,12.765792846679688
14.8,14.670612335205078
13.9,14.384668350219727
11.2,13.31091022491455
12.3,13.680272102355957
16.5,15.331002235412598
14.7,14.625125885009766
15.9,14.923219680786133
11.2,13.771700859069824
19.7,16.414508819580078
19.5,16.430307388305664
15.0,14.788665771484375
15.8,14.915387153625488
16.0,15.51988410949707
16.0,15.14333724975586
17.6,16.16619873046875
16.0,15.786784172058105
16.4,14.879212379455566
14.4,15.067587852478027
19.8,16.524904251098633
19.1,16.84218978881836
15.8,16.096454620361328
18.6,15.92533016204834
15.8,15.32141399383545
12.1,14.418957710266113
18.3,16.268644332885742
13.3,14.465024948120117
19.6,16.963638305664062
14.0,13.870705604553223
6.2,10.904167175292969
14.0,14.360983848571777
16.2,15.2516508102417
15.1,15.06032657623291
15.0,14.687612533569336
13.3,14.559986114501953
12.0,13.538376808166504
16.8,15.930560111999512
14.3,14.607056617736816
15.2,14.799559593200684
17.5,16.23660659790039
18.6,16.68560028076172
14.3,14.844015121459961
17.9,16.336942672729492
15.8,15.114667892456055
13.5,14.963199615478516
15.6,15.374313354492188
15.2,14.708860397338867
15.4,14.874144554138184
19.5,16.344947814941406
15.2,14.859825134277344
16.9,16.149436950683594
14.2,14.228157997131348
19.0,16.95499038696289
14.1,14.438161849975586
15.4,14.844786643981934
15.3,14.884103775024414
14.3,14.523138999938965
17.2,15.993790626525879
13.8,14.957106590270996
17.1,15.876396179199219
15.4,14.816291809082031
10.7,13.8823823928833
15.2,14.965577125549316
15.5,14.971894264221191
16.7,15.787799835205078
14.8,15.168551445007324
9.7,13.130495071411133
13.4,13.839254379272461
14.6,14.319548606872559
16.0,15.814764022827148
19.0,16.752201080322266
15.4,14.94405460357666
12.7,14.18661117553711
14.2,14.49367904663086
15.2,14.357933044433594
16.0,15.346762657165527
15.1,15.102134704589844
14.6,14.276103973388672
14.0,14.416388511657715
16.5,15.124068260192871
16.2,14.296521186828613
16.4,15.950032234191895
18.9,16.300838470458984
10.6,14.486539840698242
15.4,14.688146591186523
12.2,14.02579402923584
14.3,14.426074028015137
18.7,16.74150276184082
10.9,13.442532539367676
15.3,14.826343536376953
13.2,14.560973167419434
15.3,15.109491348266602
12.9,13.748522758483887
11.1,13.497138977050781
17.7,16.190736770629883
15.2,14.45905876159668
15.1,14.67558479309082
15.3,14.749127388000488
19.8,16.235925674438477
14.6,14.64511775970459
13.8,14.511147499084473
16.2,15.781026840209961
12.2,13.45311450958252
15.2,14.575124740600586
15.2,14.833792686462402
14.7,14.881430625915527
15.2,15.51229190826416
13.5,13.989739418029785
17.1,16.006404876708984
19.6,16.57404899597168
15.3,14.829564094543457
18.5,16.608537673950195
19.3,17.02659034729004
15.5,14.869461059570312
14.8,14.647703170776367
15.3,14.739129066467285
15.2,14.806715965270996
15.1,14.966334342956543
14.8,14.703288078308105
11.7,14.049790382385254
15.4,15.357316017150879
17.2,16.289073944091797
15.6,15.141779899597168
15.5,15.511456489562988
14.6,14.473601341247559
16.6,15.332735061645508
16.8,16.05448341369629
17.1,16.355783462524414
14.9,14.776325225830078
14.1,14.338369369506836
16.9,15.742162704467773
14.8,14.653827667236328
14.7,15.50991439819336
16.2,15.157485961914062
17.5,16.798782348632812
14.9,15.233085632324219
16.1,15.390109062194824
18.9,16.51222801208496
17.8,15.523285865783691
14.9,14.877824783325195
14.7,15.025212287902832
15.9,15.231284141540527
13.3,14.601733207702637
14.4,14.903998374938965
15.3,14.905322074890137
16.5,15.743041038513184
17.4,15.874985694885254
7.5,13.2213134765625
18.7,16.679641723632812
15.9,14.78425121307373
13.1,14.04841136932373
12.9,14.590792655944824
17.5,15.169219970703125
16.2,15.042059898376465
13.5,14.447023391723633
13.4,13.758245468139648
15.1,15.045470237731934
16.0,15.114228248596191
12.9,15.856635093688965
19.2,15.854536056518555
13.4,14.321253776550293
13.0,14.218038558959961
12.7,13.846318244934082
16.1,15.805830001831055
13.3,14.516986846923828
15.7,15.25318431854248
10.3,13.380579948425293
19.7,15.67724323272705
14.6,15.890478134155273
17.3,15.276518821716309
15.6,14.920825004577637
14.9,15.068233489990234
8.9,12.48624038696289
15.3,14.875865936279297
12.3,14.31838321685791
12.5,13.59407901763916
14.8,14.685370445251465
19.7,16.43527603149414
12.2,13.930747985839844
18.5,15.858920097351074
17.1,14.971566200256348
13.7,14.497467994689941
10.9,14.15396499633789
15.8,15.151241302490234
16.8,14.938009262084961
14.5,14.568082809448242
19.8,16.537626266479492
14.6,14.90958309173584
12.0,13.815428733825684
15.8,14.680931091308594
14.7,14.740175247192383
17.3,16.275278091430664
15.0,14.817792892456055
12.3,13.350926399230957
18.2,16.491661071777344
18.9,15.538073539733887
13.3,13.40819263458252
11.7,13.392724990844727
16.0,15.088717460632324
12.7,14.080551147460938
13.8,15.660432815551758
14.5,14.616873741149902
11.6,13.656867980957031
17.1,16.262182235717773
13.5,14.714645385742188
13.3,15.556230545043945
16.9,16.165958404541016
19.0,16.727420806884766
16.7,15.095614433288574
18.1,15.914063453674316
13.8,13.827692031860352
18.8,16.551151275634766
13.3,15.742698669433594
16.3,15.42027473449707
14.8,14.833436012268066
19.3,16.51957130432129
13.0,13.961844444274902
17.6,15.364450454711914
14.3,14.181562423706055
16.7,15.889034271240234
12.7,15.059284210205078
17.4,16.20018196105957
14.9,14.517960548400879
15.9,15.14333724975586
17.9,16.30990219116211
12.4,14.389163970947266
18.2,15.576704978942871
19.3,16.94013023376465
19.8,16.809694290161133
15.1,14.404911041259766
14.3,14.64891529083252
11.2,13.107857704162598
12.7,13.892088890075684
12.2,13.720231056213379
15.7,15.171119689941406
16.8,16.404998779296875
15.3,14.597156524658203
11.5,12.89637279510498
13.0,13.726639747619629
13.9,14.503022193908691
15.1,14.562034606933594
18.1,16.142898559570312
18.1,16.678823471069336
15.9,15.092630386352539
14.5,14.450892448425293
16.2,15.962042808532715
18.9,16.398073196411133
11.6,14.0059175491333
16.2,15.866683959960938
14.9,14.24510383605957
19.2,16.32220458984375
13.2,13.560688018798828
7.6,14.743236541748047
17.8,16.571807861328125
13.8,14.166014671325684
14.2,13.793672561645508
12.1,14.000537872314453
17.9,16.017213821411133
16.8,15.672439575195312
16.1,15.358585357666016
15.5,14.810239791870117
10.0,13.691862106323242
14.3,14.602015495300293
18.9,16.75831413269043
16.1,15.59199047088623
11.5,14.033994674682617
12.1,13.942230224609375
15.2,14.494961738586426
12.7,14.177364349365234
13.6,14.111771583557129
18.2,16.62397575378418
13.2,14.174761772155762
13.0,13.844440460205078
13.7,14.32131290435791
14.8,15.147806167602539
12.5,13.503325462341309
12.4,14.608593940734863
19.8,15.87814998626709
16.2,15.54904556274414
14.7,14.886200904846191
17.1,16.147886276245117
16.4,15.648436546325684
15.0,14.543275833129883
19.5,16.644702911376953
15.8,15.618607521057129
17.6,16.566709518432617
18.2,16.380638122558594
15.5,15.982322692871094
18.1,15.60016918182373
18.2,16.22856903076172
17.4,15.975101470947266
19.8,16.785306930541992
18.7,16.76882553100586
17.8,15.565176963806152
13.9,13.679734230041504
16.5,14.514850616455078
15.3,14.842131614685059
18.1,16.620838165283203
18.5,16.53639793395996
14.0,15.820578575134277
13.5,13.674570083618164
13.7,14.636480331420898
15.7,14.410141944885254
18.5,15.686290740966797
11.3,13.536084175109863
19.8,16.800979614257812
19.3,16.56377410888672
12.2,14.052995681762695
14.6,14.848264694213867
11.9,13.59008502960205
11.3,13.484850883483887
19.5,16.57234001159668
14.0,14.552062034606934
14.0,14.44726276397705
9.2,12.639355659484863
15.6,15.135658264160156
16.1,15.221921920776367
15.3,15.533027648925781
12.6,14.48443603515625
15.5,15.514819145202637
13.4,13.702950477600098
13.7,14.206822395324707
15.3,14.805538177490234
7.4,15.202887535095215
11.5,13.89757251739502
10.8,13.400147438049316
17.1,15.894976615905762
18.9,16.516864776611328
19.1,15.16661548614502
14.5,14.71331787109375
14.5,14.906862258911133
16.0,15.156630516052246
13.8,14.431367874145508
16.2,15.577336311340332
19.9,16.80208396911621
15.5,14.290464401245117
9.3,13.548498153686523
10.8,13.863338470458984
13.8,14.252481460571289
16.3,15.66297721862793
10.4,13.72459888458252
13.5,14.376936912536621
19.2,16.808271408081055
12.9,13.73302173614502
13.6,14.477766990661621
11.8,13.949410438537598
14.7,15.438674926757812
16.8,16.629878997802734
17.0,16.237205505371094
13.8,15.359753608703613
16.0,15.348348617553711
10.8,13.659797668457031
15.8,15.501276016235352
9.1,13.203935623168945
17.9,16.71426010131836
12.2,13.60026741027832
15.6,13.732328414916992
13.9,14.600908279418945
12.3,13.56620979309082
13.1,14.229323387145996
16.1,15.014594078063965
9.8,12.757107734680176
14.3,15.157504081726074
16.7,15.288025856018066
14.6,15.281670570373535
17.6,16.552392959594727
14.9,15.764704704284668
16.7,15.68250560760498
18.0,16.296558380126953
19.2,16.753087997436523
15.1,14.717259407043457
15.8,16.216543197631836
14.7,15.083264350891113
18.2,15.795421600341797
11.7,14.047004699707031
14.0,14.686711311340332
14.7,15.150553703308105
13.7,14.664928436279297
14.3,15.485820770263672
13.1,15.34826946258545
12.6,15.23445987701416
15.7,14.987591743469238
14.1,15.255280494689941
18.9,16.879215240478516
11.9,13.871367454528809
14.6,14.88364315032959
14.5,15.490215301513672
14.9,14.929422378540039
15.3,15.894960403442383
19.2,16.833906173706055
18.0,16.599679946899414
19.0,15.276915550231934
14.4,14.174976348876953
13.6,14.266469955444336
18.3,16.38818359375
16.1,14.948325157165527
18.4,15.523690223693848
11.3,14.796116828918457
7.0,14.490283966064453
16.3,14.558475494384766
14.4,14.4425048828125
12.2,14.805646896362305
19.3,16.679502487182617
15.3,15.27098560333252
15.8,14.974592208862305
15.2,14.968547821044922
15.7,15.192994117736816
18.8,15.549958229064941
19.8,16.61903190612793
15.3,15.024747848510742
9.4,12.832715034484863
14.9,14.514917373657227
17.1,15.50606918334961
15.7,15.108633041381836
13.8,14.616157531738281
14.9,15.146641731262207
13.3,14.371255874633789
18.4,16.611278533935547
13.9,14.563407897949219
12.5,14.401700973510742
15.2,15.428018569946289
15.6,15.324737548828125
13.4,15.32475757598877
19.8,16.72986602783203
14.5,13.938848495483398
15.2,15.288257598876953
19.8,16.86389923095703
19.4,16.6065616607666
15.5,14.729680061340332
12.4,13.754229545593262
12.7,14.097634315490723
12.9,14.326190948486328
13.4,14.536881446838379
12.4,13.906508445739746
11.8,14.488204002380371
14.8,14.60200309753418
13.0,14.47745132446289
10.6,13.491368293762207
13.6,14.111654281616211
18.7,16.6146240234375
14.5,14.500541687011719
13.9,14.070326805114746
13.3,13.497872352600098
15.0,14.778761863708496
16.2,15.40642261505127
15.5,15.6024751663208
12.4,13.764416694641113
14.7,15.349486351013184
16.3,15.709561347961426
14.9,14.926888465881348
14.8,15.164071083068848
14.7,15.248624801635742
12.8,14.119491577148438
9.9,13.182402610778809
16.8,15.303178787231445
15.6,15.153254508972168
15.0,15.108522415161133
17.1,16.240570068359375
14.9,15.37369155883789
13.2,14.496549606323242
16.0,15.317838668823242
13.7,15.133259773254395
15.0,14.668375015258789
16.1,15.253737449645996
16.6,15.721323013305664
17.7,15.881878852844238
11.8,13.389310836791992
13.2,14.444106101989746
15.1,15.128955841064453
16.9,16.052000045776367
15.1,14.700864791870117
15.2,15.438493728637695
15.0,15.129007339477539
14.8,14.722100257873535
13.9,14.496301651000977
15.0,14.785982131958008
14.3,14.630780220031738
19.4,16.994369506835938
14.1,15.016051292419434
14.9,15.046798706054688
15.0,14.50067138671875
12.3,13.763847351074219
17.2,15.538483619689941
12.5,13.548230171203613
17.3,15.673372268676758
17.9,16.270458221435547
14.5,14.813072204589844
15.8,15.188057899475098
13.9,14.083409309387207
13.7,14.571642875671387
12.4,13.830402374267578
15.5,15.03502368927002
19.1,16.672847747802734
16.1,15.936098098754883
17.8,16.229434967041016
17.8,16.637226104736328
18.4,16.523256301879883
12.6,13.744009971618652
19.5,16.74381446838379
15.5,14.909857749938965
14.3,14.628958702087402
15.9,14.867086410522461
15.0,14.871763229370117
15.7,14.928701400756836
16.0,14.826634407043457
9.3,14.172454833984375
12.7,14.927186965942383
13.1,14.022939682006836
15.1,14.425707817077637
18.2,15.55693531036377
13.8,14.224197387695312
14.9,14.87852668762207
15.1,14.858711242675781
16.2,15.099811553955078
15.2,14.965974807739258
14.4,14.637725830078125
17.0,15.94998836517334
13.4,14.447091102600098
15.7,14.925207138061523
15.6,15.049565315246582
13.3,14.641613006591797
15.8,14.881714820861816
16.9,16.235124588012695
13.3,14.18488597869873
13.8,14.409096717834473
15.8,15.747849464416504
13.2,14.42488956451416
18.1,15.410021781921387
15.4,14.87983512878418
15.4,14.890626907348633
16.1,16.137216567993164
12.3,14.170648574829102
15.9,15.035377502441406
15.1,14.854713439941406
19.5,16.847766876220703
14.1,14.187768936157227
5.6,12.534784317016602
19.1,15.838052749633789
19.4,16.64166831970215
18.9,16.515317916870117
15.1,14.823841094970703
15.4,14.686164855957031
14.9,16.056440353393555
11.9,13.688883781433105
13.8,14.564163208007812
15.4,14.752375602722168
19.4,16.818042755126953
15.4,14.911304473876953
15.0,14.999135971069336
14.4,15.298476219177246
15.4,15.469749450683594
15.1,15.313095092773438
15.2,15.230508804321289
10.8,13.556987762451172
12.9,13.806314468383789
15.6,14.723465919494629
13.5,14.688304901123047
18.0,16.514802932739258
18.4,16.577070236206055
12.1,14.674110412597656
15.6,15.14333724975586
13.7,14.18205451965332
10.0,13.66708755493164
15.0,14.357913970947266
14.5,14.436577796936035
19.0,15.469681739807129
15.2,14.779332160949707
14.8,14.916008949279785
14.0,14.31302261352539
14.3,14.441596984863281
13.4,13.488526344299316
11.6,13.697427749633789
13.6,14.57679557800293
14.3,14.572561264038086
12.1,13.767583847045898
15.8,15.359729766845703
10.3,12.024192810058594
10.7,14.409209251403809
14.4,14.526368141174316
12.7,14.234890937805176
15.7,14.919841766357422
18.3,15.992724418640137
15.5,14.411399841308594
15.7,15.606317520141602
15.1,14.830204010009766
16.8,14.741729736328125
15.8,15.106685638427734
16.2,15.95567798614502
11.0,13.389718055725098
12.1,14.415030479431152
11.8,13.470601081848145
8.3,12.625965118408203
16.3,13.802445411682129
12.9,13.91055679321289
12.7,14.820128440856934
11.7,13.276103973388672
12.2,13.628443717956543
15.9,15.155835151672363
19.1,15.105472564697266
17.6,14.613385200500488
14.9,14.440780639648438
19.7,14.842284202575684
13.6,13.810667037963867
14.4,14.386805534362793
7.0,12.138273239135742
13.4,14.216434478759766
12.0,13.322141647338867
14.4,14.312374114990234
13.7,14.492561340332031
14.2,14.41569709777832
17.3,15.721477508544922
15.7,15.212356567382812
18.5,15.341839790344238
13.0,14.137181282043457
11.6,12.93903923034668
9.9,12.598936080932617
17.8,16.00113296508789
16.4,15.621053695678711
11.3,13.590861320495605
11.2,13.466812133789062
15.8,15.041601181030273
14.0,14.36000919342041
12.8,14.013812065124512
11.0,12.351598739624023
15.7,15.337174415588379
16.5,15.408102989196777
13.1,13.709540367126465
14.4,15.16392993927002
14.5,14.458063125610352
11.9,13.732017517089844
16.8,15.580007553100586
10.5,12.676898956298828
14.9,14.664605140686035
19.0,15.140494346618652
18.3,15.908448219299316
13.7,14.659445762634277
14.4,14.393354415893555
14.8,14.228574752807617
18.5,16.229625701904297
18.2,16.207292556762695
17.4,15.11744499206543
16.2,15.755594253540039
13.1,14.215587615966797
13.9,15.477436065673828
16.1,14.946548461914062
13.0,14.671587944030762
14.0,14.576042175292969
15.4,14.782362937927246
12.3,14.828131675720215
14.4,14.802702903747559
18.8,16.458683013916016
13.4,14.65707778930664
17.4,14.988008499145508
14.1,14.005095481872559
16.0,14.951176643371582
15.3,14.904791831970215
15.0,15.032742500305176
15.7,14.85478401184082
14.1,14.326465606689453
16.0,15.601400375366211
14.9,14.639898300170898
12.8,14.239157676696777
15.1,14.681381225585938
14.7,14.563467025756836
17.5,15.661092758178711
16.3,15.39268970489502
12.4,13.789128303527832
15.9,15.368486404418945
15.4,15.026196479797363
12.7,13.581151962280273
14.3,14.509103775024414
15.2,14.83003044128418
15.3,14.835262298583984
14.7,14.898123741149902
14.6,14.194661140441895
14.2,14.016935348510742
15.6,14.9828519821167
16.6,15.16164493560791
11.4,13.25483512878418
11.9,14.000446319580078
15.3,15.006845474243164
10.3,13.173127174377441
16.2,14.58631706237793
14.4,14.30461311340332
15.8,15.179549217224121
15.8,14.672658920288086
8.5,13.807363510131836
13.3,14.525322914123535
11.9,13.07340145111084
12.3,13.673746109008789
11.9,14.434813499450684
16.9,15.730484008789062
13.5,13.865612030029297
12.0,14.223803520202637
15.5,15.092472076416016
14.6,14.874981880187988
15.6,15.01939868927002
16.1,15.34927749633789
12.1,13.205853462219238
17.7,14.548952102661133
16.2,16.044208526611328
18.0,15.616024017333984
11.0,13.389060020446777
13.8,14.389148712158203
17.2,14.789740562438965
13.6,14.482382774353027
15.8,15.148189544677734
16.1,15.06207275390625
12.4,13.503314018249512
12.7,13.978724479675293
13.8,14.366182327270508
12.5,14.365828514099121
15.6,15.045929908752441
11.5,13.736586570739746
11.0,13.977630615234375
11.5,14.25429916381836
14.7,14.641950607299805
15.1,15.186528205871582
15.5,14.591745376586914
13.5,14.269675254821777
15.9,15.240875244140625
16.4,15.277817726135254
9.1,13.066763877868652
18.6,15.082252502441406
15.1,14.994697570800781
14.4,14.763699531555176
16.8,15.749080657958984
11.3,14.188998222351074
13.1,14.007965087890625
12.5,13.907286643981934
15.5,14.875875473022461
11.3,13.761995315551758
14.2,14.535749435424805
15.7,13.961372375488281
12.9,14.324970245361328
15.6,14.389467239379883
12.7,13.901273727416992
15.3,14.604669570922852
13.0,14.072272300720215
16.4,14.97227668762207
13.7,14.249347686767578
16.1,14.830679893493652
13.0,14.152644157409668
14.3,14.56409740447998
15.1,14.684778213500977
13.3,13.90233325958252
15.8,15.651071548461914
13.0,13.953712463378906
13.9,15.122448921203613
12.5,14.365123748779297
14.6,14.356377601623535
11.8,14.395094871520996
18.8,15.254552841186523
11.2,13.788254737854004
15.6,15.407244682312012
12.8,14.11473560333252
14.8,14.2341890335083
17.3,15.197169303894043
14.2,15.079648971557617
12.5,13.779790878295898
17.4,15.803719520568848
13.7,14.002128601074219
13.8,14.565607070922852
14.7,14.141780853271484
17.4,16.038530349731445
15.5,14.910004615783691
16.4,14.867170333862305
15.2,14.409165382385254
15.2,14.30446720123291
15.6,15.320720672607422
16.2,15.450638771057129
15.5,14.540657043457031
12.8,13.843083381652832
16.4,15.008501052856445
19.5,16.737234115600586
10.1,13.893243789672852
12.8,14.280706405639648
18.3,16.408493041992188
17.5,15.546061515808105
15.2,15.216607093811035
12.7,14.182435989379883
13.3,14.564436912536621
15.2,14.758635520935059
14.6,14.493644714355469
13.0,14.270919799804688
14.2,14.232545852661133
12.3,13.650554656982422
14.7,14.421221733093262
11.2,13.504279136657715
14.5,14.455316543579102
9.3,12.671476364135742
15.1,14.610780715942383
11.4,13.180257797241211
12.9,13.873366355895996
11.7,14.198538780212402
9.7,13.691780090332031
15.6,14.74219036102295
12.4,13.796957015991211
12.2,14.04595947265625
16.4,15.753755569458008
13.4,14.205276489257812
19.8,15.180599212646484
13.5,14.561698913574219
12.1,13.375904083251953
12.6,13.822742462158203
16.9,14.746638298034668
15.3,14.989651679992676
16.1,15.378135681152344
13.4,14.32029914855957
17.6,15.671886444091797
15.4,14.821383476257324
17.4,16.32697105407715
19.7,16.847808837890625
16.7,15.793949127197266
15.5,15.18365478515625
13.9,13.903796195983887
18.3,16.3764591217041
16.9,15.99388599395752
19.5,16.580293655395508
14.5,14.707505226135254
18.1,16.3682918548584
16.2,15.459477424621582
16.6,15.803282737731934
15.2,14.862431526184082
19.8,15.332672119140625
14.3,14.431575775146484
17.5,15.169835090637207
16.0,15.498315811157227
12.4,14.113080024719238
16.7,15.211946487426758
15.0,14.701554298400879
17.6,16.0511531829834
17.2,16.175439834594727
17.1,16.328969955444336
18.7,15.86657428741455
14.8,14.648592948913574
19.7,16.843210220336914
13.0,14.180219650268555
18.8,16.302562713623047
17.2,16.029165267944336
16.6,14.891057968139648
16.8,15.25853443145752
19.5,16.431846618652344
9.8,13.124445915222168
17.7,15.29008960723877
12.7,13.578654289245605
16.5,15.779056549072266
13.6,14.297958374023438
12.6,13.984501838684082
15.7,14.757458686828613
11.2,12.593358993530273
10.2,13.112162590026855
17.1,15.91806411743164
12.4,14.555167198181152
18.1,15.098215103149414
13.6,14.59332275390625
14.8,14.971734046936035
17.7,16.092893600463867
16.8,14.269842147827148
13.5,14.031801223754883
15.6,14.415596961975098
18.7,16.147701263427734
14.0,15.105743408203125
14.2,15.10569953918457
16.4,15.151711463928223
15.4,14.776989936828613
16.7,15.609161376953125
16.3,15.407793998718262
16.2,15.048662185668945
19.6,16.427330017089844
12.2,13.974100112915039
17.0,15.673961639404297
18.2,14.774436950683594
16.9,16.17071533203125
14.8,14.659256935119629
15.4,14.647171020507812
14.4,15.192034721374512
17.6,16.06676483154297
10.6,13.387368202209473
13.6,14.1893949508667
14.8,14.949116706848145
17.9,14.830397605895996
14.2,14.151129722595215
15.8,14.274985313415527
16.2,15.16175365447998
15.5,14.514321327209473
15.7,14.68490982055664
13.9,13.509513854980469
15.9,15.45826244354248
18.3,15.974236488342285
18.9,15.554788589477539
17.4,15.813706398010254
18.7,15.177872657775879
15.9,14.969986915588379
19.2,16.898426055908203
18.4,16.5222110748291
15.3,15.13382339477539
15.5,14.806428909301758
18.7,16.65110969543457
15.6,14.829551696777344
15.7,15.177495956420898
17.8,15.806163787841797
16.4,15.750699043273926
18.2,16.251245498657227
19.8,16.789403915405273
15.6,15.021639823913574
18.3,16.481040954589844
15.5,15.84281063079834
15.3,15.065547943115234
14.9,15.066384315490723
16.4,15.293045043945312
15.0,15.696795463562012
19.8,16.86813735961914
16.9,15.243603706359863
16.7,16.176612854003906
13.5,14.060037612915039
16.5,14.94538402557373
18.2,15.20917797088623
11.2,13.311161994934082
18.6,16.348257064819336
17.3,15.952902793884277
18.5,15.40807819366455
17.1,14.91971492767334
15.6,15.176671981811523
15.9,14.961902618408203
18.8,16.61538314819336
19.6,16.321048736572266
18.0,16.216487884521484
17.2,16.00177574157715
13.1,13.795153617858887
12.5,13.716741561889648
16.7,15.533961296081543
16.7,15.724737167358398
18.1,16.38831329345703
17.4,15.657304763793945
16.4,15.4424467086792
11.6,13.537232398986816
13.9,14.941595077514648
14.0,14.442748069763184
14.6,14.242792129516602
17.9,15.838106155395508
18.3,16.73118782043457
12.3,13.860739707946777
12.3,13.486680030822754
19.2,16.82111930847168
11.4,12.88333797454834
14.8,14.784829139709473
14.6,14.507057189941406
14.9,15.091450691223145
14.3,14.376938819885254
12.9,14.018731117248535
15.7,14.914674758911133
18.3,16.72823143005371
19.4,16.95256805419922
18.0,15.621207237243652
16.4,15.35225772857666
15.9,15.161788940429688
16.5,14.97303581237793
15.1,13.43448543548584
18.8,16.524232864379883
18.2,15.174975395202637
12.6,14.130012512207031
18.1,16.6798038482666
18.2,15.960451126098633
17.2,15.948616027832031
11.1,13.945287704467773
15.5,14.956624031066895
19.0,16.41097068786621
14.3,14.482821464538574
19.1,15.588974952697754
15.7,15.065628051757812
15.6,14.769722938537598
13.8,14.470244407653809
17.7,16.03822898864746
13.6,15.039974212646484
14.3,14.013932228088379
12.6,14.445547103881836
19.7,15.365212440490723
13.5,14.079107284545898
13.0,14.458486557006836
14.0,14.345263481140137
16.5,15.268402099609375
17.7,15.084942817687988
13.9,14.514997482299805
18.9,16.37432098388672
15.5,14.927321434020996
8.0,13.108037948608398
18.5,16.705808639526367
16.2,14.745819091796875
15.3,13.757580757141113
12.5,13.546607971191406
19.8,16.96242904663086
14.5,14.104499816894531
16.8,15.410064697265625
16.7,15.204941749572754
17.3,15.806991577148438
14.9,14.388389587402344
17.1,15.642417907714844
19.2,15.9260835647583
17.6,16.289676666259766
15.1,14.680307388305664
18.0,15.717570304870605
14.4,15.1107759475708
12.7,14.30095100402832
18.7,16.294004440307617
15.5,14.698163032531738
12.0,13.51144790649414
9.5,13.19291877746582
16.1,15.092194557189941
19.4,16.882822036743164
18.6,14.279467582702637
14.3,14.59974479675293
19.5,16.878067016601562
14.6,14.25475788116455
15.2,14.875100135803223
14.5,14.2092924118042
17.4,15.230591773986816
13.0,15.517545700073242
15.9,15.549958229064941
18.4,16.609397888183594
15.9,14.946743965148926
12.0,12.790977478027344
18.1,16.24972915649414
12.4,13.406463623046875
16.1,15.5492582321167
15.5,14.806623458862305
15.8,14.856367111206055
19.2,16.82459259033203
18.1,16.37020492553711
16.7,14.745091438293457
14.5,14.71695613861084
15.9,15.262290000915527
14.1,14.624646186828613
12.8,13.779274940490723
12.0,14.665453910827637
19.4,15.28587532043457
14.5,15.009207725524902
11.8,14.022045135498047
14.9,15.096588134765625
14.5,14.173747062683105
15.8,14.924291610717773
13.9,13.420870780944824
14.8,14.796541213989258
18.3,15.870307922363281
13.4,13.35879135131836
14.2,14.358899116516113
17.7,15.738387107849121
17.5,15.164705276489258
12.6,14.158467292785645
15.7,15.55038070678711
16.8,15.951225280761719
14.4,14.943422317504883
14.2,14.510849952697754
11.1,13.132664680480957
15.5,15.179533004760742
16.8,14.882636070251465
15.6,14.875911712646484
19.9,16.458826065063477
14.3,15.681368827819824
14.9,14.863961219787598
14.3,14.545546531677246
17.5,16.33122444152832
12.9,14.631805419921875
12.1,14.10750961303711
16.3,15.156835556030273
14.0,14.245421409606934
18.1,15.726862907409668
15.2,14.760729789733887
17.4,16.033411026000977
17.6,15.996185302734375
16.3,15.567713737487793
17.2,16.24852752685547
15.8,14.960025787353516
15.2,14.73799991607666
9.7,12.644290924072266
13.3,13.83594036102295
15.1,14.845887184143066
17.6,15.899056434631348
12.7,13.86857795715332
18.6,15.920628547668457
12.0,13.37684154510498
16.4,15.760760307312012
16.4,14.803506851196289
14.2,14.726953506469727
15.4,15.027938842773438
15.5,15.126954078674316
15.0,13.416812896728516
15.1,14.670402526855469
19.9,15.515060424804688
11.2,13.674878120422363
18.9,16.20313835144043
14.4,14.474040031433105
15.5,14.654126167297363
13.8,13.535183906555176
8.8,13.173822402954102
13.7,13.517654418945312
15.1,15.077174186706543
18.6,16.743349075317383
15.5,15.126171112060547
16.6,15.609213829040527
16.6,15.616862297058105
18.2,15.232749938964844
15.9,15.139735221862793
13.3,14.019820213317871
16.2,15.416463851928711
13.6,14.2399263381958
15.8,15.329318046569824
17.2,16.268157958984375
15.1,14.9552640914917
17.1,15.283950805664062
14.2,14.345391273498535
15.6,13.764784812927246
10.0,14.874155044555664
19.7,16.797603607177734
7.7,12.070667266845703
14.9,14.635626792907715
15.9,15.052067756652832
13.6,14.757122993469238
19.8,16.115373611450195
14.6,15.290364265441895
6.3,12.341054916381836
13.2,14.06834602355957
13.7,14.372191429138184
12.2,13.330572128295898
15.7,14.868193626403809
16.4,15.59645938873291
19.2,16.19915199279785
13.5,13.919370651245117
15.3,14.90419864654541
12.4,13.587406158447266
18.2,15.422120094299316
14.7,14.83759593963623
15.4,14.963329315185547
13.4,14.563074111938477
16.0,15.471564292907715
14.4,15.606677055358887
19.9,16.55416488647461
15.9,14.903132438659668
13.8,14.095928192138672
15.3,14.820051193237305
12.7,13.638174057006836
13.9,14.586298942565918
16.5,16.038448333740234
17.1,16.128725051879883
15.5,15.625495910644531
15.4,14.776473045349121
16.9,14.893192291259766
13.0,14.191269874572754
14.1,14.200722694396973
15.2,15.13219928741455
19.9,16.169675827026367
19.5,15.575634002685547
18.9,16.135208129882812
17.3,15.942543983459473
16.1,15.991768836975098
12.9,14.093852043151855
14.8,15.064066886901855
14.2,14.849445343017578
16.9,15.800304412841797
12.0,14.113141059875488
17.3,16.235984802246094
15.9,15.172313690185547
15.1,15.853800773620605
17.3,15.26191520690918
15.8,15.024757385253906
16.8,15.697157859802246
13.0,13.585278511047363
15.3,15.104859352111816
15.2,14.936711311340332
13.7,13.865612030029297
18.0,15.850255966186523
13.3,14.36424732208252
16.8,14.908193588256836
12.9,13.459827423095703
13.9,14.085053443908691
12.1,13.45626449584961
16.2,15.111926078796387
17.2,14.01865005493164
19.6,16.71039581298828
18.7,16.23053741455078
18.2,15.502193450927734
14.3,14.597057342529297
16.9,15.736363410949707
15.7,15.122664451599121
19.6,15.844913482666016
14.8,14.984308242797852
19.7,15.087482452392578
11.1,13.260613441467285
15.5,14.958868980407715
15.8,15.14333724975586
11.6,13.664284706115723
16.4,15.729168891906738
15.7,14.959894180297852
13.4,14.039204597473145
19.2,15.826597213745117
16.3,15.125445365905762
15.5,14.851975440979004
17.2,16.380054473876953
11.9,13.815585136413574
14.5,14.682628631591797
18.0,14.004322052001953
16.5,15.501638412475586
18.0,14.365448951721191
14.9,14.403793334960938
15.2,14.828408241271973
18.0,16.0864315032959
17.1,16.151735305786133
9.7,14.55356502532959
14.0,14.396925926208496
18.9,16.40239715576172
15.4,15.41533088684082
16.9,15.908426284790039
18.8,16.521482467651367
16.0,15.58554744720459
14.0,15.04273796081543
14.9,15.134754180908203
11.6,15.009452819824219
13.8,14.803738594055176
14.0,13.5153226852417
17.4,15.194589614868164
12.6,14.689712524414062
13.7,14.654740333557129
13.2,14.302000045776367
12.0,13.593977928161621
15.6,15.202019691467285
18.5,15.969593048095703
17.1,16.34247589111328
15.4,15.315654754638672
16.2,14.280091285705566
14.2,14.764931678771973
17.0,15.65895938873291
11.5,13.842063903808594
14.8,14.697678565979004
17.0,14.566301345825195
16.4,15.263178825378418
14.9,14.837321281433105
15.9,15.14333724975586
10.4,12.987207412719727
16.9,15.83933162689209
14.9,14.438865661621094
15.6,14.934003829956055
11.2,13.781652450561523
13.1,14.568571090698242
15.7,14.763748168945312
14.0,14.6950044631958
15.5,14.976629257202148
14.4,14.385034561157227
12.6,13.97497844696045
13.5,14.14394760131836
14.9,14.829026222229004
15.6,15.067773818969727
13.0,13.751678466796875
11.4,13.299160957336426
17.2,14.915624618530273
17.1,15.403153419494629
19.9,16.733123779296875
13.3,14.350129127502441
9.6,13.397334098815918
18.0,16.648103713989258
15.7,14.986836433410645
15.9,15.245281219482422
14.3,14.203021049499512
15.6,14.90054988861084
15.7,15.242233276367188
14.1,14.23023509979248
13.4,13.588489532470703
14.5,14.735278129577637
16.0,15.043037414550781
19.4,16.117816925048828
13.6,14.233576774597168
14.4,14.782845497131348
12.6,13.896297454833984
13.4,14.13425064086914
14.7,14.581214904785156
19.9,16.552488327026367
14.0,14.683293342590332
12.9,14.155108451843262
12.2,13.53355884552002
14.9,14.555773735046387
13.3,14.099797248840332
15.7,15.07742977142334
16.8,15.897096633911133
15.6,13.976442337036133
15.9,15.074545860290527
15.0,15.020956993103027
15.4,14.713875770568848
14.2,14.593771934509277
15.6,15.011279106140137
15.4,15.096709251403809
15.6,14.926867485046387
16.3,15.642098426818848
14.8,14.294614791870117
14.5,14.888045310974121
16.3,15.20097827911377
12.7,14.315156936645508
15.4,14.84520149230957
15.8,16.020570755004883
7.9,11.554034233093262
14.2,14.41299819946289
13.6,14.230502128601074
16.4,15.548580169677734
14.4,14.29990005493164
16.9,15.426454544067383
16.1,15.434526443481445
15.7,14.975478172302246
16.1,15.172791481018066
15.2,15.401049613952637
12.7,14.320169448852539
12.2,14.116403579711914
16.0,15.124202728271484
17.8,15.897459983825684
12.3,14.319090843200684
14.9,14.362942695617676
17.1,15.221634864807129
17.2,16.23895835876465
11.2,13.434530258178711
15.3,15.196432113647461
14.9,15.260181427001953
12.1,13.349262237548828
10.3,13.503764152526855
15.4,14.81993293762207
14.8,15.25766372680664
15.0,14.933114051818848
15.3,14.804468154907227
14.4,14.300284385681152
18.3,16.070938110351562
15.8,14.991057395935059
16.3,15.007315635681152
14.6,15.189456939697266
15.9,15.806947708129883
14.5,14.445821762084961
16.2,15.2254638671875
16.0,15.857449531555176
18.2,14.908683776855469
14.9,14.956791877746582
16.3,15.21142292022705
13.8,15.00454044342041
15.6,14.880145072937012
17.0,15.088716506958008
16.0,14.70419692993164
14.1,14.50391674041748
13.9,14.494430541992188
19.1,16.22821617126465
15.1,15.124068260192871
18.2,15.860549926757812
17.5,15.247971534729004
18.1,16.471593856811523
15.0,14.321073532104492
15.0,15.29752254486084
12.5,14.21054458618164
8.1,12.166796684265137
14.5,14.760269165039062
14.3,15.092711448669434
15.5,14.832051277160645
15.1,14.738190650939941
12.6,13.705796241760254
15.4,14.661529541015625
16.1,14.932689666748047
11.8,13.476263999938965
12.8,13.831209182739258
15.4,14.838616371154785
14.9,14.483899116516113
15.6,15.769804000854492
17.2,13.831820487976074
13.8,13.6166353225708
14.8,14.290555953979492
14.8,14.371362686157227
16.8,15.50781536102295
16.1,14.903428077697754
14.1,14.312721252441406
18.9,16.704185485839844
15.0,14.985453605651855
14.5,14.211649894714355
19.7,16.963308334350586
14.0,13.964020729064941
14.6,15.187637329101562
13.7,14.969165802001953
17.1,14.899806022644043
17.5,15.970264434814453
14.8,15.754117012023926
12.5,13.700194358825684
10.0,12.26595687866211
8.9,13.042276382446289
14.0,14.653050422668457
18.3,16.415170669555664
14.4,14.579211235046387
13.1,14.555746078491211
17.7,14.799720764160156
17.6,16.72140884399414
10.9,13.681779861450195
18.1,15.61081600189209
12.2,14.976539611816406
13.8,14.329329490661621
17.8,16.4323673248291
19.8,15.344145774841309
12.1,13.774239540100098
17.0,15.612808227539062
13.8,15.165709495544434
16.3,14.843092918395996
13.5,14.076866149902344
13.5,14.00514030456543
15.3,16.098834991455078
16.0,15.74050235748291
13.1,13.916295051574707
12.8,14.981611251831055
16.4,15.159635543823242
15.2,14.34464168548584
13.8,14.720264434814453
12.0,13.77509593963623
16.5,15.461671829223633
13.9,13.957868576049805
13.7,14.265495300292969
14.9,15.044954299926758
11.0,13.455632209777832
14.8,14.416111946105957
13.0,13.897018432617188
12.9,13.80939769744873
17.9,16.072053909301758
17.4,15.267664909362793
11.1,13.036283493041992
17.4,15.541010856628418
18.7,15.849235534667969
16.4,15.203373908996582
13.8,14.270198822021484
12.7,13.79450798034668
14.2,14.221600532531738
14.9,14.396113395690918
13.8,14.292352676391602
18.6,16.716222763061523
16.4,15.39828109741211
17.1,15.936511039733887
19.4,16.70335578918457
13.2,13.970436096191406
19.0,16.056854248046875
15.2,15.078886985778809
16.4,15.217120170593262
16.5,15.910682678222656
14.2,15.082942008972168
15.8,15.411730766296387
17.1,15.768641471862793
17.6,16.280916213989258
14.4,14.605246543884277
15.9,15.064892768859863
15.2,14.999231338500977
13.0,13.17724609375
18.0,16.248519897460938
17.6,16.213987350463867
15.8,14.10058879852295
17.5,16.090557098388672
15.2,14.845641136169434
19.4,16.45433807373047
14.9,15.413797378540039
17.4,15.597068786621094
15.8,14.884854316711426
15.8,15.419792175292969
14.4,14.035452842712402
18.6,15.95711898803711
16.1,15.791049003601074
17.1,15.385261535644531
17.9,16.54823112487793
8.9,13.447000503540039
16.0,15.23023509979248
14.5,14.677963256835938
11.4,13.000082015991211
16.9,15.842079162597656
12.5,13.517234802246094
17.6,16.113014221191406
15.8,14.905143737792969
14.9,14.655990600585938
13.3,14.191900253295898
15.6,14.94163990020752
13.9,14.803460121154785
18.1,16.29145622253418
15.7,15.233362197875977
15.8,15.100316047668457
13.5,14.694162368774414
16.8,15.329691886901855
14.6,14.524022102355957
18.5,16.58481216430664
15.2,15.521608352661133
14.1,14.3020658493042
16.8,16.08842658996582
18.3,16.52080726623535
15.6,15.527059555053711
17.0,16.53331184387207
14.9,15.865595817565918
13.7,14.17080020904541
15.6,15.071709632873535
10.5,13.613258361816406
12.8,13.474899291992188
12.8,13.904726028442383
17.6,16.190174102783203
15.2,14.96766471862793
16.6,16.14026641845703
16.3,15.28879451751709
16.6,15.498676300048828
11.7,12.891777992248535
13.7,14.154409408569336
16.0,14.779010772705078
17.0,15.766547203063965
15.2,15.476198196411133
11.2,13.93714714050293
16.9,15.9203519821167
19.1,16.662254333496094
19.8,15.90282917022705
16.2,14.467344284057617
10.4,13.171425819396973
18.5,16.081212997436523
15.6,15.125629425048828
19.2,16.72028350830078
19.6,16.74132537841797
12.3,14.147673606872559
16.1,15.375190734863281
14.5,14.68070125579834
11.9,13.178133964538574
17.5,16.2332763671875
15.2,14.84951400756836
10.7,13.509292602539062
14.9,14.86301326751709
14.1,15.588353157043457
14.4,14.653265953063965
19.6,15.85673999786377
14.5,14.546684265136719
16.1,14.99122142791748
18.5,16.319046020507812
16.2,15.21413803100586
6.3,13.70382022857666
15.8,15.417621612548828
10.2,13.299071311950684
16.0,15.454158782958984
15.7,15.14333724975586
12.4,13.852532386779785
17.8,15.852645874023438
13.8,14.123199462890625
14.6,14.467277526855469
19.4,16.49733543395996
13.2,14.620556831359863
13.4,13.804935455322266
16.4,15.812192916870117
12.7,14.380301475524902
16.2,15.687529563903809
9.8,12.71410846710205
18.8,16.757844924926758
12.1,13.60831356048584
15.1,14.775564193725586
15.0,15.148594856262207
15.6,14.877494812011719
11.8,15.10641860961914
17.2,15.49390697479248
16.9,15.109038352966309
15.9,15.08122444152832
13.9,14.71284008026123
12.6,13.08434772491455
15.5,15.023250579833984
14.8,14.526609420776367
8.6,12.70845890045166
14.2,13.70280933380127
19.6,15.851883888244629
12.3,13.335455894470215
16.6,15.364322662353516
19.6,15.817331314086914
14.5,14.703506469726562
18.1,15.366576194763184
9.4,13.142877578735352
15.4,15.137789726257324
18.6,15.749265670776367
19.6,16.776634216308594
17.0,16.368209838867188
13.7,14.558974266052246
12.2,14.919243812561035
16.1,15.036691665649414
13.5,13.87914752960205
15.6,15.11727523803711
12.0,14.026427268981934
14.3,15.887935638427734
16.3,15.14743423461914
14.4,14.39858341217041
16.5,15.88508129119873
14.5,14.30154800415039
13.7,14.115690231323242
17.5,14.924277305603027
15.8,14.265856742858887
15.6,15.309103012084961
12.4,13.487955093383789
15.5,15.106817245483398
14.1,14.398126602172852
15.9,14.302391052246094
19.9,16.981494903564453
13.3,14.780592918395996
15.9,14.959360122680664
15.6,14.764863967895508
17.9,15.77009105682373
17.1,15.80315113067627
15.8,15.025886535644531
13.8,14.87672233581543
16.2,15.59803295135498
18.0,15.976240158081055
18.2,15.974034309387207
14.7,14.359833717346191
14.6,14.273452758789062
14.8,14.869379997253418
12.1,13.490960121154785
17.2,16.118051528930664
15.4,15.192034721374512
14.7,14.594818115234375
17.3,16.00114631652832
18.3,16.10814094543457
15.7,15.02628231048584
8.2,11.989792823791504
18.4,16.452102661132812
13.4,14.506213188171387
16.7,15.511833190917969
17.0,15.446832656860352
14.5,14.42013168334961
14.5,14.29875659942627
19.1,16.2635555267334
18.2,16.192729949951172
13.3,14.189695358276367
12.6,13.630062103271484
17.1,15.198068618774414
14.3,14.366983413696289
14.7,14.72012710571289
18.9,16.534997940063477
17.9,16.30052375793457
15.2,14.894671440124512
13.1,13.324944496154785
14.9,14.859149932861328
19.5,16.633922576904297
16.0,15.074545860290527
14.7,14.756028175354004
15.0,14.72914981842041
6.9,10.946331024169922
15.5,15.091511726379395
17.7,16.240209579467773
14.7,15.437533378601074
11.9,13.823050498962402
19.5,16.67482566833496
13.5,14.157646179199219
12.7,14.204771995544434
17.5,16.103029251098633
15.2,14.696368217468262
17.3,15.418722152709961
12.1,13.904134750366211
18.6,16.128734588623047
18.9,16.741413116455078
14.1,14.488630294799805
13.0,14.467747688293457
19.7,16.803983688354492
19.4,16.06273078918457
11.7,14.225430488586426
17.6,16.064228057861328
12.3,14.115106582641602
17.6,16.040847778320312
14.5,14.258453369140625
16.6,15.61953353881836
16.7,15.849336624145508
14.1,14.455537796020508
15.5,14.77000904083252
13.9,14.701143264770508
15.3,15.837686538696289
19.9,16.71787452697754
14.4,14.795649528503418
12.7,15.386613845825195
13.2,14.412809371948242
19.5,16.825345993041992
16.8,14.786359786987305
12.5,13.973041534423828
13.0,14.255331993103027
13.9,14.826592445373535
15.2,14.9273099899292
15.9,15.519686698913574
12.3,13.748726844787598
13.7,14.42730712890625
19.5,16.34466552734375
18.9,16.27634620666504
15.5,15.074545860290527
17.8,15.310125350952148
14.7,14.348335266113281
17.1,14.837250709533691
14.6,14.623690605163574
19.6,16.819612503051758
11.7,14.016376495361328
17.1,15.442262649536133
19.2,16.862567901611328
19.2,16.789827346801758
16.3,15.15911865234375
11.2,13.926714897155762
15.3,15.594685554504395
11.8,14.223546981811523
17.2,15.475892066955566
14.1,14.638696670532227
11.6,14.1422119140625
16.7,14.629682540893555
14.4,15.117040634155273
15.4,15.014555931091309
14.4,14.677781105041504
14.2,14.375029563903809
16.4,15.52306079864502
18.1,16.372751235961914
14.8,14.638986587524414
15.5,15.153756141662598
14.7,14.529752731323242
13.9,13.127996444702148
12.0,14.081088066101074
17.7,15.635061264038086
14.6,14.8923978805542
8.1,11.1074857711792
15.4,14.958466529846191
13.2,14.18027114868164
19.4,16.588138580322266
18.9,16.802860260009766
15.9,15.363605499267578
15.6,14.966866493225098
19.2,16.923906326293945
15.6,14.769415855407715
13.6,14.074884414672852
16.0,15.615521430969238
14.4,14.715330123901367
13.5,15.046791076660156
12.5,13.784446716308594
18.0,16.366697311401367
18.2,16.22393798828125
13.5,14.905704498291016
12.2,13.890545845031738
19.0,16.70673942565918
15.8,14.476238250732422
14.6,14.389341354370117
19.2,16.67249870300293
14.6,14.448015213012695
19.4,16.910425186157227
18.4,16.698501586914062
12.5,13.566600799560547
14.0,14.389034271240234
16.7,16.20408821105957
15.8,15.396063804626465
15.9,15.238100051879883
19.0,16.810775756835938
15.4,15.286918640136719
17.7,16.39330291748047
13.4,13.403024673461914
14.6,14.588427543640137
14.0,13.565950393676758
15.5,14.978772163391113
13.1,13.488937377929688
11.7,13.863934516906738
16.1,14.836160659790039
18.4,16.739315032958984
13.7,14.05523681640625
12.1,13.536541938781738
18.6,16.611263275146484
17.8,16.419979095458984
14.1,14.19343090057373
15.5,15.299242973327637
15.4,14.748307228088379
16.0,15.444580078125
9.3,13.278115272521973
17.6,15.937238693237305
15.0,14.861865043640137
14.8,14.398550033569336
17.1,16.61654281616211
12.9,15.357227325439453
12.3,13.895109176635742
16.0,15.657367706298828
16.8,15.638300895690918
13.9,14.640926361083984
16.1,15.263544082641602
18.8,16.638492584228516
11.7,13.736194610595703
14.7,14.437054634094238
19.7,16.778827667236328
15.7,15.267664909362793
9.4,12.431417465209961
18.9,16.71449851989746
15.1,14.784157752990723
17.5,15.134980201721191
16.2,16.113719940185547
14.2,15.555398941040039
13.5,14.525362014770508
19.9,16.571081161499023
18.7,15.334511756896973
15.3,14.918502807617188
13.3,14.501290321350098
14.9,15.590270042419434
19.5,16.742935180664062
12.2,13.540791511535645
16.0,15.653412818908691
9.3,13.48643970489502
19.5,16.736562728881836
14.2,14.771997451782227
18.3,16.341625213623047
15.7,15.55463981628418
15.8,15.133813858032227
14.6,14.566875457763672
15.0,14.744677543640137
12.9,12.691960334777832
16.5,15.099078178405762
15.5,14.398502349853516
17.5,16.383974075317383
15.3,15.327542304992676
13.0,14.134632110595703
15.3,15.33611011505127
16.9,16.26138687133789
10.7,13.728446960449219
17.6,16.22484588623047
12.5,14.296143531799316
16.3,15.312569618225098
18.0,16.4423770904541
16.7,15.953871726989746
12.5,14.456741333007812
16.8,15.353851318359375
13.8,14.305538177490234
14.2,14.69199275970459
12.8,14.15119743347168
19.6,16.181119918823242
16.4,15.797160148620605
12.6,14.470974922180176
15.3,14.688273429870605
15.8,14.741406440734863
14.5,14.578628540039062
19.7,16.75334930419922
18.1,16.44744110107422
15.7,14.931793212890625
11.8,13.820077896118164
16.2,15.0634183883667
15.2,15.366172790527344
14.5,14.7105073928833
15.2,14.894583702087402
15.0,14.614361763000488
15.5,15.384998321533203
19.5,15.88518238067627
13.0,13.886786460876465
15.1,15.18012523651123
16.0,14.718059539794922
16.9,15.169172286987305
14.4,14.700013160705566
16.1,15.412528991699219
13.9,15.032975196838379
15.4,14.852008819580078
15.8,14.91448974609375
15.5,14.955954551696777
17.8,15.210765838623047
15.2,14.810336112976074
15.4,14.82118034362793
14.6,14.751437187194824
15.3,14.557669639587402
15.5,14.900932312011719
14.3,14.597555160522461
13.0,13.899778366088867
14.4,14.549247741699219
14.6,14.82861042022705
15.1,15.018945693969727
13.5,14.260274887084961
13.9,14.56509780883789
14.7,14.430765151977539
14.7,14.657400131225586
15.6,14.894944190979004
14.6,14.604655265808105
19.5,16.257774353027344
14.0,14.190346717834473
19.5,16.793195724487305
15.7,14.929841041564941
11.1,13.855440139770508
13.9,14.302118301391602
13.9,13.991881370544434
15.1,14.562592506408691
17.3,15.821014404296875
19.0,16.182151794433594
12.1,13.201118469238281
14.5,14.86717700958252
13.1,13.822522163391113
15.9,15.380041122436523
15.7,14.950615882873535
19.4,16.488134384155273
13.6,14.263437271118164
12.7,13.294089317321777
16.7,14.574394226074219
16.6,15.667095184326172
13.5,13.95606517791748
15.9,15.074545860290527
12.0,14.247726440429688
13.7,13.703628540039062
12.2,14.256876945495605
15.5,14.953204154968262
15.0,14.781816482543945
13.9,14.505380630493164
15.1,15.009369850158691
19.6,16.347742080688477
14.1,14.380191802978516
16.1,15.219460487365723
15.1,14.818774223327637
6.7,12.384228706359863
10.8,12.895742416381836
15.5,14.855790138244629
14.8,14.711799621582031
14.7,14.365005493164062
15.0,14.421777725219727
13.2,13.221376419067383
17.5,15.677719116210938
14.2,14.74804973602295
14.4,14.591451644897461
15.4,14.858338356018066
15.6,15.00976848602295
17.4,16.32332420349121
10.5,12.691761016845703
14.0,14.349482536315918
7.3,13.158313751220703
17.1,16.128999710083008
12.8,13.63304328918457
9.1,11.710699081420898
15.7,14.9161376953125
13.3,14.110756874084473
7.2,13.166752815246582
15.8,15.101577758789062
17.0,15.446939468383789
17.0,15.919596672058105
17.8,15.344284057617188
13.6,14.32970142364502
14.9,14.787086486816406
15.5,15.531280517578125
14.9,14.512046813964844
14.3,14.183127403259277
12.3,13.498761177062988
18.3,16.49892234802246
14.3,14.442197799682617
13.7,14.663077354431152
16.7,15.855687141418457
16.1,15.5457763671875
13.6,14.498963356018066
11.8,13.442696571350098
19.5,16.76905632019043
13.2,13.685728073120117
16.1,15.39827823638916
14.6,14.757603645324707
14.8,15.065096855163574
17.2,15.071527481079102
14.0,14.982612609863281
13.4,13.868846893310547
15.0,15.007643699645996
13.7,14.218831062316895
15.5,14.814811706542969
15.8,15.170990943908691
14.2,14.707378387451172
15.2,14.765096664428711
18.0,15.293503761291504
13.8,14.565888404846191
16.8,15.832216262817383
19.2,14.507769584655762
14.3,14.42497444152832
13.9,15.111063957214355
15.8,15.045241355895996
15.4,14.893314361572266
12.2,13.954200744628906
15.6,14.403793334960938
19.3,15.323710441589355
16.0,15.30424976348877
7.7,12.053024291992188
15.4,15.104835510253906
15.1,14.755997657775879
14.7,15.312780380249023
12.9,14.94038200378418
14.9,14.574847221374512
15.2,14.754938125610352
15.4,14.730220794677734
15.3,14.943155288696289
12.6,14.055336952209473
11.2,12.805279731750488
15.7,14.86535930633545
14.9,14.562533378601074
10.4,13.505305290222168
15.1,15.009014129638672
16.9,15.78370475769043
12.8,14.364445686340332
15.0,14.925820350646973
15.7,14.89079761505127
18.9,16.64926528930664
12.9,14.318964004516602
16.1,15.018656730651855
11.5,13.609492301940918
15.6,14.904385566711426
15.5,15.432557106018066
9.1,13.634298324584961
15.6,15.515898704528809
17.6,16.121585845947266
15.2,15.141114234924316
15.0,14.721331596374512
12.1,13.558643341064453
14.4,14.389053344726562
9.4,12.185733795166016
15.8,15.492441177368164
13.1,14.445467948913574
13.2,13.935195922851562
15.1,15.388412475585938
13.2,14.05439567565918
16.7,15.67114543914795
17.4,15.212416648864746
6.5,11.350223541259766
14.0,13.889472961425781
9.3,12.52833080291748
7.5,11.71381950378418
15.1,14.990184783935547
15.4,14.883866310119629
18.3,16.51435089111328
16.6,15.588155746459961
17.4,15.540338516235352
14.1,14.291133880615234
13.7,14.328262329101562
13.9,14.840073585510254
10.0,13.297385215759277
19.1,16.18576431274414
13.9,14.469972610473633
15.7,15.153254508972168
15.8,13.937132835388184
16.2,15.715609550476074
14.7,15.21192455291748
15.4,14.417383193969727
15.5,15.283489227294922
12.5,13.892410278320312
15.1,14.892014503479004
12.7,14.273765563964844
16.5,15.785940170288086
14.4,14.481487274169922
15.6,15.051712036132812
13.1,13.543292045593262
15.8,14.881428718566895
13.8,14.578420639038086
16.6,15.886982917785645
16.7,15.590264320373535
14.7,14.211200714111328
14.5,15.002250671386719
16.7,15.173919677734375
18.2,16.12215232849121
18.5,15.996435165405273
15.4,15.319835662841797
19.3,16.839475631713867
19.4,16.72260856628418
12.8,13.883599281311035
8.2,11.084698677062988
14.1,14.387991905212402
12.5,14.028523445129395
16.0,14.819915771484375
12.3,13.527626037597656
15.3,14.995819091796875
18.6,16.1884765625
16.3,15.560686111450195
16.0,15.182900428771973
18.1,16.534996032714844
15.0,14.981821060180664
13.4,14.599302291870117
15.2,14.630537033081055
16.2,15.689079284667969
15.8,15.061447143554688
18.5,15.977677345275879
15.9,14.962564468383789
14.3,14.259145736694336
17.5,15.835511207580566
13.1,14.207314491271973
19.8,15.051224708557129
15.3,15.161371231079102
17.4,15.840383529663086
11.2,14.411240577697754
18.3,15.682844161987305
11.9,13.235742568969727
13.2,14.024214744567871
15.6,15.120407104492188
19.9,15.220783233642578
16.6,15.893342971801758
16.7,15.667814254760742
15.3,14.66552734375
15.2,15.101338386535645
19.8,15.956388473510742
15.0,15.17913818359375
14.8,14.96638298034668
18.9,16.14300537109375
12.5,13.717171669006348
17.4,15.881087303161621
15.0,15.08017349243164
11.7,12.775240898132324
14.7,14.735698699951172
16.9,15.184980392456055
19.7,16.737823486328125
17.6,16.406002044677734
15.4,14.82458209991455
19.1,16.962024688720703
15.2,14.533488273620605
15.5,15.057462692260742
16.2,15.470792770385742
16.4,15.570721626281738
15.3,14.751116752624512
14.9,15.097476959228516
6.2,12.387920379638672
19.6,16.2661190032959
15.2,14.925260543823242
8.5,11.590473175048828
8.5,12.64737606048584
12.7,14.04055404663086
18.0,15.816588401794434
18.5,15.78709602355957
19.7,16.802705764770508
16.9,16.546899795532227
15.1,15.359491348266602
13.5,13.952926635742188
13.8,14.070935249328613
17.3,15.7561616897583
12.7,14.044754028320312
16.6,15.650358200073242
18.9,16.542972564697266
15.5,15.086082458496094
18.9,16.423723220825195
14.6,14.540375709533691
14.5,15.036285400390625
14.2,14.317378997802734
15.0,15.237263679504395
7.7,11.462377548217773
9.7,12.511199951171875
12.6,13.846702575683594
15.3,14.742213249206543
13.1,14.146716117858887
19.0,16.151533126831055
15.1,15.226014137268066
16.4,15.526357650756836
16.4,15.957396507263184
17.8,16.52313995361328
14.6,14.684890747070312
15.1,14.031203269958496
14.8,14.579014778137207
16.7,16.533466339111328
13.6,13.714160919189453
12.4,14.432828903198242
13.4,13.968790054321289
14.3,14.550942420959473
15.2,14.843350410461426
13.4,14.314805030822754
7.4,11.533013343811035
14.7,14.767691612243652
16.1,15.425498008728027
14.7,14.739123344421387
16.5,16.432069778442383
15.3,15.013047218322754
15.3,14.558770179748535
16.2,15.64943790435791
16.2,15.355941772460938
16.6,15.771991729736328
13.0,14.155563354492188
18.3,15.484203338623047
15.7,15.066743850708008
10.4,13.265887260437012
12.4,14.373637199401855
15.7,15.151711463928223
12.6,14.100929260253906
15.2,14.448026657104492
15.4,15.08017349243164
14.7,14.939947128295898
13.5,15.174692153930664
16.3,15.522048950195312
11.4,13.536499977111816
17.9,15.972548484802246
16.2,15.104552268981934
17.5,15.15333080291748
14.4,15.00180435180664
16.5,15.698771476745605
14.2,14.070328712463379
11.7,14.570603370666504
10.6,13.312666893005371
15.6,14.964089393615723
15.4,14.913207054138184
17.7,15.88261604309082
15.7,15.076083183288574
12.4,13.471538543701172
9.8,13.277252197265625
15.2,15.548946380615234
16.6,15.368666648864746
15.3,14.427934646606445
19.1,16.307443618774414
12.5,14.486200332641602
14.0,14.874966621398926
15.2,14.898027420043945
15.7,15.173383712768555
16.6,15.356528282165527
11.7,14.139079093933105
17.8,16.704044342041016
15.1,15.040400505065918
15.0,14.88451099395752
15.0,14.526286125183105
15.0,14.558038711547852
14.8,14.794848442077637
9.2,12.863009452819824
18.4,16.52569580078125
15.2,15.099066734313965
15.8,15.509798049926758
14.6,15.109725952148438
17.3,16.037494659423828
14.4,14.782340049743652
14.3,14.605454444885254
15.4,14.678498268127441
15.9,15.16055679321289
15.5,15.314300537109375
15.5,15.267996788024902
15.3,15.115701675415039
18.5,15.854764938354492
15.0,15.140430450439453
13.1,14.451043128967285
13.7,14.320229530334473
13.1,13.830038070678711
12.2,13.536139488220215
17.6,15.097155570983887
15.3,15.060201644897461
19.1,16.954578399658203
16.0,14.904377937316895
16.4,15.771202087402344
15.8,14.46804141998291
17.1,15.875856399536133
13.2,15.08593463897705
18.0,16.39586067199707
17.8,15.128840446472168
18.6,16.420608520507812
14.3,14.002775192260742
17.2,15.37238883972168
14.5,13.979799270629883
14.5,15.514487266540527
13.5,13.817086219787598
15.4,14.880786895751953
19.5,16.85360336303711
12.6,14.458062171936035
11.2,11.861418724060059
18.6,16.2340145111084
17.2,15.195390701293945
12.9,14.382977485656738
16.7,15.394067764282227
17.3,16.008882522583008
15.8,15.543534278869629
17.9,16.307594299316406
14.4,14.270646095275879
18.9,16.450410842895508
16.5,15.869043350219727
13.6,14.355785369873047
14.3,14.975700378417969
19.8,16.982511520385742
12.5,14.590486526489258
19.4,16.731348037719727
7.6,12.05389404296875
14.6,14.314343452453613
11.9,14.205698013305664
14.7,14.926717758178711
14.3,15.081804275512695
6.3,10.802688598632812
15.4,14.903613090515137
18.1,16.392845153808594
16.8,15.467131614685059
15.8,15.117473602294922
15.1,14.704964637756348
14.8,14.222708702087402
15.3,15.696452140808105
14.4,15.04606819152832
13.4,14.286373138427734
12.9,14.175230026245117
15.5,14.632131576538086
9.5,13.348423957824707
18.9,16.33438491821289
17.4,16.293231964111328
18.7,16.420360565185547
17.7,15.563641548156738
16.0,15.088089942932129
17.6,15.652923583984375
11.2,13.120357513427734
15.0,14.807808876037598
18.0,16.47054672241211
13.2,13.782652854919434
12.8,14.274215698242188
17.1,15.785598754882812
17.9,14.765535354614258
18.8,16.865686416625977
14.9,14.939278602600098
12.4,12.635347366333008
10.1,14.14000415802002
15.6,15.13495922088623
12.9,14.551365852355957
13.8,14.514640808105469
13.4,13.583250045776367
13.2,13.777881622314453
18.7,16.54553985595703
14.7,15.18560791015625
13.8,14.674141883850098
14.5,14.632902145385742
11.8,13.825233459472656
11.9,14.132709503173828
15.1,14.616955757141113
15.9,14.918740272521973
12.1,13.6968994140625
11.9,13.87597370147705
16.9,16.08565902709961
15.6,15.278355598449707
11.7,13.975257873535156
15.7,15.253740310668945
11.9,13.659902572631836
18.4,16.06519889831543
19.8,16.642841339111328
18.4,16.871416091918945
10.7,12.832110404968262
17.1,15.17399787902832
10.0,14.343412399291992
11.0,14.006107330322266
15.8,15.159356117248535
14.6,14.709501266479492
12.7,13.392888069152832
15.8,14.997386932373047
18.0,16.28622817993164
14.1,14.4125337600708
16.1,15.041661262512207
13.2,14.137189865112305
15.7,14.846510887145996
14.8,14.661874771118164
15.0,14.460740089416504
14.6,13.991225242614746
19.3,15.902688026428223
15.8,15.145288467407227
19.9,16.61732292175293
15.2,14.992345809936523
15.7,14.916784286499023
11.9,14.501909255981445
16.0,15.217120170593262
15.7,15.343536376953125
19.0,16.63690757751465
14.2,14.284871101379395
13.2,14.639203071594238
13.0,14.352296829223633
19.0,16.224210739135742
13.4,14.488541603088379
18.4,16.526397705078125
15.7,15.185626029968262
15.1,14.670390129089355
15.0,14.748482704162598
14.0,14.790639877319336
17.7,16.039325714111328
16.8,15.868888854980469
15.0,15.827868461608887
15.6,15.25473403930664
16.9,15.610796928405762
16.2,14.743600845336914
9.4,12.223999977111816
9.3,15.2628755569458
18.7,15.852436065673828
12.4,12.580888748168945
15.5,14.852484703063965
18.8,16.781286239624023
12.9,14.432653427124023
18.5,16.163463592529297
16.2,15.286490440368652
16.6,15.562394142150879
11.9,15.100568771362305
15.0,14.790746688842773
7.3,14.12418270111084
15.1,15.191312789916992
17.8,15.426486015319824
13.6,13.680171012878418
15.5,14.70532512664795
19.2,16.46099853515625
13.7,13.630270004272461
17.8,14.992158889770508
15.2,14.698774337768555
14.6,14.773268699645996
11.7,13.138710021972656
11.7,14.201988220214844
14.8,14.911162376403809
13.1,14.165597915649414
14.2,14.17539119720459
12.9,13.981091499328613
11.7,14.013320922851562
14.9,14.701203346252441
12.5,14.037257194519043
8.2,11.512476921081543
11.8,14.5245943069458
12.3,13.83742904663086
15.1,14.62060546875
15.6,15.059130668640137
15.0,14.508082389831543
19.7,16.52678871154785
19.4,16.0031681060791
15.7,14.39884090423584
9.6,13.160151481628418
19.0,15.191100120544434
18.5,16.80421257019043
16.9,15.263609886169434
15.3,14.54610824584961
15.4,14.681321144104004
17.8,16.364356994628906
11.2,13.539093971252441
16.3,14.278096199035645
14.7,14.184890747070312
13.2,14.2002534866333
18.7,16.19672393798828
15.6,15.08017349243164
14.8,14.522626876831055
14.6,14.64861011505127
18.7,16.33323860168457
17.1,14.195208549499512
16.4,14.568154335021973
18.0,16.30748176574707
14.2,14.848372459411621
6.8,11.693260192871094
14.4,14.633591651916504
18.6,15.882381439208984
10.2,14.98608684539795
13.5,14.250728607177734
17.9,16.308107376098633
13.8,14.329950332641602
15.5,14.355032920837402
15.7,14.634462356567383
17.5,15.652237892150879
8.0,12.401930809020996
10.3,12.726137161254883
17.1,16.155134201049805
18.0,16.44476318359375
15.0,14.833000183105469
13.0,14.423059463500977
19.6,16.398653030395508
12.2,16.592567443847656
12.1,13.526494979858398
15.2,14.771553993225098
14.8,14.619522094726562
16.0,15.122794151306152
16.4,15.097113609313965
14.6,15.676227569580078
15.6,15.616815567016602
16.3,14.562309265136719
18.5,16.418020248413086
15.9,13.792003631591797
8.3,13.837564468383789
16.3,15.06338119506836
10.5,13.245946884155273
10.1,12.634479522705078
13.2,14.332727432250977
13.7,13.98719596862793
11.5,13.558277130126953
15.8,14.771344184875488
14.0,14.47608470916748
14.7,14.697498321533203
14.4,14.535381317138672
19.4,16.122520446777344
18.6,15.609777450561523
18.7,16.105663299560547
10.4,12.78076171875
14.9,14.770241737365723
16.6,15.511094093322754
12.6,13.752082824707031
11.4,13.25130844116211
11.5,13.4915132522583
14.3,14.700457572937012
13.5,14.456478118896484
15.2,14.750072479248047
13.8,14.495574951171875
14.2,14.43876838684082
12.4,13.743265151977539
17.4,15.905031204223633
13.1,14.073290824890137
14.8,14.832134246826172
14.3,13.935029029846191
14.6,13.900053977966309
18.5,15.310908317565918
13.6,13.648059844970703
11.1,13.997594833374023
15.4,14.943853378295898
12.4,13.538254737854004
11.7,13.455705642700195
13.0,14.093990325927734
17.1,16.24619483947754
18.5,16.34652328491211
14.3,14.46817398071289
14.3,13.865673065185547
11.7,12.425910949707031
15.4,14.410025596618652
15.0,14.519858360290527
16.8,16.212678909301758
15.4,15.401043891906738
19.3,16.891132354736328
13.8,13.958555221557617
16.7,15.19508171081543
10.4,12.883502006530762
12.9,13.921581268310547
14.3,14.406193733215332
13.3,13.953165054321289
14.8,14.70847225189209
12.3,13.449747085571289
15.3,14.814096450805664
14.5,14.361394882202148
10.4,13.629613876342773
15.9,15.100467681884766
11.0,13.58675479888916
17.6,15.553018569946289
15.5,14.932689666748047
14.5,14.455552101135254
16.5,15.639934539794922
15.2,15.126297950744629
10.6,13.032964706420898
12.4,14.085505485534668
17.6,16.11339569091797
16.5,15.933144569396973
15.0,14.776126861572266
14.1,14.480652809143066
12.8,13.836322784423828
17.7,16.63682746887207
15.1,14.862334251403809
14.4,14.561528205871582
10.5,13.663046836853027
14.7,14.783161163330078
18.9,16.529977798461914
19.8,16.910282135009766
18.4,16.521305084228516
18.2,16.52613639831543
12.6,14.287107467651367
16.8,16.041872024536133
13.5,13.858016967773438
14.0,13.906442642211914
18.7,16.660472869873047
13.7,13.306098937988281
16.1,15.8424654006958
15.9,15.129023551940918
12.9,14.44122314453125
16.6,16.173566818237305
9.9,13.077178955078125
16.5,15.164896011352539
15.7,15.99137020111084
15.1,14.635689735412598
13.1,14.59085464477539
14.0,14.733745574951172
11.7,13.310297966003418
19.9,16.89310646057129
14.9,14.868063926696777
14.9,14.603702545166016
12.6,14.56258773803711
17.0,15.850239753723145
13.5,14.72340202331543
15.5,14.587299346923828
15.1,14.952299118041992
15.0,14.857576370239258
16.2,15.561174392700195
15.8,15.070757865905762
14.7,14.496227264404297
12.1,13.680448532104492
16.0,15.148737907409668
13.6,14.709894180297852
12.9,13.80771255493164
15.2,14.811647415161133
14.6,14.666173934936523
14.9,15.844216346740723
18.7,16.628812789916992
18.7,16.369096755981445
18.6,16.46786880493164
14.9,14.855667114257812
15.9,14.636615753173828
12.7,14.007498741149902
14.8,14.985042572021484
13.1,13.510725021362305
14.4,14.375093460083008
12.2,13.698676109313965
13.7,13.865727424621582
17.7,15.703309059143066
13.0,14.159027099609375
17.1,15.2518949508667
16.7,16.33962631225586
13.0,13.886492729187012
18.4,16.014678955078125
15.5,14.9679536819458
10.6,13.325875282287598
13.8,13.977094650268555
14.5,14.555904388427734
18.4,16.17415428161621
11.4,12.270424842834473
13.5,14.258590698242188
11.5,13.743253707885742
18.1,15.895294189453125
19.5,16.22095489501953
16.1,14.904565811157227
15.1,14.992621421813965
13.5,14.176822662353516
16.7,15.292943954467773
16.9,14.997082710266113
15.4,15.218546867370605
17.6,16.19245719909668
16.6,15.209613800048828
15.1,15.873641014099121
11.6,13.79792308807373
15.2,15.489825248718262
14.8,14.851641654968262
14.9,14.7755708694458
14.7,14.808649063110352
11.6,13.496142387390137
15.5,15.089532852172852
16.1,15.14333724975586
18.1,16.32876968383789
13.9,13.679823875427246
13.0,13.644742965698242
13.2,14.376357078552246
13.4,15.383177757263184
14.1,14.689713478088379
11.4,12.464455604553223
17.1,15.317825317382812
19.8,16.58001708984375
13.4,13.930642127990723
17.9,16.23860740661621
14.4,14.055368423461914
15.2,14.60400104522705
14.2,14.827665328979492
14.7,14.605090141296387
11.7,14.054637908935547
12.3,14.272478103637695
15.3,14.759377479553223
14.6,14.136040687561035
13.3,14.447608947753906
15.0,14.439604759216309
15.5,14.788243293762207
16.1,15.145492553710938
14.9,15.01919174194336
14.9,14.77921199798584
11.4,13.15257453918457
15.4,14.905705451965332
15.8,14.89426326751709
15.4,14.972062110900879
15.0,14.860018730163574
15.6,14.564720153808594
8.7,13.151259422302246
12.0,13.239273071289062
11.6,13.25436019897461
14.5,14.259623527526855
11.7,13.794376373291016
15.9,14.808561325073242
12.4,13.904818534851074
14.3,14.851198196411133
16.2,14.407517433166504
11.4,13.000222206115723
12.6,13.68667221069336
14.6,14.793893814086914
15.0,14.846789360046387
10.5,13.274800300598145
10.3,13.295439720153809
18.8,16.695714950561523
13.7,14.414541244506836
13.5,14.580796241760254
15.3,14.832001686096191
14.4,14.7699613571167
14.9,14.863081932067871
13.7,15.240397453308105
14.5,14.628003120422363
15.2,15.069453239440918
13.9,14.627863883972168
14.4,14.590331077575684
15.1,14.472496032714844
14.5,14.40695571899414
16.0,15.50091552734375
17.7,16.412124633789062
14.1,14.544825553894043
18.6,16.746191024780273
19.2,16.821834564208984
9.5,12.34575366973877
12.6,13.481352806091309
12.3,13.65865421295166
15.8,15.02253532409668
14.1,14.230911254882812
13.4,14.096890449523926
17.0,16.395944595336914
19.9,16.67677879333496
11.7,13.640907287597656
13.2,13.9918212890625
14.2,14.447237014770508
8.9,12.258184432983398
17.5,15.4503812789917
16.2,15.598027229309082
15.3,15.033195495605469
15.5,14.279467582702637
13.3,14.149704933166504
10.8,13.663829803466797
14.3,14.323257446289062
14.2,14.713913917541504
19.2,16.450111389160156
13.0,14.509578704833984
12.3,13.852574348449707
19.3,16.939666748046875
12.1,13.916777610778809
13.5,14.278611183166504
13.7,14.266843795776367
19.0,15.065132141113281
15.4,15.14333724975586
10.9,12.819852828979492
18.1,16.538724899291992
15.2,14.789534568786621
9.9,13.42818832397461
17.5,15.929986000061035
19.8,16.775630950927734
14.2,14.22146224975586
14.4,14.200148582458496
16.5,15.114913940429688
12.5,14.281676292419434
14.5,14.15613079071045
15.5,16.158288955688477
18.7,16.390989303588867
19.1,16.769243240356445
11.8,13.729232788085938
14.6,15.08362102508545
11.4,13.537752151489258
14.7,15.615448951721191
14.8,15.298273086547852
17.4,15.0574369430542
15.1,14.659189224243164
17.2,15.982748031616211
11.8,13.643169403076172
19.0,16.720016479492188
14.8,15.057110786437988
14.3,14.505176544189453
15.0,14.408048629760742
14.5,15.26534366607666
15.1,14.054725646972656
15.6,15.037737846374512
18.5,16.53066062927246
17.7,15.893153190612793
17.8,16.041776657104492
18.1,16.797401428222656
8.9,13.370662689208984
15.7,15.192034721374512
12.8,14.91092300415039
11.2,13.076275825500488
12.1,13.997344970703125
17.1,15.269987106323242
14.8,14.8097562789917
16.8,16.756826400756836
19.7,16.727628707885742
11.9,13.280162811279297
17.0,16.088653564453125
11.7,14.148472785949707
18.3,16.885595321655273
12.5,14.134291648864746
17.8,16.205297470092773
14.6,15.024409294128418
15.7,15.105056762695312
15.5,15.185904502868652
15.6,15.153254508972168
19.2,16.03607940673828
14.4,14.186914443969727
15.1,13.945581436157227
11.2,13.463783264160156
11.9,13.372817039489746
14.1,14.724387168884277
16.2,15.783620834350586
11.7,13.44635009765625
15.2,14.817505836486816
14.7,14.578795433044434
15.0,14.867929458618164
17.8,15.39101791381836
14.0,14.431859016418457
15.3,15.045624732971191
12.0,13.35782241821289
13.5,15.126150131225586
16.0,14.190603256225586
17.3,15.697417259216309
14.0,14.415528297424316
13.8,14.483404159545898
13.1,13.528532981872559
17.7,16.569849014282227
12.2,13.876171112060547
15.7,15.574965476989746
13.9,14.500514030456543
11.6,14.302412033081055
12.1,13.697587966918945
15.5,15.09228515625
14.2,14.25350570678711
14.4,14.67214298248291
10.3,14.91580581665039
18.8,16.640918731689453
12.1,13.871597290039062
14.2,14.428315162658691
16.0,14.869111061096191
15.3,14.777581214904785
13.9,14.474579811096191
15.0,14.795374870300293
14.2,14.256888389587402
14.0,14.654023170471191
19.2,16.64513397216797
15.0,14.991539001464844
15.5,14.72995376586914
13.1,14.301543235778809
16.3,15.136810302734375
18.5,16.907434463500977
7.3,12.832831382751465
18.0,16.121082305908203
14.9,14.74946403503418
16.5,15.823673248291016
15.0,14.681876182556152
13.1,14.306231498718262
15.9,15.531745910644531
13.4,14.359586715698242
14.4,14.983922958374023
14.0,14.133342742919922
15.6,14.739322662353516
12.3,13.360793113708496
18.2,16.134634017944336
9.9,14.391332626342773
19.2,15.58615493774414
11.1,14.129707336425781
13.7,14.714868545532227
14.6,14.450925827026367
15.4,14.652432441711426
11.3,14.49140453338623
10.9,13.220735549926758
13.2,13.953312873840332
11.3,13.517653465270996
12.9,14.130552291870117
14.0,13.81937026977539
14.2,14.584321022033691
15.6,15.596230506896973
14.5,14.668023109436035
12.9,14.099815368652344
16.1,15.419078826904297
12.0,13.443316459655762
15.3,14.781593322753906
15.9,15.006447792053223
11.3,14.052933692932129
14.3,14.803876876831055
15.4,14.774994850158691
15.2,14.820791244506836
10.9,13.399507522583008
12.8,14.075995445251465
13.4,13.639741897583008
16.6,15.21962833404541
13.4,14.948070526123047
14.1,14.891756057739258
14.8,14.633373260498047
15.2,14.864664077758789
19.1,16.520553588867188
16.0,14.527421951293945
14.6,14.432245254516602
9.2,14.06395149230957
11.9,14.423468589782715
12.7,13.74031925201416
12.7,13.840191841125488
18.1,15.128151893615723
15.8,15.57956600189209
16.1,15.135458946228027
15.5,14.767413139343262
13.5,14.078609466552734
13.9,14.704073905944824
11.1,14.03759479522705
12.0,13.509380340576172
18.1,16.905048370361328
16.3,15.457687377929688
16.6,15.59801959991455
15.3,15.058127403259277
15.8,14.986881256103516
19.0,15.822150230407715
15.5,14.939582824707031
19.8,16.981836318969727
12.5,13.771846771240234
19.9,16.936813354492188
17.1,15.317609786987305
12.4,14.560042381286621
14.3,14.558767318725586
14.8,14.67236328125
16.1,15.629935264587402
15.5,14.949130058288574
14.6,14.893852233886719
18.8,15.430438995361328
11.7,13.496530532836914
12.7,14.426161766052246
13.8,14.375435829162598
15.2,14.841064453125
15.7,15.340263366699219
12.4,13.576766967773438
15.2,15.204048156738281
14.3,14.693657875061035
10.4,13.420085906982422
14.7,14.751869201660156
14.0,14.334023475646973
18.1,14.788877487182617
17.5,14.678821563720703
15.7,14.349286079406738
17.3,15.654428482055664
6.5,12.531290054321289
14.5,13.712625503540039
17.3,16.686155319213867
15.1,14.821983337402344
13.6,14.50350284576416
11.0,13.786737442016602
10.9,14.158503532409668
15.3,15.172165870666504
8.9,13.197894096374512
13.6,14.323288917541504
13.9,14.583643913269043
15.5,14.827168464660645
16.3,15.630279541015625
10.3,13.99550724029541
18.9,16.87960433959961
15.5,14.83647346496582
19.5,16.914173126220703
14.7,14.692749977111816
15.4,14.841601371765137
14.6,15.086652755737305
15.1,15.141913414001465
12.7,14.071715354919434
17.3,15.30300521850586
15.3,14.66490650177002
15.7,14.82286262512207
16.4,14.97382640838623
13.6,14.398423194885254
18.9,16.53775978088379
8.3,14.065589904785156
14.8,14.457900047302246
17.8,15.55058765411377
19.6,16.772825241088867
9.2,12.2579984664917
18.4,16.73188018798828
19.8,16.799970626831055
17.9,16.184371948242188
13.5,14.004474639892578
14.3,14.324383735656738
12.5,14.030937194824219
16.9,16.330854415893555
14.2,14.09162712097168
18.0,15.855493545532227
13.6,14.28227424621582
12.7,14.796745300292969
14.8,14.861449241638184
14.6,14.511941909790039
19.6,16.727622985839844
14.3,14.506795883178711
12.7,13.865618705749512
12.7,13.669231414794922
13.6,14.003268241882324
12.7,14.563117980957031
14.2,14.331963539123535
16.6,16.56866455078125
14.5,15.124784469604492
13.0,13.964749336242676
10.1,13.126466751098633
13.7,14.085453033447266
12.5,14.215104103088379
14.6,14.660189628601074
12.9,14.450121879577637
13.5,14.17319107055664
12.9,13.527376174926758
12.7,13.834097862243652
13.6,14.787161827087402
11.9,13.701794624328613
14.3,13.941170692443848
16.4,15.309117317199707
12.6,13.932550430297852
15.9,14.900803565979004
13.6,14.220605850219727
13.6,13.986638069152832
13.3,14.224164962768555
12.1,13.45238208770752
14.2,14.757904052734375
19.7,16.179414749145508
13.2,13.477142333984375
13.6,14.6212158203125
10.9,13.75011920928955
16.1,15.578042030334473
19.1,16.553590774536133
12.2,14.89186954498291
15.3,15.004616737365723
9.8,12.898531913757324
13.0,13.349498748779297
12.3,13.325981140136719
12.8,14.460387229919434
15.1,14.952110290527344
14.8,14.392768859863281
11.6,12.769254684448242
13.0,15.395477294921875
12.6,14.68500804901123
13.2,13.887643814086914
12.1,13.721067428588867
15.5,15.1190185546875
14.6,14.32399845123291
15.4,15.009781837463379
14.1,14.365249633789062
12.7,14.234014511108398
13.0,13.720687866210938
12.3,14.24655532836914
18.8,15.417872428894043
12.8,13.652386665344238
14.6,14.575572967529297
6.7,10.821405410766602
14.9,14.811322212219238
17.4,15.270191192626953
16.1,15.544596672058105
13.4,14.058053016662598
15.3,14.78821849822998
18.0,16.24229621887207
8.9,13.133208274841309
16.2,14.947352409362793
18.6,16.612075805664062
17.7,15.301384925842285
14.4,14.860034942626953
16.2,15.419500350952148
12.1,13.76154613494873
15.1,14.023483276367188
13.2,13.743048667907715
14.5,14.68265438079834
14.9,14.905088424682617
15.7,14.52603816986084
14.1,14.465271949768066
10.2,12.995576858520508
12.9,14.205155372619629
11.0,13.834358215332031
17.3,16.58702850341797
14.3,14.131962776184082
14.1,14.059548377990723
15.0,14.774660110473633
18.9,16.70574188232422
17.6,16.79105567932129
14.6,14.903718948364258
17.5,15.973341941833496
16.2,15.241558074951172
16.5,15.575084686279297
17.0,16.022445678710938
15.6,15.805042266845703
15.1,14.666935920715332
13.4,14.513162612915039
16.5,15.586038589477539
13.9,14.230703353881836
17.2,15.466861724853516
18.0,16.138778686523438
13.4,13.935609817504883
15.3,15.109644889831543
11.5,13.695188522338867
15.5,15.892345428466797
12.1,13.100814819335938
12.9,14.463415145874023
12.1,13.283254623413086
14.8,14.83006477355957
12.6,13.828661918640137
11.9,13.414640426635742
14.3,13.915783882141113
9.3,13.479138374328613
9.4,12.645556449890137
16.0,14.862462043762207
12.7,14.073814392089844
16.1,15.2174072265625
16.5,15.16583251953125
13.7,14.397980690002441
15.9,14.952945709228516
15.9,14.835187911987305
18.4,16.569459915161133
15.8,15.145315170288086
11.8,13.912737846374512
14.8,14.810264587402344
15.6,15.232867240905762
15.8,14.902397155761719
18.4,16.84663963317871
15.3,15.148833274841309
16.3,15.501445770263672
14.5,14.658658981323242
14.5,15.876477241516113
17.7,15.985828399658203
12.7,14.428022384643555
11.3,13.552358627319336
12.0,13.490069389343262
12.8,14.230112075805664
19.1,16.70365333557129
11.1,13.066932678222656
17.9,16.829105377197266
14.2,14.76152515411377
18.5,15.79774284362793
16.1,15.707627296447754
15.2,14.726751327514648
14.5,14.447181701660156
14.1,14.822317123413086
13.7,14.273409843444824
17.4,16.3513240814209
14.6,14.58218765258789
16.4,15.291336059570312
17.7,16.058691024780273
14.2,14.636409759521484
10.9,13.156986236572266
12.5,13.03509521484375
15.8,15.483502388000488
14.6,14.672654151916504
18.8,16.684398651123047
12.4,14.070457458496094
15.9,15.078981399536133
17.7,16.073318481445312
18.2,16.081390380859375
13.0,13.616046905517578
15.3,15.089054107666016
14.8,14.789607048034668
14.3,14.719470977783203
15.6,15.146590232849121
15.8,14.956188201904297
10.6,13.467020988464355
15.0,14.83404541015625
18.9,16.235158920288086
18.1,15.865704536437988
18.7,16.225833892822266
18.3,15.231250762939453
16.7,15.875181198120117
19.0,16.807947158813477
15.6,14.907157897949219
12.2,13.65966796875
17.8,16.47467803955078
13.1,13.332196235656738
15.2,14.380107879638672
17.7,16.349279403686523
14.5,14.481735229492188
14.6,14.895804405212402
12.8,13.943886756896973
16.5,16.017589569091797
16.8,15.527206420898438
16.2,15.3966646194458
16.1,15.595110893249512
15.3,15.3222074508667
10.6,13.037774085998535
13.1,14.900578498840332
14.2,14.221430778503418
16.1,15.545967102050781
14.7,14.773877143859863
17.7,15.736520767211914
14.3,15.72693157196045
17.8,16.48676300048828
14.8,15.002920150756836
15.5,15.029232025146484
15.1,14.979898452758789
15.1,14.887547492980957
14.6,14.616275787353516
14.3,14.531187057495117
15.7,14.550945281982422
13.0,13.927370071411133
17.1,14.508488655090332
14.5,13.799901008605957
15.3,14.720418930053711
14.4,14.784622192382812
11.6,13.02157211303711
13.2,14.20846176147461
15.7,15.135069847106934
15.5,14.787028312683105
11.1,13.430500030517578
12.7,14.256098747253418
14.5,14.626662254333496
13.0,13.869601249694824
10.1,12.812437057495117
15.0,14.035778045654297
11.6,13.85561466217041
16.5,15.90346622467041
17.5,15.9780912399292
18.5,16.733348846435547
16.1,15.183271408081055
15.5,15.383089065551758
11.1,13.568742752075195
15.1,15.199129104614258
13.2,14.168336868286133
17.3,16.380399703979492
13.5,14.430967330932617
13.5,13.77842903137207
15.3,15.048194885253906
14.5,13.881717681884766
18.6,16.749208450317383
17.6,15.933284759521484
18.6,16.761533737182617
17.2,16.88870620727539
15.1,14.702674865722656
14.1,13.945265769958496
11.9,13.272068977355957
15.4,15.449432373046875
16.7,16.024900436401367
17.4,16.44940757751465
12.8,13.797182083129883
18.2,16.522796630859375
15.9,15.221095085144043
15.5,14.859149932861328
15.6,14.884050369262695
15.9,15.11618709564209
14.8,14.71886157989502
14.3,14.091039657592773
15.2,15.108314514160156
8.0,10.957305908203125
15.9,14.761929512023926
18.4,16.39715576171875
17.8,16.49346160888672
15.6,15.233278274536133
15.4,14.910012245178223
14.9,14.419816970825195
18.8,16.853424072265625
15.2,14.871905326843262
16.4,15.118268966674805
14.6,14.648969650268555
16.1,15.495010375976562
18.7,16.456390380859375
15.6,15.020345687866211
15.9,14.797442436218262
10.1,12.701541900634766
14.9,14.713523864746094
15.4,15.124217987060547
13.4,14.345955848693848
16.8,15.376089096069336
13.8,14.547076225280762
16.7,15.073396682739258
15.1,14.750255584716797
17.3,16.684982299804688
14.9,14.55654239654541
14.0,14.479480743408203
15.6,14.809401512145996
13.4,14.49683952331543
17.4,13.899895668029785
15.6,16.16156005859375
14.5,14.778244972229004
14.9,15.139233589172363
14.6,14.676351547241211
16.3,15.15096378326416
15.0,15.035346031188965
13.3,14.155231475830078
15.1,13.576684951782227
15.4,14.861456871032715
13.5,14.156960487365723
13.4,14.341023445129395
16.4,15.535127639770508
19.5,14.819031715393066
15.1,14.734664916992188
14.9,14.594881057739258
14.7,14.646269798278809
13.3,14.497758865356445
15.6,14.604866981506348
10.3,13.728928565979004
16.9,15.843915939331055
15.7,15.276895523071289
15.2,15.183571815490723
15.4,15.210458755493164
15.3,14.995983123779297
15.5,15.12260627746582
17.2,15.034544944763184
14.9,14.705009460449219
15.0,14.608304977416992
13.5,13.87659740447998
12.7,14.285012245178223
12.7,14.060129165649414
19.1,16.583892822265625
15.2,15.030354499816895
13.6,13.116813659667969
14.4,14.704002380371094
12.4,14.182928085327148
13.7,14.018627166748047
14.4,15.463610649108887
14.5,14.4146089553833
15.3,14.876714706420898
18.9,15.136341094970703
17.4,15.937597274780273
18.7,16.735477447509766
14.0,14.279257774353027
19.7,16.897384643554688
17.1,15.640746116638184
15.6,14.89065170288086
19.4,16.782779693603516
12.6,13.844086647033691
14.8,15.728418350219727
17.9,15.655555725097656
19.5,16.167057037353516
18.0,16.114601135253906
18.5,16.827178955078125
19.1,16.775169372558594
16.2,15.689607620239258
7.3,11.361258506774902
12.3,13.9095458984375
13.2,14.65257740020752
15.8,15.099308013916016
12.2,13.66454792022705
13.6,14.493927955627441
12.7,13.816347122192383
12.1,13.585782051086426
14.6,14.785053253173828
14.1,14.530379295349121
14.8,14.323348045349121
14.1,14.618563652038574
13.9,14.556763648986816
12.4,13.660037994384766
14.7,14.664331436157227
16.4,15.060104370117188
16.6,16.553756713867188
15.3,15.171807289123535
11.3,12.831012725830078
15.9,15.124202728271484
9.5,11.050597190856934
14.9,15.344322204589844
13.2,14.093207359313965
15.9,14.903033256530762
16.7,16.113555908203125
15.3,14.847411155700684
15.1,14.565778732299805
11.2,13.704240798950195
13.2,14.146576881408691
15.7,14.529032707214355
15.7,15.076556205749512
14.4,15.458148956298828
15.6,14.60820198059082
15.4,14.864264488220215
14.2,13.936281204223633
17.4,16.360288619995117
18.2,16.797183990478516
9.6,13.082374572753906
14.5,14.716658592224121
15.6,13.987748146057129
15.1,14.510570526123047
16.3,15.097892761230469
15.9,15.922300338745117
10.0,13.189656257629395
16.3,15.635168075561523
15.4,14.964162826538086
13.6,14.67884635925293
12.8,15.088102340698242
19.9,16.80744743347168
14.9,14.686647415161133
14.1,14.519895553588867
15.3,14.612658500671387
15.3,14.843531608581543
14.1,14.38141918182373
10.5,13.58126449584961
14.7,14.678958892822266
15.8,14.750643730163574
13.9,14.224370956420898
19.5,16.827281951904297
12.6,14.49909782409668
14.7,14.861021041870117
17.1,16.010793685913086
14.7,14.85526180267334
17.2,15.883330345153809
16.8,16.434492111206055
18.6,15.74691104888916
15.5,15.220903396606445
15.8,14.634881973266602
12.6,14.079671859741211
17.0,15.996511459350586
15.6,15.217120170593262
18.9,16.58684539794922
14.8,14.656222343444824
14.0,14.431201934814453
14.5,14.731422424316406
15.3,15.110285758972168
15.2,14.73824691772461
12.9,13.63175106048584
19.8,16.234376907348633
17.3,16.625534057617188
19.3,16.83053207397461
15.5,14.820771217346191
17.9,16.638595581054688
16.4,15.702406883239746
12.9,13.881513595581055
19.1,14.829086303710938
11.9,13.263620376586914
12.1,13.773869514465332
14.2,14.781400680541992
14.4,14.626694679260254
15.4,15.964635848999023
17.7,16.5502986907959
13.9,14.494864463806152
14.1,14.495909690856934
13.2,14.121099472045898
15.7,15.702386856079102
14.7,14.639204025268555
19.8,16.968944549560547
17.6,16.46285057067871
15.2,14.869500160217285
14.3,14.642128944396973
13.1,13.807478904724121
11.9,13.820371627807617
17.5,15.46429443359375
16.0,15.654748916625977
15.4,14.729734420776367
12.9,13.630578994750977
15.7,15.654918670654297
19.8,16.555747985839844
17.8,16.00290870666504
15.1,15.718673706054688
17.6,16.784093856811523
12.6,14.068659782409668
14.9,15.437824249267578
15.6,14.552416801452637
15.0,14.576873779296875
14.0,14.275116920471191
14.6,14.667261123657227
15.0,14.78036880493164
13.8,14.529211044311523
14.0,14.632673263549805
16.5,16.12364959716797
14.9,14.847580909729004
14.5,14.622257232666016
19.1,16.49547576904297
14.6,14.942397117614746
15.3,14.743087768554688
15.5,15.508389472961426
14.7,15.21709156036377
19.5,15.991273880004883
14.2,14.781440734863281
16.9,16.0068302154541
12.4,14.074782371520996
11.2,13.287301063537598
11.3,14.06899356842041
13.0,14.165119171142578
15.2,15.304930686950684
12.3,13.885445594787598
12.5,13.475201606750488
14.7,14.798547744750977
12.7,15.808350563049316
14.4,14.70555591583252
15.3,15.900293350219727
14.6,15.048768997192383
13.2,14.274626731872559
16.2,15.714531898498535
15.8,15.079989433288574
14.3,15.078070640563965
14.8,14.90301513671875
15.2,14.654438972473145
14.4,14.581172943115234
14.2,14.744808197021484
15.3,14.424015998840332
15.4,15.75925350189209
15.6,15.914945602416992
19.2,16.789159774780273
11.7,13.803832054138184
16.0,15.430870056152344
17.5,16.481067657470703
12.4,15.001322746276855
15.0,15.025773048400879
14.2,14.65982437133789
12.7,13.74441146850586
14.9,14.910421371459961
13.5,13.92587947845459
14.8,14.9712553024292
14.5,15.09561538696289
12.5,14.1299409866333
15.0,14.725249290466309
19.8,16.00275230407715
14.9,14.476324081420898
13.2,14.540058135986328
14.7,14.641522407531738
17.4,15.633698463439941
13.7,14.3696928024292
15.9,14.848620414733887
18.0,15.922835350036621
14.8,14.663606643676758
15.5,14.452204704284668
14.7,14.343945503234863
19.2,16.570873260498047
19.1,16.577608108520508
15.6,14.929766654968262
16.1,15.197328567504883
19.4,16.840862274169922
19.0,16.735715866088867
14.7,14.524572372436523
19.7,16.940500259399414
15.1,14.372596740722656
14.8,15.117690086364746
14.3,14.068439483642578
14.6,14.233185768127441
13.6,14.137029647827148
14.2,14.511032104492188
12.2,13.582225799560547
15.5,14.881590843200684
15.0,14.816507339477539
13.2,13.890003204345703
15.3,14.667606353759766
12.9,13.805695533752441
14.7,14.881004333496094
10.3,13.087129592895508
17.6,16.247451782226562
14.5,14.504507064819336
15.6,14.66778564453125
12.7,13.934287071228027
13.6,14.317808151245117
19.0,16.524946212768555
16.3,15.13586139678955
12.5,13.893506050109863
15.3,14.88776683807373
15.2,14.62610149383545
18.7,16.47882080078125
15.3,14.863804817199707
15.1,14.975316047668457
13.8,15.189275741577148
19.1,16.130996704101562
18.1,16.007301330566406
18.8,15.263141632080078
18.6,16.190250396728516
16.0,15.129697799682617
15.2,14.948202133178711
17.0,15.969533920288086
14.5,15.072595596313477
15.4,14.899977684020996
14.5,14.767767906188965
17.9,16.335485458374023
19.7,16.807924270629883
11.8,14.200050354003906
11.2,13.5802583694458
16.0,15.281749725341797
16.1,15.502045631408691
13.0,13.541766166687012
13.2,13.926020622253418
10.6,13.28628921508789
13.4,14.30899429321289
13.0,13.400245666503906
16.3,15.560446739196777
15.5,15.167418479919434
16.3,15.167953491210938
15.1,14.88612174987793
14.0,14.758060455322266
14.4,14.674577713012695
16.4,14.713560104370117
13.8,14.348336219787598
11.7,13.059590339660645
19.9,16.821853637695312
15.0,14.954635620117188
16.5,15.644837379455566
19.8,16.85730743408203
13.1,14.438422203063965
14.8,14.140368461608887
15.8,15.068169593811035
13.8,13.922096252441406
15.8,15.347902297973633
12.1,14.428792953491211
14.0,14.24690055847168
18.2,16.17124366760254
16.2,15.403761863708496
12.7,13.875226020812988
19.1,16.867469787597656
16.0,15.265738487243652
17.6,16.190372467041016
13.4,13.997200965881348
13.0,13.898792266845703
10.5,12.640501022338867
15.1,14.695442199707031
15.0,15.141292572021484
12.6,14.510778427124023
16.5,15.282217025756836
11.2,14.148341178894043
17.2,16.04681396484375
19.7,16.574790954589844
14.6,14.761115074157715
16.3,14.602754592895508
17.5,15.958142280578613
11.4,14.039710998535156
14.5,15.483880043029785
13.9,14.613170623779297
17.7,15.232071876525879
19.9,16.706790924072266
15.7,15.140156745910645
16.3,15.489227294921875
12.3,13.744210243225098
16.5,16.059328079223633
18.5,16.57957649230957
15.9,15.512167930603027
18.9,16.156341552734375
18.6,16.042587280273438
17.3,15.246122360229492
11.4,13.948953628540039
15.2,15.188129425048828
17.5,16.22953987121582
15.7,14.979016304016113
15.4,15.139924049377441
15.8,14.909316062927246
14.3,14.738462448120117
16.8,15.74028205871582
15.6,14.9805908203125
11.6,13.836060523986816
18.8,16.58254623413086
12.5,14.990769386291504
13.0,14.217042922973633
14.4,14.412178039550781
18.7,16.84421730041504
14.2,14.782676696777344
14.1,14.855316162109375
15.5,15.210025787353516
13.5,13.829020500183105
18.7,15.810314178466797
15.9,15.346904754638672
14.9,13.937899589538574
11.0,13.51801872253418
15.9,15.505683898925781
14.8,15.169319152832031
14.3,14.847578048706055
15.7,14.932723999023438
14.0,14.251957893371582
14.8,14.809945106506348
15.9,15.409127235412598
12.0,13.59334945678711
13.4,14.546897888183594
15.2,14.999025344848633
16.8,15.485655784606934
17.5,16.2725830078125
13.8,14.143556594848633
17.0,15.888509750366211
18.2,16.461137771606445
12.8,13.722660064697266
14.2,14.450881004333496
14.0,14.223901748657227
13.5,13.941919326782227
17.6,16.181095123291016
16.1,15.410661697387695
13.6,14.116520881652832
19.7,16.508787155151367
14.0,14.603326797485352
14.8,14.691849708557129
13.3,13.83326244354248
16.9,15.57986068725586
12.6,13.164440155029297
15.8,15.29111385345459
18.4,16.108739852905273
17.5,16.193111419677734
15.4,14.862981796264648
13.2,14.02043628692627
14.8,14.717350959777832
14.9,14.778250694274902
19.2,16.99466323852539
16.1,15.267887115478516
15.1,15.167418479919434
13.0,14.365272521972656
13.9,14.123733520507812
16.5,15.270380020141602
17.4,16.816213607788086
16.3,15.16936206817627
17.7,16.565101623535156
19.3,16.78002166748047
10.7,13.238873481750488
16.3,15.517664909362793
14.4,15.126531600952148
13.9,15.038281440734863
15.8,15.555509567260742
15.2,15.560590744018555
14.3,14.922968864440918
15.0,15.508025169372559
15.9,15.507048606872559
16.3,15.54601764678955
12.1,13.710588455200195
17.0,16.123628616333008
13.6,15.29600715637207
15.7,14.820419311523438
15.1,14.463699340820312
15.2,15.210711479187012
15.5,15.582197189331055
14.2,15.091575622558594
16.4,15.820841789245605
16.2,14.754860877990723
18.5,16.643571853637695
15.4,14.848684310913086
18.5,16.73782730102539
18.6,16.36261749267578
19.5,16.643207550048828
17.0,15.814573287963867
16.7,15.805084228515625
14.9,14.475815773010254
11.9,14.007862091064453
14.6,14.858168601989746
17.0,15.95328426361084
16.0,16.10201644897461
15.0,14.907514572143555
15.9,14.837186813354492
19.5,16.792903900146484
17.7,16.53129768371582
15.5,15.08663558959961
15.7,14.91358757019043
19.9,16.404857635498047
15.4,15.249624252319336
19.4,16.74351692199707
16.9,16.437273025512695
15.4,14.812732696533203
15.0,14.845549583435059
15.4,14.537795066833496
14.3,14.326913833618164
15.1,14.87678337097168
14.9,14.802449226379395
15.2,14.906404495239258
15.6,14.884275436401367
13.8,15.290393829345703
14.2,14.522087097167969
13.4,14.397521018981934
14.7,14.453641891479492
16.9,15.622564315795898
15.2,15.050406455993652
14.7,14.727337837219238
12.4,13.678094863891602
18.0,16.378774642944336
15.0,14.788627624511719
15.2,14.856528282165527
15.0,15.099087715148926
15.5,14.893059730529785
10.8,13.296350479125977
14.7,14.570976257324219
15.0,14.829632759094238
13.6,14.807050704956055
15.8,15.148149490356445
12.5,13.678494453430176
14.9,15.14333724975586
13.2,14.062442779541016
14.5,14.38780689239502
14.7,14.74074649810791
14.4,14.21008014678955
15.1,14.836185455322266
14.9,14.810384750366211
19.5,16.48594093322754
16.1,15.12610149383545
15.8,14.816519737243652
14.8,14.838370323181152
15.1,14.778407096862793
12.5,13.810778617858887
12.8,13.854896545410156
14.7,14.426883697509766
17.1,15.526421546936035
15.1,14.538337707519531
11.2,13.525259971618652
14.5,14.459465026855469
16.5,15.199434280395508
14.7,14.658209800720215
18.5,15.925270080566406
14.6,14.729899406433105
11.1,14.539957046508789
12.9,14.222139358520508
15.6,15.063579559326172
13.0,14.352910041809082
14.8,14.43602466583252
14.8,14.687076568603516
12.9,14.204833030700684
13.6,14.872237205505371
14.4,15.111773490905762
14.1,15.131978034973145
16.6,14.767126083374023
15.8,14.85730266571045
19.2,16.72715950012207
16.9,15.182656288146973
13.6,14.365342140197754
19.9,16.80987548828125
19.9,16.91603660583496
11.4,15.304061889648438
15.6,15.458993911743164
17.5,15.276270866394043
15.5,15.330594062805176
15.6,14.954634666442871
14.6,14.526787757873535
14.1,14.328083992004395
14.8,14.753905296325684
15.5,14.833016395568848
18.4,15.85810661315918
15.2,15.134233474731445
15.2,14.873259544372559
9.3,12.921856880187988
15.4,15.048929214477539
16.1,15.201709747314453
19.0,15.985758781433105
17.3,15.600831031799316
17.4,15.985799789428711
15.0,15.102669715881348
14.9,14.854915618896484
17.1,16.18942642211914
16.7,14.999423027038574
15.8,15.140054702758789
17.5,15.611886024475098
14.1,14.309388160705566
13.3,14.752080917358398
17.9,16.144569396972656
18.4,15.405461311340332
19.0,16.778844833374023
18.1,16.428266525268555
12.0,13.42480754852295
16.4,15.637490272521973
18.8,16.765121459960938
19.3,16.604042053222656
18.0,16.131372451782227
18.3,16.44062042236328
18.8,16.5206356048584
16.7,15.976293563842773
13.7,14.921443939208984
13.9,14.510951042175293
15.3,14.940441131591797
14.9,14.750704765319824
15.0,15.212545394897461
18.0,16.096134185791016
16.5,15.525100708007812
12.9,13.998146057128906
13.7,14.56533145904541
19.4,16.940731048583984
16.0,15.920385360717773
13.4,14.50443172454834
16.3,15.413187026977539
17.8,14.926745414733887
13.2,14.15481948852539
13.9,14.535331726074219
15.4,14.740031242370605
12.8,13.811676025390625
15.5,15.18671989440918
13.3,14.066040992736816
17.5,15.90296745300293
13.9,14.583236694335938
15.0,15.194258689880371
15.7,14.858582496643066
13.4,13.278420448303223
19.3,15.82729434967041
15.0,12.884272575378418
14.4,14.698979377746582
17.6,15.147151947021484
19.1,15.39559268951416
11.9,14.529555320739746
16.4,15.90186595916748
18.1,16.0687198638916
15.5,14.983735084533691
15.5,15.17591381072998
12.9,14.149067878723145
14.0,14.499942779541016
15.7,15.000659942626953
16.7,14.49717903137207
18.3,16.494518280029297
11.5,13.699989318847656
11.9,15.483504295349121
15.8,14.427873611450195
14.1,14.894365310668945
16.3,16.216419219970703
13.1,13.496604919433594
12.9,14.535178184509277
14.2,14.106575965881348
12.4,14.134840965270996
17.8,16.513551712036133
13.9,14.875864028930664
16.4,15.874869346618652
17.8,16.229877471923828
19.1,16.812772750854492
17.6,16.603363037109375
18.9,16.46741485595703
13.0,14.25816535949707
15.3,14.939582824707031
15.9,15.945818901062012
16.3,16.14323616027832
19.2,16.717620849609375
19.7,16.933399200439453
19.4,15.187397003173828
16.5,15.268205642700195
17.2,15.61166000366211
14.0,13.328633308410645
14.7,15.340639114379883
17.3,16.55208396911621
17.6,16.52078628540039
16.8,16.42443084716797
19.6,16.854358673095703
16.5,15.26554012298584
13.9,14.379591941833496
19.0,16.542375564575195
18.8,16.412748336791992
13.1,14.27843189239502
17.7,16.487163543701172
18.4,16.075332641601562
16.4,15.340643882751465
16.3,15.278151512145996
17.3,15.845745086669922
16.2,12.941451072692871
15.4,15.203164100646973
12.5,13.49153995513916
16.8,15.887247085571289
14.4,14.528181076049805
19.3,15.381369590759277
18.8,15.852514266967773
16.8,16.288734436035156
13.3,14.064481735229492
13.3,13.899100303649902
17.3,15.743768692016602
10.9,13.073951721191406
13.1,13.882615089416504
11.6,13.963826179504395
10.3,12.845613479614258
14.1,15.060084342956543
11.1,13.489166259765625
14.2,14.815789222717285
15.8,15.116267204284668
17.6,15.18399715423584
16.8,15.960284233093262
15.0,15.41948127746582
11.7,13.053853988647461
7.7,12.776963233947754
15.4,15.097697257995605
16.1,14.92470645904541
15.9,14.737566947937012
13.5,15.043975830078125
10.2,12.76447868347168
15.0,14.617783546447754
16.6,14.580148696899414
15.7,16.0029354095459
11.4,13.041011810302734
11.7,12.659738540649414
14.3,15.021358489990234
11.3,13.867290496826172
13.1,14.686299324035645
11.5,13.32861614227295
10.6,12.68429946899414
13.3,14.368621826171875
14.1,14.388803482055664
13.4,14.19199275970459
9.4,13.874791145324707
11.7,13.554736137390137
10.9,13.17178726196289
11.0,13.58932113647461
14.4,15.176172256469727
14.3,14.323260307312012
17.3,15.449352264404297
10.8,13.63548469543457
14.4,14.802648544311523
13.9,14.311349868774414
13.4,14.900190353393555
13.8,14.837615013122559
11.9,14.441605567932129
15.2,15.816373825073242
14.4,14.944215774536133
18.5,15.964570999145508
19.1,16.52267074584961
15.6,15.153167724609375
15.1,14.881180763244629
15.0,14.872071266174316
12.9,14.193382263183594
18.4,14.990530014038086
15.5,14.948637962341309
15.6,14.856119155883789
16.5,15.213871955871582
15.4,15.231348991394043
15.5,15.19970417022705
14.2,14.34861946105957
15.3,14.788105964660645
14.6,14.615888595581055
15.5,15.382953643798828
15.7,15.118544578552246
13.9,14.473798751831055
11.6,13.877607345581055
11.2,13.626267433166504
12.9,13.713055610656738
11.1,12.45446491241455
11.5,14.035351753234863
18.5,15.023143768310547
17.1,16.071542739868164
13.4,14.036358833312988
15.5,15.074545860290527
14.5,14.634156227111816
15.6,14.865700721740723
15.4,15.070780754089355
12.1,14.098334312438965
13.3,14.322517395019531
16.0,16.099821090698242
15.8,14.864317893981934
14.8,14.702774047851562
15.7,15.182326316833496
14.2,14.614364624023438
14.4,14.034549713134766
15.0,14.842466354370117
16.5,14.610026359558105
15.0,15.018800735473633
14.9,14.761316299438477
12.5,13.679402351379395
15.4,14.575541496276855
14.7,14.939361572265625
12.9,14.693550109863281
15.8,15.190439224243164
14.2,14.39728832244873
11.8,13.227913856506348
15.0,14.739051818847656
19.4,16.84819793701172
15.1,14.830432891845703
15.3,14.123915672302246
15.4,13.790363311767578
17.6,15.269584655761719
15.7,15.138700485229492
13.1,13.985177993774414
12.2,13.756338119506836
17.0,16.079126358032227
15.9,15.349222183227539
11.4,13.506378173828125
10.9,12.9605073928833
12.0,13.844218254089355
13.1,14.095232963562012
12.9,13.937664031982422
15.6,15.179505348205566
15.5,14.949822425842285
13.5,14.287410736083984
18.2,15.069031715393066
16.4,15.700427055358887
14.8,14.390660285949707
16.7,15.64466667175293
15.8,15.427851676940918
15.9,15.733464241027832
13.8,14.193413734436035
14.1,14.101765632629395
15.2,15.974004745483398
14.7,14.763910293579102
16.3,15.473071098327637
13.0,14.283354759216309
19.6,16.715803146362305
19.2,16.72249984741211
11.2,13.01341438293457
13.1,13.85283088684082
18.0,16.37261199951172
19.4,16.615283966064453
15.8,14.68840217590332
9.4,13.2017183303833
13.5,14.068652153015137
12.5,13.675013542175293
14.7,14.999157905578613
16.7,15.775252342224121
13.7,14.2855224609375
16.3,15.648658752441406
15.4,14.907443046569824
17.0,15.71570873260498
13.2,13.913249015808105
14.0,15.203020095825195
13.8,14.269411087036133
17.9,15.514036178588867
15.1,14.810725212097168
17.6,16.226318359375
14.5,14.643209457397461
15.2,15.773347854614258
15.4,15.377012252807617
12.8,13.732040405273438
10.6,14.333334922790527
11.2,13.404670715332031
14.0,14.22262954711914
17.9,16.254940032958984
12.8,15.034143447875977
16.9,15.832870483398438
14.8,14.550312995910645
16.6,15.274541854858398
18.1,16.032724380493164
8.9,13.424107551574707
14.7,14.877556800842285
13.7,15.061652183532715
15.5,15.290040016174316
16.1,15.626144409179688
15.5,15.050637245178223
13.9,14.602137565612793
16.0,14.872416496276855
15.4,15.13088607788086
16.0,14.994304656982422
14.8,15.263267517089844
15.1,14.912672996520996
17.0,14.067127227783203
14.9,14.75778579711914
19.4,16.777379989624023
15.0,14.721735954284668
15.7,14.88539981842041
17.7,15.674211502075195
15.4,15.473010063171387
14.6,14.9540433883667
15.7,15.077794075012207
15.9,15.771317481994629
18.4,16.78992462158203
16.3,15.531771659851074
17.8,16.142486572265625
16.7,14.88670539855957
15.3,14.837547302246094
19.6,16.49638557434082
14.3,14.362213134765625
14.9,14.969207763671875
13.8,15.063000679016113
15.6,14.442648887634277
13.4,14.312064170837402
19.4,16.641286849975586
18.6,16.14455795288086
10.9,13.802265167236328
12.9,14.049468994140625
16.8,15.659296035766602
16.4,15.463926315307617
14.7,14.877156257629395
15.0,14.771108627319336
18.9,16.669715881347656
15.7,14.879735946655273
17.4,15.084880828857422
15.1,15.034963607788086
15.4,15.185091972351074
15.3,14.739799499511719
9.8,12.711753845214844
14.8,14.580257415771484
11.6,13.714743614196777
11.8,13.779664993286133
19.2,16.72725486755371
14.3,15.054810523986816
16.5,14.758934020996094
10.3,12.209975242614746
18.1,15.917415618896484
13.7,14.766695976257324
17.1,16.019725799560547
15.1,14.640457153320312
14.5,14.905322074890137
14.9,14.693819046020508
16.6,15.255130767822266
19.0,16.23049545288086
16.0,14.853703498840332
16.3,15.033758163452148
16.3,15.369053840637207
16.1,15.194756507873535
14.9,14.850418090820312
16.5,15.397151947021484
16.2,15.74186897277832
13.9,14.342890739440918
18.2,16.238107681274414
15.4,15.142046928405762
15.2,15.043007850646973
15.8,15.11767578125
15.7,15.016069412231445
13.2,14.294922828674316
12.9,14.209811210632324
17.1,15.35172176361084
18.9,16.757150650024414
13.8,14.51007080078125
19.1,16.158308029174805
18.4,16.407623291015625
14.9,14.828455924987793
17.3,16.079696655273438
14.3,14.47007942199707
13.4,14.526432037353516
13.9,14.614713668823242
15.5,14.832107543945312
12.3,14.015288352966309
14.3,14.618271827697754
13.8,14.63882064819336
15.0,14.931838989257812
15.2,15.157747268676758
14.5,14.684185981750488
16.2,15.435297966003418
14.8,13.950265884399414
12.8,14.295096397399902
15.8,15.10727310180664
15.4,15.111042976379395
12.8,14.021405220031738
15.3,14.945000648498535
13.6,14.45803165435791
14.2,14.78800106048584
17.0,15.749369621276855
14.6,14.626409530639648
15.7,15.16842269897461
15.6,15.172521591186523
16.4,15.04411792755127
14.1,14.015588760375977
14.3,14.939949989318848
15.1,14.284460067749023
14.7,14.875777244567871
13.8,14.426006317138672
13.3,14.685528755187988
15.6,15.0304536819458
17.0,15.683897972106934
16.3,15.038922309875488
16.3,15.131595611572266
11.1,13.446805953979492
19.6,15.757634162902832
16.1,14.280789375305176
15.1,15.01696491241455
15.3,14.828265190124512
15.1,15.133218765258789
14.7,15.639619827270508
11.5,14.128826141357422
14.3,14.570876121520996
13.9,14.079520225524902
13.1,13.750751495361328
17.7,15.833778381347656
15.5,15.0293550491333
16.3,15.508891105651855
17.9,16.725936889648438
16.3,15.282133102416992
15.7,15.16300106048584
17.7,15.74073600769043
15.9,15.25568675994873
17.8,16.4818058013916
16.1,15.149153709411621
16.1,15.591219902038574
16.9,15.915452003479004
15.7,15.039469718933105
14.0,14.588348388671875
12.8,13.862887382507324
15.4,15.14333724975586
17.8,15.91746997833252
16.2,15.571863174438477
17.9,15.792147636413574
15.0,14.964473724365234
15.2,14.84984016418457
14.4,14.752523422241211
13.3,14.07331371307373
15.4,15.021626472473145
18.5,16.467967987060547
10.5,13.437118530273438
14.9,14.725174903869629
11.8,13.629181861877441
8.4,12.368376731872559
13.5,14.448728561401367
15.3,14.88560962677002
17.3,15.544856071472168
12.6,13.721435546875
17.4,16.317062377929688
12.0,13.842244148254395
15.2,14.914924621582031
13.8,13.86461067199707
16.1,15.463953018188477
14.6,14.869519233703613
13.9,14.648015022277832
15.3,14.696137428283691
19.5,16.67914390563965
13.8,14.147486686706543
15.0,14.88577938079834
15.3,14.943500518798828
15.5,14.941615104675293
16.4,14.876619338989258
15.5,14.900188446044922
14.3,14.027243614196777
15.7,14.786928176879883
19.8,16.783994674682617
14.3,14.42449951171875
13.1,13.888517379760742
15.9,14.879998207092285
15.8,15.025886535644531
14.9,14.808882713317871
14.4,14.374448776245117
15.2,14.999874114990234
15.2,14.73265552520752
15.4,14.931520462036133
19.2,16.80937385559082
15.1,14.838717460632324
13.0,15.006793022155762
15.0,14.973870277404785
14.6,14.53734302520752
12.1,13.939559936523438
18.3,16.528579711914062
15.6,14.983959197998047
17.0,15.487699508666992
15.8,14.807087898254395
16.2,15.237932205200195
14.1,14.12490463256836
14.9,14.855378150939941
12.2,13.41793155670166
12.2,13.968528747558594
16.7,15.416418075561523
15.8,15.04921817779541
14.6,15.254051208496094
14.0,14.889140129089355
13.7,14.768148422241211
14.3,14.603071212768555
16.5,15.24267292022705
15.1,14.402084350585938
13.4,14.01958179473877
15.7,14.917801856994629
12.5,14.005512237548828
15.0,14.778663635253906
15.9,14.851512908935547
15.6,15.471179962158203
19.2,16.842159271240234
15.6,14.859269142150879
17.2,15.819819450378418
15.2,14.788256645202637
17.5,16.044601440429688
16.9,15.407793998718262
14.5,14.521612167358398
16.2,15.74221134185791
15.2,14.542469024658203
15.2,14.920144081115723
14.7,14.810083389282227
14.5,15.109278678894043
15.2,14.854232788085938
15.7,15.256864547729492
16.4,15.201709747314453
16.3,15.057601928710938
15.9,14.971331596374512
14.9,14.753010749816895
15.9,15.152838706970215
15.4,14.891518592834473
12.0,14.134136199951172
12.9,14.088155746459961
13.1,14.659360885620117
13.3,14.217337608337402
14.3,14.348284721374512
15.5,14.648758888244629
17.3,14.943861961364746
11.8,13.443452835083008
14.4,14.42602252960205
15.5,15.009845733642578
11.7,14.338786125183105
14.6,14.783852577209473
6.1,11.506420135498047
15.0,15.170303344726562
14.8,14.140047073364258
15.9,15.14333724975586
15.2,15.065581321716309
6.2,14.35591983795166
12.5,14.420804977416992
14.8,14.781235694885254
12.1,14.273175239562988
14.5,14.840879440307617
17.8,15.085034370422363
13.4,13.573690414428711
12.9,14.155224800109863
14.7,14.723873138427734
13.6,14.385270118713379
15.8,14.976933479309082
15.4,14.990049362182617
15.8,15.182101249694824
18.7,16.606462478637695
16.2,15.231138229370117
15.4,15.011210441589355
16.6,15.65129280090332
15.8,14.935347557067871
15.8,15.40194034576416
17.5,16.22109603881836
18.8,15.668670654296875
19.2,16.804304122924805
15.4,15.221929550170898
15.0,13.727014541625977
15.6,15.174883842468262
14.0,14.318784713745117
15.5,14.72097396850586
13.9,14.106132507324219
15.3,14.841957092285156
15.9,15.465595245361328
15.5,14.840086936950684
16.6,15.90571403503418
10.9,13.273246765136719
14.3,14.094608306884766
10.1,14.785601615905762
16.1,14.795028686523438
14.7,14.285983085632324
13.8,14.122243881225586
16.6,16.510374069213867
13.9,15.244013786315918
12.7,14.007988929748535
17.6,16.12056541442871
7.6,13.658391952514648
12.4,13.795153617858887
13.4,14.108219146728516
8.6,11.578083038330078
15.2,15.159153938293457
13.8,14.32271671295166
19.6,16.4796199798584
13.2,14.064438819885254
13.9,14.443002700805664
17.1,16.505855560302734
15.2,14.83210277557373
12.3,13.93897533416748
16.3,15.86223316192627
13.4,13.972786903381348
18.6,16.00191307067871
14.6,14.768959045410156
15.6,14.937668800354004
15.5,14.872552871704102
11.8,13.909698486328125
15.8,15.229750633239746
17.0,16.169357299804688
16.6,15.16842269897461
19.0,14.402299880981445
16.3,15.554784774780273
10.6,13.683842658996582
16.2,15.675915718078613
16.0,14.983255386352539
14.7,15.340677261352539
5.6,11.196144104003906
9.7,13.401689529418945
14.5,14.642642974853516
15.5,15.479923248291016
16.3,15.04373836517334
14.2,14.68538761138916
15.6,15.070629119873047
14.0,14.41319751739502
17.8,14.272668838500977
13.9,14.163946151733398
13.8,13.963850975036621
13.7,14.152280807495117
12.7,14.973368644714355
13.8,14.481583595275879
17.6,15.906411170959473
12.6,13.91622543334961
17.4,15.984542846679688
13.5,14.343243598937988
16.9,14.442788124084473
17.3,16.378297805786133
14.7,15.155534744262695
17.9,14.266897201538086
18.6,15.164252281188965
13.1,13.510184288024902
14.8,14.829233169555664
15.1,14.825148582458496
12.7,14.005047798156738
14.4,14.71558666229248
15.2,14.907748222351074
12.9,13.45872974395752
15.0,14.946976661682129
16.1,15.017009735107422
16.5,15.944623947143555
13.5,13.933320999145508
16.3,15.741305351257324
13.8,14.121992111206055
12.6,13.98151683807373
15.6,15.074545860290527
16.5,15.540093421936035
15.1,15.135932922363281
15.1,14.586965560913086
14.4,14.247807502746582
15.9,14.913207054138184
15.4,14.219558715820312
14.4,14.818316459655762
13.4,13.897522926330566
14.0,14.320202827453613
15.9,15.16300106048584
14.1,14.725172996520996
15.4,15.289634704589844
19.2,15.592175483703613
15.2,15.506890296936035
15.8,15.351553916931152
17.1,15.906113624572754
14.6,14.713080406188965
15.4,14.583605766296387
15.5,14.9302978515625
15.0,15.123554229736328
14.6,14.891242027282715
18.8,16.3117733001709
19.7,16.895227432250977
17.6,15.879976272583008
15.4,14.846390724182129
13.0,14.782797813415527
15.6,14.879432678222656
12.4,14.021902084350586
12.3,14.435730934143066
18.6,16.32788848876953
10.8,13.300613403320312
17.3,15.737138748168945
17.6,16.474483489990234
14.9,14.601273536682129
12.3,14.047269821166992
15.5,14.942262649536133
13.8,14.50103759765625
15.8,14.696698188781738
17.2,15.646371841430664
15.2,14.509071350097656
16.4,15.76017951965332
14.7,14.71307373046875
14.9,16.03993034362793
17.3,15.343549728393555
18.5,16.415910720825195
16.7,15.493535995483398
17.3,15.930923461914062
16.1,15.079371452331543
14.9,14.881603240966797
15.3,14.88464069366455
15.1,14.828828811645508
16.1,15.101907730102539
13.9,14.781930923461914
14.9,15.02047061920166
15.0,14.749184608459473
14.8,14.516497611999512
17.8,15.33444881439209
17.6,15.960198402404785
18.6,15.801551818847656
19.9,15.027233123779297
16.7,15.987069129943848
15.1,14.47053050994873
14.1,14.263206481933594
14.7,14.827398300170898
14.9,14.875805854797363
15.5,14.976542472839355
18.9,15.168745040893555
17.5,15.958977699279785
13.1,14.28063678741455
15.5,15.124202728271484
16.7,15.705617904663086
12.7,14.5785551071167
15.4,15.814295768737793
19.4,16.831192016601562
15.4,14.77343463897705
18.7,16.121015548706055
15.2,14.664314270019531
12.3,14.101977348327637
16.6,15.286243438720703
18.5,16.75759506225586
14.9,14.853780746459961
18.0,15.792632102966309
19.3,16.262483596801758
13.8,13.934013366699219
17.2,16.208457946777344
18.5,16.876115798950195
11.3,13.483400344848633
13.7,14.186361312866211
19.0,16.291545867919922
18.8,15.371563911437988
18.2,15.283252716064453
15.8,15.154576301574707
11.6,13.425235748291016
14.4,14.367497444152832
15.9,15.013032913208008
13.0,14.46621322631836
12.9,14.955411911010742
14.0,14.144882202148438
19.3,16.53736114501953
13.5,14.463037490844727
16.3,15.192598342895508
15.4,15.084911346435547
14.7,14.738790512084961
14.0,14.199677467346191
17.4,15.213197708129883
19.2,16.121850967407227
16.8,16.103845596313477
17.8,16.354869842529297
15.1,13.862295150756836
9.4,13.152154922485352
15.8,15.095483779907227
15.3,15.123701095581055
18.9,16.2402400970459
19.2,16.702838897705078
17.5,16.204687118530273
14.2,14.33143424987793
16.3,15.777854919433594
17.6,15.917221069335938
13.2,14.072043418884277
11.9,13.5857572555542
13.7,14.269372940063477
19.2,16.451051712036133
17.2,15.864907264709473
17.1,15.847028732299805
14.5,15.309221267700195
15.7,15.178223609924316
14.0,14.180497169494629
16.0,14.943127632141113
16.5,15.737911224365234
16.2,14.381671905517578
12.7,14.250275611877441
15.1,14.7391939163208
15.6,15.620515823364258
17.1,15.87863540649414
16.7,15.55433177947998
19.0,15.252866744995117
15.2,14.889911651611328
15.3,14.85842227935791
18.3,16.36906623840332
17.6,16.00486183166504
15.9,15.201709747314453
14.7,14.108519554138184
19.0,16.25128173828125
17.3,16.25493621826172
15.6,15.142046928405762
16.0,15.11528205871582
11.8,13.232137680053711
17.7,14.699073791503906
17.2,15.863062858581543
15.4,15.12260627746582
15.9,15.359786987304688
12.6,13.51881217956543
11.5,13.989486694335938
15.2,14.561919212341309
10.1,13.834195137023926
13.4,14.504231452941895
12.8,13.95121955871582
17.7,16.310789108276367
18.9,16.917266845703125
13.2,14.228365898132324
15.6,15.183271408081055
14.5,14.604368209838867
15.7,14.939640998840332
13.4,13.842670440673828
17.0,14.921710968017578
17.4,15.946513175964355
15.9,14.863438606262207
16.3,15.425172805786133
15.5,15.146446228027344
15.8,15.132622718811035
15.7,15.08935832977295
15.4,15.23271656036377
16.0,15.232419967651367
8.8,13.524666786193848
11.7,13.285806655883789
18.9,16.978710174560547
14.1,14.286421775817871
19.0,16.23643684387207
11.1,12.384027481079102
14.5,14.503449440002441
16.7,15.041510581970215
19.0,16.642263412475586
16.0,15.60893440246582
15.2,14.658943176269531
16.0,15.33989429473877
15.6,15.357688903808594
16.4,15.665058135986328
15.1,14.905393600463867
15.9,15.03692626953125
12.3,13.4707612991333
15.7,14.930377006530762
13.4,14.155118942260742
12.3,14.133323669433594
19.0,16.9406681060791
18.6,15.10560417175293
12.1,14.138164520263672
12.8,13.978874206542969
19.9,15.457038879394531
17.0,15.791779518127441
16.1,15.153254508972168
17.3,15.187609672546387
16.3,16.120410919189453
15.9,15.324216842651367
15.6,14.232285499572754
10.6,13.097127914428711
16.6,14.904570579528809
14.1,13.913949012756348
14.3,14.769265174865723
16.0,15.128562927246094
8.8,13.529108047485352
15.3,14.94875431060791
15.9,15.502233505249023
14.4,14.37547779083252
15.8,15.13688850402832
10.9,13.624279022216797
14.2,14.993260383605957
16.9,15.198237419128418
15.0,14.563003540039062
19.1,16.87098503112793
14.5,14.610481262207031
14.9,14.972037315368652
14.4,13.91175651550293
11.8,13.106671333312988
7.0,11.589802742004395
14.0,14.380854606628418
14.9,14.779764175415039
18.4,16.50151824951172
10.0,13.092720985412598
16.1,15.093326568603516
16.4,15.39322280883789
15.5,15.054753303527832
19.8,14.92993450164795
15.2,14.749000549316406
18.2,16.42707061767578
15.9,14.868468284606934
19.9,16.031984329223633
9.6,12.50689697265625
19.4,16.924678802490234
18.0,16.242170333862305
14.0,14.436043739318848
15.3,15.053322792053223
13.1,14.273331642150879
15.4,15.015296936035156
10.3,12.758865356445312
15.8,15.040319442749023
13.9,14.178881645202637
18.5,16.627485275268555
15.0,15.004820823669434
18.1,16.09600830078125
14.7,14.637712478637695
16.1,15.065410614013672
15.2,14.866070747375488
18.4,16.861309051513672
16.5,15.969880104064941
15.5,15.952888488769531
14.0,14.181974411010742
18.3,16.285728454589844
13.4,14.070576667785645
18.9,15.872861862182617
14.1,13.950396537780762
17.4,16.134273529052734
14.5,13.657394409179688
15.9,15.09904956817627
16.1,15.045821189880371
14.4,14.849308967590332
17.3,16.179698944091797
14.0,14.560107231140137
15.4,14.840310096740723
15.1,15.141114234924316
13.8,14.1494722366333
15.3,15.35461711883545
15.6,15.481620788574219
15.8,14.919258117675781
17.0,16.2044677734375
14.9,15.497309684753418
16.6,15.70067310333252
15.3,14.856440544128418
17.9,15.308338165283203
16.8,16.02487564086914
16.2,15.3258695602417
19.4,15.711273193359375
12.9,13.750494003295898
15.6,15.294180870056152
14.4,14.37187671661377
19.9,16.694955825805664
13.8,14.353020668029785
17.5,15.86703109741211
14.0,13.941693305969238
15.0,15.064148902893066
13.1,13.93738079071045
16.8,15.114213943481445
16.1,15.509841918945312
17.8,16.24372673034668
15.9,15.08181381225586
15.6,15.480781555175781
16.7,15.882617950439453
12.6,14.490676879882812
10.0,12.59619140625
18.6,16.47946548461914
17.4,16.21804428100586
16.0,15.488127708435059
16.9,16.115772247314453
17.1,15.409778594970703
14.9,16.042102813720703
15.0,14.1893949508667
13.8,14.540854454040527
15.4,15.0829439163208
16.8,14.357648849487305
18.0,15.784010887145996
16.4,15.097892761230469
14.2,14.683797836303711
13.6,14.261421203613281
14.7,14.62741470336914
15.8,15.089498519897461
16.6,15.490073204040527
17.7,15.970831871032715
14.0,13.786286354064941
16.9,15.831387519836426
19.0,16.634733200073242
15.4,15.927642822265625
17.7,16.68229103088379
14.9,14.754459381103516
14.1,14.180262565612793
14.2,14.246248245239258
13.2,14.538351058959961
15.1,14.92818832397461
15.3,15.176130294799805
10.9,13.227849006652832
14.8,15.444334983825684
16.0,15.356558799743652
15.2,14.8206205368042
12.6,13.813023567199707
14.2,15.157075881958008
18.1,14.91190242767334
18.0,16.41277313232422
19.0,15.986869812011719
10.7,12.75395679473877
4.9,10.917022705078125
16.3,15.682656288146973
18.1,16.749248504638672
8.8,11.941784858703613
12.9,14.360416412353516
4.5,10.860923767089844
13.3,13.952007293701172
15.0,14.839860916137695
14.9,15.274497985839844
14.1,14.878300666809082
11.8,14.880261421203613
16.1,15.440244674682617
15.1,14.7973051071167
14.1,13.991606712341309
14.4,14.989510536193848
14.9,14.467758178710938
14.2,15.16842269897461
13.1,14.979170799255371
15.6,14.660660743713379
14.8,14.609334945678711
11.4,14.351482391357422
15.7,13.941704750061035
13.1,14.097504615783691
14.2,14.665165901184082
12.4,13.84073543548584
14.2,14.561272621154785
13.2,14.435754776000977
16.4,15.279744148254395
11.3,13.302362442016602
15.1,14.956289291381836
11.7,13.72381591796875
12.9,14.095916748046875
19.1,14.016100883483887
16.5,16.28781509399414
13.2,14.73500919342041
15.5,15.063915252685547
12.3,13.885963439941406
15.9,15.103191375732422
12.0,13.462115287780762
7.5,12.047798156738281
17.5,16.302753448486328
16.5,15.274041175842285
15.1,14.689055442810059
19.2,16.70852279663086
15.5,15.432489395141602
17.3,16.165307998657227
13.8,14.227852821350098
18.9,16.438207626342773
16.4,15.852011680603027
18.7,15.763228416442871
12.7,13.555371284484863
15.9,15.56772232055664
15.7,15.143719673156738
16.5,15.60190486907959
18.3,15.428322792053223
11.6,14.005366325378418
16.8,15.686065673828125
16.4,15.523624420166016
13.5,14.443476676940918
17.2,15.441080093383789
14.5,14.709325790405273
12.8,13.412799835205078
15.2,14.920825004577637
15.8,15.221752166748047
15.7,15.050466537475586
10.4,13.126386642456055
15.4,15.083300590515137
15.7,15.489433288574219
15.9,14.81795883178711
17.8,16.125762939453125
16.4,15.006973266601562
15.0,14.971900939941406
16.0,14.815529823303223
17.6,16.63197135925293
12.6,13.535574913024902
13.5,14.078519821166992
12.7,13.62140941619873
14.6,14.808011054992676
14.9,14.505684852600098
15.1,14.860584259033203
15.5,14.652061462402344
18.9,15.69554615020752
19.2,16.95601463317871
15.8,14.815980911254883
15.9,15.055259704589844
18.7,16.657949447631836
10.5,12.774407386779785
18.2,14.693475723266602
14.8,14.828899383544922
19.4,16.867029190063477
15.8,14.906892776489258
13.9,14.16004753112793
15.9,15.446857452392578
16.5,15.897459030151367
17.1,15.508537292480469
12.6,14.753101348876953
18.7,15.967638969421387
13.0,14.3312349319458
14.5,14.61361312866211
13.5,14.003273963928223
14.3,14.651694297790527
14.2,14.595436096191406
16.0,15.262286186218262
17.5,16.055578231811523
11.4,12.812226295471191
16.5,15.025886535644531
14.6,14.58770751953125
18.5,16.389333724975586
12.2,14.193196296691895
15.3,14.79263973236084
15.3,15.233799934387207
15.9,14.747325897216797
12.2,14.169171333312988
18.6,16.809019088745117
14.6,14.82402229309082
14.6,14.23463249206543
16.4,15.03603744506836
19.6,16.881269454956055
12.6,14.612298965454102
15.6,15.049116134643555
15.2,14.575610160827637
15.3,14.837650299072266
14.8,15.057999610900879
15.5,15.032551765441895
15.4,14.646930694580078
15.6,15.199155807495117
16.1,15.101592063903809
14.8,14.527289390563965
16.9,15.1493501663208
12.6,13.330374717712402
15.5,15.119270324707031
8.6,13.017065048217773
15.3,15.39273738861084
17.0,15.079463958740234
12.5,13.482362747192383
14.8,14.874621391296387
16.1,14.567771911621094
14.3,14.91150951385498
12.7,14.052268028259277
15.6,15.162854194641113
14.4,14.588948249816895
16.2,15.487318992614746
15.0,14.633598327636719
14.8,14.788748741149902
13.0,14.355523109436035
15.9,14.958974838256836
13.7,14.653477668762207
13.8,14.482980728149414
13.6,14.5615816116333
16.3,15.801774024963379
15.8,14.96975040435791
15.7,15.106011390686035
15.6,15.338250160217285
10.1,13.385171890258789
11.7,13.684919357299805
14.1,13.920875549316406
16.8,15.304384231567383
11.5,13.788732528686523
13.7,14.016870498657227
11.8,15.13271427154541
14.1,14.150890350341797
15.3,15.302477836608887
17.6,16.797931671142578
12.5,14.294034004211426
15.3,14.940369606018066
15.6,15.079174995422363
15.5,14.5997314453125
14.3,14.670360565185547
14.8,14.909316062927246
15.1,15.05642318725586
15.5,14.820698738098145
12.5,14.20226001739502
12.8,13.919429779052734
15.0,14.941709518432617
15.2,14.794214248657227
15.8,14.884333610534668
14.3,14.754598617553711
15.2,14.890730857849121
15.2,15.395051956176758
13.3,14.441022872924805
15.1,15.132352828979492
12.7,14.105299949645996
15.5,14.857807159423828
17.6,15.936300277709961
15.5,15.083200454711914
13.8,14.704293251037598
18.4,16.469318389892578
15.3,15.304078102111816
17.4,16.22157859802246
15.7,15.13859748840332
13.1,14.043289184570312
15.7,15.027607917785645
12.7,14.682244300842285
16.3,16.608606338500977
12.3,12.922800064086914
17.9,16.204010009765625
16.8,16.089149475097656
15.3,14.971189498901367
17.4,15.906673431396484
18.7,16.781660079956055
17.5,14.738652229309082
16.0,15.35766315460205
9.2,13.86943531036377
15.0,14.559494018554688
15.1,15.006879806518555
16.4,15.457332611083984
17.3,16.258987426757812
14.9,15.073226928710938
15.9,14.906702041625977
15.4,14.810563087463379
17.2,15.848896980285645
14.2,14.696996688842773
15.0,15.244145393371582
14.7,14.572796821594238
17.8,16.6546573638916
14.7,14.898123741149902
15.7,15.073226928710938
15.1,14.802755355834961
14.5,13.74013614654541
11.6,13.513494491577148
18.6,16.694238662719727
14.1,14.209330558776855
15.8,15.14333724975586
19.6,16.29830551147461
14.3,14.554742813110352
14.7,14.8302583694458
14.0,14.116138458251953
13.7,14.505093574523926
17.8,15.069284439086914
15.7,15.134799003601074
12.3,13.537425994873047
14.3,14.479291915893555
18.9,16.746013641357422
15.5,14.907193183898926
12.6,14.29628849029541
15.8,15.07723331451416
14.7,14.861417770385742
15.5,15.1856689453125
14.0,14.534652709960938
14.1,14.824145317077637
16.0,15.71869945526123
13.8,14.543817520141602
18.0,15.630553245544434
14.9,14.930398941040039
19.9,16.65066909790039
18.5,16.504440307617188
13.2,14.493656158447266
13.0,14.183380126953125
15.6,15.20730972290039
12.9,13.889697074890137
14.1,14.98444938659668
14.3,14.762521743774414
7.9,13.653307914733887
11.2,14.123405456542969
16.6,16.118906021118164
18.2,16.744171142578125
9.7,12.733657836914062
13.0,13.96613883972168
10.6,13.382558822631836
12.6,13.791097640991211
16.6,15.424389839172363
14.9,14.879170417785645
19.6,16.267078399658203
11.0,13.41287612915039
17.2,15.815252304077148
12.8,14.44418716430664
12.8,13.785013198852539
15.5,15.044930458068848
16.9,15.078709602355957
15.7,14.938362121582031
18.0,15.885526657104492
17.3,16.283967971801758
16.7,16.06022071838379
13.0,14.20345687866211
18.5,15.26812744140625
18.2,16.305171966552734
14.6,14.76861572265625
18.0,16.55670738220215
14.4,14.262063980102539
19.1,15.919763565063477
13.3,14.09546184539795
17.4,16.550575256347656
13.7,15.570110321044922
16.8,16.261991500854492
14.7,14.621254920959473
12.7,14.072705268859863
15.6,15.543998718261719
12.4,14.080521583557129
9.9,13.65021800994873
14.8,14.346646308898926
15.8,15.142288208007812
12.6,14.382675170898438
18.9,15.272295951843262
16.4,14.997142791748047
15.1,14.48715877532959
19.4,15.594686508178711
14.7,14.668447494506836
16.7,15.731893539428711
19.4,16.28260612487793
18.9,16.242515563964844
15.2,15.139704704284668
15.0,14.461901664733887
14.8,14.508419036865234
11.9,13.46979808807373
12.9,13.957785606384277
17.6,15.558085441589355
17.5,16.24059295654297
14.4,14.49708366394043
16.2,15.032061576843262
19.4,15.683769226074219
19.4,16.651668548583984
16.9,15.499152183532715
10.7,13.411121368408203
13.3,14.164759635925293
13.6,14.234103202819824
19.9,16.878814697265625
13.5,13.805451393127441
15.0,14.721138954162598
18.8,15.163734436035156
15.4,14.794132232666016
17.2,16.180706024169922
14.9,14.866231918334961
12.9,14.621123313903809
17.4,15.317009925842285
13.0,13.884441375732422
13.0,14.571333885192871
15.9,15.724660873413086
10.4,13.097092628479004
11.8,13.77450180053711
16.5,15.49349308013916
15.7,15.509688377380371
17.4,16.115276336669922
11.2,13.511240005493164
17.6,16.296459197998047
19.1,15.461724281311035
15.0,15.028019905090332
19.1,15.395466804504395
14.8,14.776840209960938
14.7,14.422921180725098
15.7,15.134957313537598
14.9,15.103741645812988
15.8,15.220206260681152
8.9,13.36092758178711
13.3,14.250286102294922
17.7,15.551445960998535
15.6,15.052178382873535
15.7,15.239089012145996
13.2,14.181200981140137
15.8,15.264187812805176
15.4,14.71692943572998
16.2,15.316646575927734
17.3,16.176071166992188
17.5,15.0320405960083
16.7,14.758590698242188
15.9,14.726571083068848
10.2,13.196675300598145
15.8,15.157713890075684
16.0,14.759295463562012
15.6,15.603142738342285
14.6,15.530417442321777
17.6,15.708989143371582
15.8,15.485258102416992
17.0,15.744144439697266
13.9,14.53841495513916
16.0,15.124202728271484
16.4,14.46181869506836
15.7,15.096774101257324
13.0,14.33047866821289
13.8,15.193376541137695
17.5,14.94784927368164
13.4,14.340812683105469
14.4,14.425580978393555
13.0,14.290913581848145
15.5,14.912772178649902
16.9,15.891812324523926
16.6,15.912670135498047
13.0,14.542485237121582
14.5,14.580033302307129
14.5,14.7805814743042
15.1,14.908492088317871
13.2,14.571990013122559
13.4,15.006136894226074
15.0,14.958479881286621
15.6,15.803365707397461
14.1,14.591154098510742
13.7,14.220067024230957
11.3,14.084888458251953
18.9,16.538921356201172
16.4,15.250885963439941
12.9,13.825640678405762
14.5,14.550064086914062
13.1,14.07210922241211
14.8,14.831093788146973
14.0,14.481307029724121
11.0,13.54542350769043
16.2,15.756542205810547
11.0,13.666934967041016
13.5,14.85207748413086
13.9,13.646439552307129
15.5,15.228738784790039
16.3,15.22371768951416
13.0,12.834505081176758
15.3,15.893515586853027
16.9,15.379603385925293
16.7,15.69168758392334
19.7,16.82562255859375
14.3,14.7957763671875
16.8,15.193384170532227
13.3,15.05070686340332
16.0,15.137577056884766
18.4,16.02488899230957
16.0,15.45744514465332
19.4,16.70945930480957
14.2,14.754801750183105
17.8,15.188953399658203
14.9,15.611400604248047
16.8,15.566675186157227
14.7,14.48959732055664
15.5,15.33161735534668
15.1,14.780224800109863
16.4,15.393632888793945
19.9,16.685096740722656
10.9,13.555855751037598
15.6,14.88609504699707
15.3,15.412997245788574
13.4,14.561058044433594
7.0,13.183145523071289
16.8,15.741286277770996
15.3,15.044323921203613
14.6,15.100028991699219
16.1,15.840246200561523
15.5,14.805207252502441
15.3,14.8948974609375
17.7,16.250022888183594
17.1,15.174206733703613
13.8,14.036595344543457
14.8,15.042135238647461
14.1,14.156965255737305
12.5,13.774768829345703
14.4,14.69858169555664
15.4,15.132513046264648
17.8,16.246400833129883
12.5,14.032271385192871
14.4,14.608593940734863
14.3,15.106589317321777
18.2,15.233148574829102
12.9,13.854393005371094
15.5,15.283136367797852
15.6,14.759587287902832
13.5,14.656306266784668
17.2,14.777427673339844
17.4,16.417320251464844
12.6,13.955514907836914
16.9,14.936137199401855
15.0,14.571793556213379
16.2,15.341123580932617
14.5,14.959924697875977
15.7,15.198652267456055
18.7,16.490652084350586
15.5,15.110008239746094
18.0,13.46479606628418
15.2,15.489442825317383
10.3,11.640582084655762
15.2,15.071054458618164
15.8,14.969158172607422
15.5,14.89819049835205
10.1,11.778799057006836
13.5,14.020727157592773
19.3,14.859040260314941
15.7,15.08017349243164
15.0,14.97148609161377
14.1,15.423855781555176
16.0,15.230327606201172
14.3,15.028524398803711
16.7,15.73452377319336
14.0,14.473812103271484
15.2,15.445829391479492
14.4,14.797144889831543
13.9,14.5118408203125
12.9,12.88061237335205
13.0,14.529755592346191
16.8,15.13346004486084
14.2,14.635251998901367
11.6,14.202415466308594
11.8,13.940366744995117
13.2,14.42372989654541
11.3,14.166557312011719
14.2,15.572854042053223
14.8,14.80483341217041
18.0,15.632881164550781
15.5,14.735157012939453
13.4,14.047975540161133
17.0,16.23447608947754
16.2,15.37186050415039
19.9,16.807947158813477
15.7,14.855406761169434
18.5,15.634147644042969
14.7,14.887348175048828
10.1,12.869404792785645
17.2,15.677815437316895
12.6,14.243892669677734
15.8,15.34392261505127
15.9,14.698987007141113
16.1,15.227349281311035
15.4,15.640613555908203
12.6,13.541047096252441
15.3,14.494081497192383
14.3,14.36275863647461
14.5,14.614744186401367
13.3,14.32894515991211
15.7,15.019425392150879
15.1,14.815543174743652
15.9,15.074812889099121
16.4,14.866474151611328
14.7,15.04541301727295
17.5,16.38228988647461
13.2,14.304147720336914
14.5,14.673550605773926
15.6,15.235629081726074
13.7,14.33306884765625
18.8,15.98063850402832
15.5,15.076545715332031
15.7,15.14333724975586
16.2,15.028889656066895
14.6,14.791973114013672
16.0,15.14333724975586
15.1,14.42732048034668
15.2,15.308040618896484
16.8,15.83769416809082
15.2,15.008502960205078
15.3,14.93307113647461
14.6,14.70254898071289
15.5,14.82824420928955
18.2,16.714929580688477
16.1,14.927541732788086
14.1,14.432500839233398
15.7,15.044140815734863
14.3,15.061835289001465
11.4,13.21771240234375
17.5,16.07741928100586
15.1,14.848236083984375
14.3,14.74120044708252
14.4,14.24190902709961
14.3,15.05266284942627
16.8,15.855453491210938
13.2,14.299160957336426
15.8,15.164168357849121
16.0,14.72539234161377
11.5,13.876073837280273
14.6,14.900019645690918
19.3,16.764205932617188
10.7,13.625375747680664
13.7,14.00501823425293
13.4,15.508573532104492
15.4,15.14333724975586
19.2,16.695817947387695
11.2,14.088167190551758
11.0,13.965670585632324
9.5,14.02225112915039
10.9,13.476308822631836
15.1,15.112167358398438
14.5,14.457944869995117
15.0,14.519567489624023
15.4,14.933696746826172
17.5,15.274478912353516
13.3,13.959139823913574
12.5,14.06015396118164
17.8,16.14877700805664
13.1,14.467228889465332
14.7,15.49985122680664
14.4,15.044151306152344
15.6,15.197381019592285
13.5,14.254920959472656
11.9,13.929841995239258
19.8,16.91111183166504
8.3,12.504502296447754
18.4,16.324493408203125
15.8,15.046403884887695
17.5,16.018712997436523
11.7,13.09609603881836
15.0,14.949450492858887
16.0,15.387986183166504
6.9,14.478158950805664
11.8,13.600791931152344
14.4,14.94279956817627
17.1,15.57843017578125
12.8,14.390779495239258
15.7,15.14333724975586
13.9,14.78691577911377
15.3,14.843734741210938
18.8,16.586437225341797
9.6,12.633495330810547
19.3,16.888498306274414
11.1,13.947181701660156
12.7,14.067485809326172
17.8,15.881682395935059
13.9,14.706814765930176
18.9,16.410804748535156
15.9,15.033787727355957
16.8,15.942304611206055
19.8,16.45771026611328
15.7,15.08353328704834
14.1,15.049172401428223
16.7,14.917280197143555
15.0,15.350336074829102
13.2,14.762921333312988
17.4,15.767518997192383
11.0,14.35299015045166
17.4,16.37681770324707
16.8,15.59101390838623
14.7,14.411971092224121
14.1,14.59910774230957
11.9,14.183293342590332
10.4,12.973506927490234
18.6,16.372793197631836
17.9,16.31037139892578
16.9,15.922632217407227
12.6,13.939804077148438
15.8,15.209796905517578
14.1,14.37948989868164
10.1,13.691793441772461
14.9,14.583585739135742
14.4,14.882401466369629
15.6,15.016995429992676
14.6,14.656168937683105
17.6,16.355215072631836
12.4,14.264888763427734
12.8,14.642003059387207
14.5,15.257940292358398
13.1,14.622121810913086
16.1,15.121504783630371
15.8,14.847160339355469
12.0,14.04466724395752
19.1,16.75346565246582
14.6,16.023338317871094
15.7,15.14333724975586
13.3,14.151535034179688
16.1,15.032225608825684
17.6,16.27440643310547
17.0,15.597272872924805
13.4,13.942700386047363
12.1,14.151288032531738
15.7,15.578577995300293
16.9,16.107105255126953
16.3,15.653264045715332
11.5,14.708968162536621
11.4,13.551594734191895
13.6,14.477795600891113
16.4,15.637426376342773
13.6,14.421517372131348
15.5,14.825661659240723
12.5,14.68248462677002
15.1,14.7232084274292
11.1,13.795299530029297
18.9,16.716712951660156
12.2,14.177057266235352
12.1,14.064223289489746
14.0,14.302457809448242
16.6,15.284826278686523
15.1,14.755753517150879
13.9,14.545095443725586
10.7,13.719781875610352
15.3,14.664090156555176
14.0,14.256901741027832
13.4,14.437466621398926
14.5,14.311976432800293
14.5,14.455269813537598
15.6,14.789615631103516
15.1,14.737900733947754
16.8,16.25897216796875
15.1,15.234383583068848
18.8,16.562450408935547
15.5,15.041626930236816
15.0,15.321120262145996
6.9,12.16751766204834
15.3,15.724166870117188
13.0,14.091588973999023
14.4,14.562081336975098
14.3,14.707864761352539
15.7,15.058115005493164
15.5,14.851170539855957
15.6,15.11246109008789
13.8,14.394878387451172
13.0,14.29979419708252
12.7,14.335326194763184
12.8,14.245080947875977
15.5,15.100085258483887
14.4,14.962320327758789
16.2,15.699810028076172
15.4,14.700286865234375
15.2,14.564849853515625
11.9,13.540478706359863
13.1,14.411373138427734
18.7,16.294015884399414
15.6,15.118544578552246
13.3,14.410245895385742
15.7,15.28906536102295
13.1,14.817718505859375
15.3,14.619418144226074
15.4,14.669978141784668
10.5,14.221162796020508
19.4,16.7187557220459
14.8,14.735688209533691
16.6,15.881635665893555
13.4,13.760594367980957
14.9,14.610015869140625
15.2,14.802510261535645
10.7,13.036701202392578
15.5,14.830345153808594
10.1,14.275247573852539
12.9,14.687914848327637
12.9,14.362547874450684
14.3,14.915678977966309
13.6,14.195549011230469
11.5,13.402290344238281
14.1,14.216023445129395
13.4,14.371560096740723
12.6,13.493396759033203
15.0,14.640913009643555
19.7,16.271989822387695
14.6,14.943327903747559
7.8,13.719911575317383
14.8,15.16055679321289
13.9,14.310749053955078
16.0,15.397652626037598
9.1,11.957232475280762
14.8,14.566675186157227
15.0,15.234295845031738
15.8,14.876937866210938
15.8,14.814587593078613
16.2,14.918028831481934
15.2,15.243010520935059
14.8,14.830811500549316
19.2,16.79793357849121
11.7,13.301502227783203
16.4,15.525516510009766
19.7,15.75688648223877
14.6,14.5172758102417
16.2,15.263437271118164
14.2,14.478069305419922
14.9,14.721795082092285
17.9,16.63585662841797
15.8,15.299944877624512
13.3,14.16946029663086
15.0,14.697751998901367
15.9,15.302480697631836
15.6,14.979876518249512
18.0,16.407026290893555
18.3,16.00767707824707
12.9,13.653783798217773
12.4,14.244192123413086
14.2,14.203644752502441
17.7,15.495160102844238
16.2,14.510516166687012
7.9,11.542834281921387
19.6,16.271989822387695
17.0,16.18248748779297
16.4,16.096515655517578
14.7,14.543365478515625
12.3,13.889843940734863
17.4,16.847766876220703
16.3,15.119529724121094
11.9,13.28122615814209
15.1,14.356365203857422
16.8,15.961633682250977
17.3,14.721633911132812
16.9,15.068290710449219
18.9,16.543251037597656
17.7,15.967840194702148
16.0,15.440115928649902
15.1,15.061050415039062
15.5,15.387531280517578
17.8,16.348651885986328
15.8,15.281658172607422
13.1,14.369629859924316
15.1,14.019144058227539
15.9,15.125629425048828
17.5,16.030315399169922
19.1,16.714752197265625
17.6,16.67055892944336
12.2,13.688207626342773
14.0,14.242669105529785
16.3,15.5914306640625
17.9,16.599998474121094
15.4,15.971923828125
19.7,16.655981063842773
19.8,16.62339210510254
13.9,13.888456344604492
15.2,15.170982360839844
17.0,16.101306915283203
15.0,14.466836929321289
18.7,16.765281677246094
18.0,16.535018920898438
14.5,15.023771286010742
14.0,14.796124458312988
14.4,14.69324779510498
18.2,16.472864151000977
14.3,15.011601448059082
18.2,16.17817497253418
14.2,14.578645706176758
17.1,15.274825096130371
17.8,16.74366569519043
16.0,15.092212677001953
14.5,14.677453994750977
14.8,15.317124366760254
15.3,15.039074897766113
15.5,15.093694686889648
14.8,14.888708114624023
19.2,17.039628982543945
19.2,16.250011444091797
15.4,16.246105194091797
16.9,15.806732177734375
16.8,16.481731414794922
18.4,16.416715621948242
16.1,15.225616455078125
14.9,14.866744995117188
18.9,16.75862693786621
10.0,14.14370346069336
16.6,15.977076530456543
18.3,16.507957458496094
16.1,15.580073356628418
14.3,14.33216381072998
16.6,15.81559944152832
14.9,15.893701553344727
17.1,16.200668334960938
15.9,15.167418479919434
18.6,16.543222427368164
13.1,13.901503562927246
13.2,13.704099655151367
18.5,15.765055656433105
15.0,15.069659233093262
13.9,15.13250732421875
14.8,14.496536254882812
16.4,15.163676261901855
15.1,15.288533210754395
12.3,13.641114234924316
11.6,13.090900421142578
14.0,14.052755355834961
13.2,13.942243576049805
16.7,15.606300354003906
9.5,13.308187484741211
19.8,16.4669189453125
14.7,14.857054710388184
14.7,14.60683536529541
19.7,16.98048973083496
15.5,15.52237606048584
13.5,14.082085609436035
14.2,14.547329902648926
18.0,16.170053482055664
9.3,13.272125244140625
15.2,14.936480522155762
7.3,12.125391006469727
14.9,14.614595413208008
10.6,13.505678176879883
15.8,15.545440673828125
15.0,14.65575885772705
15.1,14.623547554016113
15.1,15.143059730529785
10.8,14.221479415893555
14.7,15.023921966552734
15.8,14.971712112426758
16.0,15.06033992767334
15.3,15.124202728271484
14.4,14.292728424072266
6.3,13.7701416015625
12.2,13.82517147064209
16.1,15.257323265075684
15.1,14.920878410339355
15.2,14.78628921508789
16.7,15.138463020324707
14.7,15.131978034973145
18.9,15.742051124572754
18.5,16.268810272216797
14.3,15.070398330688477
15.6,14.572385787963867
12.7,14.053793907165527
10.1,13.275187492370605
15.9,15.124202728271484
15.8,15.70706844329834
16.0,16.049806594848633
13.2,14.524972915649414
15.6,14.992527961730957
14.6,14.405671119689941
16.6,15.664392471313477
16.5,16.559974670410156
15.4,14.930503845214844
12.9,14.023829460144043
15.4,15.897735595703125
19.1,16.644821166992188
11.7,13.379131317138672
17.1,16.285852432250977
17.3,15.769098281860352
18.1,16.97075653076172
19.6,16.773208618164062
15.3,14.533309936523438
15.4,15.185091972351074
9.7,13.356812477111816
19.2,16.777128219604492
16.9,15.621064186096191
13.9,14.461174011230469
17.8,16.42595100402832
12.4,13.673351287841797
13.7,14.201377868652344
15.1,15.153254508972168
15.6,14.049476623535156
16.0,15.271730422973633
15.2,15.124068260192871
11.4,13.386938095092773
15.5,15.18919849395752
16.6,15.301497459411621
15.9,15.539319038391113
11.3,13.898944854736328
15.6,15.085494041442871
16.1,15.200554847717285
12.6,14.195197105407715
18.2,16.013465881347656
14.8,15.008044242858887
13.9,14.089193344116211
17.4,16.616588592529297
16.5,16.405607223510742
18.9,16.080312728881836
13.5,13.773666381835938
10.7,13.102944374084473
10.1,13.786884307861328
13.9,14.172192573547363
16.9,16.110431671142578
6.9,13.65377140045166
15.7,14.876108169555664
14.3,14.609691619873047
15.8,14.884279251098633
13.9,13.783459663391113
19.5,16.955759048461914
18.4,16.20696258544922
14.4,14.637221336364746
13.1,14.059199333190918
15.3,14.888041496276855
13.8,16.5756893157959
15.9,14.333846092224121
13.9,14.383431434631348
19.4,15.170440673828125
12.9,14.020462036132812
13.2,14.808073043823242
19.2,16.580453872680664
16.1,15.565004348754883
17.0,14.02719783782959
13.9,15.039008140563965
17.8,16.110652923583984
15.7,14.936227798461914
16.1,15.16842269897461
16.1,15.598085403442383
14.6,14.923575401306152
10.5,12.36742877960205
9.1,12.930375099182129
11.2,15.02707290649414
19.6,16.387298583984375
12.0,13.772517204284668
13.4,14.899114608764648
18.7,16.777359008789062
15.5,15.245936393737793
16.6,15.201823234558105
10.7,13.71829605102539
14.9,14.856118202209473
15.8,14.781731605529785
17.7,15.758337020874023
17.6,15.6015625
12.3,14.354899406433105
18.3,16.195030212402344
14.1,14.638023376464844
17.1,15.095595359802246
18.2,15.72189712524414
15.2,14.788954734802246
16.1,15.29275894165039
14.8,14.651190757751465
15.5,15.130671501159668
14.1,14.421928405761719
18.5,15.662867546081543
13.2,14.433612823486328
15.2,15.142046928405762
15.8,14.335533142089844
15.0,14.714960098266602
14.4,14.958890914916992
12.1,14.039706230163574
15.2,14.435444831848145
13.6,14.123395919799805
11.9,14.116497993469238
15.7,16.330739974975586
16.8,16.002656936645508
5.3,12.487192153930664
15.9,15.590899467468262
15.4,14.826797485351562
15.8,14.40822696685791
17.7,16.230873107910156
18.8,15.542309761047363
12.8,13.771937370300293
12.3,13.94392204284668
15.4,14.930490493774414
18.2,16.15300941467285
18.9,16.273883819580078
16.1,14.68558406829834
15.6,14.954567909240723
18.8,16.711645126342773
19.4,15.423255920410156
12.4,14.21124267578125
12.5,13.506023406982422
7.7,12.109188079833984
15.6,15.064785957336426
16.5,15.729886054992676
13.2,13.926219940185547
16.9,16.39332389831543
18.2,16.935916900634766
15.7,15.06368350982666
13.6,13.774566650390625
14.0,14.147583961486816
15.4,14.806225776672363
10.1,13.192118644714355
18.5,16.528541564941406
13.0,14.409049034118652
14.4,14.939132690429688
15.9,15.287518501281738
16.6,15.585151672363281
15.4,14.948920249938965
12.5,12.852538108825684
15.2,14.954288482666016
11.6,12.883903503417969
9.6,12.365139961242676
15.4,15.215198516845703
16.3,15.307894706726074
15.0,15.808274269104004
15.3,14.999673843383789
10.9,13.192118644714355
14.7,15.39104175567627
9.8,12.049257278442383
19.4,17.040443420410156
19.4,15.87763786315918
15.4,15.865263938903809
14.7,15.019261360168457
16.4,15.691238403320312
14.2,14.40719223022461
11.0,13.652668952941895
17.0,16.041460037231445
12.3,14.283919334411621
16.5,15.962309837341309
5.0,10.88018798828125
13.4,14.318098068237305
14.8,14.541433334350586
13.6,14.31845760345459
15.7,15.122724533081055
16.5,15.634947776794434
9.4,14.29389762878418
11.2,14.023478507995605
15.6,15.681266784667969
13.9,14.497550964355469
18.5,16.606401443481445
15.4,14.633867263793945
19.3,16.65200424194336
16.5,15.940192222595215
15.4,15.22201156616211
9.6,12.838197708129883
17.6,16.226947784423828
12.5,14.414151191711426
9.2,13.7769193649292
11.8,14.082469940185547
11.5,13.941999435424805
10.6,13.744902610778809
12.9,13.882427215576172
15.3,15.406729698181152
14.2,15.113541603088379
15.7,15.881664276123047
19.5,16.594404220581055
15.3,13.983808517456055
12.3,14.29010009765625
9.9,13.430219650268555
12.2,14.647531509399414
18.6,16.817638397216797
17.8,16.185209274291992
16.9,14.932859420776367
10.7,14.435791015625
15.4,15.796659469604492
11.5,13.627464294433594
15.5,15.514403343200684
17.9,16.53525733947754
14.3,14.474588394165039
12.8,13.243484497070312
16.7,15.98897647857666
16.1,15.394416809082031
12.4,13.774151802062988
15.2,15.691843032836914
18.7,16.720502853393555
15.6,15.31518268585205
16.2,15.679508209228516
14.8,14.793503761291504
15.6,15.080381393432617
14.1,14.635583877563477
9.6,12.561545372009277
15.7,14.783385276794434
17.8,15.921969413757324
17.9,16.31258773803711
12.9,14.017068862915039
16.8,15.863744735717773
15.1,14.551419258117676
14.3,14.59488582611084
19.5,16.61901092529297
17.7,15.75524616241455
10.8,14.5131196975708
14.4,14.343555450439453
14.6,14.726180076599121
12.9,14.706958770751953
18.3,16.680025100708008
16.2,16.116174697875977
11.0,13.844952583312988
14.5,14.404635429382324
13.5,14.134931564331055
11.7,13.57529354095459
11.5,13.45306396484375
15.1,15.768219947814941
14.7,14.760817527770996
12.8,14.087648391723633
15.6,15.385713577270508
13.9,14.621599197387695
14.1,14.15063762664795
17.1,16.413515090942383
15.2,15.157403945922852
15.1,15.026529312133789
15.6,15.451069831848145
18.4,16.76066780090332
19.5,16.79962921142578
18.1,16.315671920776367
14.6,14.213144302368164
17.7,15.173678398132324
15.9,15.085817337036133
13.9,14.687088012695312
10.1,13.259575843811035
12.9,14.216973304748535
12.5,13.711246490478516
12.2,13.659313201904297
14.1,14.34238338470459
15.0,14.771502494812012
12.1,13.900430679321289
14.7,14.218132019042969
16.1,14.278093338012695
14.6,15.262298583984375
19.8,16.582319259643555
8.5,12.5862398147583
10.8,13.49001407623291
12.5,13.59278392791748
14.2,14.508354187011719
12.5,13.609624862670898
19.2,16.223243713378906
16.8,16.097265243530273
15.3,14.847545623779297
12.8,14.531496047973633
14.9,14.717988014221191
10.9,13.46068000793457
14.3,14.022915840148926
12.4,13.83222770690918
18.0,16.388286590576172
15.9,13.961384773254395
16.9,14.592686653137207
16.2,15.10569953918457
15.5,14.917200088500977
17.2,15.420734405517578
11.3,13.660104751586914
11.8,13.764923095703125
16.6,15.079378128051758
15.1,14.78201961517334
16.6,15.522356033325195
16.4,15.331687927246094
15.6,14.9365816116333
13.2,13.955977439880371
7.9,11.942764282226562
15.5,15.283145904541016
16.4,15.066400527954102
13.9,14.338022232055664
17.9,16.082103729248047
14.6,14.998397827148438
12.9,14.558971405029297
14.2,14.878030776977539
15.5,14.965582847595215
12.8,13.654557228088379
13.5,14.18932819366455
13.2,14.259202003479004
14.7,14.59772777557373
17.0,16.76010513305664
13.5,14.397520065307617
18.5,16.96242904663086
15.7,15.307918548583984
18.2,16.255216598510742
16.2,14.930488586425781
14.6,14.458025932312012
14.6,14.528115272521973
10.2,11.938081741333008
16.6,15.379958152770996
14.5,14.395410537719727
19.3,15.799489974975586
19.0,16.898080825805664
11.3,13.165375709533691
14.7,14.625905990600586
12.5,13.37623405456543
14.6,14.51417350769043
16.2,15.22560977935791
19.8,15.827527046203613
12.6,13.845747947692871
17.1,16.38201332092285
14.7,15.82435131072998
16.1,15.240072250366211
14.8,14.827618598937988
15.2,15.054829597473145
15.1,14.51447582244873
15.4,15.055044174194336
19.4,16.603425979614258
14.0,14.173389434814453
13.4,14.00328254699707
13.4,14.253260612487793
18.2,16.09842300415039
12.6,14.074088096618652
16.3,15.602235794067383
17.6,16.548215866088867
16.8,16.10342025756836
11.4,13.93094253540039
14.9,14.055275917053223
13.5,14.698392868041992
15.6,15.39063835144043
14.0,14.79279613494873
14.8,14.356271743774414
8.6,12.869266510009766
14.6,14.95383358001709
18.8,16.70103645324707
16.5,15.595203399658203
15.0,15.097522735595703
19.2,16.80946922302246
13.4,14.111539840698242
12.3,14.464983940124512
17.7,16.491252899169922
16.9,15.478021621704102
14.6,14.886353492736816
18.6,15.879701614379883
13.8,14.146737098693848
17.1,16.105194091796875
15.2,14.690437316894531
16.2,15.638675689697266
12.6,13.849206924438477
16.8,15.887699127197266
12.6,13.731249809265137
14.7,14.962389945983887
18.6,16.720294952392578
12.9,14.287412643432617
11.3,13.38310718536377
11.4,13.265357971191406
16.4,15.162435531616211
12.6,13.717507362365723
15.1,15.223830223083496
14.0,15.13724422454834
11.8,15.350171089172363
12.1,13.24816608428955
19.9,16.942317962646484
18.1,16.63926887512207
16.6,15.654772758483887
10.2,13.766265869140625
12.7,14.419087409973145
11.9,13.766692161560059
12.4,13.574216842651367
11.7,13.529824256896973
13.4,14.095062255859375
17.4,16.565765380859375
16.1,15.329694747924805
15.4,15.950909614562988
19.3,16.41379737854004
14.9,14.330706596374512
15.3,14.576923370361328
12.2,13.684198379516602
14.4,14.574809074401855
11.2,15.173333168029785
12.9,13.770170211791992
9.1,13.443037033081055
12.3,13.758079528808594
17.7,16.24995231628418
12.3,14.316621780395508
15.4,16.151792526245117
10.6,13.758170127868652
17.9,15.713202476501465
16.0,14.604841232299805
18.9,16.649023056030273
15.5,14.944696426391602
15.6,15.079283714294434
15.3,15.334606170654297
17.8,15.885124206542969
15.4,15.3771333694458
14.9,15.037636756896973
8.1,13.977328300476074
14.1,14.038344383239746
18.0,16.335975646972656
11.0,13.349010467529297
13.7,14.094663619995117
16.9,16.1779842376709
19.6,16.876279830932617
15.1,14.857027053833008
8.9,13.03087043762207
9.6,13.430532455444336
19.6,16.73125648498535
17.1,16.03512191772461
16.3,14.873759269714355
14.7,15.231890678405762
12.3,13.50078010559082
14.6,14.622773170471191
18.7,16.59247398376465
12.8,13.754796981811523
15.2,16.085983276367188
17.8,16.411256790161133
16.7,14.83308219909668
17.6,15.877229690551758
16.8,15.903772354125977
13.1,15.101622581481934
18.2,16.630294799804688
10.5,13.317584991455078
19.1,15.822656631469727
16.6,15.287320137023926
16.9,15.156542778015137
19.4,16.718753814697266
17.1,15.724306106567383
19.0,16.549062728881836
18.7,16.62333869934082
13.7,14.71366024017334
10.4,12.838013648986816
12.6,13.761164665222168
14.1,14.369422912597656
12.2,13.73218059539795
11.4,13.67910099029541
14.6,14.559428215026855
14.6,14.20803165435791
12.3,13.64698600769043
15.6,14.629106521606445
11.8,13.247235298156738
18.9,16.414104461669922
14.9,14.73092269897461
15.5,15.893709182739258
12.0,14.906731605529785
15.5,16.134117126464844
15.2,14.722095489501953
17.1,15.833959579467773
18.0,16.243690490722656
19.9,17.023818969726562
16.6,15.142046928405762
14.9,13.880032539367676
19.0,16.851428985595703
15.0,15.114107131958008
17.9,16.893972396850586
16.4,15.747291564941406
14.8,15.32403564453125
14.3,14.883875846862793
11.3,13.967070579528809
11.6,13.84538745880127
14.3,14.720767974853516
13.9,14.354214668273926
13.6,14.141117095947266
13.3,14.398029327392578
14.8,14.778669357299805
16.6,15.61546802520752
11.8,13.689358711242676
15.3,14.490141868591309
13.5,13.952117919921875
12.8,13.8580322265625
10.8,12.891132354736328
17.0,15.648534774780273
14.3,14.45905590057373
14.3,14.516741752624512
12.2,13.80368709564209
18.7,16.55750274658203
15.8,15.940363883972168
13.2,13.915939331054688
16.5,15.628776550292969
13.3,14.6806058883667
12.6,14.048575401306152
16.5,14.96146297454834
13.7,14.6240234375
16.6,15.27480411529541
15.0,14.602293014526367
14.9,14.888535499572754
15.6,14.619589805603027
14.5,14.983808517456055
12.9,13.931523323059082
10.7,13.51305866241455
19.8,16.864301681518555
14.2,14.689922332763672
18.5,16.124908447265625
14.2,14.432098388671875
14.1,14.128299713134766
14.1,14.018476486206055
13.3,14.326303482055664
17.5,16.07745933532715
11.9,13.759622573852539
18.8,16.80339813232422
19.0,16.762121200561523
17.6,16.18758201599121
11.5,14.067998886108398
13.2,13.973182678222656
12.9,13.886549949645996
13.8,14.471648216247559
14.0,14.611391067504883
14.4,14.651039123535156
12.1,14.55103874206543
14.2,15.066187858581543
10.5,13.135462760925293
16.2,15.72299861907959
13.1,14.257094383239746
11.6,13.529328346252441
12.3,13.6447172164917
16.3,14.592164993286133
13.2,14.741822242736816
19.9,16.614877700805664
15.9,14.630824089050293
14.4,14.609305381774902
13.7,14.534808158874512
12.5,13.322097778320312
17.0,14.679573059082031
9.6,12.716682434082031
15.8,15.192503929138184
18.2,16.871068954467773
17.9,15.039567947387695
16.7,15.530826568603516
13.2,14.700030326843262
14.5,14.342853546142578
13.6,14.149796485900879
14.0,14.317155838012695
17.4,16.21982765197754
13.9,14.976696014404297
14.6,14.872627258300781
14.5,14.766100883483887
14.1,14.801234245300293
13.0,13.535728454589844
15.0,14.373933792114258
14.3,14.610403060913086
19.8,16.935136795043945
18.0,16.465559005737305
15.7,14.988457679748535
18.3,15.371050834655762
17.7,15.713155746459961
18.6,15.761346817016602
14.8,14.742826461791992
16.6,15.255694389343262
10.6,14.152844429016113
10.5,13.563305854797363
7.5,14.312311172485352
14.7,14.88291072845459
13.4,14.415118217468262
14.0,14.62459945678711
15.9,15.235904693603516
12.9,14.070466041564941
14.4,14.508030891418457
14.4,14.237388610839844
13.7,14.587946891784668
15.8,15.289446830749512
15.3,14.788119316101074
19.1,16.680360794067383
14.5,14.847221374511719
14.8,14.652667999267578
19.2,16.0585994720459
17.5,16.27895164489746
10.5,13.841194152832031
13.2,13.952366828918457
17.8,16.785226821899414
12.7,14.069591522216797
13.7,13.944584846496582
11.7,13.873970985412598
16.0,15.15595531463623
10.9,13.537858963012695
15.0,14.622326850891113
16.3,15.558940887451172
16.4,15.67114543914795
14.5,14.65407943725586
16.3,15.282044410705566
9.4,14.397356033325195
11.3,13.722525596618652
13.4,14.794857025146484
19.0,16.91197967529297
14.1,14.611061096191406
15.3,14.138031959533691
19.2,16.377635955810547
15.5,14.849169731140137
15.1,15.084198951721191
17.2,15.389115333557129
14.7,14.584639549255371
14.0,14.42358684539795
15.0,14.826337814331055
16.3,15.098424911499023
18.1,16.035110473632812
15.0,14.759869575500488
6.8,11.45170783996582
16.0,15.70520305633545
12.0,13.961079597473145
13.5,14.333828926086426
15.3,15.16055679321289
18.8,16.7788143157959
13.5,14.65765380859375
14.1,14.01314640045166
18.9,16.57460594177246
13.0,13.432703018188477
11.6,13.397211074829102
18.5,15.495172500610352
16.8,15.53277587890625
19.4,16.0594539642334
16.8,15.308220863342285
13.6,14.732038497924805
14.6,14.8018217086792
15.5,14.916070938110352
18.4,16.23761558532715
15.5,15.552189826965332
15.5,14.701221466064453
15.4,15.207624435424805
15.1,14.622766494750977
15.4,15.14333724975586
14.8,14.049692153930664
10.7,13.645275115966797
14.5,13.858457565307617
13.8,14.509506225585938
17.4,16.548240661621094
10.8,13.422876358032227
16.0,15.11002254486084
7.1,12.199861526489258
14.4,15.190389633178711
6.9,15.015597343444824
14.8,14.97951602935791
14.2,14.383630752563477
19.5,17.0078182220459
13.2,14.13457202911377
8.6,11.339408874511719
19.5,16.19240951538086
16.8,15.927217483520508
14.3,14.742891311645508
15.6,14.913151741027832
14.8,14.847688674926758
13.6,14.699895858764648
15.3,13.882099151611328
12.2,14.124968528747559
14.0,14.454425811767578
13.8,14.629684448242188
13.8,14.132880210876465
15.7,15.346297264099121
17.6,16.64859390258789
16.8,16.271718978881836
15.3,15.19186019897461
14.9,14.842686653137207
14.7,14.985594749450684
13.8,14.414295196533203
15.8,14.908279418945312
18.2,15.842137336730957
15.5,14.68363094329834
15.6,14.474407196044922
15.8,14.736346244812012
15.5,15.345616340637207
16.9,15.046778678894043
18.0,16.96819305419922
14.2,14.52745532989502
14.9,15.38111686706543
12.4,13.962800025939941
19.5,16.35504722595215
15.1,15.597081184387207
16.1,14.788140296936035
17.1,15.464644432067871
14.9,15.519349098205566
14.4,15.016654968261719
14.4,14.16966438293457
14.9,14.645406723022461
15.3,14.879711151123047
15.2,14.785749435424805
16.9,15.347885131835938
12.8,13.518065452575684
6.3,11.597198486328125
16.0,15.347575187683105
15.3,14.196451187133789
10.5,14.119531631469727
9.6,12.114957809448242
14.2,14.755621910095215
18.3,16.55092430114746
10.0,12.625855445861816
13.6,14.39939022064209
13.7,14.220081329345703
14.6,14.816943168640137
14.5,14.685094833374023
18.4,15.54015827178955
16.5,14.793941497802734
14.8,15.15383243560791
17.7,16.28134536743164
14.9,14.532278060913086
12.6,13.933489799499512
14.4,14.700416564941406
14.7,15.10836124420166
13.7,14.437017440795898
16.7,14.866619110107422
14.8,15.163354873657227
16.3,15.772998809814453
19.5,16.19106101989746
12.3,13.721488952636719
15.2,15.014803886413574
15.1,14.948153495788574
14.1,14.871458053588867
17.9,15.394185066223145
15.4,14.68213939666748
10.9,14.680273056030273
15.8,15.132619857788086
13.6,14.506253242492676
15.3,14.620329856872559
17.7,15.081771850585938
16.6,16.001235961914062
15.4,15.396172523498535
15.7,15.8646879196167
15.2,15.788080215454102
16.9,15.698267936706543
11.0,13.360577583312988
16.8,15.597253799438477
9.7,12.860668182373047
15.8,15.127298355102539
16.1,14.651535034179688
14.7,14.510065078735352
16.6,16.24772071838379
9.6,12.894177436828613
16.1,16.180683135986328
15.1,15.455496788024902
15.8,16.623733520507812
15.0,15.183614730834961
17.8,15.4226713180542
17.5,14.737069129943848
16.1,15.288154602050781
15.8,15.585199356079102
15.4,15.892253875732422
14.5,15.447868347167969
15.7,15.364387512207031
16.0,16.330175399780273
13.8,15.005624771118164
14.8,15.549070358276367
13.5,14.867778778076172
18.4,16.499094009399414
14.6,14.209230422973633
17.2,16.151525497436523
14.7,14.99690055847168
13.3,14.750852584838867
14.4,14.848211288452148
11.7,14.937522888183594
16.3,15.523468971252441
15.8,15.014286994934082
18.2,15.114511489868164
8.7,12.51431655883789
15.8,15.078617095947266
17.5,15.033700942993164
13.1,14.016398429870605
16.1,15.114328384399414
14.2,13.86987018585205
12.5,14.064202308654785
19.3,16.316036224365234
14.6,14.410429000854492
17.9,15.824135780334473
16.4,15.334033966064453
18.3,16.171504974365234
14.9,15.08076000213623
17.9,15.482189178466797
15.7,14.894489288330078
18.2,16.431421279907227
14.8,14.6367769241333
14.3,15.286995887756348
12.8,13.900136947631836
18.1,16.278385162353516
15.3,15.119746208190918
13.7,15.12374496459961
11.2,14.002339363098145
15.2,15.0416259765625
15.2,14.871298789978027
15.0,14.617874145507812
11.8,14.086548805236816
14.0,14.22145938873291
15.3,14.467297554016113
12.4,14.557464599609375
17.9,16.406723022460938
19.7,15.848581314086914
14.6,14.80778694152832
17.5,15.31421184539795
14.0,14.35409164428711
14.6,14.971309661865234
16.2,15.019222259521484
19.2,16.231447219848633
18.5,15.650694847106934
16.2,15.163244247436523
16.7,16.091718673706055
11.1,13.608586311340332
18.2,16.414024353027344
12.8,14.066454887390137
14.3,14.478073120117188
13.9,14.145928382873535
13.9,15.02090072631836
14.9,14.469892501831055
11.6,13.553245544433594
12.3,13.421636581420898
14.1,14.91906452178955
13.9,14.474815368652344
12.8,14.078076362609863
14.8,15.191150665283203
15.8,15.40449047088623
13.3,13.812469482421875
15.7,15.317399024963379
12.4,13.864584922790527
12.6,14.455552101135254
14.0,13.976910591125488
13.6,14.034937858581543
18.2,16.776630401611328
16.1,15.336487770080566
16.2,16.30953598022461
14.0,14.175630569458008
15.3,14.847166061401367
15.6,15.060104370117188
12.3,14.90534782409668
11.4,13.825809478759766
14.0,14.01512336730957
18.5,16.36196517944336
14.5,14.732503890991211
11.3,13.456941604614258
15.2,14.67202377319336
14.7,15.242764472961426
15.5,15.072807312011719
15.7,15.187851905822754
17.8,16.267576217651367
14.4,14.369370460510254
11.6,13.807259559631348
8.9,13.635699272155762
15.7,15.006447792053223
15.5,14.277583122253418
14.8,15.003169059753418
14.4,14.301926612854004
17.1,16.48162078857422
18.0,16.830730438232422
14.7,14.80226993560791
9.2,12.176817893981934
17.5,16.16033935546875
18.5,16.091583251953125
15.9,15.208122253417969
15.8,15.621851921081543
18.6,15.917447090148926
18.5,16.294763565063477
12.4,14.103047370910645
12.6,13.78188419342041
15.1,15.473433494567871
14.5,14.40776252746582
12.5,13.980367660522461
11.9,14.582868576049805
14.0,14.611370086669922
16.2,15.991561889648438
15.7,15.335479736328125
13.7,14.61376667022705
15.9,13.721527099609375
19.0,15.56400203704834
15.5,15.545342445373535
14.3,14.075826644897461
17.3,16.14562225341797
15.8,14.676678657531738
11.5,13.411173820495605
11.3,13.527607917785645
17.8,15.067935943603516
9.6,12.459710121154785
15.6,15.585389137268066
14.5,15.160053253173828
10.4,13.414627075195312
15.2,14.805628776550293
15.2,15.013867378234863
10.9,13.426743507385254
10.6,14.016237258911133
14.3,15.699356079101562
14.7,14.99091911315918
14.5,15.149517059326172
14.8,14.960752487182617
13.5,13.920388221740723
14.2,14.695350646972656
17.6,16.352231979370117
13.9,15.147644996643066
10.4,13.405089378356934
16.1,14.909104347229004
19.5,16.734994888305664
13.1,14.656088829040527
14.4,14.50462532043457
19.4,15.744813919067383
14.0,13.989068984985352
12.1,12.574426651000977
15.1,14.344892501831055
14.1,14.87849235534668
11.7,13.410679817199707
12.1,14.681065559387207
18.9,16.766674041748047
19.6,15.908530235290527
15.0,15.021242141723633
18.8,15.745783805847168
15.0,14.736384391784668
16.9,15.943025588989258
14.5,15.508025169372559
10.3,12.798187255859375
10.6,15.609785079956055
15.1,15.295024871826172
16.3,15.971223831176758
15.7,15.375927925109863
19.0,16.8880615234375
15.3,14.905579566955566
16.6,16.145282745361328
15.5,15.955771446228027
14.4,15.528050422668457
13.7,15.28247356414795
19.3,16.40635871887207
12.5,13.794082641601562
16.4,16.062524795532227
15.7,15.621170997619629
18.1,15.506061553955078
19.3,16.199241638183594
18.5,16.363842010498047
15.9,16.162017822265625
14.8,14.311636924743652
13.2,14.317338943481445
17.7,16.125682830810547
16.8,15.690258979797363
18.3,16.747264862060547
12.7,15.172123908996582
17.2,16.1868839263916
12.7,14.194011688232422
17.2,15.91650104522705
13.7,15.391609191894531
16.0,15.369528770446777
15.9,15.623698234558105
15.2,15.279361724853516
18.5,16.543333053588867
14.6,15.14333724975586
16.7,15.056035041809082
15.7,15.158832550048828
15.2,14.438516616821289
9.6,13.371378898620605
14.0,14.362336158752441
14.2,14.233663558959961
19.4,16.759750366210938
15.7,15.247124671936035
15.6,15.740776062011719
18.3,16.352210998535156
16.4,16.015840530395508
18.1,16.46084976196289
16.9,15.410502433776855
16.9,16.57942008972168
18.9,16.614103317260742
13.2,14.868758201599121
15.6,15.459132194519043
15.2,15.619551658630371
13.2,15.190600395202637
12.6,14.496407508850098
16.0,15.178659439086914
19.1,16.87256622314453
17.2,15.213630676269531
13.0,14.222349166870117
14.6,14.662233352661133
13.1,14.145730972290039
15.6,14.659743309020996
13.8,15.105609893798828
14.9,14.988064765930176
14.4,14.796159744262695
15.7,15.131686210632324
14.2,15.027091026306152
19.1,16.732683181762695
13.7,14.99624252319336
13.0,14.202645301818848
12.8,14.441474914550781
15.1,14.778769493103027
15.2,14.756545066833496
14.6,14.755056381225586
14.2,14.292702674865723
16.1,15.065499305725098
19.4,16.967201232910156
16.8,15.201777458190918
14.9,14.50839614868164
14.1,14.485882759094238
16.1,15.20229434967041
13.8,14.558239936828613
16.7,14.298789978027344
14.0,13.848209381103516
14.2,14.228987693786621
19.9,16.650959014892578
16.0,15.477304458618164
14.9,15.152241706848145
14.5,14.378626823425293
16.4,15.76247787475586
17.6,14.89590072631836
15.9,15.492648124694824
16.3,15.421123504638672
13.4,14.213296890258789
12.9,14.06376838684082
13.7,14.60787582397461
15.5,15.102425575256348
19.9,16.31240463256836
14.4,14.583505630493164
17.3,16.4740047454834
18.7,16.022602081298828
18.0,16.093135833740234
19.2,16.53301429748535
19.6,16.694326400756836
15.4,15.515190124511719
19.5,16.608591079711914
18.4,16.680315017700195
16.1,16.184795379638672
15.5,15.354393005371094
19.1,14.989028930664062
13.7,15.00263786315918
6.9,13.243904113769531
12.2,14.509477615356445
11.5,14.9364013671875
18.7,15.836244583129883
18.8,16.254077911376953
18.1,15.806438446044922
18.1,15.745759010314941
18.9,14.866888046264648
18.4,16.456327438354492
19.8,16.648906707763672
12.7,13.765167236328125
10.4,13.460368156433105
16.9,15.867127418518066
13.6,15.064271926879883
13.2,14.354970932006836
16.2,15.839889526367188
19.1,15.92186164855957
10.6,13.08957290649414
7.7,13.516349792480469
12.5,14.368484497070312
19.7,16.97433090209961
14.0,14.409879684448242
12.3,13.183488845825195
15.8,14.812034606933594
16.8,15.375932693481445
12.4,14.024789810180664
8.8,12.559672355651855
13.1,13.910709381103516
13.1,14.078980445861816
13.9,14.523900985717773
17.4,16.12666893005371
15.5,15.005067825317383
13.5,14.452502250671387
14.3,14.562196731567383
14.3,14.268437385559082
12.8,13.57110595703125
14.8,14.597210884094238
18.9,16.114595413208008
15.3,14.80920696258545
13.9,14.267891883850098
15.3,14.507938385009766
15.9,15.171234130859375
16.3,15.116700172424316
15.1,14.50948429107666
18.1,14.803411483764648
19.0,15.633999824523926
14.7,14.286643981933594
14.1,14.628517150878906
8.4,11.975197792053223
16.3,14.946305274963379
8.1,13.2066011428833
14.5,15.913900375366211
15.7,15.007225036621094
18.7,15.277734756469727
14.6,14.282926559448242
14.7,14.121354103088379
17.0,15.585382461547852
14.0,14.613136291503906
16.9,15.423260688781738
15.2,14.908102989196777
15.7,15.451071739196777
19.0,16.228496551513672
17.5,16.28264808654785
15.3,14.775748252868652
17.5,16.206754684448242
13.9,14.027469635009766
11.6,13.424314498901367
11.8,13.250893592834473
15.6,14.980183601379395
18.9,16.610776901245117
14.7,14.641277313232422
17.1,15.535697937011719
18.9,16.222806930541992
15.3,14.476080894470215
18.2,15.84340763092041
15.0,15.167526245117188
14.2,14.740772247314453
14.0,14.866518020629883
13.9,13.903650283813477
17.3,15.67951774597168
15.5,15.078964233398438
15.5,15.097761154174805
15.0,15.04746150970459
15.4,14.1749267578125
17.6,15.635939598083496
11.9,13.957348823547363
13.5,13.88985824584961
14.3,13.506546020507812
17.0,15.068609237670898
16.7,15.49870777130127
14.8,15.098773002624512
19.7,16.917980194091797
16.9,15.708392143249512
15.7,14.597328186035156
16.5,16.21054458618164
18.7,16.511058807373047
8.8,12.772175788879395
13.3,14.885920524597168
19.8,16.6478328704834
16.9,15.65780258178711
15.2,14.92591381072998
15.6,15.194818496704102
11.1,14.408763885498047
16.3,15.201709747314453
14.1,14.468868255615234
10.0,12.191978454589844
16.1,14.893113136291504
15.9,15.399209022521973
11.5,13.368997573852539
13.5,14.307293891906738
8.2,12.304084777832031
11.4,13.375843048095703
13.5,14.079036712646484
9.1,12.485451698303223
12.5,13.363300323486328
13.8,14.48112964630127
11.5,13.66955280303955
12.2,13.329935073852539
12.8,14.535577774047852
15.6,15.545899391174316
10.2,12.819451332092285
14.7,14.679821014404297
15.5,14.910569190979004
15.4,15.148519515991211
13.5,13.830733299255371
13.1,14.623856544494629
12.1,14.038005828857422
9.7,12.912240982055664
16.7,16.36963653564453
14.5,14.670928955078125
14.3,14.746572494506836
17.1,16.46506118774414
18.3,16.19078254699707
8.1,13.175684928894043
15.5,15.122255325317383
19.8,16.663013458251953
13.9,14.740065574645996
13.4,14.265888214111328
12.6,15.205647468566895
13.7,14.280205726623535
16.4,15.333542823791504
15.9,15.153254508972168
15.9,15.007591247558594
16.1,15.083867073059082
14.5,14.28480052947998
15.5,15.0322847366333
17.3,15.845647811889648
13.4,14.233563423156738
11.1,13.977553367614746
16.5,14.996342658996582
19.1,15.976500511169434
19.8,16.59963607788086
19.9,16.836030960083008
13.9,14.137701988220215
18.1,16.381275177001953
16.6,15.47226333618164
19.1,16.577922821044922
17.3,15.392210960388184
15.7,14.931046485900879
15.4,14.859718322753906
16.9,15.307914733886719
15.3,15.255431175231934
18.4,16.699880599975586
12.4,15.473511695861816
15.7,14.889861106872559
16.6,15.393759727478027
19.0,16.89747428894043
15.5,14.845168113708496
17.5,16.219444274902344
14.5,14.72640609741211
14.7,14.884416580200195
15.7,15.120564460754395
16.8,14.330079078674316
13.5,13.731954574584961
19.4,16.918149948120117
12.8,14.105633735656738
13.7,14.630404472351074
14.2,14.693619728088379
18.0,16.198766708374023
14.3,14.818195343017578
16.8,15.590539932250977
15.8,14.728212356567383
15.0,14.758964538574219
15.9,15.133792877197266
14.9,15.106689453125
15.0,15.109569549560547
16.3,14.56750774383545
15.3,14.309544563293457
18.4,16.405189514160156
16.8,15.301139831542969
17.8,16.258743286132812
14.0,14.220785140991211
13.7,14.071179389953613
15.8,15.757940292358398
19.4,15.506231307983398
13.5,13.757906913757324
17.8,15.537376403808594
10.3,12.343549728393555
14.5,14.32498550415039
6.8,13.028891563415527
12.9,13.652896881103516
15.4,14.862194061279297
13.9,13.701579093933105
10.4,12.540716171264648
17.2,16.050140380859375
17.0,16.221525192260742
15.7,14.823105812072754
14.8,14.054866790771484
13.6,14.170010566711426
14.3,14.726393699645996
14.1,14.55265998840332
12.6,13.664857864379883
18.7,16.519771575927734
8.5,12.478455543518066
8.7,13.07536506652832
8.4,13.035362243652344
17.5,16.21286964416504
15.6,14.895495414733887
14.0,14.176606178283691
15.6,14.951268196105957
7.9,12.236071586608887
13.1,14.186197280883789
13.9,14.566865921020508
15.3,15.003654479980469
9.9,12.751266479492188
15.0,14.995218276977539
14.6,14.622538566589355
14.1,14.42365837097168
14.6,14.466412544250488
14.8,15.184966087341309
15.9,14.56626033782959
15.2,14.817900657653809
16.9,16.103805541992188
16.3,15.3334379196167
9.4,13.595781326293945
13.9,14.51259994506836
11.4,12.31074047088623
14.2,14.725003242492676
15.9,14.911273002624512
6.6,11.692919731140137
13.5,14.555071830749512
16.0,15.130823135375977
11.8,13.207975387573242
15.9,15.068686485290527
11.9,12.840529441833496
11.5,14.291023254394531
17.2,16.132713317871094
16.2,15.503301620483398
15.3,14.841862678527832
14.4,14.726924896240234
15.7,15.343108177185059
12.8,14.314886093139648
18.3,16.17254066467285
16.3,15.541306495666504
11.6,13.62220573425293
16.2,16.042278289794922
13.1,14.003825187683105
17.2,15.930017471313477
16.4,15.217120170593262
18.6,15.956685066223145
15.6,15.238883018493652
11.3,13.21507453918457
16.5,15.272611618041992
15.1,15.980743408203125
17.0,15.54891586303711
14.7,15.086602210998535
16.6,15.278814315795898
16.1,15.167418479919434
15.4,15.396944046020508
14.3,15.040717124938965
14.9,14.605874061584473
16.3,16.471654891967773
12.5,15.211418151855469
15.7,15.138493537902832
14.9,13.98685359954834
14.0,14.495028495788574
16.6,15.484883308410645
8.9,12.663105964660645
9.9,13.089193344116211
17.2,15.955358505249023
14.9,15.387723922729492
13.7,15.115272521972656
18.1,16.605215072631836
19.5,16.81375503540039
18.4,16.73619842529297
15.3,15.035667419433594
14.8,14.648268699645996
15.4,14.867915153503418
14.8,14.451369285583496
19.3,16.745595932006836
17.9,16.552242279052734
17.2,15.938557624816895
18.9,16.672956466674805
16.3,15.500938415527344
17.8,16.534212112426758
19.6,16.198623657226562
15.6,14.96535587310791
13.7,14.360939025878906
16.7,16.228181838989258
15.5,15.318316459655762
16.2,15.508625984191895
19.9,15.976175308227539
14.7,14.933379173278809
10.0,12.460968971252441
9.1,12.293291091918945
18.2,15.740361213684082
19.5,16.643840789794922
14.9,14.593158721923828
14.5,14.529224395751953
16.3,15.754802703857422
14.8,14.601836204528809
