SamplingOperations_code,y_true,oof_pred,proba_Bad,proba_Good,proba_High,proba_Moderate,proba_Poor
S03234338_20130709,Good,Good,5.06602559446302e-06,0.7982435934693277,1.5341008698279111e-06,0.2017054290555189,4.437734868920222e-05
S03234338_20210726,Moderate,Moderate,2.4877100981996918e-09,6.233147779955354e-09,1.3501599240514572e-11,0.9999991325115745,8.587540660874345e-07
S03234346_20151021,Good,Good,0.00020199522192048961,0.9916623442861187,0.007415421484927535,0.0006171494989190627,0.00010308950811421532
S03234370_20160706,Good,Good,4.277763674638256e-07,0.9907824580485913,2.152949869128905e-06,0.009214950497709594,1.072746245630699e-08
S03234370_20200804,Moderate,Moderate,8.078057382845149e-09,8.419719962575763e-06,2.9214717549388973e-09,0.9999914117410873,1.5753942095859206e-07
S03235670_20130724,Good,Good,1.0910939008028857e-06,0.9999374823779589,5.368993803330615e-06,5.5963476735516846e-05,9.405760150358289e-08
S03235670_20200706,Good,Good,4.745258136534445e-07,0.9999321605976732,2.7018558347985513e-05,4.034470779164763e-05,1.6103734958722417e-09
S03235690_20100802,High,Good,8.364553328351927e-09,0.9990507811500633,0.0009492080572486319,2.3461986923880963e-09,8.193603595413514e-11
S03235690_20110728,Good,Good,1.0950493915225234e-08,0.999996112871148,9.105891443006645e-08,3.7849712898479106e-06,1.481538089104058e-10
S03235690_20130724,Good,Good,3.4982559485459764e-09,0.9999997374352506,2.0214948428129607e-07,5.686567713587391e-08,5.133209648314199e-11
S03235690_20150610,Good,Good,5.5272095785202474e-08,0.999888013209488,0.00011190525136454147,2.5882235771588194e-08,3.848158810717661e-10
S03235690_20160707,Good,Good,0.0004698536841197924,0.9131564881820453,7.690014975160314e-05,0.08608624295301441,0.0002105150310689592
S03235690_20191016,Good,Good,5.238604882492304e-10,0.9999999563186156,1.2009775281446695e-09,4.190746188163951e-08,4.908461083427503e-11
S03235690_20200805,Good,Good,2.478194123868842e-08,0.999991255929925,1.0933133350801318e-07,8.609665894289126e-06,2.909057541561957e-10
S03235690_20220713,Good,Good,1.0426864602974298e-08,0.9999855206731295,1.4349272849465026e-05,1.1898623002201292e-07,6.409263412619543e-10
S03235695_20200706,Good,Good,4.397286764864868e-07,0.9996811207213644,0.00012981166360028032,0.00018848546906583607,1.4241729308543153e-07
S03235750_20180717,Good,Good,1.6231245814143682e-05,0.6335642806260497,1.4243893333129618e-05,0.36640489348198924,3.5075281357643094e-07
S03235750_20200805,Good,Good,8.410603270324089e-06,0.9883711753313904,0.0009319070668225336,0.0106683807275101,2.012627100667797e-05
S03235750_20220803,Poor,Poor,4.383246090900423e-05,8.971894867701409e-05,1.1927598694849407e-07,0.08732866714685773,0.9125376621675693
S03236050_20130723,Good,Good,2.2535926646972917e-07,0.9999877804903657,7.312668925545594e-06,4.678017298323652e-06,3.4641439624734634e-09
S03236050_20200707,Moderate,Moderate,5.893087324996547e-06,2.3818482777798017e-06,7.21400326378704e-07,0.8803103638184712,0.11968063984559969
S03236260_20180810,Good,Good,2.7232697863966957e-06,0.9961662871512095,4.880039254945914e-05,0.0037814915188818703,6.976675728333481e-07
S03236690_20171003,Good,Good,6.327583569667308e-09,0.9999997952999603,1.897886268646326e-08,1.7921324157311626e-07,1.8035178453934975e-10
S03237050_20100928,Good,Good,3.713591312369324e-06,0.8451980018478105,0.0007227892740350223,0.15407532582338102,1.6946346125644186e-07
S03237050_20120808,Moderate,Moderate,3.666024065719437e-05,0.13550064332268996,9.29289630649937e-06,0.8643710214999762,8.238204037015604e-05
S03237050_20130627,Good,Good,7.400610637903958e-07,0.9996154844786755,0.00035858832562888135,2.5184407669757996e-05,2.726962095321598e-09
S03237050_20141014,Moderate,Good,4.145713571609422e-07,0.9967888669773691,1.5337452684738477e-06,0.0032012989442385853,7.885761766669292e-06
S03237052_20141014,Good,Good,4.723294436966821e-07,0.9998932763781105,0.00010305630894277246,3.0679205297106087e-06,1.2706297330493066e-07
S03237052_20150625,Good,Good,3.804029445535863e-07,0.9999154329657806,1.412692396323096e-05,6.989290213622167e-05,1.6680517541592702e-07
S03237052_20210921,Good,Good,4.915081047111575e-07,0.999984064442443,2.937799941403628e-06,1.2488216170381935e-05,1.803334051597733e-08
S03237150_20180717,Good,Good,1.0198933918653645e-05,0.9997331437817217,1.050113989144864e-06,0.0002547916104142759,8.155599562520023e-07
S03237150_20200707,Good,Good,9.793511801642162e-09,0.9999985266861058,2.0306796512639156e-09,1.461471426533177e-06,1.8276215180270728e-11
S03237540_20160614,Good,Good,7.15720607132638e-08,0.9999873040152082,2.6332619556337975e-06,9.990359453019735e-06,7.913223774247573e-10
S03237540_20191015,Good,Good,7.02130716436312e-08,0.9999977327842837,1.8137169289722696e-06,3.652152467879609e-07,1.8070468776100978e-08
S03237540_20200806,Good,Good,5.761747127540111e-08,0.9999357210677704,4.30579365865594e-06,5.991476686694495e-05,7.542327520557957e-10
S03237540_20220727,Good,Moderate,1.9161497558376067e-05,0.08001304182685991,1.3742968145411265e-05,0.9199443965717309,9.657135705429423e-06
S03239390_20170629,Good,Good,4.603076421742081e-06,0.5121551188619894,2.6299074185913553e-05,0.48781296636862365,1.0126187793927428e-06
S03239439_20180717,Moderate,Moderate,8.099331368654314e-06,0.00101940329105475,4.891767572162615e-07,0.9979142573070442,0.0010577508937751428
S03239439_20200804,Good,Good,2.0617176904959143e-05,0.8156700270640725,0.0005193192292624976,0.18378721731860584,2.8192111541486798e-06
S03239520_20100804,Good,Good,8.664194144813183e-08,0.9999546868536354,4.79902045573548e-06,1.8898040502434947e-05,2.1529443464953385e-05
S03239520_20130709,Moderate,Moderate,3.867904538058556e-06,0.18817858417393676,1.4349158429108086e-07,0.8118165007828503,9.036470905910768e-07
S03239520_20170629,Moderate,Moderate,3.4938958805112145e-09,0.00010853261268300951,6.466444043909132e-11,0.9998914609739514,2.854805260075762e-09
S03239520_20220607,Good,Good,1.3570123282501652e-07,0.9996582675366634,2.2852988621080444e-05,0.0003187291258921316,1.4647590613004012e-08
S03240100_20100928,High,High,1.8600467782737267e-07,0.130439523978453,0.8695597861481419,1.870981444627584e-07,3.167705828480637e-07
S03240100_20110729,Moderate,Moderate,2.626128451218372e-05,0.01607109119116536,1.6427234870767492e-05,0.9838222859273087,6.393436214306577e-05
S03240100_20120827,Moderate,Moderate,1.0195876993841268e-05,0.02155613158236057,0.0002952631260007794,0.9781226492944013,1.5760120243488237e-05
S03240100_20130709,Good,Moderate,0.0006133409091070607,0.17659822428386884,0.007095313337212615,0.815367059263349,0.00032606220646255214
S03240100_20140730,Good,Good,3.146296805564666e-05,0.983347029714502,0.012329624463911322,0.0042897953674781025,2.0874860529412913e-06
S03240100_20151021,High,High,4.980009483229068e-08,0.0037429847734287633,0.9962564033971766,3.8707634959377797e-07,1.7495295005814103e-07
S03240100_20160706,Good,Moderate,0.00012255171838305824,0.13380995174589674,0.032640909731152794,0.8332573195578769,0.00016926724669061424
S03240100_20191025,High,High,2.574012370867941e-06,0.4578428656470671,0.5421203710367024,3.01479785399196e-05,4.041325319721954e-06
S03240100_20210921,Moderate,Good,1.3260387952479413e-06,0.9862443777989747,5.0234334704255326e-05,0.013703656992619396,4.0483490644793396e-07
S03240100_20220711,Good,Good,1.6349879511703572e-06,0.9992906675708491,0.00023323650876226214,0.00047441971908184513,4.121335574905406e-08
S03240960_20150930,Moderate,Moderate,1.0649555149916271e-06,0.2084894925404037,7.493103515432422e-07,0.7915084828087597,2.1038496989233768e-07
S03240960_20220712,High,Poor,2.3230666276737863e-05,0.014731187078320357,0.2550532775889717,0.0067340877643725545,0.7234582169020586
S03241170_20120629,High,High,2.467768446271452e-09,0.00031906875167159334,0.9996809278280429,8.701307384704409e-10,8.23862780304592e-11
S03241170_20130422,High,High,4.840780255380506e-08,0.003866092722023581,0.9961338224013747,3.2453963645649447e-08,4.0148355840418095e-09
S03241170_20151014,High,High,2.2675290356204806e-07,0.046220497070683646,0.9537792390351074,2.9298953057431754e-08,7.84235241789806e-09
S03241170_20160705,High,Good,2.038659739370584e-06,0.7541740238246518,0.2458195601370401,4.304544178258924e-06,7.28343904692204e-08
S03241170_20170719,Good,Good,2.9195657242728138e-06,0.7742893092810793,0.22545591023032516,0.00025172529033794553,1.3563253339746612e-07
S03241170_20180731,High,High,1.57437248249471e-08,0.0036245332376196385,0.996375427541511,2.217125317527793e-08,1.3058914117710468e-09
S03241170_20191025,Good,Good,7.679800178809741e-08,0.9999430185492404,3.5532891953291157e-06,5.3349263265085994e-05,2.100297438147629e-09
S03241170_20200805,Good,Moderate,2.255464773451866e-05,0.059248191207516336,0.0063052251624125056,0.7829379608656827,0.15148606811665405
S03241170_20210920,Good,Good,4.636116240644194e-06,0.9828170653911712,0.00019390583501843671,0.016984175667850033,2.1698971956714046e-07
S03241170_20220801,Moderate,Moderate,1.024279962724072e-05,0.4800978951633218,4.298626072901111e-07,0.5198830800034517,8.352170992027878e-06
S03241231_20170719,Moderate,Moderate,2.0880478780189047e-08,3.1432636623175464e-08,5.829967654851483e-10,0.9999904568496006,9.490254287157168e-06
S03241327_20180717,Moderate,Moderate,4.013356689328333e-08,1.2051362978712217e-07,1.6028173963346122e-09,0.9999900065464999,9.831203485987642e-06
S03241327_20200709,Moderate,Moderate,2.3138016747448316e-07,1.4395139773796352e-06,5.3424401899461515e-08,0.9998279546321722,0.00017032104928102975
S03241330_20100803,Moderate,Moderate,3.9922232124397185e-07,0.07395331793985205,1.2236094706880924e-06,0.9260440374443021,1.021784053953774e-06
S03241330_20110825,Good,Good,3.46843902970957e-08,0.9999978737855009,7.893118656251508e-08,2.009982002698289e-06,2.616919527445824e-09
S03241330_20120828,Moderate,Moderate,3.0230330175038362e-05,5.165997445044924e-05,3.4446367306730834e-06,0.9952389983323939,0.004675666726249822
S03241330_20130722,Moderate,Moderate,2.1735456268683612e-07,0.0019065689757065487,2.36159381974928e-07,0.9980924222371511,5.552731975748025e-07
S03241330_20141014,Moderate,Moderate,2.669306678416057e-07,3.7185600535494403e-06,8.857112371074723e-08,0.9998436658337765,0.00015226010437845836
S03241330_20150609,Moderate,Moderate,7.739757280772654e-06,0.000360867777550961,4.665061669780538e-05,0.9919936278818112,0.007591113966659132
S03241330_20160706,Good,Good,4.124224290678791e-07,0.9995274877898177,0.00010571775335392994,0.00036617936778112224,2.0266661811729896e-07
S03241330_20191024,Moderate,Moderate,5.238665098056251e-07,0.005689996855127178,1.086793434327608e-06,0.9943043011953899,4.091289538726616e-06
S03241330_20200805,Moderate,Moderate,1.4615769202020934e-06,0.01844159647449085,1.9057754963638072e-08,0.9815518488148179,5.074076016029499e-06
S03241510_20200708,Good,Good,0.00013739306848343713,0.7622909883660574,0.00041277449559722166,0.23647167515060294,0.0006871689192589697
S03241813_20220728,Moderate,Moderate,1.354410326802961e-06,0.03033064068141252,5.381347906762265e-07,0.9695505231945507,0.00011694357891940643
S03241814_20180717,Moderate,Moderate,2.9581913846437926e-07,2.9006966067723234e-05,3.690763660344685e-08,0.9999705731833574,8.712379979230339e-08
S03241814_20200708,Moderate,Moderate,3.8105855960250995e-06,1.6841957873305295e-05,2.5019860004168125e-05,0.9875147335161664,0.012439594080360118
S03241920_20100803,Moderate,Moderate,7.299152001991218e-08,9.447089842130653e-05,1.2310070054247677e-08,0.9998320735479732,7.337025201528766e-05
S03241920_20140820,Moderate,Good,6.716761335040153e-05,0.618699977249582,3.480794418851329e-06,0.3812164265911458,1.2947751502989153e-05
S03241920_20220802,Moderate,Moderate,9.320372319398798e-07,0.0002556902165388738,3.4542332797397066e-07,0.9996672632829636,7.576903993757573e-05
S03241957_20100930,Moderate,Moderate,1.8256799852042257e-06,0.0055707839850368595,9.82266096383466e-07,0.9944261032822854,3.047865962164543e-07
S03241957_20110728,Moderate,Moderate,7.388573659196814e-07,0.00028371406276605935,1.1720442424943662e-08,0.9997107018149753,4.833544450272053e-06
S03241957_20120828,Moderate,Moderate,2.60561356923142e-05,0.03894652928907812,2.8010687249521566e-07,0.9609821992616048,4.493520675235038e-05
S03241957_20130723,Poor,Poor,0.00018971558342023698,3.4761693859813254e-08,6.342960912469477e-08,0.24413074462565174,0.7556794415996251
S03241957_20140730,Moderate,Moderate,1.0273103873979045e-05,7.61035411533582e-06,2.092710879447552e-08,0.999978392635849,3.702979052889263e-06
S03241957_20150609,Poor,Poor,2.1590925027116395e-07,9.22789793856237e-08,1.248545109972792e-08,0.1498755708996411,0.8501241084266782
S03241957_20170627,Moderate,Moderate,1.3890740971793077e-07,1.1510293263532032e-07,4.434330873553765e-09,0.9999961880597373,3.5534955894540274e-06
S03241957_20200805,Moderate,Moderate,1.2280710349059402e-07,5.860333293342746e-05,2.4394373862021493e-08,0.9999411955075451,5.3958044133325256e-08
S03241957_20210922,Good,Good,5.450831409178441e-06,0.6099819634077875,1.6688793428693657e-06,0.39000759560243525,3.321279025215563e-06
S03241957_20220803,Moderate,Moderate,8.917905199193301e-07,0.0014355086082201457,6.965977869925062e-08,0.9985626588228901,8.711185911694373e-07
S03242000_20100802,Moderate,Moderate,9.890472306879762e-08,0.00021545592423409762,1.1695274643660452e-08,0.9996337915131814,0.00015064196258668752
S03242000_20110728,Moderate,Moderate,7.687218360157335e-07,0.0017059963861710576,3.816150386987217e-06,0.9982729836696971,1.643507190880278e-05
S03242420_20120827,Moderate,Good,3.2713294954951537e-06,0.7733537614458285,4.3494400850597887e-07,0.22664216636645712,3.659142105069381e-07
S03242420_20200709,High,High,1.5315833437695194e-06,0.4794512520509817,0.5197415506404839,0.0003842748964719679,0.0004213908287187567
S03242520_20220801,High,Good,9.335377473773841e-07,0.7931001493422375,0.20669282271805292,0.00018425955955099388,2.1834842411330808e-05
S03242610_20150928,Moderate,Moderate,6.360827121199103e-09,1.5236474915967735e-05,4.1052761100976975e-10,0.9999847439152728,1.2838456519880686e-08
S03242750_20220804,Moderate,Moderate,2.1840037328475638e-07,6.020081808926873e-06,5.622522842104321e-09,0.9999916982743421,2.0576209528674598e-06
S03242800_20100803,Moderate,Moderate,1.3709125589533235e-08,1.3625705792634169e-06,4.2740860644597485e-10,0.9999620110361317,3.661225675493891e-05
S03242800_20170718,Good,Moderate,1.115016596275497e-05,0.07718148882397283,9.902308431587153e-06,0.9227832783895439,1.4180312089054127e-05
S03242800_20200805,Moderate,Moderate,5.5687382735275285e-08,4.3498136561952016e-05,3.3894149061589032e-09,0.9999563017350686,1.4105157186012894e-07
S03242800_20220804,Good,Moderate,4.360879557415562e-07,0.0009181940830381796,2.9694073642821917e-08,0.9990739121466236,7.427988308908405e-06
S03243000_20100803,Moderate,Moderate,1.805331983141774e-06,4.670772690244601e-06,2.2242835472081332e-08,0.9990427602766809,0.0009507413758101799
S03243000_20110728,Moderate,Moderate,1.6974893704708417e-06,2.5641070926518057e-05,8.299748410818803e-08,0.9965704138876509,0.0034021645545679715
S03243000_20120828,Moderate,Moderate,1.8865101477983786e-07,8.387134961583511e-08,8.144379478632529e-09,0.9998919993748018,0.00010771995845438911
S03243000_20130723,Moderate,Moderate,1.1405086181497216e-06,0.0027033783802814064,2.5599490384194998e-08,0.9972938355408435,1.6199707664202952e-06
S03243000_20140820,Moderate,Moderate,9.515824021161222e-08,6.221220530160277e-08,1.3326491040717034e-09,0.9999870695383862,1.2771758519202832e-05
S03243000_20150609,Moderate,Moderate,5.654360325229782e-07,0.0013703919226080586,4.886038435070276e-08,0.9986268769846312,2.1167963437977456e-06
S03243000_20200805,Moderate,Moderate,4.706265290055819e-08,5.704188060761374e-08,2.945012608805929e-09,0.9998618318683776,0.00013806108207619255
S03243000_20220803,Moderate,Moderate,1.2729770330473588e-06,0.29868237782122986,5.122775326650148e-07,0.7013157603936947,7.653050969275928e-08
S03243350_20100802,Moderate,Moderate,1.213286622976509e-05,0.02805439852753619,4.2868294147382955e-05,0.9717615402467172,0.00012906006536930078
S03243350_20110726,Good,Moderate,6.7988821748114535e-06,0.2715716069926906,7.06028042228402e-06,0.7283584820083907,5.605183632156631e-05
S03243350_20120810,Good,Good,3.342015874065698e-07,0.9987800258998858,0.0012019042694483965,1.7654156719638742e-05,8.147235877133343e-08
S03243350_20130626,Good,Good,2.1336375672957308e-06,0.5729083998600417,1.1142058976643919e-06,0.4270879297366799,4.225598133594948e-07
S03243350_20140731,Good,Good,5.938777211034101e-05,0.9833929676826537,4.200558587931467e-05,0.016505163758256836,4.7520109979030994e-07
S03243350_20150608,Moderate,Moderate,9.722667762060624e-08,4.400401622118683e-07,2.5982917664529883e-09,0.9999927723665019,6.687768366447924e-06
S03243350_20160708,Moderate,Moderate,1.108693017796352e-06,0.002158014845854397,4.574785072857237e-07,0.9978399138415859,5.051410347030129e-07
S03243350_20191003,Moderate,Moderate,1.8337812163842435e-07,3.5291594978289975e-06,3.2455816901628926e-07,0.9999957411002866,2.2180392498649926e-07
S03243350_20200806,Moderate,Moderate,1.5509747881733083e-06,1.3414340518974515e-06,7.844392340826224e-09,0.9999959437282163,1.156018551246917e-06
S03243350_20220629,Moderate,Moderate,8.346429629198768e-06,0.22242832637555474,1.5690033852831187e-05,0.7759565841522543,0.0015910530087089667
S03244300_20180717,Good,Good,2.6206313496473637e-07,0.9999012737845488,8.921890058797404e-05,9.212344055459338e-06,3.290767265114659e-08
S03244300_20200707,Good,Good,9.469202003949002e-09,0.9999996891072812,6.436223434675244e-08,2.350954552871264e-07,1.9658271752692568e-09
S03244460_20120807,High,Good,8.053990078712002e-07,0.9915667188364328,0.008349354524474752,8.285920953801547e-05,2.620305466599817e-07
S03244460_20140820,Good,Good,7.513719929317642e-07,0.9996179810180273,0.0002939056240329204,8.735379431047414e-05,8.191636309475835e-09
S03244626_20130828,Good,Good,1.6642966451547864e-07,0.999997230000548,1.5025761188212869e-07,2.4405800010121343e-06,1.2732174726228409e-08
S03244626_20220822,Good,Good,7.361823449811809e-06,0.9817454901268825,0.00018214423718208796,0.01806447040166496,5.334108206363062e-07
S03244725_20110726,Good,Good,1.647605029591039e-08,0.9999834650565975,1.6101384732386554e-05,4.064302256807015e-07,1.0652394090977802e-08
S03244725_20140930,Good,Good,3.124468350757923e-09,0.9999999123192985,7.650794755682988e-08,8.010288092789057e-09,3.7997461290019726e-11
S03244725_20180927,Good,Good,1.4234984277260235e-07,0.9999956400563114,2.0103603912861403e-06,2.182231469371545e-06,2.5001985137755175e-08
S03244725_20200805,Good,Good,1.7764985645634838e-07,0.9999943631023713,1.9462610006069045e-06,3.5116721375668516e-06,1.3146339850249777e-09
S03244725_20220728,Good,Good,1.997840712341209e-09,0.9999996886179398,2.99027872746181e-07,1.0313090337265588e-08,4.3256331690451085e-11
S03245100_20100930,Good,Good,1.1811189538439934e-06,0.9999932391476913,4.84417694521533e-06,7.330407876465629e-07,2.5156218992299232e-09
S03245100_20110726,Good,Good,2.819598457693841e-06,0.9994044453368601,2.6941953092566673e-06,0.0005900056229894494,3.5246383445202856e-08
S03245100_20120808,Good,Good,9.495633547405727e-07,0.9999969864851309,1.7621634631035327e-07,1.8425944404926425e-06,4.5140727569267454e-08
S03245100_20130627,Good,Good,1.0515203937731155e-06,0.9997060283418926,3.241305153440331e-07,0.00029258659312501683,9.41407334076408e-09
S03245100_20140731,Good,Good,2.3154252731697058e-08,0.9999996456234959,3.158753357416218e-07,1.499238102980613e-08,3.545346139036656e-10
S03245100_20150625,Good,Good,1.6733705552845708e-07,0.9999824842341312,4.488506145457322e-07,1.6879871656285015e-05,1.9706542459372707e-08
S03245100_20160614,Good,Good,1.1799007505944058e-09,0.99999996221404,5.7563312180858914e-09,3.0746338327781665e-08,1.0338974860696654e-10
S03245100_20180717,Good,Good,1.0615193533592685e-07,0.999996163790647,6.421784951732062e-08,3.6601184873611424e-06,5.721080708053303e-09
S03245100_20191015,Good,Good,2.831681979323423e-06,0.9984121222604496,1.9878605388699154e-06,0.0015811202060710017,1.937990961110723e-06
S03245100_20200806,Good,Good,9.203265368020867e-09,0.9999998951089165,1.679371916977222e-08,7.874722456445022e-08,1.4687447835932149e-10
S03245100_20210810,Good,Good,4.615732786588894e-09,0.9999984280849644,1.623553750077216e-08,1.5508649895592423e-06,1.9877577055419153e-10
S03245100_20220727,Good,Good,2.6173290395459482e-08,0.9999969826046677,1.3232959018533342e-06,1.665922060251578e-06,2.004079771153384e-09
S03245545_20141014,Good,Good,6.436031157502109e-06,0.6323835367986883,2.613328555139333e-06,0.3676071829982004,2.3084339868947162e-07
S03245545_20150626,Moderate,Moderate,7.593989139122179e-06,0.0007283051432237088,5.279315467171052e-06,0.9992429082869044,1.5913265265650176e-05
S03245545_20210812,Moderate,Moderate,1.858094648201115e-07,1.144482992150953e-05,1.6355113014260888e-09,0.9999879214784023,4.4624670002504937e-07
S03245570_20220629,Moderate,Good,5.562028878690049e-07,0.9714425688370923,1.5876121315791715e-07,0.028556709651195493,6.547611122598507e-09
S03245597_20120809,Good,Good,8.896033301961633e-06,0.9625898760217684,3.8824400896072876e-05,0.03736224859652209,1.5494751153363964e-07
S03245597_20160613,Good,Good,1.0904797812137687e-07,0.9999723776482007,1.6950663197469836e-07,2.7340718499577833e-05,3.0786898012533897e-09
S03245597_20200806,Moderate,Moderate,2.0085020894523817e-07,1.3171935085980243e-08,1.350450307603948e-09,0.9999500619161051,4.97227113005294e-05
S03245640_20160613,Good,Good,7.790207327916853e-06,0.9104149674763397,1.1335021654390567e-05,0.08956581094528643,9.634939170303609e-08
S03245640_20200806,Poor,Poor,1.868276171589454e-06,6.806465478957241e-09,4.092423307068573e-08,0.012635695969460466,0.9873623880236694
S03245640_20220629,Good,Good,6.560964327773389e-07,0.9979858783221675,3.971050171469861e-06,0.0020094822585358936,1.2272692484288098e-08
S03245665_20110726,Moderate,Moderate,1.6547453675241315e-05,3.772527249739234e-07,4.5205709968611564e-07,0.9998710879501793,0.00011153528632075787
S03245665_20150626,Good,Good,0.0008493952548506895,0.9268157532332908,0.00024391803629973425,0.07208918053149263,1.7529440661183953e-06
S03245665_20180718,Moderate,Moderate,1.6953374213870892e-06,6.625738055323352e-05,1.1505729762644544e-07,0.9999152020404478,1.6730184279989178e-05
S03245665_20220629,Moderate,Good,1.2221419781737886e-06,0.5534095230300559,9.160384807744292e-07,0.4465881408264141,1.979630711088574e-07
S03245698_20220630,Good,Moderate,5.660748397846748e-06,0.0035962928967060957,4.808700906024473e-07,0.9962393567067206,0.00015820877808483128
S03245735_20200917,Good,Good,1.2414259129429067e-08,0.9999847363717045,2.5000863026880742e-08,1.5226065172475545e-05,1.4800084264420964e-10
S03245735_20220630,Good,Good,4.397416528752172e-07,0.9780500942399116,0.021922719026696815,2.6725868837417768e-05,2.1122901166259926e-08
S03245736_20180718,Moderate,Poor,0.0014836417963085598,0.22018778937852726,0.15826546747495374,0.06145300002121957,0.558610101328991
S03247218_20200916,Moderate,Moderate,4.9658242005708704e-05,0.2786127471781962,6.664277259977354e-05,0.7212162329127957,5.4718894402583205e-05
S03247228_20120723,Good,Good,1.621009816311916e-06,0.988975008822968,1.2081088922401431e-06,0.011021237019437411,9.250388861378899e-07
S03247228_20200916,Moderate,Moderate,1.7070245413660296e-07,0.0029829873584792245,1.3795234751452066e-08,0.997015680753087,1.1473907447710428e-06
S03247252_20200916,Good,Good,2.129179084384566e-07,0.9999654177999026,2.2809981901218392e-05,1.1541144969718181e-05,1.8155318148255364e-08
S03249595_20120808,Moderate,Moderate,4.245986999404277e-08,6.993612999756132e-07,2.1758244140950847e-10,0.9999992119166199,4.604462769153694e-08
S03249595_20160531,Moderate,Moderate,3.7938707044758303e-07,2.57502597119928e-07,2.1731126739380372e-08,0.9999982763636939,1.0650155116754287e-06
S03249595_20190912,Good,Moderate,7.043499164749031e-06,0.07890980057783717,1.3512924721515379e-06,0.9210125553167016,6.924931382430166e-05
S03249595_20210825,Moderate,Moderate,8.328508624133757e-07,0.003329075324979125,4.5559437661369534e-08,0.9966680866377363,1.959626984488434e-06
S03249595_20220729,Moderate,Moderate,1.2983628029565612e-07,5.154166820885209e-05,1.1777273972734173e-08,0.9999482772959591,3.942227778470321e-08
S03250572_20130808,Moderate,Moderate,2.346593226731589e-07,0.0005603500547734103,4.039590850098378e-08,0.9992203404198539,0.0002190344701416049
S03250572_20170719,Moderate,Moderate,2.895277349139765e-08,2.9521565917390007e-05,2.3578748081440193e-09,0.9999270917692162,4.33553542181602e-05
S03250572_20210825,Moderate,Moderate,2.637847950884729e-07,7.326683208003531e-07,4.466477992664147e-08,0.999853344712124,0.00014561416998030153
S03250575_20120807,Moderate,Moderate,8.745545100568173e-07,0.2585403046829031,1.4044140077966244e-07,0.7414573140623653,1.3662588208434213e-06
S03250575_20150708,Moderate,Moderate,9.813904507106714e-08,1.9882076414064704e-08,2.857622472678658e-10,0.9970553934427197,0.0029444882503966963
S03250575_20180801,Moderate,Moderate,3.692301592638963e-07,3.405814718991739e-06,1.8248349627717761e-09,0.9999351494276858,6.107370260102792e-05
S03250575_20210825,Moderate,Moderate,1.0564645364826845e-07,7.813334297239112e-08,1.7201151346076438e-08,0.9999693732467874,3.042577226464585e-05
S03250575_20220802,Moderate,Moderate,1.1809440579223394e-07,1.7130050707994766e-06,9.226979585965924e-09,0.9999902857190185,7.87395452531762e-06
S03250585_20130808,Moderate,Moderate,1.108513320073376e-07,0.0003601870794834844,3.506233561855632e-08,0.9996395865703123,8.04365365473677e-08
S03250585_20210812,Moderate,Moderate,8.37214786856452e-07,4.57351577170803e-05,3.9678014584552234e-09,0.9992143210468912,0.0007391026128034397
S03250690_20150708,Moderate,Moderate,8.266572020888746e-07,2.2466349962840873e-05,4.841666543948171e-07,0.9999753920711077,8.307550729714433e-07
S03250690_20210824,Moderate,Moderate,2.929599727735743e-06,8.219145115504933e-05,5.933775113266728e-07,0.9987543803583857,0.001159905213220132
S03250720_20150708,Moderate,Moderate,2.175151204175844e-06,2.3596477143157e-05,1.3463845057540392e-08,0.9998005978512476,0.00017361705655997086
S03250720_20220804,Moderate,Moderate,1.713015851963729e-06,1.782339772655731e-06,7.082226108918633e-08,0.9998163854150639,0.0001800484070504621
S03250773_20180808,Moderate,Moderate,3.5560141853481204e-07,0.00019375772290222432,8.044248463127497e-09,0.9998054507848427,4.2784658807831595e-07
S03250797_20100928,Good,Good,9.808250395094077e-06,0.7306872905976648,2.7813585739798097e-06,0.2692962453823813,3.874410984906247e-06
S03250797_20110727,Good,Good,1.6740209195938254e-07,0.9999944962404368,2.7782804013956327e-07,5.055838048505355e-06,2.6913825724510325e-09
S03250797_20120807,Good,Good,1.0234193470626852e-07,0.9999934991366544,4.119988182858468e-06,2.264830350065388e-06,1.3702877957949893e-08
S03250797_20130808,Good,Good,7.245039053180016e-05,0.8976709405441096,1.151617503143033e-06,0.10225093770173993,4.519746115582897e-06
S03250797_20141014,Moderate,Moderate,7.202141574666728e-06,8.951760270612365e-05,3.064703823119907e-07,0.9998800398366736,2.2933948663209524e-05
S03250797_20150715,Good,Good,5.932125176941902e-06,0.9912839819839713,5.551082997254879e-07,0.008708830094257517,7.006882945629206e-07
S03250797_20160601,Moderate,Moderate,4.155848909771993e-06,3.770718639498486e-05,2.6997673456464778e-09,0.9999581175902315,1.6674696446967575e-08
S03250797_20190830,Moderate,Moderate,1.6696536712016883e-06,0.33146623112280066,1.3608882236931956e-06,0.668530419610231,3.1872507347407033e-07
S03250797_20210824,Good,Moderate,4.48660431134437e-06,0.010876880539038524,1.0695007910767747e-05,0.9891076015965231,3.3625221624362177e-07
S03250797_20220804,Moderate,Moderate,4.946949660456289e-05,0.0753346314840111,1.3588365440445367e-05,0.9245738790344985,2.843161944540416e-05
S03250820_20190830,Good,Moderate,2.870855063458275e-06,0.027964956231307354,7.707440919085783e-07,0.972015520802759,1.588136677831541e-05
S03250820_20220804,Moderate,Moderate,1.5284436870227772e-06,0.000877003690705471,1.0297406534609528e-07,0.9991120629870152,9.301904526964305e-06
S03250952_20130807,Good,Good,3.41084316537628e-06,0.9996704344179407,2.267273736580355e-06,0.00032379926846346906,8.819669392804625e-08
S03250952_20170906,Moderate,Moderate,3.2087838985266067e-07,2.3402167298668604e-06,2.8392577435533055e-09,0.9999971419044316,1.941611910163294e-07
S03250952_20220803,Moderate,Moderate,9.314658990397667e-06,6.666299765021771e-07,3.1369646787152556e-06,0.9999494380959634,3.744365039097956e-05
S03250975_20150807,Poor,Moderate,6.423278244950823e-06,7.203349499945018e-09,2.182924823735157e-08,0.9952112354422863,0.004782312246870993
S03250975_20180808,Moderate,Moderate,7.181271320534701e-06,0.0001543874034761997,1.069191753653269e-06,0.9998352318955182,2.130237931472574e-06
S03250975_20210824,Moderate,Moderate,1.0970083050580753e-06,0.08522696092922336,1.2022770249196093e-06,0.9147697511996525,9.885857940817525e-07
S03250975_20220803,Poor,Poor,2.0347519199513403e-05,5.547704369458553e-07,5.507407060034771e-07,0.2622385639422609,0.7377399830273967
S03251190_20110727,Moderate,Moderate,4.5959158821439195e-06,2.2041673034775845e-05,3.515746544907103e-08,0.9998975262247741,7.580102884354348e-05
S03251190_20120806,Good,Moderate,8.84398770328064e-06,0.0029337148748846235,7.682220932075736e-05,0.996959569705851,2.1049222240337683e-05
S03251190_20130826,Poor,Poor,2.522993542813726e-08,8.646344973750738e-09,1.029538436278608e-10,0.009677202682897896,0.9903227633378678
S03251190_20141014,Moderate,Moderate,3.1603487065887997e-07,0.00021641894832022537,1.8098271614290086e-09,0.9997830594903302,2.0371665171518904e-07
S03251190_20160601,Moderate,Moderate,4.377916743777648e-06,6.933596533331122e-05,6.73969905140486e-06,0.9998491702209864,7.037619788497875e-05
S03251190_20190829,Moderate,Moderate,1.5399984431310805e-06,5.44023174474902e-06,1.3120161639973343e-07,0.9998417367476298,0.00015115182056592503
S03251190_20210824,Moderate,Moderate,3.3971399965469026e-07,1.8531637890618342e-06,9.673929489275466e-09,0.9999308166658035,6.698078247825924e-05
S03251190_20220831,Poor,Poor,1.3977846677988792e-07,5.932331105116514e-07,1.981557560189076e-09,0.03485475991294011,0.9651445050939251
S03251715_20130807,Moderate,Moderate,0.0019448819648604247,5.244461814956829e-05,2.7317264798694214e-06,0.9959527311701304,0.0020472105203797743
S03251715_20140805,Good,Good,1.2477266712750386e-06,0.9771529598052356,2.3100002120240073e-06,0.02284229390065881,1.1885672222844263e-06
S03251715_20210722,Good,Good,8.871084518764202e-06,0.9372912544904571,0.004645870557800178,0.05801766793657434,3.633593064960989e-05
S03252500_20100805,Moderate,Moderate,4.036697648821006e-06,2.8336302934874716e-05,1.0904220345763228e-08,0.9999662418610986,1.3742340971872799e-06
S03252500_20110727,Moderate,Moderate,4.93817987835595e-06,0.0006117603063457714,7.086197374350676e-08,0.9993785991723969,4.631479405254302e-06
S03252500_20120724,Moderate,Moderate,3.1896507412738736e-08,3.0774492925311553e-06,7.341674346989483e-11,0.9999966701188251,2.2046195828942516e-07
S03252500_20130807,Moderate,Moderate,7.876384613872469e-07,0.0251725165896244,1.6841481767568844e-07,0.9748109780871544,1.5549269942126675e-05
S03252500_20150715,Moderate,Moderate,2.4251733277799747e-07,0.00022668984419298786,9.430772166872706e-09,0.9997480389111094,2.501929659261282e-05
S03252500_20160901,Moderate,Moderate,5.676831244407441e-06,0.0007694914537960568,1.8422596891568355e-07,0.9992220902507987,2.5572381919961777e-06
S03252500_20190829,Moderate,Moderate,1.050624140237892e-07,5.291654273741467e-05,2.9745792775457638e-08,0.9999340727948359,1.2875854219810807e-05
S03252500_20210824,Moderate,Moderate,2.414295113416365e-07,0.0004145465832634852,9.663021943263151e-08,0.9995838766116245,1.238745381319667e-06
S03252500_20220919,Moderate,Moderate,8.551187482267395e-07,6.789487330906565e-06,7.060217067261897e-09,0.9963216805655888,0.003670667768115066
S03252555_20120724,Moderate,Moderate,1.6012702793861835e-05,0.0032879978979121153,1.8517267972399603e-07,0.9966429567657122,5.2847460901981725e-05
S03252555_20190828,Moderate,Moderate,3.3263803042009005e-05,0.0017089367964510066,1.125267002960906e-05,0.9116495713831441,0.08659697534733336
S03252755_20100805,Poor,Poor,5.541393490831665e-06,1.6198406733249519e-09,8.889507149539474e-09,0.009962125306073155,0.9900323227910882
S03252755_20110727,Moderate,Moderate,7.598795986117002e-08,1.7518541867356057e-07,2.959011830392268e-09,0.9962028745269346,0.003796871340675005
S03252755_20120724,Poor,Poor,1.4448110772509902e-06,3.130214644691315e-08,2.9560034701081162e-08,0.040424561033039756,0.9595739332937019
S03252755_20130806,Poor,Poor,1.668390620986768e-08,3.504698191070972e-12,3.459701927282232e-11,0.0014483809060191982,0.9985516023719729
S03252755_20140804,Moderate,Moderate,3.59510638809694e-06,1.2618347879044291e-07,1.3144047981318658e-07,0.9117453745163063,0.0882507727533469
S03252755_20150805,Moderate,Poor,1.3937007036154703e-05,2.7137809444873738e-08,6.833783714588037e-07,0.012126265305240332,0.9878590871715426
S03252755_20160601,Moderate,Moderate,4.4513090474563334e-06,9.409074251525878e-08,5.474308141330214e-08,0.9999409255836796,5.447427344898107e-05
S03252755_20170713,Poor,Moderate,8.542626412702273e-06,1.6783724432157855e-07,1.9027557274295746e-07,0.8719173202898565,0.1280737789709138
S03252755_20210824,Moderate,Moderate,3.3879590486604978e-06,2.8771055929837906e-06,1.8523503500367583e-07,0.9999931005854699,4.491148535124978e-07
S03252755_20220808,Moderate,Moderate,2.974898172685466e-06,0.0005793111223421439,6.496372526557505e-07,0.9993758958193301,4.116852290247232e-05
S03253190_20160601,Moderate,Moderate,1.7889592261973951e-07,0.0001884847833282789,2.3813846141554816e-09,0.9997807732970434,3.0560642321125594e-05
S03253410_20170712,Good,Good,0.0002860211913795645,0.7805123942111186,0.15741325461499583,0.061288910741311875,0.0004994192411942839
S03253490_20120803,Moderate,Poor,0.0012925814869812371,0.0001381569591602322,0.3509958802604074,0.24310954924699577,0.4044638320464555
S03253490_20130619,Good,Good,1.2962303018358585e-08,0.9999968558162153,2.5216132679159684e-06,6.060203496344045e-07,3.5878640489914684e-09
S03253490_20180927,Moderate,Moderate,7.855870987489683e-07,0.00143067970284148,4.4022475164184616e-08,0.9985641007111116,4.3899764728975175e-06
S03253490_20200806,Moderate,Good,1.2571800649863037e-06,0.6567512581838221,2.0997637999691004e-06,0.3432443979182718,9.869540412160555e-07
S03253490_20210823,Moderate,Moderate,8.780657891551198e-08,3.3258282553749765e-06,7.663760620143108e-10,0.9999951182601235,1.4673386661512453e-06
S03253780_20100927,Good,Good,4.049987075122327e-06,0.9981211142232366,7.355290759873759e-07,0.0018740174080862605,8.28525260537038e-08
S03253780_20110801,Moderate,Moderate,7.805789577252975e-05,0.004911137270575042,8.514667833674927e-06,0.9948516985684255,0.0001505915973933158
S03253780_20120730,High,Good,7.764110088638272e-06,0.9999497541984793,1.0077589817882506e-05,3.122126036012635e-05,1.1828412539890293e-06
S03253780_20130619,Moderate,Moderate,2.2774876407021668e-07,3.504043007331484e-05,2.0619124189228213e-08,0.9999622022352802,2.508966758316915e-06
S03253780_20140818,Good,Good,5.2164689372416e-06,0.9994082114378857,8.498838989210338e-05,0.0005007220195511738,8.616837337805082e-07
S03253780_20150716,Good,Good,4.0469511275076487e-07,0.9995770697527431,0.0004143320336485986,8.175399901186993e-06,1.8118594420784976e-08
S03253780_20160603,Good,Good,4.38332004812259e-06,0.9903542537009882,0.009091647607663898,0.0005478389518155579,1.876419484185987e-06
S03253780_20180927,Good,Good,1.2548515045231234e-06,0.9973460819407743,2.736589069103932e-06,0.002649780421691686,1.461969603017589e-07
S03253780_20190628,Good,Good,7.622045668232838e-07,0.9703841294880937,0.029610982809519668,4.085906986314747e-06,3.959083354294116e-08
S03253780_20200805,Moderate,Moderate,1.334169932992822e-06,0.00015802781542383274,3.822780710448641e-07,0.9998390300765881,1.2256599839832193e-06
S03253780_20210823,Moderate,Moderate,3.0318742162735595e-05,0.028611742607362625,0.0007184469867014399,0.9691085089628776,0.0015309827008955325
S03253780_20220720,Good,Good,3.1369010209443328e-06,0.7734772707330784,1.2394243109539524e-05,0.22650161566570493,5.582457086425252e-06
S03253820_20170712,Moderate,Good,1.5445083806110605e-06,0.7237663715600205,3.919109456718141e-06,0.27622686190896517,1.3029131769547889e-06
S03254035_20100806,Moderate,Moderate,2.6091962190715606e-06,9.705933457897193e-05,5.613268118170167e-07,0.999676228693016,0.00022354144937422005
S03254035_20110801,Poor,Poor,4.981195743416645e-09,1.227692988304524e-10,5.695506676465336e-09,0.0004976049329742733,0.999502384267554
S03254035_20120801,Poor,Poor,3.3241798086353945e-06,2.3841466607279853e-08,1.4133975462658757e-08,0.4489020439465309,0.5510945938982185
S03254035_20130807,Poor,Moderate,8.558665332472889e-07,2.8210503589188317e-08,5.402687315142013e-08,0.8137912911890224,0.18620777070706765
S03254035_20140717,Poor,Moderate,8.707052855957537e-08,1.6665607722632053e-08,7.4073670042815085e-09,0.9980432312254442,0.0019566576310524916
S03254035_20160603,Moderate,Moderate,2.9850186113156084e-06,7.130644774205062e-08,7.528527396109063e-08,0.999839365687734,0.00015750270193293925
S03254035_20170712,Poor,Poor,3.3572984051861428e-06,5.021912559379772e-07,4.558675689435575e-09,0.04844313438096949,0.9515530015706937
S03254035_20200806,Good,Moderate,0.00013865525384277008,0.010476663484477126,0.0001386606108021913,0.9892391217541648,6.898896713034487e-06
S03254035_20210823,Poor,Moderate,1.4474531070103396e-07,1.4309120617807505e-07,4.4465907700498255e-08,0.9981115742436003,0.0018880934539750474
S03254080_20150720,High,High,7.73771759744609e-08,0.1258288782330541,0.8741708710403746,1.4539109598828324e-07,2.7958299434568937e-08
S03254080_20220719,Good,Good,6.130044722555799e-07,0.9725697387845146,3.558380111747134e-05,0.027393816473389315,2.4793650639593397e-07
S03254230_20210720,Moderate,Moderate,6.723785159149285e-07,0.013225054432481871,4.2423229128032495e-07,0.9867732268785652,6.22078145749931e-07
S03254530_20150721,Good,Good,1.644172774309828e-06,0.9954160276282926,9.510454213907046e-05,0.004486649200820607,5.744559732693139e-07
S03255180_20110802,Good,Good,3.1204738602600755e-07,0.9992942956857094,0.000694398362357717,1.0950335313835394e-05,4.3569232964166214e-08
S03255180_20120730,Good,Good,2.4971055935158728e-08,0.9999954903840554,4.4595354728483104e-06,2.3982283606192053e-08,1.127132224222948e-09
S03255180_20130729,Good,Good,1.1808634766976566e-07,0.9999854246608435,2.448007960435691e-06,1.1999614936378009e-05,9.62991195736787e-09
S03255180_20141015,Good,Good,1.6458722912868555e-06,0.9703406007939712,0.02965455247145735,3.0440491141671726e-06,1.5681316595975652e-07
S03255180_20150715,Good,Good,2.9090713453474877e-07,0.9572412129334488,0.04275809296333782,3.654835148272499e-07,3.77125641698906e-08
S03255180_20160531,Moderate,Moderate,0.00010637118903057215,0.0018012166786568337,7.849965438138829e-06,0.9961297277705782,0.0019548343962963685
S03255180_20180807,Good,Good,1.3367851991568403e-07,0.9999073092086932,6.421544563492415e-05,2.8329546693607345e-05,1.2120458326173398e-08
S03255180_20190829,Good,Good,2.292588254026934e-08,0.999964044424425,6.936733423402224e-07,3.523855889800411e-05,4.1745222171379323e-10
S03255180_20200827,Good,Good,2.61026592646839e-06,0.9604543008882254,0.039393408131735634,0.00014611376353057927,3.566950581984747e-06
S03255180_20210824,Good,Good,3.6155401916993326e-07,0.9930609410020771,0.006912688478239449,2.5985119751273777e-05,2.3845913124312636e-08
S03255628_20170713,Moderate,Moderate,2.8543864482492648e-05,0.0017890355083475446,3.076531881369816e-05,0.9436273592471157,0.05452429606124051
S03256600_20210720,Good,Good,1.1900371818228134e-05,0.9958408668702052,4.090988458067076e-07,0.004146776466668058,4.719246275196703e-08
S03257335_20150914,Moderate,Moderate,5.801574313603564e-07,0.0005220302740289891,1.1205780745538409e-07,0.9994761579163363,1.1195943959791014e-06
S03257335_20180928,Moderate,Moderate,2.643126254859411e-07,0.002989002192279868,2.271099816098555e-07,0.9967431860801838,0.000267320304929182
S03257335_20210823,Moderate,Moderate,5.878866353462791e-07,1.6799420260474887e-07,1.667508327120432e-08,0.9999956315935045,3.595850574376731e-06
S03257410_20120804,Good,Good,1.423807686749783e-06,0.9945693117563835,1.9804927778043596e-07,0.005422974097783999,6.092288867975436e-06
S03257410_20130618,Moderate,Moderate,4.0099156782302646e-07,7.893343079083974e-05,1.0523890488237072e-08,0.9999206414390238,1.3614726982789833e-08
S03257410_20140716,Moderate,Moderate,6.1414414660664155e-06,5.766631800698505e-07,3.1967256053535576e-07,0.9943129455621512,0.005680016660642048
S03258500_20190627,Good,Good,1.0069832192912926e-06,0.9998638792961249,1.7538053689516012e-05,0.00011753217774034988,4.3489226103923676e-08
S03258850_20210720,Moderate,Moderate,9.433020254938244e-08,2.698409424164558e-09,4.535611883533026e-09,0.9820520373209364,0.017947861114839838
S03259550_20170711,Good,Good,3.880609131403465e-06,0.9297998916494205,0.00010124819141000386,0.07009417556125626,8.03988781882698e-07
S03259700_20190626,Good,Good,1.3287267567049749e-06,0.9998360852222898,5.11701296164844e-05,0.00011134532999080261,7.059134609679102e-08
S03259850_20160602,Good,Good,2.014083732706692e-08,0.999940776684207,2.5683255831489437e-08,5.916848406872076e-05,9.007631049813892e-09
S03260000_20100806,Poor,Poor,1.1506702683277095e-07,1.353941172496109e-10,2.0712703656204912e-09,0.0003122996960799434,0.9996875830302288
S03260000_20110801,Poor,Poor,4.286962434029944e-08,5.075710594512075e-10,2.396020805428198e-10,0.010686410610475034,0.9893135457727276
S03260000_20120801,Poor,Poor,2.348273107696023e-07,7.036025259264962e-10,5.2194027948286005e-09,0.0009444212983882926,0.9990553379512956
S03260000_20130619,Poor,Poor,2.057898331717368e-06,3.780976865781656e-07,6.336132518973349e-09,0.25402145279042093,0.7459761048774283
S03260000_20140715,Good,Moderate,1.09801992809284e-06,0.04227850255149134,3.5465399578913555e-07,0.9577178968020815,2.1479725033513238e-06
S03260000_20150722,Poor,Poor,3.177994486314637e-06,2.0980467541678037e-09,6.50305053058529e-08,0.001526338976840964,0.9984704159001206
S03260000_20170711,Moderate,Moderate,0.00019164079357224782,0.052338895621098364,0.030866818310198135,0.8779147888369726,0.038687856438158655
S03260000_20190820,Moderate,Moderate,5.136665266127769e-06,4.446400075842925e-06,2.044820136825762e-07,0.8929281218110923,0.10706209064155206
S03260000_20200804,Poor,Poor,1.6933586585701738e-06,5.713863616056323e-08,5.138615600948672e-07,0.04118234242534202,0.9588153932158032
S03261785_20170711,Moderate,Moderate,2.696063570223121e-05,0.014441137395564217,1.5646878045802415e-06,0.9854913997885715,3.893749235749064e-05
S03262000_20100806,Moderate,Moderate,1.9727697823380343e-07,7.116944528084393e-05,8.523316593074686e-09,0.9999285358586663,8.889575809844586e-08
S03262000_20110801,Moderate,Moderate,5.325946019798406e-07,0.0001248486401360785,5.454479192373174e-08,0.9998743334447501,2.3077572002266291e-07
S03262000_20120802,Poor,Moderate,1.540506133700154e-06,2.875420332914852e-08,2.2287263630648806e-08,0.9954508607422751,0.004547547710124247
S03262000_20130618,Moderate,Moderate,1.591380248265792e-07,5.431249332132313e-07,1.2558579445331007e-09,0.999814077292255,0.00018521918892898433
S03262000_20140715,Moderate,Moderate,1.9813503156697667e-07,1.4654688249151316e-08,1.3612537919521921e-09,0.9836544840798743,0.01634530176915204
S03262000_20150721,Poor,Poor,1.1237644409383899e-07,3.8885138037710976e-11,7.07540552774572e-11,0.004237386323168808,0.9957625011907479
S03262000_20170710,Moderate,Moderate,2.3225989672651682e-07,1.3666134835325644e-07,3.181242979093766e-09,0.9999035608930787,9.606700443322814e-05
S03262000_20190625,Moderate,Moderate,2.0388411965384175e-08,2.7701352324919685e-05,8.483947597914157e-10,0.9999699603657565,2.3170451119211545e-06
S03262000_20200630,Moderate,Poor,1.5146275052772233e-06,2.466133937153767e-06,1.0470506547897849e-07,0.3666837640933509,0.6333121504401412
S03262430_20120802,Poor,Poor,7.261413016632737e-08,8.743913432101751e-11,5.581835993431387e-10,0.00011225128064691863,0.9998876754596002
S03262430_20150721,Moderate,Moderate,6.399218851657063e-07,5.315823835947213e-10,8.804154302708017e-10,0.9992490930321482,0.0007502656339689291
S03262430_20190625,Moderate,Moderate,9.213431600329758e-06,0.007734842490070672,2.237341288421437e-07,0.9922512913640578,4.428980142464652e-06
S03262430_20200630,Good,Moderate,2.3080553762684077e-06,0.0013962311671470058,8.072728071289494e-07,0.9961285194519851,0.002472134052684637
S03263100_20180928,Moderate,Moderate,4.798705643962564e-07,0.0004489329980743342,1.9286335564703223e-07,0.9995494027328043,9.915352013615745e-07
S03263100_20190822,Moderate,Good,3.5600974341122427e-06,0.8826395577955836,1.9128675462086895e-07,0.1173189208332067,3.776998702099314e-05
S03263400_20130805,Good,Good,2.408223971497928e-06,0.9973941711587657,2.192441238793557e-06,0.0023901566700112674,0.00021107150601270725
S03264000_20100927,Good,Good,1.1086972368838426e-05,0.9971085410839147,1.3316593881817656e-05,0.002864600216553476,2.4551332812403832e-06
S03264000_20110802,Good,Good,2.2192657213171744e-07,0.999726513774659,5.794012805794054e-06,0.000267422638550325,4.7647412845627616e-08
S03264000_20120731,Good,Good,9.402327562639988e-09,0.9999980234886816,1.3570017031632097e-06,6.096502455753949e-07,4.5704202407593046e-10
S03264000_20130806,Good,Good,5.913247234225281e-08,0.9999743758978392,3.6314326193366846e-07,2.520037122383058e-05,1.455202720438137e-09
S03264000_20150723,Moderate,Moderate,3.1745669778531175e-05,0.00011476878343970834,9.981747102096495e-07,0.999826011152046,2.647622002556684e-05
S03264000_20180928,Good,Good,3.29316833825492e-07,0.9884330906445011,2.0036541121265518e-07,0.011562594056694431,3.785616559323828e-06
S03264000_20190823,Good,Good,4.619173231710047e-07,0.9424889673562484,1.0650843700136843e-06,0.057509084507163605,4.2113489472393956e-07
S03264000_20200629,Moderate,Moderate,1.3688218320731126e-05,0.0150482521749955,2.4909454991421873e-06,0.9849276933290654,7.87533211931055e-06
S03264000_20210721,Moderate,Moderate,1.3690470893696655e-06,0.07599746114552529,1.4529535046934342e-07,0.9240009786410264,4.58710085901232e-08
S03264050_20150723,Good,Moderate,0.000143853229991534,0.1779806800901381,0.001956920069744559,0.8197996513322131,0.00011889527791286313
S03264050_20220718,Moderate,Moderate,9.389122358840457e-07,0.006140147903177942,4.639659437972358e-07,0.9937783958457336,8.005337290883776e-05
S03264150_20170710,Moderate,Good,1.3949699581441915e-05,0.8830802258165371,6.15040800387832e-07,0.11690395043499226,1.2590080887423465e-06
S03264250_20160531,Good,Good,1.1984135505237308e-05,0.9934249227339763,0.0004163812048825997,0.006141144466078815,5.56745955703896e-06
S03264250_20190823,Moderate,Moderate,5.648754629521108e-07,0.13555415203903906,8.540637978384458e-07,0.8644117097386447,3.2719283055551535e-05
S03264250_20200722,Moderate,Moderate,1.8204418764150595e-06,0.0013769133667370754,1.3655767301993752e-07,0.9984586708025369,0.0001624588311765751
S03264275_20191024,Poor,Moderate,1.9672559619489574e-05,2.9973624600314957e-06,1.2808655092118118e-06,0.6966963562282515,0.3032796929841597
S03264375_20210721,Poor,Poor,6.1005119094142e-05,1.6769792504414523e-06,1.427286689347709e-07,0.2751255134791527,0.7248116616938338
S03264430_20150722,High,High,1.171871757234594e-06,0.008830633018937967,0.9911607982362749,6.1305491341387336e-06,1.266323895726144e-06
S03264520_20120730,Good,Good,3.2999190442458715e-08,0.9996564738795034,0.0003433963359807815,9.664812495530636e-08,1.3720033918319225e-10
S03264560_20190910,Moderate,Moderate,1.1648876444799956e-07,9.295261679167812e-05,5.514471140683166e-08,0.9999056759029589,1.1998467736475822e-06
S03264560_20200722,Good,Moderate,7.768808721203477e-06,0.30105290353559516,6.523109302904299e-05,0.6988738855262451,2.1103640949551688e-07
S03264840_20150603,Good,Good,1.600717260297703e-06,0.9986138520339909,5.56003660928831e-05,0.0013273953975254792,1.5514851304703533e-06
S03264840_20200721,Moderate,Moderate,2.3071295883588426e-06,0.041491078527960856,4.5790318250761736e-07,0.9585053000819064,8.563573619939846e-07
S03264920_20150603,Moderate,Good,1.8618486079324076e-05,0.6614687424100285,6.28737582060836e-07,0.33851066474853714,1.3456177730871915e-06
S03264920_20210721,Moderate,Moderate,1.6993883299386892e-06,1.6672612354694847e-05,8.558661809201414e-09,0.999970510086809,1.1109353844544467e-05
S03264940_20180807,Moderate,Good,9.03104752038777e-07,0.9195331637075232,9.764600129793965e-07,0.0804646687525205,2.879751912234464e-07
S03264940_20190911,Good,Good,1.94909540544016e-06,0.9076889195391775,6.794187410634004e-06,0.09230047081583173,1.8663621747256237e-06
S03264965_20100927,Moderate,Moderate,2.5117767781718055e-06,0.0014612554616109006,4.266165787095606e-07,0.9984053507015289,0.0001304554435032092
S03264965_20110803,Moderate,Poor,8.580443276909222e-06,1.7152800705485735e-07,1.2411125427423963e-06,0.1273835779330812,0.8726064289830922
S03264965_20120731,Good,Good,2.2275161837520166e-07,0.9982467999540992,1.0178527289816577e-06,0.0017519585033782092,9.381753515897747e-10
S03264965_20130730,Good,Good,6.799701942772039e-06,0.9979754553320189,1.8343713611177888e-07,0.0020175161574586013,4.53714435784693e-08
S03264965_20140818,Moderate,Moderate,3.646051696421182e-05,0.41226097985811955,0.0001120879766375125,0.5874665790759875,0.00012389257229118814
S03264965_20180807,Moderate,Moderate,9.120346847305804e-07,4.43789473736665e-06,1.56872004137215e-07,0.9996556046560905,0.00033888854248326846
S03264965_20190910,Moderate,Moderate,1.195577841542735e-05,0.00021785215441543615,1.5889546212625563e-06,0.9736726194578099,0.026095983654737875
S03264965_20200721,Poor,Poor,4.94284644151693e-07,1.4154871945458057e-09,3.89975529429048e-07,0.3991457518368958,0.6008533624874434
S03264965_20210722,Poor,Poor,3.2658783331105626e-05,3.7614788480621708e-06,4.084189748015641e-07,0.0026349132438497716,0.9973282580749963
S03265000_20120731,Moderate,Moderate,1.2861325449221586e-06,4.078812292909938e-06,1.4737676565457931e-09,0.9999946295442216,4.0371729552757775e-09
S03265000_20190910,Moderate,Moderate,3.160891427133649e-07,0.00025004932852855865,6.450433869427422e-08,0.9997446906101582,4.879467831843406e-06
S03265000_20200721,Moderate,Moderate,2.4780040690394807e-06,3.3580067722954835e-06,1.9742248525640894e-07,0.9993508124186846,0.0006431541479888311
S03265385_20130812,Moderate,Moderate,4.7549067635400926e-07,9.496045868739453e-05,8.968455766465969e-07,0.9998953061860029,8.361019056705983e-06
S03265385_20170907,Moderate,Moderate,9.163778192380188e-08,8.549285237936872e-05,4.099248604454815e-09,0.9999141009443364,3.1046625372772154e-07
S03265385_20200720,Moderate,Moderate,1.2698471467301858e-06,4.638709889089017e-07,4.9835455159486535e-08,0.9997163743712221,0.00028184207518714457
S03265470_20180730,Moderate,Moderate,4.6714865520237363e-07,1.0866273096840154e-05,1.38340154260405e-07,0.9999835077076511,5.020530442572948e-06
S03265575_20150604,Moderate,Moderate,2.185443838673905e-05,7.038615011765427e-05,5.7238557996444995e-08,0.9845696609826474,0.015338041190290157
S03265575_20220721,Poor,Poor,4.752780249285721e-07,2.391210715404458e-08,7.438906740816821e-08,0.004414570395311045,0.9955848560254895
S03265600_20110803,Moderate,Moderate,4.4790484110638434e-05,0.3978796873614519,5.446060488547479e-05,0.6020151722577379,5.889291814103852e-06
S03265600_20120801,Moderate,Moderate,1.6020107242340697e-06,0.0006195551245368638,9.853981646626461e-08,0.999377975035598,7.692893244755227e-07
S03265600_20130812,Good,Moderate,5.47467816068994e-05,0.4273036233423604,2.7262822368087117e-07,0.5726399000312276,1.4572165815299406e-06
S03265600_20140818,Good,Good,1.7504898130984842e-07,0.9999863210764465,1.4006714608745683e-06,1.2101453106391803e-05,1.750004922370244e-09
S03265600_20150604,Moderate,Moderate,0.00020902614008945784,0.0175222716335676,6.161101577395338e-07,0.9821222035149186,0.0001458826012665562
S03265600_20180802,Moderate,Moderate,3.3736011224191443e-06,7.39163910051293e-05,1.650650028481079e-07,0.9999199469324466,2.598010423062948e-06
S03265600_20200722,Moderate,Moderate,7.115904391270444e-07,8.287395340886652e-07,8.246919450126332e-08,0.9991742110371268,0.0008241661637056113
S03265600_20210722,Poor,Poor,8.715069777046569e-05,2.0263218007695692e-07,2.2671668702367593e-07,0.00033232900183610784,0.9995800909515262
S03265710_20120823,High,Good,6.1589680133187365e-06,0.5346644176383194,0.4650334932811774,0.0002951595258895358,7.705866003109464e-07
S03265710_20130515,High,High,1.9541358956197953e-09,0.002286448171208123,0.9977135448517387,5.000142430705158e-09,2.277492553088637e-11
S03265710_20140630,Good,Good,7.844809762683384e-09,0.9999583125252334,4.167557288385702e-05,4.003805779350538e-09,5.3267317964389775e-11
S03265710_20151105,High,Good,5.036499811066349e-06,0.9978671114997829,0.002106135580434149,2.0494752735635444e-05,1.2216672361618865e-06
S03265710_20170907,Good,Good,7.920554449092332e-08,0.9999625025977901,1.377535579543946e-07,3.726674239433789e-05,1.3700713129213218e-08
S03265710_20180802,Moderate,Moderate,3.3635128392917694e-07,0.0001774652644305266,5.614629480343348e-09,0.9998210735565604,1.1192130958014045e-06
S03265710_20190912,Good,Good,7.829842428807544e-06,0.9393383733175832,7.696502347909125e-05,0.060557324705195606,1.9507111313281104e-05
S03265710_20200723,Moderate,Moderate,1.243118400088962e-06,0.07865645494212155,2.2953999613857566e-07,0.9213418892633618,1.8313612044071478e-07
S03265710_20210719,Good,Moderate,7.47849602799283e-05,0.1914497061508602,0.0020106053496382853,0.8058201230865645,0.0006447804526571284
S03265820_20180802,Moderate,Moderate,2.8121577212085397e-06,0.008244182917744477,6.0967626438013124e-05,0.9909724399949988,0.0007195973030975326
S03265993_20100927,Good,Good,3.1565213558860547e-06,0.9979620902381486,0.0003236154190293126,0.0017104619134889634,6.759079771245603e-07
S03265993_20110803,Moderate,Moderate,0.006947958340266731,0.1843652910177221,0.0019493479529410073,0.7083328090287331,0.09840459366033714
S03265993_20120828,Good,Good,2.652882106809059e-06,0.9997429936126679,5.508632955215708e-05,0.0001992609866175327,6.189055607669936e-09
S03265993_20130813,Bad,Poor,7.183151108798255e-06,2.733772512973454e-10,1.2579400109301205e-09,2.6217858179116552e-05,0.9999665974593948
S03265993_20140818,Good,Good,1.67721441895704e-07,0.9997451737313257,1.1358312334020736e-05,0.0002432963526488878,3.882249634484041e-09
S03265993_20150601,Good,Moderate,0.000399407094331719,0.09525436045753971,0.0015503270641683653,0.9025665373800441,0.00022936800391601942
S03265993_20180802,Moderate,Moderate,7.11017094121468e-07,0.014047734007313052,2.0240809056461348e-07,0.9859502459859746,1.1065815275587105e-06
S03265993_20190912,Good,Good,5.145947825219951e-06,0.9725046276292924,0.00016032317163283485,0.027312324917505813,1.7578333743854032e-05
S03265993_20200723,Moderate,Moderate,5.100095247171315e-07,6.471099190169833e-06,5.483264661195714e-08,0.9999929489813925,1.5077246049869884e-08
S03265993_20210722,Good,Moderate,5.9035617968538e-06,0.3527299942659832,4.3465032482622316e-05,0.6472133176651459,7.319474591324986e-06
S03265996_20120829,Moderate,Moderate,4.917080186550225e-07,3.0348623654757137e-06,6.67809249570312e-09,0.999996232344722,2.3440680143647468e-07
S03265996_20171018,Moderate,Good,1.2474340210649587e-05,0.5194000394755407,7.706093717059201e-05,0.48046080673266633,4.96185144117286e-05
S03266200_20210923,Moderate,Moderate,1.3082629884663522e-07,0.0008429183924117809,2.7419349335881013e-08,0.9991568058073865,1.1755455364253903e-07
S03266350_20140818,Good,Good,9.109991094193233e-07,0.9998630087280299,2.3641290357165255e-05,0.00011243425942061654,4.723082945457501e-09
S03266350_20190912,Good,Moderate,1.4447145124247358e-06,0.4762988509147481,4.046329356933254e-05,0.52365909998934,1.410878302223624e-07
S03266826_20140818,Good,Good,3.7772728828400283e-07,0.9999387256870292,5.9790050609931375e-05,1.071615295284359e-06,3.4919777083864126e-08
S03266826_20190911,Moderate,Good,4.4192767672714466e-05,0.7310839670147137,0.00030600177822175985,0.26853423669673104,3.1601742660759195e-05
S03266920_20130813,Moderate,Moderate,1.649970913164216e-06,0.00012728936719148335,2.631723957069882e-10,0.9998563588810464,1.4701517676467687e-05
S03266975_20100804,Moderate,Moderate,6.346261254137378e-07,0.0008835780199805907,4.182295929976931e-08,0.9982581222649727,0.0008576232659620402
S03266975_20120717,Moderate,Moderate,3.966390320542492e-07,3.405171010564428e-05,5.8162779228566046e-08,0.9999303925371836,3.510095089932973e-05
S03266975_20130807,Moderate,Moderate,4.1131132521152635e-07,0.008677307654402408,1.0256509624800122e-08,0.9913162580003149,6.01277744797834e-06
S03266975_20140717,Moderate,Good,3.023243812445264e-05,0.7325878157916118,4.495053591019477e-06,0.2673455967935808,3.185992309195481e-05
S03266975_20150701,Poor,Moderate,3.3897233444892203e-07,1.623231217890591e-08,7.26579764032772e-11,0.9940081734915769,0.005991471231118523
S03266975_20170928,Poor,Moderate,9.676000045178615e-08,7.257818957067444e-07,1.1225181394140225e-09,0.780373661486782,0.21962551484880374
S03266975_20190802,Good,Moderate,3.642975655779905e-07,0.0007400111093417934,4.5089775818407107e-07,0.9988428256154877,0.00041634807984685415
S03266975_20200930,Poor,Poor,7.004933520403607e-08,4.98656435602306e-06,4.8892715188766274e-08,0.03502264545025964,0.9649722490433339
S03266990_20210721,Moderate,Moderate,0.00015027143695228525,0.00012515281681543897,0.0005758478929570282,0.995835577759577,0.0033131500936981733
S03267530_20110803,High,High,5.391080030806438e-08,0.009959746394659828,0.9900392344444324,9.497492118767779e-07,1.5500895599807638e-08
S03267530_20120801,Good,Good,2.3458768746599503e-07,0.999655044409558,3.672909767355326e-05,0.00030799013415051867,1.7709303968034061e-09
S03267530_20130730,Good,Good,1.1090055635084881e-06,0.9999027340524023,5.628457164081859e-07,9.545884847650972e-05,1.3524784144763637e-07
S03267530_20140818,Good,Good,2.9285037378244395e-05,0.9881273938036701,3.0715692121026757e-06,0.011840079178341645,1.704113979559947e-07
S03267530_20150602,Good,Good,2.298363587813132e-06,0.999989372085777,3.3921472207582743e-06,4.9276986473908304e-06,9.704767098008708e-09
S03267530_20170906,Good,Good,3.468833446182234e-07,0.9996451450445231,0.00034825821046355235,6.210550386497398e-06,3.931128213621665e-08
S03267530_20190913,Good,Good,2.9123028235197037e-06,0.9236387581585697,0.07572348112647043,0.0006185564803895965,1.6291931746869608e-05
S03267530_20200723,High,Good,1.321216456465488e-06,0.8266089348604035,0.17332262699055467,6.689093749547644e-05,2.259950898821505e-07
S03267850_20100804,Moderate,Moderate,1.0877012188384046e-06,0.026081611794598107,2.4448725447062713e-08,0.9739171985259573,7.752950035650302e-08
S03267850_20110803,Moderate,Moderate,1.2171932094027426e-07,1.251855392759975e-06,5.8357416229776584e-09,0.999996646047925,1.9745416196106665e-06
S03267850_20120829,Moderate,Moderate,7.672128261889401e-07,6.366631126758391e-06,4.9059107932734755e-09,0.9996045332259859,0.0003883280241504545
S03267850_20130813,Moderate,Moderate,4.829428523693565e-08,6.748768572571508e-09,3.668702534913732e-10,0.9999712714065994,2.867318347656473e-05
S03267850_20140818,Poor,Poor,6.810774306996058e-08,9.453270458578287e-10,8.232457101035886e-09,0.013531463837637805,0.986468458876835
S03267850_20150602,Moderate,Moderate,4.5270930973363156e-07,0.006571384135854576,2.430037098697252e-09,0.9933420116717532,8.61490530454565e-05
S03267850_20180803,Moderate,Moderate,2.5874488101646638e-08,4.58208196225052e-09,1.1196447605873406e-09,0.999991142003428,8.826420357255973e-06
S03267850_20200723,High,Good,1.1695383523399348e-06,0.6827403658856338,0.31694618444079004,0.00021691019848694697,9.536993673684115e-05
S03268250_20130731,Moderate,Moderate,6.596439275031434e-08,2.1458814776063248e-07,9.775756881162094e-10,0.9999996945351848,2.3934698946827492e-08
S03268250_20190913,Moderate,Moderate,7.875220504565787e-07,0.10029341697019571,1.4415258768834856e-06,0.899703514344769,8.396371079186231e-07
S03268850_20210722,Good,High,0.0003006855948673031,0.13901468777678655,0.5302848403162499,0.33027578381787315,0.0001240024942229856
S03268890_20210722,Moderate,Moderate,1.7363895017149064e-05,0.0030926482540392,6.473101721704626e-06,0.9968796913653019,3.823383920127697e-06
S03269000_20110803,Moderate,Moderate,1.8255112108526736e-07,1.5650010273961556e-05,2.2365648830230426e-09,0.9999836564740072,5.08728032740266e-07
S03269000_20120717,Moderate,Moderate,5.375900045995384e-07,5.023150811888981e-07,3.460971573706979e-09,0.9999987955567896,1.610771530681998e-07
S03269000_20141007,Good,Good,1.2272305137532673e-05,0.9986518444994296,0.00018895895391235427,0.001146699617943329,2.2462357723989605e-07
S03269000_20150602,Moderate,Moderate,1.7714010660709982e-05,0.47653315206203567,1.2484509174390787e-07,0.5234478925695513,1.1165126606369736e-06
S03269000_20180803,Moderate,Moderate,2.3668067982145456e-06,0.053010563440922184,4.3176969749150285e-07,0.9469864157133965,2.2226918567129142e-07
S03269000_20200723,Moderate,Moderate,8.322670362240737e-08,5.897756820157449e-08,2.1688713920682524e-10,0.9999881284611786,1.1729117662535967e-05
S03269120_20180803,Good,Good,4.407741492566656e-06,0.514111684972051,6.863274768120359e-05,0.48581483688235805,4.3765641721972896e-07
S03269120_20190913,Good,Good,3.419621521797242e-07,0.999950115256732,1.1147956011713516e-05,3.8347886769056654e-05,4.693833495453508e-08
S03269250_20170908,Good,Good,1.5127659086761389e-05,0.9733842660325441,6.080392450229038e-05,0.0265393138297717,4.885540951425111e-07
S03269250_20200723,Moderate,Moderate,3.343448683168872e-08,0.00010267840589123908,4.7118452274494695e-08,0.9998971445371179,9.650405177071376e-08
S03269295_20120712,Moderate,Good,7.74628253495821e-06,0.35497165684367066,0.04833446194413462,0.2900634942553282,0.3066226406743316
S03269295_20130808,Moderate,Moderate,5.057888192068987e-07,0.028507039587230828,3.346913830547917e-08,0.9714659031051759,2.6518049635871814e-05
S03269295_20140925,Moderate,Moderate,7.52195329154505e-06,0.0069062208940536135,1.747874531474181e-05,0.9872368478273811,0.00583193057995912
S03269295_20220623,Moderate,Moderate,1.3299707644660845e-05,1.1334744363197682e-05,2.269481744767482e-06,0.8747766372321618,0.12519645883408556
S03269438_20100929,Good,Good,3.777575092853756e-05,0.9930860574469764,0.001533579102897029,0.005078377721054952,0.00026420997814310834
S03269438_20110805,Poor,Moderate,3.457489829558467e-06,2.745814290820692e-06,5.25669333806106e-07,0.9932721807952257,0.006721090231320055
S03269438_20120628,Good,Good,2.5635912607016736e-06,0.9890405355686432,0.0022757833218799996,0.00867755147142941,3.56604678658336e-06
S03269438_20130515,Good,High,3.2036781128303866e-07,0.2764717976153424,0.7235222092921547,4.44348397055248e-06,1.2292407210803549e-06
S03269438_20140924,Moderate,Moderate,2.0270925245783147e-06,0.0009114555784009156,8.969666145218385e-07,0.9990520636440599,3.355671840011929e-05
S03269438_20150706,Poor,Poor,2.266802689160644e-06,5.822204045202039e-06,1.0365708173480733e-07,0.21669227033365165,0.7832995370025323
S03269438_20160609,Moderate,Moderate,1.710586142852529e-05,0.13091473069982007,0.00016682146798959024,0.8645562090937151,0.004345132877046796
S03269438_20180705,Poor,Moderate,0.00018018841717696424,0.01977079458935878,3.356460259080104e-06,0.964314140659488,0.015731519873717268
S03269438_20190917,Moderate,Moderate,1.234886344364382e-06,4.944164730187142e-05,9.423944441828253e-08,0.9995898053515563,0.00035942387535304134
S03269438_20200710,Moderate,Good,4.104734500562857e-05,0.6849916586904135,5.776413667796396e-05,0.3139751814770141,0.0009343483508887429
S03269438_20210720,Moderate,Moderate,2.634326798085206e-06,0.05051931582485169,2.9329772160168372e-05,0.9493455001574835,0.00010321991870647563
S03269438_20220620,Good,Moderate,5.51770678335528e-07,0.002106029915125506,1.6322405569643199e-06,0.9978471458496849,4.4640223954219996e-05
S03269640_20190905,Good,Good,3.7806298431707278e-06,0.9934050092290705,0.0009849631609406713,0.005602825161765689,3.421818380029606e-06
S03270390_20100803,Good,Good,4.478875366999053e-06,0.9927726293563206,0.0003492835037366394,0.006870470439244755,3.137825331026428e-06
S03270390_20120716,Moderate,Moderate,5.766437653879156e-07,0.3031825163812462,8.080384308195826e-06,0.6968008779483021,7.948642378083761e-06
S03270390_20130820,Good,Good,5.281780730457962e-06,0.9962524557367245,0.001437096774031805,0.0023050150442385023,1.5066427480097145e-07
S03270390_20140813,Good,Good,1.915474745992643e-06,0.9995240479877189,3.303466719915455e-05,0.00044070471114367643,2.971591923002231e-07
S03270390_20150707,Moderate,Good,0.0006097257878079847,0.6249284942255766,0.04188770027841097,0.3317109061185629,0.0008631735896415935
S03270390_20170907,Moderate,Moderate,2.2449396916474842e-06,4.880469754886358e-05,2.79321958935448e-07,0.9928115649118769,0.007137106128923707
S03270390_20190917,Moderate,Moderate,3.786733258448964e-06,0.00020264280392323956,2.0315155584597026e-07,0.9956878774090314,0.004105489902231075
S03270390_20200721,Moderate,Moderate,5.271948822797984e-06,2.0328508870038236e-05,3.2634159954367956e-07,0.9854580133846315,0.014516059816076139
S03270390_20210720,Good,Good,2.3824861896833077e-06,0.9781387838761845,7.1721172237177095e-06,0.021851346960893123,3.1455950913480693e-07
S03270390_20220621,Moderate,Good,1.015593991979382e-05,0.5430460478110558,3.4483944884574535e-06,0.4569306488910247,9.698963511187941e-06
S03270450_20150707,Moderate,Moderate,1.6410622892931063e-05,0.004992311407172254,4.269626039144613e-06,0.994637164557419,0.0003498437864765661
S03270530_20180705,Good,Good,1.496399118253845e-05,0.9282890397302379,0.05953008473758102,0.012137196580707055,2.8714960291579277e-05
S03270530_20190917,Moderate,Good,7.486246965506239e-06,0.5179902451125082,2.0009641411893187e-05,0.481960265637232,2.1993361882334037e-05
S03270740_20210721,Poor,Poor,1.3940474543241437e-08,2.2389928033159884e-09,4.3029965686699465e-09,0.0005403232140468173,0.9994596563034893
S03270840_20140819,Good,Good,0.00018151160006330667,0.7692012912023003,0.0037628868225113685,0.22682379773824288,3.0512636882142732e-05
S03270840_20190918,Moderate,Moderate,1.3981892859071171e-05,0.043998089221519716,5.115893591153162e-06,0.9549978621823704,0.0009849508096596252
S03270900_20190918,Good,Good,3.042946670028592e-06,0.9992635149227391,0.00040637656531234675,0.00032368987840945487,3.375686869080787e-06
S03270900_20210721,Poor,Moderate,6.593355690784105e-06,0.00022970952491336308,2.6629241220818556e-06,0.7292049413692543,0.27055609282601945
S03270900_20220622,Moderate,Moderate,9.913754149371442e-07,0.08026172396583861,4.132779619652357e-08,0.9197371238893193,1.194416308134765e-07
S03271000_20101013,Moderate,Moderate,3.318791966609888e-07,0.00045136821581924285,4.554974004071181e-07,0.9982238713190802,0.0013239730885034203
S03271000_20110914,Moderate,Moderate,6.423210560555445e-08,2.1014530141858888e-05,1.799592569275431e-08,0.998821289558839,0.0011576136829878597
S03271000_20120823,Poor,Poor,0.00010594000271872541,5.120431641071418e-05,3.4091590715101924e-05,0.31888057364158123,0.6809281904485742
S03271000_20140819,Moderate,Moderate,0.00030263882125948754,0.0015708483950567335,9.29592042041522e-06,0.9980268906861598,9.032617710362232e-05
S03271000_20150707,Moderate,Moderate,5.299825210546964e-07,9.898175948759982e-06,2.5651279018264024e-08,0.9996617619361483,0.0003277842541028694
S03271000_20160608,Moderate,Moderate,4.4413586006867795e-06,0.0447836298708995,0.00036986775622507205,0.954834347521192,7.713493082615722e-06
S03271000_20170908,Good,Good,2.7236070306310043e-06,0.9877968906435887,8.030322015725741e-06,0.012184852752294438,7.502675070560203e-06
S03271000_20181018,Good,Good,2.406486531438766e-05,0.824669050363825,0.13404961610964078,0.0410865068964793,0.00017076176474061888
S03271000_20200720,Moderate,Moderate,5.0084027400699965e-05,3.256486623882004e-05,0.0020948987478938267,0.9208447440702443,0.07697770828822235
S03271000_20210721,Moderate,Moderate,1.7276893899078936e-07,2.8230365137813315e-08,3.431314582472628e-08,0.9989660004376643,0.00103376424988578
S03271000_20220621,Poor,Moderate,1.616100314174507e-06,6.355380547552747e-08,2.5333037051075446e-08,0.838999573866989,0.16099872114585434
S03271085_20120906,Good,Good,3.272930042648952e-07,0.9962537649643463,7.278399385476491e-07,0.0037451588081557274,2.1094555187226755e-08
S03271085_20210722,Good,Good,7.972966198964887e-05,0.756035666558567,0.00019418706340119802,0.24368618398322314,4.232732818950648e-06
S03271085_20220622,Good,Moderate,2.9897630672288096e-06,0.07438706296682683,3.0900674024245365e-05,0.9255530542060212,2.599239006048919e-05
S03271215_20170707,Good,Good,0.00010237838862265635,0.946742425258302,0.00030722710540533326,0.052840845124951734,7.124122718218958e-06
S03271260_20190906,Moderate,Moderate,3.776195088929191e-05,0.003937639474381079,8.845190006526755e-06,0.9959848307667521,3.092261797102831e-05
S03271280_20190905,Moderate,Moderate,2.571870074936172e-06,0.20714561788268465,1.3591081560560293e-06,0.7928423841344905,8.067004593920699e-06
S03271565_20120906,Good,Moderate,8.218338732715893e-06,0.04084771910180996,3.0072781150470276e-06,0.9591398560838287,1.1991975136441987e-06
S03271565_20200708,Moderate,Moderate,0.00029819943573082357,0.007968125187277,3.1413298224409454e-05,0.9726037430301591,0.019098519048608775
S03271590_20170802,Good,Moderate,2.0441034498811295e-05,0.37167168040149007,7.020127900599451e-06,0.6283003407650757,5.176710348021064e-07
S03271590_20200707,Moderate,Moderate,6.285515831388532e-05,0.000371893776366316,1.1951033814527246e-06,0.9995522906472809,1.176531465738324e-05
S03271615_20150707,Good,Good,5.503938408593335e-06,0.9983355274184538,3.4676119008444495e-05,0.0016121805260292952,1.2111998099985563e-05
S03271615_20220831,Good,Moderate,3.402662187937438e-06,0.1767253554182424,5.6271154371359985e-05,0.8232110707009127,3.90006428543065e-06
S03271654_20160610,High,High,1.1006903591397697e-06,0.2720895656092561,0.7278993946705745,9.785549842177543e-06,1.5347996802167056e-07
S03271657_20181019,High,Good,1.6356160835870837e-05,0.5639302328287443,0.43415940653524493,0.001860669762287304,3.333471288771357e-05
S03271661_20191030,Good,Moderate,1.8751934065793127e-05,0.29171411457042173,0.00286487468141804,0.7053963381911824,5.920622911950001e-06
S03271730_20170802,High,High,9.451755129782294e-08,0.004998801464705057,0.9950010086767294,2.0548664213456425e-08,7.479235014058177e-08
S03271785_20220831,Good,Moderate,1.0386561732573452e-06,0.025671281671542815,4.405471887343344e-07,0.9743272276514552,1.1473640075378213e-08
S03271820_20100803,Good,Moderate,4.711309422543605e-06,0.19846997214100143,1.1597552634662672e-05,0.8014747502242644,3.896877267700618e-05
S03271820_20170802,Good,Good,1.923394699639573e-06,0.9953978969320945,6.755563908265731e-07,0.00459908208139046,4.2203542465490476e-07
S03271820_20200706,Moderate,Moderate,1.9307584079949175e-06,1.4372556193303215e-06,2.697709280132045e-08,0.9999668943358815,2.9710672998441147e-05
S03271840_20120716,Moderate,Moderate,6.630006843978629e-07,0.00042967266562081154,3.7977949031680605e-08,0.9995693078208415,3.185349042634255e-07
S03271840_20150708,Poor,Poor,3.077388216123781e-08,5.540773565438246e-09,2.2943022194724603e-10,0.00023705501743212498,0.9997629084384819
S03271840_20170802,Moderate,Moderate,1.7394433331934117e-06,3.649038371136925e-07,1.7896861132107484e-08,0.992034877479759,0.00796300027620955
S03271840_20200706,Moderate,Moderate,1.8222993547763996e-08,9.14160021617868e-09,2.1190522429080975e-10,0.9999944311102185,5.541313282638797e-06
S03271920_20180704,Moderate,Moderate,0.000827871788019218,0.00647110279100905,0.0419526522576752,0.938907960947354,0.01184041221594265
S03271965_20110804,Moderate,Moderate,1.0864465633950195e-07,1.4746395177565104e-05,2.7453275008282738e-08,0.999971851040511,1.3266466380077347e-05
S03271965_20120716,Moderate,Moderate,9.156716058599583e-07,0.003151369719366037,1.140290297434499e-07,0.9968469101934628,6.903865355581992e-07
S03271965_20130724,Moderate,Moderate,4.082495668871713e-08,6.671187064633441e-07,3.0829475591980433e-09,0.9999753352227718,2.3953750617466484e-05
S03271965_20140819,Moderate,Moderate,1.7706083406766254e-06,0.0012402736511185947,1.1356576213271444e-08,0.9987563866414936,1.5577424709472336e-06
S03271965_20150708,Moderate,Moderate,9.022279128962813e-07,9.786076323880868e-07,2.454732453773776e-07,0.9999578617608007,4.001193040862314e-05
S03271965_20170802,Moderate,Moderate,6.555025620914e-07,0.00033281788196222256,1.7191411444119362e-08,0.9996640760340862,2.4333899779422503e-06
S03271965_20190918,Moderate,Moderate,1.2749956557718435e-07,0.0007343508488906577,5.22022329310211e-07,0.9992494740666095,1.5525562604977584e-05
S03271965_20200707,Moderate,Moderate,1.094856320069894e-05,0.005068588311070122,9.0950534970915e-07,0.9949179775810133,1.5760393660734072e-06
S03271965_20210719,Moderate,Poor,7.390505607833992e-05,1.7948279803615306e-07,1.642802591295523e-08,0.0925465343879476,0.9073793646451501
S03272235_20150706,Poor,Moderate,9.498306029618147e-07,1.0900671262720858e-07,4.1045404679669214e-08,0.9979758226873274,0.0020230774299523414
S03272235_20170801,Poor,Moderate,1.0474142033406614e-05,0.00010473377242476288,1.1364576449223462e-06,0.8490072171269722,0.15087643850092472
S03272400_20120716,Good,Moderate,9.731940746420256e-08,0.001512930790059057,1.9287116404692572e-08,0.9984869309871063,2.1616310790881134e-08
S03272400_20130723,Moderate,Moderate,1.0633656310402702e-05,0.0013622246657052433,4.417450531520769e-06,0.7410525243013981,0.2575701999260547
S03272400_20170801,Good,Moderate,2.6447407825827716e-06,0.245340616755045,1.833177615619355e-06,0.7546535281041467,1.3772224102273535e-06
S03272400_20180704,Good,Moderate,1.289103422406358e-05,0.03869261246899558,9.614403206372394e-06,0.9606044998367361,0.0006803822568378617
S03272400_20200709,Moderate,Good,2.144967597417716e-06,0.5277864530856098,1.0153929324325569e-06,0.4722073754520611,3.0111017992570242e-06
S03272550_20190918,Moderate,Moderate,1.095176367014335e-06,0.05164891857380475,3.2051110674773992e-06,0.9483455181126903,1.2630260702907141e-06
S03272685_20101013,Good,High,3.446472026147626e-06,0.31937529937253106,0.6806052974002421,4.491828432717234e-06,1.14649267678829e-05
S03272685_20110914,Good,High,1.4500686505199594e-05,0.4375623014496625,0.5614838965465866,0.0009361234098998227,3.1779073458184515e-06
S03272685_20130723,Good,High,1.204308316838433e-05,0.4496291211122022,0.5500320338227855,0.00032470997431213825,2.0920075318798863e-06
S03272685_20140925,Moderate,Good,2.4333813328774337e-05,0.8656136058695323,0.0010861675997754913,0.13158454689122745,0.0016913458261360564
S03272685_20151020,Good,Moderate,6.93817168616847e-05,0.2129754539555592,0.008839933484306811,0.7780796127611814,3.5618082090966244e-05
S03272685_20160607,High,Good,3.041354828523803e-05,0.7545203256284604,0.2452165772727718,0.00023182180854511102,8.617419374622453e-07
S03272685_20180706,Moderate,Moderate,1.2323512702732402e-06,9.202999433885745e-06,7.362226115153376e-08,0.9993138910051039,0.0006756000219308194
S03272685_20190919,Good,Good,1.3867252243792977e-07,0.9999604848645822,1.262604950766704e-05,2.67203799768246e-05,3.003341079106588e-08
S03272685_20201016,Moderate,Moderate,5.980196693497204e-05,0.006366734287698423,7.596105582300852e-06,0.9889910033121072,0.004574864327677031
S03272685_20210723,Poor,Moderate,0.1082461409035867,0.00041423787299965593,2.358867091470501e-06,0.7752354625261583,0.11610179983016385
S03272685_20220830,Moderate,Moderate,7.882050794722872e-07,0.0002896342134502873,1.6632434521901695e-07,0.9997088751821325,5.360749924264383e-07
S03273158_20180705,Poor,Poor,0.21556085523916546,0.00033726399401850295,1.1442057594102813e-05,0.30002248724154484,0.4840679514676771
S03273266_20170801,Good,Good,2.3765640450035636e-06,0.9852317999781467,8.578886390622356e-05,0.01467979488017751,2.397137245892591e-07
S03273345_20100804,Moderate,Moderate,2.821510317984344e-07,0.0006167966371344778,1.0924055324641285e-08,0.9993822703020707,6.399857076778186e-07
S03273345_20110804,Moderate,Moderate,3.685224722457887e-08,7.43570221717063e-05,1.9705210409491674e-09,0.999912236507387,1.3367647673023409e-05
S03273345_20130723,Moderate,Moderate,1.4843071105864033e-07,5.845118744089319e-05,2.7337521930439483e-08,0.9999409865789534,3.8646537269259686e-07
S03273345_20141007,Good,Good,2.069792787615574e-06,0.999843753488197,5.6849299046116474e-05,9.506431769615908e-05,2.2631022731908815e-06
S03273345_20150921,Good,Good,9.786032646654608e-06,0.9979312799274828,0.0019385591399435364,0.0001198987820445195,4.7611788246568135e-07
S03273345_20170801,Moderate,Moderate,2.2122005645057535e-07,0.00047523098069615307,2.042466218605363e-07,0.9995238384242252,5.051284004276125e-07
S03273345_20190918,Moderate,Moderate,2.5067404643312393e-06,0.2594067918413718,1.366657516002593e-06,0.7405814919749079,7.842785740143731e-06
S03273550_20170801,Good,Good,7.996296742617554e-07,0.8805502917637242,4.7236609079583416e-08,0.11944883364907077,2.7720921737162936e-08
S03273550_20210721,Moderate,Poor,0.001993248435355356,0.010556018685132772,0.0016813023441171417,0.017481412824101993,0.9682880177112928
S03273800_20190919,Moderate,Moderate,3.71485753141442e-07,0.0011898296158410258,1.4399611467549877e-07,0.9987553735267113,5.428137557988506e-05
S03274000_20110804,Moderate,Moderate,4.865149517971513e-07,0.009657820365449567,3.308404974281685e-08,0.9903414678879583,1.9214759060377022e-07
S03274000_20141007,Good,Good,6.66857405266382e-07,0.995345213603759,9.652852209882237e-06,0.004644459250669575,7.43595619525865e-09
S03274000_20170801,Good,Good,6.637208395688512e-06,0.9969984710890379,8.45213239710074e-05,0.0029099633761181165,4.07002477256639e-07
S03274000_20200709,Moderate,Moderate,7.04603859555799e-07,2.5784552051220655e-06,3.1993894303120456e-08,0.9999670291800942,2.9655766946803466e-05
S03274420_20100804,Moderate,Moderate,1.5527530479474778e-07,1.8994716891255124e-07,8.167051849240941e-09,0.9997255889974961,0.0002740576129784029
S03274420_20110804,Moderate,Moderate,6.068642296229434e-07,3.955616494413461e-08,6.835846343904713e-08,0.999997993388912,1.2918322299598944e-06
S03274420_20120716,Moderate,Moderate,3.5452309749414774e-06,4.548061773382141e-06,2.22745089534312e-07,0.9939548377151912,0.006036846246970927
S03274420_20130723,Moderate,Moderate,9.841098505380943e-08,1.6741754745041561e-07,3.2171935867193535e-09,0.9999868617197359,1.2869234538009224e-05
S03274420_20140819,Good,Good,5.249776940461929e-06,0.9981416618209004,0.0001638561603806531,0.001688474817866989,7.574239116434058e-07
S03274420_20160607,Moderate,Moderate,3.707434151842006e-07,0.00214348245575235,7.963342406991786e-08,0.9978554499498071,6.172176011995762e-07
S03274420_20170801,Poor,Poor,6.5083662322864595e-06,7.084453038480345e-08,3.1746142081743355e-08,0.0635074743214728,0.9364859147216225
S03274420_20190919,Moderate,Moderate,1.3018226030703138e-07,1.2504079373027396e-05,3.163079442636171e-08,0.9999863563550151,9.777525571042521e-07
S03274420_20200710,Poor,Poor,4.271816712925191e-06,5.752452898175825e-08,2.5541355113376218e-08,0.017632195874899628,0.9823634492425033
S03274440_20130723,Moderate,High,0.0007690724645121886,0.4466411128114281,0.46107297667676794,0.0795890943299401,0.011927743717351627
S03274440_20170801,Good,Good,1.3532025617695878e-05,0.8847899619377364,1.2656057890813322e-05,0.11516966089038176,1.4189088373342021e-05
S03274440_20200709,Good,Moderate,4.1698915131268934e-05,0.34361000989588697,4.465295185037488e-05,0.656194951645424,0.00010868659170740997
S04082720_20120607,Good,Good,4.152090681097675e-06,0.8027635284513275,7.43563619805171e-05,0.19715703513349014,9.279625208595072e-07
S04082720_20130722,Good,Good,5.567019929328142e-07,0.9986107678638799,0.00017490232774636133,0.001213743487388599,2.9618992285665133e-08
S04082720_20160718,Moderate,Moderate,1.8023181114181317e-07,0.002059617603528058,2.977186874933961e-08,0.9979399709964754,2.0139631676073913e-07
S04082720_20190701,Good,Good,2.0973360927462943e-06,0.9545317277914196,3.6591690264558845e-05,0.04542701770751247,2.5654747104676263e-06
S04082720_20220620,Good,Moderate,1.263251618191766e-06,0.0002880953197778763,2.583584001757293e-06,0.9996300020857041,7.805575889811198e-05
S04098500_20120712,Moderate,Moderate,6.963600521801448e-07,0.002370633175608738,3.038356498637286e-06,0.9976135942488382,1.2037859002369266e-05
S04098500_20140702,Moderate,Moderate,1.2743667339418537e-07,0.0010017794580930604,3.01564560270497e-08,0.9989979268245326,1.3612424488116667e-07
S04098500_20160707,Moderate,Moderate,6.169677790939414e-08,1.9336817057706865e-05,1.0180585265776972e-06,0.9999750219526722,4.5614749656606425e-06
S04098500_20190711,Moderate,Moderate,5.859160602710829e-06,0.06300505191218812,0.00011094180930591331,0.9353977991629951,0.0014803479549081932
S04098500_20220704,Moderate,Moderate,5.021190410285943e-07,0.0073035062727839955,4.056036962264673e-07,0.9926761987704276,1.938723405122942e-05
S04098530_20120618,Moderate,Moderate,4.50224644205628e-08,7.958221149947434e-07,7.490442369365286e-10,0.99984943065347,0.0001497277529064058
S04098530_20140904,Moderate,Moderate,7.773776199199973e-09,4.282034137166229e-07,2.2794597023012404e-11,0.9999994990568855,6.494313007435498e-08
S04098530_20150929,Moderate,Moderate,1.0375974424211387e-06,3.1955128851051866e-05,1.2094476220245952e-08,0.9992489142616557,0.0007180809175744435
S04098890_20120802,Good,Good,3.736800824827933e-05,0.5547581999086593,2.085309887676979e-07,0.44520321011065883,1.0134414448474883e-06
S04098890_20130702,Moderate,Moderate,6.599437415400555e-08,1.8620594026116605e-06,1.8404487170386698e-10,0.9999980329269866,3.8835191734348734e-08
S04098890_20140616,Moderate,Moderate,3.871875390530148e-07,1.3230052705448573e-06,5.2413714088664726e-09,0.9999979884950364,2.960707826412006e-07
S04098890_20200603,Moderate,Moderate,8.826587942954608e-08,1.0327223673228942e-05,3.19416173103435e-08,0.999989483940202,6.862862800967038e-08
S04098890_20210505,Good,Good,3.5169141419787435e-05,0.9892667717247074,0.005507880336411202,0.005113385239195521,7.679355826604278e-05
S04098950_20120802,Poor,Moderate,3.8628975924126286e-07,1.9858041290370298e-07,4.7489442726427305e-09,0.9072128764612654,0.09278653391961822
S04098950_20130702,Moderate,Moderate,2.8679441390798624e-07,4.978807865098243e-05,1.5294908748308226e-08,0.9999385858456815,1.1323986344886939e-05
S04098950_20200630,Moderate,Moderate,4.167691417532104e-06,4.91514690400221e-08,6.942888095049976e-09,0.9932170572377585,0.00677871897646666
S04098950_20210506,Moderate,Moderate,4.4436413077439045e-08,3.231313154675253e-05,2.1947716269368442e-10,0.9999670205774762,6.216350868216743e-07
S04099100_20120608,Moderate,Moderate,2.597339441843483e-07,0.0005255233638418924,4.6425874410791766e-07,0.9994731570172807,5.956261891563528e-07
S04099100_20140702,Moderate,Moderate,8.369367226199431e-08,0.0005426519361491067,2.5143005313366116e-08,0.9994571899279349,4.929923846273709e-08
S04099100_20160705,Moderate,Moderate,8.837159233193503e-09,1.6754747361325115e-06,1.1897988195403133e-10,0.9999982928216962,2.2747428634720022e-08
S04099100_20190712,Moderate,Moderate,2.1599324781649572e-08,1.4650836413121045e-06,1.1018670472571668e-07,0.9999980196984478,3.8343188145881957e-07
S04099400_20120802,Moderate,Moderate,6.282919918407105e-07,6.965048620973462e-06,2.2989517084083638e-08,0.9998282108678835,0.00016417280198656353
S04099400_20130709,Moderate,Moderate,5.541295553647995e-07,0.00011655872377125024,5.404115540008497e-08,0.9998825486922079,2.8441331002222385e-07
S04099400_20140627,Moderate,Moderate,2.883399148419735e-06,0.37486144958464973,1.814035522061763e-07,0.6251240070550732,1.1478557576546955e-05
S04099400_20150602,Moderate,Moderate,5.771691581913837e-08,2.8699116888719047e-06,6.940407064979341e-10,0.9999968164432472,2.5523410732031166e-07
S04099400_20170531,Moderate,Moderate,8.381284933098358e-08,8.08263487470254e-06,2.8776021237101616e-07,0.9999878214752526,3.72431681110226e-06
S04099400_20180724,Moderate,Moderate,2.6041294138607896e-07,0.00011108721714867414,2.8909990774093414e-08,0.9998875126711432,1.1107887759421624e-06
S04099400_20200827,Moderate,Moderate,9.271731306706554e-06,0.011044522330093483,4.778544025416403e-06,0.9888798552064515,6.157218812277605e-05
S04099400_20210825,Moderate,Moderate,4.311067252135858e-06,0.0003789275312662039,8.99620166081854e-06,0.9867474202650667,0.012860344934754209
S04099400_20220721,Moderate,Moderate,1.5519707466735836e-06,0.005953073846852523,8.441610761724101e-07,0.9939914321700734,5.309785125133222e-05
S04099550_20180705,Moderate,Good,8.052351798299446e-06,0.9633478473697681,6.291426088565768e-06,0.03663248846107165,5.320391273339219e-06
S04099550_20190627,Good,Moderate,4.8718422432735876e-05,0.15770819637122377,0.00021731278759833626,0.8419486500442749,7.712237447014958e-05
S04099560_20140618,Good,Good,6.397835065446631e-05,0.9789793054342352,0.0003634071193422464,0.020146387236605605,0.0004469218591626083
S04099570_20160704,Moderate,Moderate,2.4258456542759463e-06,0.0010518333743595183,1.509943281817878e-05,0.9989166288673759,1.4012479792231423e-05
S04099570_20190603,Moderate,Moderate,6.410930783596282e-08,3.267348431685075e-05,1.6707062820340678e-08,0.9999668196710636,4.2602824890663125e-07
S04099600_20150710,Good,Good,2.398274745868052e-07,0.9980565945474749,2.135646844653957e-05,0.0019206803309889373,1.128825615172362e-06
S04099600_20170619,Moderate,Moderate,7.968153278039745e-06,0.008682765194652255,6.039195217133568e-05,0.9902481371796028,0.0010007375202955762
S04099600_20200603,High,High,1.9060996435550767e-05,0.10158127915386167,0.8574199318197258,0.005734874638136085,0.03524485339184099
S04099950_20120614,Moderate,Moderate,6.505565935233272e-08,0.00020013617808961777,2.4423704633726102e-08,0.9997996986327167,7.570982979094708e-08
S04099950_20150710,Moderate,Moderate,2.999473506981741e-08,1.2139682620187689e-05,3.5658216030365003e-09,0.999987743203381,8.355344220913346e-08
S04099950_20180726,Moderate,Moderate,8.202562109016585e-08,3.1503580154073405e-06,2.3371613300559783e-08,0.9999553440918995,4.140015285068865e-05
S04099950_20210504,Moderate,Moderate,5.6860991375400703e-08,1.0446725153422647e-05,1.7772350477382767e-08,0.999989262234229,2.164072755987985e-07
S04100390_20120802,Moderate,Moderate,8.361216352987837e-06,0.00048076191811509747,4.4138503389871504e-08,0.9995065753107049,4.25741632375819e-06
S04100390_20130711,Moderate,Good,0.0011848989357317135,0.7262742395441703,2.7486939720665207e-06,0.27124641904981295,0.0012916937763131414
S04100500_20130801,Good,Good,2.3608117821824322e-07,0.9985837126618321,3.5036375536146227e-06,0.0014125332951455346,1.4324290479090876e-08
S04100500_20150728,Poor,Moderate,5.392724145459206e-07,3.933134402110542e-06,5.596605806815695e-08,0.7680354152572658,0.23196005636985953
S04100500_20180724,Moderate,Moderate,6.032073416430204e-06,0.04116276651047003,1.9141140745271695e-05,0.9545313541890594,0.0042807060863088355
S04100500_20210719,Good,Good,4.4877625557319115e-08,0.9999519980287082,4.720739026590943e-06,4.2827928577327574e-05,4.084260624605109e-07
S04100915_20120911,Moderate,Moderate,3.621620459597599e-07,2.2430407230915517e-05,2.7844821923498836e-09,0.999977175536151,2.9110090057895403e-08
S04100915_20130710,Moderate,Moderate,2.8690027659885526e-07,0.000585734388521239,6.80794785881996e-09,0.9994135273199338,4.445833204674868e-07
S04100915_20140807,Moderate,Moderate,4.751864733943481e-05,0.19711972685805532,1.618080862321379e-07,0.8027161171328503,0.0001164755536688038
S04100915_20150603,Moderate,Moderate,2.3441989520604348e-07,2.6443695752767433e-06,1.2060662771618328e-09,0.9999970546671901,6.533727317581025e-08
S04100915_20190626,Moderate,Moderate,4.930688213717534e-07,0.0004243156728836153,1.854577210328449e-08,0.999571961026919,3.2116856038695662e-06
S04100915_20200616,Moderate,Moderate,2.893634736803439e-08,2.487763257183039e-06,1.719689809029887e-09,0.9999973638697374,1.1771096833665874e-07
S04100925_20120911,Moderate,Moderate,3.0345188824312286e-07,1.950449483184321e-05,4.934535544215154e-08,0.9994506752592349,0.0005294674486895774
S04100925_20180726,Moderate,Moderate,5.7432504666901766e-08,1.7711256551678843e-08,4.779709225401268e-10,0.9998097671563896,0.00019015722187833872
S04100925_20190626,Poor,Moderate,2.3768083052825074e-07,3.698148353022566e-07,6.8237304480801185e-09,0.884410611182586,0.11558877449801779
S04100940_20120911,Moderate,Moderate,1.0992209352001739e-08,1.3533489493659173e-07,1.9379743866587525e-10,0.9999991748532885,6.786258097584513e-07
S04100940_20130710,Moderate,Moderate,2.0452834491588767e-08,4.5422852974142966e-06,2.1415461665165923e-09,0.9999953961173151,3.900300685514779e-08
S04100940_20140730,Moderate,Moderate,1.6813423403682356e-07,4.0651277376850705e-06,1.316428303833018e-08,0.9997934820867517,0.00020227148699355436
S04100940_20150604,Moderate,Moderate,4.903053350790578e-08,1.4230186809762298e-06,8.001599506838914e-10,0.9999307383248732,6.778882575223067e-05
S04100940_20160701,Moderate,Moderate,1.7636903456365728e-08,4.2163602653874415e-06,4.829145001300196e-11,0.9999957320742897,3.388025006179618e-08
S04100940_20170623,Moderate,Moderate,4.398052140382073e-08,1.6312413614728622e-06,9.562363908331123e-11,0.9999940956226882,4.229059805370294e-06
S04100940_20180726,Moderate,Moderate,3.196521405898073e-06,0.0006390400915889244,1.840852095303352e-07,0.9987410827633696,0.0006164965384260832
S04100940_20190820,Moderate,Moderate,1.3659196071270874e-07,2.1726003463523978e-05,4.192914897970799e-09,0.9999176350648813,6.049814677950917e-05
S04100940_20200616,Moderate,Moderate,3.346060795789543e-07,0.000532775493569058,6.567521951471787e-08,0.9994662702179897,5.54007142253888e-07
S04100940_20210512,Moderate,Moderate,1.918046667892168e-08,1.7803895905039912e-05,3.2025039434167126e-10,0.9999820324977621,1.4410561567306576e-07
S04100940_20220721,Moderate,Moderate,7.211694143265745e-08,1.0640156110264426e-05,1.47321126889993e-08,0.9999226765515276,6.659644330810784e-05
S04100960_20120614,Moderate,Moderate,6.719136140656982e-07,0.006142739467040468,7.939014730343612e-08,0.9937307402923647,0.00012576893683348403
S04100960_20130731,Moderate,Moderate,2.5434925681829767e-05,0.2895990333206556,0.0005788572655756272,0.7070226439032637,0.002774030584823191
S04100960_20150629,Moderate,Moderate,4.9931319321337e-07,0.0007701106792648563,7.170013735545945e-07,0.9992247600856387,3.912920529617005e-06
S04100960_20170721,Moderate,Moderate,1.4668263034397714e-07,5.49888019001495e-05,2.7296431466155002e-09,0.999943831708671,1.030077155368719e-06
S04100960_20200602,Poor,Moderate,1.216181081890794e-06,4.7311553452217835e-06,2.283194580189026e-08,0.726446920095699,0.2735471097359281
S04100970_20120614,Moderate,Moderate,3.980285359762197e-09,9.500172093098436e-07,1.9195202520549376e-10,0.999998917936212,1.2787434131245033e-07
S04100970_20130731,Moderate,Moderate,2.6067110951985955e-07,3.446702979468475e-05,4.118046414758551e-07,0.9999084030230511,5.6457471403266125e-05
S04100970_20150629,Moderate,Moderate,3.6068658797208465e-07,0.0009319363947908757,5.712744246075936e-07,0.9990652783777844,1.8532664121724115e-06
S04100970_20170721,Moderate,Moderate,1.32144518427925e-07,4.153276836746541e-05,3.578338629838165e-08,0.9999561600815274,2.1392222003529187e-06
S04100970_20200602,Moderate,Moderate,6.326854303659975e-07,0.0012380610095661653,3.880772301176543e-08,0.9987611627367867,1.0476049369853762e-07
S04100980_20120911,Moderate,Moderate,1.624245570106844e-07,1.3743823571063702e-05,1.6123812161559439e-09,0.9997790906128902,0.0002070015266005265
S04100980_20130710,Moderate,Moderate,1.659224307132681e-08,3.653030443843419e-06,1.449919120621092e-08,0.9999963118038182,4.074303638058069e-09
S04100980_20140730,Moderate,Moderate,3.361278218241164e-07,0.0019434558235746763,6.612825538171507e-09,0.9980519360855789,4.2653501991429e-06
S04100980_20170623,Moderate,Moderate,6.593326070719846e-06,0.031013835195581232,3.368150163276952e-06,0.9689616019743296,1.460135385526843e-05
S04100980_20180726,Moderate,Moderate,5.610171738173453e-07,0.0030625015704685973,4.952916076149252e-08,0.9969364371492585,4.5073393825996093e-07
S04100980_20190618,Moderate,Moderate,4.388835808741567e-07,1.21828803017075e-05,6.702298713115729e-08,0.999986979392536,3.3182059433927185e-07
S04100980_20200603,Moderate,Moderate,5.459242730241318e-08,5.291393281553436e-05,2.459294082203612e-09,0.9999457679329997,1.2610824633950088e-06
S04100980_20210511,Poor,Moderate,1.680834269399719e-07,1.0580144220486164e-09,1.1454568366634863e-08,0.8180246711631836,0.18197514824080677
S04100980_20220607,Moderate,Moderate,1.9115338968182e-07,1.9681021145163656e-07,3.194819365795116e-09,0.9995697536948124,0.0004298551467670831
S04101250_20120803,Moderate,Moderate,0.00013104515825265077,0.028406460115268973,1.6683155339638416e-06,0.9714478013879183,1.3025023026187817e-05
S04101250_20130711,Moderate,Moderate,1.1717996694340357e-06,3.6593482136219654e-05,4.24119247352433e-08,0.9999604652463645,1.7270599050916054e-06
S04101250_20140807,Good,Moderate,3.236652286416988e-06,0.018620888372958982,1.4511213148787325e-07,0.9813671852791949,8.544583428267325e-06
S04101250_20150605,Moderate,Moderate,7.110444904817435e-07,1.4009168010891682e-05,4.123299799516184e-10,0.999970808144178,1.447123099064431e-05
S04101400_20120802,Good,Moderate,1.6587365738601807e-05,0.436338313227498,6.539355780478732e-06,0.5636370963949587,1.4636560241967793e-06
S04101400_20130710,Moderate,Moderate,1.2824389841171215e-06,0.0005183693565645034,7.816122514162588e-08,0.9994800948017138,1.7524151241802628e-07
S04101400_20140730,Moderate,Good,2.661004366749965e-05,0.5138672515500413,1.4369665649947528e-05,0.4860822682760448,9.500464596329492e-06
S04101400_20160630,Moderate,Moderate,7.880684583006332e-06,0.4634472684776995,2.011563742101296e-06,0.5365424323934038,4.0688057161010503e-07
S04101400_20180726,Moderate,Moderate,2.1336453185899488e-06,0.00044150484348296875,7.4326667837364624e-06,0.9982138920787519,0.001335036765662863
S04101400_20190524,Moderate,Moderate,2.3106822417821117e-06,2.9357604102800603e-07,6.453385263439796e-07,0.9990213510873166,0.0009753993158741171
S04101400_20200604,Moderate,Moderate,0.00013458978460142098,0.12380919163280373,5.777528231022128e-06,0.875923917120164,0.00012652393419977618
S04101400_20220517,Moderate,Moderate,8.630290265997588e-07,5.413570247550029e-05,2.223967684975203e-08,0.9999401004562142,4.8785726068438575e-06
S04101500_20120802,Moderate,Moderate,2.544216831964904e-05,0.1133069290199227,8.435587860471554e-07,0.8866623305455824,4.454707389191375e-06
S04101500_20130711,Moderate,Moderate,9.66845492432135e-07,1.4268148681157827e-05,1.0395682317775697e-08,0.9999846166452601,1.3796488413857894e-07
S04101500_20141002,Good,Good,4.4740989642520585e-06,0.9161821576099006,9.236475127427181e-07,0.08381096466025507,1.4799833674016034e-06
S04101500_20150708,Moderate,Moderate,8.97802511842095e-06,0.04043127551023812,8.21735600825653e-07,0.9594647617352666,9.416299377603158e-05
S04101500_20160708,Moderate,Moderate,1.538306809288403e-05,0.15488922219108836,1.341650176414284e-06,0.8450878015188664,6.251571775972999e-06
S04101500_20170622,Moderate,Moderate,7.635330104956168e-07,0.0001949887306900559,4.674060121765975e-08,0.9997182240481576,8.597694754062126e-05
S04101500_20180725,Moderate,Moderate,9.849502647662564e-06,0.014891881690955826,1.2470425878015681e-05,0.9850822273167322,3.571063786282516e-06
S04101500_20190820,Moderate,Moderate,1.459199576853408e-07,0.0006680993973351024,3.972491029736662e-08,0.999329378061319,2.3368964777826727e-06
S04101500_20200630,Moderate,Moderate,2.020707415856789e-06,0.0007407685940952096,2.1346675172590637e-07,0.9992394523369544,1.754489478270224e-05
S04101500_20210512,Moderate,Moderate,1.1788056108634987e-06,0.00048148216453300043,1.8038488920345904e-07,0.9995171038635003,5.4781466567269766e-08
S04101500_20220721,Moderate,Moderate,3.704769237410673e-07,0.03407336328798337,4.159176269626266e-06,0.9659042025774832,1.7904481340177975e-05
S04104500_20121005,Moderate,Moderate,0.00013836707278162832,0.31993283585695353,1.957338824313719e-05,0.6797880791752177,0.00012114450680409239
S04104500_20130828,Moderate,Moderate,2.277607152279954e-06,0.00041872172811043776,3.8914522311800446e-08,0.9995782219419103,7.398083046511111e-07
S04104500_20140715,Moderate,Moderate,2.0349677860239583e-05,0.1357593756818536,1.4350373168222535e-06,0.8641781094298806,4.073017308878396e-05
S04104500_20150609,Moderate,Moderate,9.294561319752786e-07,0.00012951501393153688,9.56440640152366e-08,0.999868966918634,4.92967238575777e-07
S04104500_20160712,Good,Moderate,6.126847469047278e-06,0.0017606338580740263,1.1614193550816548e-06,0.9982248453877212,7.23248738075273e-06
S04104500_20170726,Moderate,Moderate,5.608225242821485e-07,0.007124558790946368,1.2206613722644544e-07,0.992872864942495,1.8933778969953995e-06
S04104500_20181003,Moderate,Good,5.101929620571995e-06,0.5555129634474443,3.6874967090475203e-07,0.4443945576494102,8.700822385414081e-05
S04104500_20191008,Moderate,Moderate,1.7078323111867106e-06,9.993681113761436e-05,5.8465540753252055e-08,0.999852017158913,4.627973209738908e-05
S04104500_20200721,Moderate,Moderate,2.621168077050418e-06,0.00027825007502408727,2.8360036264941042e-08,0.999709207772641,9.892624221522355e-06
S04104500_20210819,Good,Good,1.8316623253466928e-05,0.882888390208029,7.67995128920468e-06,0.11704390591695996,4.170730046832608e-05
S04104500_20220721,Good,Good,5.6359353562522074e-05,0.9781816031030869,4.30636502487221e-06,0.021741659337205822,1.6071841119892844e-05
S04112200_20140626,Good,Good,5.66860020552642e-07,0.9897837080769445,1.3099741292396399e-08,0.01021563320026189,7.876303182319446e-08
S04112200_20150723,Good,Good,1.989981259449902e-06,0.9613528387833354,5.396447862653298e-07,0.038644254840770116,3.7674984863775653e-07
S04112200_20160727,Good,Good,1.3944345023637858e-06,0.9831888475699168,2.3022716671126223e-07,0.01679973661868176,9.79114973249285e-06
S04112200_20170830,Good,Moderate,2.7752287814212153e-06,0.11442676311281794,8.630016730493743e-07,0.8855688719825208,7.2667420677595e-07
S04112200_20180808,Moderate,Moderate,8.404789567749177e-07,3.785530031679974e-05,4.257346625379596e-08,0.9978039524910295,0.0021573091562307792
S04112200_20190723,Moderate,Moderate,4.187452158073536e-06,0.0014270051333398809,2.3391941874313075e-07,0.9983087684246609,0.0002598050704224618
S04112200_20220726,Moderate,Moderate,2.64476825211078e-06,0.24136211843396524,2.105420830668896e-06,0.7585079182691461,0.00012521310780574377
S04112300_20120918,Good,Good,1.4074395629234906e-06,0.9986946318558755,0.001300955591621324,2.922646710875018e-06,8.246622935502979e-08
S04112300_20130808,Good,Good,3.29582894401445e-06,0.9994787722932382,5.320034174061181e-06,0.000512604595193865,7.248449788885257e-09
S04112300_20140731,Good,High,7.015640150051133e-07,0.3216243649276333,0.6783708338042859,4.0175552816796035e-06,8.214878411114842e-08
S04112300_20150611,High,High,5.535314064061209e-08,0.003241923716515244,0.9967579695140657,2.6042134286037923e-08,2.5374144205152054e-08
S04112700_20120823,Good,Good,1.5131744314509644e-06,0.9869105365574284,4.2611275857293086e-08,0.01308789583604205,1.1820822258700387e-08
S04112700_20130717,Moderate,Moderate,5.3127135717909816e-06,0.021326889764616098,3.412659895347032e-08,0.9786677021358676,6.125934545122606e-08
S04112700_20140910,Moderate,Moderate,2.7739422338373522e-08,0.0012839025489254552,2.6836733322056885e-09,0.9987160647178139,2.3101649723174725e-09
S04112700_20160906,Good,Good,1.5866741741809565e-05,0.9943870174910003,2.6281285698940594e-06,0.005594192875591993,2.9476309599282466e-07
S04112700_20170829,Good,Good,2.1723979954879396e-07,0.9993342174565506,2.1851766498142415e-06,0.0006633475050008176,3.262199916385906e-08
S04112700_20180911,Good,Good,5.210131348112678e-09,0.9999990466711572,6.462645135243538e-07,3.016833319434284e-07,1.708658781374827e-10
S04112700_20190910,Moderate,Moderate,7.833811336245601e-06,0.0025869285632046986,1.9024607021207638e-05,0.9973562238911491,2.998912728881541e-05
S04112700_20200915,Moderate,Good,1.3389907363312156e-06,0.9150710502106468,2.695676736927817e-06,0.08492485913775769,5.598412225896631e-08
S04112700_20210914,Good,Moderate,1.529935814394086e-05,0.1668794475776067,1.5118171602124996e-05,0.8330896588872758,4.7600537147757806e-07
S04112700_20220913,Good,Good,2.6877889214265292e-06,0.9362287160722652,4.804644270577749e-06,0.06376322282117136,5.686733712917982e-07
S04113050_20120823,Moderate,Moderate,1.0565598381001974e-05,0.3411368712918889,1.1113470302330351e-05,0.6588408611011601,5.885382677256333e-07
S04113050_20130717,Good,Moderate,8.993873473514365e-06,0.08325419769179102,4.649394475058045e-05,0.9166901898432378,1.2464674710291921e-07
S04113050_20140910,Good,Good,1.0967354257756527e-06,0.7624471727466665,1.4802465149849226e-07,0.23755144512818618,1.3736507006154028e-07
S04113050_20160906,Good,Moderate,5.376875199368002e-07,0.035365395011765575,6.429469874246587e-08,0.9646339855281176,1.7477898146415634e-08
S04113050_20170829,Good,Good,5.515220573269166e-07,0.9993067077550041,0.0001450534711288755,0.0005471754548306008,5.117969790269611e-07
S04113050_20180911,Moderate,Moderate,1.899381338510033e-07,0.0019504397689782526,3.869998132811473e-08,0.9980492225402823,1.0905262416988162e-07
S04113050_20190910,Moderate,Good,1.0046444240995354e-05,0.8885276519996981,4.209229046596758e-05,0.11141914633681152,1.0629287835317062e-06
S04113050_20200915,Good,Moderate,3.3479311583939316e-05,0.04464787446880279,1.8016543208439181e-06,0.9552745944561559,4.2250109136388176e-05
S04113050_20210914,Good,Good,1.4171363036503085e-06,0.9458756098058614,5.602169320205408e-07,0.054122225651696915,1.8718920600385496e-07
S04113050_20220824,Good,Good,2.6663524072199417e-05,0.7311995595153621,1.4251373543514383e-05,0.26875420889551266,5.316691509525157e-06
S04113100_20160727,Good,Good,1.1763905484122409e-05,0.9814155506645988,0.0051336056626970885,0.013412780969233366,2.6298797986604863e-05
S04113200_20121017,Moderate,Moderate,9.952628409394145e-07,0.03807388095352231,1.6474727375163554e-07,0.9619211538491921,3.805187170839655e-06
S04113200_20130702,Moderate,Moderate,9.96787865574666e-07,0.010709830949786128,2.362709678895456e-07,0.9892885600858206,3.759055599307889e-07
S04113200_20160704,Moderate,Moderate,3.499161575536895e-06,0.0030984394639691063,1.1887051970977074e-06,0.9968961290847388,7.435845195465435e-07
S04113200_20190704,Good,Good,2.7806866946886264e-07,0.9952896553178149,1.548159666365865e-07,0.004709903165417081,8.632132056631602e-09
S04113200_20220620,Good,Good,3.829325027921157e-07,0.8898173359787582,1.0205059885745115e-06,0.11018125380913125,6.773618937835756e-09
S04119205_20130702,Moderate,Good,3.974128888377044e-05,0.5306782611433246,0.00260212522296759,0.2097076036271421,0.2569722687176821
S04119205_20140626,Moderate,Moderate,0.00014132391849436978,0.0002268041067178827,0.0072429346869554954,0.7193631839825463,0.27302575330528595
S04119205_20180711,Good,Good,5.177438208995009e-06,0.999083962627166,0.0005005724857858943,0.00040800063153892386,2.2868173000263897e-06
S04119750_20100803,Good,Good,1.6708686701203966e-07,0.9999979458191792,7.414844029636594e-07,1.0731765113625756e-06,7.243303949559152e-08
S04119750_20110726,Good,Good,9.939483893803335e-09,0.9999997783736025,3.4734047042670506e-08,1.766730723217301e-07,2.797941338858763e-10
S04119750_20120822,Good,Good,1.916027960577181e-06,0.9931362226503981,3.371387140672904e-07,0.00686110274442689,4.214385003110866e-07
S04119750_20120823,Good,Good,6.607793321843785e-09,0.9999997375987708,7.003936916579955e-08,1.8572917114775854e-07,2.4895555202782185e-11
S04119750_20130709,Good,Good,8.179817079863925e-08,0.9999635061832837,4.893354465448438e-07,3.592041774787234e-05,2.2653511818233635e-09
S04119750_20140715,Good,Good,1.6312932248318808e-09,0.9999999125335565,5.997863349318258e-08,2.5848581479126034e-08,7.935367075798597e-12
S04119750_20150716,Good,Good,2.581774518004377e-09,0.9999998765892176,4.6361874233626326e-08,7.440263781262942e-08,6.449579119401899e-11
S04119750_20170721,Good,Good,1.5890581783072219e-09,0.9999996824437407,4.854359607611796e-09,3.110176280316831e-07,9.521351370777882e-11
S04119750_20180726,Good,Good,3.4357582113519364e-08,0.9999975998554325,9.087167600064549e-08,2.2734315886792344e-06,1.4837207072698877e-09
S04119750_20190905,Good,Good,1.3545297986985858e-06,0.9969124859173928,3.771231943479144e-05,0.0030484025714192916,4.466195450929278e-08
S04119750_20210720,Good,Good,7.887487434429584e-08,0.9999994501510671,2.011327510584628e-08,4.5034235738499974e-07,5.184260633621987e-10
S04120000_20140704,Good,Good,6.07516351917971e-07,0.9987351627811187,0.0012227758660883522,4.143203254312569e-05,2.1803897907314216e-08
S04120000_20170613,Good,Good,1.649075397517156e-07,0.9984796310151497,5.784664481084727e-07,0.001519612958494431,1.2652368015656366e-08
S04120000_20200526,Good,Good,8.601203606784334e-07,0.9995726267403964,0.0001631972656005325,0.00026328693953409874,2.8934108237825108e-08
S04120400_20120727,Good,Good,2.1660461180174245e-05,0.9997826645498961,0.00018811877416056414,7.371180777877707e-06,1.850339853006437e-07
S04120400_20130716,High,Good,2.2964543066765215e-05,0.9196674718388839,0.08030686269962654,2.6418971256965013e-06,5.902129717008333e-08
S04120400_20140717,Good,Good,2.5966134518769037e-07,0.9999207130070759,7.836549027436576e-05,6.60509180497149e-07,1.3321240135460352e-09
S04120400_20150708,High,Good,0.000860166526199638,0.9808632969629151,0.016805175537022488,0.0014594965305675905,1.1864443295323763e-05
S04120400_20160706,Moderate,Moderate,7.442425863085289e-05,5.964722141818226e-06,6.074626509445765e-08,0.9983240476659835,0.0015955026069787647
S04120400_20170620,Good,Good,5.257170255405761e-06,0.9684350753150691,0.031498348507594566,5.945216836394978e-05,1.8668387169075351e-06
S04120400_20180727,Good,Good,4.674009979833556e-07,0.9997348233891713,7.604213878129157e-05,0.00018859493763543725,7.213341391320033e-08
S04120400_20210503,Good,Good,2.656290150822691e-06,0.9954983256252751,8.060010690701037e-05,0.004417082739208869,1.3352384582721476e-06
S04120500_20120926,Good,Good,2.1966688034983487e-07,0.9957106889573513,2.2970216453088e-08,0.004289042016123603,2.6389428349983343e-08
S04120500_20130703,Good,Moderate,0.00011644187147905355,0.08856784241890467,3.828366086581868e-05,0.9112601621646093,1.72698841411892e-05
S04120500_20140717,Good,Good,1.7355980995384137e-06,0.9995765574742858,1.891746531795336e-05,0.0004027751267231403,1.433557358340325e-08
S04120500_20150611,Moderate,Moderate,6.7936980713868714e-06,0.0033756576100492106,8.203021524501139e-07,0.9965518128854386,6.491550428834536e-05
S04121400_20120727,Good,Good,8.920131460219801e-08,0.9999105528945289,1.355713048276036e-07,8.921581994187208e-05,6.512909806867332e-09
S04121400_20130703,Good,Moderate,9.641353829671312e-06,0.01173349847900589,1.0372894672446356e-06,0.9882474952081601,8.327669537126345e-06
S04121400_20140717,Good,Good,3.6576532380944745e-07,0.9997817726389724,6.794377338989138e-07,0.00021707098393485843,1.1117403512445166e-07
S04121400_20150708,Moderate,Moderate,3.072820043520316e-05,0.06194812564918495,4.325369481318226e-06,0.9380130896616043,3.731119294168788e-06
S04121400_20160706,Moderate,Moderate,1.8657514046123188e-07,0.0007730772511400586,1.6052366380502236e-08,0.9992266897390211,3.038233193599819e-08
S04121400_20170620,Good,Good,6.870675631697221e-07,0.9918100983978249,1.3706002280604922e-07,0.008188071317151558,1.006157437634298e-06
S04121400_20180727,Good,Moderate,6.527082871511815e-07,0.020876874458587786,8.979970917798188e-07,0.9791214155560126,1.5928002065069481e-07
S04122070_20150611,Good,Good,2.1439620846884754e-06,0.9925094699204678,7.071994524559184e-06,0.007480319268005789,9.948549171737811e-07
S04122100_20130719,Good,Good,5.912100582284129e-07,0.9928119664655155,8.930856627427267e-07,0.007186516848950751,3.238981279580825e-08
S04122100_20140825,Good,Moderate,2.0955418442949833e-06,0.12588727292682397,1.44300830015072e-05,0.8740832018177593,1.2999630570970777e-05
S04122100_20160713,Moderate,Moderate,1.2218171497407572e-06,0.05315313100896518,1.4216826228614526e-07,0.9468450199355294,4.850700934564345e-07
S04122100_20170627,Good,Good,6.640668220970837e-07,0.9984870851040832,0.00010685854221048083,0.0014038797065677915,1.5125803165381265e-06
S04122300_20120926,Good,Good,3.517273307798923e-08,0.999986194933659,3.6740725850621256e-08,1.3732214181675235e-05,9.387002955552335e-10
S04122300_20130702,Good,Good,1.211976923411768e-07,0.9999822310612398,1.7477066377792135e-07,1.7472736969468204e-05,2.3343451418443785e-10
S04122300_20150708,Good,Good,7.0315624609363815e-09,0.9999999097379279,1.7333333380461098e-08,6.54124487469325e-08,4.847274075845237e-10
S04122300_20160728,Good,Good,6.384986971139785e-07,0.9997619624471528,6.896971789956762e-07,0.0002366339003521251,7.54566189554261e-08
S04122300_20180727,Good,Good,1.4776987373073204e-07,0.999988385549434,2.5926234109500978e-06,8.864402955505977e-06,9.654325718634481e-09
S04123100_20130618,Moderate,Moderate,6.245385294129532e-07,0.010783224973189736,1.8173024737551197e-05,0.9891905530035869,7.424459956435219e-06
S04123100_20140611,Good,Good,1.184169055101155e-06,0.980994589696615,0.00033876879886314505,0.01864537529303762,2.0082042428894963e-05
S04123100_20150611,Good,Good,2.3969306326197126e-06,0.9830620231658387,0.004927972424315583,0.012004397957700705,3.2095215124195448e-06
S04123100_20160719,Good,Moderate,2.628716055247883e-06,0.21501386217029048,0.0023118324795601856,0.7826516899762144,1.998665787971294e-05
S04123100_20170803,Good,Good,1.2057826667920598e-06,0.9857248294106705,0.0001484002815160464,0.014123436222082873,2.128303063720785e-06
S04123100_20180823,Good,High,1.1555253592189773e-07,0.011933959417344677,0.9880465873745902,5.622046281382692e-06,1.3715609247859639e-05
S04123100_20190822,Moderate,Good,1.7579263329583207e-06,0.9870095938443522,0.0007006803460079145,0.012287356000744027,6.118825628630383e-07
S04123100_20200902,Good,High,0.00015256111164157444,0.3990884387903197,0.5710010104927112,0.029177174096044575,0.0005808155092830183
S04123100_20210706,High,Good,1.9965014732442055e-06,0.9996707554144407,0.0003203110786239651,6.861842943745003e-06,7.516251833469854e-08
S04123100_20220907,Good,Good,4.643666710836005e-06,0.9837547759222001,0.015932062995388428,0.0003078827105092394,6.347051915743055e-07
S04123250_20120626,Good,Good,3.479315539538635e-06,0.9842823899183376,0.000834779923876655,0.014878941030520705,4.098117254101209e-07
S04123250_20130711,Moderate,Poor,0.0001349358033971581,0.037006298084057136,1.1074891394624112e-05,0.37139403710976476,0.5914536541113863
S04123250_20140703,Good,Good,1.3784878822773674e-06,0.9993753083599728,9.114968783720411e-05,0.0005320723377034041,9.112660432072818e-08
S04123250_20150623,Good,Good,1.4150403650932863e-07,0.9925582081444738,9.920603597696686e-08,0.007441540062564368,1.1082889380979682e-08
S04123250_20160824,Moderate,Moderate,1.704856859993587e-05,0.00013138392944446583,4.012591681517196e-05,0.9957582463191857,0.004053195265954704
S04123250_20170628,Moderate,Moderate,8.834380615767951e-07,0.0006553133401354335,2.5088628533349834e-08,0.999343717102141,6.103103342311446e-08
S04123250_20180802,Moderate,Moderate,1.7843135354926946e-06,0.05085193226545727,8.935956026304026e-08,0.949131689079917,1.450498152997798e-05
S04123250_20200707,Moderate,Moderate,1.1371324612085787e-05,0.43725106541693654,1.9736657007393963e-05,0.5626994375369774,1.838906446665416e-05
S04123250_20220622,Good,Moderate,2.9715065623529956e-06,0.007820051937971908,2.9709234800062793e-07,0.9921759278159569,7.516471608403671e-07
S04123275_20200519,Moderate,Moderate,1.280018774634577e-08,5.14484790476188e-09,5.6832755477839006e-12,0.999999653271442,3.287778390312554e-07
S04123275_20210504,Moderate,Moderate,1.8210846404280226e-07,0.01024982411693745,3.245757687686722e-08,0.989749872647222,8.86697996993643e-08
S04123300_20130711,Moderate,Moderate,9.306907099597683e-09,6.742305683776498e-06,4.432884448124683e-11,0.999993238841932,9.501148152306279e-09
S04123300_20140626,Moderate,Moderate,7.1308079289054264e-09,9.573390412355108e-08,1.8327665119507255e-10,0.9999601343754689,3.976257654238277e-05
S04123300_20150701,Moderate,Moderate,1.021721970690201e-07,1.6255866895506625e-08,9.296485709453556e-11,0.9935816994769165,0.00641818200205468
S04123300_20160824,Moderate,Moderate,1.6872370409824304e-08,1.0143327604476845e-09,3.0129432518651594e-11,0.9992824475188786,0.0007175345642888063
S04123300_20180802,Poor,Poor,1.9343122611553834e-09,3.612471006752062e-10,9.351925717509333e-12,0.01945826366511074,0.980541734029978
S04123300_20190925,Moderate,Moderate,3.027755515780238e-08,3.851341816743015e-06,9.85464278587803e-10,0.9998428782219533,0.00015323917321060612
S04123300_20210820,Moderate,Moderate,7.863259151536277e-07,8.204903041135529e-08,5.481120970645701e-09,0.972002467360208,0.027996658783725453
S04123400_20120917,Good,Moderate,9.727230490726368e-07,0.16673287025300576,1.3498139508218335e-06,0.8332582933638306,6.513846163647091e-06
S04123400_20130826,Moderate,Moderate,7.530486371495323e-07,0.0001325284114751984,3.090662955849994e-08,0.9998471601811532,1.9527452104929575e-05
S04123400_20140701,Moderate,Moderate,2.485889626020204e-07,0.000389463252970095,3.5629529297848938e-09,0.9996083768381039,1.9077570105814605e-06
S04123400_20150611,Moderate,Moderate,3.693952280858092e-07,2.805989912334604e-05,1.7746955633446311e-09,0.9999715434442963,2.5486656620190445e-08
S04123400_20160824,Poor,Poor,3.19132804736796e-05,2.722285130267318e-07,7.17079827359733e-08,0.0003676039142332282,0.9996001388687974
S04123400_20170621,Moderate,Moderate,4.5639044278792486e-07,6.750058967711535e-06,2.151940235507262e-08,0.9999708332780263,2.193875316087056e-05
S04123400_20180724,Moderate,Moderate,1.8697329024125146e-06,0.0002569464535868438,1.0820387777212527e-07,0.9996945522831645,4.652332646845877e-05
S04123400_20200902,Moderate,Moderate,4.091108454202116e-05,0.007547559019878908,2.0921551630700036e-06,0.9909240505468541,0.0014853871935619997
S04123495_20120917,Moderate,Moderate,2.025090423095996e-06,0.04578564137218839,8.925202731750821e-07,0.9542070838321238,4.357184991408471e-06
S04123495_20130827,Moderate,Moderate,1.0427628848142855e-07,2.1771150448378946e-05,4.548766686710548e-09,0.9999699394954593,8.180529037101656e-06
S04123495_20140630,Moderate,Moderate,1.6562414664051215e-07,3.43751700580599e-07,3.2242626188775704e-10,0.9999521374719536,4.73528297730545e-05
S04123495_20160825,Moderate,Moderate,1.5234982426455788e-07,0.0001266546873818591,5.605419749944787e-09,0.9998613377183274,1.1849639046552615e-05
S04123495_20170621,Moderate,Moderate,4.586284023197476e-09,1.6740277587363575e-07,1.151694592363482e-11,0.9999971598729597,2.6681264634174876e-06
S04123495_20180724,Moderate,Moderate,5.053557768459518e-07,0.003446196568908615,6.502164871704212e-09,0.9965259393807948,2.7352192354834363e-05
S04123710_20120628,Poor,Moderate,2.7209256427363887e-08,1.591385825505622e-09,1.1808210651655388e-10,0.9523831780854972,0.04761679299577845
S04123710_20130809,Poor,Moderate,9.291016619572618e-07,2.1278461903486826e-06,3.4527277877471196e-09,0.7561986092398156,0.2437983303596043
S04123710_20140611,Moderate,Moderate,6.290212094213366e-07,1.2137477773149803e-06,1.2903656673350744e-09,0.6181221213396052,0.3818760346010423
S04123710_20150715,Poor,Poor,1.1912439794195409e-07,4.4830060788732573e-10,1.1572619761765105e-10,0.40772254484076464,0.5922773354708106
S04123710_20200903,Moderate,Moderate,1.846903465037242e-08,5.514337222197432e-07,3.561614287021862e-10,0.99977474041527,0.00022468932581160952
S04123710_20210908,Moderate,Moderate,2.6499097972796923e-07,2.8982247210002e-05,1.041929101130783e-08,0.9997786528221495,0.00019208952036985235
S04123750_20130709,Moderate,Moderate,2.034225062913197e-08,5.88413805711264e-06,1.2044102341909388e-10,0.999991766099552,2.3292996991511684e-06
S04123750_20140625,Moderate,Moderate,1.3478347381908374e-06,0.006787963878065577,7.26926028776716e-07,0.9932090486681442,9.126930233193963e-07
S04123750_20150702,Moderate,Moderate,6.166648072791093e-06,0.037676645424412784,5.0251109696635375e-06,0.9623100326319871,2.130184557710071e-06
S04123750_20160727,Moderate,Moderate,1.5575370206119872e-06,0.006037448636993847,2.7537906848478324e-07,0.993958426694728,2.291752189040508e-06
S04123750_20170831,Moderate,Moderate,8.854111553522533e-06,0.00046360490660647663,1.5306813126726492e-06,0.9975709301831305,0.0019550801173969777
S04123750_20180809,Moderate,Moderate,6.299814368872093e-07,0.007074464347412129,1.6118240084130427e-07,0.9929223124958012,2.431992948886454e-06
S04123750_20190730,Moderate,Moderate,3.206966044564804e-05,0.013629415254105461,2.5547259708564275e-07,0.984779362323455,0.0015588972893969021
S04123750_20210820,Moderate,Moderate,3.370100221784994e-07,1.0787818328089707e-05,1.0768646501058944e-09,0.9999883961597322,4.779350528305324e-07
S04123750_20220802,Moderate,Moderate,8.969984629904839e-07,0.0001564523912904752,3.7929651667861776e-08,0.9996171882247346,0.00022542445586023335
S04123755_20120917,Good,Good,7.721506352085461e-07,0.968784584300187,4.268305758745083e-05,0.0311719505284924,9.96309782523675e-09
S04123755_20130827,Moderate,Moderate,2.4776828835263773e-05,0.1036160046457089,3.253364981367371e-05,0.89632596917464,7.15701002116724e-07
S04123755_20140630,Moderate,Moderate,5.492731288304046e-06,0.32933322498944784,1.70729307343056e-05,0.6706400150645714,4.194283958198001e-06
S04123755_20210908,Good,Good,1.324955377543493e-06,0.9873632921873265,0.00037221286848756113,0.012263150292031214,1.9696777220155274e-08
S04123760_20120628,Good,Good,5.231787911863574e-06,0.701968524602007,0.2971511234011079,0.0008743224564736915,7.977524995520357e-07
S04123760_20130905,Good,Good,2.8958635821909326e-06,0.9945100972967217,0.0005091958671591603,0.004977729316695807,8.165584121971396e-08
S04123760_20150715,High,Good,1.29648971937475e-06,0.6492789303230299,0.3507192576055702,5.082374828697995e-07,7.3441977413117494e-09
S04123760_20170803,Moderate,Moderate,5.98759245078387e-07,0.011681718754106788,4.503461237307328e-06,0.9882860879151424,2.709111026849788e-05
S04123760_20180824,High,Good,4.083531880208199e-07,0.9734908329329084,0.026504875336800425,3.86411830924306e-06,1.9258793861018236e-08
S04123760_20190819,Good,Good,7.285353027653493e-07,0.9988463427088605,0.0011362936943885055,1.6628683322860874e-05,6.378125390971951e-09
S04123760_20200903,High,High,7.219049408321931e-08,0.001531564521707021,0.9984662090299448,1.5778556019112725e-06,5.764022522030986e-07
S04123760_20210909,High,Good,1.0925330810634971e-05,0.5765854416021026,0.42330643894107267,9.662306660616028e-05,5.710594079298281e-07
S04123760_20220907,Good,Good,9.207404672509874e-06,0.9986085628060192,8.924105787978879e-05,0.0012928138078718014,1.749235567409657e-07
S04123800_20130709,Good,Good,2.8693042408417257e-07,0.8521502000975659,1.069093817023211e-06,0.14784841854774372,2.5330449292556488e-08
S04123800_20140625,Moderate,Moderate,4.012872184581211e-06,1.7491897993655363e-05,3.4392697680623032e-09,0.9999469251749655,3.156661558649418e-05
S04123800_20150702,Moderate,Good,1.1907575627727646e-05,0.8493888938851106,3.605243746045445e-05,0.15056020077786011,2.9453239411313815e-06
S04123800_20170831,Moderate,Moderate,1.0075246612881012e-07,4.6827007629990145e-06,8.004991801704939e-09,0.9999793901224567,1.581841932234817e-05
S04123800_20180809,Moderate,Moderate,5.643357998541286e-07,4.32118328606251e-05,2.0757980356893286e-08,0.9997930151629876,0.0001631879103715133
S04123800_20190730,Good,Moderate,8.61541829311996e-06,0.2755449990564779,3.428181956179154e-07,0.724420954997334,2.5087709699320486e-05
S04123800_20200729,Moderate,Moderate,4.313973717659129e-07,2.5249426374611363e-06,8.329117522549128e-09,0.9006161715577127,0.09938086377316055
S04123800_20210617,Good,Moderate,5.037916258311018e-06,0.09521969157115265,1.6309181328764808e-05,0.9047281998639625,3.076146729788163e-05
S04123800_20220705,Moderate,Moderate,1.6075617601096065e-06,0.059851033707477075,7.766750523447455e-06,0.9400953486900456,4.424329019378782e-05
S04123825_20121017,Good,Moderate,1.329556816761946e-06,0.009565217978299737,8.858018954317928e-06,0.9904237625266458,8.319192834065133e-07
S04123825_20130712,Moderate,Moderate,2.9889933818028117e-05,0.34935870742851804,7.1785058216271786e-06,0.6503550716975602,0.0002491524342821553
S04123825_20140624,Good,Good,3.4948079430267494e-06,0.994585050877405,5.483352596291156e-05,0.00535645987200846,1.6091668043993106e-07
S04123825_20150702,Good,Moderate,2.4307736858683534e-06,0.008678944195611797,5.986708187544651e-07,0.9912601718766049,5.785448327872287e-05
S04123825_20160609,High,High,2.3263712243314376e-07,0.0351559766753516,0.9648008756987266,4.27027134684847e-05,2.122753308161351e-07
S04123825_20170630,Poor,Moderate,9.202799767034959e-08,1.816071533025968e-08,1.8922283815366365e-09,0.9704126718317849,0.029587216087273764
S04123825_20210614,Good,Good,6.142239489827881e-07,0.9960855278235922,0.003889748748795193,2.2721772774391727e-05,1.3874308891635527e-06
S04123900_20130703,Moderate,Moderate,4.870865769459338e-09,8.009927989525432e-08,7.275699887355184e-12,0.9999997641390831,1.5088349549486855e-07
S04123900_20160825,Moderate,Moderate,2.088643210488232e-06,0.0242227159747972,4.596473744921783e-08,0.9757476687927981,2.7480624456829427e-05
S04123900_20190711,Moderate,Moderate,1.248610812709917e-06,0.0016786755294201472,2.343575871826681e-06,0.9982980549634255,1.9677320469784083e-05
S04123950_20120726,Moderate,Moderate,1.6542796914041614e-08,5.539877308336233e-05,3.3538208260091663e-09,0.999944550320466,3.1009832884217565e-08
S04123950_20130709,Good,Moderate,1.3276441981276257e-07,0.001628980527860351,1.5958008785288827e-08,0.998370543217872,3.2753183911389445e-07
S04123950_20140624,Moderate,Moderate,5.413988891424769e-07,0.007336682418145927,2.556939176320499e-06,0.9926585486654076,1.6705783809287207e-06
S04123950_20150702,Moderate,Moderate,4.684390731533704e-08,1.1444379342184587e-06,2.540970262401474e-09,0.9999982315600938,5.74617094335047e-07
S04123950_20160708,Moderate,Moderate,3.5670377634434707e-09,2.621535820683463e-05,4.952023441352152e-11,0.9999737557308142,2.5294421011040697e-08
S04123950_20170705,Moderate,Moderate,3.3060015327524927e-07,0.01674173123412075,6.28080858326639e-08,0.9832556004040336,2.274953606584661e-06
S04123950_20180810,Good,Good,7.675849448163746e-06,0.8111337349057245,1.6527126950763086e-05,0.1888406488034958,1.4133143807404137e-06
S04123950_20190711,Moderate,Good,8.447177112514222e-06,0.9741842885297844,0.0022387680791066235,0.023563090537976325,5.40567602001949e-06
S04123950_20200520,Moderate,Moderate,1.5435513053779313e-06,0.022952305523912562,1.6221126498747033e-06,0.9770440592782521,4.695338802097496e-07
S04123950_20210615,Good,Good,6.123482191611292e-06,0.7709603485961668,1.1317525419827882e-05,0.22902196430106012,2.460951616659044e-07
S04123950_20220603,Moderate,Moderate,2.711697821267382e-07,0.001228928804931885,6.846634763363341e-08,0.9987705977402318,1.3381870653015888e-07
S04123980_20121017,Moderate,Moderate,5.10892051468682e-07,0.00014532353514559084,1.3588709110020861e-08,0.9998538512668674,3.0071722629010365e-07
S04123980_20130703,Moderate,Moderate,1.8507725184439969e-06,0.10180600673186568,8.159080662915658e-08,0.898192042620266,1.8284543184181585e-08
S04123980_20140625,Good,Good,8.836698636849076e-07,0.9965381221053538,3.574364797660947e-07,0.0034603667949499096,2.6999335292343244e-07
S04123980_20150701,Moderate,Moderate,2.0049585858156768e-05,1.7440321348223678e-06,7.873086711018456e-08,0.9989065961968233,0.0010715314543166248
S04123980_20160825,Poor,Moderate,2.754197222531899e-06,1.467691643153747e-08,3.5972338476643505e-09,0.9963511205812785,0.003646106947348606
S04123980_20170705,Moderate,Moderate,3.208993151447314e-07,3.173050582483622e-05,5.7804287148558284e-09,0.9999679075194068,3.529502454225945e-08
S04123980_20190712,Moderate,Moderate,3.1398252474468157e-07,9.899450918806622e-05,9.97282488847411e-09,0.9998906404195633,1.0041115898993708e-05
S04123980_20200518,Moderate,Moderate,8.136934514563478e-08,1.2189813660282262e-06,3.995408592414935e-09,0.9999975261921225,1.169461757757212e-06
S04123980_20210615,Moderate,Moderate,2.5167882006126547e-07,0.007968549201446705,8.031890001058925e-08,0.9920311050868872,1.3713945974432874e-08
S04124200_20130806,Moderate,Moderate,4.7473436819705544e-08,6.377834717651655e-07,1.1845507760282703e-09,0.9999676180820206,3.1695476520066936e-05
S04124200_20160826,Moderate,Moderate,2.193221179685065e-08,0.00011167856098298638,9.157738783480136e-11,0.9998882069073433,9.25078845536586e-08
S04124200_20190725,Poor,Moderate,8.951187942114429e-08,1.111134875120949e-07,1.3674071052716736e-09,0.9998267167522905,0.00017308125493547866
S04124850_20120711,Moderate,Good,1.0041496060331634e-05,0.9823078452465476,4.827815649832087e-06,0.017675722259685236,1.5631820569660775e-06
S04124850_20130806,Moderate,Moderate,5.216133422251871e-07,0.004217946894165706,3.1266538872811567e-07,0.9957810749074697,1.4391963361650772e-07
S04124850_20140625,Moderate,Moderate,5.783932294711183e-08,0.0006354304053007919,1.74461357226427e-08,0.9993644471690145,4.714022607378208e-08
S04124850_20150804,Moderate,Moderate,8.391124179390505e-08,0.00047872888764808117,1.120698633975111e-08,0.999520912291318,2.637028058152485e-07
S04124850_20160727,Moderate,Moderate,4.5030826457669456e-08,8.269851292650794e-06,8.5267264129781e-11,0.9999916388317868,4.620082685954248e-08
S04124850_20170908,Moderate,Moderate,2.8831675093860117e-08,1.1228456815107536e-05,2.6085986806875316e-09,0.9999886246644227,1.1543848846826816e-07
S04124850_20180903,Moderate,Moderate,3.1728925365168597e-07,1.2544829141537291e-05,5.411561588726621e-08,0.9992067819915887,0.0007803017744000872
S04124850_20190730,Moderate,Moderate,1.5191726600074305e-06,0.0007990977422495776,9.784032630258264e-08,0.9991834394584681,1.5845786295920574e-05
S04124850_20200826,Moderate,Moderate,5.024808147481516e-08,1.157885794913131e-05,2.626913339025178e-07,0.9999871540700522,9.541325833132201e-07
S04124850_20210908,Moderate,Moderate,4.0367780467885334e-07,4.1461357846836515e-06,1.4041658394972699e-08,0.999993009794236,2.4263505162834314e-06
S04124850_20220726,Moderate,Moderate,1.2711151200664902e-06,0.0002964760694892143,1.8502793542588608e-07,0.9993709212483078,0.00033114653914742553
S04124875_20121015,Moderate,Moderate,6.296715935278874e-08,9.818761117251848e-09,4.800742359371679e-10,0.997772186352896,0.00222774038110925
S04124875_20130704,Moderate,Moderate,5.851039996198653e-07,2.9771902726396123e-06,8.009652747686763e-07,0.9998829781554198,0.00011265858503321295
S04124875_20140625,Moderate,Moderate,1.2833585573275142e-08,4.591760160593036e-06,1.14655637006747e-09,0.9999952910084167,1.0325128078501011e-07
S04124875_20160826,Moderate,Moderate,1.0570854622173252e-07,5.126283893032457e-10,2.208881183760457e-10,0.9984868719288916,0.0015130216290455772
S04124875_20170718,Moderate,Moderate,1.0871139468161478e-07,1.1738706622255223e-07,8.423205047837958e-10,0.9999869295945448,1.2843464673884357e-05
S04124875_20180711,Moderate,Moderate,1.6835869596122118e-07,0.00010369422579465401,1.6077910574179552e-08,0.9998660594825729,3.006185502586085e-05
S04124875_20190926,Moderate,Moderate,4.930363341209425e-07,0.016822681820527152,6.29461856726368e-08,0.9831703550944432,6.407102509845406e-06
S04124875_20200707,Moderate,Moderate,8.267715361880728e-07,0.004227674600197434,2.2472292708146937e-05,0.9957486560783297,3.702572285616192e-07
S04124875_20210720,Moderate,Moderate,4.8489228042854327e-08,1.071992743686956e-05,6.666669577648484e-10,0.9999887116330605,5.192836075834049e-07
S04124875_20220712,Moderate,Moderate,1.9422004517021482e-06,0.4827837147310038,7.663451494027977e-06,0.5172063090004932,3.706165573149696e-07
S04124985_20121016,Moderate,Moderate,1.0725969484135444e-06,0.0031687817978173194,5.549367836797371e-06,0.9968172927013801,7.303536017428606e-06
S04124985_20130703,Moderate,Moderate,3.097347659686424e-06,1.9483457815552676e-05,9.094199510468253e-08,0.9999772629410122,6.531151736532846e-08
S04124985_20140701,Moderate,Moderate,3.679378682587549e-07,7.24755557468226e-07,3.0991278971677104e-09,0.9999988639142602,4.029318625598747e-08
S04124985_20150804,Moderate,Moderate,0.00018110476855833884,0.10029665951824455,9.287330434171312e-06,0.89951043586525,2.5125175128977415e-06
S04124985_20170719,Good,Moderate,2.726001032901361e-05,0.02499314168363097,1.3007964051659396e-06,0.9749483023499779,2.9995159657026278e-05
S04124985_20180711,Moderate,Moderate,2.6020012249552944e-06,0.003134284389724728,5.217054205023331e-07,0.996847172194964,1.541970866586364e-05
S04124985_20190926,Moderate,Moderate,9.818821879909614e-06,0.011915803015990609,2.057189168220912e-07,0.9879443338327374,0.0001298386104751552
S04124985_20200721,Moderate,Moderate,8.313326218046053e-08,1.641483168995293e-06,8.985453852080527e-09,0.9999966855927459,1.5808053690582776e-06
S04124985_20210705,Moderate,Moderate,1.7898074073060714e-06,0.0002899148776866539,6.243005817478139e-09,0.9997082246136629,6.445823735829436e-08
S04124985_20220602,Good,Moderate,1.683507683667487e-06,0.019106582760916768,1.13999323111711e-07,0.980890572236812,1.0474952645127072e-06
S04125350_20160909,Good,Good,1.193133811843629e-07,0.999978268034031,1.2065022778374462e-07,2.148526783313404e-05,6.734526930048764e-09
S04125350_20180724,Moderate,Moderate,9.075827249389377e-07,0.007233949790177822,2.7050026759834773e-06,0.9925534101046494,0.00020902751977186512
S04125400_20120710,Moderate,Moderate,1.0370847890605393e-06,0.0031778460752185174,3.39383998793104e-08,0.9968204539962847,6.289053079187413e-07
S04125400_20130806,Moderate,Moderate,9.171912459636073e-07,0.0001632656765984466,1.5643457278342266e-08,0.999834565407271,1.236081427343329e-06
S04125400_20140919,Moderate,Moderate,3.035819875352345e-07,0.00048427047853673094,1.363854278157383e-08,0.9995100659547195,5.3463462135261944e-06
S04125400_20170912,Good,Moderate,4.85689306678456e-07,3.6208265132604385e-05,6.258441393043158e-07,0.9995590071009923,0.0004036731004291747
S04125400_20180723,Moderate,Moderate,5.940601243232734e-08,1.8888290448720968e-08,1.7564545918405853e-09,0.999943409650574,5.651029866850907e-05
S04125400_20210914,Moderate,Moderate,2.055687861153317e-07,0.0007617034626187897,3.5598631289187825e-09,0.9992380521951524,3.521357955656318e-08
S04125400_20220726,Moderate,Moderate,8.970084586778318e-07,0.00036234304521212197,1.2398732371577388e-07,0.9996348115343037,1.824424701881144e-06
S04125450_20121017,Moderate,Moderate,3.9690618084392e-09,1.0907816591842787e-09,3.80480308208598e-11,0.999998012644172,1.98225793645165e-06
S04125450_20130703,Moderate,Moderate,9.959436637708135e-08,0.00020815607351767307,5.724333491564774e-09,0.9997908415132758,8.970945066620686e-07
S04125450_20150703,Moderate,Moderate,1.7972243213746445e-06,0.04758369895620009,1.1945534474522242e-08,0.9524138290993877,6.627745564795719e-07
S04125450_20160708,Moderate,Moderate,6.287058372545893e-07,1.3166989127528448e-05,3.946440634811689e-09,0.9999417692504275,4.443110816700038e-05
S04125450_20170630,Good,Moderate,5.757788001962535e-06,0.0030710023250518745,3.110707614683806e-07,0.9969004285165759,2.2500299608765438e-05
S04125450_20210614,Moderate,Moderate,4.9937712486704795e-08,3.479186977313893e-06,1.4446809060474228e-09,0.9999879540953168,8.515335312529098e-06
S04125500_20130712,Moderate,Moderate,3.671810188858946e-08,8.023825830594766e-06,7.0007119359825e-10,0.9999910358176094,9.029383869054698e-07
S04125500_20140701,Moderate,Moderate,7.606321202312964e-09,7.199655812262583e-06,2.351067060937139e-10,0.999992776993112,1.5509647846496892e-08
S04125500_20150703,Moderate,Moderate,6.945556371170776e-08,4.52510343115509e-06,1.1292658026868713e-09,0.9999939526938898,1.451617849481787e-06
S04125500_20160826,Moderate,Moderate,2.2128891703596164e-07,0.000566085678846352,1.7593534950565176e-09,0.9994319878056797,1.7034672034878916e-06
S04125500_20170706,Moderate,Moderate,1.1126473703863848e-07,1.3589717977604288e-06,3.798956702940142e-09,0.9999836703907103,1.485557379810458e-05
S04125500_20190920,Moderate,Moderate,2.0032582422276395e-08,2.2766415364924966e-06,1.9562976124659692e-10,0.9999976862273817,1.6902869547637966e-08
S04125500_20200723,Moderate,Moderate,2.327475429595687e-07,4.930036749303361e-07,1.9060215919360342e-08,0.9999907181217773,8.537066788881932e-06
S04125500_20210617,Good,Good,1.9365634632728678e-06,0.9589818651823475,5.3817963427458e-06,0.04101079944489377,1.7012952719287666e-08
S04125500_20220613,Moderate,Moderate,5.045072487324774e-07,0.00038875118891992816,4.306700650749352e-08,0.9996106320962783,6.914054657769741e-08
S04125670_20141003,Moderate,Moderate,2.2581956520636878e-07,1.7252240428002293e-06,3.0725648971535544e-09,0.9952554300898551,0.004742615793972096
S04125670_20170703,Moderate,Moderate,3.002328785129063e-08,3.332961486771727e-07,7.261287388375315e-11,0.9999996344620234,2.1459271636545253e-09
S04125670_20190725,Moderate,Moderate,1.0742715883762863e-08,3.251455216053567e-07,4.697082569329295e-10,0.9999697712087349,2.989243331935789e-05
S04125740_20170901,Good,Moderate,1.5599865402656333e-06,0.45854318039316816,7.10408482060247e-07,0.5414541844588898,3.647529197066193e-07
S04125800_20120622,Good,Moderate,8.783292271709371e-06,0.14873451365785656,4.941233706256456e-07,0.8512554730254045,7.359010964126742e-07
S04125800_20130715,Good,Good,2.6565264149993688e-05,0.9806255280079038,1.3104395647649636e-06,0.019311758528250206,3.483776013122802e-05
S04125800_20140709,Poor,Poor,0.2891062533180756,1.2333888475739876e-06,1.9645016907703036e-07,0.0783248735645924,0.6325674432783154
S04125800_20150807,Moderate,Moderate,1.9220976390340913e-05,0.0061823528191275665,1.864858352427097e-06,0.9937602270402547,3.633430587504606e-05
S04125800_20160711,Moderate,Moderate,2.854976238552126e-05,0.0001175882306974009,3.6575863975839577e-07,0.9997541667359943,9.932951228319077e-05
S04125800_20170703,Moderate,Moderate,4.6031205070383324e-07,9.649126569013115e-07,3.2256584665371806e-09,0.9999861361630504,1.2435386583461915e-05
S04125800_20180730,Moderate,Good,7.057301914208766e-05,0.5376664314187934,0.0004997541157664625,0.46171206489893335,5.117654736482507e-05
S04125800_20200608,Moderate,Moderate,0.00020647608674083333,0.021375731992429026,0.00024842928600829267,0.9781493454669865,2.001716783535064e-05
S04126295_20121015,Good,Good,1.7946820943404972e-07,0.9989925454086523,1.753466489541823e-06,0.0010032891239014294,2.232532747279718e-06
S04126295_20130711,Moderate,Moderate,0.003532569347028605,0.16116417539672237,0.0038843713358346697,0.7473646603884557,0.08405422353195854
S04126295_20140715,Good,Good,3.0047601333139544e-07,0.9891551651869599,0.010777636899711831,6.687875604214873e-05,1.868127287701272e-08
S04126295_20150806,Moderate,Good,9.561519357960409e-05,0.9224168060862541,0.0007454918396181552,0.07222018394906611,0.004521902931482023
S04126295_20160711,Moderate,Moderate,3.5461555217854526e-05,0.0006001457545038062,9.87349842403797e-08,0.9993079774078416,5.631654745254189e-05
S04126295_20170612,Poor,Moderate,0.0003533185370917686,0.0001859323379850657,1.1205781590346438e-06,0.8430416653515527,0.15641796319521156
S04126295_20180727,Good,Good,5.369194693622323e-05,0.9862291577903958,0.005913975690301848,0.0076632517442751956,0.00013992282809088073
S04126295_20191009,High,High,6.086805664896289e-07,0.12179549853650365,0.8782025861871059,9.194885707658892e-07,3.871072532890615e-07
S04126295_20200526,Moderate,Moderate,5.058437119302581e-05,0.010505330180683994,0.00037666826511345233,0.9855409594229114,0.0035264577600981257
S04126295_20210607,Good,Good,3.547700272601024e-07,0.9998853240517596,0.0001074247823332183,6.891538705257344e-06,4.857174722751334e-09
S04126500_20130806,Moderate,Moderate,3.437173371692237e-08,3.1789418446893344e-06,4.768982274276339e-11,0.9999963824894802,4.0414925166436956e-07
S04126500_20160902,Moderate,Moderate,3.9605041931530326e-08,1.4241438770500572e-05,3.3055862254671736e-10,0.9999791034834994,6.61514212956576e-06
S04126500_20190905,Moderate,Moderate,5.8665576286806e-08,1.8981018197046754e-07,2.171314897351728e-09,0.9999652399348891,3.4509418037634786e-05
S04126500_20220727,Moderate,Moderate,9.605013889863423e-08,7.313909679193769e-07,2.4777779429255907e-08,0.9999466588522801,5.248892883372795e-05
S04126800_20130702,Moderate,Moderate,1.4435623720948274e-06,0.034420553897788836,6.1919956179989e-08,0.9655777305929925,2.10026890348887e-07
S04126800_20140715,Good,Good,2.1559581711091704e-08,0.9999877702848461,3.409193360329242e-08,1.2171185009844944e-05,2.8786287413102927e-09
S04126800_20150804,Moderate,Moderate,1.1800389087574771e-07,0.00014680591052622914,1.7537443487896787e-08,0.9998492638061304,3.794742009105958e-06
S04126800_20170612,Good,Good,1.1906741945317288e-05,0.6070956743124425,4.610096849185793e-06,0.39288715586734885,6.52981414271656e-07
S04126800_20180717,Good,Good,1.919071937850182e-06,0.9770110421914162,3.0791538711083615e-06,0.022982564174859603,1.3954079153995374e-06
S04127000_20130709,Good,Good,1.615590585725055e-05,0.9407077214015241,7.291501459022982e-05,0.059202753654039764,4.5402398857569685e-07
S04127000_20140911,Moderate,Moderate,5.565222852418516e-05,9.537545063732738e-05,1.1984768087236841e-05,0.9980724102073397,0.0017645773454114959
S04127000_20160726,Moderate,Moderate,0.000394616967567008,0.4668661775402633,0.0037056027420585115,0.5279982563993159,0.001035346350795167
S04127000_20170719,Moderate,Moderate,1.1284479558944861e-05,0.00017230381151604667,3.800591296304573e-07,0.9966338356670542,0.0031821959827412353
S04127000_20190924,Good,Good,3.4099073630546877e-06,0.8856077931629098,7.929515492571894e-06,0.1143803982842381,4.6912999649731915e-07
S04127000_20200706,Poor,Moderate,0.000383695108801504,0.0010074602905688125,9.128316005136442e-06,0.7425734766516066,0.256026239633018
S04127000_20200924,Good,Good,6.063454455053254e-06,0.948333271274788,1.0039064932280272e-06,0.05165893798982239,7.23374441175179e-07
S04127000_20220614,Moderate,Moderate,2.753906448672116e-06,8.794081521947613e-05,2.2802415680940895e-06,0.9998864145181282,2.0610518635600382e-05
S04127550_20130712,Good,Good,1.1584891017759766e-07,0.9999921299397941,4.951630876848351e-07,7.254374977139618e-06,4.673230901153711e-09
S04127550_20140708,Good,Good,1.0318809948374417e-06,0.6774619818002566,0.32251321609804084,2.3737921330477053e-05,3.229937697672869e-08
S04127550_20150807,Good,Good,9.716821644101818e-08,0.9998769595914467,3.477862690164986e-08,0.00012290437206988764,4.089640166874745e-09
S04127550_20170609,Good,Good,3.0752752707046375e-07,0.9696498448259608,1.794446856113259e-06,0.03034792674478847,1.2645486755999984e-07
S04127550_20180726,Good,Moderate,6.33827959472941e-08,3.4771347598128317e-05,1.5967373419462352e-08,0.9999644621808863,6.871213461938576e-07
S04127550_20200921,Good,Good,3.366599430876589e-05,0.7754363978536443,0.00010360806618231267,0.22442013490395785,6.193181906968366e-06
S04127550_20210607,Good,Good,1.732572438801201e-08,0.999974160436143,2.430349452728696e-05,1.5173078767189318e-06,1.435728680998688e-09
S04127970_20121016,Good,Moderate,7.742180087141347e-07,0.18434736776730465,3.786221790792818e-06,0.8156480250581365,4.673475935537524e-08
S04127970_20130711,Moderate,Moderate,1.860828611580622e-06,0.21909320786567757,1.1210259249294875e-07,0.7809044619135771,3.5728954107606046e-07
S04127970_20140716,Good,Good,1.4652716470861907e-07,0.999986663260473,2.5893185086094357e-06,1.0576352773833696e-05,2.4541079785498015e-08
S04127970_20160726,Good,Good,3.453422891358162e-07,0.9999866625009441,3.2515805157991164e-07,1.2583859719462143e-05,8.31389957241134e-08
S04127970_20170830,Good,Good,2.3656133706722194e-07,0.9855260912052799,2.3327640486902153e-06,0.01447123724336825,1.0222596606586641e-07
S04127970_20180726,Good,Good,5.996869818818605e-06,0.8010762583943898,5.897996346358117e-07,0.19891529196740618,1.8629687504400717e-06
S04127970_20210819,Good,Good,5.622066525424528e-07,0.995259200578559,7.64480526988109e-07,0.004739080633393969,3.921008674818282e-07
S04128050_20130702,Good,Good,7.997134445653833e-08,0.9999894801134964,1.8330904851885861e-06,8.57508802939803e-06,3.173664459741569e-08
S04128050_20140716,Good,Good,7.869823961505778e-09,0.9999999082162284,2.3005349744431615e-09,8.149944588352485e-08,1.1396677392814433e-10
S04128050_20150805,Good,Good,6.098146859701836e-08,0.9999571624146958,5.429958028265584e-08,4.271755255505509e-05,4.751700288393611e-09
S04128050_20180727,Good,Good,1.1392801509040174e-07,0.9999802262952077,1.5501303798671468e-06,1.8106913520211136e-05,2.732877062814586e-09
S04128050_20200716,Good,Good,7.594815461047883e-08,0.9999490840415093,1.3789136781471418e-07,5.0255284330542616e-05,4.4683463777627073e-07
S04128050_20210716,Good,Good,4.131642685976581e-08,0.9977811758004045,1.4213038998192507e-08,0.0022187664717294403,2.198400252569124e-09
S04128050_20220614,Good,Good,1.005669533647165e-06,0.9993206209647642,1.2091738473665788e-06,0.0006770833143837471,8.087747103648932e-08
S04128490_20120710,Moderate,Moderate,6.85667883843957e-07,0.0010070263694515328,4.192662107633916e-09,0.9989919209521653,3.628178372861692e-07
S04128490_20130807,Moderate,Moderate,5.825772561260089e-07,7.335982700401331e-06,8.924531459087611e-10,0.99999084906703,1.2314805604443312e-06
S04128490_20140716,Moderate,Moderate,1.5929450383143033e-08,7.32621770356701e-05,1.6326143618119566e-10,0.9999267160949814,5.635271109293049e-09
S04128490_20150611,Moderate,Moderate,1.2151928031673833e-08,1.1699178504549966e-06,3.5919386754550495e-10,0.9999987230203067,9.455072081311063e-08
S04128490_20160722,Moderate,Moderate,5.695411767256648e-07,0.0003152414168331851,4.666194770969364e-08,0.9996840787227685,6.365727388707255e-08
S04128490_20170829,Moderate,Moderate,0.001201255689049827,0.2854336735222446,0.04248363934334181,0.5663450675323537,0.10453636391301017
S04128490_20180906,Moderate,Moderate,5.242693074688876e-07,0.00048370187556639473,2.1524600706280524e-06,0.9995011873946019,1.2434000453555674e-05
S04128490_20190730,Moderate,Moderate,3.0692030075704845e-06,0.01806507918327741,3.75517559012333e-05,0.9818931004407047,1.1994171090419961e-06
S04128490_20200730,Moderate,Moderate,4.544570855810392e-06,0.001290003573616985,1.46866186020531e-07,0.9987043962111289,9.087782122452142e-07
S04128490_20210914,Moderate,Moderate,3.9424424385421266e-07,0.00011816702939608978,4.800834134130862e-08,0.9998806228403719,7.678776468856461e-07
S04128490_20220727,Moderate,Moderate,4.2345013222832154e-08,5.266045720342682e-06,1.3338142722208114e-09,0.9999782651862071,1.642508924509635e-05
S04130000_20160927,Good,Good,0.00022243987661501284,0.7842897332841317,9.002066379027659e-06,0.21545848089250014,2.034388037425597e-05
S04130000_20190904,Moderate,Moderate,1.7135871471298817e-07,7.199303337666821e-09,2.2584799414859423e-10,0.9999033406077239,9.648060841008637e-05
S04130000_20220728,Moderate,Moderate,7.780120691894834e-07,1.2022870609653511e-06,1.1319234627007032e-09,0.9995734483615719,0.0004245702073746024
S04130500_20121016,Moderate,Moderate,5.793647720678338e-07,2.7880781201853387e-06,3.0892676444915827e-09,0.9993577387641509,0.0006388907036892162
S04130500_20140708,Moderate,Moderate,3.7635736576688e-06,0.05901098183652019,3.011347169381321e-07,0.9409827562734446,2.1971816606274433e-06
S04130500_20150915,Moderate,Moderate,1.2978453481971108e-06,0.006703796530343001,1.3917642093386705e-06,0.9932833952919965,1.0118568102971137e-05
S04130500_20160727,Good,Moderate,7.532728522747139e-07,0.138954731302512,1.4821837910014967e-08,0.861044301722114,1.9888068384538434e-07
S04130500_20180920,Moderate,Moderate,1.0445697274658634e-06,0.0019637011444119203,2.6071307790850176e-07,0.9979996137682708,3.537980451186828e-05
S04130500_20190926,Moderate,Moderate,2.812410076595629e-07,0.00020209906847316246,8.943150160557822e-09,0.9997942586942675,3.3520531015701668e-06
S04130500_20200706,Moderate,Moderate,4.979908906669044e-08,7.909334593749126e-05,6.629554662376669e-08,0.9999200583849501,7.321744767171081e-07
S04130500_20210716,Moderate,Moderate,2.896503243378613e-07,0.0015708676481499787,2.5199624612486583e-08,0.9984287975869554,1.99149457024783e-08
S04130500_20220621,Good,Good,1.3354054657180845e-05,0.9360774743665512,1.2029819442877135e-06,0.06390719675233054,7.718445168655063e-07
S04131050_20121016,Good,Good,4.190424114218567e-06,0.703241421313653,7.95385268586172e-06,0.29673734893292963,9.08547661736207e-06
S04131050_20130628,Moderate,Moderate,5.222602949536165e-07,2.528908802975726e-05,1.879184716562005e-08,0.9856999564419183,0.014274213417909815
S04131050_20140707,Moderate,Moderate,7.957547577067934e-06,0.0021647076183389665,4.367220954643681e-07,0.9978116462009582,1.525191103035603e-05
S04131050_20150710,Moderate,Moderate,5.5988109794263625e-08,0.009546978977057141,4.527727151542415e-09,0.9904529034513956,5.705571035584262e-08
S04131050_20160729,Moderate,Moderate,1.1789551600140748e-06,0.0022020354746135223,7.565923860922493e-08,0.9977945797959302,2.1301150576420692e-06
S04131100_20121016,Moderate,Moderate,3.307497133986127e-07,7.637507886233305e-06,3.704856981368811e-10,0.9999901116302291,1.919741685577204e-06
S04131100_20130628,Moderate,Moderate,1.248993233097827e-07,3.82460615007356e-07,1.637201225947662e-09,0.999832406881742,0.00016708412111835326
S04131100_20140707,Good,Moderate,0.0001054105749045185,0.17515623155379198,3.876168659878427e-05,0.8233806628626839,0.0013189333220209873
S04131100_20150805,Moderate,Moderate,2.028553954470778e-08,8.033973890019591e-07,3.5325703243227965e-10,0.9999948269942176,4.3489695967150115e-06
S04131100_20160712,Moderate,Moderate,6.528955890298423e-08,7.291347767087994e-05,6.015983182971686e-10,0.9999268899078592,1.3072331266808836e-07
S04131100_20170531,Moderate,Moderate,2.410721260652155e-07,0.0002741804955224484,3.654636664131993e-10,0.9997255148769153,6.318997248880338e-08
S04131100_20180719,Moderate,Moderate,1.9622042756342951e-07,4.093304773475618e-06,5.952094001231219e-09,0.999993777045079,1.9274776259920215e-06
S04131200_20130627,Good,Moderate,1.2151135505917911e-05,0.14769313924401473,1.2061941528176801e-08,0.8522936612196116,1.0363389261204086e-06
S04131200_20140702,Moderate,Moderate,4.3101108319353544e-07,0.026229962279873606,2.0999091691783823e-08,0.973769264631603,3.2107834860449883e-07
S04131200_20150709,Good,Moderate,1.5887152361837199e-06,0.26268052548608634,1.7414809982231128e-07,0.7373142187141429,3.4929364347193345e-06
S04131200_20180712,Moderate,Moderate,2.5400343006939493e-05,0.0150252282974677,5.170747363564517e-06,0.9848828591388986,6.134147326330926e-05
S04131200_20190607,Moderate,Good,9.607829243408281e-06,0.976454787148537,2.636013597047188e-06,0.02352238560744096,1.058340118161785e-05
S04131200_20200602,Moderate,Moderate,1.5910050499951658e-06,0.0010373247490998295,2.0059295918045596e-07,0.9989607707777545,1.128751365336873e-07
S04131200_20210531,Good,Good,7.76837103765099e-05,0.8441093317534009,7.237521058115012e-07,0.15572910551679633,8.315526732055594e-05
S04131250_20121016,Moderate,Moderate,1.2897464445916803e-06,2.2688981461655925e-05,3.915652120552154e-08,0.9999741093350124,1.8727805602007704e-06
S04131250_20130628,Moderate,Moderate,2.1968010699846396e-06,0.00047205422247027963,5.266350856466883e-08,0.9995175079052513,8.188407699796681e-06
S04131250_20140707,Moderate,Moderate,2.384115032177451e-07,0.00010628609849797587,1.4772209967905968e-09,0.9998912479179882,2.2260947897197783e-06
S04131250_20150710,Moderate,Moderate,1.718121731018037e-07,1.2994316359075702e-05,2.139707576048186e-09,0.9999758559661153,1.0975765644984397e-05
S04131250_20190703,Moderate,Moderate,6.982845168690417e-07,2.3564186173994634e-05,5.9492168268139675e-09,0.9999288483361182,4.6883243974212474e-05
S04131250_20200706,Moderate,Moderate,1.496573889576264e-08,1.4429483710033844e-07,1.6404716150559864e-09,0.9999955536380053,4.285460947149216e-06
S04131250_20210617,Moderate,Moderate,5.942605206643966e-07,0.00192560632971014,8.158572945035458e-08,0.9979861768392112,8.754098482856084e-05
S04131300_20121016,Moderate,Moderate,1.0372697283880814e-05,0.23344452068908028,3.1443635303534865e-07,0.7665420342588076,2.757918475145651e-06
S04131300_20140910,Moderate,Moderate,9.048509987080818e-07,0.00417724902010686,8.822507153615659e-08,0.9958197626906616,1.9952131612505004e-06
S04131300_20150710,Good,Good,3.30735833633174e-06,0.9644888355033145,4.2078001547977814e-07,0.03550232795551607,5.1084028175411546e-06
S04131300_20160712,Good,Moderate,5.045198772116152e-06,0.4107665954613894,7.473867695837788e-07,0.5892266054569046,1.0064961643561012e-06
S04131300_20170531,Good,Good,2.4880854431578704e-07,0.9998239609877392,8.748659113977832e-08,0.00017546971129715297,2.3300582818875674e-07
S04131300_20180920,Good,Moderate,2.7200447293656653e-05,0.13162558073886232,0.0002417666447772036,0.8679465617320163,0.00015889043705053315
S04131300_20210617,Good,Moderate,0.00013760655289974964,0.37212878589910453,3.962575403988469e-05,0.626377562527597,0.0013164192663588504
S04131300_20220607,Moderate,Moderate,1.4229752081089712e-06,0.0006057969719550021,6.717747907370717e-07,0.9993795191268008,1.2589151245362113e-05
S04131400_20120710,Good,Good,7.67416026931445e-06,0.9680103996149276,1.8149189623794475e-07,0.031981603588927356,1.4114397928758498e-07
S04131400_20130808,Moderate,Moderate,1.588939615249714e-05,0.0016870878434736376,1.564641515854882e-07,0.9980598351690271,0.0002370311271951168
S04131400_20140811,Moderate,Good,9.273725810672764e-06,0.5037041935236702,1.4999376808469712e-07,0.49628374708941136,2.6356673395484473e-06
S04131400_20150911,Moderate,Moderate,2.616572157242933e-08,2.5634874997347365e-08,2.5164400033706675e-10,0.9999742811805888,2.5666767170679354e-05
S04131400_20160927,Moderate,Moderate,9.085345910014154e-08,3.856943608900707e-05,1.1037495416151349e-08,0.999960751920119,5.767528375144705e-07
S04131400_20170912,Good,Good,9.348392741703583e-08,0.9999546104358609,7.367521238605686e-09,4.520499835114896e-05,8.371433939424241e-08
S04131400_20180905,Moderate,Moderate,2.582990865732445e-07,7.530625419616536e-06,2.5692424295291076e-09,0.9999916334887855,5.750174658891617e-07
S04131400_20210915,Good,Good,4.591639300237729e-06,0.9819276524992787,3.7462969395546584e-05,0.017981514642367493,4.877824965796667e-05
S04131400_20220728,Moderate,Moderate,5.492534597937822e-07,0.005756264399871947,3.0481458756749584e-06,0.9942381762554556,1.9619453369302797e-06
S04131445_20130718,Moderate,Moderate,5.075490356225487e-07,5.350191741524038e-06,2.051251777970982e-08,0.9999908040261288,3.3177205762548774e-06
S04131445_20140825,Moderate,Moderate,2.648257283433364e-08,9.879612873673196e-07,1.604784487922172e-10,0.9999989658874276,1.9508233647828357e-08
S04131445_20160713,Moderate,Moderate,5.474959118072471e-07,0.00013626477490040934,1.6255917442079042e-08,0.9998629058382242,2.65635046079142e-07
S04131445_20180809,Moderate,Moderate,2.837902452537393e-07,4.825417531415977e-05,2.2562213943780474e-08,0.9999441851290137,7.254343212834642e-06
S04131445_20190701,Moderate,Moderate,1.5257322644803612e-07,2.5588889612914554e-06,3.1248258625329437e-09,0.9999398063285707,5.7479084415639893e-05
S04131445_20200624,Moderate,Moderate,3.241117068808764e-08,5.51620681454377e-06,1.2472736489555074e-09,0.9999942051043621,2.4503037897259453e-07
S04131445_20210510,Good,Good,2.2168132036285148e-06,0.7604684535932746,2.3207769023072834e-06,0.23949390031876616,3.310849785319535e-05
S04131445_20220610,Moderate,Moderate,8.518817153532088e-07,0.00911417820898926,1.470462130607707e-07,0.9908846106923508,2.1217073153494896e-07
S04131470_20130718,Moderate,Moderate,6.100205420421638e-06,0.015522543163314435,4.938194347296014e-07,0.9844696551789998,1.2076328305523053e-06
S04131470_20140825,Moderate,Moderate,2.2383504215311533e-06,0.08570079075304321,1.913828682102583e-06,0.9142912167369115,3.840330941722042e-06
S04131470_20160713,Poor,Poor,7.085389660288753e-06,1.1425624244049798e-10,4.9479876579615e-10,0.0008396226022767156,0.999153291399008
S04131470_20170627,Moderate,Moderate,3.339926141447439e-07,1.237154590463216e-05,7.639316426573931e-10,0.9999758038330994,1.1489864450159929e-05
S04131470_20180809,Moderate,Moderate,1.3437179809213174e-07,1.8777190224479103e-05,6.316606393489165e-09,0.9999801620646886,9.200566824350363e-07
S04131470_20190701,Moderate,Good,3.762945663676935e-08,0.9998860007516686,2.1475344262065253e-08,0.00011389193999526558,4.820353528160292e-08
S04131470_20210805,Good,Good,6.520008977430393e-06,0.9908274882047527,0.00028758512430644207,0.008878169052705278,2.376092580842596e-07
S04131500_20120725,Good,Moderate,2.6908767736566245e-06,0.26228641635066485,1.5754735714490494e-07,0.7377094414773182,1.293747886140977e-06
S04131500_20130718,Moderate,Moderate,5.379292061778482e-06,0.004872774751848319,7.539832317475172e-07,0.995018553563991,0.00010253840886702077
S04131500_20140825,Moderate,Moderate,8.700301136988046e-07,0.00223026269113539,8.372529243986519e-09,0.9977527792449992,1.6079661222584447e-05
S04131500_20160713,Moderate,Moderate,1.1127834597190918e-05,0.11640120431252,1.488894861145227e-06,0.8835816852032853,4.493754736473142e-06
S04131500_20170627,Good,Moderate,2.8223921305828e-06,0.027076009773138027,1.9453942782117685e-07,0.9729109014780642,1.0071817239345367e-05
S04131500_20180809,Moderate,Moderate,2.815574387064504e-07,6.263935673168546e-06,3.8875706321972256e-09,0.9999809280540984,1.2522565219123851e-05
S04131500_20190718,Poor,Moderate,1.9770857809309665e-06,3.157585996175937e-06,9.060459754339042e-09,0.9422389237615076,0.05775593250625558
S04131500_20200624,Moderate,Moderate,7.127864931454319e-08,1.9781009308660805e-05,6.006995787185155e-10,0.9999713325824771,8.814528865351312e-06
S04131500_20210805,Moderate,Moderate,6.848218858978476e-07,5.880274557576523e-05,3.456934790185431e-09,0.9999400489459791,4.600296243452043e-07
S04131550_20120731,Moderate,Moderate,1.0596255388697096e-07,0.0003098766951805034,8.88365085695395e-10,0.9996899847954359,3.1658464649856826e-08
S04131550_20130626,Moderate,Moderate,1.7339385372363482e-06,1.1056831471131984e-05,1.6605412576624698e-08,0.999986340591262,8.520333170447792e-07
S04131550_20140702,Moderate,Moderate,2.1924199547332606e-05,0.0005564420803455587,7.887423481212175e-09,0.999277070810522,0.0001445550221616552
S04131550_20150611,Good,Good,2.7006924774447926e-06,0.996811771631473,1.0108323799319708e-08,0.003185301655228104,2.159124976511313e-07
S04131550_20160729,Good,Good,1.1393650832348491e-06,0.9975000181652821,6.75759516536876e-07,0.002494958471756294,3.2082383616974594e-06
S04131550_20180712,Moderate,Moderate,7.31070113192584e-08,8.117361048148163e-06,3.2465718921798416e-09,0.9999906095936444,1.1966917242421408e-06
S04131550_20190530,Moderate,Moderate,3.680527168548334e-07,0.008444937735436715,4.898586266206835e-09,0.9915537495961935,9.397170667017641e-07
S04131550_20200610,Good,Good,2.178729416657988e-07,0.9990033076506597,5.748597631333979e-08,0.0009955313663956506,8.856240267179349e-07
S04131550_20220621,Good,Good,5.826673726011889e-07,0.9996775377712921,4.122342699185909e-07,0.00032112295297827785,3.44374087102666e-07
S04131600_20120629,Poor,Poor,3.2428412708774264e-08,3.5892758322908094e-06,4.629281746547734e-10,0.23027014482969704,0.7697262330031298
S04131600_20190530,Moderate,Moderate,7.94427501166719e-06,0.23006452943946654,1.5854391522895194e-05,0.769507351079615,0.0004043208143839241
S04131600_20210503,Poor,Moderate,1.585654661346137e-08,7.633074748876106e-08,1.119695324104105e-09,0.562069138999698,0.43793076769331246
S04132000_20120710,Moderate,Moderate,2.1921513586304e-07,8.621037738847942e-05,7.196567903316962e-09,0.999909957371423,3.605839484768671e-06
S04132000_20130809,Moderate,Moderate,3.3085011036614127e-07,3.467914830878762e-06,8.916861755525308e-09,0.9999950581205501,1.1341976469039438e-06
S04132000_20150611,Moderate,Moderate,6.458869424447708e-06,0.002415259189304443,0.0006079135824152166,0.9936656967102248,0.003304671648631088
S04132000_20160728,Moderate,Moderate,9.653538500804686e-08,6.958039185409303e-05,7.93738894555403e-09,0.9999292924636174,1.0226717545750276e-06
S04132000_20170719,Moderate,Moderate,3.331277637050033e-05,0.03956045835961717,1.0057830655614491e-05,0.9603593869384035,3.678409495325233e-05
S04132000_20180905,Good,Good,1.1145397712975342e-05,0.6888407892574878,7.057771936545077e-07,0.3111451970065701,2.162561035398998e-06
S04132000_20190829,Moderate,Moderate,3.703020847084436e-05,0.003334088017519777,8.54333973052814e-07,0.9966251300155318,2.897424504599364e-06
S04132000_20200828,Moderate,Moderate,2.264852615634804e-06,0.0004940690209256766,6.247515837708786e-07,0.9990249232808429,0.0004781180940319687
S04132000_20210705,Moderate,Moderate,0.00023121646990359988,0.047949649527948494,0.0020272558861871063,0.949434699470548,0.00035717864541272634
S04132000_20220720,Moderate,Moderate,2.0886421967297038e-05,0.008245251288096347,3.232414556935045e-06,0.9915446917847042,0.00018593809067532429
S04132050_20120629,Moderate,Moderate,1.5537209503491616e-08,6.640355570038489e-06,2.309796346581865e-09,0.999988506473498,4.835323926139564e-06
S04132050_20200610,Moderate,Poor,1.4595430316232119e-05,0.00016372946890125985,1.3978320418590846e-06,0.30474151174514147,0.6950787655235993
S04132050_20210511,Poor,Moderate,1.9177256091057728e-07,4.4320119463823884e-07,8.910777013347601e-09,0.9564971137816196,0.04350224233384783
S04132400_20210518,Good,Good,3.413774279779181e-07,0.9976534952133305,9.920440456565566e-07,0.002345004662529623,1.6670266621748223e-07
S04132400_20220518,Moderate,Good,3.413809968706642e-06,0.8098226794625699,7.313590908098041e-08,0.19017279297827422,1.0406132780847816e-06
S04132500_20120709,Moderate,Moderate,5.948597059223646e-06,0.012224033443368363,3.810073478981745e-08,0.9877692024657189,7.773931187767501e-07
S04132500_20130808,Moderate,Moderate,2.1753066179171074e-05,0.0024649365907717454,5.4998265612429176e-06,0.9975012931612247,6.517355263185387e-06
S04132500_20140918,Moderate,Moderate,7.112500554483343e-07,0.00042483306047371724,1.576796515961759e-09,0.9995733362991498,1.117813524490755e-06
S04132500_20150609,Moderate,Moderate,7.932242278046884e-07,0.0033201450943187148,1.044041144713641e-08,0.9966786409525802,4.1028846196855584e-07
S04132500_20160712,Moderate,Moderate,1.411938222411398e-06,0.05554603410102697,3.9184406950809544e-08,0.9444523174666914,1.9730965222234858e-07
S04132500_20170719,Moderate,Moderate,5.227489819371765e-07,1.675797622343919e-05,6.205719798278922e-08,0.9999817134562856,9.437613110488845e-07
S04132500_20180905,Moderate,Moderate,2.3206717958748289e-07,2.5136763020545087e-06,2.4182165821309878e-08,0.9999181625325096,7.906754184275742e-05
S04132500_20190828,Good,Moderate,1.5584435418012364e-05,0.4361057337792574,3.276980834808072e-07,0.5638721601773186,6.193909922562871e-06
S04132500_20200707,Moderate,Moderate,2.7063307711132774e-07,7.602075919897823e-06,7.463880002553311e-09,0.9999911062738683,1.0135532546329843e-06
S04132500_20220720,Moderate,Moderate,3.5838848949533046e-05,0.0005554345242533593,4.993704672392857e-08,0.9993869060959494,2.1770593801010163e-05
S04132800_20120705,Good,Moderate,4.940204755605601e-06,0.04895028951043842,7.39283544307337e-07,0.951043733206071,2.9779519065148613e-07
S04132800_20140602,Moderate,Moderate,2.291230544517357e-06,0.06864898762782404,4.2983692704675274e-07,0.9313482075313677,8.377333676255122e-08
S04132800_20150609,Moderate,Moderate,0.00010927544515328558,0.15568805433201222,1.8465755707096653e-07,0.8441975019883695,4.983576907927747e-06
S04132800_20160705,Good,Good,2.1478996470086384e-06,0.9677540056867802,1.5439098858333634e-06,0.032240813591834304,1.4889118527158551e-06
S04132800_20170718,Moderate,Moderate,1.1346464425138996e-06,0.013203109953043567,5.898376311306563e-06,0.9867731642102673,1.6692813935308355e-05
S04132800_20180801,Moderate,Moderate,3.6420577893925044e-06,0.0004718426192529023,2.123348010373682e-05,0.9989370725356147,0.0005662093072392755
S04132800_20190731,Moderate,Moderate,1.1438835062353575e-05,0.13458698813831757,6.119934193665342e-05,0.8653106341032375,2.973958144591126e-05
S04132800_20210705,Moderate,Moderate,1.1245187772148174e-07,1.0918506360727825e-06,2.0209886702722902e-08,0.9999931436809844,5.631806615221694e-06
S04132800_20220517,Good,Good,4.96003446001018e-06,0.9421911365016961,1.5520543097558214e-06,0.057800642721211444,1.7086883226189518e-06
S04132900_20130802,Moderate,Moderate,1.2873316922182808e-05,0.0005351820620986294,2.661790336478058e-06,0.9993779101485325,7.137268211018975e-05
S04132900_20140905,Moderate,Moderate,1.0838893382500267e-06,1.412806980918619e-05,3.251489221420334e-06,0.9991002767459386,0.0008812598056925398
S04132900_20160711,Moderate,Good,1.957144680892198e-05,0.9014948508242918,3.884016034631926e-05,0.09844259226101766,4.145307535334365e-06
S04132900_20170711,Moderate,Moderate,1.4113982737669243e-06,5.165163705511732e-05,9.273083202983563e-08,0.9998957893741545,5.105485968455599e-05
S04132900_20180810,Moderate,Moderate,8.913342014685312e-07,4.729102889865558e-05,4.7758160132185336e-08,0.9994693395295983,0.0004824303491415981
S04132900_20210504,Moderate,Moderate,1.717285673486267e-05,0.14450197017414484,1.795122441502514e-05,0.8554598538433925,3.051901312826355e-06
S04133000_20121005,Moderate,Moderate,6.542568230711868e-07,1.5106778253022327e-05,1.3782408888546039e-08,0.9999828405992638,1.3845832512578031e-06
S04133000_20130808,Moderate,Moderate,1.0407004328134778e-05,0.0017535074025743522,1.8459300959266056e-07,0.9982356099359265,2.9106416144409055e-07
S04133000_20140731,Moderate,Moderate,1.0383306762340604e-06,5.061751269970405e-05,4.0024466024464546e-08,0.999890303289639,5.800084251910864e-05
S04133000_20150609,Moderate,Moderate,2.6266909857167673e-06,0.018677353976323117,1.631086983366393e-08,0.9813189845842933,1.0184375279521977e-06
S04133000_20181003,Moderate,Moderate,1.5577383473631379e-07,7.1636070414809766e-06,7.4774133347246e-09,0.9999901554236693,2.5177180411844653e-06
S04133000_20190801,Moderate,Moderate,3.051296926304091e-06,0.1040693695257187,6.906807600796572e-05,0.8958582570660711,2.5403527587120497e-07
S04133000_20200904,Moderate,Moderate,3.219164279549679e-06,0.0014515661645056771,9.77195165173914e-06,0.9985327646239055,2.678095657581722e-06
S04133000_20210908,Good,Good,1.6523470880299784e-06,0.9038471105510919,7.838996876103487e-07,0.09615020316846584,2.5003366668420815e-07
S04133000_20220721,Moderate,Moderate,4.791394157958905e-07,4.938983522328838e-05,2.7092288787880676e-09,0.9999498480635104,2.8025262165487724e-07
S04133010_20160712,Moderate,Moderate,1.3833123041903646e-06,1.282098278717821e-06,1.0635343586560812e-07,0.9999723625351469,2.486570083443001e-05
S04133010_20220517,Moderate,Moderate,4.052201435543221e-06,0.1278089385073866,7.005085599053059e-06,0.8721331354043825,4.686880119634004e-05
S04133075_20131010,Good,Good,5.449252199768326e-07,0.998789660116864,4.085008910861602e-08,0.0012044017244769378,5.352383350166488e-06
S04133075_20140904,Good,Good,1.0007877002433217e-06,0.9998939723700678,7.913507849215212e-07,0.00010414094953033797,9.454191666639123e-08
S04133075_20160711,Good,Good,1.6704534255079177e-05,0.9924856249130877,1.0894355825471399e-06,0.007495889177552413,6.919395223581056e-07
S04133075_20170726,Good,Good,2.6638293476061644e-06,0.9690919358132951,6.346653617666061e-06,0.030894557900734327,4.4958030052860295e-06
S04133075_20180808,Good,Moderate,1.6834609154481656e-05,0.032722037345909526,4.648984682527668e-06,0.9670159250299781,0.0002405540302753041
S04133075_20190717,Good,Good,8.57474719929804e-06,0.9988987035415205,0.00018682857767337292,0.0009019338923996673,3.959241207088727e-06
S04133075_20200622,Good,Good,1.3479304132756286e-07,0.9999844637489919,4.281427123309321e-06,1.1115167861482262e-05,4.8629821617484946e-09
S04133075_20210726,Good,Good,2.4378933173963504e-07,0.998926569464215,2.8916231111210986e-08,0.0010731510686587166,6.76156352767131e-09
S04133075_20220620,Good,Good,4.330467593750075e-07,0.9986202744009289,6.13150079014892e-08,0.0013789304735979109,3.007637059187084e-07
S04133200_20120530,Moderate,Moderate,1.3512706492637245e-05,4.260289149265625e-05,1.2523907497127474e-06,0.9999422990092456,3.330020194189071e-07
S04133200_20130618,Moderate,Moderate,3.03988421250615e-06,0.015356551489280673,5.280106885920896e-07,0.9846386924404453,1.1881753728654196e-06
S04133200_20141002,Moderate,Moderate,4.905462734852954e-05,0.0004759573012831532,4.587378206264525e-08,0.9994195027609994,5.543943658684108e-05
S04133200_20150605,Good,Good,0.0008063081472445983,0.5901139856909935,4.383810752694352e-05,0.4088236005369365,0.0002122675172983342
S04133200_20160623,Moderate,Moderate,3.2597394988790315e-06,0.22838628037549877,1.611476082394059e-07,0.7716092755663635,1.0231710306245057e-06
S04133200_20180704,Good,Good,0.00030579419667420727,0.6942555669583201,0.00023747758279161045,0.25944602427283125,0.04575513698938277
S04133200_20190524,Good,Good,1.1027993678605241e-05,0.8895831247452939,3.326482210888692e-06,0.11039708577776536,5.435001051185945e-06
S04133200_20200525,Moderate,Moderate,4.445911292178262e-07,3.808816172086324e-05,1.2426042629991484e-07,0.997685938437253,0.0022754045494706933
S04133550_20131010,Good,Good,1.3841297218682295e-05,0.8387664040230132,1.864271293584291e-06,0.16121319710248022,4.693305994226692e-06
S04133550_20160711,Moderate,Moderate,4.608501513769249e-06,0.1070278330313343,1.3805404610702187e-06,0.8929648577216115,1.3202050793755695e-06
S04133550_20170623,Poor,Moderate,1.875217023132423e-05,2.2822747478855604e-07,1.577766292633629e-08,0.8600454685113915,0.1399355353132395
S04133550_20180810,Moderate,Moderate,3.950004010861267e-05,0.004569809079363616,6.093465151782454e-07,0.9891312913790183,0.006258790154994104
S04133550_20190702,Moderate,Moderate,4.7681433285287796e-06,1.0025534591250496e-06,2.5939028436756112e-08,0.9994859724781328,0.0005082308860511712
S04133550_20200731,Moderate,Moderate,1.089232424405158e-05,0.3843737372578298,3.667946439478458e-05,0.6154368989474143,0.00014179200611722604
S04133550_20210723,Moderate,Moderate,1.837481649689393e-05,0.10939969251141964,1.404449647609254e-06,0.8905479126246159,3.261559782007081e-05
S04133550_20220624,Moderate,Moderate,1.3465723788640747e-05,0.004351820151431325,1.6202070886975908e-06,0.9955843720370845,4.8721880606740255e-05
S04133650_20130715,Good,Good,1.178092867023986e-06,0.9996799333684773,1.776539526597037e-06,0.00031710712184367665,4.877285445977008e-09
S04133650_20140904,Moderate,Moderate,5.234970774541086e-06,0.06268031788300055,2.092345653742258e-07,0.9372984492021461,1.5788709513514722e-05
S04133650_20160711,Good,Good,4.27599043917548e-06,0.9881923879578365,1.7618165279708414e-06,0.01180123305140883,3.4118378746666207e-07
S04133650_20180810,Moderate,Moderate,2.5835304951218725e-06,0.025362271766843573,4.408320365090791e-07,0.974632515787825,2.1880827999113742e-06
S04133650_20220615,Good,Moderate,8.977693922028505e-06,0.4749079819989539,2.865906409316173e-05,0.5250499356946683,4.445548362702561e-06
S04133960_20120820,Moderate,Moderate,7.925994816831602e-06,0.038355683533732,3.785875190923408e-07,0.9616324369589246,3.5749250075155102e-06
S04133960_20130625,Moderate,Good,1.4182289118332745e-05,0.9511749872235936,1.1621531220765184e-05,0.04879517552509663,4.0334309706817655e-06
S04133960_20141001,Moderate,Moderate,4.4712393734075885e-07,0.0016044857424337446,1.4722079367025426e-08,0.998389581270097,5.471141452537823e-06
S04133960_20150603,Good,Good,5.404145455434947e-08,0.9998772456341106,1.5437057749665287e-07,0.00012249034817071714,5.560568665348312e-08
S04133960_20160901,Moderate,Moderate,1.4812956113122258e-06,0.3485497143268589,6.980041219602838e-07,0.6514407180280296,7.388345378273556e-06
S04133960_20170829,Moderate,Moderate,4.047957246997662e-07,0.004348820225578644,1.6345932590182387e-06,0.9956391872173134,9.953168124278708e-06
S04133960_20180702,Moderate,Moderate,8.914446574394766e-07,2.3942556983342764e-05,1.6524502188160986e-07,0.9997768463265795,0.0001981544267578023
S04133960_20190606,Moderate,Moderate,5.947482048724583e-07,0.0006583978298118482,6.183276133638021e-08,0.9993407061323316,2.3945689028516444e-07
S04133960_20200728,Good,Moderate,1.0471648050491549e-05,0.16520352179241582,4.140423955854608e-06,0.834753473791241,2.8392344336926416e-05
S04133960_20210802,Moderate,Moderate,2.083229633401188e-07,4.305729020426752e-05,2.3469511477266045e-09,0.9999552044431904,1.5275966907744177e-06
S04133960_20220531,Good,Good,8.582296112704005e-06,0.8550467561449159,0.00012437637065682624,0.14481251155970856,7.773628606126265e-06
S04134000_20120820,Moderate,Moderate,0.0012659848774100495,0.016631591765048415,4.4012342942000145e-06,0.9820555497165004,4.247240674703577e-05
S04134000_20130723,Good,Good,1.3990072456123972e-06,0.8923821009924712,2.2052803108228934e-07,0.1076161577226292,1.2174962292451713e-07
S04134000_20141001,Good,Moderate,8.487518705192083e-06,0.07768674448889992,8.469095070495445e-06,0.9222925704358903,3.7284614340336357e-06
S04134000_20150603,Good,Good,8.721631708816546e-07,0.9989999122622323,6.086254891245681e-08,0.0009990806654471493,7.40466007946512e-08
S04134000_20160901,Moderate,Moderate,4.488813053320264e-05,0.04546899745215559,1.5834311599483236e-07,0.9529139625524479,0.0015719935217473893
S04134000_20190606,Moderate,Moderate,6.2516019445934015e-06,3.535534132938865e-06,1.2886194881951748e-07,0.9999832656140616,6.818387912021867e-06
S04134000_20200728,Good,Good,8.5166305045959e-06,0.9699650801365558,7.823010005859052e-06,0.030010332892190048,8.24733074362667e-06
S04134000_20210802,Moderate,Moderate,1.944989369248383e-05,0.09362770254946129,2.924623491464767e-07,0.9062899852830627,6.256981143441138e-05
S04134010_20120920,Moderate,Moderate,1.7078768140055284e-05,0.0006116022211900077,2.351917004377867e-08,0.9993672227652842,4.072726215705508e-06
S04134010_20131003,Good,Good,3.093356792775214e-05,0.8792842238010034,3.7015956863377466e-07,0.1205250682270848,0.0001594042444155858
S04134010_20150908,Moderate,Moderate,3.110738271330533e-06,7.480748366955549e-05,2.8142968133011236e-07,0.9998905652580395,3.123509033813254e-05
S04134200_20120723,Good,Moderate,5.0152278026793015e-06,0.4260509901948308,7.780982726006948e-06,0.5738037076896257,0.00013250590501486025
S04134200_20130718,Good,Good,9.464557109144623e-07,0.9995383229779508,2.755110464917544e-05,0.0004120808349615054,2.1098626727674783e-05
S04134200_20140905,Good,Good,1.0820605500583532e-05,0.9399738748410561,0.00016173541071714477,0.05981112528324429,4.244385948188396e-05
S04134200_20160711,Moderate,Moderate,5.410808997464281e-06,6.91298747724408e-05,4.832098015747354e-07,0.9999216893205006,3.2867859278917244e-06
S04134200_20170711,Good,Moderate,5.053101333366539e-05,0.201303470363559,0.00011157126340239661,0.7984909787712365,4.3448588468501306e-05
S04134200_20180731,Moderate,Good,4.94929947749495e-07,0.9970704875230885,4.0744723019188295e-07,0.002928472599065674,1.3750066789052903e-07
S04134200_20200629,Good,Good,1.9356493985465205e-07,0.999679325856967,5.000463417248398e-08,0.00032041509735402805,1.547610504385138e-08
S04134200_20210615,Good,Good,1.0754171474945464e-07,0.997566360742267,8.731931499686992e-08,0.0024332195328512418,2.2486385200721073e-07
S04134690_20130718,Good,Good,3.7004611295172495e-05,0.9679002604537801,0.00042403069894271224,0.03019727865096489,0.0014414255850170865
S04134690_20140905,Good,Good,3.3555915406681996e-07,0.9992509396690331,5.01354299463848e-08,0.0007486429052128249,3.1731170186063614e-08
S04134690_20160711,Good,Good,6.565998088367049e-06,0.9789655534830487,0.00046423268181276583,0.020563001339897826,6.46497152375875e-07
S04134690_20170711,Moderate,Good,2.6047709811479683e-06,0.9895110813739604,9.56373318136008e-05,0.010384118442311007,6.558080933765673e-06
S04134690_20180808,Good,Good,5.99675730645234e-07,0.9984374047369315,1.4337758223772815e-05,0.0015476504524771768,7.376636887362755e-09
S04134690_20190704,Moderate,Moderate,1.1104593149965338e-05,0.0021486422787960605,7.453386462699079e-07,0.9978342757074481,5.232081959608564e-06
S04134690_20200708,Good,Good,1.9416277628665792e-07,0.9999345974145524,4.950663520291858e-05,1.5667291477846726e-05,3.4495990579985254e-08
S04134690_20210615,Good,Good,4.43148258899666e-07,0.9999847068103992,1.3663550272526295e-05,7.734249825085864e-07,4.130660869194974e-07
S04134690_20220525,Good,Moderate,4.2900476491496995e-06,0.48730911828420215,6.849295257481964e-07,0.5126858799766622,2.676196091430992e-08
S04134700_20120820,Moderate,Moderate,0.00012817094254871897,0.011341615790732892,6.306651318708778e-06,0.9873978262640137,0.0011260803513860266
S04134700_20130828,Good,Good,0.0014549295377752048,0.8717766579376128,0.12440538220397217,0.0023364871950094022,2.6543125630421058e-05
S04134700_20140918,Good,Good,1.4153962541985771e-06,0.9948331533376741,0.005138562824602979,2.5579430470131597e-05,1.289010998600836e-06
S04134700_20160831,Good,Good,3.887905041977935e-05,0.9812243669341959,0.0027974403487638203,0.01592696570240063,1.2347964219924318e-05
S04134700_20170726,Moderate,Good,0.00038460950882849616,0.96588083856377,0.01633341187229642,0.01698908498835253,0.0004120550667525642
S04134700_20180823,High,High,2.1180935787376675e-07,0.009292919883108604,0.9907036454739916,2.865411999556847e-06,3.574215422591683e-07
S04134700_20190801,Moderate,Good,3.2832582690133722e-06,0.9991427834665908,8.365001442664028e-05,0.0007700345819248818,2.486787886419225e-07
S04134700_20200721,Moderate,Good,3.207058315671339e-05,0.9986985397649911,1.9502684822684655e-05,0.001236788162902255,1.3098804127337927e-05
S04134750_20120723,Moderate,Moderate,8.819029497312993e-07,1.9871166867799472e-05,2.116048497767995e-06,0.9884734498970073,0.011503680984677501
S04134800_20120723,Moderate,Good,7.76976207121741e-05,0.7024803026634823,6.416154706450417e-07,0.29743664046119644,4.717639138507265e-06
S04134800_20130717,Good,Good,0.00012014027825917977,0.6335635858066054,4.5030455242683583e-07,0.3663142218448573,1.601765725662873e-06
S04134800_20160712,Moderate,Moderate,2.044163213531882e-05,0.09002558361734185,5.074338452425051e-07,0.9099449410500364,8.526266641197048e-06
S04134800_20170711,Moderate,Moderate,9.173042676414303e-06,0.48670404485245344,2.277692593480532e-06,0.5132649430551859,1.9561357090793497e-05
S04134800_20180808,Moderate,Moderate,1.926854608165082e-06,0.002552031223227322,3.781508233167341e-06,0.9974336514889924,8.60892493894284e-06
S04134800_20200527,Moderate,Moderate,8.126722775308626e-08,8.523110735238746e-05,2.326972092680797e-08,0.9999144870318114,1.7732388751825943e-07
S04134800_20210603,Moderate,Moderate,6.596806405891399e-07,6.451073341656427e-05,7.524855366233625e-10,0.9993039633386467,0.0006308654948107025
S04134890_20120723,Moderate,Moderate,4.750687019792572e-07,3.9612492689756905e-05,6.024282282336734e-08,0.9999501371824827,9.715013302700795e-06
S04134890_20140905,Moderate,Moderate,6.429444301156261e-07,0.008212824593188419,5.760147144227226e-08,0.991774706020433,1.1768840476875969e-05
S04134890_20170711,Moderate,Moderate,9.467999741201718e-07,0.05554438983344587,1.1058872474179712e-08,0.9443891343438927,6.551796381482919e-05
S04134890_20180808,Moderate,Moderate,2.2274000333777318e-08,1.5413594785973184e-07,2.8240138183454833e-10,0.9999994810825786,3.422250718412885e-07
S04134890_20190709,Moderate,Moderate,2.2505957378727647e-08,2.705099947874736e-07,1.7419797933518672e-10,0.9999997013528893,5.456960497184437e-09
S04134890_20200630,Moderate,Moderate,2.2734628296634042e-05,0.0586546514406748,2.1785857439721476e-06,0.9410453784205984,0.0002750569246862381
S04134890_20210615,Moderate,Moderate,1.268894097489506e-07,2.3297311869707326e-05,1.1202336647142333e-08,0.9999572901695454,1.9274426838432362e-05
S04134890_20220706,Moderate,Moderate,2.168315143257557e-06,0.0012828152472695034,1.3156600891596807e-07,0.9987024680895803,1.2416781997945046e-05
S04134895_20120723,Good,Good,2.322092395934918e-05,0.551687986905831,1.1997618958542097e-06,0.4482766966263522,1.0895781961566343e-05
S04134895_20130717,Moderate,Moderate,2.965944580054552e-07,0.00044200209835320046,2.9398047656317042e-08,0.9995511010727671,6.570836373966913e-06
S04134895_20160712,Moderate,Moderate,4.336478994641529e-06,0.07189699545783985,1.620583254942147e-07,0.9276194826574361,0.00047902334740380513
S04134895_20170711,Good,Good,1.1068542730017281e-06,0.9300242289407553,5.4975383512623315e-08,0.06997252180149678,2.0874280915291475e-06
S04134895_20180808,Moderate,Moderate,2.2562086821904006e-08,2.0869109386980805e-06,1.976494724224814e-09,0.999989055741437,8.832809042750536e-06
S04134895_20200710,Moderate,Moderate,5.163445256382602e-07,0.00012619031173927687,3.249121569990425e-07,0.9998664487658607,6.519665717316847e-06
S04134895_20210615,Moderate,Good,4.608277605843744e-05,0.630746557510357,1.6884704409058254e-06,0.3689026752706441,0.0003029959724995834
S04134895_20220621,Moderate,Moderate,5.892777108533805e-06,0.001322807020973783,2.5859495961448238e-08,0.9986699006915262,1.3736508955723403e-06
S04134900_20120723,Moderate,Moderate,1.1152215079707247e-06,5.763711264725481e-05,6.581763774220861e-09,0.9999365148536252,4.7262304557491886e-06
S04134900_20140905,Moderate,Moderate,1.4527752909661297e-07,2.036719714242726e-06,7.786429765625473e-09,0.9999939885061578,3.821710169054277e-06
S04134900_20160712,Moderate,Moderate,5.97737578587298e-09,6.737053679747813e-10,7.613640673629745e-12,0.9999999202844821,7.305682301761904e-08
S04134900_20170711,Moderate,Moderate,7.965589804706459e-07,4.715111693524866e-05,5.1513631808072625e-09,0.9999251484906357,2.689868208540793e-05
S04134900_20190723,Moderate,Moderate,1.302705596971076e-08,8.988450649649842e-07,7.134942193105405e-11,0.9999706559687053,2.8432087824334195e-05
S04134900_20200701,Moderate,Moderate,8.074138601210927e-05,0.20918426670176055,1.552906805227843e-05,0.7906772203371125,4.224250706250542e-05
S04134900_20210713,Moderate,Moderate,9.025191681747957e-06,0.04112688311463891,3.929420182399472e-06,0.958850177048728,9.985224768873639e-06
S04134900_20220621,Good,Moderate,1.1428461291390504e-06,0.0009312670383370244,9.80935896877731e-08,0.9990674021110868,8.991085727408536e-08
S04134920_20140603,Poor,Moderate,4.0540982515252786e-06,1.4030345200915374e-08,2.511771134998637e-09,0.9687599220421672,0.031236007317464932
S04134920_20190606,Moderate,Moderate,3.580700824146331e-06,6.489312198349734e-05,1.1573971963750275e-07,0.9999302206387857,1.1897986870680327e-06
S04134920_20210520,Moderate,Moderate,4.968129632451562e-06,9.33814066764847e-07,2.1318664738787415e-07,0.9452579599504237,0.05473592491922969
S04134960_20120723,Moderate,Moderate,1.677981007159406e-05,0.12518662167159733,1.1368579537847064e-07,0.8747961014224077,3.8341012804136496e-07
S04134960_20130717,Good,Moderate,4.846162544127023e-05,0.19856844531387977,3.2361097982991208e-06,0.8013768975311316,2.9594197490723573e-06
S04134960_20140905,Moderate,Moderate,1.248326699158701e-07,2.5544233543971022e-05,2.343315841673448e-09,0.9999742460331665,8.255730374958113e-08
S04134960_20160713,Moderate,Moderate,1.1060341545335243e-06,0.002238500884070702,4.473215339735694e-09,0.99776030631608,8.229247928154512e-08
S04134960_20170623,Moderate,Moderate,1.3752767563289007e-07,0.0007926354383256423,8.727819938914485e-09,0.9992071999708138,1.8335364959721045e-08
S04134960_20180808,Moderate,Moderate,2.3958853875138697e-07,8.367944572364951e-05,2.419371951173914e-09,0.9999159941731746,8.437319108212796e-08
S04134960_20190716,Moderate,Moderate,5.534771630291481e-07,0.00018800102069222618,2.1099491666932203e-08,0.9998108957555172,5.286471357601279e-07
S04134960_20200629,Good,Good,7.119221325034511e-07,0.9806831363221665,3.9556475129478785e-07,0.019315119021379803,6.371695698554439e-07
S04134960_20210614,Good,Good,2.5118928392951444e-06,0.9224746800738621,1.2279301358783544e-07,0.07752251831712724,1.6692315771160083e-07
S04134960_20220623,Good,Good,1.5163403680742682e-07,0.9984587620585427,6.871324410995173e-08,0.0015410020318305988,1.5562345872582778e-08
S04134970_20130717,Moderate,Good,1.2633382889574753e-05,0.7871724582389149,7.260054383759878e-07,0.21281397951723724,2.028555199790904e-07
S04134970_20140905,Good,Good,5.316119364552165e-08,0.9999488039105722,1.1502871161129771e-08,5.109068516812669e-05,4.074019473337955e-08
S04134970_20160713,Good,Moderate,1.447354235738228e-05,0.1997834730444045,5.989689558022738e-06,0.8001916066516778,4.457072002446376e-06
S04134970_20200609,Moderate,Moderate,7.444997599066134e-07,0.07829507350135012,3.849323098358947e-06,0.9217002849579425,4.7717849153627205e-08
S04134970_20210601,Good,Moderate,8.869943954580769e-07,0.3715949951253077,6.929953506518476e-07,0.6284033305120362,9.437291000136208e-08
S04134970_20220520,Good,Good,4.468860441150966e-07,0.5666454665785324,2.7082203773017537e-08,0.4333540527854828,6.667736964852188e-09
S04135000_20131003,Moderate,Poor,9.065808353582787e-07,2.0342320154900135e-08,1.573257797940555e-10,0.305445119428065,0.6945539534914538
S04135000_20140901,Poor,Moderate,1.9230430421856144e-07,1.6418933646231923e-07,1.009537855766688e-09,0.9132529146594243,0.0867467278373972
S04135000_20160831,Moderate,Moderate,1.9119578883518575e-07,2.8488213073065578e-06,1.4685583181644222e-09,0.9999951405346834,1.8179796621509823e-06
S04135000_20170914,Poor,Moderate,1.06719419556224e-07,6.836848068900405e-07,8.226206588806332e-09,0.999997006225157,2.1951444100207717e-06
S04135000_20181004,Moderate,Moderate,4.650236316128689e-07,0.0007297926123698772,1.7776208153117636e-08,0.9992540523298427,1.56722579477464e-05
S04135000_20190717,Moderate,Moderate,1.4435854073440822e-05,0.03288678785649006,5.5104587980568925e-06,0.9665111098482037,0.0005821559824348428
S04135000_20200716,Moderate,Moderate,2.6303051493040286e-07,1.7543514540713678e-06,8.734465817600536e-09,0.9999978482935167,1.2559004849263134e-07
S04135000_20210915,Moderate,Moderate,1.2905313734807797e-06,0.00018016559153630836,6.424197789477971e-07,0.9997977510448014,2.0150412509917167e-05
S04135400_20180703,Moderate,Moderate,1.3954518580730494e-07,6.323580435610048e-05,1.8203668699720332e-06,0.9999266430521884,8.161231399773116e-06
S04135400_20190516,Poor,Moderate,2.014404719824188e-06,3.240201530945643e-06,1.5855686763506606e-06,0.6665478253716102,0.3334453344534628
S04135900_20120605,Moderate,Moderate,8.732625749247126e-08,7.116472954785466e-05,9.828838914036164e-11,0.9999280050718045,7.42774101771874e-07
S04135900_20130620,Good,Moderate,3.3280975956232225e-06,0.00068239251516236,5.5374127360731606e-08,0.998756925114884,0.0005572988982306768
S04135900_20150603,Moderate,Moderate,4.1311135468718586e-06,0.005030654825591027,7.985291724407093e-09,0.9910529135246082,0.003912292550962101
S04135900_20210601,Moderate,Moderate,2.500938620144293e-07,4.749475406986498e-05,2.5278260496396538e-08,0.9999074152209764,4.481465283120576e-05
S04136300_20130717,Moderate,Moderate,4.6116978371815424e-07,0.00021360281152053376,2.4834801938138365e-08,0.9997691116600403,1.6799523853563548e-05
S04136300_20140905,Moderate,Moderate,3.269434506111913e-07,3.209273865712307e-05,6.707573154157479e-07,0.9975087824909005,0.0024581270696763563
S04136300_20160713,Moderate,Moderate,7.761719921613701e-05,0.00036382587306597,1.0458391171773504e-06,0.7709117349068694,0.22864577618173132
S04136300_20190516,Poor,Moderate,7.69603304045347e-06,4.554873026621538e-06,3.1065966621968065e-08,0.9120654116875433,0.08792230634042293
S04136300_20210507,Moderate,Moderate,1.86828060996771e-07,3.14876527974676e-05,7.473465991283143e-08,0.9999677605193209,4.902651606293684e-07
S04136300_20220519,Good,Good,7.948427193746102e-06,0.9780454333268204,0.0003381530243505508,0.021594030016330725,1.4435205304482509e-05
S04136400_20120802,Moderate,Moderate,5.925968729141253e-08,1.3236599356117305e-06,2.1181512407547594e-10,0.9994570525888169,0.0005415642797450532
S04136400_20140901,Moderate,Moderate,1.6360290447480853e-06,0.019352675181025146,1.0509646741280737e-06,0.9806427726462201,1.8651790359321558e-06
S04136400_20151002,Moderate,Moderate,2.685002431115681e-06,0.0020361084424949387,2.750822958433586e-08,0.99794284613923,1.833290761435578e-05
S04136400_20190829,Moderate,Moderate,2.5889515498907855e-05,0.0005657545404657135,6.256045229505698e-05,0.998520129649451,0.0008256658422892734
S04136400_20210820,Moderate,Moderate,9.473167046780555e-07,0.0006664456606465639,2.8444053814569136e-08,0.9986919227561929,0.0006406558224019979
S04136600_20120627,Moderate,Moderate,5.956162485418688e-08,0.00010146858626078803,1.0460461834276569e-08,0.9998983821931225,7.919852989368736e-08
S04136600_20130620,Moderate,Moderate,1.3347820391551865e-07,1.7430904167652263e-06,1.8330103742294616e-10,0.9999917724428228,6.3508052554606796e-06
S04136600_20140603,Moderate,Moderate,8.10248970334918e-08,2.2598078200095638e-06,1.6358598726969496e-09,0.9990913841780567,0.0009062733533664509
S04136600_20150603,Moderate,Moderate,5.35992486677897e-07,1.383387442438431e-05,1.4301848950526754e-08,0.9999388883860224,4.672744521758966e-05
S04136600_20170620,Moderate,Moderate,3.1645655161767114e-07,1.2368250288583706e-06,3.218173965522455e-08,0.9999581823177025,4.023221897737697e-05
S04136600_20180525,Moderate,Moderate,1.6928359628790012e-06,1.739878372959546e-07,3.500060781712557e-07,0.9999052892317319,9.249393838977758e-05
S04136600_20190513,Poor,Moderate,1.3567511684189513e-05,6.874897554836553e-08,1.4481303700188678e-07,0.8621381118786571,0.13784810704764622
S04136600_20200525,Moderate,Moderate,6.401535468775241e-09,2.9488107695109472e-08,8.752295985480584e-10,0.999995697943773,4.2652913542130875e-06
S04136600_20210503,Moderate,Moderate,1.6497388286400474e-08,2.1286338913360383e-07,1.401295213752287e-10,0.999998616373938,1.1541251550358286e-06
S04136600_20220512,Moderate,Moderate,2.8859649300659035e-07,0.010336402223131008,6.461772889673017e-08,0.989660811318497,2.4332441501399685e-06
S04136910_20120820,Moderate,Moderate,1.6321419676499975e-06,0.016331695120779803,1.596895502385782e-08,0.9836662553998508,4.01368446849082e-07
S04136910_20130827,Good,Good,1.5956727287107228e-05,0.9876328278235638,0.00603643461201752,0.006312003956728134,2.7768804034896645e-06
S04136910_20140603,Moderate,Moderate,8.967873209923445e-06,0.07251680304387113,1.2411145884802605e-07,0.9274457327642681,2.837220719201086e-05
S04136910_20200716,High,High,4.198296900983814e-05,0.18745773437112956,0.7243566917898154,0.08241820608154994,0.005725384788495288
S04136910_20210611,High,High,2.7457246948411513e-07,0.0029020411531999364,0.9970132631967386,8.134585345520675e-05,3.0752241368008973e-06
S04137025_20140930,Moderate,Moderate,0.00017862041093382987,0.000352040539528262,1.4314268765690126e-07,0.9248797911152759,0.07458940479157443
S04137025_20160720,Moderate,Moderate,2.1399119508189426e-05,0.000755361725445487,4.688243914227789e-05,0.9950439271774549,0.00413242953844916
S04137050_20160720,Poor,Moderate,3.7579393303563576e-06,0.006628003870220011,3.4275011218608717e-06,0.7997740853913972,0.19359072529793067
S04137050_20170829,Moderate,Poor,6.47326924451429e-06,0.000515160948191844,3.66194409182359e-05,0.006012084495870075,0.9934296618457753
S04137695_20120614,Moderate,Moderate,9.258129567804133e-07,0.0075402824209821005,1.1388252763657327e-06,0.9924022864655239,5.536647526095733e-05
S04137695_20150715,Good,Moderate,2.818108073772181e-05,0.14737797415916953,0.0015522188546708373,0.8304534618814874,0.020588164023934485
S04137695_20180824,Moderate,Moderate,2.1981134382722372e-06,0.1958816602675306,3.96253139843482e-06,0.7997015113375286,0.00441066775010412
S04137695_20210517,Good,Moderate,1.9902887298045707e-06,0.005352679810925325,5.087020826244371e-06,0.9915710526497602,0.0030691902297584326
S04137900_20120910,Moderate,Moderate,3.6946818864564147e-07,2.9728718218612806e-06,1.0355115391118948e-08,0.9942312609575076,0.005765386347366552
S04137900_20130711,Moderate,Moderate,3.3810163644361745e-08,4.873578555172012e-08,1.7375730535423526e-09,0.9999967464467842,3.169269693495965e-06
S04137900_20140730,Moderate,Moderate,7.744048263923965e-07,4.87729108813462e-05,1.7597594660053569e-09,0.9996091663004802,0.00034128462405261044
S04137900_20170628,Moderate,Moderate,3.164014588146307e-08,1.372675985873736e-06,1.5519135804028567e-09,0.9999083320531896,9.026207876510168e-05
S04137900_20180703,Poor,Poor,5.7974413430838236e-08,8.097828480331262e-08,3.5920670465302986e-09,0.026771643591041786,0.9732282138641929
S04137900_20190821,Moderate,Moderate,1.1627001455338685e-07,8.132245549166088e-06,9.125918212031238e-09,0.9956946325797685,0.00429710977874955
S04137900_20200908,Moderate,Moderate,4.451290370849062e-07,5.008776083736535e-05,3.632379770875339e-08,0.999867404847902,8.202593842577473e-05
S04137900_20210930,Moderate,Moderate,7.896024766497337e-07,0.0003641883199691074,1.2277340257573524e-07,0.9982370890726724,0.0013978102314792487
S04137900_20220601,Moderate,Moderate,2.4647278017202893e-07,1.6599795401672866e-05,8.32839459538063e-09,0.9988030060605951,0.0011801393428285084
S04137993_20120911,Moderate,Moderate,8.494621093463915e-08,0.0062387572891828775,9.010153021535909e-09,0.9937610995897879,4.916466532363089e-08
S04137993_20130711,Moderate,Moderate,3.8541536261796626e-07,0.003041485729859317,2.09520412452584e-08,0.9969580670890185,4.08137183496926e-08
S04137993_20140805,Moderate,Moderate,1.3898289006383539e-08,8.368132250152041e-06,1.6158014743182733e-08,0.9999902106809677,1.3911304783573328e-06
S04137993_20160711,Moderate,Moderate,3.6388553013191283e-07,0.008140766154950314,1.5831668198033089e-06,0.9918569641742615,3.2261843825304e-07
S04137993_20170628,Moderate,Moderate,7.615648809441109e-07,0.061176615666038506,1.6818277146398346e-06,0.9388198070753545,1.1338660114536373e-06
S04137993_20190711,Moderate,Moderate,7.854860319057917e-09,7.195787880568063e-05,5.326264004281245e-09,0.999928020992915,7.947155030637933e-09
S04137993_20200724,Moderate,Moderate,2.083271573737247e-07,0.008525124549326574,1.7672852602583172e-07,0.9914744675980087,2.2796981244195138e-08
S04137995_20130905,Moderate,Moderate,8.265392894128987e-07,0.00026363038950043825,2.865570950448406e-07,0.9989648949315584,0.0007703615825567313
S04137995_20140904,Moderate,Moderate,7.623387722982621e-07,3.553498906518239e-05,6.267310153650476e-08,0.9960629868008191,0.003900653198241933
S04137995_20160721,Moderate,Moderate,1.6426674978557535e-07,1.670543132286155e-07,9.132070327452092e-10,0.9838863560818921,0.016113311683837787
S04137995_20170831,Poor,Moderate,2.828921582317778e-08,5.672932163627747e-09,1.3361002383470473e-09,0.9988619875069935,0.001137977194758322
S04137995_20180904,Moderate,Moderate,3.6423875991874204e-08,2.0439375277682512e-08,4.39420909862941e-09,0.9001354140739645,0.09986452466857515
S04137995_20190912,Moderate,Moderate,2.220687240493197e-07,1.125889281972884e-06,6.967941651885106e-08,0.9993708666545437,0.0006277157080337236
S04137995_20200917,Moderate,Moderate,2.7452804828354213e-07,3.825709209517544e-05,3.5798219549584895e-08,0.9999275879163929,3.3844665244001544e-05
S04137995_20210722,Poor,Moderate,3.3268544868554654e-07,3.7385534484005066e-06,2.9155956184687768e-08,0.9483753170542494,0.05162058255089735
S04137995_20220825,Moderate,Moderate,1.8380761471756235e-08,2.2052549168444235e-06,1.7885746098679636e-09,0.9998618171159286,0.00013595745981851047
S04138000_20130927,Moderate,Moderate,1.9805487793140403e-07,8.059618397940781e-05,1.1828591401209013e-07,0.9995885088311994,0.0003305786440292851
S04138000_20150723,Moderate,Moderate,1.215959321443317e-08,1.0390817229986963e-07,4.7435210818483814e-09,0.9999988987956866,9.803930268367632e-07
S04138000_20180824,Moderate,Moderate,3.324094072118119e-08,8.262837685448234e-08,8.251260846531217e-09,0.9999724327825538,2.7443096867910474e-05
S04138000_20210813,Moderate,Moderate,1.0056189704123454e-07,3.8075069543387214e-05,6.591612893294425e-09,0.9999193274983091,4.24902786376074e-05
S04139050_20120626,Moderate,Moderate,4.474976068820501e-06,6.386377021670356e-05,4.893610525958286e-08,0.9998828755735312,4.8736744077917176e-05
S04139050_20131001,Poor,Moderate,5.190763420239937e-06,0.000695664654468384,0.00013435975793740944,0.9911937672359323,0.007971017588241617
S04139050_20140904,Moderate,Moderate,1.4132692100636143e-06,0.012721781099742294,3.8999595044562475e-08,0.987270722668185,6.0439632675147495e-06
S04139050_20150708,Moderate,Moderate,8.997881618709367e-07,0.0006229307242791932,1.2537916899137967e-07,0.9993723865590565,3.6575493335399452e-06
S04139050_20170913,Moderate,Moderate,1.0259681998101048e-06,3.883215641138628e-06,2.0782997451440264e-09,0.9973953587364345,0.0025997300014249094
S04139050_20181005,Moderate,Moderate,3.79594202532718e-08,3.310627573478877e-06,7.959072139357864e-09,0.9999964814700661,1.6198386801558964e-07
S04139050_20190625,Moderate,Moderate,2.962193671586058e-07,5.515756912903306e-05,2.8607336105132082e-08,0.999930700835273,1.3816768894628937e-05
S04139050_20200717,Moderate,Moderate,8.146088635508938e-08,3.3112606065798233e-06,3.5822783777106854e-09,0.9997140155192593,0.0002825881769693475
S04139050_20210818,Moderate,Moderate,7.944532902517002e-08,3.222782691034592e-06,4.24153788348087e-09,0.9999954403971412,1.2531333008834045e-06
S04139050_20220718,Moderate,Moderate,1.2673456613891543e-07,1.5079697059713672e-05,3.398289760325508e-08,0.9998584341183777,0.00012632546709873677
S04139100_20120605,Moderate,Moderate,2.399916736130203e-07,0.03264342910093952,1.4342275955097595e-07,0.9673539970691036,2.1904155237358445e-06
S04139100_20130711,Good,Moderate,1.2132464569989003e-07,0.00030037356345285733,3.6628744243015617e-09,0.999698707605438,7.938435889236089e-07
S04139100_20200702,High,High,1.0730568787156814e-05,0.2313273144353654,0.7657167299302783,0.002925516538200177,1.9708527368812982e-05
S04139100_20210504,Good,Moderate,3.313120443171448e-06,0.06966644697276483,0.0004608349708961073,0.929768510019155,0.00010089491674081569
S04139250_20120614,Moderate,Moderate,8.73198481584604e-08,3.962128504975273e-05,2.7665663442121134e-09,0.9999601668672398,1.2176129590883442e-07
S04139250_20130730,Moderate,Moderate,4.4040957801373636e-08,3.1738834098797924e-05,3.4677914608620893e-09,0.9999674906389937,7.230181582739526e-07
S04139250_20150722,Moderate,Moderate,1.9696916199765166e-09,1.3266596779572842e-07,6.781069450728272e-11,0.9999996973661819,1.6793034787220524e-07
S04139250_20170718,Moderate,Moderate,5.21059007649414e-09,8.497743261459848e-06,2.2116651148849997e-10,0.9999914956011403,1.223841703281114e-09
S04139250_20200603,Moderate,Moderate,1.7933271845264858e-08,2.3591535724877554e-06,2.4001759254568537e-09,0.9999973903013568,2.3021162295221734e-07
S04139280_20130711,Moderate,Moderate,2.832953032191467e-08,6.521621044583937e-07,1.0406223463362105e-09,0.9999992745896343,4.3878108627895974e-08
S04139280_20140825,Moderate,Moderate,1.6314148999275583e-07,1.8071109988377564e-05,1.9101889885342767e-08,0.9999632656054254,1.8481041206361482e-05
S04139280_20150623,Poor,Moderate,6.325852311383795e-07,1.177370373228846e-08,1.8762951618102165e-08,0.591233887296026,0.40876544958208755
S04139280_20170704,Moderate,Moderate,6.30609931108017e-08,7.006871000036721e-07,1.6884086296610516e-09,0.9999985436745503,6.908889480119607e-07
S04139280_20180522,Moderate,Moderate,4.397232307419392e-07,7.232749395745094e-05,5.765070944031783e-08,0.9999269864347013,1.8869740105524946e-07
S04139280_20190711,Good,Moderate,1.2994264594858164e-05,0.0016824784764751387,8.343190114469017e-08,0.9983013911277594,3.052699269516868e-06
S04139280_20200630,Moderate,Moderate,1.6572220269449647e-07,0.0007722740132515911,2.6418428956931395e-09,0.9992274449155096,1.1270719320467248e-07
S04139280_20210511,Moderate,Moderate,2.9763971597510956e-08,3.8793433385569285e-07,7.817213581202809e-10,0.9972609930756471,0.002738588444326162
S04139280_20220623,Moderate,Moderate,2.4331536664458965e-07,0.0015382895153146063,2.014439625027731e-07,0.9984594402625983,1.8254627580075536e-06
S04139300_20160927,Moderate,Moderate,6.527317729037529e-07,4.176662424728458e-05,1.8859409740546727e-07,0.9998516652215206,0.00010572682836189242
S04139300_20180522,Moderate,Moderate,6.122134545378603e-07,0.0012476565619167373,1.4864633335265897e-06,0.9987484220852244,1.8226760707015334e-06
S04139300_20190611,Moderate,Moderate,3.3257429033950117e-09,2.1415796001671576e-08,4.72712034991128e-11,0.9999957334606433,4.241750546503734e-06
S04139300_20210528,Moderate,Moderate,4.596789783674898e-06,0.02284352684699933,4.514578567225728e-07,0.9771501078900081,1.317015352090886e-06
S04139500_20160620,Moderate,Moderate,3.196493992331476e-08,1.865106210020213e-05,1.24988793898144e-09,0.9999813125586295,3.1644423936182753e-09
S04140000_20140905,Moderate,Moderate,1.866969949074011e-08,5.981464160521056e-08,6.456855624595314e-11,0.9999834061308674,1.6515320223047735e-05
S04140000_20160616,Moderate,Moderate,2.5500704100115545e-08,7.18848874403128e-07,6.450020996708537e-11,0.9999991802435421,7.534237920677048e-08
S04140020_20180523,Moderate,Moderate,1.833402080770167e-07,5.36455346453896e-07,2.1068929530081946e-08,0.9893436334049713,0.010655625730544478
S04140020_20210423,Moderate,Moderate,5.716649964985727e-06,0.0002115803892605101,1.3677804777266927e-07,0.8802089647217116,0.1195736014610151
S04140100_20130711,Moderate,Moderate,1.5108682887890205e-07,4.4499393252509323e-07,1.6194117303513215e-09,0.9999944772218335,4.925077993422572e-06
S04140100_20150605,Moderate,Moderate,3.05486296941793e-08,3.1005033875162636e-05,7.175484642370649e-10,0.9999686162153755,3.4748457119166666e-07
S04140100_20190604,Moderate,Moderate,3.219702240942024e-07,9.905521788812586e-05,3.087828946714308e-07,0.9998798874649916,2.0426564001593987e-05
S04140500_20130823,Moderate,Moderate,6.114334030664889e-08,7.906023469404582e-06,2.639776675004672e-09,0.9999873284979944,4.7016954191692395e-06
S04140500_20140905,Moderate,Moderate,8.219185557128684e-07,0.00041133474938332586,6.55827712237681e-07,0.9995681282886365,1.9059215712191973e-05
S04140500_20150710,Moderate,Moderate,3.9634788725268595e-07,0.00029618785168222366,1.7746224945906353e-08,0.9996899311260833,1.346692812224578e-05
S04140500_20200911,Good,Moderate,8.35346271917818e-05,0.03924957661306911,0.0006284828209008634,0.499840412744827,0.4601979931940112
S04140500_20210910,Moderate,Moderate,4.50160752807737e-06,0.004374724461601731,1.0066996411557582e-05,0.9876345888250517,0.007976118109406882
S04140700_20150623,Moderate,Moderate,7.097066811932509e-08,5.095935538121911e-06,6.657437734257881e-10,0.999994718583538,1.1384451205465392e-07
S04140700_20170628,Moderate,Moderate,6.172085684184289e-09,2.9383279518718105e-06,2.040856145154438e-09,0.9999970089232748,4.453583146255433e-08
S04140700_20180522,Moderate,Moderate,8.056706664537211e-08,1.3654031168164605e-05,3.810613427724681e-09,0.9999857960799494,4.655112024444705e-07
S04141295_20140905,Moderate,Moderate,2.34745674312254e-06,0.0065674853042468695,5.49126962876342e-07,0.9934280809668381,1.5371452089764439e-06
S04141295_20160712,Good,Good,2.1235162302046693e-05,0.6119134728278268,1.108422005688771e-06,0.3880449858271021,1.9197760763370648e-05
S04141295_20170623,Good,Good,7.689426513176284e-06,0.5764590685285101,4.404724653348092e-06,0.42352275542983686,6.081890486474352e-06
S04141295_20180808,Moderate,Good,2.260391401669483e-05,0.614126537871198,3.573915746950176e-06,0.3858380726082941,9.211690744378266e-06
S04141295_20190704,Good,Good,3.137743695373415e-06,0.9636799561574092,1.1206221842173748e-06,0.036314997861284316,7.876154268120221e-07
S04141295_20200527,Moderate,Moderate,1.070765243207885e-05,0.03360509574780209,2.4781349299931093e-06,0.9663812249325037,4.93532332204692e-07
S04141295_20210519,Moderate,Moderate,1.6343256967163987e-06,0.005147129577912155,1.4551285237134832e-08,0.9948475547074287,3.666837677121855e-06
S04141295_20220524,Moderate,Moderate,0.0001431202716038813,0.4362168007508747,1.2629039760981194e-05,0.5634901085617608,0.00013734137599968627
S04142300_20120723,Moderate,Moderate,2.651721782688991e-07,0.0002594311017865291,7.958721328191158e-10,0.9997395135453502,7.89384812840782e-07
S04142300_20130717,Moderate,Moderate,5.221557561401405e-06,0.00662137960383662,3.0233238163511806e-06,0.9933655787203263,4.796794459257994e-06
S04142300_20160712,Moderate,Moderate,3.762118069979602e-07,9.505973241219057e-08,3.089795969076671e-09,0.9895140370883083,0.010485488550356182
S04142300_20170711,Moderate,Moderate,1.5677845823906316e-07,3.9956726527495727e-07,4.547066534201465e-10,0.9961870728265453,0.0038123703730245646
S04142300_20180808,Moderate,Moderate,3.1816758286686092e-06,9.790684025671258e-05,1.1485133057715257e-07,0.9994408498963011,0.00045794673628306624
S04142300_20200710,Moderate,Moderate,3.1245800173482127e-06,0.00012430124881455942,9.733315972619359e-09,0.9998671721852667,5.392252585480155e-06
S04142300_20210804,Moderate,Moderate,8.851993562953933e-08,6.204891110718515e-05,9.568838927417516e-10,0.9999378273877373,3.422433605329976e-08
S04142300_20220706,Moderate,Moderate,2.3026784453825883e-06,0.003967109805152525,1.90956007139345e-08,0.9960301541016707,4.143191305993902e-07
S04143000_20120913,Moderate,Moderate,1.2618955012426684e-08,3.6696835213681117e-06,9.244573206751498e-10,0.9999963045826297,1.2190436660248114e-08
S04143000_20150707,Moderate,Moderate,1.6734504026928725e-06,2.6705125137761663e-05,6.411158288119914e-09,0.9999688221113354,2.7929019658802716e-06
S04143000_20160719,Moderate,Moderate,1.7112339640301804e-06,0.0017329180001478923,7.275147657528148e-09,0.9982515695902352,1.379390050526395e-05
S04143000_20170621,Moderate,Moderate,5.475940178954477e-08,4.778474489359713e-05,3.882256976051146e-09,0.999949896367926,2.2602455215895458e-06
S04143000_20180718,Moderate,Moderate,2.175528322112818e-07,7.313642271061476e-05,1.4227056301514743e-08,0.999881551128715,4.50806686858832e-05
S04143000_20190605,Moderate,Moderate,1.5828763245654989e-06,0.0010760816922037871,1.1158661373057797e-07,0.9988951404717233,2.708337313460575e-05
S04143000_20200702,Moderate,Moderate,2.452860076296647e-05,0.06082404865279459,6.729768760330061e-05,0.9390694200024776,1.4705056361491704e-05
S04143000_20210701,Moderate,Moderate,6.689867966462091e-07,1.8500018030871744e-05,6.385442340804836e-08,0.9999804304371419,3.367036072708948e-07
S04143000_20220628,Moderate,Moderate,3.5843022466681053e-08,0.0001331628742279118,3.526069022875723e-09,0.99986669505738,1.0269930062739314e-07
S04143150_20120913,Moderate,Moderate,6.65550157906102e-08,1.054326642476716e-06,1.010556110081453e-09,0.9999974550891637,1.423018621915744e-06
S04143150_20140708,Moderate,Moderate,4.936956530574777e-05,0.035223352165313505,1.7773405938950403e-05,0.9641241828793333,0.0005853219841084396
S04143150_20150629,Moderate,Poor,5.586166366815503e-05,2.9370666930402082e-06,1.298085671385984e-06,0.3163014138243406,0.6836384893596268
S04143150_20160719,Good,Good,8.978853980228789e-07,0.9965348338784229,2.247347898036847e-06,0.003459325384671948,2.695503609193434e-06
S04143150_20171013,Good,Good,2.0786624870707987e-05,0.8207738724935896,6.555424646451882e-06,0.17916935510833454,2.9430348558763135e-05
S04143150_20180718,Moderate,Moderate,1.3146318488072326e-06,0.030009416482314304,1.3109515151209673e-07,0.9699776435111239,1.1494279561525693e-05
S04143150_20190620,Good,Good,1.5650273593109226e-07,0.9976443404125332,2.4384588002967098e-08,0.002355356116600862,1.2258354205013523e-07
S04143150_20200702,Moderate,Moderate,3.034380187452288e-06,0.0208330538026614,5.963790172754689e-07,0.9791611184886627,2.196949471049946e-06
S04143150_20210701,Moderate,Moderate,1.7453040701487808e-05,0.21562385078676768,1.2348360215956955e-06,0.784349577765777,7.8835707323366e-06
S04143150_20220725,Good,Good,8.704339530643968e-07,0.9983696542913049,1.3673168683286625e-07,0.001628800954680322,5.375883749366538e-07
S04143190_20140708,Moderate,Moderate,3.469979943310354e-05,0.08501082127893078,1.6658613106202942e-07,0.9149541209798357,1.9135566935169337e-07
S04143400_20130906,Moderate,Moderate,1.5391449140005175e-08,6.776868318965152e-08,1.413643177053177e-11,0.9999998464351341,7.039059703868755e-08
S04143400_20160718,Moderate,Moderate,1.2302656354859772e-08,2.971410121703218e-07,7.993582844867129e-11,0.9999996228942561,6.75821395072605e-08
S04143400_20190625,Moderate,Moderate,9.036879461093945e-07,0.004226456006926307,3.373444807766307e-08,0.9957709818288425,1.6247418369571858e-06
S04143400_20220503,Moderate,Moderate,1.3125811045729755e-07,0.00022275936709000114,3.775632158727665e-09,0.9997769019364832,2.0366268429784128e-07
S04143500_20120912,Moderate,Moderate,7.27056260380769e-07,0.003193641305758199,5.751514757532196e-08,0.9968054347598861,1.3936294780987625e-07
S04143500_20130710,Moderate,Moderate,3.7128015210431997e-06,0.029927530716471362,2.4195243728617676e-08,0.9700683524162197,3.7987054412514815e-07
S04143500_20140825,Good,Good,1.5365133443441077e-06,0.6263245061418146,5.6463455043867734e-08,0.37367178724116,2.1136402260671223e-06
S04143500_20150624,Moderate,Moderate,3.7929436593780344e-07,2.138566407898092e-05,1.5542844434989267e-09,0.9999712370221117,6.996465158982462e-06
S04143500_20170627,Poor,Moderate,7.999121226225553e-07,5.904959917595959e-09,1.1261929862451065e-07,0.6795604205356178,0.3204386610280011
S04143500_20180807,Moderate,Moderate,1.0133843964288287e-07,2.1266648097167112e-05,8.671482037795079e-08,0.9999763459022245,2.1993964183035355e-06
S04143500_20190620,Moderate,Moderate,1.0602010270118574e-07,3.682895887406366e-06,3.6203596076911483e-10,0.9999961875697375,2.31522364367784e-08
S04143500_20200707,Moderate,Moderate,9.182863385584033e-08,1.5545964382192914e-06,5.6625867219017674e-08,0.9999977476691244,5.492799362688296e-07
S04143500_20210617,Moderate,Moderate,4.7565025182946194e-08,2.6920278227574134e-05,1.3100691249290036e-09,0.9999730162496738,1.4597004329957472e-08
S04143500_20220623,Moderate,Moderate,1.7010920046491435e-08,1.2340724591436179e-05,2.8179285495948714e-10,0.999987625779486,1.6203209610760548e-08
S04143550_20120912,Moderate,Moderate,4.9410649204988234e-06,0.037161621239002456,4.1491318092733484e-07,0.9628311434416238,1.8793412723591224e-06
S04143550_20130710,Moderate,Moderate,5.967207765059483e-08,5.155419582782807e-06,2.3497908884538375e-08,0.9999947299176711,3.1492759471973424e-08
S04143550_20140806,Moderate,Moderate,2.50383590761567e-07,0.00011196927928511666,1.2046066197511647e-09,0.9998818208385757,5.958293941794166e-06
S04143550_20150624,Moderate,Moderate,5.759524755330526e-06,0.33585516082842554,5.411952016121866e-07,0.6641351104404902,3.4280111273161066e-06
S04143550_20190618,Moderate,Moderate,2.2811594825738424e-06,0.0014581094350045723,3.9640301712010856e-06,0.9930007893609878,0.005534856014353876
S04143600_20130613,Moderate,Moderate,9.744450280425911e-08,5.976233237049453e-06,2.628707728745982e-10,0.9999933196718342,6.063875551479349e-07
S04143600_20160704,Moderate,Moderate,3.169651167564118e-07,8.602605537804555e-05,1.0153505836728383e-08,0.9999132942549588,3.5257104068979325e-07
S04143600_20190618,Moderate,Moderate,2.4801189978244824e-07,0.00023455002587172724,1.3615853839764138e-07,0.9997649978448029,6.795888725721972e-08
S04143700_20130614,Moderate,Moderate,1.2953222375304642e-05,0.15315399726123388,4.191069250282456e-07,0.8466615277307425,0.00017110267872320797
S04143800_20121005,Moderate,Moderate,3.834925776826509e-08,2.3099959782321694e-05,6.792963477464159e-09,0.999904594033087,7.226086490952339e-05
S04143800_20131001,Moderate,Moderate,2.6237432477925783e-06,0.0006061395072982692,4.276388940745952e-07,0.9993709553684315,1.985374212839577e-05
S04143800_20140901,Moderate,Moderate,6.274737454732942e-08,9.40460948492424e-06,6.252048314855013e-10,0.9999902774202576,2.5459767817611023e-07
S04143800_20150930,Moderate,Moderate,1.4267499294699313e-06,0.0011914313063626193,6.219586320632843e-09,0.9988012920620596,5.843662062046943e-06
S04143900_20120912,Good,Good,3.5378905613946966e-06,0.6115845713419332,1.2224978908394045e-06,0.3882314596637047,0.0001792086059097752
S04143900_20150624,Moderate,Moderate,3.0521967234190796e-06,0.2769136660941179,7.423644392983076e-08,0.7230565732600845,2.663421263035525e-05
S04143900_20180708,Moderate,Moderate,3.773921811429502e-08,5.6432959794494815e-05,3.480861554247574e-08,0.9999430528532938,4.416390780944734e-07
S04143900_20190514,Good,Good,3.542535631818464e-06,0.6536450135933561,9.10932339968148e-06,0.3461014569289483,0.00024087761866397074
S04144000_20140708,Moderate,Moderate,9.982564413601894e-08,4.9420213442953864e-06,3.083721104751723e-08,0.9999935974570177,1.329858782915915e-06
S04144000_20160620,Moderate,Moderate,2.518787187914953e-07,1.8260401743170368e-06,1.4969763595642347e-09,0.9999885144002703,9.406183860223473e-06
S04144000_20190703,Moderate,Moderate,4.6764534420818746e-08,3.714202987484392e-05,1.3552882068660249e-08,0.9999627787099789,1.894272983561009e-08
S04144000_20220629,Moderate,Moderate,1.0007372615946995e-07,4.9684360797014404e-05,1.9923942748275926e-06,0.9999423336084037,5.889562798365701e-06
S04144500_20120606,Moderate,Moderate,3.872420616572485e-07,1.4278132291344726e-07,5.10079094060486e-09,0.7670898444691965,0.23290962040662805
S04144500_20180524,Moderate,Moderate,1.0496233121677146e-06,2.1226501131541435e-05,2.2749223730286123e-07,0.9979600421968924,0.002017454186426644
S04144500_20190514,Poor,Poor,2.1745069295453615e-07,5.420357691343252e-11,1.9036663078715677e-10,0.0024844002919955314,0.9975153820127413
S04145000_20120627,Moderate,Moderate,5.106292674205457e-06,8.223682087733619e-05,8.180563156838307e-09,0.9998906132364856,2.2035469399685833e-05
S04145000_20131002,Moderate,Moderate,5.696979294566499e-07,2.24412349433695e-05,6.708814615177828e-08,0.9999750957755755,1.826203405462357e-06
S04145000_20140901,Moderate,Moderate,2.9522524809020893e-06,0.000612666428530984,2.763758554500317e-09,0.9993835056427411,8.729124883701249e-07
S04145000_20150812,Moderate,Moderate,4.413597588616494e-07,6.610954929898001e-07,3.0470570156158232e-09,0.9999924597534703,6.434744220851302e-06
S04145000_20160810,Moderate,Moderate,8.903037227746347e-08,1.4725118823599068e-06,2.510794302423334e-10,0.9999972550214346,1.1831852314231883e-06
S04145000_20181005,Moderate,Moderate,8.143026172012452e-06,0.0037828945901029697,1.0968687729982542e-06,0.9957379127182882,0.00046995279666375877
S04145000_20190718,Moderate,Moderate,6.229352093350845e-06,0.0002979714422129435,2.6714044654451103e-06,0.9492103430284462,0.050482784772782084
S04145000_20200902,Moderate,Moderate,3.771820170012936e-07,1.0040300426067203e-06,9.525282421115259e-08,0.9999975375846499,9.859504662942284e-07
S04145000_20210707,Moderate,Moderate,0.0001501403874649771,0.0005403948144963901,4.412750486490753e-07,0.9984266152719783,0.0008824082510117291
S04145000_20220915,Moderate,Moderate,1.2632469621405485e-06,6.504992647861428e-05,1.124769199949847e-06,0.9997423189884433,0.00019024306891594653
S04146000_20120822,Poor,Moderate,0.0002081991515666553,0.0011851656408372075,0.00010599957372298762,0.9918022006501785,0.006698434983694629
S04146000_20140901,Poor,Poor,7.600859556238655e-06,6.320545476255698e-06,7.444114262105157e-07,0.3964043610410198,0.6035809731425216
S04146000_20151001,Poor,Moderate,2.5507484905332347e-05,0.0010289078448101569,3.6267959511685604e-06,0.6826828324743991,0.31625912539993434
S04146000_20160927,Poor,Poor,6.940119792631747e-05,0.0025451084824203597,3.243640615631891e-05,0.293990919148693,0.703362134764804
S04146000_20181004,Poor,Moderate,1.2170638884910584e-05,0.0004913980149580345,0.0011313775861480184,0.7419652201527449,0.25639983360726415
S04146000_20200902,Moderate,Moderate,4.965836454855015e-08,1.7875465997603971e-06,7.857276660438776e-09,0.9998595153724488,0.00013863956531028778
S04146000_20210817,Moderate,Moderate,1.330360571031795e-07,1.6983747880087108e-06,1.4729112442018754e-08,0.999948432211155,4.9721648887435314e-05
S04146000_20220915,Good,Moderate,6.596102353839319e-06,0.0030848484661028025,9.184116448891247e-06,0.9925688872966322,0.004330484018462311
S04146100_20120604,Moderate,Moderate,8.311415673842044e-08,1.1180376608805985e-07,1.9838526525523242e-10,0.9999994144340892,3.9044960268344367e-07
S04146100_20130618,Moderate,Moderate,3.0314171293953224e-07,2.479314321115775e-06,1.0051985304066684e-08,0.9999316398238821,6.55676680985588e-05
S04146350_20130718,Moderate,Moderate,3.256499399960246e-06,0.05228425048042266,2.5047698898723584e-07,0.9477120505273362,1.9201585226327318e-07
S04146350_20140825,Moderate,Moderate,1.0978992968563295e-07,8.623696478036499e-05,4.372942246955366e-09,0.9999133870672509,2.6180509683287065e-07
S04146350_20160713,Moderate,Moderate,4.8233848094513895e-09,7.042525057943426e-06,7.154444108318931e-11,0.9999929501510378,2.428974921394181e-09
S04146350_20170627,Moderate,Moderate,1.0520280493006514e-06,2.304545524962174e-05,4.73155353363603e-09,0.9986114556059145,0.00136444217923295
S04146350_20180809,Moderate,Moderate,2.1384874854806813e-08,5.023650000878219e-07,9.553548065945644e-10,0.9999992173264991,2.579682711941508e-07
S04146350_20210616,Moderate,Moderate,1.1788528952124283e-08,1.1604316446337708e-06,4.0003675831734324e-10,0.9999987956809773,3.169881241544736e-08
S04146400_20210511,Moderate,Moderate,4.47974238304867e-07,0.01834664742257312,9.632509051477344e-08,0.981559076494149,9.373178394906085e-05
S04146500_20120821,Moderate,Moderate,2.024154796558704e-05,0.002735092073676957,5.6528889092933785e-08,0.9972353902684817,9.219580986611721e-06
S04146500_20130712,Moderate,Moderate,3.0273654581741605e-07,1.3562876758200131e-05,1.7890897428150687e-09,0.9989889743725391,0.0009971582250671769
S04146500_20150604,Moderate,Moderate,7.929521302488974e-05,1.1410403346776207e-05,3.6018541628347333e-09,0.6971492379521141,0.30276005282966006
S04146500_20160720,Moderate,Moderate,3.904978685664118e-07,3.756095018124699e-06,3.585612729140401e-08,0.9999640784895766,3.173906140938028e-05
S04146500_20170829,Moderate,Moderate,7.873929579797214e-07,0.00030439241644090586,7.928132800862954e-08,0.9994942324892138,0.00020050842005937187
S04146500_20180918,Moderate,Moderate,2.183242396919271e-07,1.9504721310203534e-05,7.321405780549372e-09,0.9999388625928193,4.140704022513727e-05
S04146500_20190802,Moderate,Moderate,2.7885613072709884e-07,2.4714963490018134e-07,8.586009930732152e-09,0.9461696346677217,0.053829830740502786
S04146500_20200716,Moderate,Moderate,8.325410366361104e-07,0.0011672405989603062,9.963769527719699e-08,0.9988311215556285,7.056666793482973e-07
S04146500_20210615,Good,Good,2.1403010240730883e-06,0.9947490744801889,3.707147606874987e-06,0.005244738858558145,3.392126220696595e-07
S04146500_20220726,Poor,Moderate,1.8973139284990256e-06,7.86312510569067e-06,8.951543996833914e-07,0.6668288863706122,0.333160458035954
S04146600_20120913,Moderate,Moderate,8.323568677900636e-07,0.0006664912609103235,4.309684407312832e-06,0.9993282808631772,8.583463746262186e-08
S04146600_20131004,Moderate,Moderate,9.903832139392074e-07,2.7727737174056638e-05,5.240801736836316e-07,0.9995879720048012,0.0003827857946371217
S04146600_20150604,Moderate,Moderate,4.0249207767350727e-08,1.3396606384111628e-05,4.5609568901141323e-07,0.9999737408680692,1.2366180649961009e-05
S04146600_20160721,Moderate,Moderate,4.6068708392989944e-07,0.005051063982466808,1.0752186145339904e-06,0.9949472348228088,1.6528902594951663e-07
S04146600_20170829,Moderate,Moderate,1.4341706888928893e-07,0.0008087677313520033,2.9210644166603666e-08,0.9991908331902151,2.2645071984068833e-07
S04146600_20180912,Moderate,Moderate,7.563036518909955e-07,0.006523823089316991,6.373681769812342e-07,0.9934734260294482,1.3572094059651754e-06
S04146600_20190716,Moderate,Moderate,3.4985457173829218e-06,0.004798057966731375,3.0274204341086046e-05,0.9951383019575863,2.9867325623809492e-05
S04146600_20200908,Moderate,Good,0.00021901231424291498,0.726810703723916,0.006798901924858082,0.2657005161405039,0.0004708658964791395
S04146600_20210615,Moderate,Moderate,2.432980466161406e-06,0.1643571028346178,4.0275743388138634e-05,0.8355786017803145,2.1586661213386757e-05
S04146650_20150710,Moderate,Moderate,1.1654328157077479e-05,0.12361014682382147,2.1888860160094122e-06,0.8756436543621355,0.0007323555998699568
S04146655_20120605,Poor,Poor,1.1252688013235069e-07,2.7947822242284146e-10,4.1205264624449363e-10,0.005731064807313411,0.9942688219742756
S04146655_20130827,Moderate,Moderate,1.1556630038042048e-07,1.914079324868345e-06,3.5007149324270425e-08,0.9955870894260522,0.004410845921173279
S04146655_20180525,Moderate,Moderate,6.179053856188078e-08,1.7629915561859953e-06,1.3498641113745157e-09,0.9999929613960725,5.212471968571981e-06
S04146655_20190515,Moderate,Moderate,4.3149036143517196e-07,3.6288456131221846e-05,9.125778923386673e-09,0.9999614412364726,1.8296912558797263e-06
S04146670_20130822,Moderate,Moderate,5.330889675121894e-06,0.004195351059512558,1.1897461622648915e-06,0.9956539756599964,0.00014415264465375715
S04146690_20130822,Good,Good,0.00012162181070061618,0.9477156525955029,0.00013481823720714597,0.05108978774980199,0.0009381196067872274
S04146690_20140807,Good,Moderate,4.972081011157325e-08,0.0011505934494155023,3.0964495455655426e-08,0.9988492702678958,5.5597383170407476e-08
S04146690_20210607,Good,Moderate,0.0001400786597517343,0.10538627726157222,6.136305444212079e-05,0.8940734918266572,0.00033878919757659065
S04146750_20140604,Good,Good,0.000900010438843064,0.8470867320353919,0.021600628658365355,0.11652523806477585,0.013887390802623923
S04146825_20130822,Moderate,Moderate,1.7399765393486025e-05,0.0018623835011157069,3.048913141013283e-07,0.9976010436066991,0.0005188682354776586
S04146825_20140807,Good,Good,0.0010511546081579432,0.6051580197085196,0.032835659947747516,0.355106430878388,0.005848734857186925
S04146825_20180809,Good,Moderate,0.000299227268701358,0.06516500051657405,0.004170230331798719,0.6344505348611504,0.29591500702177537
S04146825_20200625,High,High,8.483169304167164e-08,0.00011962665867945218,0.9998644624487789,8.097295924246944e-06,7.728764924377009e-06
S04146825_20210610,High,High,9.55208498746318e-07,0.20820135942488968,0.7914084173419927,5.111201428743318e-05,0.00033815601033127977
S04146840_20120822,Good,Good,3.5317721895725244e-06,0.9984659677792629,6.409303883848169e-05,0.0014607162309985629,5.691178710467209e-06
S04146840_20130712,Good,High,0.0005481484755371715,0.07309695110758016,0.7418531465714725,0.1518641725385739,0.03263758130683614
S04146840_20140604,High,Good,1.1284343892104103e-05,0.6407739868728515,0.35727056231863863,0.0019234488982192415,2.0717566398599082e-05
S04146840_20150602,High,High,9.9511735345552e-07,0.008095619581975095,0.99157947889075,0.00032361399471465433,2.924152067445199e-07
S04146840_20160720,High,High,4.867376719685489e-08,0.00672092378045675,0.9932777642492265,7.733860663384591e-07,4.899104831762506e-07
S04146840_20170801,Good,High,3.403101090245131e-05,0.4303282862778833,0.553875119447443,0.014819047422920258,0.0009435158408510817
S04146840_20180809,High,Good,1.1578749495799425e-05,0.9235281211650151,0.07392871903245535,0.0011103665114981938,0.0014212145415355049
S04146840_20200720,Good,Good,1.2106544981327867e-05,0.9764408354545417,0.017265189851878252,0.006099377401495412,0.00018249074710322355
S04146840_20210615,Good,Good,6.148362853083284e-05,0.8518938153821477,0.13827815845873254,0.00014047756274643592,0.009626064967842435
S04146840_20220725,Good,Good,7.69115096645053e-06,0.9991858887913361,1.4064364712228696e-05,0.0006736802299085627,0.0001186754630767621
S04146920_20220628,High,Good,0.00023014604464216573,0.6631722378740375,0.08836502213608409,0.02351378798826615,0.22471880595697008
S04146950_20130822,Moderate,Moderate,2.460725016089219e-07,0.00019382221604005647,8.943215668915118e-08,0.9997620785127327,4.37637665690537e-05
S04146950_20140807,Good,Moderate,0.0010184723378227458,0.12669936098947254,0.00881848777743988,0.8624129172190717,0.0010507616761932423
S04146950_20150710,Moderate,Moderate,1.7755429398545764e-08,3.8056742297085387e-06,4.1537697957049116e-09,0.999994401453195,1.7709633761578588e-06
S04147200_20150710,Moderate,Moderate,7.539702767480831e-05,0.38902444133624986,0.0012334455919473931,0.46622953298993103,0.14343718305419695
S04147350_20130822,Moderate,Moderate,4.860864286453335e-07,0.0005284104099313965,9.009282878314917e-09,0.9981623237473155,0.0013087707470416426
S04147350_20140807,Moderate,Moderate,1.8148199613425511e-07,8.227700408608227e-05,1.5045331751203595e-09,0.9998453222579408,7.221775144390888e-05
S04148250_20150710,Moderate,Moderate,1.3660059767129252e-06,7.21501914564783e-05,1.571085274820108e-05,0.999785619762145,0.0001251531876735177
S04148560_20120613,Moderate,Moderate,2.335137872014844e-06,0.0006135767005644195,3.7515435489422054e-08,0.9962494935227171,0.00313455712341112
S04148560_20150623,Moderate,Moderate,7.512074406549125e-09,1.94643449590949e-08,3.971905894290252e-11,0.999999902796472,7.018738952652055e-08
S04148560_20180801,Moderate,Moderate,4.992162991563192e-07,2.0149841661538316e-05,3.68666047771593e-08,0.9999721438236369,7.170251797646931e-06
S04148570_20120626,Moderate,Moderate,2.357427747729029e-06,0.00011711947906016587,2.699034667881479e-07,0.9998750634381701,5.189751555078667e-06
S04148570_20150623,Good,Moderate,7.321813189727786e-08,3.0484555264939156e-05,2.8409783654213798e-09,0.9999693763310096,6.305461525312543e-08
S04148570_20180801,Good,Moderate,2.3145504412950398e-07,5.473456694344976e-06,1.5763489358498774e-08,0.9999942178886108,6.143616133292653e-08
S04148575_20130822,Moderate,Moderate,6.871040448872412e-09,9.270006922645273e-07,1.128336009180593e-10,0.999998366569537,6.994458966022073e-07
S04148575_20140808,Moderate,Moderate,6.392502113436446e-09,4.207481275197102e-07,1.0458884136839565e-10,0.9999608071755026,3.87655792789448e-05
S04148580_20120525,Moderate,Moderate,6.088565247239784e-07,3.2590770350753935e-07,2.8536380187403936e-10,0.9725315216037015,0.02746754334670648
S04148580_20150528,Moderate,Moderate,1.0808720869169505e-06,0.0021842025185535804,6.75606834874536e-09,0.9978140261115667,6.837417244065642e-07
S04148580_20180628,Moderate,Moderate,9.17443129610454e-08,1.584687852594688e-06,1.949410245821175e-09,0.9999981317376064,1.898808177835108e-07
S04148587_20140807,Good,Moderate,0.00260257091817868,0.05562384253155291,0.0008659910169092653,0.9389238752510692,0.0019837202822898994
S04148587_20150710,Moderate,Moderate,0.0007419117521892537,0.29538025307083116,2.6171813774415574e-05,0.7035007297803996,0.00035093358280571015
S04148590_20120627,Moderate,Moderate,1.6270911200995567e-08,1.7604326405475037e-08,2.351252401987066e-11,0.9999915903673113,8.375733938522428e-06
S04148590_20130619,Moderate,Moderate,1.2900692622170845e-08,5.0730004979802853e-08,1.8951439373872853e-10,0.9999986540625191,1.2821172689426847e-06
S04148590_20140609,Moderate,Moderate,5.222534287483701e-07,0.00410812721394199,1.378320768637213e-09,0.9958696683772528,2.16807770558273e-05
S04148590_20150602,Moderate,Moderate,1.4896103613859296e-07,4.26437795954442e-06,3.35107069754384e-10,0.9999950842079868,5.021179105817084e-07
S04148590_20160726,Moderate,Moderate,1.320936471393037e-08,9.944483721601185e-10,1.1016878306779524e-10,0.9985709017256978,0.0014290839603203272
S04148590_20170906,Moderate,Moderate,1.1023065467915727e-07,1.9255768845727487e-06,2.33047744582619e-09,0.9999942531226736,3.7087393095669043e-06
S04148590_20180808,Moderate,Moderate,1.3044492459499723e-07,1.1738519028062306e-06,1.2427624400820376e-09,0.9985029864939575,0.00149570796645259
S04148590_20190604,Moderate,Moderate,5.6665537979306745e-08,2.9724282262525576e-08,4.944637965674324e-10,0.9999601935203535,3.971959536250387e-05
S04148590_20200709,Moderate,Moderate,2.300529339733905e-07,2.1709315472982124e-05,3.476315438597055e-09,0.9998369061942316,0.0001411509610460052
S04148590_20220628,Moderate,Moderate,3.6619583814472164e-07,0.00024243032541926895,8.958944584398642e-09,0.9997285703176674,2.862420213069126e-05
S04148750_20220419,Moderate,Moderate,7.977005664532814e-06,0.00012508628084816986,6.735709516385496e-08,0.9610113746217986,0.038855494734593383
S04148800_20130823,Moderate,Moderate,3.14838555820693e-07,3.219241867061575e-05,1.2968605767284537e-07,0.9999397293877819,2.763366893398289e-05
S04148800_20140808,Moderate,Moderate,7.807826816545906e-07,1.6125588983665364e-06,2.115166202618425e-06,0.9999233912316368,7.210026058054488e-05
S04148800_20150710,Moderate,Moderate,2.6093318552514905e-07,2.3305878091146474e-05,2.1854751891588535e-07,0.9922106326892465,0.007765581951957942
S04148820_20130823,Moderate,Moderate,8.623335715085426e-07,3.867897832625832e-06,1.1324266605917122e-08,0.9998371478694585,0.00015811057487075293
S04148820_20140808,Moderate,Moderate,2.292823786946618e-06,2.5401594384920158e-05,3.814552526902901e-08,0.9927825534418787,0.007189713994424032
S04148820_20150710,Moderate,Moderate,5.364142091129176e-08,1.7228006832532263e-07,1.3390685437978146e-09,0.9999815306966622,1.824204278005002e-05
S04148820_20180808,Moderate,Moderate,5.556278151228409e-06,5.7234602840133926e-05,1.4742859744756494e-06,0.9967428570413603,0.0031928777916736635
S04148820_20190604,Moderate,Moderate,4.609532322934709e-07,1.874356951557106e-05,1.842367957400208e-07,0.9995475422243557,0.0004330690161005796
S04148850_20220420,Moderate,Moderate,6.043421107295105e-07,0.00015727657305731886,4.282107534664609e-08,0.9837221413054922,0.016119934958264477
S04149350_20120604,Moderate,Good,3.6945212275843604e-05,0.667312077663323,3.861755822985664e-05,0.33218628188235233,0.00042607768381894973
S04149350_20130617,Good,Good,6.120091079217484e-07,0.9304064581836762,3.3265592540892565e-07,0.06959160348714855,9.936641420042551e-07
S04149350_20140709,Moderate,Moderate,2.754937839114888e-06,0.0038170110486287815,3.9870040507760315e-06,0.9961242678993331,5.197911014836507e-05
S04149350_20150604,Moderate,Moderate,2.2808643892554416e-07,8.693278924813643e-06,5.732439034175889e-08,0.9999780757060642,1.2945604181689363e-05
S04149400_20120821,Moderate,Moderate,3.5030868977638774e-06,0.0007837249713322233,5.069793211855945e-07,0.9991775169687248,3.474799372409314e-05
S04149400_20130617,Moderate,Moderate,5.673841446947515e-07,0.00037858263892826644,1.4724835459161637e-08,0.999620798863216,3.638887555892105e-08
S04149400_20140709,Moderate,Good,5.90403583250236e-06,0.8337314774273856,1.6839134330681129e-06,0.16615591577830266,0.00010501884504620906
S04149400_20190516,Moderate,Moderate,4.75529463661653e-08,3.5036094600776825e-06,2.763085059160142e-08,0.9999757949067448,2.0626299998141853e-05
S04149400_20200608,Moderate,Moderate,3.4704825220678782e-06,0.0021872588731549738,4.482654712349851e-05,0.9938168129910548,0.003947631106144548
S04149680_20130823,Moderate,Moderate,5.601920658278229e-06,0.0001805047969464282,3.481331838363186e-08,0.9977282194132325,0.0020856390558443116
S04149680_20140808,Moderate,Moderate,3.184316927879164e-06,0.005092337658588411,4.648580672875299e-08,0.9944166712603233,0.0004877602783537515
S04149950_20120914,Poor,Poor,5.1217533669712015e-06,0.0021126975889033655,0.0011105981409364762,0.053992054220395325,0.9427795282963979
S04150500_20120627,Moderate,Moderate,1.0189240011461792e-07,1.2485056548497706e-05,5.8874704789202115e-09,0.9997355267255508,0.0002518804380301403
S04150500_20130618,Moderate,Moderate,3.3981128895139634e-08,5.172397438704524e-07,7.615564120103724e-10,0.9915027267020147,0.008496721315556163
S04150500_20140624,Poor,Moderate,8.354843370967797e-07,3.7140139498023376e-06,3.936403740574303e-08,0.9559746317907859,0.04402077934688977
S04150500_20150602,Moderate,Moderate,1.3734653356672049e-06,5.008126041431549e-07,4.464807579135677e-09,0.5863069514629277,0.41369116979432496
S04150500_20160629,Moderate,Moderate,3.220794493870673e-05,0.008919313408131763,6.522573534874293e-07,0.9909342022745093,0.00011362411506664676
S04150500_20170621,Moderate,Moderate,1.7995191641361215e-06,1.5887094358262142e-05,5.765418068788302e-07,0.9999784833310916,3.2535135791497254e-06
S04150500_20180717,Poor,Moderate,1.4829330224069582e-06,6.682838134044989e-08,2.4523671320865566e-09,0.8669641331075105,0.13303431467871862
S04150500_20190515,Good,Moderate,1.678010337011795e-05,0.21901129123762927,1.957556605062279e-05,0.7319446471542819,0.04900770593866809
S04150500_20200604,Poor,Moderate,1.414316184990963e-06,3.17556778757618e-06,1.9775131296102513e-09,0.8573378204561389,0.14265758768237544
S04150500_20210503,Moderate,Moderate,3.7822659874146634e-07,0.00012564942540980087,5.3098971585530436e-08,0.9998214673289979,5.245192002199253e-05
S04150500_20220505,Good,Moderate,1.2623060376895179e-05,0.08599717959468814,1.62077336394445e-05,0.9138545711869968,0.00011941842429871731
S04150515_20120628,Poor,Moderate,2.536298938086636e-05,6.509068803325365e-05,9.450700998961102e-07,0.6341046469093874,0.36580395434309865
S04150515_20150602,Poor,Moderate,2.447976434742332e-06,1.4157875916861336e-06,1.5343648442164405e-08,0.9088523665616389,0.09114375433068617
S04150515_20200703,Poor,Moderate,4.592092079390299e-06,1.662508087957601e-05,4.467152998094034e-06,0.9608913684748193,0.03908294719922363
S04150515_20210427,Poor,Moderate,7.73467239780325e-06,5.097697720024036e-05,3.342956389149726e-05,0.875232926558012,0.12467493222849857
S04150640_20120914,Bad,Poor,4.3903753613088745e-05,0.0015289823948909083,0.0005581725803214933,0.01666456922990886,0.9812043720412656
S04150640_20180718,Poor,Poor,0.00023114089778527804,0.015936562595780957,0.00020327083794900635,0.02847413958277204,0.9551548860857128
S04150640_20190801,Bad,Poor,4.440522234583259e-07,0.0007206091564886394,0.0009144107366108277,0.002526008234227383,0.9958385278204498
S04150800_20120516,Poor,Poor,5.390247790753074e-07,1.8366162160547543e-07,1.5727859033568137e-09,0.17612174630109595,0.8238775294397175
S04150800_20150601,Moderate,Moderate,5.014890953257558e-08,4.1269918809437216e-06,2.381230503051864e-10,0.9999957703549326,5.226615377163183e-08
S04150800_20180605,Moderate,Moderate,7.153218896193404e-08,2.965489549112834e-06,1.461758093733679e-10,0.9999950735888721,1.8892432141729774e-06
S04150830_20120821,Moderate,Moderate,5.532375935344939e-09,2.3400776088408263e-07,7.87752566854229e-10,0.9999996183590252,1.4131308548074994e-07
S04150830_20130710,Moderate,Moderate,1.259710467350585e-08,2.3789613385231796e-07,1.1904530339116448e-10,0.9999943739844255,5.375403290703742e-06
S04150830_20140610,Moderate,Moderate,4.115688739708294e-08,5.269793497530489e-05,1.3784712929631759e-09,0.9999396085152787,7.65101438730311e-06
S04150830_20150710,Moderate,Moderate,6.907133851947037e-08,1.5072343348325034e-05,1.7166828855386233e-08,0.9999790094045152,5.832013969159144e-06
S04150830_20160720,Moderate,Moderate,1.0060001814173603e-06,0.001686909642100999,1.8733763970408962e-08,0.9983092599194672,2.8057044862996223e-06
S04150830_20170906,Moderate,Moderate,2.1316717186831452e-07,1.5725533545569416e-05,1.6424837425668064e-08,0.9999789276165947,5.117257850451983e-06
S04150830_20180717,Moderate,Moderate,1.48527036047973e-07,7.12926912522023e-06,1.0120897255534846e-09,0.9975493514513446,0.002443369740404358
S04150830_20190725,Moderate,Moderate,3.779789126472592e-08,7.220096177060742e-08,3.266575319733032e-10,0.9999909161183623,8.973556127029666e-06
S04150830_20220614,Moderate,Moderate,1.2505319919978234e-07,8.508380445627983e-05,1.1515601610424407e-08,0.9998933272576004,2.1452369142516353e-05
S04150850_20150601,Moderate,Moderate,2.791309218255747e-08,3.503272147401497e-06,1.4963796085549379e-09,0.9999317735835754,6.469373480527969e-05
S04150850_20180727,Moderate,Moderate,1.1250770380498852e-07,2.200277272782337e-06,1.9009995928844772e-09,0.9999894330666629,8.252247360905591e-06
S04150850_20210601,Moderate,Moderate,9.659422517723542e-08,7.630270400001628e-05,1.4370621450450504e-07,0.9999181304264776,5.3265690826813815e-06
S04150870_20120614,Moderate,Moderate,8.531394838979004e-07,4.4872447309287904e-05,1.2707355211332174e-09,0.9999425089360271,1.1764206444314273e-05
S04150870_20150612,Moderate,Moderate,2.673746871112633e-08,5.161938486643481e-06,8.231819169539534e-10,0.9999947724687566,3.80321060609171e-08
S04150870_20180803,Moderate,Moderate,7.747400573552659e-07,7.741954775839534e-05,1.1159657071901599e-07,0.9991152177425137,0.0008064763730998572
S04150900_20120929,Moderate,Moderate,3.6000115402922455e-05,1.8791548177212248e-05,5.097873080896127e-08,0.9975394000250392,0.0024057573326499216
S04150900_20130710,Moderate,Moderate,1.2212960908823833e-06,2.6244247466712075e-06,2.1949402072075422e-09,0.9942306954994539,0.005765456584768374
S04150900_20140610,Moderate,Moderate,8.302201923495765e-08,9.621620984121886e-08,6.410350841965669e-10,0.9994701464767062,0.0005296736440296269
S04150900_20150710,Moderate,Moderate,2.2503182249404035e-07,1.3598532042639437e-06,2.906439837633487e-11,0.9999981889712424,2.2611466640927514e-07
S04150900_20200623,Moderate,Moderate,7.925892149958379e-08,8.100441601314357e-09,2.0901305032919123e-09,0.9988228908069964,0.0011770197435100583
S04150900_20210610,Moderate,Moderate,1.6515123675816896e-08,1.7403756302002848e-06,1.946396529436737e-10,0.9999981207896993,1.2212490717034857e-07
S04150940_20120606,Moderate,Moderate,9.849802949585654e-07,9.72318791950162e-07,2.0311210932116914e-08,0.9997443350848938,0.00025368730480839245
S04150940_20130710,Moderate,Moderate,3.752950584669607e-05,0.0006158159867225555,2.6636503069950015e-08,0.991476651585505,0.007869976285422558
S04150940_20150710,Moderate,Moderate,4.3782828831800204e-07,0.0001957132547042116,6.499945347547407e-08,0.999717146154458,8.663776309597265e-05
S04150970_20130710,Moderate,Moderate,5.336629491677862e-08,0.00017650656067209688,7.118400402741239e-09,0.9998231016181416,3.313364910084494e-07
S04150970_20150710,Moderate,Good,2.0012996581315315e-05,0.6015882362288975,1.4932998674862397e-07,0.39831971481514244,7.188662939217927e-05
S04150970_20200623,Moderate,Moderate,1.2318456288761016e-08,9.355663615161424e-08,5.0491591295265453e-11,0.999999884378272,9.696143985442689e-09
S04150970_20210602,Moderate,Moderate,4.580526456083681e-08,4.565965809099625e-05,1.131048042367046e-09,0.9999540218723371,2.715332593346878e-07
S04151500_20120627,Moderate,Moderate,2.2199931166105164e-07,0.00039240807024437744,3.972194657079368e-10,0.9996071756959662,1.9383725815805132e-07
S04151500_20130709,Moderate,Poor,7.479719550208614e-09,6.228928371908502e-09,1.0215397599128168e-11,0.0319172232238401,0.9680827630572966
S04151500_20140630,Poor,Moderate,3.1025876536102465e-07,2.7387077612666615e-06,5.824592077431787e-09,0.9554775463163797,0.04451939889250167
S04151500_20150625,Moderate,Moderate,1.9010793652931656e-06,1.621738150859238e-06,2.3785876084387883e-08,0.990943090871749,0.009053362524858832
S04151500_20160719,Moderate,Moderate,1.1933467356482617e-06,0.004752727823130292,3.656399322449724e-07,0.9952399363719058,5.77681829606704e-06
S04151500_20180717,Moderate,Moderate,6.376867501308228e-07,3.980633651663877e-06,6.29473187164697e-08,0.9330349842652892,0.06696033446699039
S04151500_20190514,Moderate,Moderate,6.648049955707064e-07,3.630044125190709e-08,5.692957689033297e-09,0.9340941637643214,0.06590512943728408
S04151500_20200604,Moderate,Moderate,2.443542244197971e-05,0.010511834357028687,7.396896966556242e-07,0.9890815294745143,0.0003814610563182983
S04151500_20210610,Moderate,Good,2.069205766430031e-05,0.7783033577967284,1.1886235317850015e-05,0.22136470726407956,0.0002993566462097718
S04151500_20220607,Moderate,Moderate,6.366049495595259e-06,0.17224253956969848,4.500194307813443e-07,0.8276221470987315,0.00012849726264360398
S04152000_20120626,Moderate,Moderate,1.1969592591288474e-05,1.891288539705229e-05,1.1023392482960863e-07,0.932935673474008,0.06703333381407883
S04152000_20131001,Poor,Moderate,8.015430848238356e-05,1.335909311794233e-05,9.191718473111439e-09,0.9984814220394744,0.0014250553672066819
S04152000_20140819,Moderate,Moderate,0.0005324972166647071,0.00018387839216104632,3.148311423489769e-06,0.8555147664172469,0.143765709662504
S04152000_20150710,Moderate,Moderate,2.500945837540097e-05,1.5075786296793213e-06,4.651728118544988e-09,0.9994015475908394,0.000571930720427329
S04152000_20160623,Moderate,Moderate,9.900957618450697e-09,3.8724485844331364e-09,8.049653849763945e-11,0.9999420212295311,5.7964916566166006e-05
S04152000_20181004,Moderate,Moderate,2.3887662506065163e-06,9.456926718194583e-05,9.212938895958468e-07,0.9860887850499183,0.013813335622759526
S04152000_20190718,Moderate,Moderate,7.027221105352527e-06,0.0011382818086372243,9.862663987482071e-07,0.9987505102354588,0.00010319446839993767
S04152000_20210824,Poor,Moderate,1.1119014600248212e-07,2.7069854129972433e-06,9.483465172593128e-08,0.9993113339549576,0.0006857530348316517
S04152000_20220609,Moderate,Moderate,1.0990461463302854e-07,1.5031643936532068e-06,1.0652682872815723e-08,0.999964860394687,3.351588362180925e-05
S04152500_20120822,Moderate,Moderate,4.977185903559472e-06,0.0015430656000951942,1.4176064108133485e-09,0.9984434207412028,8.535055191913882e-06
S04152500_20140610,Moderate,Moderate,1.0154980530295454e-06,0.0003872040892439884,6.59040833478692e-09,0.9995970204368044,1.4753385490226672e-05
S04152500_20150730,Moderate,Moderate,2.5065614008589043e-07,0.0003356185880487356,1.236639549860019e-09,0.9996640632793812,6.623979046651848e-08
S04152500_20160927,Good,Good,2.535847104772493e-05,0.8372649665423145,0.15767663026776205,0.005009984913627046,2.305980524878334e-05
S04152500_20170724,Moderate,Moderate,3.8572239934264625e-05,0.1476016284002071,4.545264423406802e-06,0.8518665554542743,0.0004886986411609148
S04152500_20180914,Moderate,Moderate,3.565600543553368e-08,0.00013666376997883566,5.9016116268825614e-08,0.9998628841350052,3.5742289414168876e-07
S04152500_20190515,Moderate,Moderate,5.013103801918165e-06,0.08166076472637725,8.349017450845787e-06,0.9182015835760209,0.00012428957634916268
S04152500_20200709,Moderate,Moderate,7.85621286699946e-08,9.471137944627888e-06,3.0715803733322773e-09,0.9999881074604093,2.3397679370205283e-06
S04152500_20210602,Good,Moderate,2.2716368058083364e-05,0.05834697919444455,0.00672443635230213,0.934702411798819,0.00020345628637635424
S04152500_20220601,Good,Moderate,0.0002885185159219084,0.15879264237655732,0.000319929791940073,0.8396923836000442,0.0009065257155365629
S04153010_20120822,Moderate,Moderate,1.1059596414694827e-06,2.8062418922443023e-06,4.513286533536974e-10,0.9993501864181461,0.0006459009289916213
S04153010_20140611,Moderate,Moderate,3.333531169136689e-06,0.032502627295033275,4.038991008904736e-06,0.967414984586745,7.501559604371864e-05
S04153010_20150710,Moderate,Moderate,7.960717201316616e-08,1.66123782958026e-05,1.0448524749177456e-08,0.9999770201651262,6.277400881240467e-06
S04153010_20220708,Moderate,Moderate,4.449069632606683e-07,4.8662856826963414e-05,1.4964212436487744e-06,0.7775239526946033,0.22242544312036278
S04153100_20120606,Moderate,Moderate,1.0367145832297321e-08,5.1945452539619835e-06,5.097996350515962e-10,0.9999946036163675,1.9096143315938216e-07
S04153100_20130715,Moderate,Moderate,2.7779312266978135e-08,4.338669779631203e-07,3.063010701384121e-10,0.9999953489491417,4.189098267138076e-06
S04153100_20140611,Moderate,Moderate,2.1665549729413915e-09,5.672594586000068e-07,1.0667215139111806e-10,0.9999993008600946,1.2960721984525627e-07
S04153100_20160719,Moderate,Moderate,8.391307948614917e-08,0.00010816209533636501,4.313391339677037e-10,0.9998910445858349,7.089744102304241e-07
S04153100_20170627,Moderate,Moderate,3.0932553263560836e-07,0.004700202316977115,5.241972643241998e-09,0.9952126796899738,8.680342554382762e-05
S04153100_20180702,Moderate,Moderate,6.536868877804184e-08,0.003351897754530122,1.275603338265633e-07,0.9966443676199955,3.541696451808311e-06
S04153100_20190627,Moderate,Moderate,5.941278896560639e-08,3.285070844376336e-06,4.8226657622045385e-08,0.999995477339726,1.1299499830272572e-06
S04153100_20200604,Moderate,Moderate,1.5957468407171668e-07,0.0001375982151212655,7.220482844310814e-10,0.9998617204315773,5.210565690905191e-07
S04153100_20210610,Moderate,Moderate,1.636308421995026e-07,0.00020714929722753602,1.1100105366506164e-08,0.9997923626422568,3.133295680142642e-07
S04153100_20220712,Moderate,Moderate,1.244143770745202e-07,0.0006737977762527433,1.4482558765657537e-08,0.9993219695437413,4.093783070039961e-06
S04153160_20120822,Moderate,Moderate,2.347128711644432e-06,0.0010570483960229981,2.0884975311733463e-08,0.998904556971274,3.602661901597372e-05
S04153160_20130709,Moderate,Moderate,2.1590849295651528e-07,2.0170640186525128e-05,3.1748772459548768e-09,0.9999772869420785,2.323334364623453e-06
S04153160_20140611,Moderate,Moderate,6.223626522165362e-08,9.02947213775162e-06,4.252071072072309e-10,0.9999908872622775,2.0604112365597608e-08
S04153160_20150710,Moderate,Moderate,2.5280461016776915e-07,0.0005630405955219035,4.85130294459088e-09,0.9994366567926282,4.495593685214857e-08
S04153160_20200706,Moderate,Moderate,1.2246892907089665e-07,0.00013414341030663283,3.356450015991519e-08,0.9998545762956131,1.1124260650968195e-05
S04153160_20210615,Moderate,Moderate,4.855027231945237e-07,0.0002487708232723727,1.7478619063199043e-07,0.9997489327184321,1.6361693817470647e-06
S04153200_20120606,Moderate,Moderate,2.1697578425788728e-05,0.00010282830760979666,1.8057790761517104e-06,0.9864267328677808,0.013446935467107374
S04153200_20130709,Moderate,Moderate,1.4355305047508629e-07,3.0927394738758655e-06,2.5142064418403396e-09,0.9999945604075684,2.2007857007735668e-06
S04153200_20200609,Moderate,Moderate,3.0769646279427993e-08,1.41787676146503e-07,4.1137758769641366e-10,0.999924914986211,7.491204508889761e-05
S04153300_20120823,Moderate,Moderate,7.608873611625316e-07,0.026029604994515752,3.494919314932401e-07,0.973969077765663,2.0686052866846336e-07
S04153300_20130715,Moderate,Good,9.853393390231469e-07,0.548367354562587,1.3041597947985748e-05,0.451617813017914,8.054822120899869e-07
S04153300_20140611,Moderate,Moderate,3.862799811624291e-08,2.278031229078151e-06,3.023926812308907e-10,0.999997471062565,2.119758151639826e-07
S04153300_20150622,Moderate,Moderate,2.2455547947429242e-07,0.002604633388370846,2.9962372351065915e-09,0.9973951335568296,5.503082725842098e-09
S04153300_20160623,Good,Moderate,8.571528067850937e-07,0.04612890387061974,2.704532757970138e-05,0.9538429295311427,2.6411785109417265e-07
S04153300_20170906,Good,Good,2.0950631621604762e-07,0.9997525639746064,1.6697657419751958e-07,0.00024384896923230736,3.2105732708894774e-06
S04153300_20180716,Moderate,Moderate,2.8478732256423125e-08,0.00011226442579083114,2.0639983923856367e-07,0.9998821158731371,5.3848225005971925e-06
S04153300_20190627,Moderate,Moderate,2.2390835928918187e-07,8.830696622134938e-05,5.307710620835969e-07,0.9999064348993609,4.503454996359515e-06
S04153300_20200709,Good,Moderate,0.00011287708026662087,0.08539846198948156,4.2725599827415116e-06,0.8542994895568544,0.0601848988134147
S04153300_20210427,Moderate,Moderate,1.7445970416282445e-06,0.08533480067511505,4.6768608012998985e-07,0.9146399409865955,2.3046055167754028e-05
S04153500_20170905,Moderate,Moderate,9.469436430393389e-07,0.0012258921131489985,1.4785237804600158e-08,0.9987690615926327,4.084565337567654e-06
S04153600_20120823,Good,Good,2.5308537496387586e-06,0.5527169216167735,3.0770687610257737e-06,0.44727615213456623,1.3183261495974524e-06
S04153600_20130711,Moderate,Moderate,2.4808976571724404e-06,0.00020441839842194558,9.104411163598522e-08,0.9997574765629899,3.553309681940589e-05
S04153600_20140718,Moderate,Moderate,9.642334721907576e-07,5.839075040249051e-05,3.0315016653652945e-06,0.9992261689749791,0.0007114445394809414
S04153600_20150623,Moderate,Moderate,4.1071327473029485e-06,1.2804795724612743e-06,2.1653778012134438e-07,0.974365285492827,0.02562911035707319
S04153600_20160721,Moderate,Moderate,3.5108621903793136e-06,0.01677952668289222,3.8686526444822426e-07,0.983055842047791,0.0001607335418619018
S04153600_20170628,Moderate,Moderate,8.816874220378844e-06,0.0006888150315160656,2.296072110784625e-06,0.9348535060711574,0.06444656595099545
S04153600_20180913,Moderate,Moderate,2.0424585443129366e-05,0.19135269061248464,1.5018520362121784e-05,0.8085978374889559,1.4028792754231838e-05
S04153600_20190725,Moderate,Moderate,7.2082788774877466e-06,0.02671715264539886,1.0330559752324286e-06,0.9732512734780858,2.3332541662631865e-05
S04153600_20200709,Moderate,Moderate,1.6809951682713132e-07,2.0129115107750854e-06,4.0309707969177074e-08,0.995531476228377,0.004466302450887471
S04153600_20210617,Good,Good,1.7041855817954036e-05,0.7776376686991281,4.0565291155500165e-06,0.22233994838419469,1.28453174354141e-06
S04153600_20220718,Moderate,Moderate,0.00026246555472311713,0.2688253431441139,9.712676952730028e-06,0.7120903285052262,0.018812150118984076
S04153675_20120607,Moderate,Moderate,5.528276069218726e-06,0.38180247523183414,2.7817523196466347e-05,0.618163346568656,8.324002441951901e-07
S04153675_20130711,Moderate,Moderate,2.3670250226192597e-06,0.3429145297559871,5.8696020002938376e-06,0.6570768308601526,4.027568374493125e-07
S04153675_20140805,Moderate,Moderate,4.319661137841082e-07,8.202282347049466e-05,2.562251398940581e-09,0.9999171468745659,3.9577359849385486e-07
S04153675_20150623,Moderate,Moderate,2.401918965857892e-06,0.0017351965624819504,1.4895167963038269e-08,0.9982613691726103,1.0174507739587602e-06
S04153675_20220502,Good,Good,5.205211425081338e-05,0.9239205140656199,0.0012157101802666129,0.07479392379512698,1.7799844735604153e-05
S04153700_20120823,Moderate,Good,7.457049109619554e-08,0.9999929499038158,3.692354396828038e-07,6.603592578087737e-06,2.6976753010099783e-09
S04153700_20130712,Good,Good,2.3793751447728885e-08,0.9999796960624223,3.5937687825530747e-07,1.9905833398195117e-05,1.4933549802885727e-08
S04153700_20140805,Good,Good,3.62946254431087e-07,0.8612453382456486,5.7426068459343766e-08,0.13875417582763128,6.555439725458556e-08
S04153700_20150710,Moderate,Moderate,1.5425594950960876e-06,0.008292604620521964,2.249339689990892e-07,0.9917052900772065,3.3780880746127825e-07
S04153700_20160721,Good,Good,3.5899424386525937e-06,0.8122189702079146,8.138447445172978e-07,0.18777629828730816,3.277175941052341e-07
S04153700_20170627,Good,Good,1.1029541187379765e-05,0.7417676315715745,3.7079007266553734e-05,0.2581682190491868,1.6040830784761158e-05
S04153700_20180914,Good,Good,1.7053918098913423e-06,0.9747562499611594,6.639712431122853e-07,0.02524129194904997,8.87267375728106e-08
S04153700_20190725,Good,Good,5.353383797005726e-07,0.9847562780131314,2.5141622027409267e-07,0.015242612752737257,3.22479531249739e-07
S04153700_20210823,Moderate,Moderate,2.1251801427805528e-05,0.004523987835849881,1.4111805097055599e-06,0.9935276366966599,0.0019257124855527957
S04153700_20220617,Good,Moderate,3.821361715838239e-05,0.07667084108238574,4.8160872578548995e-06,0.9224524042025931,0.0008337250106047714
S04153800_20120820,Moderate,Good,6.481075674671167e-08,0.9999257577687926,4.721978274378582e-06,6.705172433109688e-05,2.403717845189676e-06
S04153800_20130712,Good,Moderate,4.2862841771495755e-06,0.12960677074457536,1.332340084512359e-07,0.870385394135136,3.4156021030075975e-06
S04153800_20140806,Good,Good,5.361501884373295e-07,0.9995576477268042,1.2952736750812707e-05,0.00040061385494574573,2.8249531310703912e-05
S04153800_20150623,Good,Good,7.757541111630196e-07,0.9993229815576111,9.106043459876675e-07,0.0006723503904518428,2.9816934797244223e-06
S04153800_20200625,Good,Good,9.256356985153943e-08,0.999965176905382,3.334758681391438e-06,3.1254177158540654e-05,1.4159520818978213e-07
S04153800_20210526,Good,Good,1.1758179735541054e-06,0.9990966844153607,1.1178550439220126e-05,0.0008902015829791569,7.59633247417644e-07
S04153900_20120820,Moderate,Moderate,4.192624111336671e-06,0.006897683772932881,4.038407874943934e-06,0.9930932049104968,8.802845839359158e-07
S04153900_20130930,Moderate,Moderate,7.131252064399261e-05,0.3607255333733407,3.6199228601104135e-05,0.6184286996461715,0.02073825523124278
S04153900_20140806,Good,Moderate,0.00019118880854455194,0.3406633480295,0.0003727982022532328,0.6587706457285573,2.0192311450231806e-06
S04153900_20150623,Good,Good,1.1439471983030596e-06,0.9999888392482797,5.648877953918622e-07,9.449180087718803e-06,2.736638822742133e-09
S04153900_20200917,Good,Good,7.566730817342983e-07,0.9923888944101196,9.260133165137826e-08,0.007610122549211226,1.3376625576143604e-07
S04153900_20210923,Good,Good,5.1736547236020544e-05,0.8488668448545175,0.00036191657464092203,0.15054025938385376,0.0001792426397518664
S04153900_20220531,Good,Good,1.0641003759004315e-05,0.7391810103556938,9.670167503620343e-05,0.26070722135743213,4.425608078946833e-06
S04154020_20140617,Moderate,Moderate,4.863311479391391e-06,0.06825005964251266,6.777454117644238e-05,0.8560867865358163,0.0755905159690153
S04154020_20170512,Moderate,Moderate,2.031294672788493e-06,0.051715966385403836,5.1279912886768275e-05,0.9482293742649032,1.3481421335137624e-06
S04154020_20200529,Moderate,Good,4.275108587457213e-05,0.49435613001128526,0.013205033733156426,0.30385920272968375,0.18853688244
S04154020_20210526,Moderate,Good,2.7464468603621045e-05,0.8718721674616807,0.0514623748197894,0.07563125447370858,0.0010067387762176887
S04154040_20140702,Moderate,Moderate,1.5718692107993081e-07,9.96338066918323e-07,1.509439386019788e-09,0.9999983851153,4.598502725677783e-07
S04154040_20170622,Moderate,Moderate,4.5771356794649916e-06,0.06587590125891914,1.6553281794619348e-07,0.9341171293048127,2.2267677707782824e-06
S04154040_20210923,Moderate,Moderate,7.464740163767435e-09,1.2936511502604556e-07,4.389461458974024e-10,0.9999974038131847,2.4589180139332807e-06
S04154040_20220628,Poor,Poor,1.0406194839986781e-08,8.621838133458045e-09,2.571065246564503e-10,0.00235900520256065,0.9976409755122999
S04154050_20120821,Good,Good,7.138172173796091e-06,0.938946460616666,6.391515179436564e-09,0.06104636997792635,2.4841718781786536e-08
S04154050_20130712,Good,Good,9.531479783429739e-07,0.8611830838142781,1.6227432399185824e-07,0.13881576763747103,3.312594868674617e-08
S04154050_20140806,Good,Good,6.624977445901135e-06,0.9534751386172814,8.428925796080529e-07,0.046513717116389575,3.6763963035749087e-06
S04154050_20150710,Moderate,Moderate,5.9463703234854705e-06,0.021546358618729666,3.774006283612692e-08,0.9784338022664,1.3855004484055695e-05
S04154050_20160711,Moderate,Moderate,3.7874954836770258e-06,0.004761286514297703,8.48164535562568e-08,0.9952252899241426,9.551249622342428e-06
S04154050_20170627,Good,Good,1.16850705828581e-05,0.7888199337903011,1.2471907748715752e-05,0.21115438620476834,1.5230265989390948e-06
S04154050_20180719,Good,Moderate,0.0002014654702608657,0.03333523549869983,1.4788467382445595e-05,0.9663961255139211,5.2385049735829564e-05
S04154050_20190725,Moderate,Moderate,2.995110400725336e-06,0.046473362628746656,1.5164449605356397e-06,0.953493753284045,2.8372531847169677e-05
S04154050_20200622,Moderate,Moderate,3.3064015577034713e-06,0.040487569756062845,1.7533814415784787e-07,0.9595060871897819,2.8613144534505993e-06
S04154050_20210525,Moderate,Moderate,5.164620633704505e-06,0.00027731248462895333,1.1726695064465984e-05,0.9991078068738214,0.0005979893258515091
S04154050_20220602,Good,Good,2.135568201212315e-05,0.8079790222740812,1.426626041987017e-06,0.191997933896555,2.615213097426953e-07
S04154060_20120606,Moderate,Moderate,5.866769547775052e-06,0.1889852645587581,7.892291066131063e-08,0.8110050956105324,3.6941382511194933e-06
S04154230_20120820,Good,Good,2.1506101743629244e-07,0.9999540588730913,3.260585668533827e-05,1.3109153320451186e-05,1.10558854480818e-08
S04154230_20130930,Good,Good,7.978361408154796e-05,0.9405665554123351,0.030877853957980976,0.02845338220535291,2.242481024952357e-05
S04154230_20140613,Moderate,Moderate,1.3796087793195674e-06,0.0007629443922790136,4.606453451459245e-07,0.9992215303820393,1.3684971557250722e-05
S04154230_20150730,Good,Moderate,0.0003195251497333475,0.03929226878677371,0.24815961644992338,0.7046403089890484,0.007588280624521187
S04154230_20200917,Good,Good,4.000488862692598e-05,0.9253312333613094,0.05756797392558863,0.0164030260730991,0.0006577617513760303
S04154240_20120606,Moderate,Moderate,4.210784703657415e-07,1.2295061513731553e-05,3.0754383020856716e-09,0.9999866426603128,6.381242647951322e-07
S04154240_20130708,Moderate,Moderate,1.4921419043589195e-06,3.039793369387543e-08,4.4273017945730714e-09,0.9418290839065754,0.05816938912628489
S04154240_20140613,Moderate,Moderate,2.590909819634676e-07,5.866312315552393e-06,6.985811856854766e-10,0.9999745070777881,1.9366820333103618e-05
S04154240_20150709,Moderate,Moderate,3.3570628716171607e-07,0.00011000873432641664,1.41798613547194e-08,0.9998894474585485,1.9392097657374915e-07
S04154240_20200528,Moderate,Moderate,5.240475892372767e-08,2.554523608366265e-06,2.3864012434834037e-08,0.9999963333910155,1.03581660477335e-06
S04154280_20130709,Moderate,Moderate,2.3775411965923267e-08,9.34967456282347e-10,1.880744591597096e-11,0.999706787206061,0.000293188064752054
S04154280_20140613,Poor,Moderate,9.87102288437042e-08,1.392428274430167e-07,5.847750478032057e-11,0.9999267640421865,7.299794627967402e-05
S04154280_20150709,Moderate,Moderate,2.5313349476143975e-07,4.850213859017959e-06,1.425957902203542e-10,0.999994343790367,5.527196834384242e-07
S04154280_20200608,Moderate,Moderate,1.3892093234921055e-08,1.2185348938332297e-05,1.6087414699025013e-10,0.9999865161312237,1.2844668706461352e-06
S04154280_20210510,Moderate,Moderate,5.025114419266155e-07,0.003139021829548557,5.620758802567796e-08,0.9968477994108604,1.2620040560938674e-05
S04154290_20120606,Moderate,Moderate,4.555070347353433e-07,0.0005217975378379814,2.509994641497442e-07,0.9994763175740015,1.1783816616983065e-06
S04154290_20130708,Moderate,Moderate,6.530905664193289e-09,1.0911145077675055e-06,7.772899655208738e-11,0.9999988149973664,8.727949123221913e-08
S04154290_20140806,Poor,Moderate,2.290805091599694e-06,0.0010475299696865521,2.1071742421326136e-05,0.9947747946780988,0.004154312804701744
S04154290_20150709,Moderate,Moderate,2.5000999088729726e-07,0.0013103999738703356,6.190170892770684e-09,0.9986888539064653,4.899195025981143e-07
S04154400_20120821,Moderate,Moderate,6.227630513714957e-08,1.0236150795137697e-06,1.443589836414612e-10,0.9999759104200164,2.3003544239933176e-05
S04154400_20130710,Moderate,Moderate,8.822629660413442e-06,0.010264833435464986,2.8806756809821195e-08,0.9897166418459178,9.6732822000473e-06
S04154400_20140610,Moderate,Moderate,2.153889585170141e-07,0.0014797355063600572,5.785228947916053e-10,0.9984900257232017,3.0022802956789588e-05
S04154400_20170623,Moderate,Moderate,1.1253751695201756e-05,0.006066793337036481,4.4658133982402463e-07,0.9938086213023121,0.00011288502761643074
S04154400_20220419,Moderate,Moderate,1.7649246092248047e-06,0.1195593653909791,2.2595014149004553e-06,0.8801364312127832,0.0003001789702136785
S04154500_20140704,Moderate,Moderate,2.744518473779646e-08,1.0651042150776567e-06,8.314610103296106e-10,0.9998279551329082,0.00017095148623090143
S04154500_20170627,Moderate,Moderate,2.080304434642867e-06,0.00010318938842512153,1.0404085360834353e-07,0.9919144987624223,0.007980127503864301
S04154600_20140904,Moderate,Moderate,6.599704319619408e-08,1.0198826611609448e-06,1.580795008515438e-10,0.999995859456157,3.0545060591815816e-06
S04154600_20170906,Moderate,Moderate,1.8019977691369148e-08,2.1229228306293428e-07,6.172533968488994e-10,0.99994144803125,5.832103923585526e-05
S04154800_20120820,Moderate,Moderate,3.7224360026247076e-06,0.00015135093483331218,2.3026874646150347e-08,0.9998433657917993,1.5378104900556872e-06
S04154800_20130709,Moderate,Moderate,4.442073410432686e-06,0.00015701406560043087,9.754640411487892e-08,0.9998368420054735,1.60430911157333e-06
S04154800_20140612,Moderate,Moderate,4.745249555455489e-07,1.870321426333214e-06,2.0830107514416267e-08,0.9999521512703006,4.548305321008679e-05
S04154800_20150730,Moderate,Moderate,3.984215708053419e-06,5.526008479298126e-06,3.65649313452004e-09,0.9999655048767301,2.498124258945406e-05
S04154800_20200630,Poor,Poor,1.0534993253676847e-06,2.228957691394152e-09,5.2406659851165465e-09,0.19380111310675158,0.8061978259242993
S04154800_20210723,Moderate,Moderate,8.222275722852215e-07,2.204420988416382e-05,1.784401533451235e-08,0.999975841131619,1.2745869092199153e-06
S04155600_20120823,Good,Moderate,6.8695646477677215e-06,0.40499179302327554,4.243326268974336e-06,0.594994577984037,2.5161017706959136e-06
S04155600_20130709,Moderate,Good,0.00015289716764570841,0.9967070277041504,0.0026168413038532862,0.0004908888021379477,3.234502221265853e-05
S04155600_20140612,Good,Good,7.348013733512695e-06,0.99989792829161,4.50984780983891e-05,4.84951994697584e-05,1.1300170884532295e-06
S04155600_20170505,Good,Good,0.00028483096375070735,0.9603656092962418,0.005557902612740144,0.0337642860492891,2.737107797826233e-05
S04155600_20200624,Good,Moderate,9.159253075898787e-05,0.1704638967431244,0.26767322336978316,0.5609821591508606,0.0007891282054729014
S04155600_20210505,Moderate,Moderate,4.974917691247697e-06,0.0016702940099918911,4.4358958788750545e-07,0.9982965498576275,2.7737625101496084e-05
S04156430_20120607,Moderate,Moderate,0.00037856671041517335,0.01851066990005084,1.4919931516075699e-06,0.9810376563150306,7.161508135174035e-05
S04156430_20150709,Moderate,Moderate,7.829835881497186e-08,1.383535971749963e-05,7.346607914266351e-10,0.9999858487105474,2.3689671547144928e-07
S04156430_20190604,Moderate,Moderate,4.1046402112427214e-06,0.09117316336254516,4.0980114672186446e-07,0.9088174030336064,4.9191624905282855e-06
S04156520_20120903,Good,Good,8.496686448812787e-06,0.6047971539664748,1.1871517537803635e-06,0.39519277246965495,3.897256676438834e-07
S04156520_20130711,Good,Moderate,4.767794564661596e-06,0.31231890659177564,8.341831414166317e-07,0.6876748814203544,6.100101640474832e-07
S04156520_20140620,Moderate,Moderate,1.9206230031004996e-06,0.00020605128171736928,3.4472972874482504e-08,0.9997863602026027,5.6334197039457505e-06
S04156520_20150709,Moderate,Moderate,4.773368502157292e-06,0.004394083997640365,1.6234687567099287e-08,0.9955997804926912,1.3459064786993825e-06
S04156520_20190624,Moderate,Moderate,1.1694956483535821e-06,5.367715489271914e-07,1.8290350585251753e-08,0.9999900119023357,8.263540116503142e-06
S04156520_20220505,Moderate,Moderate,1.5192404585375808e-07,0.0006468391005336965,1.519548227727322e-09,0.999352929291237,7.816463514777007e-08
S04159210_20130702,Moderate,Moderate,5.057047797240887e-08,6.223531598516612e-08,1.7326833332735725e-11,0.9983658903758384,0.0016339968010406537
S04159210_20140616,Moderate,Moderate,3.3317576896974226e-08,1.9867701157733854e-05,6.610822247553161e-10,0.9999796089916998,4.893284833968578e-07
S04159210_20150707,Good,Moderate,4.787882921275935e-07,0.3469361568980353,5.089696582280244e-07,0.6530624223528861,4.329911281326697e-07
S04159210_20160705,Good,Good,4.089380876074317e-05,0.9830707696960511,0.0014208850885289058,0.01545752263890988,9.928767749363579e-06
S04159210_20190701,Moderate,Moderate,2.0003697600295758e-06,0.22887315486237308,4.979713994226698e-06,0.7711197151804359,1.4987343692976837e-07
S04159210_20200602,Good,Good,5.328276463460195e-06,0.98637769758412,0.00010984182139720224,0.013505250965460366,1.8813525589089252e-06
S04159210_20210521,High,High,2.5710900153742947e-06,0.3111805272801448,0.6886544345263341,0.00016208198518751033,3.851183182848384e-07
S04160250_20120801,Good,Good,0.00014380961754143756,0.8601843480700008,4.472280358695666e-06,0.13965299438750786,1.4375644591162131e-05
S04160250_20140730,Good,Good,1.7281314803784084e-06,0.9949093965275333,1.1964406017336846e-06,0.005087593359984369,8.554040033950647e-08
S04160250_20150630,Good,Good,6.310514822469133e-07,0.9997983005167845,1.0426039405229381e-07,0.00020095920465989711,4.966679161576514e-09
S04160250_20160629,Good,Good,1.0561693107049769e-05,0.8693225436160692,6.840093651957968e-06,0.13065023273843024,9.82185874146112e-06
S04160250_20170530,Good,Good,1.304873781307866e-06,0.9979509038670639,0.000814651355951399,0.0012331161860623275,2.3717141005819274e-08
S04160250_20180710,Moderate,Moderate,9.71171784675359e-06,0.0006600900992727102,7.252090057115957e-06,0.9971776032684738,0.0021453428243496256
S04160250_20190612,Good,Good,6.251722670490151e-05,0.6202269674592321,0.00011168795547039294,0.3786496227579677,0.000949204600625027
S04160250_20200603,Good,Good,0.00015237568483791988,0.6009807514009279,0.0004827112955669503,0.39834595614935947,3.820546930784807e-05
S04160250_20210601,Good,Good,5.359533972749321e-07,0.9993745338700195,0.0005949864300130728,2.97925930770147e-05,1.511534930899558e-07
S04160250_20220530,Good,Good,6.513530083021926e-07,0.9999630104531856,2.097690962703013e-05,1.5347034352759675e-05,1.4249826363983161e-08
S04160260_20120801,Moderate,Moderate,2.572255351981111e-07,3.2968409667775666e-06,9.096798488630068e-10,0.9999959312142842,5.1380953386352e-07
S04160260_20130702,Moderate,Good,1.6197249727171335e-06,0.5456892559910544,3.093315033657885e-07,0.4543087923583715,2.2594097815487715e-08
S04160260_20150707,Moderate,Moderate,7.482276782224857e-08,2.2076675740076003e-07,4.402080960166077e-09,0.9999953688959407,4.331112453100382e-06
S04160280_20160722,Good,Moderate,2.2681567696901416e-06,0.013342978733296826,4.5811459633703855e-06,0.9866498732312942,2.987326758905971e-07
S04160280_20180727,Good,Good,4.096065890061531e-07,0.9989312989804437,2.4476290592109567e-05,0.0010437193743062262,9.574806890721801e-08
S04161500_20121030,Moderate,Moderate,1.199269086167669e-06,3.13374501246661e-05,4.948767129154893e-09,0.99991949985789,4.795847413212295e-05
S04161500_20140611,Moderate,Moderate,2.865286809966058e-07,0.0035484898551869353,2.0565565800509893e-09,0.9964493228035864,1.8987559890737567e-06
S04161500_20150630,Moderate,Moderate,2.3233671227217412e-07,3.585348413644557e-05,2.750427693352118e-10,0.9999632192283545,6.946757540439364e-07
S04161500_20160706,Moderate,Moderate,7.239222094707427e-08,0.0003497954652977493,8.3875360212157e-10,0.999649707238422,4.240653057342124e-07
S04161500_20170801,Good,Good,1.0436748381056703e-05,0.9910715408739146,4.212487448255222e-06,0.008909098272634062,4.7116176220299635e-06
S04161500_20180716,Good,Moderate,2.2125064181042513e-06,0.052542048935031484,1.3277555572895614e-06,0.9474475091374545,6.9016655386098625e-06
S04161575_20130726,Moderate,Moderate,4.6399594446636377e-07,0.0011496018498659416,9.287624660819137e-09,0.9988498820154535,4.285111129025321e-08
S04161575_20140611,Moderate,Moderate,1.0368686737296531e-07,8.903238475249039e-08,1.9540761301741516e-09,0.9999080897889627,9.171553770901924e-05
S04161575_20150703,Moderate,Moderate,4.268087662727039e-07,1.0070671808058609e-05,4.309388384198572e-09,0.999876249420227,0.00011324878981026928
S04161575_20160706,Moderate,Moderate,1.6466060533371144e-07,4.229209705905738e-09,6.459515020879709e-10,0.9430531463117201,0.05694668415251333
S04161575_20170704,Moderate,Moderate,3.975150812178367e-08,2.62924037629398e-05,1.0336043371287286e-09,0.999973579533571,8.727755368873205e-08
S04161575_20180712,Moderate,Moderate,6.243367556493548e-07,0.003283064406445719,3.01532988096397e-07,0.9967146656588313,1.3440649793849376e-06
S04161575_20190708,Moderate,Moderate,3.203765426596039e-09,3.5948417226990167e-06,2.0007676278978238e-10,0.9999963887295786,1.3024856561761346e-08
S04161575_20200825,Moderate,Moderate,1.2903950949135382e-07,3.600363794053507e-05,1.7856361080824137e-09,0.9999560608839401,7.804652973866906e-06
S04161575_20210909,Moderate,Moderate,4.8156421115415045e-08,5.130908460901142e-05,2.1149843645596062e-08,0.9999477444740388,8.77135087460851e-07
S04161595_20130619,Moderate,Moderate,1.9985093243212646e-08,2.5432535706648076e-08,2.5116917194401557e-10,0.9999967600370357,3.194294166217135e-06
S04161595_20140619,Moderate,Moderate,3.583674684806774e-08,3.900052960426244e-06,1.523604065618332e-08,0.9999917733671111,4.2755071409234455e-06
S04161595_20150527,Poor,Poor,1.33559976234008e-07,1.6247153242539463e-08,1.1572140343763464e-08,0.45587501664216207,0.5441248219785682
S04161595_20160719,Moderate,Moderate,4.827033171966841e-06,0.3728700603453865,5.174508121615472e-05,0.6270701062410261,3.2612991994057993e-06
S04161595_20170818,High,High,5.884951404128245e-07,0.062113289791043906,0.9378856257502559,4.328347140133338e-07,6.312884578387247e-08
S04161595_20180703,High,High,1.0774890989819304e-07,0.006829137870496308,0.9931693551039583,1.3887726372196033e-06,1.0503998334499565e-08
S04161595_20190711,High,High,5.7139238807919424e-08,0.01612629333921486,0.9838729278259878,6.874307527493312e-07,3.426480572879161e-08
S04161595_20200709,Good,Moderate,1.3627519355011778e-05,0.3839345056100159,3.094332390054869e-05,0.6159795398195365,4.1383727192114034e-05
S04161595_20210708,Moderate,Moderate,0.001298745463740327,0.004172839468577318,0.017560229884984423,0.9487987422975135,0.028169442885184488
S04161595_20220817,Good,Moderate,3.629185087394512e-05,0.47126786553548544,0.00038222626371080135,0.5283007357574624,1.2880592467463602e-05
S04161710_20120628,Moderate,Moderate,1.0748890823787058e-08,1.9708637235532805e-08,1.1464761330259367e-11,0.999997744013547,2.2255174602546024e-06
S04161710_20130826,Moderate,Moderate,1.639384873700985e-08,1.839206259311596e-08,9.002660228082848e-12,0.9999972767738364,2.6884312496864627e-06
S04161710_20140611,Bad,Poor,1.6302021231187518e-08,2.5823702923032504e-11,7.612420537191906e-12,8.860582718236602e-06,0.9999911230818245
S04161710_20150703,Moderate,Moderate,6.079646625235996e-07,2.709192223339846e-06,1.2650580726418747e-09,0.9999946942896903,1.9872883658088915e-06
S04161710_20160706,Moderate,Moderate,1.577597692584146e-08,2.0051125056781237e-07,4.77020517915777e-10,0.9999994830286966,3.002070554043369e-07
S04161710_20170731,Moderate,Moderate,1.5579776360074536e-08,5.368093848268784e-07,1.0800952788040478e-10,0.9999990835438861,3.6395894316238057e-07
S04161710_20180711,Good,Good,8.34507147753334e-07,0.7959786789005526,6.199855726629662e-06,0.20401425596003586,3.0776537192061034e-08
S04161710_20190708,Moderate,Moderate,2.9802127169175415e-06,0.2325261244084211,1.2545909729585137e-07,0.7674690993562071,1.670563557560381e-06
S04161710_20200825,Moderate,Moderate,3.538147220027213e-08,7.196388697261679e-09,2.110569777228792e-10,0.9949231974357865,0.005076759775295668
S04161710_20210708,Moderate,Moderate,9.36256163555989e-09,4.332647086904415e-07,5.122711717704707e-10,0.9999970656309759,2.4912294825696457e-06
S04162000_20121031,Moderate,Moderate,4.859001567332707e-07,0.003360494424799735,4.348577259127223e-08,0.9966389177680767,5.84211942680028e-08
S04162000_20130726,Moderate,Moderate,3.343084788396067e-05,0.11455541832827994,2.1918356833130656e-05,0.885301464190975,8.776827602798255e-05
S04162000_20140612,Moderate,Moderate,5.457445894301157e-07,0.0005687369277421598,2.198094924870895e-08,0.9994300821654796,6.131812394916294e-07
S04162000_20150703,Moderate,Moderate,2.394899917160113e-08,6.662012697609125e-09,1.1677424011170674e-09,0.9997158628414978,0.0002841053797479139
S04162000_20180904,Moderate,Moderate,2.479124630421732e-06,0.0037667205635558304,7.380465886999086e-08,0.996230642968804,8.353835087271197e-08
S04162000_20210608,Moderate,Moderate,7.871988873843601e-08,0.00026445542296912807,3.1936519572629946e-08,0.999735347156962,8.676366054921851e-08
S04162000_20220706,Moderate,Moderate,6.2657299068584675e-09,0.00017798445874131095,6.568511733015853e-10,0.9998219866549859,2.196369173676566e-08
S04162160_20120723,Moderate,Moderate,2.0804391573499938e-07,0.005909565453580428,1.864230844974971e-08,0.9940803944264529,9.813433742544927e-06
S04162160_20130625,Moderate,Moderate,3.802542197212673e-08,0.002740764804924007,1.932634256262841e-09,0.9972591314600704,6.37769494972877e-08
S04162160_20140618,Good,Good,2.1522496273345564e-05,0.9995201691389395,3.0598678182385406e-05,0.0004264856319977241,1.2240546071302155e-06
S04162160_20150716,Moderate,Moderate,3.2822949080401237e-08,0.005042488675333511,5.327603815356629e-09,0.9949573799155481,9.325856557530868e-08
S04162160_20210708,Good,Good,3.889512785086063e-05,0.7696970359691082,0.0008841470000710631,0.2293559625065056,2.3959396464224862e-05
S04162200_20121031,Moderate,Moderate,9.966419992009284e-09,8.419145529040762e-07,7.002091806153179e-11,0.999998844123217,3.039257891333985e-07
S04162200_20130726,Moderate,Moderate,1.9438114856593528e-07,3.272631013443506e-07,1.1839727931240798e-09,0.9999960323743935,3.4447973837745553e-06
S04162200_20140612,Moderate,Moderate,5.8562985443227864e-06,0.00895893834454371,7.67021714746674e-08,0.9910268862081419,8.242446598541424e-06
S04162200_20150703,Moderate,Moderate,7.019613310068033e-08,8.814318570765047e-05,3.106978024980449e-09,0.9999116777013334,1.058098479424819e-07
S04162200_20160704,Moderate,Moderate,7.04479343597785e-06,0.24594297526154724,7.885058011090867e-06,0.7540388344141324,3.260472873325357e-06
S04162200_20170802,Good,Good,8.102311149798775e-06,0.7348484033285199,3.965953781420621e-06,0.265138950049576,5.783569730584275e-07
S04162200_20180904,Moderate,Good,1.0341380507336226e-05,0.7127117175341003,1.4793507268830496e-05,0.2872602573127879,2.890265335594382e-06
S04162200_20190704,Moderate,Good,3.5292395912802435e-07,0.9917208554591888,2.7706228002212523e-08,0.008278743368151905,2.054247219543881e-08
S04162200_20200609,Good,Moderate,8.176849325542426e-07,0.05733727310159286,2.1977044703867223e-06,0.9426596699072647,4.160173954240334e-08
S04162200_20210608,Moderate,Moderate,5.532818756059809e-07,0.2967770245214872,2.10267636091359e-06,0.7032202120830414,1.0743723478309965e-07
S04162200_20220706,Moderate,Moderate,2.8371654121758837e-07,0.0007033478058397746,1.292459857039926e-08,0.9992960071142877,3.484387328240904e-07
S04162290_20171005,Good,Good,2.619751669628156e-06,0.8729783861097733,1.94345733027379e-05,0.12699938747771083,1.7208754358457853e-07
S04162290_20190709,Good,Good,4.486091411133727e-07,0.9999147956340152,2.418907226332645e-07,8.44895805312049e-05,2.4285589656908446e-08
S04162300_20130625,Moderate,Moderate,2.9560009707972012e-06,0.12762399992564463,8.056812228205489e-07,0.8723700559485503,2.182443611459508e-06
S04162300_20140603,Good,Good,1.9437264389951325e-05,0.8447210808557921,4.593313243667147e-08,0.1552582521003798,1.1838463057683772e-06
S04162300_20160719,Moderate,Moderate,4.564330392293686e-07,3.327878712159412e-05,2.7085872107781757e-08,0.9999656820558599,5.55638107205982e-07
S04162300_20170829,Poor,Moderate,5.790505013444976e-07,4.222582049521721e-08,1.5009881309683235e-08,0.996995741297271,0.0030036224165258577
S04162300_20180827,Poor,Moderate,1.2310067963333428e-07,5.833051083086206e-09,4.008201442626402e-09,0.9894225597936945,0.01057730726437331
S04162300_20190822,Moderate,Moderate,5.848218660787793e-08,1.4570667095571235e-06,7.132548898944502e-09,0.9999983378634861,1.394550688765497e-07
S04162300_20210608,Moderate,Moderate,4.432105981108477e-08,3.242287877851323e-07,2.519168935221034e-09,0.9999995357582356,9.317274790145207e-08
S04162300_20220906,Moderate,Moderate,1.986291632376346e-07,4.566000021344138e-06,5.546292521767859e-09,0.9999686347946908,2.6595029832187805e-05
S04162520_20140603,Moderate,Moderate,5.1464624038819365e-08,0.0067428330906493476,1.5040908068184287e-09,0.9932570988785409,1.5062094831352296e-08
S04162520_20180703,Good,Good,1.0701024830087417e-06,0.7641363451070867,5.801285450218983e-07,0.23579664189765798,6.536276422738853e-05
S04162958_20130701,Moderate,Moderate,1.1135640594755716e-07,0.0010889271611357518,1.011285520698966e-08,0.9989108937683053,5.760129773571134e-08
S04162958_20140603,Moderate,Moderate,6.154301789864822e-09,3.900271235711109e-08,2.4456532572513742e-11,0.9999999387719747,1.604655466629759e-08
S04162958_20160526,Moderate,Moderate,5.116419351323296e-08,0.00102868922692158,1.4206087149852016e-10,0.998970825208507,4.342583170997273e-07
S04162958_20170516,Moderate,Moderate,4.7309887011625093e-07,0.021424343766892975,1.632564332675015e-08,0.9785747628302134,4.039783802505332e-07
S04162958_20200903,Good,Moderate,6.01136228154007e-07,0.00830073539016287,2.245284636445347e-07,0.9916984243996835,1.4545461798262168e-08
S04162958_20210609,Moderate,Moderate,7.625861738143702e-08,1.0790019600198729e-07,3.1935778153405515e-10,0.9999998133706907,2.151138182365771e-09
S04162958_20220818,Moderate,Moderate,6.660707558851391e-07,8.609333284016869e-07,4.305165218662701e-08,0.9999823493165603,1.6080627703340574e-05
S04162995_20120705,Moderate,Moderate,0.0003325780074606928,0.0022432226500809674,0.02988609618906512,0.7285616960967496,0.23897640705664358
S04162995_20210503,Moderate,Moderate,6.550047104529487e-08,0.001809913864604912,3.353231710092502e-09,0.9981900029412162,1.4340476165336432e-08
S04163000_20130716,Moderate,Moderate,4.064341634344336e-08,6.314681409234041e-05,4.1082171435407576e-09,0.9999367928458156,1.5588458516244404e-08
S04163025_20120629,Moderate,Moderate,6.124040321403365e-09,1.3765795481019426e-09,9.999903812349767e-12,0.9999806610396829,1.9331449697326786e-05
S04163025_20130725,Moderate,Moderate,3.344932919851375e-08,2.4742654751622575e-08,1.6224538853010913e-11,0.9999993724014069,5.693903846167525e-07
S04163025_20140612,Moderate,Moderate,5.1930539689569376e-08,1.0640666194439681e-06,2.3460013541580227e-10,0.9999988076051911,7.616304967276695e-08
S04163025_20160704,Moderate,Moderate,1.0512254868372893e-07,5.743705427856864e-05,1.287574991423127e-09,0.9999424191166724,3.7418925397594676e-08
S04163025_20170802,Moderate,Moderate,5.299081304961827e-08,1.59806015609725e-05,2.925042570692863e-09,0.999979871620331,4.091862252440023e-06
S04163025_20180713,Moderate,Moderate,3.46777837291181e-08,0.00033464447460403347,1.4943688141496498e-08,0.9996652239535544,8.195036976744008e-08
S04163025_20190704,Moderate,Moderate,5.637086275906189e-07,0.02763051194094586,3.6811017507523423e-06,0.9723649967639073,2.464847685029937e-07
S04163025_20210608,Moderate,Moderate,1.147651857387211e-06,0.013482257277092107,3.205412659352301e-07,0.9865161329817793,1.415480051504249e-07
S04163025_20220531,Moderate,Moderate,6.419109816411011e-08,4.8724077362000035e-05,9.925333969218032e-09,0.9999512009661461,8.400597927071888e-10
S04163050_20130624,Good,Good,6.63230470353508e-07,0.9999190975404469,9.746721533093215e-07,7.923197580663789e-05,3.2581122824223096e-08
S04163050_20140603,High,High,3.4601644141288627e-06,0.329480413296444,0.670231590311612,0.00028411988784217467,4.163396876706717e-07
S04163050_20150716,Moderate,Moderate,2.884794421411264e-06,0.00038877911031361253,7.902691980477508e-07,0.9996052024711948,2.3433548721289642e-06
S04163050_20160719,Good,Moderate,1.6651895143377333e-05,0.039510013187686786,0.09715131465777167,0.863259965482683,6.205477671518148e-05
S04163050_20180724,Good,Good,2.7792319932698915e-05,0.9576388028141921,0.0033655649645646314,0.03896671769178083,1.122209529726002e-06
S04163050_20200609,Good,Good,3.129597775547903e-06,0.9965639832631403,0.0025176355283049465,0.0009140861992838148,1.165411495294636e-06
S04163050_20210504,Moderate,Moderate,1.4354610214672194e-06,0.0023427542377340996,7.343217286931479e-08,0.9976540754201595,1.6614489121539028e-06
S04163050_20220530,Good,Good,6.415178719530674e-06,0.9969013777826476,0.0024523845375632957,0.0006377383876649908,2.0841134045735718e-06
S04163465_20120629,Good,Good,4.2688203171303774e-06,0.9967402731985008,0.0002258023587198215,0.0030292909806280137,3.6464183438922376e-07
S04163465_20130725,Good,Good,1.7992670484189126e-06,0.9971602685486662,4.074217624686794e-05,0.0027970152879501398,1.7472008825834383e-07
S04163465_20170821,Good,Good,1.7862171222243157e-05,0.8497745412356724,0.1486203776946761,0.0007479087237474442,0.0008393101746818996
S04163465_20180724,Good,Good,2.7890305263499286e-07,0.9869492550869824,6.342421430536013e-05,0.01298702961731889,1.217834066145502e-08
S04163465_20190822,Good,Good,2.465754864682077e-06,0.9715787241727576,0.008063409629874277,0.020348119367379763,7.281075123490538e-06
S04163480_20120627,Good,Good,8.796086024854346e-07,0.956215363367486,4.263529800252509e-06,0.04377912738939155,3.6610471973299674e-07
S04163480_20130724,Moderate,Moderate,3.185466451700207e-05,0.0006035258971925629,6.216790047956669e-06,0.9993457924501387,1.2610198103842376e-05
S04163480_20140611,Moderate,Moderate,1.1822381521468874e-06,0.02577497331257602,2.3861366111663065e-08,0.9742237091379399,1.1144996585588096e-07
S04163480_20150617,Moderate,Moderate,3.6655712099800635e-06,0.022183314512128387,1.3369236138541341e-06,0.974384530060039,0.00342715293300886
S04163480_20160704,Poor,Moderate,0.2325312546178756,0.008234070427273974,2.7936663559893993e-06,0.6080913718943008,0.15114050939419357
S04163480_20171012,Good,Good,1.5929795066046913e-07,0.9999622384963406,1.3091906952710876e-05,2.4507701259138348e-05,2.597496909540273e-09
S04163480_20180626,Good,Moderate,1.121893251844188e-05,0.46630686609389776,0.00024203875796706306,0.5334385487947383,1.3274208784256587e-06
S04163480_20190704,Good,Good,1.597702053085351e-07,0.9997064105200225,5.897729383433072e-06,0.0002875191701103725,1.2810278386276273e-08
S04163500_20130716,Poor,Moderate,1.7627654876355758e-06,1.3778320976440568e-06,2.4064434678652766e-09,0.9560385393759313,0.04395831762003998
S04163500_20140602,Moderate,Moderate,6.611859332170547e-07,0.019989856530137212,5.091288089310796e-08,0.9800090881991632,3.431718854902555e-07
S04163500_20150528,Moderate,Moderate,3.0405336112636795e-08,1.1502955930817455e-05,1.7442148833923097e-10,0.9999881188115478,3.4765276382040454e-07
S04163500_20160525,Moderate,Moderate,5.4281057161765985e-08,0.00034004888180127406,1.1679375547067835e-09,0.999659286278641,6.093905630147973e-07
S04163500_20171012,Moderate,Moderate,5.6846593614141297e-08,1.1261330221396878e-06,7.831372298625239e-10,0.9981390829740988,0.0018597332631481566
S04163500_20180731,Moderate,Moderate,9.021120176336555e-08,2.0342532026958142e-08,5.664018040064534e-09,0.9947496126163213,0.0052502711659268625
S04163500_20190730,Poor,Poor,6.385974517198178e-07,8.879660015381764e-08,3.6206626571017027e-09,0.15168174930889086,0.8483175196763946
S04163500_20201014,Poor,Poor,3.9825808424879845e-09,2.2161065607745085e-11,3.707221999272148e-12,0.015287262182347777,0.9847127338092031
S04163500_20210727,Moderate,Moderate,1.3325392562331328e-07,1.4800629396030553e-08,2.5347636894260125e-09,0.9982738148802257,0.001726034530455551
S04163500_20220906,Poor,Moderate,4.948404416482943e-08,6.21956752237315e-08,1.0771143457783964e-10,0.9978807906849027,0.0021190975276665423
S04164005_20120802,Good,Good,2.371505138838622e-05,0.9500949897047501,0.047552317210899565,0.0023136167223962523,1.5361310565514658e-05
S04164005_20130725,Good,Good,6.497571031330502e-07,0.9996146821351629,1.1691030490840639e-05,0.00037200659893520116,9.704783079175966e-07
S04164005_20140612,Good,Good,4.258210407920398e-05,0.971188959243362,1.3944620570052149e-05,0.028748204665536396,6.3093664522411985e-06
S04164005_20150710,Good,Good,3.8129492926912276e-06,0.9979053913377195,0.0012313212513415047,0.0008104551756054588,4.901928604090174e-05
S04164005_20160704,Good,Good,1.3627653109545258e-05,0.8878304835886318,0.004654995328967691,0.10750004127547778,8.521538132556536e-07
S04164005_20170821,Moderate,Moderate,1.161734737938484e-06,0.0015613355457914564,5.6237976104021474e-05,0.9983411325471327,4.013219623391637e-05
S04164200_20120627,Good,Moderate,0.00015945199083163952,0.42288001916358,3.855120265155892e-05,0.5769123688975636,9.608745373285924e-06
S04164200_20130724,Good,Good,0.00012241723579591848,0.9290060109218932,3.437939978933624e-05,0.07061358127831001,0.00022361116421169312
S04164200_20140612,Good,Good,4.507348832424896e-05,0.9697128265096278,1.0883615538423266e-06,0.030236162956120687,4.848684373498816e-06
S04164200_20170821,Good,Good,2.9047869474288527e-06,0.8104924725633675,1.4710224836922316e-05,0.1893889216499149,0.00010099077493333212
S04164600_20140904,High,High,1.7336030109148116e-07,0.12773703182433188,0.8722533983045894,9.357451462550995e-06,3.9059315023042814e-08
S04164600_20170804,High,High,8.161907448541366e-09,0.0003923831866052389,0.9996076023020902,4.937151924982621e-09,1.4122452446459692e-09
S04164700_20140904,Moderate,Moderate,9.001882323303994e-06,0.006816399611289896,3.0908162739249203e-05,0.9928809842750024,0.00026270606864530605
S04164700_20170807,Moderate,Good,1.9727015693921155e-05,0.5492181861309382,1.31796516079195e-05,0.45074390238211565,5.0048196443158014e-06
S04164758_20130723,Moderate,Moderate,5.644363842128721e-07,0.002280153598773382,4.818038413621837e-08,0.9977192041859586,2.959849962921569e-08
S04164758_20150622,Moderate,Moderate,1.7468741184311816e-06,0.017673493460270275,5.888939394804136e-08,0.9823242664286186,4.343475987300241e-07
S04164758_20160817,Good,Good,1.746989683149361e-05,0.9933590186884332,0.0011210093396040075,0.0054996934061339155,2.808668997353173e-06
S04164758_20171004,Moderate,Good,4.2609136240171435e-06,0.9391226595364275,1.412540278773401e-05,0.06085847645882863,4.776883321609383e-07
S04164758_20180716,Good,Good,0.00028413272172404536,0.975714694160219,0.002324987342497854,0.02156957643034989,0.0001066093452091901
S04164758_20190718,Good,Good,9.281735217874294e-06,0.9464666112244621,0.00011787508279293054,0.05340605145113973,1.8050638744333103e-07
S04164758_20200908,Good,Good,4.855974950330045e-07,0.9820393473263672,2.470663170201716e-06,0.017957602323361847,9.408960576178002e-08
S04164758_20210830,Good,Good,8.402966585061678e-06,0.9969172473451642,0.0012677910308930755,0.0017907565920964015,1.5802065261394835e-05
S04164758_20220802,Good,Good,1.309510110265477e-05,0.9974298856992435,0.0008961830797784373,0.0016601485696302067,6.875502451172736e-07
S04164800_20130820,Good,Good,7.157935382233493e-06,0.998691450250503,1.1779305829507394e-06,0.0013000160117950573,1.9787173678370523e-07
S04164800_20140904,Good,Good,1.78626629902732e-05,0.9506567851656246,4.280152033834091e-07,0.04931823384523484,6.690310946908416e-06
S04164800_20170804,Good,Good,5.1560712760734946e-06,0.9861398377610372,2.129794459250376e-06,0.013852170972005301,7.054012222134925e-07
S04164825_20140904,Moderate,Moderate,8.192485236187949e-05,0.00886475613879321,1.4266572631064303e-05,0.9482565746139615,0.04278247782225234
S04164825_20170807,Poor,Good,0.00021568221883674476,0.8344116653971853,2.8450798536023767e-05,0.06950970952804553,0.09583449205739634
S04164850_20130627,Good,Good,2.9372525866603474e-07,0.9999902588760577,4.841001082949759e-07,8.959155533334025e-06,4.143041830852906e-09
S04164850_20140602,Moderate,Moderate,2.5078734796068358e-06,3.333256996218104e-05,1.8673843878606992e-08,0.9999296841762593,3.445670645512663e-05
S04164850_20150625,Moderate,Moderate,1.0474431730728441e-06,9.277787693411414e-08,1.4118414700267395e-08,0.9999745200133479,2.4325647187454725e-05
S04164850_20160817,Moderate,Moderate,7.386408465938028e-08,1.4459124272869202e-05,1.0364714918153805e-09,0.9999853417200291,1.2425514199517568e-07
S04164850_20170629,Moderate,Good,3.2678384311398484e-07,0.9598786988164019,1.1217104646747662e-07,0.04012074780102998,1.1442767861649095e-07
S04164850_20180830,Moderate,Moderate,1.482208970812457e-06,2.6440712257346995e-08,4.6332142647949883e-08,0.9993181871743597,0.0006802578438145932
S04164850_20190717,Poor,Poor,4.861346463851855e-05,6.315701456979992e-08,1.4245074919689228e-07,0.01761084973177266,0.9823403311958251
S04164850_20200908,Poor,Poor,2.0048703100989014e-06,9.254916831821358e-09,2.6638370729128246e-08,0.1657989467364051,0.8341990124999973
S04164850_20210510,Good,Moderate,0.00015332559909959792,0.3759572271047826,1.6506979885423064e-05,0.6238555128417033,1.742747452912601e-05
S04164850_20220720,Poor,Poor,1.4388701662801553e-09,1.5984942968229653e-12,1.6188779199143064e-11,0.0005757953540837047,0.999424203189259
S04164870_20120724,Moderate,Moderate,2.6917170687002316e-06,0.023552020826928484,2.1493985457785045e-07,0.9764312905646437,1.3781951504525728e-05
S04164870_20130626,Moderate,Moderate,8.554674183879287e-08,0.0009715072745996055,1.4108629994228928e-08,0.9990283623407339,3.0729294640580205e-08
S04164870_20140522,Moderate,Moderate,2.1057012344068206e-08,7.81287214907811e-06,4.633658287110362e-10,0.999991366713228,7.988942448050146e-07
S04164950_20120731,Moderate,Moderate,3.1576349213382516e-06,0.3181255193612653,2.154231163740025e-07,0.6818673481295148,3.7594511821781e-06
S04164950_20130723,Moderate,Moderate,4.439256491237716e-06,0.0011387078054712497,1.819901114864596e-05,0.9980904740417432,0.0007481798851456541
S04164950_20140611,Moderate,Moderate,1.3369759172727798e-07,5.6288800938686685e-05,6.075099567172403e-09,0.9999425161015684,1.0553248016671343e-06
S04164950_20150709,Poor,Poor,0.000559108715402705,1.6722692271117878e-09,6.173289863061191e-10,0.04141748607680371,0.9580234029181954
S04164950_20160705,Moderate,Moderate,5.106029789564837e-07,0.00019275715806591097,1.34114116917689e-07,0.9998059916189731,6.06505865085773e-07
S04164950_20170825,Moderate,Moderate,5.39800858452272e-07,0.0042593838155343304,3.4933326470586714e-08,0.9957365870818555,3.4543684252221594e-06
S04164950_20180703,Moderate,Moderate,5.3831203662795e-08,7.431110650399902e-07,5.885362407835272e-09,0.9999991521384666,4.503390231716696e-08
S04164950_20200908,Moderate,Moderate,9.664029322053212e-07,8.49866642283735e-06,4.197461083569264e-08,0.9998282139978744,0.0001622789581597851
S04164950_20210823,Moderate,Moderate,2.662228393249947e-07,0.0032987773008892655,1.077637653834158e-08,0.9966998320118778,1.113688017095301e-06
S04165050_20150814,Good,Good,1.8381696748656994e-06,0.9963677656096785,3.496582744624521e-05,0.003594107680111642,1.3227130887125498e-06
S04165050_20181002,Moderate,Moderate,6.002367807839259e-06,0.009141262003153086,6.190651168638722e-08,0.9908357918615384,1.6881860989087863e-05
S04165100_20120724,Moderate,Moderate,1.2736225554144416e-07,4.130727227996816e-06,1.6042000661868642e-08,0.999985655024893,1.007084362284369e-05
S04165100_20130820,Good,Moderate,1.4226954904669448e-06,0.023326002258558153,8.778866589754362e-08,0.9766711406489499,1.3466083356697106e-06
S04165100_20140618,Moderate,Moderate,5.514667178369359e-07,0.14880915536895506,9.168643351739914e-08,0.8511901600388673,4.1439026369945815e-08
S04165100_20160826,Moderate,Moderate,9.587027281396562e-07,1.8369747292088347e-08,1.410722382221123e-10,0.9988295875625455,0.001169435223906983
S04165100_20200908,Moderate,Moderate,2.8612298312131364e-07,5.744269832062228e-05,3.728524227891554e-10,0.999901944155855,4.0326649988973506e-05
S04165100_20210902,Moderate,Moderate,3.350781223600469e-08,1.833504168243372e-06,2.7095052965540696e-10,0.9999947847769368,3.347940132075763e-06
S04165200_20120712,Good,Good,2.715193456862984e-06,0.9925886696394552,1.1382304866408764e-05,0.007394054144968104,3.178717253375148e-06
S04165200_20130717,Moderate,Moderate,1.5730641937187834e-05,0.42491997989661834,9.102863353424381e-07,0.5750594544311268,3.924743982416257e-06
S04165200_20140603,Good,Good,4.176854082096355e-07,0.9996783849871711,8.628906919492526e-08,0.00032111030780356437,7.305478690800267e-10
S04165200_20160826,Good,Moderate,3.0204403925468634e-06,0.05960989201229572,6.66412378593866e-07,0.9403833467392811,3.0743956519995287e-06
S04165225_20120724,Good,Moderate,5.186917333341659e-07,0.049705912347176445,1.4267684532667122e-07,0.9502934107158534,1.5568391479785067e-08
S04165225_20130625,Moderate,Moderate,0.003383080133111991,0.12722855381367887,0.011260940351957833,0.5097898273949476,0.3483375983063038
S04165225_20140618,Moderate,Moderate,1.4061579200150172e-07,0.025513166137951904,7.731033274912177e-09,0.9744866714871838,1.4028039004845124e-08
S04165225_20160826,Good,Good,2.5040880568346556e-05,0.8986211505147695,0.00043274887309707164,0.10084642871930177,7.46310122633324e-05
S04165225_20210902,Moderate,Moderate,1.9479834757284233e-07,0.03504355162772998,3.0190083060505844e-09,0.9649560420389016,2.0851601258220394e-07
S04165700_20120731,Moderate,Moderate,2.949190076543132e-06,0.017874943843715962,1.1160220576995471e-07,0.9821218908622642,1.0450173745493382e-07
S04165700_20130724,Moderate,Moderate,6.409580375278552e-07,0.0004795756938338834,6.752467320718493e-09,0.9995197288972199,4.7698441393910706e-08
S04165700_20140623,Moderate,Moderate,7.464081770121061e-08,3.121117379289077e-05,8.354338806456413e-10,0.9999683608233215,3.525266340222315e-07
S04165700_20150710,Moderate,Moderate,8.413135703405566e-07,4.542075079644547e-05,7.085266912420087e-08,0.9999528231580946,8.439248693943751e-07
S04165700_20160704,Moderate,Moderate,2.0268233091647424e-07,5.568307323951812e-06,1.1777300054977444e-07,0.9999939311047596,1.801325849767144e-07
S04165700_20170825,Moderate,Moderate,1.6443852592334287e-07,0.0002709580704036941,1.4462774737886966e-08,0.9997016721171877,2.7190911107872134e-05
S04165700_20180703,Moderate,Moderate,8.450747587935189e-10,7.24179813410105e-08,8.024811136576759e-11,0.9999999114601267,1.519656914091899e-08
S04165700_20190704,Moderate,Moderate,2.6539574776100146e-07,0.0012839427068035824,7.046710885035092e-08,0.9987156950020417,2.6428298120645684e-08
S04165700_20200908,Moderate,Moderate,3.7872508010037876e-08,1.2280369297509806e-05,6.0191024746077725e-09,0.999987610497651,6.524144105474846e-08
S04165700_20210628,Moderate,Moderate,1.3543952380081607e-07,5.707398195874513e-05,6.063418899174211e-09,0.9999427629424221,2.1572676512909413e-08
S04165800_20130717,Moderate,Moderate,1.9516966860963978e-06,0.3452800239933266,1.8013648909613768e-07,0.6547178342405566,9.932941715791108e-09
S04165800_20140527,Good,Good,1.0020012727496171e-05,0.9938053085389602,0.005663810467103781,0.0005142411235860635,6.619857622405529e-06
S04165800_20150618,Good,Good,3.847444302068296e-06,0.9984109735362331,1.7662713208072717e-05,0.0015674409361414296,7.537011546285994e-08
S04165800_20160524,High,High,1.5668577431710156e-06,0.014355961407893383,0.9855125056066542,0.0001292856331443023,6.804945650354034e-07
S04165800_20171004,Good,Moderate,1.5866859715069778e-05,0.07041046367831523,0.00068978032048198,0.9288273728777534,5.6516263734253504e-05
S04165800_20190731,Moderate,Moderate,1.0896555942525326e-05,0.04214623982436419,4.312175375214817e-06,0.9577243260024845,0.00011422544183357183
S04165800_20210728,High,High,2.8531356710654618e-05,0.4977360672959018,0.5020543647100323,9.993001575098415e-05,8.110662160423977e-05
S04165890_20180515,Good,Good,2.1629562820716957e-06,0.9999239909812402,1.312952123597591e-06,7.250836932024795e-05,2.4741033839621707e-08
S04165890_20190515,Moderate,Moderate,1.4863023261838951e-06,0.0071505745408482,1.8567944761348303e-07,0.9928175866387045,3.0166838673559303e-05
S04165905_20121030,Good,Good,1.3044573557200934e-05,0.9465237927533867,4.018031416120636e-05,0.05342145610961324,1.5262492816639064e-06
S04165905_20130724,Moderate,Moderate,1.567628756693931e-07,0.0005641322677097684,1.6149053623523813e-09,0.9994353795642766,3.297902326362287e-07
S04165905_20140612,Moderate,Good,1.3514931054560084e-05,0.5284756169511516,2.056471609772259e-06,0.4715079122281779,8.994180060964546e-07
S04165905_20150710,Good,Good,0.00014126101594566737,0.6865946865516332,0.024639251532553526,0.28856179762659206,6.300327327553993e-05
S04165910_20130625,Good,Moderate,1.7110489702399814e-06,0.2598862891613746,8.41347383785448e-09,0.7401115451048732,4.46271308259116e-07
S04166095_20120627,Moderate,Moderate,7.541180461620116e-06,1.1435864574794607e-07,5.1195263578233206e-08,0.9999907464803263,1.5467853028374528e-06
S04166095_20130917,Poor,Moderate,9.931004170217665e-06,2.759849466631461e-06,3.909882514202079e-06,0.9983373262926534,0.0016460729711955475
S04166095_20150625,Moderate,Moderate,3.9776102060406364e-07,6.904655218117647e-07,4.737689749941411e-08,0.9999896025298222,9.261866737875437e-06
S04166095_20200910,Poor,Moderate,4.786425873408086e-05,0.0013848275083861324,2.322628961244457e-05,0.9790059938230424,0.019538088120224992
S04166250_20130826,Moderate,Moderate,8.765470505476948e-07,0.0001264097329216085,2.9476502993255222e-08,0.9998718288752271,8.553682977391802e-07
S04166250_20140905,Moderate,Moderate,3.841001506323432e-08,4.325373187270422e-07,8.999033939108847e-09,0.9999942778431096,5.242210522729071e-06
S04166250_20170804,Moderate,Moderate,1.8669820011972882e-05,0.0033917237175433794,2.763583561143685e-06,0.9961551357389544,0.0004317071399290949
S04166250_20200910,Moderate,Moderate,2.087724747865938e-08,2.591093604519419e-07,3.5954678103657383e-10,0.9999994648174606,2.548363846755783e-07
S04166250_20210902,Moderate,Moderate,2.724700558530429e-07,8.285302338460284e-05,4.708935013573131e-07,0.999916178951092,2.246619662450631e-07
S04166800_20130626,Moderate,Moderate,4.617240690796943e-07,0.2883071924408372,5.620829481218322e-08,0.7116922728942751,1.673252381424348e-08
S04166800_20140603,Good,Good,1.202714244985379e-06,0.8747744924952859,3.904486806527956e-08,0.12522425802890577,7.716695240318025e-09
S04166800_20150622,Good,Good,2.183549060469693e-06,0.8833978126292029,5.69861878687107e-06,0.11659426140886171,4.3794088002816765e-08
S04166800_20160816,Moderate,Moderate,5.529250839202068e-06,0.06987990268391078,2.2224035134777594e-07,0.930114019576646,3.2624825277013597e-07
S04166800_20171004,Moderate,Moderate,9.809885791038567e-08,0.000929843771907811,3.543280551340339e-09,0.9990698052491341,2.4933681968486175e-07
S04166800_20180829,Good,Moderate,7.713084222227217e-06,0.32729581191970913,4.25110535396304e-05,0.672645121401995,8.842540534091424e-06
S04166800_20200909,Good,Good,6.210220087827606e-07,0.9993902107997373,0.00013837378212244023,0.0004707488373827023,4.555874875781776e-08
S04166800_20210510,Moderate,Moderate,1.5026841918655558e-07,0.022793931795609255,3.584419826777805e-08,0.9772057199884172,1.6210335606309257e-07
S04166800_20220720,Moderate,Moderate,3.7503435788052317e-07,0.010010822335228963,1.2963804668460733e-07,0.9899882435699355,4.294224309505791e-07
S04166875_20150813,Good,Good,4.310195649638901e-06,0.9919137369397057,0.0072222954970122405,0.000859470799574262,1.8656805807617124e-07
S04166875_20180817,Good,Good,2.5583437024868483e-06,0.9994924770077739,2.135720931340289e-05,0.0004816418763482075,1.965562861948129e-06
S04166885_20120726,Good,Good,2.4682880036256905e-06,0.9936834952043565,1.4124709379861775e-06,0.00631100913356697,1.6149031348838165e-06
S04166885_20150813,Good,Good,1.7154166343988082e-05,0.9941035116250309,0.005242292413984251,0.0006347299710392398,2.3118236017243678e-06
S04166885_20180817,Good,Good,2.9117592558082218e-05,0.6395108688840972,1.7864072322460888e-06,0.3604553079213605,2.919194751825452e-06
S04166950_20130827,Good,Good,2.0896412674821372e-06,0.999010141837986,8.361490278041121e-05,0.0009041232988572242,3.031910888066442e-08
S04166950_20160825,Moderate,Moderate,1.9921806257157796e-07,0.005334645917165904,2.215611217105294e-08,0.9946649604987453,1.7220991401090932e-07
S04167000_20130827,Good,Good,2.260871709305629e-06,0.9931625646784262,1.0832324324671488e-05,0.006824216264932706,1.2586060724034326e-07
S04167000_20140825,Moderate,Moderate,5.2558055791500635e-06,0.010004474428923915,2.7405158452282677e-07,0.9899849338897772,5.061824135324866e-06
S04167000_20170803,Moderate,Moderate,7.564059202248553e-07,0.004707623463519897,1.4745612763160485e-06,0.9952882437189414,1.9018503420486244e-06
S04167000_20200909,Good,Moderate,5.109103889940005e-07,0.030315047395206064,4.293068538777651e-07,0.9696832789688055,7.334187456121722e-07
S04167010_20140825,Moderate,Moderate,1.439891845242323e-06,0.0001563347232524857,3.6948102614520034e-09,0.9998420460192299,1.7567086204230672e-07
S04167050_20130827,Good,Moderate,2.3677208606327494e-06,0.1397139673737708,1.2575682586944485e-06,0.8602822991469076,1.0819020233904853e-07
S04167050_20140825,Good,Good,9.323645549520754e-07,0.8158372631100735,1.9233730328880943e-07,0.18416156948674747,4.2701320719799416e-08
S04167050_20170803,Moderate,Moderate,1.097365678336174e-06,0.15535849047544759,3.968811385225781e-08,0.8446402849028336,8.756792674744342e-08
S04167050_20180515,Good,Good,1.5262260110867983e-06,0.7457911662838413,7.906785905436359e-07,0.25420589995826703,6.168532899342364e-07
S04167050_20190704,Moderate,Moderate,6.539752699714502e-08,0.0002759210092219201,9.660386415716133e-08,0.9997239106798036,6.309583233643832e-09
S04167100_20140825,High,Good,5.279800598423941e-05,0.987730929714881,0.007278267691126546,0.004867680395510763,7.032419249750089e-05
S04167300_20120725,Good,Moderate,8.171751453419105e-07,0.0031672129732957005,1.654514985481912e-08,0.9968299749062689,1.9784001400786323e-06
S04167300_20130625,Moderate,Moderate,8.818785711723611e-06,0.04961510282054835,7.483239069972599e-07,0.9503495332103495,2.5796859483360776e-05
S04167300_20140618,Good,Good,5.469627414684516e-06,0.8680624675362352,1.6385008585160923e-06,0.13192655090944683,3.873426044900362e-06
S04167300_20200618,Moderate,Good,9.354297023007603e-06,0.8295813897057007,7.835723611406152e-06,0.17038461450634887,1.6805767315999198e-05
S04167420_20120611,Moderate,Moderate,7.859596555066625e-06,4.591838377804953e-05,7.865970026685126e-07,0.9969891187741998,0.002956316648464456
S04167420_20130624,Moderate,Moderate,7.020173622128483e-07,0.0001126633942103657,1.0366124980245979e-08,0.9998862313204309,3.929018715952127e-07
S04167420_20180829,Moderate,Moderate,4.0642698224027866e-05,7.649562991370814e-08,1.7486071960033567e-07,0.9923827076475605,0.00757639829786591
S04167420_20190716,Moderate,Moderate,5.974276218936515e-06,0.026395580765903676,1.7885768551693553e-06,0.9735952862423208,1.3701387014923035e-06
S04167600_20130826,Good,Moderate,1.5468188133117475e-05,0.48032589208277426,3.7382118266379975e-06,0.5196542121656377,6.89351628184091e-07
S04167600_20140905,Good,Good,4.156790983486963e-05,0.8514250542455312,3.487701760656985e-06,0.14847521445476494,5.467568810844987e-05
S04167600_20170804,Moderate,Moderate,2.0637952037579214e-06,0.002003425500149824,1.6130582320425537e-07,0.9979771906792706,1.715871955268827e-05
S04167600_20200910,Moderate,Good,4.8125347967478776e-05,0.6035651988300549,0.00010700597752403105,0.3962699856080433,9.684236410445572e-06
S04167600_20210628,Good,Good,2.320697838363799e-06,0.960069050199972,2.6000424656651558e-06,0.0399253152499194,7.138098046566835e-07
S04167675_20210914,Moderate,Good,2.861824113642726e-06,0.6584866585393307,3.400540094695284e-06,0.3415068695521371,2.0954432375651958e-07
S04167700_20120612,Good,Good,2.735922364539176e-08,0.9999987845527869,1.9207648632258958e-07,9.95878126165233e-07,1.333770278675652e-10
S04167700_20130826,Good,Good,4.272142823748901e-08,0.9999551451102671,6.428634386409866e-08,4.4718976040875185e-05,2.8905919961412943e-08
S04167700_20160825,Good,Good,7.977494755711349e-08,0.9999943489509157,3.9212284752479205e-06,1.6439355278440468e-06,6.1101338122618e-09
S04167700_20180829,Good,Good,9.820833527272962e-07,0.9999784639141487,7.243137629958913e-07,1.9644333855474472e-05,1.853548801347799e-07
S04167700_20190716,Moderate,Good,4.955270410137101e-06,0.9857120763354297,6.923072133650458e-07,0.014280897257690528,1.3788292563288106e-06
S04167750_20130624,Good,Good,2.4498444989586415e-06,0.9955634257814997,2.272347818098157e-05,0.004410816318584209,5.845772361449235e-07
S04167750_20150529,Moderate,Moderate,2.6536075574880257e-06,0.009337954611622666,1.1470683038907336e-07,0.9906581930805204,1.0839934690507545e-06
S04167750_20160608,Good,Good,2.3820177397019835e-08,0.9998715545380316,1.181897418329886e-08,0.00012840754760768162,2.275209271895325e-09
S04167750_20170515,Moderate,Moderate,2.270292627662006e-05,0.3808197162452525,7.134881006633998e-07,0.6191256243247232,3.12430156470138e-05
S04167750_20180514,Moderate,Moderate,2.016081908181056e-07,0.001424604364837065,3.7855203729752015e-07,0.9985741132319035,7.022430314292783e-07
S04167750_20190514,Good,Good,0.0005332231183038035,0.8740719892366492,0.027273099950161157,0.09538784726753795,0.0027338404273477613
S04167750_20200610,Good,Good,2.5034093854673565e-06,0.9992066776898716,1.298210194309941e-05,0.0007778132265183742,2.3572281509303297e-08
S04167750_20210504,Good,Good,5.253016913564368e-07,0.9999674636898918,1.2775330301621837e-05,1.9214740870064932e-05,2.093724515426811e-08
S04167750_20220531,Good,Good,7.438871068034662e-08,0.9999842960231862,2.590913219564633e-06,1.3013144402793575e-05,2.5530480850689418e-08
S04167815_20130723,Good,Good,2.172318941594336e-06,0.8767091378712153,0.12327289405780599,1.5788351008506822e-05,7.401028753295453e-09
S04167815_20150623,High,Good,6.364944453360708e-05,0.6537081900607992,0.329070401110129,0.017113296156563127,4.446322797509637e-05
S04167815_20160609,Good,High,6.114430970498849e-06,0.29613584738710347,0.7033845197385605,0.00046744854815518387,6.06989521024842e-06
S04167815_20171003,High,Good,1.5493803368866714e-07,0.9995647870990239,0.0004304785352547514,4.449979756236815e-06,1.2944793140277732e-07
S04167815_20180828,Good,Moderate,0.00015476117130386777,0.31734230260837654,0.0007197218109049972,0.6817032277198746,7.998668954017483e-05
S04167815_20190716,Moderate,Good,0.0008051688329796372,0.5359195521889341,0.018930076786077804,0.4437401849586453,0.0006050172333631029
S04167815_20200610,Moderate,Moderate,9.654992821401214e-05,0.07233881190102652,0.0013902079635438594,0.8161286934836669,0.11004573672354877
S04167815_20210504,Good,Good,6.358312703894774e-05,0.7318804889635847,0.005417709197176289,0.26261829499802536,1.9923714174813836e-05
S04167815_20220531,Moderate,Moderate,8.921431767002672e-05,0.0016842878133948003,8.878663443452302e-05,0.9964305148187464,0.0017071964157543403
S04167855_20160825,Moderate,Moderate,1.775724606593583e-07,5.4123283512096215e-05,1.0951648418741738e-07,0.9999444191218801,1.1705056630414917e-06
S04167990_20140905,Good,Moderate,0.00017450717722583155,0.09746481677051494,0.00023780355681915117,0.9021030813790393,1.9791116400810398e-05
S04168050_20130826,Moderate,Moderate,3.0219640019850654e-08,0.0026475304692040445,5.466429237326975e-10,0.9973524054963614,3.3268151631389584e-08
S04168050_20140905,Moderate,Moderate,1.7592662687402048e-07,0.0004556282121018473,5.243195097934143e-10,0.9995437648236569,4.3051329489457346e-07
S04168050_20170804,Moderate,Moderate,4.9803037157537685e-05,0.0001590981040480126,2.0746297668799136e-05,0.7602127477860626,0.23955760477506308
S04168050_20200909,Poor,Poor,5.052305667502678e-07,6.594299569561695e-06,1.0978488349806349e-07,0.15835813643472493,0.8416346542502552
S04168140_20130722,Moderate,Moderate,4.323525397641833e-08,1.0401634536435357e-07,1.0558575197882006e-09,0.9999529187264341,4.6932966108916185e-05
S04168140_20140603,Poor,Moderate,5.976730468054561e-07,4.16403094521221e-08,1.2915051386483547e-10,0.9713337718485104,0.02866558870898288
S04168140_20150625,Moderate,Moderate,6.580224732735495e-08,1.591185530308037e-07,5.209154238879486e-09,0.9999997009280339,6.894201134301663e-08
S04168140_20160609,Moderate,Moderate,1.9312309777035443e-07,1.992762031900853e-08,4.252102675243084e-09,0.9999979414082255,1.8412889536667959e-06
S04168140_20171003,Moderate,Moderate,4.934265203861208e-07,1.3433372006364722e-05,1.6371004323504268e-09,0.9999837723667172,2.2991976555549447e-06
S04168140_20180716,Moderate,Moderate,1.025706526112245e-06,6.528217349409243e-05,8.392131649620565e-08,0.9999328514148934,7.56783769943311e-07
S04168140_20190912,Moderate,Moderate,2.7517566714778466e-07,5.717398999368959e-07,3.939315979830252e-09,0.9995056215514277,0.000493527593689078
S04168140_20200909,Moderate,Moderate,3.435055875233921e-07,6.2335486857017245e-06,3.8319388195519394e-09,0.9708966853744478,0.029096733739340085
S04168140_20210901,Poor,Poor,5.83402873999554e-08,5.660260927786349e-07,5.994149791070189e-09,0.2255603840844449,0.774438985555025
S04168210_20140905,Moderate,Moderate,2.5664224956071935e-05,0.4654757657807194,5.022692880199589e-07,0.5344959794247944,2.088300242047199e-06
S04168210_20170804,Moderate,Moderate,4.761547124740755e-06,1.8944432467427078e-08,1.3002790752228407e-09,0.9887125761387664,0.011282642069397287
S04168210_20200910,Moderate,Moderate,1.8261272043157374e-06,0.011250540153409632,3.257217162269253e-07,0.9882256000450376,0.0005217079526322344
S04168210_20210831,Good,Good,1.338287463057078e-06,0.9743686993596061,8.027204570705024e-07,0.025628593650518325,5.659819554340332e-07
S04168250_20150812,Good,Good,3.4733503350623725e-07,0.9999799651813164,3.627181111320665e-06,1.6056174208974063e-05,4.128329845659136e-09
S04168250_20160818,Moderate,Good,3.2986179741800214e-06,0.7423769744953075,8.198867954391145e-07,0.25761689677886607,2.010221056742579e-06
S04168250_20190912,Good,Good,1.4789736817954705e-06,0.9989329172503811,0.0008009270259682651,0.0002645017129131807,1.750370557770712e-07
S04170000_20150812,Moderate,Moderate,2.18006327129082e-06,9.725237960640573e-05,3.583937723257518e-08,0.9998452856408072,5.524607693789577e-05
S04170000_20180817,Moderate,Moderate,2.590609280408816e-07,5.00160201544132e-07,2.681784428797048e-08,0.9999529140464861,4.62999145400312e-05
S04170500_20130828,High,Good,2.617353433156259e-06,0.9844604272381431,0.01553648859702845,4.5540670436037994e-07,1.1404690885334016e-08
S04170500_20140904,Good,Good,5.769105543838871e-08,0.9999942694803587,3.355046734368808e-06,2.3111725464724827e-06,6.609304992903431e-09
S04170500_20170804,Good,Good,0.0010058315711653607,0.8780091122589379,0.003341582469254781,0.11763130428080167,1.2169419840187123e-05
S04170500_20210831,Good,Good,1.4581326450107784e-07,0.999885833969535,7.184711844156279e-07,0.00011327504324840391,2.6702767619669365e-08
S04170700_20130828,High,Good,1.5602624088269755e-07,0.5092050698994515,0.4907943587217246,4.0564848779205887e-07,9.70409527028927e-09
S04170700_20140904,Good,Good,2.7134072378921746e-07,0.999896112346003,2.9985525953243413e-05,7.362806495773543e-05,2.7223623609481312e-09
S04170700_20170803,Moderate,Moderate,0.0001917256286597531,5.96942298393778e-05,1.304042759575767e-07,0.9997444612753703,3.988461854638818e-06
S04170700_20200618,Good,Moderate,2.2551379320547604e-06,0.08583448266418868,1.861243848989623e-08,0.9141631020728488,1.415125919207413e-07
S04171010_20120618,Moderate,Moderate,8.678884094704558e-07,2.507462782548166e-05,3.0795716866306545e-09,0.9993042279135943,0.0006698264905990704
S04171010_20130716,Good,Moderate,2.3752138318417478e-07,0.2286814947129755,8.33418712508792e-09,0.7713181748531566,8.457829779046246e-08
S04171010_20140617,Moderate,Moderate,2.527471977636212e-06,0.049706203976295785,7.464846390166759e-07,0.9502902619638833,2.6010320420172866e-07
S04171010_20150625,Moderate,Moderate,1.1880825924742865e-05,0.00968971187124786,2.422116630509709e-07,0.9902803376618117,1.7827429352743104e-05
S04171010_20180714,Moderate,Moderate,7.046482648294568e-06,0.04592393478063697,1.0689401345810958e-07,0.954068587207791,3.246349103188648e-07
S04171010_20210831,Moderate,Moderate,1.2540587381059182e-05,0.001941510663924763,1.6528145849141347e-07,0.9917308293452869,0.006314954121948802
S04171020_20120830,Good,Moderate,3.4539953484108155e-07,0.03262949751263287,1.5670753615857962e-07,0.9673698963514563,1.0402883972932309e-07
S04171050_20130827,Moderate,Good,6.32564379423272e-05,0.9748897316666781,0.000608543518585043,0.024388833470594205,4.9634906200264994e-05
S04171050_20140904,Moderate,Moderate,3.951542750345961e-07,7.667160882967264e-05,1.532922603971784e-07,0.9999166298912392,6.150053395664161e-06
S04171050_20170802,Bad,Poor,0.0012730564262244536,1.7749782168132827e-08,3.841862319529043e-08,0.0020279867633390134,0.9966989006420311
S04171050_20210831,Moderate,Good,6.676046827709649e-06,0.9429002495440973,7.192485298119133e-07,0.05706455292914763,2.780223139745606e-05
S04171160_20120613,Moderate,Moderate,2.1252918273972363e-06,0.4062826303169454,6.874298877383551e-07,0.5937141693035365,3.8765780302783386e-07
S04171160_20130715,Moderate,Moderate,2.0717280817218853e-07,0.010011061459501105,1.7211442367299076e-07,0.9899881829984971,3.7625476991944546e-07
S04171160_20140724,Moderate,Moderate,1.6814836099341688e-07,1.4673387104813112e-06,1.9089149671050356e-08,0.9999971259888017,1.2194349770863851e-06
S04171160_20150624,Moderate,Moderate,1.1140138667773962e-06,0.00024516845944886327,2.2265497199467109e-07,0.9997514192771044,2.075594607914628e-06
S04171160_20160808,Good,Good,1.1115168213444165e-06,0.9996883685630377,1.4647401998236171e-05,0.00029453071680751063,1.3418013352308164e-06
S04171160_20171003,Good,Good,6.134112549755084e-08,0.9999929403623378,7.394396117641643e-07,6.2204818143742635e-06,3.837511050620708e-08
S04171160_20220913,Good,Good,1.9124485271663263e-07,0.9964270268392241,6.33714743453082e-07,0.003569431042898535,2.717158281129005e-06
S04171180_20180913,Moderate,Good,8.990284731489768e-06,0.5264580661221504,1.898790879029899e-05,0.47346666610474786,4.72895795800393e-05
S04171300_20130827,Good,Good,4.5362838444100685e-05,0.9060311258158663,4.8711232437969244e-05,0.0938662929934521,8.507119799496756e-06
S04171300_20160823,Good,Good,2.9120464149893387e-08,0.9999369293413385,1.6231955763938807e-06,6.141736114514862e-05,9.81475751730307e-10
S04171385_20130829,Good,Good,4.167801015599402e-08,0.9999129504944363,2.7242161401395866e-07,8.673406612402992e-05,1.3398155340142643e-09
S04171385_20160823,Good,Good,2.9267103578163814e-06,0.9784197144634095,2.690349933403276e-06,0.021518969629066177,5.569884723311349e-05
S04171400_20180817,Moderate,Moderate,5.869564575169391e-08,8.776769617754071e-07,1.3101906338991315e-10,0.9999099586548484,8.910484152497876e-05
S04171430_20150928,Good,Good,1.5415007631647033e-06,0.9909034033182783,1.4296577259343237e-05,0.009080442787182012,3.158165172143422e-07
S04171450_20130725,Moderate,Moderate,1.1011619983938507e-07,1.9361356615030735e-05,3.880947928285501e-09,0.9999804804899179,4.415631924755088e-08
S04171450_20150709,Good,Good,1.6251196620294239e-06,0.9995173752326119,1.8220568238817452e-05,0.0004626292647413854,1.4981474586991819e-07
S04171450_20160808,Good,Good,1.5606381916374766e-07,0.9999934378354814,2.297305739398174e-06,4.092237721435695e-06,1.6557238515569768e-08
S04171450_20170913,Moderate,Moderate,1.25975281587288e-05,0.0124334619505987,2.206877764918541e-06,0.9870035413628305,0.000548192280647176
S04171450_20180716,Good,Good,1.137225148308097e-05,0.9981504389135807,3.8415459187483116e-06,0.0018340117588406053,3.35530177019021e-07
S04171450_20200825,Moderate,Moderate,1.9947193853094568e-06,0.000113255796320933,1.642307426882497e-07,0.9998736831706885,1.0902082862558142e-05
S04171450_20210819,Moderate,Good,2.1815025852190683e-06,0.9246718437622155,6.760424095946464e-08,0.0753255378552223,3.6927573608438574e-07
S04171550_20150916,High,High,1.3512646056899547e-08,0.004029669456826765,0.9959699579240328,3.588349484225475e-07,2.7154609336427896e-10
S04171670_20130718,Moderate,Moderate,1.0832382198939007e-06,0.13813471755914747,8.004095155178215e-08,0.8618632608612137,8.583004674320345e-07
S04171670_20140725,Good,Good,1.7298809332988566e-05,0.9417469417266867,0.0003435649907473301,0.05789173730607618,4.571671568422667e-07
S04171670_20150624,Good,Good,2.988618065380817e-06,0.6751973903108781,0.32473438380078223,6.522141878199525e-05,1.5851492347225803e-08
S04171670_20160607,Good,Good,3.1736854619595976e-06,0.9908924940923749,4.653418213365594e-05,0.009049372834251633,8.425205777854568e-06
S04171670_20170912,Good,Good,8.752117141765771e-07,0.9995944334316336,0.00037651799683449005,2.8154083526393635e-05,1.927629134852921e-08
S04171670_20180717,Good,Moderate,6.6329788456973056e-06,0.1604257573013871,5.272035368019046e-06,0.8391150972929937,0.0004472403914054667
S04171670_20190911,Moderate,Moderate,1.114128162899453e-06,0.0008004285976456285,2.090455695422438e-09,0.9991980597861837,3.9539755199001747e-07
S04171670_20200619,Good,Good,1.8660048128938174e-06,0.9995184534052033,0.000432472786038149,4.1289846295285855e-05,5.917957650388214e-06
S04171670_20220912,Good,Good,9.25784123379079e-06,0.931519873301539,7.989401150504634e-06,0.06845494671131067,7.932744765925976e-06
S04171710_20140904,Good,Good,7.19866423104849e-07,0.9789625820889473,1.8328595835268974e-06,0.02103485319066424,1.1994381792200513e-08
S04171750_20150915,Good,Good,3.3915390360639258e-06,0.9994961589886172,0.00023670978807777826,0.0002634561252067604,2.835590622366077e-07
S04171750_20180816,Moderate,Moderate,6.230880871660562e-06,0.14957902733918793,2.983123467821534e-07,0.8504131948619401,1.248605653502883e-06
S04171859_20140904,Good,Good,3.8249535422885045e-06,0.9543095405906118,0.045528546017189066,0.00015778132378425002,3.071148725467099e-07
S04171860_20130822,High,Good,2.3704650424240628e-08,0.99866050813729,0.0013393459117631808,1.2113565340337071e-07,1.1106429012104815e-09
S04171860_20210701,Good,Good,9.6103676244325e-07,0.9976593039406013,6.145069131358737e-05,0.0022782570515946232,2.7279728104748147e-08
S04171870_20150915,Good,Good,1.2652612202688895e-07,0.9997298973972595,1.5220643227647922e-07,0.0002698004959864184,2.3374199884806562e-08
S04171870_20180714,Good,Moderate,5.4492092270526194e-05,0.14687023090682194,3.857740857365248e-07,0.8528363049344274,0.00023858629239433186
S04172020_20140903,Moderate,Good,7.839767482093646e-06,0.8436386741767342,1.9326426386631178e-06,0.15634829260870786,3.2608044371542655e-06
S04172020_20170802,Moderate,Moderate,6.618793646521829e-07,5.4138419423851873e-05,1.4431636561067032e-08,0.9999228811328905,2.2304136684475467e-05
S04172030_20130726,Moderate,Moderate,4.1084796042043525e-06,0.02158162951672548,2.803069447564109e-07,0.9784133812188311,6.004778944023409e-07
S04172030_20140724,Moderate,Moderate,5.56618571510535e-06,0.001063913140166755,4.4350099714205305e-09,0.9989298816222849,6.346168232067664e-07
S04172030_20150708,Good,Moderate,0.00013905355794227773,0.04442943551629426,0.03377849892771834,0.921634165140984,1.8846857061189135e-05
S04172030_20170629,Good,Good,7.519209914418288e-07,0.9998311804034956,1.0598423900663922e-06,0.0001669542034922538,5.362963063528753e-08
S04172030_20180914,Moderate,Good,9.659150183910867e-07,0.983441498266162,1.0655188899177841e-07,0.016556584067937263,8.451989934036442e-07
S04172030_20190919,Moderate,Moderate,4.94879529420097e-07,0.0012614597810500742,2.9196274752792713e-09,0.9987376586967304,3.837230626786897e-07
S04172030_20200825,Moderate,Moderate,3.073398847598051e-05,0.008164425846374097,2.9139613446520842e-05,0.9909202946382716,0.0008554059134317315
S04172030_20210701,Good,Good,6.510217578496777e-07,0.9995974965590515,6.87750022327272e-07,0.0004011416338714466,2.303529685432628e-08
S04172030_20220913,Moderate,Moderate,6.361487097494006e-06,0.07361321348666915,4.055628127697476e-07,0.9243435263197246,0.0020364931436960476
S04172060_20140724,Moderate,Moderate,2.536448453806968e-07,0.0001403017243983253,7.667389490817354e-09,0.9998209449813248,3.849198204207653e-05
S04172060_20160810,Good,Good,5.353309325540472e-07,0.9999853171010349,3.074853784862975e-07,1.3830655041888407e-05,9.427612151253195e-09
S04172060_20171002,Good,Good,5.235253102498156e-05,0.7036248821917002,7.07051366453139e-05,0.29624373679689087,8.32334373865341e-06
S04172060_20180913,Good,Good,1.1466149070297873e-07,0.9999373722029091,1.2665605328077268e-07,6.224230513425321e-05,1.4417441246327293e-07
S04172060_20190704,Good,Good,2.988760194398299e-06,0.989363816283676,4.074696479521805e-05,0.010590597337058388,1.8506542760606042e-06
S04172060_20200825,Moderate,Good,2.7599522134182564e-06,0.9949948365533104,3.347688683137305e-05,0.004966255526947749,2.6710806968635916e-06
S04172060_20210819,Good,Good,3.4857116461785093e-06,0.9782465150005112,3.538351573720503e-07,0.021749482234749443,1.6321793563519448e-07
S04172060_20220913,Good,Good,7.787480673762278e-06,0.9160208123166099,2.7958879942621832e-05,0.08390369218509505,3.974913767852876e-05
S04172100_20160809,Good,Good,2.2900040269281146e-07,0.9999811883706666,5.641303818623496e-06,1.2626316147317036e-05,3.150089648539713e-07
S04172100_20180912,Good,Good,6.607626475113257e-07,0.9945100805879499,3.356696282459219e-07,0.005488791674473803,1.313053005421466e-07
S04172180_20130829,Good,Good,2.5220516728272975e-06,0.9502800027585927,1.216291745556904e-06,0.049716150744155994,1.0815383279340246e-07
S04172180_20140903,Good,Good,5.4159885045359695e-06,0.8246106514174802,4.490440420055097e-06,0.17537896935380243,4.727997925884582e-07
S04172180_20170824,Poor,Moderate,0.0002092578190534566,8.983469105661435e-07,1.60324046825957e-07,0.985276751304987,0.014512932205002143
S04172180_20180912,Moderate,Moderate,1.0263948850134411e-06,0.08042838830390149,5.988120633194811e-08,0.919547023976497,2.3501443510142973e-05
S04172180_20190704,Good,Good,2.896147793318129e-07,0.99576788613864,5.401619170534347e-06,0.004226402132880689,2.04945294143331e-08
S04172200_20130823,Good,Good,8.487114689652798e-07,0.9947224427905584,0.005096062352340011,0.00018020438146448736,4.4176416804730413e-07
S04172200_20160823,Good,Good,1.936005950451424e-08,0.9999942945424679,4.12763076991723e-06,1.5579741814887776e-06,4.925211707208619e-10
S04172300_20140903,Good,Good,1.1229149249456088e-05,0.7646392773971046,3.5501170209287653e-06,0.23534567578796706,2.6754865801047355e-07
S04172360_20130829,Good,Good,3.612847044739542e-08,0.9999893699578262,1.4719189422279945e-06,9.12112424279174e-06,8.705183905243243e-10
S04172370_20130829,Moderate,Moderate,1.2722533840156331e-05,0.06845675877618215,2.0117892946564473e-05,0.9315093495864314,1.0512105998275222e-06
S04172370_20140903,Moderate,Moderate,2.9185702476702915e-06,0.34514983811672745,3.4001003607240322e-06,0.6548436562385669,1.8697409741074674e-07
S04172370_20150708,Good,Good,4.577179947670337e-06,0.9745352240278842,1.375330222761685e-06,0.025458713583916014,1.0987802942644463e-07
S04172370_20170825,Good,Good,1.2725429897090152e-07,0.999352420970242,1.017584358951714e-05,0.000637173986422679,1.0194544682666948e-07
S04172370_20210628,Good,Good,0.0001185600626623816,0.6018584725642189,0.0001967793853916893,0.3969492994451215,0.0008768885426056228
S04172500_20150916,Good,Good,2.8287135309582897e-06,0.9997765942407291,4.88157266657564e-05,0.0001716545204742767,1.0679859998029474e-07
S04172500_20180815,Moderate,Moderate,2.3144672144196632e-07,1.0563784967983421e-05,3.8040689061829626e-08,0.9999878295919732,1.3371356482921525e-06
S04172570_20140723,Moderate,Moderate,7.052498262723694e-07,0.00028132116687699303,4.596264554450933e-09,0.9997179159118246,5.307520761638046e-08
S04172570_20150708,Moderate,Moderate,1.4533965849984712e-06,0.0004127123258448328,8.672906592168687e-09,0.9995846690481628,1.1565565008249284e-06
S04172570_20160809,Moderate,Moderate,5.185523316101013e-07,0.00044501158487831905,7.477024870715883e-09,0.9995530994505956,1.3629351696914634e-06
S04172570_20170913,Moderate,Moderate,8.215807895795218e-07,2.1150973771507926e-06,5.622791349698313e-09,0.9999943840889159,2.673610125937521e-06
S04172570_20180716,Moderate,Moderate,2.348889653202666e-07,2.5976964932951747e-07,1.887936861796228e-09,0.9999969627014359,2.540752012539084e-06
S04172570_20190704,Moderate,Good,2.06665492083774e-06,0.8778985045424078,3.4443691552501713e-07,0.12209873110695793,3.532587978648034e-07
S04172570_20200825,Poor,Moderate,6.592232190095908e-07,7.69521099195256e-10,1.4233778527714176e-09,0.8202453792094774,0.17975395937440464
S04172570_20210819,Moderate,Moderate,2.217499254159927e-07,7.276703412762647e-05,8.82739296029825e-10,0.9999148914220397,1.2118911167896886e-05
S04172570_20220914,Poor,Moderate,4.636699245061328e-06,7.08314083864799e-05,2.6956266713963886e-07,0.9798393046980391,0.02008495763166213
S04172578_20140903,Moderate,Moderate,9.107543839702699e-05,0.1603906071723553,2.8824121430307433e-06,0.8395136513045827,1.7836725220529997e-06
S04172578_20170825,Poor,Poor,1.0146967793609543e-06,4.286835990424091e-10,1.8406221352799674e-10,0.0026355002277516325,0.9973634844627232
S04172580_20150929,Good,Good,1.0131980352694905e-05,0.9642486721761433,0.008383495204957788,0.027283991988757535,7.370864978880332e-05
S04172580_20180815,Moderate,Moderate,0.0007231047639215616,2.7800270329452282e-05,2.905637965379334e-06,0.9983482078675848,0.0008979814601988234
S04172620_20140905,Good,High,1.8539038609036388e-07,0.026124370758565434,0.9738708661289736,3.946507322520599e-06,6.31214752505335e-07
S04172620_20170802,Good,Good,9.366869030405063e-07,0.9998920815139528,6.326618495148884e-05,4.292718897424168e-05,7.884252184244438e-07
S04172700_20150930,Good,Good,2.8406152113692447e-06,0.6327918468853571,0.3671921847265158,1.2342569764856934e-05,7.852031509245979e-07
S04172700_20160823,Good,Good,1.2204009974706047e-05,0.9979036370124812,0.0006543072479899148,0.0014296636568434577,1.8807271076379333e-07
S04172890_20120806,Good,Moderate,1.3851884558553707e-05,0.015153921129393323,0.00014752990634178881,0.9846701519925055,1.4545087200820455e-05
S04172890_20150929,Good,Good,6.694081748046093e-07,0.9996117705616495,0.0003641053072660771,2.3222525146853736e-05,2.321977629051042e-07
S04172890_20180816,Moderate,Good,7.845966345172703e-05,0.9745009013901318,0.00017356183276975257,0.01502988760430218,0.010217189509344526
S04172890_20210818,Good,Good,1.162000255534233e-06,0.9038039557251083,0.09599601344708436,0.00019852910985882968,3.397176929219793e-07
S04172950_20130823,Good,Good,1.1956724392897953e-07,0.9509789750134024,0.04902087130528306,3.292312499412934e-08,1.1909455903850502e-09
S04172990_20130823,Good,Good,1.1972125186813807e-06,0.998134676074986,6.309277305751177e-05,0.0018010154274101546,1.85120277584062e-08
S04173000_20150929,Good,Good,1.8929170995863377e-07,0.9998933037420732,0.00010208913293791937,4.404766016332854e-06,1.306726245824993e-08
S04173000_20180815,Good,Good,4.4026029664266413e-07,0.9989063005742845,1.9518171105300583e-07,0.0010928133210801247,2.5066262762170397e-07
S04173083_20120620,Good,Good,9.321684683929542e-07,0.9364571148344417,0.0632695290853829,0.0002719237884410243,5.00123266079814e-07
S04173083_20130703,High,High,7.295308682653051e-08,0.015914528016074615,0.9840853617099533,3.4653336227897974e-08,2.667549071000028e-09
S04173083_20140722,Moderate,Good,1.638455425289139e-06,0.9682888134454429,9.854334462786884e-07,0.03170833704322888,2.2562245662122865e-07
S04173083_20150622,Good,Good,4.3523041707797673e-07,0.9866898717094182,0.013304205535110853,5.483118408021848e-06,4.406645980180804e-09
S04173083_20170629,Good,Good,3.73591342191392e-06,0.992089969791377,2.2104304939875803e-06,0.007903947621371867,1.362433353337502e-07
S04173083_20180911,Good,Good,8.541198633278719e-07,0.9576544361790152,0.04233166263016399,1.2705848430384465e-05,3.4122252717180283e-07
S04173083_20190917,Moderate,Moderate,2.2256549066911195e-05,0.24080703346874852,2.5218629608032954e-05,0.7591354731138404,1.001823873620574e-05
S04173083_20200701,Good,Good,2.7912998101523153e-07,0.9987887548489475,0.0012108569608537973,7.94290143704305e-08,2.9631203356800255e-08
S04173083_20210818,Good,Good,2.3029227499490494e-07,0.9999918058099765,4.717555277142772e-06,3.2358488917012658e-06,1.0493579678140193e-08
S04173083_20220914,Good,Good,1.4578130280010726e-06,0.9994722318705326,7.86229508642478e-05,0.000446832528062255,8.548375130415593e-07
S04173100_20130723,Good,Good,9.991151622054348e-07,0.9174776242874586,0.0825171597181539,4.1933915620282045e-06,2.3487663410989647e-08
S04173100_20160809,Good,Good,3.246588179101667e-07,0.9998800779182007,4.622541489127206e-05,7.334895999181083e-05,2.304809828036946e-08
S04173100_20170913,Good,Good,8.563463647095015e-07,0.9582095243189216,3.1858211408642117e-06,0.041786106119614225,3.273939586778846e-07
S04173100_20180911,Good,Good,1.2530979672159115e-06,0.9985150865509076,8.411553761370466e-06,0.0014751949853739734,5.381198984705183e-08
S04173100_20190705,Good,Good,7.907113553939399e-07,0.9925575581259477,7.647483177144301e-05,0.007365058415578184,1.1791534724999654e-07
S04173100_20200917,Good,Good,2.075979078715817e-06,0.9998209662886739,3.08251773640709e-05,0.00014476645564070724,1.3660992426845065e-06
S04173100_20210818,Good,Moderate,8.757898633901e-07,0.14547009278807593,2.415139259280041e-06,0.8545256679806288,9.48302172613536e-07
S04173100_20220914,Good,Good,1.5907914986898885e-05,0.9150724915596595,3.91507761780703e-06,0.08476822831205365,0.00013945713568229082
S04173130_20180815,Good,Good,1.1153982288233142e-06,0.9999801682907927,9.510998329661287e-06,9.132252441527676e-06,7.306020739087901e-08
S04173160_20130823,Good,Good,5.0735598566148505e-05,0.8258727569043601,0.0010435518508758184,0.17303142150136883,1.5341448290813649e-06
S04173160_20140903,Moderate,Good,9.675933113327396e-07,0.9802990788297659,1.7125973247924207e-06,0.019698189404471458,5.157512642164836e-08
S04173200_20140912,Good,Good,3.2181274562083464e-08,0.9998174012141369,0.00018247611408190483,9.038373592459997e-08,1.0677080949434655e-10
S04173200_20150707,Good,Good,6.4329439443147685e-06,0.9916651914699831,5.551060699782371e-06,0.00832219095742831,6.335679445933303e-07
S04173200_20160810,Good,Good,1.3209265425270596e-07,0.9999801083924857,2.5510814034076126e-06,1.7204590258198415e-05,3.8431983265058765e-09
S04173200_20170601,Good,Good,1.1389714800631591e-07,0.9996876553318167,0.000310879817624722,1.3502051523474902e-06,7.482582255503215e-10
S04173200_20180717,Good,Moderate,9.538941020775124e-06,0.00791215767550167,1.1387516360359833e-06,0.9920766363593102,5.282725312867125e-07
S04173200_20190917,Good,Good,2.0303145048217066e-08,0.9997406617054282,0.0002593002958365091,1.7392987084036317e-08,3.026032068414563e-10
S04173200_20200917,Good,Good,7.898289572300536e-08,0.9999628648699372,3.3124292021154555e-05,3.928677525836597e-06,3.1776201368068684e-09
S04173200_20220914,Good,Good,1.3365307440812545e-07,0.999972137591573,1.8861160305557226e-06,1.860674609018625e-05,7.235893231774146e-06
S04173370_20130828,Good,Good,1.5418357594626e-05,0.5106363665549679,1.275040330356255e-05,0.4893271505663013,8.314117832735025e-06
S04173390_20120613,Good,Good,4.6313157494365475e-06,0.8920711804395588,2.121555961409677e-06,0.10791973808350522,2.328605225182392e-06
S04173390_20130723,Moderate,Moderate,1.708595210601436e-06,0.0025318629396013028,5.2266586483650063e-08,0.9972203552980845,0.0002460209005171502
S04173390_20140723,Good,Good,1.9820901662069053e-06,0.8344694134876248,1.7261952130543986e-06,0.1655268200280903,5.819890557469769e-08
S04173390_20180730,Moderate,Moderate,1.7712009056347807e-05,0.08055759333450022,1.703513085339941e-07,0.9194232342802354,1.290024899446235e-06
S04173390_20200825,Good,Good,9.508161680277858e-07,0.976561387710879,1.9857923044072894e-05,0.023416333283589483,1.4702663194511596e-06
S04173390_20210819,Moderate,Moderate,1.0880917162138362e-06,0.004487281211089034,2.509990811266279e-07,0.9955071970995722,4.182598541417563e-06
S04173405_20130723,Good,Good,1.0333981339415788e-07,0.9999508205493578,2.584083738318268e-07,4.881315414128932e-05,4.5483137293819255e-09
S04173405_20140723,High,Good,6.750936434138859e-07,0.8867096965877055,0.11327906800560973,1.0559184176769273e-05,1.1288646662416818e-09
S04173405_20150707,Moderate,Moderate,2.2007269292341262e-07,2.6825458881972796e-05,3.591253604369073e-08,0.9999704809011036,2.4376547855186575e-06
S04173405_20160810,Good,Good,3.2473574496319854e-07,0.9994527096880157,7.669137379414688e-07,0.0005460162407819334,1.8242171931509197e-07
S04173405_20170913,Good,Good,6.02443361627778e-08,0.9999516498034968,3.1205967270650025e-06,4.512519335268453e-05,4.41620873041163e-08
S04173405_20180716,Good,Good,7.080465946350786e-07,0.999080731964227,8.242604134859097e-05,0.0008360964314783821,3.751635132775234e-08
S04173405_20190917,Good,Good,2.4612702165234543e-08,0.9999905145108716,3.142048907277909e-06,6.3139770589448394e-06,4.850459811641394e-09
S04173405_20200610,Good,Good,1.3769122073523412e-06,0.9928418708965923,0.006984885680664953,0.00017176250948383877,1.0400105166438558e-07
S04173405_20210608,Good,Good,2.4152843798441227e-06,0.9918587555912243,4.308321073940119e-07,0.008138158740978377,2.395513100482885e-07
S04173405_20220601,Good,Good,8.187417810792194e-08,0.9998398480665789,4.794356449126462e-06,0.00015526941996242845,6.2828314113512795e-09
S04173710_20160822,Good,Good,4.301344855506271e-06,0.9649731952942315,0.033922909457597274,0.001085718235338675,1.3875667977067893e-05
S04173710_20170601,Good,Good,1.4023968912079749e-05,0.9202580892786897,1.331829331030549e-05,0.0797091756865514,5.392772536513954e-06
S04173720_20150728,Good,Good,2.037484980903065e-08,0.9999859963704759,1.254193246043597e-05,1.440326052309518e-06,9.961615502235095e-10
S04173737_20130624,Good,Good,9.109470041912123e-08,0.9998552013921015,0.00014218648851088147,2.5185555003298044e-06,2.469186904113685e-09
S04173737_20140630,Moderate,Moderate,7.695956202684983e-07,7.789480532831698e-05,1.108960554943729e-09,0.9999213193492845,1.5140806408681003e-08
S04173737_20150707,Good,Good,1.96981457223313e-07,0.9998473883071296,6.919137414420104e-07,0.00015171005388091532,1.2743790855469935e-08
S04173737_20160823,Good,Good,1.203307083850609e-07,0.9999265380687105,6.341425086633602e-05,9.921503023984178e-06,5.8466908530124934e-09
S04173737_20170601,Good,Good,1.0840789303871613e-07,0.9999947218638162,4.560335901618639e-06,6.037789501595462e-07,5.613439086826912e-09
S04173737_20180824,Good,Good,2.0683077454054035e-08,0.9999960112447069,4.613250894678595e-07,3.482340913911872e-06,2.440621224010274e-08
S04173737_20190917,Good,Good,1.6171713522315717e-05,0.9592330753482137,0.0003356051073260529,0.03992729191140728,0.0004878559195307213
S04173737_20200917,Good,Good,1.4928145099579804e-06,0.9853058032477218,5.623181317666228e-06,0.014686664733742685,4.160227078074326e-07
S04173737_20210817,Moderate,Moderate,7.2295991087909745e-06,0.0009197441011959071,1.3668832502392942e-06,0.975956298907999,0.023115360508446085
S04173737_20220915,Good,Good,1.3396059219007662e-07,0.9999495487105796,1.033212526918305e-05,3.8274540054605345e-05,1.7106635044721084e-06
S04174000_20120807,Moderate,Moderate,1.3606356385981605e-05,0.1999289591427221,0.0005146513650417789,0.7995338872689894,8.895866860739349e-06
S04174000_20130624,Moderate,Good,8.388975030645505e-06,0.9537278650186812,0.00018397487957131002,0.04607686105977366,2.910066943195583e-06
S04174000_20140912,Good,Good,7.266016791706833e-06,0.9472466122589533,0.052671806512047184,7.35317251585193e-05,7.834870491942821e-07
S04174000_20150706,Moderate,Moderate,1.3721171112081794e-06,0.0021258456011994586,1.3312474631942672e-08,0.9978716878918941,1.0810773205590881e-06
S04174000_20170816,Good,Good,4.6166842271479276e-07,0.9999808271892084,1.3180202869350244e-06,1.7338805876914353e-05,5.4316205028354935e-08
S04174000_20200907,Poor,Good,1.3760900465680975e-06,0.856425896780792,0.1435167721278422,4.6359211144513834e-05,9.595790174766505e-06
S04174000_20210816,Good,Good,1.3284644083920205e-06,0.9994048365722482,0.0003375778149478455,0.0002541265764053257,2.1305719902826848e-06
S04174000_20220831,Good,Good,6.894280042593937e-08,0.9999904621088301,1.439013804070215e-06,8.002281491089326e-06,2.765307413470302e-08
S04174250_20130625,Moderate,Moderate,1.977654996342235e-07,3.11800479719872e-05,1.2272385335679646e-08,0.9999656346364503,2.975277692810133e-06
S04174250_20140912,Poor,Moderate,2.6827846462917854e-06,4.063235581510892e-05,1.0024984896498608e-08,0.9623036955029952,0.03765297933155853
S04174250_20150706,Moderate,Poor,4.938348236415644e-05,0.04197111325920918,1.1579256817950251e-05,0.42348484672845,0.5344830772731587
S04174250_20160822,Poor,Moderate,2.041439053784767e-06,1.0947065256780604e-05,9.89744673921447e-08,0.875396377689594,0.12459053483162813
S04174250_20170703,Moderate,Poor,0.0004346889838136794,0.0011081667994066432,1.776798827530636e-05,0.4577189749387724,0.540720401289732
S04174250_20180823,Moderate,Poor,0.00039886763868903483,0.004571708954297628,1.9478965233853076e-05,0.3971988595170807,0.5978110849246988
S04174250_20190916,Moderate,Moderate,3.0485247027574534e-06,0.0006433670448339444,2.5324200542576105e-06,0.9992727626523429,7.828935806624622e-05
S04174250_20200916,Poor,Poor,4.580773357126143e-06,2.721022563462228e-05,3.390864522553054e-07,0.49255331408437036,0.5074145558301856
S04174250_20210816,Poor,Moderate,2.790230585526796e-06,1.371577352804489e-06,3.140093776298717e-07,0.9725657561996766,0.027429767983007468
S04174250_20220915,Moderate,Moderate,1.1756132702907128e-05,0.039443098200220815,2.6712320264019496e-06,0.9170965700163561,0.04344590441869382
S04174285_20120620,High,High,1.5957831404997482e-09,0.00012114102449654644,0.9998788475261116,7.974430750817772e-09,1.8791779686817417e-09
S04174285_20130625,High,Good,7.853858105042411e-07,0.973313664633724,0.0266850556003576,2.2213431121925142e-07,2.7224579674787087e-07
S04174285_20140701,High,Good,2.815704219436371e-07,0.7821880282510846,0.21779726500856897,1.441535794714839e-05,9.811977484717906e-09
S04174285_20210816,Good,Good,1.0782548165771353e-06,0.9981898515411659,6.249229689441562e-06,0.0018027683990914924,5.2575236688146046e-08
S04174438_20120904,Good,Good,1.6118473591374544e-07,0.9819666714871901,0.018031558201690775,1.5999626360048047e-06,9.163747153791185e-09
S04174438_20130625,Good,Good,0.00010802058368320928,0.4452723888564281,0.1138266610288677,0.2968682386073651,0.1439246909236559
S04174438_20140912,Good,Good,0.00016461218671414888,0.9282226667147511,0.0010930681000226625,0.07051467179525418,4.981203258079696e-06
S04174438_20150717,Moderate,Good,3.24101068376166e-06,0.976935126427392,0.0194302250814211,0.0034786845950652728,0.00015272288543790382
S04174438_20220916,Moderate,Poor,2.684085638100967e-06,0.00037157960144404737,2.484361753170855e-07,0.06046155783028642,0.9391639300464562
S04174480_20120619,Moderate,Moderate,4.047945443851469e-07,0.00011740432890402666,9.988674328811587e-09,0.9998688962490907,1.3284638786525634e-05
S04174480_20130806,Moderate,Moderate,3.5227702071146717e-06,0.00029653797107899194,6.224223067961073e-08,0.9990029467292156,0.0006969302872675794
S04174480_20160718,Moderate,Moderate,1.0591381958767579e-05,0.44644521236462165,9.079234884861279e-07,0.5533744089414713,0.0001688793884598237
S04174480_20200907,Good,Good,3.915350205949882e-05,0.848732973546806,9.825581294569086e-06,0.15077153255050765,0.000446514819332313
S04174480_20210819,Good,Good,2.0978809534743127e-06,0.9996204874521827,0.00036302145121680604,1.1690942056089087e-05,2.7022735908369457e-06
S04174480_20220831,Good,Moderate,8.498246160470863e-06,0.2787726475010768,4.3869777875768894e-05,0.7208291839803709,0.0003458004945160936
S04174520_20130626,Good,Good,1.2923372888706937e-05,0.9728958529746752,1.1537288428459608e-05,0.027078280682343595,1.4056816639202846e-06
S04174520_20140701,Good,Good,7.476627179333464e-06,0.9973735742315771,1.4009591043095054e-05,0.0026039508842045744,9.88665995727505e-07
S04174520_20150716,Moderate,Good,1.4161229210456815e-05,0.6252289536465326,5.0532680473416753e-05,0.37459154343156076,0.00011480901222279009
S04174520_20160824,Moderate,Moderate,0.0016689950976572754,0.033405000989109486,0.17379262552580316,0.4198975448653809,0.3712358335220491
S04174520_20170703,Moderate,Moderate,4.731637325275156e-06,0.0008415100451250599,2.91175396499947e-06,0.9991374379685339,1.3408595050719817e-05
S04174520_20180823,Moderate,Moderate,2.7768262637685997e-06,1.2232572341618969e-06,9.299452170982624e-08,0.9975039374597312,0.0024919694622492217
S04174520_20190916,Moderate,Moderate,1.4963311732102568e-05,0.0013080047502620389,0.00021045579510942702,0.6927300070663179,0.3057365690765785
S04174520_20200916,Moderate,Moderate,1.4483146651713839e-06,0.00043714391318481403,1.2250865982904838e-07,0.9995232982978896,3.798696560064104e-05
S04174520_20210819,Poor,Poor,3.0480482769148463e-07,7.188848365136909e-07,1.80267928027671e-08,0.12415163170384522,0.8758473265796978
S04174520_20220916,Moderate,Moderate,3.513303187413724e-07,0.0004181684057006407,4.084634198656623e-07,0.9814026548855642,0.01817841691499659
S04174550_20130805,Moderate,Moderate,5.396129189859643e-07,0.0004812190135590806,4.4225522131183925e-08,0.9995094412748748,8.755873124968295e-06
S04174550_20140721,Moderate,Moderate,3.512777819716392e-07,0.00034077549585411247,1.3570530475284515e-09,0.9861517675905486,0.01350710427876244
S04174550_20170823,Good,Moderate,0.00019420065910087753,0.4321775010421498,2.573662096598182e-07,0.5676242743793961,3.7665531435849415e-06
S04174550_20180823,Moderate,Moderate,7.301407417251069e-05,0.001365052570900667,7.592542064893524e-06,0.9678587252954771,0.030695615517384714
S04174550_20200907,Moderate,Good,3.0019599500343558e-05,0.7584143068404489,2.080826475045853e-05,0.24151514681289288,1.9718482407235516e-05
S04174550_20220831,Good,Good,1.69387855879003e-05,0.9970293789802963,3.631818495578675e-06,0.0029470916390480274,2.9587765720609653e-06
S04174660_20130626,Good,Good,5.563858058222838e-06,0.9516117692711524,9.845667646148293e-05,0.048278893929451346,5.316264876572669e-06
S04174660_20150716,Moderate,Moderate,3.693087522141153e-07,0.0005660540791480363,1.2541076474222919e-08,0.9994327995361094,7.645349137808343e-07
S04174660_20160824,Moderate,Good,3.0480975805093388e-05,0.7629675814241338,2.3755973690701233e-05,0.23691814231672786,6.0039309642602634e-05
S04174660_20170703,Good,Good,2.2473303024741977e-05,0.9810768981645756,0.001218631894101624,0.017651223024056625,3.077361424134231e-05
S04174660_20180823,Moderate,Moderate,4.649222232284096e-06,6.026103003327493e-05,2.95857273156752e-07,0.9995882565846574,0.0003465373058038767
S04174660_20190917,Good,Good,3.546386732577514e-06,0.9986420954419357,0.0005623316397074972,0.0007853768365683646,6.649695055807098e-06
S04174660_20200916,Good,Moderate,0.0002022469172119595,0.11158837303825994,0.0015415168911991452,0.8865459282293228,0.0001219349240061536
S04174660_20210819,Good,Moderate,0.0002806398633066317,0.45568410584656177,0.005022944876952649,0.5357829386823894,0.0032293707307896784
S04174660_20220915,Good,Moderate,1.1904804465344586e-05,0.183620119030153,7.719729083231203e-06,0.8163335650443226,2.6691391975815232e-05
S04174670_20130806,Moderate,Good,0.0005077352137609123,0.8329729834738717,0.00014241203135442282,0.14070175741342353,0.025675111867589393
S04174670_20160718,Moderate,Moderate,1.9681155780147577e-06,0.0009387820948334947,2.8194846858740894e-08,0.9989896114010469,6.961019369466521e-05
S04174670_20200907,Good,Moderate,7.167258791407643e-06,0.3997352658417788,3.242369109622187e-07,0.6002457495167594,1.149314575946771e-05
S04174670_20220831,Moderate,Moderate,3.650993008344148e-06,8.820999519933732e-05,7.218118469890955e-09,0.9998729435864279,3.518820724598791e-05
S04174730_20130805,Good,Good,1.1799688413355097e-05,0.5188923207251706,3.5695086702265345e-06,0.4810922199239675,9.015377848867173e-08
S04174730_20180823,Good,Good,2.271670993212611e-06,0.9993759662441587,8.63278402166243e-06,0.0006025162207835107,1.0613080042869007e-05
S04174730_20190917,Good,Good,3.2053972132693765e-07,0.9996832256265181,3.6486146524789375e-05,0.0002799481547904425,1.953244530861581e-08
S04174730_20200907,Moderate,Moderate,2.1355865385709467e-05,0.3653548251926194,3.3272025162013314e-07,0.6346198267379802,3.6594837629650814e-06
S04174730_20220830,Good,Good,1.0560361872142784e-06,0.9999074150616668,6.1054806149215376e-06,8.516702400778359e-05,2.563975233280063e-07
S04174740_20121025,Good,Good,1.048658012378039e-05,0.9979095779473324,0.0020735352783902493,6.177808592686812e-06,2.2238556077831262e-07
S04174740_20130626,Moderate,Moderate,7.514216024988645e-06,0.2802072816104844,1.924367901827436e-06,0.7197799036278882,3.3761777006021307e-06
S04174760_20120822,Moderate,Moderate,7.464043656134333e-06,0.005052129630237414,1.977075024490959e-06,0.9949350800653202,3.349185761900133e-06
S04174760_20130806,Moderate,Moderate,7.681258681372345e-06,0.001585034965039009,1.1766528881842298e-06,0.9884496971658766,0.009956409957514775
S04174760_20170816,Good,Good,9.267361379408997e-07,0.9983614547326696,8.205145958797722e-06,0.0016284484217052458,9.64963528445851e-07
S04174760_20180822,Moderate,Good,1.0678141724665334e-05,0.7498828023839922,0.00019059035544581143,0.24991145865782383,4.470461013603157e-06
S04174760_20200907,Moderate,Moderate,1.912957096601305e-06,0.040633845631260275,1.4419682981191294e-07,0.9593568325124603,7.264702353053999e-06
S04174760_20220830,Moderate,Good,1.3467926151113295e-05,0.9441007892009484,7.020422740256337e-06,0.05585641224280001,2.2310207360275487e-05
S04174770_20180822,Moderate,Moderate,1.4703052182058673e-05,0.03852552658983355,1.7824199027594526e-05,0.9580863169737455,0.0033556291852114574
S04174770_20200908,Good,Good,3.370345544671361e-05,0.9813741290316894,0.0005988795034255293,0.017651274704282387,0.00034201330515595574
S04174770_20210629,Poor,Moderate,1.3415615687195388e-07,1.9852111290412347e-08,9.334719879490592e-09,0.6032008365519163,0.39679900010509567
S04175100_20140702,Moderate,Moderate,5.488529598886933e-06,5.40362807131366e-06,6.354265857398248e-09,0.9840652919140417,0.015923809574022257
S04175100_20150716,Poor,Poor,1.5864143686069659e-07,5.320385375923741e-08,2.765377734281215e-09,0.001508152778130748,0.998491632611201
S04175100_20190917,Poor,Poor,5.488077566324199e-06,1.629712348247057e-05,1.9962870248469294e-06,0.06292343177205428,0.9370527867398721
S04175100_20200915,Poor,Moderate,0.00012505019578806496,1.4450608921962638e-06,1.4385897726939428e-06,0.8363838753414282,0.16348819081211893
S04175100_20210629,Poor,Poor,1.2720795423219682e-05,1.9012168034190905e-06,5.141605694133984e-06,0.4091324402655954,0.5908477961164837
S04175100_20220808,Poor,Poor,6.024243024288066e-07,4.5143046043279147e-07,9.49335579012396e-08,0.0007730642830396021,0.9992257869286397
S04175120_20130806,Moderate,Moderate,3.1045738803131786e-06,0.014963747656820812,1.1866509429308046e-07,0.985030884040248,2.145063956658501e-06
S04175120_20140721,Moderate,Moderate,5.352913022011003e-07,0.002690785133918882,4.207421815059138e-08,0.9972812361200529,2.740138050783624e-05
S04175120_20210629,Moderate,Moderate,3.1972744314430893e-06,0.0032335151324752822,1.6093122405411515e-08,0.9967539497127375,9.321787233521045e-06
S04175450_20140702,Moderate,Moderate,8.996082206045576e-05,0.03785350042371759,2.3074607356468368e-05,0.9619906044716918,4.285967517365316e-05
S04175450_20150716,Moderate,Moderate,0.00027053745638936955,0.0003930568132285755,2.8662460412817464e-05,0.9647723631985479,0.03453538007142136
S04175450_20160804,Good,Good,7.97121024933255e-06,0.9054518334542541,2.1680544269393283e-05,0.09451622543673992,2.2893544873037035e-06
S04175450_20170704,Good,Good,1.1767144555897496e-06,0.8851769704482242,0.11481913046346715,1.8321475028209252e-06,8.902263502533604e-07
S04175450_20180822,Moderate,Moderate,3.348741131597513e-05,0.07157239581309041,0.00028343520272446337,0.9279270680951145,0.00018361347775470288
S04175450_20190918,Good,Good,1.4363866315297175e-06,0.6032603228347745,0.3967333329377461,4.1214977541882645e-06,7.863430936988477e-07
S04175450_20210817,Good,High,4.928349169985287e-06,0.19798795538321273,0.8014804051659791,0.00045614421790618346,7.056688373204665e-05
S04175450_20220808,Good,Good,3.108512364598856e-06,0.9967336926789164,0.0031317328178455915,2.9821102636036092e-05,0.00010164488823718521
S04175500_20130807,Good,Moderate,1.1895681833612777e-06,0.0017444309944452153,1.7498321537191132e-06,0.9982523003751004,3.2923011730416126e-07
S04175500_20140722,Moderate,Moderate,8.331061132149809e-06,0.49153050646232155,2.043020336935134e-06,0.5083186368843012,0.00014048257190814813
S04175500_20150728,Good,Good,5.99097740578859e-07,0.804190375268171,1.2699789410632256e-07,0.19580865962480187,2.3901139245782135e-07
S04175500_20170801,Good,Good,4.383355856206644e-06,0.9843676661991477,0.015597736740596195,2.8970315148378363e-05,1.2433892516070885e-06
S04175500_20200908,High,Good,4.352042763823411e-07,0.9965792223611586,0.003412485625234009,7.813208801301139e-06,4.360052974309204e-08
S04175500_20220929,High,Good,8.76755175460213e-07,0.972740327645949,0.027232383073000393,2.3456775947015155e-05,2.9557499281277844e-06
S04176000_20130807,Moderate,Good,2.6219864559396176e-06,0.5918097031002493,3.8124882988255165e-08,0.40818731064591246,3.2614249918902244e-07
S04176000_20140722,Moderate,Moderate,1.3998770661849706e-06,0.006634869790796476,1.0132456250657402e-07,0.9933635568991371,7.210843771529858e-08
S04176000_20210830,Good,Moderate,2.8285469659536665e-06,0.023900509455754757,7.488504191674211e-07,0.9760918099990433,4.1031478168867516e-06
S04176480_20150728,Good,Good,9.455889802762474e-05,0.5752689966448381,2.47308453454082e-05,0.4245669716502134,4.474196157534309e-05
S04176480_20180822,Good,Good,1.910749327222704e-06,0.9999094455121044,2.6320559192883614e-06,8.598270695591818e-05,2.897569312311634e-08
S04176480_20200908,Moderate,Moderate,6.934296205036773e-05,0.08076026996497644,5.4330628517617746e-06,0.915435647000376,0.003729307009745375
S04176560_20120619,Moderate,Moderate,2.9493090173906125e-06,3.9155786490453385e-05,6.7563203898750965e-09,0.999881141295222,7.674685294978867e-05
S04177050_20130807,Moderate,Moderate,0.00010988532142044546,0.0010431576598480831,5.8291174013150665e-05,0.9807863811554514,0.01800228468926711
S04177050_20140722,Good,Good,3.229439521012411e-05,0.7564404603670145,0.0007987818602076657,0.24271470428674596,1.3759090821782029e-05
S04177050_20150728,Good,Good,4.4978543417725114e-05,0.9950627351579105,0.0011694612961852505,0.003718827675745106,3.997326741341265e-06
S04177050_20180821,High,Good,6.730062656374827e-07,0.7411874350463223,0.2587984180108162,1.3414289174048624e-05,5.964742178116148e-08
S04177050_20200908,Good,Good,3.06162374189656e-05,0.9243864618544549,0.0734794456397539,0.001984243829537462,0.0001192324388347761
S04177050_20210817,Good,Good,6.585607714776837e-06,0.9981875061443445,4.083675346341831e-05,0.0016904181640589927,7.465333041812673e-05
S04177250_20130628,Good,Good,7.693651156217854e-06,0.994852754396041,0.005137337762989582,2.1610563244156483e-06,5.313348849861209e-08
S04177250_20140912,Good,Good,2.23616241430644e-05,0.893294486979948,0.10650612869833438,0.00017493395972644382,2.088737848217695e-06
S04177250_20150715,Good,Good,1.9024293199788168e-05,0.7599651130337342,0.2398519758385491,0.00016271004215486802,1.1767923621521925e-06
S04177250_20160804,Good,High,1.4820837568078356e-06,0.10323826534773953,0.8967571445810759,3.084390626893485e-06,2.3596800825764332e-08
S04177250_20170704,High,High,8.377546970193206e-07,0.22140173109237185,0.7785972558284415,1.670535270525059e-07,8.270962559938008e-09
S04177250_20180821,Good,Good,1.1507694183908154e-06,0.9538924523766537,0.04610283607951741,3.337785828031731e-06,2.2298858245052518e-07
S04177250_20190918,High,High,2.1239199154031505e-06,0.25876526742075534,0.7412319378234311,6.111105845790801e-07,5.972531365180166e-08
S04177250_20200915,Good,Good,7.994096671247043e-07,0.9865538744898149,0.013440341842439847,4.96180074804907e-06,2.245733020241592e-08
S04177250_20210817,Good,Good,3.689231820142967e-05,0.9240963357874381,0.005679859434832786,0.0701724682607891,1.4444198738728e-05
S04177250_20220809,High,Good,4.923564323080267e-07,0.8123971052727174,0.187601065116216,9.029448357246771e-07,4.343097986939539e-07
S04178000_20130712,Moderate,Moderate,5.010000004805041e-08,6.553392308103913e-05,8.61324431871883e-09,0.999900597231253,3.381013242159232e-05
S04178000_20140912,Moderate,Good,0.0002371768891037768,0.9132877310531375,8.531331516451492e-05,0.07157124576119717,0.014818532981397107
S04178000_20150715,Good,Moderate,0.00020090868736421857,0.004240449032236535,1.2734941856233004e-05,0.9930252223728825,0.002520684965660505
S04178000_20160525,Moderate,Good,5.428915491544369e-06,0.9972708740632246,1.8741120879441509e-06,0.0027202442112616463,1.5786979343449389e-06
S04178000_20180820,Good,Good,6.473600770921866e-06,0.8742424065756351,1.9358646428811968e-05,0.12078970942501259,0.004942051752152715
S04178000_20190919,Poor,Poor,2.4182115514266823e-06,4.9366310182888585e-05,5.3335583793751734e-08,0.20827533525546704,0.7916728268872149
S04178000_20200818,Moderate,Moderate,2.011477464615846e-06,0.0016135909998232017,4.0717881892022215e-08,0.9982276777177472,0.00015667908708306475
S04178000_20210816,Good,Good,9.395325749779592e-06,0.9941010281510275,0.003984212161943407,0.0018992157745054965,6.148586773743906e-06
S04178000_20220809,Poor,Moderate,1.752462881911711e-06,2.4471259487115813e-06,2.5651707918283535e-08,0.5174255884255314,0.4825701863339301
S04178103_20130628,High,High,1.497990371046194e-08,0.000118366856699916,0.9998815116233606,1.5267729330126642e-08,9.12723065659189e-08
S04178103_20140805,High,High,7.626286360864863e-10,0.00033564124541923953,0.9996643579697762,1.3397954254040366e-11,8.7780002558995e-12
S04178103_20150811,High,High,3.7334454419344247e-11,8.805559415250159e-07,0.9999991193933517,1.0444863739677086e-11,2.9273867364051952e-12
S04178103_20160803,High,High,2.5676931216250252e-11,2.53108125396857e-06,0.9999974688880845,4.0168161859004085e-12,9.678662934408185e-13
S04178103_20170822,High,High,3.945118385543966e-09,0.004542783310563863,0.9954572105383841,1.5303108635162984e-09,6.756227981415465e-10
S04178103_20180713,High,High,7.84317486931097e-08,0.008935205507465458,0.9910644541929047,2.297924611266358e-07,3.2075420083895936e-08
S04178103_20190919,High,High,1.0359545601671407e-09,0.0001343335748090865,0.99986566304226,2.278482906725627e-09,6.84935406038145e-11
S04178103_20200914,High,High,3.940757545011749e-09,0.0007616867783730974,0.9992383075982847,1.5393811051149783e-09,1.4320355128360918e-10
S04178103_20210531,High,High,6.241383490357389e-09,0.002203049577453296,0.9977969388193069,2.5954322230474917e-09,2.76642413175012e-09
S04178103_20220809,Good,High,6.944598463615028e-08,0.0016771630408505115,0.998321743618633,9.875032627597554e-07,3.639126909092842e-08
S04178110_20130807,Good,High,9.458777758988314e-07,0.10277511386721994,0.8971540633000038,6.98419736575443e-05,3.498134288498951e-08
S04178110_20140703,Good,Good,0.00019416770583580357,0.6290959287636738,0.0015837506276986687,0.3691035657053433,2.2587197448450326e-05
S04178110_20140722,Moderate,Moderate,7.525264880670893e-06,0.22310620719610194,1.3026621830112899e-06,0.7768780453944863,6.919482348078113e-06
S04178110_20150728,Good,Good,0.00011537699556249345,0.8906995964818841,0.024742243280641243,0.08440336719895968,3.941604295234483e-05
S04178110_20150811,Moderate,Good,6.245086923125394e-05,0.6924124576556663,6.178545613605747e-07,0.30724760195009926,0.00027687167044179235
S04178110_20170817,Moderate,Good,1.2977724880807104e-06,0.9995448395706671,2.077374062873596e-06,0.00045159380493658616,1.9147784549349858e-07
S04178127_20130807,Moderate,Moderate,3.9975200790627e-06,0.00027905875294770445,2.0132174253677232e-07,0.9856370404346619,0.01407970197056871
S04178127_20140723,Moderate,Moderate,1.1355354288503238e-06,0.00016026166979112968,7.613892678058263e-08,0.9822676843889518,0.01757084226690153
S04178127_20150729,Poor,Moderate,4.0644248405771994e-07,4.2517988233817356e-05,3.2265219995961296e-08,0.8019550108234896,0.19800203248057258
S04178127_20170823,Poor,Poor,1.058430499420544e-07,5.279297883983116e-06,5.164704607770117e-09,0.13179279050916773,0.8682018191851937
S04178127_20200909,Moderate,Moderate,2.1918624574794315e-07,1.7023110876597017e-05,3.384093157604276e-08,0.9991129501357622,0.0008697737261839785
S04178250_20160824,Good,Good,1.1337946639610748e-06,0.9996306616702694,0.00029277104945056527,7.535248385961774e-05,8.10017564854376e-08
S04178360_20210602,High,High,3.730988428776981e-10,7.967940741093364e-06,0.9999920312153346,4.4131283750133814e-10,2.951258125765936e-11
S04178455_20130711,High,High,1.9703898031541617e-08,0.004422577886380821,0.9955773938956625,4.75566129408419e-09,3.758397399869049e-09
S04178455_20140909,High,High,2.8384282939505935e-08,0.003338576115653609,0.9966612606124242,1.219538910421966e-07,1.2933748128342943e-08
S04178455_20150812,Good,High,2.4139262262381086e-07,0.009930290080921339,0.9900632839600927,4.576058334581174e-06,1.6085080286714134e-06
S04178455_20170824,High,High,1.8559704874511562e-07,0.018986181278713238,0.9810130115453273,3.013070146288506e-07,3.202718961305326e-07
S04178455_20180713,High,High,3.191804236152153e-08,0.0004151044231359559,0.999584678298367,1.3955973091217946e-07,4.580072391112169e-08
S04178455_20200623,High,High,5.05271859842171e-10,8.529425572997055e-06,0.9999914697942488,9.94256143592705e-11,1.754808134054817e-10
S04178455_20210602,High,High,3.0251736745413063e-10,4.501409580668766e-06,0.9999954975208313,1.166496792436362e-10,6.504210720105183e-10
S04178490_20130710,High,High,2.73818704567613e-08,0.0010601346780682638,0.9989397217567827,1.1594029786123384e-07,2.4298074719232903e-10
S04178490_20180626,High,High,2.0537644230094945e-10,1.1531828272232447e-05,0.9999884676516988,5.12610097002139e-11,2.633914910139673e-10
S04178490_20190701,High,High,3.959813063126345e-11,2.6350589100000917e-06,0.9999973648381494,5.938418861167127e-11,3.958264071500986e-12
S04178490_20210602,High,High,4.3334255560037346e-10,4.0451892397954825e-05,0.9999595474596894,1.3839616016875127e-10,7.617396859014014e-11
S04178490_20220812,High,High,1.9408022056698166e-10,2.0515304833573513e-05,0.999979484183634,2.588133751372809e-10,5.863866284453418e-11
S04178650_20130710,High,High,2.5552589549386184e-10,8.822007204897704e-06,0.9999911776385417,5.15342078608407e-11,4.71933027728503e-11
S04178650_20140909,High,High,1.537574523628917e-10,1.3333952454569442e-05,0.9999866607315785,4.966189933842614e-09,1.9601960605059944e-10
S04178650_20150812,High,High,2.917517916958017e-10,7.404689175126032e-05,0.9999259524794714,3.444286855988952e-11,3.025828346134571e-10
S04178650_20160802,High,High,8.870891271090324e-10,1.13933536416304e-05,0.9999886030670656,1.4864651140476746e-09,1.2057386417106272e-09
S04178650_20170824,High,High,5.403377404680469e-10,3.4965206638347324e-05,0.9999650339218958,1.8306583117819223e-10,1.4806237759405335e-10
S04178650_20210603,High,High,7.132918166556039e-11,1.283501288070645e-05,0.9999871641037936,4.725230418869642e-11,7.647441774470971e-10
S04178650_20220811,High,High,2.808294900051361e-10,2.0426450722582686e-06,0.9999979568667161,1.5617084704539626e-11,1.9176501438156508e-10
S04178750_20180816,Good,Good,2.618196563722868e-07,0.9982794233513156,3.0859853050569223e-07,0.0017192137207590733,7.925097384176447e-07
S04179000_20130709,Good,Good,1.2403459846113718e-06,0.6569328521545408,3.374414382247928e-07,0.34306548024932537,8.980871100483126e-08
S04179000_20140908,Moderate,Moderate,1.165600908818987e-06,0.01168038133987438,1.8419507171583256e-07,0.9883175049852255,7.638789195166449e-07
S04179000_20150813,Moderate,Moderate,1.3383140308358886e-06,0.010715645943373212,2.0044220528034474e-07,0.9892726911952135,1.0124105176982132e-05
S04179000_20160802,Moderate,Moderate,1.1260405012913239e-07,0.0002801894750004501,1.901236335324941e-09,0.999719549340104,1.466796091609366e-07
S04179000_20170824,Moderate,Moderate,1.4276217219486706e-06,0.0002287840969481744,1.4931048060533776e-07,0.999647801388195,0.0001218375826541904
S04179000_20180627,Moderate,Moderate,6.725031237094139e-06,0.002771355500760123,1.0679398141910786e-07,0.9948191120936513,0.0024027005803701033
S04179000_20200903,Moderate,Moderate,6.632889098814699e-08,1.1378522283909861e-07,2.2069989296956822e-09,0.9999988905359166,9.271429706314672e-07
S04179000_20210603,Moderate,Moderate,9.749496023374092e-06,0.009111247396716139,4.2774161791235574e-07,0.990817976368378,6.0598997264609134e-05
S04179000_20220811,Moderate,Moderate,3.990285475303534e-06,0.008920224322444398,2.389389747304165e-07,0.9910397046324467,3.58418206588273e-05
S04179010_20210602,Good,Good,7.160244668985364e-06,0.7920397773275549,0.000162301181635598,0.20778575754308,5.0037030603906284e-06
S04179150_20210603,Good,Good,9.453163779732878e-06,0.935021093360913,0.00048630195855013696,0.06447807524661761,5.076270139423638e-06
S04179150_20220811,Moderate,Good,9.946755365990348e-05,0.7204673661804509,0.0018575310688292582,0.275907730616052,0.001667904581007914
S04179160_20130709,High,High,2.8533357732105555e-10,0.00010792161483312354,0.9998920777620727,3.157679013235214e-10,2.199273455312723e-11
S04179160_20210625,High,High,3.6459759444703685e-09,0.0011213855096326197,0.9988785938570259,1.4562925303109991e-08,2.4244402905807658e-09
S04179180_20190924,High,High,5.895848150613152e-08,0.0008753961754330913,0.9991242074673095,3.369050774605644e-07,4.93698442865532e-10
S04179210_20120605,High,High,4.057969753365606e-10,5.896111280487206e-06,0.9999941003068407,2.7205039876265054e-09,4.5557800771168675e-10
S04179210_20130709,High,High,9.907636952932928e-12,2.1216420117289396e-07,0.9999997877306464,9.415113661753505e-11,1.0936623957449185e-12
S04179210_20210625,High,High,2.6725575389434223e-09,1.2928483134640991e-05,0.9999870108717087,3.813221113597559e-08,1.9840387958239137e-08
S04179300_20140723,High,High,2.5498453265508307e-08,0.0002840536987899479,0.9997124586480874,3.448687773201121e-06,1.3466896089882597e-08
S04179350_20140723,Good,Good,3.477208073351679e-05,0.9152135553902953,0.07674143111401828,0.007976304903842527,3.393651111043369e-05
S04179350_20210625,Good,Moderate,0.0004225663725664642,0.40598747778984917,0.030941932428773793,0.5615213837050197,0.001126639703790729
S04179435_20120606,Good,Good,5.531302301529214e-07,0.9950664277371393,4.5602623199976445e-07,0.004932524951533617,3.815486503991865e-08
S04179435_20130708,Good,Good,3.595928137251027e-05,0.5166634872724725,4.091299256873425e-05,0.4832542656387678,5.374814818544024e-06
S04179435_20140805,Good,Good,4.275933038122906e-07,0.9764714982120849,0.02352669405757462,1.3766983599121636e-06,3.4386767503134263e-09
S04179435_20210601,Moderate,Good,6.016608044730515e-05,0.8296253114923845,0.03749072355537343,0.13279973332609812,2.4065545696648758e-05
S04179500_20130709,Moderate,Good,6.215669255931015e-05,0.9395063631776331,1.2984970071747541e-05,0.05648131518635252,0.003937179973383438
S04179500_20150812,Good,High,1.0028827589001568e-05,0.2933310965894573,0.706542589852555,7.838501679832041e-05,3.7899713600358746e-05
S04179500_20160803,High,High,1.7210179677345694e-09,0.00010358961340909839,0.9998964013166517,6.8003399722535644e-09,5.485813151600977e-10
S04179500_20170823,High,High,3.497800524924952e-10,2.9048805639900746e-06,0.9999970942161263,4.0140657754423505e-10,1.5212313903685356e-10
S04179500_20180712,Poor,Poor,3.6358561975490713e-06,7.907812455053074e-05,1.2821550206583918e-06,0.4178545865884073,0.5820614172758241
S04179500_20190801,High,High,1.016587774005541e-09,1.1960567342327071e-05,0.9999880374229116,7.368075836090382e-10,2.563505546324363e-10
S04179500_20200730,High,High,2.94492987520913e-10,3.740823482821814e-06,0.9999962583207563,3.478164638883461e-10,2.134514381820281e-10
S04179500_20210729,High,High,1.67454201760869e-06,0.12192102603323922,0.878003233414356,7.348017212638593e-05,5.858382608312338e-07
S04179500_20220728,High,High,1.0791387997252928e-08,0.0015990380729928738,0.998400757987261,1.8653320614731001e-07,6.615151985225512e-09
S04179530_20140723,High,High,5.653757826007061e-09,0.00044412519462103985,0.9995558523674438,1.169700043796376e-08,5.087176750184166e-09
S04179530_20160718,Good,Good,4.239815588339178e-06,0.8588172779261344,0.14077713869786052,0.0003303925747017134,7.09509857150139e-05
S04179530_20190904,High,High,4.706793261487423e-08,0.006951752037804683,0.9930467729301875,4.816238300856993e-07,9.463402452076741e-07
S04179530_20210831,High,High,1.9004684730827623e-06,0.054838894462453186,0.9446423461771251,0.00021187934385860684,0.00030497954809005574
S04179565_20130711,High,High,2.4823768994479505e-09,0.0008577270160352292,0.9991422698277599,6.515716899282142e-10,2.225634477209413e-11
S04179565_20140704,High,High,2.2039511156964954e-11,2.1133529168476738e-07,0.9999997886357106,6.575373279424465e-12,3.827691222069021e-13
S04179565_20150812,High,High,7.20410694780151e-11,7.501705359908058e-07,0.9999992496407925,1.0999001085723071e-10,6.6404594746753836e-12
S04179565_20170822,High,High,3.058361787675421e-06,0.19893903588610387,0.8005480057698857,0.000507651401503759,2.2485807190011647e-06
S04179565_20180712,High,High,8.282396351107408e-11,3.74935599002805e-06,0.9999962505518437,4.286652395838309e-12,5.055639141053856e-12
S04179565_20190923,High,High,1.2776756284517926e-09,5.623971806148086e-06,0.9999943741289431,4.3916430341969337e-10,1.8241087204933086e-10
S04179565_20200622,High,High,2.8370612260580513e-11,4.455330151622704e-06,0.9999955446364774,7.644909082942695e-13,4.235813460021287e-12
S04179565_20210602,High,High,1.0945813451069699e-10,1.152748518893174e-06,0.9999988470661029,1.5039441083501318e-11,6.088062709823558e-11
S04179565_20220811,High,High,7.20460054376877e-10,3.1205234430887005e-06,0.9999968784945077,1.1459583085298369e-10,1.4699344606857716e-10
S04179645_20170823,Good,Good,1.0540507579464163e-05,0.8091431713389851,0.0001987258386613932,0.1904672797536025,0.00018028256117168397
S04179645_20190904,Good,Good,2.9818915090669027e-05,0.9357190270084442,0.0005008523366169387,0.06298111504500825,0.0007691866948399696
S04179652_20150729,High,High,1.8797569997324384e-10,1.53756620686235e-05,0.999984607989637,1.569608619584022e-08,4.642325020317244e-10
S04179652_20210624,High,High,4.617364892827766e-09,0.0005910897807488128,0.9994089045232389,7.225589471754949e-10,3.5608854321802997e-10
S04179678_20140723,Moderate,Moderate,0.00015324221566369333,0.03142194679971552,9.929841284877582e-06,0.9683422457653467,7.263537798916156e-05
S04179678_20180820,Good,Good,1.3149267401683303e-05,0.994911836498895,0.0008717849402464272,0.004194242524081409,8.98676937551925e-06
S04179678_20200909,Good,Good,1.7115411645166323e-05,0.9925923639397289,0.0023813983525237475,0.004993117176591837,1.6005119510427277e-05
S04179678_20210624,Good,Good,2.0088830016603996e-05,0.9814827726737861,0.001138818031160697,0.01685582623016569,0.0005024942348709363
S04179690_20140805,Moderate,Moderate,7.735475245518217e-07,0.0002471911504112057,6.557840246800725e-08,0.9970732287222206,0.002678741001441173
S04179690_20160803,Good,Good,3.554748303031248e-05,0.9984738479346045,0.0004455232465680867,0.0009545389844787457,9.054235131831972e-05
S04179690_20170627,Good,Good,0.00012901873196958266,0.5583784385364234,0.02754772998604607,0.41387933770985996,6.547503570109854e-05
S04179690_20180807,High,Good,4.473514512112393e-05,0.6774087464957673,0.27444009397019975,0.043239838586890844,0.004866585802020875
S04179690_20190709,Good,Good,7.458526835443459e-05,0.6078152344327618,0.05146475157326848,0.3283060282380055,0.012339400487610005
S04179690_20200818,Moderate,Moderate,2.0258245907120667e-05,0.2382029751925365,2.0562489774451844e-05,0.7614439027741535,0.0003123012976284458
S04179690_20220810,Poor,Poor,2.7111724325826465e-07,2.6666710568006605e-07,1.9130553994872566e-09,0.21855775084813944,0.7814417094544562
S04180100_20130806,High,High,2.221184589281359e-09,3.494118011942915e-05,0.9999650545161682,1.5850460814206043e-09,4.974815830572662e-10
S04180100_20140805,High,High,2.6811414801919727e-10,8.009308089812786e-05,0.9999199065764659,7.273618559649121e-11,1.7855759482938324e-12
S04180100_20150602,High,High,2.463300780806409e-08,0.010965914693783402,0.9890340590779573,1.5605661831629741e-09,3.468524277005988e-11
S04180100_20160803,High,High,1.1255339936188271e-07,0.009016846860228777,0.9909830181048926,2.018273710208501e-08,2.2987420860694804e-09
S04180100_20170627,High,Good,5.482532190732077e-08,0.934215249984105,0.0657846696785453,2.1847228425558015e-08,3.6647993417762996e-09
S04180100_20180709,High,Good,5.838663553762856e-08,0.777079692159393,0.2229162348181806,4.001543584707279e-06,1.3092206257648242e-08
S04180100_20190709,High,High,6.699784112958038e-07,0.20076863965239053,0.7992237086535392,5.383726690006041e-06,1.5979889690121302e-06
S04180100_20200902,High,High,3.397101526887981e-08,0.052468467192288475,0.9475314735116057,1.826669745339924e-08,7.058393023559227e-09
S04180100_20210617,High,High,2.721746062259617e-10,3.879868439943281e-05,0.9999612001771716,8.416327592807182e-10,2.4621633761217118e-11
S04180900_20130808,High,High,4.789730259032478e-10,5.1739871627187514e-05,0.9999482595257312,8.557046479851677e-11,3.809817201587085e-11
S04180900_20140804,High,High,2.725910589650695e-07,0.08743282631487373,0.912566621293729,1.428769601413456e-07,1.3692337813417135e-07
S04180900_20150629,Good,Good,6.745747221183388e-06,0.9750796953014722,0.024901585629380725,1.1923856121849824e-05,4.946580414083832e-08
S04180900_20170710,High,Good,6.278610136541774e-07,0.7781020000349854,0.2218970968198577,2.564782151648121e-07,1.880592821687985e-08
S04180900_20180807,High,High,5.956534056389128e-10,2.5166941493861926e-05,0.9999748324196798,2.4651564184726367e-11,1.8521299912990124e-11
S04180900_20190604,High,High,8.95390286779982e-07,0.272510647243274,0.7274855547754135,2.8357303161477578e-06,6.686070958198716e-08
S04180900_20200707,High,High,9.040899368675826e-08,0.02146688646722367,0.9785329118962934,1.0387613631285675e-07,7.351352803823014e-09
S04180900_20210617,High,High,9.508593676492537e-09,0.0008844988643741531,0.9991154704140129,1.5083360576151836e-08,6.129658716301656e-09
S04180900_20220810,Moderate,Good,7.355522848312042e-06,0.9990149169407452,0.00018460479128076652,0.0007844106694601456,8.712075665458893e-06
S04180920_20200902,High,High,1.1051362416848245e-08,0.0014290877815902993,0.9985708683674581,2.7495411905655592e-08,5.304177210050939e-09
S04181025_20130807,Good,Good,3.1721667603204745e-06,0.9380140570964024,0.0008946377842757795,0.06108404490668664,4.088045874959697e-06
S04181025_20190701,Good,Good,1.7569155120827613e-06,0.9882354784425764,0.011761215486323811,1.4534486616673827e-06,9.570692607114322e-08
S04181960_20130730,High,High,4.857383266367242e-11,2.2808689550072158e-05,0.9999771911834153,7.680061828751104e-11,1.6602442835652897e-12
S04181960_20140910,High,High,1.841266523249927e-11,7.468505397027968e-07,0.999999253098894,1.979887405624588e-11,1.2354841220705862e-11
S04181960_20150603,High,High,1.3139464749106567e-10,3.1849618943671054e-06,0.9999968148463005,3.969323410418738e-11,2.0717174576309164e-11
S04181960_20170710,High,High,8.519332070151844e-07,0.11697466792758754,0.8830223763535748,4.305632723110431e-07,1.6732223582937692e-06
S04181960_20180710,High,High,6.372013943993305e-10,3.215815719628989e-05,0.9999678407053976,4.874446338365192e-10,1.276017937344961e-11
S04181960_20190603,High,High,2.2370660919676667e-10,3.878124527248274e-05,0.9999612184059864,1.0326505598320149e-10,2.1769484991577068e-11
S04181960_20200708,High,High,1.0089813892970002e-09,4.2943890595361054e-05,0.999957054712599,2.44634340701979e-10,1.431898960881433e-10
S04181960_20210616,High,High,3.251372239733458e-08,0.012575244670228669,0.9874246641866525,5.6554264945208946e-08,2.075131531771233e-09
S04181960_20220824,High,High,3.567979299720984e-08,0.0008957232376214699,0.9991042133123409,2.6202522621145734e-08,1.5677220388171289e-09
S04182000_20130805,High,High,1.2774878554510302e-10,9.699657011079135e-06,0.9999903001555507,1.0316240687026809e-11,4.9373297848960255e-11
S04182000_20150630,High,High,3.611789339945972e-10,2.4639929045767627e-05,0.9999753595743347,1.3111390001738328e-10,4.326653992785431e-12
S04182000_20160802,High,High,1.7613286327381952e-09,0.00010010166397239082,0.9998998957170765,6.718223469598442e-10,1.8580010762062424e-10
S04182000_20170628,High,High,1.5518870810382539e-09,0.0007130631369429991,0.9992869349803988,3.061502684660615e-10,2.462097442838272e-11
S04182000_20180808,High,High,8.550581360824624e-08,0.009809190979331917,0.9901906594902687,4.7626057950078007e-08,1.639852780859143e-08
S04182000_20200707,High,High,1.8679206937928858e-08,0.00034117692483978787,0.9996585703184895,2.363911126174809e-08,2.1043835254391472e-07
S04182000_20210616,High,High,4.0571806160827565e-10,1.5871562518688125e-05,0.9999841278397387,1.2129900806782618e-10,7.072574051167799e-11
S04182000_20220810,High,Good,3.3778803530167177e-07,0.6551413489473789,0.34485526683211354,2.9276895656663935e-06,1.1874290657805706e-07
S04182580_20130808,High,High,2.2782891806651246e-06,0.04234943689308971,0.9575414286953147,0.00010684831885678431,7.803558038921375e-09
S04182990_20130808,High,High,1.0746711263234476e-10,3.244174079867274e-05,0.9999675581207829,2.250004825599844e-11,8.45136523665053e-12
S04182990_20160719,High,High,9.31678447445486e-10,0.0003598321207932998,0.9996401656560654,1.1253956722184802e-09,1.660671261002906e-10
S04182990_20210901,Good,Good,1.6779615270416605e-05,0.9226416594960442,0.05269927391652309,0.024528010127190455,0.00011427684497190182
S04183550_20140805,High,High,2.708467472893553e-10,5.216546797273715e-05,0.999947833833149,3.726951129234433e-10,5.53365019605276e-11
S04183550_20200707,High,High,2.4184591348197255e-06,0.04541621752751795,0.954529748979281,5.0774406856858166e-05,8.406272094407036e-07
S04184040_20170822,Moderate,Moderate,2.3229603361816565e-06,0.010126934916498688,6.155905031357413e-05,0.9897691264093188,4.0056663532823166e-05
S04184040_20200909,Moderate,Moderate,1.6224060257587353e-06,0.006134368868204639,5.669803609319376e-07,0.993296392492681,0.0005670492527275777
S04184195_20140910,High,High,2.0328023625627884e-08,0.0022149561473026507,0.997784974363227,4.8905733623464595e-08,2.5571320226769396e-10
S04184195_20150630,High,High,1.1957396586835194e-10,2.5185898859827416e-06,0.9999974809853894,2.9309796333139853e-10,1.2052646219870486e-11
S04184195_20160802,High,High,9.830994134621842e-10,0.00013008852893200466,0.9998699102147548,2.250793688496931e-10,4.813434628778647e-11
S04184195_20170710,High,High,7.22525367667751e-11,1.3380015549933847e-05,0.9999866198090819,5.182345505955035e-11,5.1292139600943256e-11
S04184195_20180709,High,High,5.781623512204572e-11,4.728487272990615e-06,0.9999952713653077,7.526324024768095e-11,1.4339657419053595e-11
S04184195_20190702,High,High,1.3016588479995916e-11,1.1504221388794604e-06,0.9999988495586943,1.1388979489431978e-12,5.011280433670003e-12
S04184195_20200702,High,Good,1.3564179898142917e-06,0.9237759586514865,0.07621844920856488,3.51507393455297e-06,7.206480241914004e-07
S04184195_20210507,High,High,8.504008514320657e-10,0.0002443429180318977,0.9997556465405256,9.600930752647036e-09,9.01108761533369e-11
S04184195_20220602,High,High,6.528113878637936e-09,0.0001112175120645892,0.9998887631092565,1.2475193623259247e-08,3.7537145810086777e-10
S04184830_20130710,High,High,2.2804514622117726e-08,0.010428099411525272,0.9895718506231765,5.250183061597968e-09,2.1910600464158218e-08
S04184830_20140910,Good,Moderate,0.00031500658207763734,0.3938043381341498,9.931564119841319e-05,0.6056128218211649,0.00016851782140931773
S04184830_20150630,Good,Good,1.4448183023101865e-05,0.9988728412691299,4.3593205057491414e-05,0.0005133130983761491,0.00055580424441333
S04184830_20160801,High,Good,1.6458805001941543e-06,0.9930022236139713,0.006993723838254071,2.069311943043593e-06,3.373553314899063e-07
S04184830_20170628,Good,Good,2.951490670335866e-06,0.9969108211785844,0.002192561182404758,0.0008925935198531412,1.0726284873986097e-06
S04184830_20180808,High,High,2.856356983895104e-09,0.00023875497806219188,0.9997612407985637,1.1090077722035542e-09,2.580094130316319e-10
S04184830_20190702,High,High,1.5894464931955614e-10,5.627332195181275e-06,0.999994372458273,2.178535876544905e-11,2.8801688462667958e-11
S04184830_20210615,Good,Good,1.2916527415408028e-06,0.9961615972788288,0.0037751907009819477,6.13547488792267e-05,5.656185683530595e-07
S04184830_20220825,Good,Good,4.892220481144112e-06,0.7412390930075474,0.25872066511734043,2.0831580834083143e-05,1.4518073796918469e-05
S04184949_20130731,High,High,1.272634668977202e-09,2.9204990172775526e-05,0.9999707918196943,1.6537266868448895e-09,2.6377147088985805e-10
S04184949_20210706,High,High,6.068784583597209e-10,5.489169654185081e-05,0.9999450954601632,1.0151050207416222e-08,2.0853663869072363e-09
S04184950_20150701,High,High,9.964177119655776e-07,0.23363823297721056,0.7663603935225921,3.579757265163403e-07,1.9106758788885094e-08
S04184950_20160801,Good,Good,3.3310629340132524e-06,0.9957642917640092,0.004219541313832881,1.2602079232890657e-05,2.3377999102116096e-07
S04184950_20170628,Good,Good,1.742525932112603e-06,0.8489162453752193,0.1510773956686011,4.574958379016964e-06,4.147186853038687e-08
S04184950_20180709,High,Good,7.164368203909863e-07,0.9623493920791574,0.037648604248148546,1.152863238527093e-06,1.3437263513217407e-07
S04184950_20190703,Good,Good,8.809057811881894e-06,0.9869375382693245,0.0011209699487163723,0.011931321414657742,1.3613094896507305e-06
S04184950_20200707,Good,Good,3.729421704586206e-05,0.8246269649604662,0.0009370118964943892,0.17439699680576318,1.7321202304458589e-06
S04184950_20220825,Poor,Poor,7.978375261581398e-05,9.118422684021154e-05,9.940477745206942e-06,0.3200802350255602,0.6797388565172385
S04186100_20150729,Good,Good,4.965007386765825e-06,0.9623325829865543,0.037195161512233406,0.0002104601000660852,0.00025683039375950584
S04186100_20180820,Good,Good,3.5727731735792773e-06,0.9974235167375324,0.0017398914251279256,0.000830999705216061,2.019358950123512e-06
S04186100_20210831,Good,Good,1.382416740877336e-06,0.5034927661734809,0.4965004249714556,2.7666249788023055e-06,2.6598133439455117e-06
S04186700_20130712,Good,Good,1.1256939707059181e-06,0.9397853132986718,0.06019947147960558,1.4010760100610923e-05,7.876765129113613e-08
S04186700_20140911,High,High,1.3018247869711456e-10,2.832612491253105e-06,0.9999971672374378,1.9402036811860605e-11,4.864669943482436e-13
S04186700_20150701,High,High,1.6563641562893188e-10,1.089106790459866e-06,0.9999989103812328,3.450038666254407e-10,1.3364613205238948e-12
S04186700_20170711,High,High,3.244487689421704e-10,1.254505371311196e-05,0.9999874546039369,1.0719823135719713e-11,7.18127896288318e-12
S04186700_20180809,High,High,1.6998807380155564e-07,0.005767191892589247,0.994232381720468,2.5189356663530995e-07,4.505302316985154e-09
S04186700_20190703,High,High,2.0468710663176595e-11,1.5921444948177392e-06,0.9999984078299372,4.794335844464826e-12,3.0484925135624953e-13
S04186700_20200708,High,High,6.310138857275551e-10,2.802618477301939e-05,0.9999719730690594,1.0402856869286802e-10,1.1125201560785502e-11
S04186700_20210628,High,High,7.419057842516024e-10,0.000269407032543671,0.9997305921578372,4.831250163659875e-11,1.9400859219275357e-11
S04186700_20220825,Moderate,Good,0.0001897217863483066,0.7965969153520933,0.10914628509801837,0.044238118637253354,0.04982895912628653
S04187200_20210701,High,High,7.095249662109599e-10,5.544552906217423e-05,0.999944553524177,1.6903407970907855e-10,6.820176562677128e-11
S04187500_20120813,High,Good,5.696779405301629e-07,0.9998398165455444,0.00015943426682533317,1.6294999477303564e-07,1.6559695009522602e-08
S04187500_20130711,High,Good,3.4741931727525557e-07,0.9941580462985751,0.005840624074602469,9.769263202443325e-07,5.281184837171191e-09
S04187500_20140908,Good,Good,1.4818773744841762e-05,0.821684690748113,0.17820323273240044,9.670220412581594e-05,5.55541615830327e-07
S04187500_20150630,High,High,1.1985341665649888e-07,0.0024014984057157984,0.99759701383425,1.355748862467626e-06,1.215775502250204e-08
S04187500_20170707,High,High,8.218540702850353e-09,0.003909248032105307,0.996090704052152,3.611290424138081e-08,3.5842977212002365e-09
S04187500_20180710,High,High,1.458415904182432e-07,0.03987671234866117,0.9601223290639392,7.147577097988723e-07,9.798809937969073e-08
S04187500_20190703,High,High,1.9076486775248125e-07,0.08954317176693449,0.9104566129229995,2.2363738477841703e-08,2.181459664287965e-09
S04187500_20210614,High,Good,5.099377825340285e-06,0.8214288477493569,0.17853593600341305,2.873667144243785e-05,1.3801979621461294e-06
S04187500_20220823,High,High,1.9334358774309413e-08,0.0032660126545337874,0.996733864066293,9.947343644772514e-08,4.4713778778055e-09
S04187525_20130711,Good,Good,4.337691100770421e-06,0.6737838481403727,0.0004978062076640245,0.3257132801443036,7.278165589546663e-07
S04187525_20140731,High,High,2.4969802752727705e-08,0.0015167607032432046,0.9984832053768072,8.465442616578862e-09,4.847042462435685e-10
S04187525_20150603,Good,High,2.3194443602967185e-07,0.04367267637814654,0.956323255759128,3.830077411750472e-06,5.840877668233594e-09
S04187525_20170629,High,High,5.171500322428166e-08,0.005269529306052086,0.9947304090457528,8.270642733271203e-09,1.6625489995043564e-09
S04187525_20190704,High,High,6.471607140669498e-09,0.0006756507414088038,0.9993243290717939,1.2591488826004772e-08,1.123701234893255e-09
S04187525_20200625,High,High,3.9522867102378586e-05,0.22029722506371302,0.714981952912616,0.05050940181462463,0.014171897341944049
S04187525_20220823,High,High,3.581644611288584e-08,0.00619305705405118,0.9938067936475817,8.964358853109195e-08,2.383833238725256e-08
S04187600_20120813,High,High,7.133503763218591e-11,3.358592001896993e-06,0.9999966412541881,7.838485044518135e-11,4.0900778794119765e-12
S04187600_20130711,High,High,7.326684546509573e-10,9.920709322404272e-05,0.9999007893154872,2.699832761204034e-09,1.5878752630482824e-10
S04187600_20140908,High,High,1.5989865206204738e-11,1.769138814049937e-07,0.9999998230539395,1.5454692457648256e-11,7.345872773405296e-13
S04187600_20150629,High,High,5.180147786395886e-11,6.5633543335830746e-06,0.9999934365217631,7.003799507658922e-11,2.0639369941239194e-12
S04187600_20170707,High,High,2.1327905213072415e-11,6.538358387388126e-07,0.9999993461366673,4.400533941186293e-12,1.7655835760533076e-12
S04187600_20180710,High,High,1.1083969368704602e-11,1.6832341303338614e-06,0.9999983167391638,6.3889078171388766e-12,9.232959466736122e-12
S04187600_20200625,High,High,9.735270811294405e-09,0.0006092003024631332,0.9993905080673128,2.178262949772443e-08,2.60112323804192e-07
S04187600_20210614,High,High,1.9545491439750004e-11,1.590975649822299e-06,0.9999984089975356,3.6288134019469425e-12,3.640347043113515e-12
S04187600_20220824,High,High,2.8982657468324342e-11,3.2538848175375315e-07,0.999999674579356,2.736732353024078e-12,4.428684274444386e-13
S04187710_20130710,High,High,3.1654115833204342e-09,0.000466863475808422,0.9995331265668466,6.759012430926518e-09,3.2920986963311757e-11
S04187710_20140801,High,High,3.0834588408136795e-10,3.6997141349234846e-05,0.999963002420808,1.2611510212239536e-10,3.3817346819742653e-12
S04187710_20150814,High,High,7.427178143596536e-08,0.036295059998176955,0.9637048537631174,7.0409788043306535e-09,4.925945433485485e-09
S04187710_20160805,High,High,4.966300561279038e-09,0.0003388053643646525,0.9996611767474444,1.1875145055075204e-08,1.0467453218150402e-09
S04187710_20170516,High,High,8.204144770279464e-08,0.008362727806524771,0.9916370707839478,3.527258763926924e-08,8.40954920257548e-08
S04187710_20180627,High,High,2.2622115830173181e-10,6.174745201863655e-06,0.9999938248604645,1.5808546815655416e-10,1.0027122727081996e-11
S04187710_20190701,High,High,2.801787906794695e-11,1.8259092866990582e-06,0.9999981740613627,7.939146185590862e-13,5.386909710481062e-13
S04187710_20200708,High,High,6.901197012827323e-11,3.7145888761839305e-06,0.999996285320773,1.6356721198573527e-11,4.982142681617508e-12
S04187710_20210701,High,High,2.7866761376783016e-10,2.7956311201261336e-06,0.9999972040469979,1.1563861052026366e-11,3.1650658726346585e-11
S04187710_20220824,High,High,1.6516230480654444e-09,7.427336979662111e-05,0.9999257236552144,8.503430681660367e-10,4.730229627636555e-10
S04188000_20130807,Good,Good,7.83716146687701e-06,0.9866443488844706,0.00018245991868008258,0.013165128793804744,2.2524157772273732e-07
S04188000_20140623,High,High,5.189418457215217e-09,0.0014911773766702202,0.9985088096421934,7.05545523270597e-09,7.3626277020947e-10
S04188000_20150702,High,High,7.0488201864354e-10,5.606592333776028e-05,0.9999439328267165,5.395459373290718e-10,5.517858565803258e-12
S04188000_20160804,High,High,5.643672255287661e-10,5.3001498393620166e-05,0.9999469978511067,3.6514586994064136e-11,4.9617868439583846e-11
S04188000_20170630,High,High,5.586806804405572e-07,0.01275559549906499,0.9872386551791434,5.152583457508888e-06,3.805765376426268e-08
S04188000_20180903,Good,Good,0.00025127160928648613,0.7329075071861414,0.04161369126206116,0.2252199369243783,7.59301813260658e-06
S04188000_20190704,High,High,7.691679479462523e-06,0.11803007137888462,0.8818936864839961,6.830579656981197e-05,2.4466107005589034e-07
S04188000_20200707,High,High,1.9487787765771254e-06,0.14523761542681618,0.8547593354274989,1.0074962636135638e-06,9.287064468509597e-08
S04188000_20210628,Good,High,7.758903210038042e-08,0.02798413539333858,0.9720149938312868,7.695314052314453e-07,2.3654937239687695e-08
S04188000_20220826,Moderate,Moderate,2.2759897382739512e-05,0.043271333788780654,1.5071983189050424e-06,0.9566926148193414,1.1784296176287107e-05
S04189200_20130821,High,High,2.6204157719261342e-09,0.00023441228788619232,0.9997654575594375,1.2479795682408484e-07,2.7343036468375552e-09
S04189200_20160719,High,High,2.8336804597410943e-08,0.008613074417585206,0.9913868882151703,5.419925132982852e-09,3.6105148415876584e-09
S04189200_20200909,Poor,High,6.411974101173214e-07,0.07118896630010386,0.9255573675950182,5.2394760186982976e-05,0.003200630147280847
S04190000_20130617,Good,Good,2.870030468434645e-07,0.9994391574475775,0.0005600126771663977,5.416459491960881e-07,1.226259978733306e-09
S04190000_20140624,Good,Good,2.625745359293304e-07,0.9998882867667268,0.00010432644016643109,7.105390219510421e-06,1.882835124375613e-08
S04190000_20150702,Good,Good,1.5675496793959895e-06,0.9693885742036995,0.030608943073095057,9.076813560232016e-07,7.492169963904758e-09
S04190000_20160804,Good,Good,3.175690335851582e-06,0.9989528985565497,1.7676432579235315e-05,0.0010261919391281074,5.738140716034598e-08
S04190000_20170711,Good,Good,5.848471934636886e-06,0.5305014470922172,0.46946565115967787,2.694390320267443e-05,1.0937296761208175e-07
S04190000_20180702,Good,Good,2.110947494002931e-06,0.9993593946450022,0.0006015055345316586,3.6882230120197403e-05,1.0664285196481804e-07
S04190000_20190705,High,Good,3.795070263334662e-06,0.8603122037174633,0.13967847499874594,5.509615259845145e-06,1.6598267559873965e-08
S04190000_20200706,Good,Good,0.00011412005684790567,0.5842756812618278,0.4100413318847808,0.00550533993198598,6.352686455759197e-05
S04190000_20220826,Good,Good,1.1015099410401987e-05,0.9959411463774664,3.553476020091105e-06,0.004042389050549317,1.8959965537959639e-06
S04190550_20120720,High,High,2.4317640402171704e-08,0.06328790013152398,0.9367120564870337,1.6161459640717674e-08,2.9023423468602834e-09
S04190550_20170925,Good,Good,1.5751370870798514e-06,0.9898152774246003,2.4662553246870366e-06,0.010175376576932267,5.304606055633054e-06
S04190550_20200722,Good,Good,4.916103405368651e-07,0.9919757852227906,2.952021984874367e-06,0.008020170495557461,6.006493266073789e-07
S04190550_20210906,Good,Good,2.235233523664737e-05,0.6974033142191427,0.0006339000509929984,0.3013368145453951,0.0006036188492326021
S04190650_20130718,Good,Good,2.196186113525408e-07,0.9990121294363019,0.0009870215456300624,5.311291491732542e-07,9.827030744911267e-08
S04190650_20140722,Moderate,Moderate,0.00039653342463158875,0.026843063968414852,0.001179554475215246,0.9609767704417691,0.010604077689969222
S04190650_20150624,Good,Good,5.0062037196930365e-06,0.9565078833959454,0.04307796459909027,0.0004091018777991069,4.3923445564788356e-08
S04190650_20160607,High,High,2.2222706616632622e-08,0.03193238994712313,0.9680675820313597,5.122057081400517e-09,6.767534668203374e-10
S04190650_20170912,Good,Good,8.367118293244549e-07,0.9964134284191457,0.0035034665110570433,8.225257508375866e-05,1.5782884105217476e-08
S04190650_20180827,Good,Good,2.1241670395055347e-07,0.999943510472207,1.2108843975026567e-05,4.4141454828522755e-05,2.681228543269215e-08
S04190650_20190705,High,Good,5.817317794265201e-07,0.8349268971461282,0.16501499992614083,5.166254494769483e-05,5.858651003722575e-06
S04190650_20210701,Good,Good,1.3174934664370536e-06,0.9770491876430523,0.022855054873525925,9.418006213301909e-05,2.5992782233378007e-07
S04190650_20220912,Moderate,Moderate,1.1378558558158146e-05,0.016923197172365397,7.714600114956965e-05,0.9829045467727453,8.373149518161108e-05
S04190655_20150930,High,Good,4.2632430998513106e-07,0.9970538110953053,0.0029293959294259334,1.6362583598358634e-05,4.067360284121661e-09
S04190660_20120807,Good,High,2.0428228486808906e-08,0.006293438879615162,0.9937064793708804,6.098375948602408e-08,3.3751645829778724e-10
S04190660_20130821,Good,Moderate,6.24677072398439e-07,0.07169145365673618,7.334746539455376e-08,0.9283075295781296,3.1874059655172184e-07
S04190660_20160824,Moderate,Moderate,7.2614888299774505e-06,0.011907535044957581,6.67583233938609e-05,0.9867514600146574,0.0012669851281610545
S04190670_20150930,High,Good,6.213300788358866e-07,0.6391214360935014,0.36087606636805053,1.851086872995197e-06,2.512149637669235e-08
S04190670_20180816,High,High,2.953480823663203e-07,0.17922269399863852,0.8207767981217363,1.7668928863574133e-07,3.5842254265558e-08
S04190670_20200826,High,Good,3.994781218660772e-06,0.9230121108478918,0.07694415332900868,3.924794299394615e-05,4.930988868534083e-07
S04190690_20140905,Good,Good,3.3487108597306264e-05,0.9731725029983225,0.0070560576029098,0.01973546232781504,2.4899623553123483e-06
S04190690_20170803,High,High,1.2881218596719446e-09,0.00031837110867894206,0.9996816265144507,6.65169501765727e-10,4.2357901601634695e-10
S04190690_20190705,High,High,6.273343177182156e-07,0.06958304827891416,0.9303465066806779,3.2813321354983633e-06,6.653637395480809e-05
S04190700_20140905,Moderate,Good,3.336909267597758e-06,0.7654755496922,0.23449248528996924,2.775395214601367e-05,8.741564171149666e-07
S04190720_20120807,High,High,9.661441671861798e-10,0.00012815511575059552,0.9998718435576321,2.838553364978506e-10,7.661760327703493e-11
S04190720_20151001,High,High,1.4556434742073372e-08,0.0014601269194863312,0.9985398082680036,5.019244879426735e-08,6.362655978658839e-11
S04190720_20210630,Good,High,4.264008393324469e-08,0.49954900606810987,0.5004508836906858,5.94596567822301e-08,8.141463768084873e-09
S04190740_20130822,Moderate,Good,1.4669976907353778e-05,0.5762937265337962,2.2814636037055054e-05,0.4235419200435396,0.00012686880971990493
S04190745_20120808,Good,Good,3.763495719940928e-06,0.9198376098746146,0.0002634487139866233,0.0798935165549317,1.6613607471295305e-06
S04190745_20151002,Good,Good,5.842344206563407e-06,0.9002928949688133,4.8585791888452696e-05,0.0996518783110563,7.985840352640915e-07
S04190745_20180816,Good,Moderate,2.6350728762918647e-05,0.009763724252770412,0.0001593533783610998,0.9899908921346717,5.9679505433859244e-05
S04190745_20210505,Good,High,4.5699637957772784e-07,0.33968276080815996,0.6603009152701963,1.5824015446690727e-05,4.290981744781014e-08
S04190750_20130822,Moderate,Moderate,8.128795817575278e-06,0.0003353873629351013,6.359178698442189e-07,0.9058794653490869,0.09377638257429051
S04190770_20151001,Moderate,Moderate,1.5019829505426868e-05,0.0869940569229576,3.370101728868777e-05,0.9129194087170764,3.781351317187588e-05
S04190780_20130822,Moderate,Moderate,1.1560799259483075e-08,2.091495360965157e-08,1.2297147996703832e-10,0.9999761144842024,2.3852917073187607e-05
S04190780_20140905,Good,Good,3.601998846929297e-07,0.9999130326551205,8.232921317240925e-05,4.277420560467259e-06,5.112619355598064e-10
S04190780_20170803,Moderate,Moderate,1.231189668334732e-07,0.00037771042852247343,9.250644182266218e-10,0.9996221000688019,6.545864436598522e-08
S04190842_20120809,High,Good,1.2879527340214783e-06,0.8679301161025591,0.13206357817250175,4.8330885302409775e-06,1.8468367495179138e-07
S04190842_20151001,High,Good,5.430360296990833e-07,0.6031775621224603,0.396809847457255,1.2039709369259526e-05,7.674885671826421e-09
S04190842_20180816,High,Good,4.088840444111744e-06,0.7308164123134452,0.2691763949525873,2.9885500532514058e-06,1.1534347025283604e-07
S04190850_20120626,Good,Good,6.0976078678255155e-06,0.9415910464332546,0.05827277577777108,0.00012988110468469812,1.9907642159371027e-07
S04190850_20151002,Good,Good,1.2379985608177248e-05,0.7916045262814226,0.20806176027561235,0.00031904706062575613,2.2863967308696373e-06
S04190850_20210630,Good,Moderate,1.362770566389122e-06,0.137573970108619,0.0011998089790084222,0.8610618050218262,0.00016305311998004857
S04190852_20120809,High,High,2.2517976228629338e-10,7.97844335690153e-06,0.9999920212588265,7.128052610990651e-11,1.356343267693636e-12
S04190852_20130618,High,High,1.399275530309002e-10,4.196869868684585e-06,0.9999958029613835,2.7173957769875603e-11,1.6463617310453769e-12
S04190852_20140616,High,High,8.341803267730334e-11,1.0078997703654095e-06,0.9999989919581403,5.523093612067759e-11,3.440432724155477e-12
S04190852_20210702,High,High,8.305834738840048e-11,4.283127341361613e-06,0.9999957166350184,1.2262573255518994e-10,3.195620730203129e-11
S04190860_20130709,Good,Good,3.153130783321162e-05,0.7141379488798831,0.2851317140155025,0.000698435749434983,3.70047346172579e-07
S04190860_20190924,High,High,4.637252156233364e-09,0.00025419924736874456,0.9997457741060399,1.2217871594128845e-09,2.0787552068933986e-08
S04191100_20130821,Moderate,Moderate,4.4330471891573533e-07,0.0012129783847186378,1.6979902113567407e-08,0.9987703473194488,1.62140112116218e-05
S04191100_20140905,Moderate,Moderate,1.2599556182880676e-06,2.782588465630785e-05,2.9147533313008956e-09,0.9999534629385165,1.7448306455525622e-05
S04191100_20170803,Moderate,Moderate,3.961145099115906e-06,1.147882208299406e-05,3.5453708078957607e-09,0.8845157721478435,0.1154687843396037
S04191100_20200623,High,Good,5.271414681378284e-07,0.9523892523467233,0.04760033577301616,8.251215935801994e-06,1.6335228565722447e-06
S04191100_20210505,Moderate,Good,9.102794116214783e-06,0.8891008260321613,0.0002668727324549531,0.11042685010318078,0.00019634833808669086
S04191150_20120803,Moderate,Moderate,3.978666423073939e-06,0.004832743492012848,8.297175660320636e-07,0.9951608874943436,1.5606296544477886e-06
S04191390_20190717,High,High,8.426061525994774e-08,0.041058367894546956,0.958940650913995,8.638918347605226e-07,3.303900799523624e-08
S04191410_20130709,High,Good,1.3614827616362956e-06,0.8363291811945893,0.1636639740916439,5.052944962829759e-06,4.30286042255168e-07
S04191410_20140616,High,High,5.015921692834035e-07,0.010383284079629755,0.989595978900978,2.0070495395674433e-05,1.6493182731862374e-07
S04191410_20150604,Good,Good,2.5443212760867616e-06,0.697628849363111,0.30223435351380057,0.00012738228621758243,6.8705155948062646e-06
S04191410_20160606,Moderate,Moderate,1.1773097979898213e-06,0.0350709606712241,3.820701391137125e-07,0.9649230277777603,4.452171078510689e-06
S04191410_20170718,Good,Good,4.086400545842292e-06,0.9975231430779624,0.002377920590516735,9.370574384881883e-05,1.1441871262002327e-06
S04191410_20180713,High,High,4.1570473639804264e-10,0.00034693302496036186,0.9996530663547402,4.34722749178146e-11,1.6112253849134674e-10
S04191410_20190731,High,High,5.244295420252771e-08,0.0002924618161808666,0.9997058387613595,1.6279140459953414e-06,1.9065459359611606e-08
S04191410_20200729,Good,Good,4.476834952436299e-06,0.9941196543269283,0.005757212836508967,0.00011584434138043855,2.8116602299699007e-06
S04191410_20210728,Good,Good,7.868496643924547e-06,0.8932175673856929,0.10660108609433003,0.00017021034103552733,3.2676822976937883e-06
S04191410_20220728,Good,Good,1.1046336832520886e-05,0.9968454706471677,0.0026177056383819364,0.0004893190810111581,3.645829660674758e-05
S04191980_20130619,Moderate,Moderate,4.862094585137622e-07,0.012703639182107386,5.862048650379554e-06,0.9872899935659964,1.8993787297628776e-08
S04191980_20140617,Good,Good,8.473440985944028e-06,0.7361072061254784,0.2638562592745958,2.7932598498560224e-05,1.2856044126649083e-07
S04191980_20150604,High,Good,4.193544486461169e-05,0.9112769034874006,0.07990538664260025,0.008758592336476969,1.718208865737872e-05
S04192100_20130826,Good,Good,0.00022273082026118694,0.9364424671463731,0.03405463480023257,0.02920330741506915,7.685981806402453e-05
S04192100_20150907,Good,Good,2.1843264864794452e-05,0.9961028271298723,0.0002548161805730727,0.0034242800083793294,0.00019623341631042372
S04192550_20130808,High,High,9.490309914469638e-09,0.001626348212200144,0.9983736273423119,1.334854761399521e-08,1.6066304280843683e-09
S04192550_20140618,High,High,3.2320499162020017e-08,0.021379736996061792,0.9786202278985904,1.7152400690084984e-09,1.069608633387673e-09
S04192550_20150604,High,High,5.030039501197525e-10,4.9567755156333246e-05,0.999950431498417,2.3191315276781767e-10,1.1509553553307517e-11
S04192550_20170711,High,High,1.9553041694234012e-07,0.04167336620049224,0.9583264259433342,8.971482295753413e-09,3.3542743989447545e-09
S04192550_20180710,Good,Good,1.958453188393863e-06,0.9998510414762686,9.28064294997632e-05,5.4039913536905535e-05,1.5372750644415334e-07
S04192550_20190718,Good,High,1.822275006923091e-07,0.11840037328641909,0.8815978862324466,1.5451830441690148e-06,1.3070589359893001e-08
S04192550_20210629,High,Good,2.7371424138660552e-06,0.8908530451136952,0.10914104491912716,3.0740366220485674e-06,9.878814183871573e-08
S04192550_20220823,Good,Good,2.645228493025355e-06,0.9988232049755736,0.0008873251332779942,0.0002806363968804195,6.188265774794124e-06
S04192800_20140626,Moderate,Moderate,1.598346733537837e-07,0.00038177754479300403,7.334564986841098e-10,0.9996171587233986,9.031636784491962e-07
S04192800_20170925,Good,Good,1.9109902933632014e-05,0.9920525390814224,0.003262370420631688,0.004663574891524129,2.405703487999816e-06
S04192800_20200721,Good,Good,5.641225479118655e-05,0.9769952889134798,0.00020532844763229534,0.022659211135882696,8.375924821412141e-05
S04192800_20220802,Good,Moderate,3.588601729688644e-07,0.06793589687451632,1.5124040279203105e-07,0.9320633895020335,2.0352287439872489e-07
S04192830_20130613,Moderate,Moderate,3.359754249709265e-07,2.272683303930137e-05,1.1539905973031131e-09,0.9999758624400937,1.0735974514231359e-06
S04192830_20140618,Good,Good,7.759682541733124e-06,0.8743568095862988,7.393590987058221e-06,0.1256239102896758,4.126850496645211e-06
S04192830_20150604,Moderate,Moderate,4.655463891134488e-06,3.8257586535750175e-05,1.891823608672291e-06,0.9998529818709586,0.00010221325500581856
S04192830_20160630,Moderate,Good,0.001905606964642838,0.6286374280945891,0.03317099899538754,0.3339616801322253,0.002324285813155084
S04192830_20170706,Good,Good,2.7599292121163947e-06,0.9984982814780426,1.5031843569207573e-06,0.0014972990815968785,1.5632679135726728e-07
S04192830_20180628,Good,Moderate,1.5318480993385347e-06,0.4431808381079403,2.6466943181389138e-06,0.5568143203055463,6.630440958850049e-07
S04192830_20190829,Good,Good,1.1653831922882092e-06,0.9983694618810915,0.001628152336166836,1.1828051249412083e-06,3.7594424337061364e-08
S04192830_20200625,Good,Good,3.2106895629033497e-06,0.8969707109056558,7.386308498083745e-05,0.10295033605104868,1.87926875183564e-06
S04192830_20210629,Good,Good,2.771204921896473e-05,0.6823980820421793,3.3528081492570255e-05,0.3173578164119005,0.0001828614152087101
S04192830_20220826,Good,Good,2.3612422495133246e-06,0.9925808263453175,4.051342547512287e-05,0.007373035494136049,3.2634928218109314e-06
S04192900_20210629,Good,Good,1.963563050700502e-06,0.9955233799925716,1.8088956270130783e-05,0.004456059657743442,5.078303642397309e-07
S04192950_20130613,Moderate,Moderate,7.656003739055067e-05,0.4786242542615565,9.557838515150703e-06,0.5211339316439406,0.00015569621859712343
S04192950_20140618,Good,Good,1.624275416889285e-05,0.9988942806571115,0.00028096702332375587,0.0007949046390405765,1.3604926355280616e-05
S04192950_20150605,Moderate,Moderate,2.409021108546116e-07,7.904770129871817e-05,3.19335804750417e-09,0.9998591567756572,6.15514275752647e-05
S04192950_20160629,Moderate,Good,6.703128523649479e-05,0.8094747370981857,0.00019623458274284938,0.1900343423271545,0.00022765470668048864
S04192950_20170706,Moderate,Moderate,9.466734753495705e-06,0.00014017267881409503,2.5577423454190645e-07,0.9998362117463194,1.3893065878392828e-05
S04192950_20180904,Moderate,Moderate,0.00015489335362858342,0.07908069690066581,5.2122436453042165e-05,0.9206443004594558,6.798684979679125e-05
S04192950_20190829,Moderate,Moderate,0.00011258782646469173,0.0015279075259832886,5.812769882667469e-06,0.9970048339247115,0.0013488579529578478
S04192950_20201013,Moderate,Moderate,0.0002736033273954379,0.008020216033741064,0.00020853865241082816,0.8246372998361646,0.16686034215028803
S04192950_20220825,Moderate,Moderate,1.2062030790810088e-05,0.00013377369194043383,1.534189212280979e-05,0.9997769843442121,6.183804093395477e-05
S04193500_20130827,Good,Good,1.5121152459313547e-06,0.9999128863040225,6.398842328211819e-05,1.9217925033583636e-05,2.395232415905277e-06
S04193500_20150908,High,High,1.165051991864769e-05,0.36738810094621355,0.6325077439523605,9.075463744330626e-05,1.7499440638810795e-06
S04193500_20170925,High,High,8.775382435666516e-07,0.1840519801379293,0.8159411059062222,5.912714324470698e-06,1.2370328053677679e-07
S04193500_20200722,Good,Good,2.0717298263995816e-05,0.9960188931936114,0.002724594380591252,0.001234749141587193,1.0459859462425804e-06
S04193500_20210906,Good,Good,5.530039997937983e-05,0.943724516654904,0.0006893463983715529,0.05547822302408639,5.261352265867643e-05
S04193800_20130827,High,High,1.144764684257281e-06,0.005908553863210949,0.9940882740215272,1.7703089401059588e-06,2.570416374928111e-07
S04193800_20140626,High,High,3.736250046986489e-07,0.10653716460472684,0.8934619945775363,4.468065351192074e-07,2.0386197103012373e-08
S04193800_20160930,High,High,5.216214665468993e-09,0.0017726775338852423,0.9982273133579819,3.778013378286078e-09,1.1390496972885118e-10
S04193800_20181002,Good,High,6.0202598474207385e-06,0.23173429737028284,0.7658775585205361,0.002381135742720499,9.88106613185367e-07
S04193800_20190828,High,High,1.412664784350739e-10,4.3637424017281616e-05,0.9999563623564182,6.856140676813865e-11,9.736648640660817e-12
S04193800_20200908,High,High,2.908752436956906e-09,0.0006598606989404029,0.9993401345286562,1.786974310676745e-09,7.667661568687172e-11
S04194000_20130708,Good,High,1.4804787682895732e-07,0.0554379879747153,0.9445618134885277,4.297311586713374e-08,7.515764179474996e-09
S04194000_20140625,Good,Good,1.6365781544412964e-05,0.6428525070340668,0.04365733972395119,0.3133011701745094,0.00017261728592818702
S04194000_20150930,High,Good,1.7211088621717297e-05,0.969270673148978,0.029039271280447674,0.001624478416081922,4.8366065870584626e-05
S04194000_20160802,Good,Good,3.935998576861835e-05,0.8258475398030435,0.008175311248272374,0.1632833432807867,0.002654445682128606
S04194000_20170630,Good,Good,5.377425895869137e-06,0.9917693883457428,7.730335609067575e-05,0.008099285378466345,4.864549380426983e-05
S04194000_20180802,Good,Moderate,8.457611198770886e-06,0.01870365073576732,2.9474220229937232e-05,0.9809942198484027,0.0002641975844012336
S04194000_20190801,Good,Good,0.0001113829803814371,0.8726476460748571,0.061177982273783675,0.06461647484375688,0.0014465138272209402
S04194000_20200730,Good,Good,8.904989948174343e-07,0.9988873895034324,0.0007077440379708915,0.0003031264173624767,0.00010084954223946443
S04194000_20210729,Moderate,Good,8.410641689754228e-07,0.9975355499460684,0.0021687735023753663,0.00014097538026266372,0.0001538601071246847
S04194000_20220801,Good,Good,6.456767444134233e-05,0.41434993106766344,0.10597627728432743,0.10933954788811612,0.3702696760854515
S04194200_20120719,High,High,4.7648382972527185e-08,0.0027077631828272344,0.9972918758820749,3.03631729242208e-07,9.654985711562832e-09
S04194200_20130802,High,High,6.834722644591386e-08,0.03677794856154724,0.963221071887977,8.894492087650866e-07,2.175404056141797e-08
S04194200_20140624,High,High,2.0919054935859657e-09,0.00033246268703976113,0.9996675173549304,1.7310201746255573e-08,5.559226602316638e-10
S04194200_20160930,Good,Good,2.805316831889662e-07,0.9972528966945865,4.122380355789996e-06,0.0027426977604310195,2.632943551729386e-09
S04194200_20210906,Good,Moderate,0.0010150172904237476,0.10983659512788572,0.2802917961346982,0.6083401717460174,0.0005164197009750613
S04194500_20130619,Moderate,Moderate,7.866685866760438e-08,0.0004874240453662981,3.556616088462685e-09,0.9995118344208964,6.593102624929903e-07
S04194500_20140625,Good,Good,0.0018055945065099588,0.6987388412649392,0.2863627735154093,0.010432781713257757,0.002660008999883684
S04194500_20150702,Good,Good,1.1213921664801105e-05,0.9635580920562578,0.03591736947779,0.0005107441114777545,2.5804328097014473e-06
S04194500_20170704,Good,Good,8.824038428147036e-06,0.9947772018422706,0.001498144572460281,0.0036971874322534277,1.8642114587413246e-05
S04194500_20180904,Moderate,Good,1.9598011900125272e-05,0.9885086917638082,0.0007248682385075702,0.0107363859547706,1.0456031013639607e-05
S04194500_20190827,Good,Good,2.308995547869412e-06,0.999019790045138,0.0009670606652472417,1.0445807800358625e-05,3.944862666493814e-07
S04194500_20201013,Good,Good,2.5578414633536516e-06,0.8935359515999415,0.10642591692625963,3.264738948046844e-05,2.9262428550394215e-06
S04194520_20180904,Moderate,Moderate,7.675889331282957e-08,0.000556074087365158,7.983854598615528e-08,0.9994435271761442,2.4213905129607414e-07
S04194600_20120801,High,High,5.1365895902473604e-08,0.04450938737087871,0.955490478450984,8.148931864304066e-08,1.322922706926434e-09
S04194600_20130827,High,High,8.088468626724693e-09,0.0016553259317515882,0.9983446130674715,9.86401442482236e-09,4.304829398365409e-08
S04194600_20140625,High,High,1.391011518516494e-11,1.2514808914494755e-06,0.999998748320741,1.486220102861617e-10,3.5835496829336666e-11
S04194600_20160929,High,High,1.2781381016810288e-08,0.004863320850705897,0.9951365579442649,1.074469514216814e-07,9.766966752345526e-10
S04194600_20181002,High,High,3.502472151426388e-07,0.022485139166496904,0.9775144382350163,6.735783040348452e-08,4.9934411431951305e-09
S04194600_20200908,High,Good,6.175266751578802e-07,0.619740722280995,0.38025822242764845,3.58383943149237e-07,7.938073820222384e-08
S04194665_20120802,Good,Good,8.653114411981596e-06,0.9974773574099474,1.2332321640020294e-06,0.0025124612660920183,2.9497738457803635e-07
S04194665_20170706,Good,Good,2.0653781773225447e-05,0.9864081979386398,0.013081647928507792,0.00048490921903986334,4.591132039389081e-06
S04194772_20120813,High,High,2.2184657603258767e-09,5.683608338495977e-06,0.9999941892267349,1.231344887091645e-07,1.8119721782262304e-09
S04194772_20130704,High,High,9.461875480889063e-09,0.00048642127094405296,0.9995134364116574,1.3162555874378985e-07,1.2299644022197074e-09
S04194772_20140520,High,High,4.410433114090653e-09,0.00027900013538036117,0.9997209919462712,3.243393078052116e-09,2.6452221733836047e-10
S04194772_20150703,High,High,4.903091382343884e-10,4.529834345746649e-05,0.9999546854252682,1.3568097844387039e-08,2.172867397624892e-09
S04195000_20130806,Good,Good,3.536686303200594e-06,0.9993947912686337,7.012852995565066e-05,0.0005311320014053085,4.1151370200448117e-07
S04195000_20140626,Good,Good,1.2258291845575488e-06,0.9665524899405213,0.03342082208278435,2.5441565633498064e-05,2.058187630126544e-08
S04195000_20150605,Good,Good,3.617370437305333e-06,0.9999055144493402,8.325965065938916e-05,7.587291860477864e-06,2.1237702737548717e-08
S04195000_20160803,Good,Good,5.342102871998184e-07,0.9998587380146303,5.9811797626448655e-05,8.075787257699032e-05,1.5810487906725803e-07
S04195000_20170706,Good,Good,1.7017114561409038e-05,0.8569651395898683,0.09107010678811873,0.05185771891979735,9.001758765430829e-05
S04195000_20180905,Good,Good,3.1197225245290033e-06,0.9934442965246322,2.521175170331014e-05,0.0065265404729432305,8.315281967350394e-07
S04195000_20201013,High,High,1.635657364351457e-06,0.16017605793431597,0.8398168822797392,2.4551265635501724e-06,2.9690020169336306e-06
S04195000_20210719,Good,Good,1.1326520565006975e-05,0.9952374589640083,0.0028633689320173806,0.0018630159107321203,2.4829672677189377e-05
S04195000_20220825,High,Good,3.758737361921535e-06,0.9904812339178845,0.0090212026765657,0.00047685266958984293,1.6951998598069318e-05
S04195190_20120718,Good,Good,4.060488262167479e-05,0.9521285478582775,0.047493917613736045,0.0003275668577339472,9.362787630929119e-06
S04195190_20130805,Good,Good,1.9515926846324745e-05,0.9781590044500876,0.02058927806076505,0.0012247836212811276,7.417941019866271e-06
S04195190_20140626,High,High,2.769269396387394e-08,0.006024590671633321,0.9939733493279639,2.0308355109424685e-06,1.4721978388003123e-09
S04195190_20150908,Good,Good,1.593909175479174e-05,0.9958551929601835,0.0015094283469210636,0.0026178494524615823,1.5901486790347911e-06
S04195190_20181002,Good,Good,6.163178564705053e-07,0.9903785063970644,0.00960720316271758,1.3649154758085371e-05,2.496760348293644e-08
S04195190_20201013,High,High,4.4501898461112185e-07,0.3024449752269101,0.6975538348603246,6.883209663938539e-07,5.657281427931032e-08
S04195300_20130619,Moderate,Moderate,2.1709859130686353e-05,4.500409038183427e-05,1.154992856408185e-08,0.9992554996191052,0.0006777748814537116
S04195300_20170705,Moderate,Moderate,1.5266510088175335e-05,0.06129516777496539,3.92660244247816e-05,0.9386153162360825,3.498345443921563e-05
S04195300_20210706,Good,Moderate,9.579403461877403e-05,0.0010732235184636619,0.002353216532335521,0.994813464208978,0.0016643017056040357
S04195305_20120723,High,High,2.9369904134725334e-07,0.17534892876472022,0.8246506674179019,9.631989898880312e-08,1.3798437628148039e-08
S04195305_20130612,High,High,1.5251252233637073e-09,0.0006676861818218269,0.9993323097981643,2.420410970386807e-09,7.447768612371576e-11
S04195305_20210719,Good,Good,1.5499798876035234e-06,0.6914489756408391,0.30854736205916733,2.048507016890497e-06,6.381308920247974e-08
S04195400_20130719,High,High,8.308535577324904e-10,0.00012725342329539043,0.999872744741521,9.659850079872899e-10,3.834511066034569e-11
S04195400_20140617,High,High,2.0428373636902565e-07,0.00017010814971841305,0.9998220768957068,7.598641708594384e-06,1.2029129825369017e-08
S04195400_20150623,High,High,2.534124120581852e-10,3.590362368515596e-06,0.9999964023794229,6.9827484055703075e-09,2.2047789766989378e-11
S04195400_20160607,High,High,1.1416813088590235e-08,0.0010460353151589394,0.9989539363546219,1.0607524156248361e-08,6.305881775668316e-09
S04195400_20180828,Good,High,6.801624180021709e-05,0.46182791070043544,0.5326786849529825,0.005412411293108714,1.2976811673084592e-05
S04195400_20190911,High,High,1.1159307199456554e-07,0.008850703555789832,0.9911488439789694,3.367663568840976e-07,4.1058118676084055e-09
S04195400_20200623,High,High,2.980172377775094e-08,0.0011704732827347937,0.9986237020906107,1.1778268737152274e-06,0.000204616998057096
S04195400_20210630,High,High,8.92171208098279e-08,0.11052186490915487,0.8894773017642443,7.390268652888041e-07,5.082614764216312e-09
S04195420_20190911,High,High,8.269548469480274e-08,0.001702345694586684,0.9982971631264803,1.3471034467423544e-07,2.7377310369929656e-07
S04195600_20120718,High,High,1.1846546649020844e-08,0.00046183191083862827,0.9995374541760818,6.716850853662473e-07,3.038144775621615e-08
S04195600_20130705,High,High,1.0003373232141091e-05,0.010582552789925974,0.9798404653086396,0.009419628597707685,0.0001473499304946724
S04195600_20140626,High,Good,2.2833236970335803e-05,0.5028164773038418,0.49392389871333175,0.0032349833460355707,1.807399820467681e-06
S04195600_20160929,Good,Good,8.247046083711589e-06,0.9850676075982174,0.002009190286038166,0.012914282199572767,6.728700879070871e-07
S04195600_20180905,High,High,5.211676151780014e-07,0.2689204172567921,0.7310752965169843,2.101685364933037e-06,1.6633732434948274e-06
S04195600_20190708,Good,Moderate,3.340501956974665e-05,0.015280761047388104,0.0025002803671883797,0.9662938550850806,0.015891698480773184
S04195680_20181002,Good,Good,5.081295492929592e-06,0.9125006477658607,1.3071773757082314e-05,0.08747632446997278,4.874694916488251e-06
S04195700_20130820,Good,Good,1.2269396871534907e-05,0.7317360849237816,5.214140743227785e-06,0.26824354821325563,2.8833253479893533e-06
S04195700_20160824,Good,Good,3.389183208143772e-07,0.9995069053707861,4.268797863691404e-08,0.000492703004891179,1.0018023250191576e-08
S04195790_20120724,High,High,2.1369550120149153e-05,0.2385931150864744,0.7609694640020735,0.00038304576652295496,3.300559480910937e-05
S04195790_20130612,Moderate,Moderate,3.626364608435719e-05,9.976531419789458e-05,8.615762638100725e-07,0.9986886728772552,0.0011744365861988421
S04195950_20130724,Good,Good,3.4516326274430876e-06,0.999487001894901,1.2343707339974218e-05,0.0004970537912127362,1.4897391870467822e-07
S04195950_20140721,Moderate,Good,2.3338660259143606e-05,0.9213805047818587,3.6766238178386024e-05,0.07836766883920043,0.0001917214805032969
S04195950_20150709,Good,Good,3.0875896543577506e-06,0.9992790363477048,0.0006535755281448943,6.41115728207708e-05,1.889616750180858e-07
S04195950_20160817,Moderate,Moderate,6.427670631554341e-05,0.05411611292581995,6.730937757732151e-06,0.945306124187748,0.0005067552423588759
S04195950_20170718,Good,Good,2.95525687689757e-07,0.9991126413969004,0.0008868440788276819,2.1797182431565295e-07,1.026759943049632e-09
S04195950_20190716,Moderate,Moderate,6.453173303159332e-06,0.013606058410132457,8.798222718698271e-07,0.986383815199595,2.793394697643913e-06
S04195950_20200709,Good,Moderate,0.0006816813796687563,0.10692281904835775,0.16726447998316024,0.7115017531657183,0.013629266423095022
S04195950_20210630,Moderate,Good,0.0008805588820097644,0.7524628659262845,0.03683534568303831,0.13763594237836058,0.07218528713030664
S04195950_20220721,Moderate,Moderate,9.791999849869603e-07,3.5430260301085304e-07,8.449816295892972e-08,0.9974275120688887,0.002571069930360418
S04196000_20120627,Poor,Moderate,3.283406890931592e-07,0.00025578901334543194,8.647144590731335e-08,0.9737490718635821,0.02599472431093763
S04196000_20130710,Moderate,Moderate,2.845504573146572e-06,0.03794513866484746,5.190898275787141e-08,0.9620508481067359,1.1158148607715645e-06
S04196000_20140527,Moderate,Moderate,1.7431237469361245e-07,7.16963294388631e-05,6.058807495966736e-10,0.9999250845676965,3.0441846092508386e-06
S04196000_20150706,Moderate,Moderate,7.320010615143236e-07,1.0250160439392822e-06,9.2101454501129e-10,0.9997287874450971,0.0002694546167829224
S04196000_20170925,Moderate,Moderate,2.1932170465544017e-05,0.0749037063470122,6.859575685162266e-06,0.9250094552542987,5.804665253835857e-05
S04196000_20200721,Moderate,Moderate,4.2017968974596595e-08,0.00015469247522543255,1.0868067712599338e-09,0.9998451237417144,1.4067828443187974e-07
S04196000_20200729,Moderate,Moderate,4.534138817423162e-08,2.4470004954805994e-07,3.7172848833421542e-09,0.9999945358124385,5.170428838916467e-06
S04196000_20210728,Moderate,Moderate,1.51377047660178e-06,7.569836003192562e-05,2.46186537791334e-07,0.9998562225762082,6.631910674549413e-05
S04196000_20220802,Moderate,Moderate,1.0362898896808747e-06,0.0015391399648802336,1.113728473568258e-06,0.998449956952266,8.753064490521619e-06
S04196008_20130724,Moderate,Moderate,7.542066975107532e-07,6.871787666009964e-05,2.925289292458668e-09,0.9975063100451615,0.002424214946191521
S04196008_20140721,Moderate,Moderate,2.6916515506951545e-08,0.0009238690173357275,5.179249486092146e-10,0.9990758847466206,2.1880160329574893e-07
S04196008_20150709,Good,Good,1.2432334058365277e-05,0.7737599730004685,2.198854241787875e-06,0.22622526922990902,1.2658132247217745e-07
S04196008_20160818,Good,Good,5.66773456645808e-06,0.9976630029574601,5.031672680092979e-06,0.0023261006445989794,1.9699069449879327e-07
S04196008_20170719,Good,Good,5.451210997184019e-06,0.8366622536141358,4.0151907200900113e-07,0.16332121102160427,1.0682634190768953e-05
S04196008_20180718,Moderate,Moderate,1.2669062806069661e-07,9.288739835908931e-05,4.934810070276625e-09,0.9999032253102512,3.755665951546061e-06
S04196008_20190701,Good,Good,3.6443949454129095e-06,0.9486927066043879,1.67180555724151e-06,0.05130190910043485,6.809467464827754e-08
S04196008_20210830,Moderate,Moderate,7.977810793584475e-06,1.0846364619199067e-05,1.4871917464834472e-08,0.9480831603885839,0.05189800056408598
S04196008_20220721,Moderate,Moderate,0.00018902934244667002,0.09579986401866394,5.2279318213546e-05,0.8960724909337986,0.007886336386877336
S04196046_20120726,Moderate,Moderate,6.881523048559269e-06,1.6460035043916638e-06,2.0935569837168118e-07,0.964800983599743,0.035190279518005636
S04196095_20140617,Good,Good,4.178334147245177e-06,0.96718275685791,0.00039771436471992843,0.03241303415956408,2.3162836588170937e-06
S04196095_20150623,Good,Moderate,2.5747111484888754e-05,0.21484745390410226,0.0009702880491614858,0.7812114121796312,0.0029450987556201356
S04196095_20160818,Good,Moderate,0.00010074759990967946,0.29981945486218503,0.0010522990002631016,0.6990044330795047,2.306545813752926e-05
S04196095_20170912,Good,Good,4.920249443933825e-06,0.9992129434374816,0.0001393534833525977,0.000641913323406261,8.695063156248301e-07
S04196095_20190912,Good,Good,3.556481490761266e-05,0.9344855335599332,0.046018456084836304,0.019439282446240977,2.116309408187751e-05
S04196095_20200610,Good,Good,9.243399849876816e-07,0.9854321415573827,0.014529682393478204,3.6926378734438896e-05,3.253304196889783e-07
S04196095_20210505,Good,Good,3.4540875662604416e-06,0.9928869070894233,0.007033841280235323,7.02262581033219e-05,5.571284671808691e-06
S04196095_20220601,Good,Good,1.3529146580407868e-05,0.966586552934571,0.002599964573683378,0.03078470108467654,1.5252260488768231e-05
S04196100_20150811,Good,Good,1.3416025363344438e-06,0.9991122903718441,0.0008311359072736155,5.4879907984550436e-05,3.52210361393118e-07
S04196100_20180817,Moderate,Good,2.6331888474257793e-06,0.8071091438613379,8.695382423580464e-07,0.19288623117023931,1.1222413327824347e-06
S04196100_20210831,Good,Moderate,0.00021083941930821116,0.002729821421057647,0.002646837712287016,0.9875579588375321,0.006854542609815151
S04196280_20120802,Good,Good,3.5268721470657504e-06,0.9993758179413265,0.0005771934706525029,4.255776757625761e-05,9.039482976798633e-07
S04196280_20130703,Good,Good,7.702228309652654e-06,0.9862953032467294,0.0038940592242406556,0.009789674217075226,1.3261083644927485e-05
S04196280_20140521,Good,Good,2.8177064676069995e-06,0.9981901668796616,0.0016506565110153406,0.00015527419413113492,1.0847087244547301e-06
S04196280_20200609,Good,High,2.228857366154698e-05,0.10202440692286305,0.8962306831141157,0.001682535338185909,4.008605117376262e-05
S04196280_20210505,High,High,1.1472501790940306e-06,0.3353449275886613,0.6646481592458036,5.736066459152819e-06,2.984889690747431e-08
S04196299_20130723,High,High,5.874022953718908e-10,6.5486567621896474e-06,0.9999934506477098,9.782540175078624e-11,1.0300303916934113e-11
S04196299_20190715,High,High,1.5064614805796144e-10,1.0205683896902355e-06,0.9999989790733522,1.8653916687156488e-10,2.1072776644821264e-11
S04196300_20120808,Good,Good,1.6789665017154915e-05,0.998039016299309,3.0517513758316024e-05,0.001913662164946656,1.4356968782306483e-08
S04196300_20130617,Good,Good,1.209160475436996e-05,0.8126474540246914,1.0753876753705176e-05,0.1873296188039666,8.168983393173021e-08
S04196300_20140604,Good,Moderate,5.239163527800385e-06,0.018324550116405026,4.776917475163393e-07,0.9816692054181063,5.276102132962639e-07
S04196300_20150903,Good,Good,1.9661447365913598e-07,0.9999204456960087,1.3102844416424185e-05,6.625405733814463e-05,7.877629928910214e-10
S04196300_20170707,Good,Good,9.493058698818485e-05,0.8876265596245333,0.00014995980434840038,0.11212637292863761,2.177055492519328e-06
S04196300_20180718,Good,Good,4.5506448817589907e-07,0.9974200848756275,0.002579093476149278,3.617576663540855e-07,4.8260685710686815e-09
S04196300_20190715,Good,Good,4.9356904091546804e-08,0.9999962047451423,3.5589511079960726e-06,1.8672579283355278e-07,2.2105276067347026e-10
S04196300_20200623,Good,Good,2.8718733031501245e-06,0.9957957505729705,0.0031015919583244097,0.0010996150188959503,1.7057650595539754e-07
S04196300_20210830,Good,Good,9.905688383591635e-08,0.9999352975338749,2.5042476766136e-06,6.209117772826864e-05,7.983836444014907e-09
S04196300_20220721,Good,Good,1.1270293510610605e-06,0.9942655419641524,0.005711398886484719,2.1918515268372023e-05,1.360474340317716e-08
S04196380_20160819,High,High,4.857299151548455e-08,0.049167505554783275,0.9508324038861222,4.1636559748816075e-08,3.4954331020870467e-10
S04196380_20170719,Good,Good,4.859596929966992e-06,0.9779063877624691,0.00618859406163819,0.015899870146673784,2.884322888889265e-07
S04196449_20130827,Good,Good,7.917281690940017e-07,0.9847146683981036,1.6123058585262864e-06,0.015282898847802335,2.8720066434295325e-08
S04196449_20150604,Moderate,Good,7.3725486882321156e-06,0.6990372211019489,6.834414490467237e-06,0.3009479117806457,6.601542267072102e-07
S04196449_20160629,Moderate,Moderate,2.5693359074024926e-07,0.005225265663362249,3.025551850666955e-08,0.9947743973979261,4.974960241159896e-08
S04196449_20180803,Good,Good,1.9796821224298828e-05,0.9989864045143404,0.00014803006171812375,0.0008203354079625917,2.543319475464014e-05
S04196449_20190702,Moderate,Moderate,8.600479452934408e-08,4.235491636623505e-06,4.355269594661234e-09,0.9999037236673278,9.195048097149066e-05
S04196449_20200731,Moderate,Moderate,1.7365532145381514e-07,5.8699341330924484e-05,4.6451297193523375e-07,0.9999120319395712,2.8630550804452984e-05
S04196449_20210730,Moderate,Moderate,8.424254073850728e-08,0.0002445180457840096,4.546551092601424e-08,0.9997550090489011,3.4319726320959685e-07
S04196449_20220801,Good,Good,2.2302908433902183e-06,0.9034474271941717,1.820621688092118e-05,0.09653016937422046,1.966923883690501e-06
S04196500_20140904,High,High,4.433354683013525e-08,0.003122085782883715,0.996877865249386,4.245234623312966e-09,3.8894880090826976e-10
S04196500_20170804,High,High,2.8787400628292983e-07,0.020335999467916557,0.9796634347568813,2.582751591461181e-07,1.9626036722730486e-08
S04196550_20170516,Moderate,Moderate,2.6163233852037536e-06,0.07057250647458527,5.223351325739712e-06,0.9294107257796279,8.928071075962029e-06
S04196550_20180523,Good,Good,6.287976510162538e-05,0.760063969660447,0.00011048421077035005,0.23972257425716556,4.0092106515501445e-05
S04196600_20150811,High,Good,6.695158562232393e-06,0.6760991125636454,0.3238371118352758,3.2847777551188074e-05,2.4232664965438342e-05
S04196600_20181002,High,Good,1.585795608056055e-05,0.7610333553930061,0.23860494647897673,0.00023168084422059312,0.00011415932771588938
S04196655_20120604,Good,Good,3.1803709833281837e-06,0.9526678014252506,1.1518072606871845e-05,0.04731726258927345,2.3754188564762975e-07
S04196655_20140611,Good,Good,2.545763822574237e-06,0.9460605404350526,1.501427741643752e-05,0.053921857101936095,4.242177234536063e-08
S04196655_20150709,Good,Good,2.1856703218331513e-06,0.9325073116879306,0.06737998288688014,0.00011038076942518924,1.3898544225243619e-07
S04196655_20190701,High,Good,1.8476760051448922e-06,0.7694841733200817,0.23051337041638262,5.665360000285238e-07,4.2051530460670555e-08
S04196655_20210527,Good,Good,8.528019192293486e-06,0.9973358150273801,0.0020523813731613237,0.0006015562106740413,1.7193695923406424e-06
S04196732_20170719,High,High,3.1687984716348694e-08,0.001980631547309783,0.9980189345204882,1.9784513335225844e-07,2.04399084060461e-07
S04196732_20180718,High,High,5.118148424881643e-09,6.851638992482418e-05,0.9999314067931084,2.8450588191579482e-08,4.3248230141907544e-08
S04196950_20130808,Moderate,Moderate,5.20945330362147e-08,0.0015839462926097937,2.335965520132133e-10,0.9984159035748835,9.78043769601773e-08
S04196950_20140721,Moderate,Moderate,2.2200786599126717e-07,4.5122538483445584e-05,5.4233739976215405e-08,0.9999533001295774,1.3010903330503725e-06
S04196950_20150710,Moderate,Moderate,1.1205045710396356e-07,1.533011974099946e-05,2.493908078235191e-10,0.9999844717008611,8.587954987529035e-08
S04196950_20160629,Good,Good,1.1359004688224042e-07,0.9999227519093732,9.534795628221231e-08,7.692304809518802e-05,1.1610452842641754e-07
S04196950_20170720,Good,Moderate,2.603959006305169e-06,0.0738105823337977,5.822371549733666e-06,0.9261740396021577,6.951733488446882e-06
S04196950_20190718,Moderate,Moderate,2.7504176323083654e-07,8.626649507425349e-05,4.32385017113872e-08,0.9998728863698318,4.052885482901957e-05
S04196950_20201014,Moderate,Moderate,4.681341482936456e-06,0.2445892362075451,3.6841730191265075e-07,0.7553769672963466,2.8746737323246463e-05
S04196950_20210802,Moderate,Moderate,9.441610587758416e-07,0.00021475754197817476,2.4619265175345237e-07,0.9997832482207727,8.038835386309492e-07
S04197510_20120605,Good,Good,1.9990982069864446e-05,0.9206908496602503,9.265116506248268e-06,0.07927685482902222,3.0394121513961126e-06
S04197510_20130725,Poor,Moderate,4.6069292566173263e-07,8.241372024200142e-06,1.4586589460547737e-09,0.9999858471307287,5.449345662523305e-06
S04197510_20140521,Moderate,Good,5.688706599688401e-05,0.5477027178179965,0.41886637588735803,0.02861652725006695,0.004757491978581587
S04197510_20150604,High,Good,5.045746305602023e-06,0.63865150423772,0.36024503848644507,0.0010983838107944332,2.7718735129750244e-08
S04197510_20200702,Good,Good,8.026942250320204e-07,0.9893264238866404,2.784906278925249e-05,0.010644822096174438,1.0226017083357376e-07
S04197510_20210527,Good,Good,2.3869684301817703e-07,0.991212764413811,0.008784224441517531,2.7587385465535574e-06,1.3709281815464012e-08
S04197600_20130726,Good,Good,2.2893935821905865e-06,0.644275536742555,6.016933067278363e-05,0.3556601925849362,1.811948253864339e-06
S04197600_20140624,Moderate,Moderate,7.952077522490927e-06,0.08180917730148993,2.1096989524734993e-07,0.9181823435981578,3.160529346197014e-07
S04197600_20150605,Good,Good,6.076746718691921e-07,0.8302151766603003,9.869966047716932e-07,0.16978321416500206,1.450342081222282e-08
S04197600_20160704,Good,Good,8.177034617957561e-07,0.9913247353334411,2.0556044893326576e-05,0.00865386896799514,2.1950208529858937e-08
S04197600_20170711,Moderate,Moderate,1.2585840707523194e-08,7.747541181710317e-07,1.4088115064286524e-10,0.9481762082547452,0.05182300426441473
S04197600_20180523,Moderate,Good,9.371641108524544e-06,0.9594872822464863,7.379983930362468e-06,0.04049409920485198,1.866923622962773e-06
S04197600_20200609,Moderate,Moderate,1.5672443263630671e-07,0.0007008149255994803,5.588760196772661e-08,0.9992977915653308,1.1808970350957295e-06
S04197600_20210609,Good,Moderate,8.835944438915404e-06,0.30789838400405445,6.83508684639506e-07,0.692067491391644,2.4605151177965707e-05
S04197640_20120605,Good,High,1.0470154170811924e-06,0.03030675338551652,0.9695241388458747,0.0001532581614244379,1.4802591767190466e-05
S04197640_20130704,High,High,4.445512472462451e-06,0.057771499734550896,0.9416061667989999,0.0005012424513946976,0.00011664550258211249
S04197700_20130826,Good,Good,5.7955148468690385e-06,0.6776926238095956,0.0006079520978682318,0.3216926535871904,9.749904988413966e-07
S04197700_20150907,Moderate,Good,1.610589580394882e-05,0.6497338985285633,0.0009061060444940096,0.3492925962278944,5.129330324440595e-05
S04197700_20181003,Moderate,Moderate,1.0104693424369194e-05,0.039734138717001204,6.215828784080894e-05,0.9591662681136529,0.001027330188080789
S04197700_20220801,Moderate,Moderate,4.31390035324346e-06,0.011516125960275665,5.08032162682948e-05,0.9884234563287222,5.300594380683845e-06
S04197818_20130725,Good,Good,1.7548120622895375e-06,0.9998422438799134,6.146515923765637e-06,0.00014942053246102472,4.3425963944678414e-07
S04197818_20140624,High,High,4.9354092532141134e-09,0.0009301250855442493,0.99906983048605,3.728193624639692e-08,2.2110602067086793e-09
S04197818_20150604,High,High,3.783640168428421e-10,2.87824084675279e-05,0.9999712133418597,3.808162673175058e-09,6.314617690591727e-11
S04197818_20170720,Good,Good,7.560758613589971e-07,0.9958187680757145,0.004176146038519555,4.1119179142206054e-06,2.178919903709014e-07
S04197818_20180718,Good,Good,1.3464035831466994e-06,0.9998367037132391,0.0001581533465294569,3.5979592146676697e-06,1.985774336477234e-07
S04197818_20190718,Good,Good,1.1408696326680787e-06,0.9996027432827916,5.458401916736578e-05,0.00031055182257728434,3.098000583101742e-05
S04197818_20200623,Good,Moderate,3.5411239140742166e-06,0.006180903645574868,5.114137487187103e-07,0.9938138524170346,1.1913997277611109e-06
S04197818_20210802,High,Good,6.475213241441621e-06,0.9959820651188013,0.0040077085676853245,3.2859367248184223e-06,4.6516354714273555e-07
S04198010_20120719,Good,Moderate,4.044962111654107e-06,0.09528864225893983,1.513219998091785e-07,0.9047024048680427,4.756588906089773e-06
S04198010_20140626,Moderate,Moderate,1.6833631633628892e-06,0.0059974878518342,5.1037673233847495e-08,0.9940005602531806,2.1749414862133126e-07
S04198010_20170925,Good,Good,6.077369397452294e-07,0.9999500171174127,3.924980153111816e-07,4.896048117466526e-05,2.2166457579693283e-08
S04198010_20200721,Moderate,Moderate,1.2789084412078997e-05,0.3700499174534228,2.1786826752137292e-06,0.6299335604482956,1.554331194268671e-06
S04198010_20210906,Good,Good,9.041033334038751e-07,0.9926805367294795,1.8270387431869976e-06,0.007316535607019916,1.9652142380184264e-07
S04198390_20160801,Moderate,Moderate,0.00044566349015870427,0.0030520676589520907,0.0002103884875061417,0.9741937092012379,0.022098171162145172
S04198390_20170720,High,High,3.54171947044667e-06,0.3053514132543147,0.6904616527862334,0.0041595158177271455,2.3876422254478436e-05
S04198500_20120606,Good,High,9.04847694776258e-07,0.11218338573626335,0.8877421882442782,7.131189867889613e-05,2.2092730846968463e-06
S04198500_20130704,High,Good,5.76280194349588e-07,0.999380793324346,0.0005528081356718231,6.579663374925254e-05,2.5626038485296773e-08
S04198500_20140522,Moderate,Moderate,7.620909051467242e-07,1.3457021611230299e-05,5.084330645948672e-08,0.9999837087786467,2.0212655304123447e-06
S04198600_20190710,Moderate,Good,1.195668637768172e-06,0.9959721240311821,1.5669154596332816e-07,0.0040259986435696015,5.249650646113955e-07
S04199078_20140624,Moderate,Moderate,1.5638630537249224e-06,0.0025274143288389777,3.9216655173731876e-08,0.9947875099169036,0.002683472674548591
S04199078_20160628,Good,Good,8.381742126347242e-06,0.911292019071361,0.0005996250846155278,0.08809988186484925,9.223704789368906e-08
S04199078_20180705,Moderate,Moderate,1.005207973586816e-06,0.0034325304150456953,2.4437528788731342e-05,0.9965386373633068,3.3894848852361054e-06
S04199078_20190805,Moderate,Moderate,1.7731310940126019e-06,8.83101933000517e-05,2.941203758490242e-09,0.9975065200805842,0.002403393653818028
S04199078_20200803,High,High,8.387507076776569e-08,0.028435497913154445,0.9715567563940459,2.7500215336396103e-06,4.911796195264321e-06
S04199078_20210802,Moderate,Moderate,5.913956422527412e-06,0.12453892893821895,3.190653993953389e-06,0.8754344300540131,1.753639735145956e-05
S04199078_20220802,Moderate,Moderate,4.313366280641684e-07,2.313297822385452e-05,2.940944874305583e-08,0.99973279447597,0.00024361179972944737
S04199130_20170720,Poor,Moderate,3.2846278493942646e-07,8.627508580758269e-08,1.978577755373174e-09,0.9996234051253231,0.0003761781582284438
S04199130_20180719,Poor,Poor,0.00021960429662263835,1.4252115495084184e-08,7.646006020100096e-10,0.21816449670188465,0.7816158839847765
S04199200_20130711,Moderate,Moderate,2.0316486471549052e-05,0.0505637058556792,0.0001379934908272501,0.9492715445165698,6.439650452285329e-06
S04199200_20140624,Moderate,Moderate,2.332558551656435e-07,0.0022154960754185737,6.698239537678186e-10,0.9977835829171557,6.87081746666906e-07
S04199200_20150605,Moderate,Moderate,3.5376941187772515e-06,0.02770849791111347,3.4854894345454526e-07,0.9722404817919263,4.713405389797699e-05
S04199200_20160606,Moderate,Moderate,5.9224711133698565e-08,9.016960925527513e-06,5.223497978163658e-08,0.999990805697896,6.588148756540642e-08
S04199200_20170721,Moderate,Good,4.559840647629301e-06,0.9891852339162933,2.1724682241995554e-05,0.010787534289193379,9.472716237165446e-07
S04199200_20180807,Moderate,Moderate,1.7902151900843845e-06,0.0005971831928384262,1.6349594952816727e-05,0.9993839617338013,7.152632174028423e-07
S04199200_20190806,Moderate,Moderate,6.698609521104064e-06,0.04520833445669057,0.00040906622177103315,0.9543365783997892,3.932231222804172e-05
S04199200_20200804,Moderate,Moderate,7.678594967692565e-06,0.003422667354486044,4.12652805604923e-06,0.99625189718337,0.0003136303391201803
S04199200_20210803,Moderate,Moderate,1.2286941565836753e-06,0.004862340971109105,7.802584896199507e-07,0.9951320405587,3.6095175447060033e-06
S04199200_20220802,Moderate,Moderate,1.7343031456951143e-06,0.024394818068787197,1.7665199849179585e-05,0.975570566180997,1.521624722090597e-05
S04199370_20130702,High,High,2.1576342017698957e-11,8.088496233837606e-07,0.9999991911035377,2.4309945804872067e-11,9.525557490103714e-13
S04199370_20140522,High,High,1.7646408350983384e-07,0.0004415532900006284,0.999554016570045,4.3119909159563297e-07,3.82247677932504e-06
S04199370_20150603,High,High,1.4909712393899192e-10,3.3943950492319873e-06,0.9999966053034046,1.415674541098238e-10,1.088168241337801e-11
S04199370_20170517,High,High,8.129409343586497e-09,0.0007379271330359944,0.9992619827192223,2.719769986771505e-08,5.4820632542302654e-08
S04199370_20190523,High,High,1.7117015928719608e-10,6.40247362366489e-07,0.999999358254295,9.356541148696361e-10,3.915183787861922e-10
S04199370_20200610,High,High,2.939661182203912e-08,0.00028135675432048744,0.9997123846478265,1.4819378527147959e-08,6.21438186264528e-06
S04199370_20220505,High,High,5.05270344347792e-09,7.332615414052454e-06,0.9999926611597436,8.742480261554102e-10,2.9789088184919176e-10
S04199401_20120830,Good,Good,2.2976382160990914e-06,0.9920899713054249,1.8044841399857996e-05,0.007889532235629982,1.539793292303638e-07
S04199401_20130814,Moderate,Moderate,2.1593317026459402e-07,0.0009547909343546523,2.6535322422973005e-08,0.9989990070065846,4.595959056798217e-05
S04199401_20140610,Moderate,Moderate,6.2803306181821745e-06,0.04433433747640807,4.1830195363265323e-08,0.9556580391852376,1.3011775406155742e-06
S04199401_20150707,Moderate,Moderate,5.157378850024035e-08,7.604993160121727e-07,8.344815152594007e-10,0.9999984416094364,7.454829775985153e-07
S04199401_20180724,Moderate,Moderate,8.801781504692085e-08,0.00018580230365908596,5.839916974273345e-07,0.9998133436010158,1.820858125543457e-07
S04199401_20190902,Moderate,Moderate,1.0462001077213151e-08,5.189401854444199e-06,9.823530971057988e-10,0.9999942781187079,5.210350835442074e-07
S04199401_20210722,Good,Good,5.603876451960152e-06,0.584791786316405,0.00015396819051435875,0.414891249694298,0.00015739192233062116
S04199414_20220505,Good,Good,3.875115552362549e-06,0.7543669130027127,2.8693257263422714e-05,0.2455973755683993,3.143056072228735e-06
S04199490_20130827,Moderate,Moderate,3.018259911460636e-07,5.390705770626406e-05,2.541048143113489e-07,0.9999437054375806,1.8315739077482184e-06
S04199490_20140623,Moderate,Moderate,1.058625912146835e-07,0.0028888059855933703,4.591180238194013e-09,0.9971098064529157,1.2771077194542777e-06
S04199490_20150611,Good,Moderate,2.8381888866000685e-07,0.11216009861875892,1.768114302200365e-06,0.8878372810235002,5.684245499668242e-07
S04199490_20160628,Good,Good,5.345608891786172e-05,0.9364784155682182,0.0001753297614454421,0.06314480314504718,0.0001479954363714085
S04199490_20170726,Moderate,Moderate,4.5808034899518195e-07,0.00436353465784712,3.443258193461373e-07,0.9956347014276911,9.615082933557351e-07
S04199490_20180705,Moderate,Moderate,6.080002041940278e-07,0.00048581061686556165,2.2396759264975442e-06,0.9995055777172358,5.763989767830016e-06
S04199490_20190709,Moderate,Moderate,2.1321582764796146e-06,0.02693519383232963,4.501791673580912e-05,0.9729976386568107,2.0017435847435056e-05
S04199490_20201012,Moderate,Moderate,4.123382383619522e-08,1.5884661317860834e-05,1.6072628454744922e-08,0.9999810872108357,2.9708213941894435e-06
S04199490_20210721,Moderate,Moderate,3.8610665802904027e-07,6.332580266039748e-05,1.4610852561171365e-08,0.9999351708270701,1.1026527590061822e-06
S04199490_20220829,Moderate,Moderate,4.539083142248627e-06,0.0021009552863472704,2.1646590767156696e-05,0.9832032686667207,0.014669590373022588
S04199600_20160708,Moderate,Moderate,3.927267710507951e-08,7.889853330400868e-07,2.172237274057156e-08,0.999998814947123,3.3507249418744706e-07
S04199600_20170831,Moderate,Good,4.827673876816723e-06,0.7096538702131955,2.7744822747713156e-06,0.29032540491318803,1.3122717464954029e-05
S04199600_20180724,Moderate,Moderate,2.9846809834070456e-06,0.0012359803797003072,4.067742143710601e-07,0.9986759552911354,8.46728739665019e-05
S04199600_20190709,Good,Good,9.553668194059645e-06,0.9765054714748547,0.021632923930332885,0.0018458734489314476,6.177477686922712e-06
S04199600_20201012,Moderate,Moderate,2.5428911741158306e-08,1.3480458438942684e-06,1.0904857558490629e-09,0.9999953207482508,3.304686507794002e-06
S04199600_20210611,Moderate,Moderate,1.3997260690060118e-08,1.047373889781524e-05,1.4807137054105029e-09,0.9999825125481071,6.998235020755443e-06
S04199600_20220704,Moderate,Moderate,1.3059592061587387e-06,0.0020646906529270576,2.831304282446076e-06,0.9979249459676368,6.226115947553138e-06
S04199865_20130611,Good,Good,4.44199507228371e-07,0.8501890554108456,0.1498095636504457,9.202949772314061e-07,1.6444224364868617e-08
S04199865_20140624,Good,High,6.991223871597003e-06,0.23770141066286213,0.7622342350006239,5.725172934358758e-05,1.1138329883201776e-07
S04199865_20150708,Good,Good,8.745295800610086e-07,0.9946439082662439,0.005310590209480303,4.440698890181345e-05,2.200057938108929e-07
S04199865_20160802,Good,Good,1.7303995893694032e-06,0.9916380630925605,0.006286609621106172,0.0020730406250585457,5.56261685342831e-07
S04199865_20170725,Good,Good,1.976778378764175e-05,0.8684204936109315,0.0002133466851498889,0.1313251591278176,2.1232792313143892e-05
S04199865_20180705,High,High,1.557755588527089e-07,0.07676898063167978,0.9232301576298112,5.978410558033557e-07,1.0812189433398151e-07
S04199865_20201013,Good,Good,3.981162499048695e-06,0.9776730614265726,0.022226437325645828,9.4647834574848e-05,1.8722507077621148e-06
S04199865_20210720,Good,Good,1.8374732246297306e-05,0.9875289707732791,1.3202332947876888e-05,0.012438016661614601,1.4354999121303496e-06
S04199865_20220829,Good,Good,6.966544518355513e-06,0.942164035529013,0.007802101592170848,0.05002515369519966,1.742639098083154e-06
S04200499_20121016,Moderate,Moderate,5.7382268844617146e-08,4.1710702476727455e-05,2.1342011295735872e-07,0.9999541191212384,3.8993739030142846e-06
S04200499_20130814,Poor,Moderate,1.4615800584402742e-06,0.0011778977329213929,0.020353725047568084,0.9761854513754528,0.0022814642639993757
S04200499_20140610,Moderate,Moderate,3.126705426258173e-09,3.565979916244971e-07,3.7877346741161915e-11,0.9999996115818924,2.865553327278343e-08
S04200499_20160708,Moderate,Moderate,2.842649193182252e-08,4.041419002479503e-06,6.878540575151055e-10,0.9999956867545742,2.4271207733536787e-07
S04200499_20170909,Moderate,Moderate,0.00010316312831935364,0.32068467660380046,0.10558275648635113,0.5698169094888559,0.0038124942926732745
S04200499_20180829,Moderate,Moderate,4.7035615005019343e-08,5.261079132298916e-07,8.279304639765726e-09,0.9997212616035734,0.0002781569735935854
S04200499_20190829,Moderate,Moderate,1.236155258710821e-07,3.5830859699939333e-06,2.174139153315451e-08,0.9999877665037935,8.50505331912556e-06
S04200499_20200821,Moderate,Moderate,6.529098477075315e-08,6.345758293175514e-06,5.403288613509463e-08,0.9999893140329622,4.220884873707915e-06
S04200499_20220830,Moderate,Moderate,2.7482753619302077e-05,0.002277330244601552,0.0072305235314358215,0.9813753769364307,0.009089286533912666
S04200595_20130712,Good,Good,1.4177219062655574e-06,0.7698677512244776,9.72022244086982e-08,0.23012975461266844,9.79238723323989e-07
S04200595_20140818,Moderate,Moderate,5.575450920240994e-06,0.4821623897360992,7.109435423572603e-08,0.5178306075449942,1.3561736321555651e-06
S04200595_20150717,Moderate,Good,1.4657242110014074e-06,0.8650599903448142,8.844477071588688e-08,0.13493826705934192,1.8842686224852047e-07
S04200595_20161005,Moderate,Moderate,2.7569245178160343e-08,9.289441569014232e-06,3.36541582114961e-10,0.9999690835554571,2.15990971872387e-05
S04200595_20170901,Moderate,Moderate,8.171258661128333e-08,2.2190965654431457e-05,9.833475848244895e-10,0.9999775665924001,1.5974601128163832e-07
S04200595_20180704,Moderate,Moderate,6.949110954067674e-06,0.45684028194279563,1.0257019253468952e-06,0.543150052734091,1.6905102340393434e-06
S04200595_20200608,Moderate,Moderate,1.8919342419762445e-07,0.0004961414065030438,4.388433257044134e-09,0.9994898994495808,1.3765562058674542e-05
S04200595_20210705,Good,Moderate,3.778714885758945e-07,0.02196124022781053,2.2061679784330574e-09,0.9780380015985392,3.780959936935593e-07
S04200595_20220616,Good,Good,1.067366640572165e-06,0.9447613471951589,2.7457031188882446e-07,0.05523622891015789,1.081957730767451e-06
S04201000_20120925,Moderate,Moderate,1.959349827805295e-07,7.223992714818442e-07,1.0854973388612514e-09,0.9999730918182042,2.5988762044351716e-05
S04201000_20130722,Moderate,Moderate,2.611942234030298e-07,6.32073767078758e-05,2.066410332643142e-08,0.9996913859051417,0.0002451248598236421
S04201000_20140623,Moderate,Moderate,1.0073095211430853e-05,0.0003583143538408651,2.0297220857062757e-08,0.9967559297943409,0.0028756624593859717
S04201000_20150708,Poor,Moderate,6.190341204771286e-05,7.865553923854583e-07,2.562251185523088e-07,0.5046638216671973,0.49527323214024405
S04201000_20160706,Poor,Poor,0.25042754323017163,0.002816622860871908,1.324337312830508e-06,0.0999223389969375,0.6468321705747061
S04201000_20180717,Good,Good,2.6876115465688526e-06,0.852133772043325,3.421422682657546e-06,0.14785914886025572,9.700621902273414e-07
S04201000_20190709,Good,Good,2.963091679409455e-06,0.7932566620076769,3.6346022501815093e-07,0.2067362639304789,3.7475099396767313e-06
S04201000_20200826,Moderate,Moderate,2.0306405900862182e-07,2.5937535070225014e-07,2.143957846067346e-09,0.988249728922179,0.01174980649445343
S04201000_20210909,Moderate,Moderate,1.3880501148922092e-07,0.01830740651988772,4.198559910096365e-09,0.9816889999486692,3.450527871657976e-06
S04201000_20220707,Good,Good,1.3602855633214045e-07,0.9998127393867016,8.944427230459733e-09,0.00018711251445261895,3.125862381770174e-09
S04201051_20120925,Good,Good,4.9003372774748795e-08,0.9999996371940851,5.95375161286963e-09,3.0364801398567036e-07,4.200776491135189e-09
S04201051_20130722,Good,Good,2.1438294654181413e-08,0.9999995082705577,1.979238819006843e-09,4.680920627587187e-07,2.198460488358676e-10
S04201051_20140623,Moderate,Good,1.431876289819331e-06,0.5547592271201018,5.417510921089893e-08,0.4452392700871265,1.6741372589008037e-08
S04201051_20150708,Good,Good,2.8528476202441735e-07,0.9997615241509468,2.353985248048335e-07,0.00023783436213422853,1.208036322927732e-07
S04201051_20160706,Good,Good,1.966012116536277e-06,0.9993989398195007,3.2810823064168505e-06,0.0005952523435135946,5.6074256281201e-07
S04201051_20170703,Good,Good,2.8216099928080134e-09,0.9999999275027281,7.3538994736325636e-09,6.220237675964595e-08,1.1938563051599006e-10
S04201051_20180719,Good,Good,2.8498762441726243e-07,0.9966984169821611,1.5009596198334125e-08,0.003300849177549039,4.338430692271964e-07
S04201051_20190711,Good,Good,2.618028587828782e-07,0.9999003214067306,8.645205956308929e-07,9.841536371385923e-05,1.369061010763003e-07
S04201051_20200827,Good,Good,1.835657698007306e-08,0.9999992425873822,3.904913419291512e-07,3.469600436109217e-07,1.6046554330902513e-09
S04201170_20121029,Moderate,Moderate,1.9088128359319966e-06,0.0028323228802355892,2.442032886947177e-07,0.9971654343660337,8.973760611531307e-08
S04201170_20130826,Good,Good,4.358255756750878e-06,0.8123824639476899,8.381933581990951e-06,0.18760443969063645,3.561723349883806e-07
S04201170_20140623,Good,Good,1.1572948782235096e-05,0.7921749713739534,3.4581774971759233e-07,0.20781116483566242,1.945023852072385e-06
S04201170_20160706,Good,Good,3.92403457919456e-06,0.9676268101987843,4.829344343677769e-07,0.03236832078239244,4.6204980974142677e-07
S04201170_20190708,Good,Good,5.18931381380726e-06,0.9958965677462237,8.340772047929244e-07,0.004096850973936789,5.578888209844263e-07
S04201170_20200826,Good,Good,7.998662035263225e-06,0.6333576133385688,2.115771499126096e-05,0.3665969183482842,1.631193612049436e-05
S04201170_20210824,Good,Good,2.0928924995023794e-06,0.997956453043948,7.352283996288625e-06,0.002014329702448181,1.977207710811326e-05
S04201185_20130620,Good,Moderate,5.105831727283185e-05,0.3851292428541539,5.480618465512511e-05,0.6145572637768046,0.00020762886711351596
S04201185_20150527,Good,Good,1.126901809536477e-06,0.6452111724649633,1.9725452198093913e-07,0.35478734947290713,1.5390579820817022e-07
S04201185_20160620,Good,Good,8.874999096153373e-07,0.994206793998553,5.466650151381296e-06,0.005786461099925689,3.907514604264144e-07
S04201185_20171011,Good,Good,7.071650246580554e-07,0.9996360806425663,7.199295029497506e-08,0.0003628815532103505,2.5864624846671965e-07
S04201185_20180703,Good,Moderate,3.105028031577352e-05,0.24521703430676503,6.193880422341212e-05,0.754679381068428,1.0595540267702439e-05
S04201185_20190821,Moderate,Moderate,2.131218457802616e-06,0.013994720601491838,2.5186896250427765e-08,0.9859993591287115,3.763864442511592e-06
S04201185_20200609,Good,Good,1.7357913508408665e-06,0.9828336389019955,2.2556647485413086e-06,0.017157710508390555,4.659133514463523e-06
S04201185_20210518,Good,Moderate,2.0819325286724533e-05,0.08457600425894392,3.6844180253745574e-06,0.9153568392159401,4.2652781803837635e-05
S04201185_20220503,Moderate,Good,3.7332812480765087e-06,0.8657529844935664,9.57554212523921e-07,0.13415410702152017,8.821764945299849e-05
S04201350_20121009,Moderate,Moderate,3.404585564961774e-08,3.67200958879444e-07,2.1396249023286952e-10,0.9999995648717491,3.366747380601091e-08
S04201350_20130722,Moderate,Moderate,8.000367713405426e-06,0.0016257768090971333,2.762694212653858e-07,0.9983656141310983,3.324226700020908e-07
S04201350_20140623,Moderate,Moderate,5.654320057464053e-07,0.004150499444620192,1.8833258125643048e-08,0.9958484066084807,5.096816352486055e-07
S04201350_20150708,Moderate,Moderate,5.997875449386119e-06,0.0005226534927424557,1.0258487894920353e-06,0.9992384178931875,0.0002319048898311267
S04201350_20160706,Moderate,Moderate,5.726006818442929e-07,1.4144001103543401e-05,9.026752132509758e-08,0.9999773248958773,7.86823481602842e-06
S04201350_20170706,Moderate,Moderate,1.5388386321595289e-07,2.450132876717235e-05,6.413711380113698e-08,0.9999583727726397,1.6907877616099147e-05
S04201350_20180920,Moderate,Moderate,8.199736197868866e-07,0.0001083736817921158,2.2162828757943985e-07,0.9978500916734361,0.0020404930428645465
S04201350_20190905,Moderate,Moderate,5.700806055473453e-07,5.703252681507793e-06,3.0918189677773458e-09,0.999861774185404,0.00013194938948999472
S04201350_20200826,Moderate,Moderate,7.356804530644262e-07,1.3440937211887004e-05,1.1554116986427511e-08,0.992571405007186,0.007414406821032159
S04201350_20210805,Moderate,Moderate,2.8063897662446027e-07,3.023849609435447e-07,4.223500369618163e-09,0.9990386676759201,0.0009607450766421103
S04201550_20121029,Moderate,Moderate,3.2628765887300363e-07,0.002286015608567666,2.0047070270516975e-09,0.9977128117692616,8.443298048817183e-07
S04201550_20130722,Moderate,Moderate,3.102024776769278e-08,1.61415258861973e-07,1.589984410208045e-10,0.9999979372625748,1.870142920165632e-06
S04201550_20140623,Moderate,Moderate,3.729023276188546e-06,0.0004643161894380767,2.363321340750972e-08,0.999531729448311,2.0170576123316837e-07
S04201550_20160706,Moderate,Moderate,5.52067037122013e-07,0.0007710123257040775,3.063721499460394e-08,0.9992283774027488,2.7567295108984423e-08
S04201550_20170705,Moderate,Moderate,1.849629248966497e-07,6.494694827685611e-06,2.2989176639650395e-09,0.9999930204109215,2.9763240826097477e-07
S04201550_20180717,Moderate,Moderate,1.622095636762376e-07,0.0002814273788309037,2.3061702489622964e-08,0.9997183729028724,1.444703061886453e-08
S04201550_20190709,Moderate,Moderate,7.268018720391118e-07,0.001821397751312413,3.6568214661037875e-07,0.9981771580819008,3.516827681604501e-07
S04201550_20200826,Moderate,Moderate,3.479434949080982e-08,2.1465910203318907e-06,2.1791219910328923e-10,0.9999975678752002,2.5052151782304264e-07
S04201550_20210805,Moderate,Moderate,4.484789436694139e-08,1.9140452410437614e-06,1.4068721057249945e-09,0.9999974925468823,5.471531100673539e-07
S04201990_20120925,Moderate,Moderate,1.1680359234639138e-07,0.00044077103287184187,3.080926794764554e-09,0.9995590790940568,2.9988552266644934e-08
S04201990_20130812,Moderate,Moderate,5.7901503234921105e-09,1.2743111565471896e-05,2.0648723059176056e-10,0.9999872045476096,4.63441873610159e-08
S04201990_20140623,Moderate,Moderate,2.3284326616467224e-08,3.5180316530510617e-06,7.390396692199817e-11,0.9999946477244311,1.81088568515058e-06
S04201990_20180720,Moderate,Moderate,5.197387075865119e-07,0.00031271778960872916,9.578608545132278e-08,0.999679416765735,7.249919863222382e-06
S04201990_20190708,Moderate,Moderate,1.2604962776316084e-08,2.2522497887679638e-05,5.413359681262333e-10,0.99997745732676,7.029053593663168e-09
S04201990_20210607,Good,Good,3.2912542288585226e-07,0.9923420571673744,3.477070573060973e-07,0.007657241953704369,2.404644116930949e-08
S04201990_20220707,Moderate,Moderate,8.281138043033688e-09,0.0002536880073752336,5.143412331834992e-10,0.9997462992974854,3.8996602083942274e-09
S04204000_20121030,Moderate,Moderate,4.193133250050502e-07,6.468142960007011e-06,2.121078493174901e-07,0.9998459104070302,0.00014699002883548755
S04204000_20140611,Moderate,Moderate,3.83972388585823e-09,3.789822846875594e-09,3.0024887745494775e-10,0.9999966546286556,3.3374415487780798e-06
S04204000_20150708,Moderate,Moderate,5.183696707164495e-08,8.960475719381479e-07,9.441751936629054e-09,0.9999899295375032,9.113136205845531e-06
S04204000_20160705,Moderate,Moderate,1.7819280528160776e-08,9.962429267102152e-06,2.1140246926359867e-10,0.9999899539133661,6.562668378544228e-08
S04204000_20200804,Moderate,Moderate,1.6381557369646474e-08,2.4006659243649135e-08,1.3224858672147446e-10,0.9999756343267227,2.4325152812173168e-05
S04204000_20210624,Moderate,Moderate,1.833730653626171e-07,8.896369074126789e-07,1.0099478979556694e-09,0.9959666775514612,0.0040322484286182455
S04204300_20130626,Moderate,Moderate,6.045567200589546e-07,0.00043744043591690694,4.150419430457925e-09,0.9995617059867722,2.4487017135658666e-07
S04204300_20140612,Moderate,Moderate,1.4635719551874107e-07,2.796779493432137e-07,3.032330017559223e-09,0.9999989223528356,6.485796894602668e-07
S04204300_20150717,Moderate,Moderate,3.77160509965558e-08,1.0084053488493673e-08,1.9557720692669555e-09,0.9999029784174646,9.697182665890522e-05
S04204300_20160721,Poor,Poor,1.3683156724101348e-06,1.2998967927669884e-06,8.50242598413902e-09,0.4873380096192292,0.5126593136658796
S04204300_20170829,Poor,Moderate,7.729696960796082e-07,1.8855971364166138e-06,4.148794026734727e-09,0.9325751617108969,0.06742217557347642
S04204300_20180726,Poor,Poor,5.978842245127895e-09,1.1139000544367895e-11,1.521096666678638e-11,0.0004098242163851142,0.9995901697784226
S04204300_20190710,Bad,Poor,1.1510376392933833e-06,1.1040693383034775e-11,1.2204964836111731e-10,0.0005754785680309621,0.9994233702612395
S04204300_20200804,Poor,Poor,1.7253714476347563e-09,4.2173289200782603e-13,1.5517735790183463e-12,0.0003791630574101574,0.9996208352152449
S04204300_20210624,Moderate,Moderate,6.685405854911301e-06,1.712882869585199e-05,4.745402762203699e-08,0.9989736520453001,0.0010024862661215444
S04204300_20220817,Poor,Moderate,5.395580891969267e-07,1.312315399293107e-06,8.12791592288591e-08,0.5487546887541432,0.451243378093209
S04205500_20130625,Good,Moderate,9.54658037798355e-07,0.011101184505439425,2.7400624299228125e-06,0.9888912915491918,3.829224901136874e-06
S04205500_20150716,Moderate,Moderate,4.9747717410457173e-08,0.00034576717419208564,5.850997973607826e-10,0.9996500486514097,4.133841581045798e-06
S04205500_20160720,Good,Good,3.2828357264688246e-06,0.8535876255560341,3.234783234348956e-06,0.14640101820481605,4.838620188951048e-06
S04205500_20180515,Moderate,Moderate,6.430953842384095e-07,0.010284614422012402,8.102330692243601e-07,0.9896945082883871,1.9423961147004932e-05
S04205500_20190515,Moderate,Moderate,1.4310796447915495e-06,0.00024359405447675698,2.9723938941479773e-08,0.9991189336543832,0.0006360114875563642
S04205500_20200609,Moderate,Moderate,1.8204768159687915e-07,0.0006769818025659333,4.137328615669907e-09,0.9991875720400024,0.00013525997242146053
S04205500_20210518,Moderate,Moderate,2.9646735155303275e-08,6.573038588320001e-05,1.5371586985771829e-09,0.9999294335716982,4.804858524722986e-06
S04205550_20220818,Good,Good,8.825298688136357e-06,0.9259909990429581,0.00010444153569813071,0.07389439242865281,1.3416940027785076e-06
S04205605_20140602,Moderate,Moderate,1.2759231440343702e-07,1.4585708308684497e-08,1.0266088299739062e-09,0.871936715437792,0.12806314135757638
S04205605_20150716,Moderate,Moderate,3.9100397863755406e-08,1.4781915440329398e-08,5.039116001477862e-10,0.9725731544406331,0.027426791173142045
S04205605_20160721,Poor,Moderate,4.238231226362488e-06,0.0006700110694596375,1.3660713080584102e-07,0.9683816205193708,0.030943993572812405
S04205605_20180828,Moderate,Moderate,6.359541237779909e-07,5.967617996121919e-07,1.3089496763828113e-08,0.9818458112664087,0.01815294292817124
S04205605_20190709,Moderate,Moderate,2.4443784998646824e-06,2.2649277826052958e-05,4.180011459607046e-08,0.5513773693245867,0.4485974952189727
S04205605_20200805,Moderate,Moderate,4.864095108703128e-08,2.926352028614213e-07,6.278395279985764e-10,0.998425654162369,0.0015740039336376089
S04205605_20210624,Moderate,Moderate,1.0226187193873783e-07,7.389458835808196e-08,5.071772236757979e-09,0.9978370575217339,0.0021627612500335473
S04205605_20220817,Moderate,Moderate,4.534499657921595e-08,1.2028540299083219e-06,1.1574286256090266e-09,0.9999677266505482,3.102399299669198e-05
S04205620_20121030,Moderate,Moderate,2.3055591623157683e-08,9.532435908735142e-07,5.034585869796271e-09,0.999998933300098,8.536613360204319e-08
S04205620_20130826,Moderate,Moderate,2.1123084747048932e-07,0.005021695883946006,6.344497264400333e-08,0.9949725790982403,5.450341993487701e-06
S04205620_20150709,Moderate,Moderate,1.414000238441841e-07,0.00040253024916126476,1.6814163995414558e-09,0.9995951529362365,2.173733161977407e-06
S04205990_20120703,Moderate,Moderate,0.0006188601582016367,0.37151759278677904,6.02582612575974e-06,0.6278442490869843,1.3272141909390773e-05
S04205990_20130702,Good,Good,3.5154434143198374e-07,0.9991958505747054,4.0114689958035995e-08,0.0008036000824341915,1.5768382915019169e-07
S04205990_20140611,Good,Good,4.501616686157157e-07,0.9993690830875941,9.189169573577585e-10,0.0006304578455112188,7.986309141648452e-09
S04206000_20120925,Good,Good,0.005802971986347389,0.6596868958171773,0.32158506920165364,0.01268441671376554,0.00024064628105618862
S04206000_20130916,Moderate,Moderate,5.00425621607155e-07,0.00013491925845513238,1.1068110655581724e-08,0.9998644595262538,1.0972155880810076e-07
S04206000_20140611,Good,Moderate,1.516665208126857e-07,0.0005039352943331684,1.970806398381736e-09,0.9994958901398869,2.0928452659797273e-08
S04206000_20150709,Moderate,Moderate,1.9012693920322164e-07,1.0484064317468963e-05,7.063025130619466e-10,0.9999881803018456,1.1448005951216358e-06
S04206000_20160705,Moderate,Moderate,6.723583132560888e-08,1.1668904241754904e-05,4.652092069330505e-10,0.9999882005158078,6.287890988252795e-08
S04206000_20180829,Moderate,Moderate,5.530394426577311e-06,0.0004780760416243756,5.47369231226125e-06,0.9994424738990954,6.844597254147181e-05
S04206000_20190828,Moderate,Moderate,1.4501751902664272e-07,3.1305557691834132e-06,9.079641970497755e-07,0.9997946510652438,0.00020116539727108788
S04206000_20200805,Moderate,Moderate,7.050621745774546e-08,5.770814501960268e-06,3.034125411780938e-10,0.9999913169994598,2.8413764083132417e-06
S04206000_20220829,Moderate,Moderate,1.3927665172247987e-06,8.578562538046088e-05,6.410400049111228e-07,0.9990381265752253,0.0008740539928720472
S04206300_20121030,Moderate,Moderate,7.858585223457261e-08,4.683530912100682e-05,5.493714685154821e-09,0.9999529839487666,9.666254548191235e-08
S04206300_20150709,Moderate,Moderate,1.0130775577602319e-07,0.00011607120732584233,8.05716250122116e-10,0.9998821648067884,1.6618724138600325e-06
S04206400_20120703,Good,Good,1.4089944655253928e-05,0.9850117225195832,0.014824506474463643,0.000147437424172339,2.2436371255343227e-06
S04206400_20130702,Good,Good,4.540614412806777e-07,0.9995504060664409,7.211324967220676e-08,0.0004490115801401424,5.617872798515381e-08
S04206400_20140611,Good,Good,9.938306433328253e-07,0.9982923120305267,2.468543187700944e-07,0.0017061372767696154,3.1000774159515094e-07
S04206950_20120703,Poor,Moderate,1.534948437525252e-07,1.2545637115953829e-09,9.024895008554714e-11,0.9753479231717356,0.02465192198860807
S04207000_20120630,Moderate,Moderate,9.562596753581138e-08,0.0001095938451404867,9.51359596355892e-09,0.9998890837570619,1.2172582341821096e-06
S04207000_20140611,Moderate,Moderate,1.474517827233052e-08,1.8635684445239137e-06,6.289462335469899e-10,0.9999981176041873,3.4532436965532744e-09
S04207000_20150708,Moderate,Moderate,7.111914138557579e-08,2.25821901240135e-06,4.5570770032725956e-08,0.9999975807648323,4.432624391609454e-08
S04207000_20160705,Moderate,Moderate,6.767975257421635e-08,2.1888649890808322e-06,6.667175324784901e-09,0.9999976558564804,8.093160271836078e-08
S04207000_20170905,Moderate,Moderate,4.79084269218357e-07,0.00023785747934721333,1.2004410559758102e-05,0.9832128486982444,0.016536810327579386
S04207000_20180928,Moderate,Moderate,1.7666652704200337e-07,5.54384295524584e-05,1.200117533316066e-06,0.9996542068834039,0.00028897790298329143
S04207000_20190909,Moderate,Moderate,3.911196718961795e-07,0.00041328929115525453,6.863681664726222e-07,0.9995148389749366,7.079424606969102e-05
S04207000_20200820,Moderate,Moderate,5.012978907888089e-07,0.00018863894020717726,6.15690089253336e-08,0.9997882991924177,2.249900047532607e-05
S04207000_20210907,Moderate,Moderate,6.791378412287728e-07,0.00045729750920498895,1.8170554321373627e-05,0.9994690325600872,5.482023854523572e-05
S04207000_20220830,Moderate,Moderate,2.50930282497125e-07,5.0777006291804756e-05,6.007644779658407e-08,0.9999320542914087,1.6857695569181864e-05
S04207400_20130620,Moderate,Moderate,1.684155986395679e-05,0.03917364286384962,1.8562789746981874e-05,0.9607873357302441,3.6170562954080954e-06
S04207400_20140612,Good,Good,2.3127260862439293e-06,0.9992219598028245,1.2506128262539677e-06,0.000774251227266693,2.2563099634582069e-07
S04207400_20150717,Moderate,Moderate,1.948314707261429e-05,3.0244677447709753e-05,2.94913781680808e-07,0.9994237330808723,0.0005262441808257131
S04207400_20160721,Moderate,Moderate,1.2832710911998044e-06,0.0007651483656966713,1.5854789172182062e-07,0.9992311049358551,2.3048794652463325e-06
S04207400_20170926,Moderate,Moderate,2.8803135838634774e-07,0.00020761646104061252,1.3071921181999033e-07,0.99979130155656,6.632318291981258e-07
S04207400_20180828,Moderate,Moderate,6.486413444767249e-05,0.00022454633080030775,4.340380150483507e-07,0.999705213146369,4.942350367921083e-06
S04207400_20190710,Moderate,Moderate,0.0016960047746109792,0.46488415969402974,6.659869852766691e-07,0.5330535288188355,0.0003656407255385545
S04207400_20200805,Moderate,Moderate,8.477957378082006e-06,0.10575529971102285,3.9305328377657374e-08,0.8942045642747612,3.1618751509449175e-05
S04207400_20210716,Moderate,Moderate,2.547230064075631e-06,0.025041583910197035,2.1079725684963737e-07,0.9749554400388828,2.1802359928604657e-07
S04207400_20220718,Moderate,Good,3.2179629624906896e-06,0.9903399756528842,3.237960498017591e-07,0.00965525788347408,1.2247046294109525e-06
S04208010_20120630,Moderate,Moderate,2.437515989063206e-05,0.00042733299170510377,3.3323916190563342e-09,0.9995320301690084,1.625834700427058e-05
S04208010_20130812,Moderate,Moderate,0.000189326244288518,0.00600440245444634,4.008773921181692e-05,0.8917946136019251,0.1019715699601283
S04208010_20140611,Moderate,Moderate,7.261143229933065e-05,0.05450013164948822,2.678847969686252e-07,0.9454211183004083,5.870733007074554e-06
S04208100_20120627,Good,Good,5.897307021124557e-06,0.7112293509433841,0.2886637502569361,6.327721373136137e-05,3.772427892720882e-05
S04208100_20130723,Moderate,Moderate,0.0001574891705809725,0.26129023660849443,1.9078866049969816e-05,0.7376113743832359,0.0009218209716388248
S04208100_20140611,Moderate,Moderate,6.710577513928194e-07,5.2544402582118294e-05,9.370739240309074e-08,0.9988464065773619,0.001100284254912093
S04208100_20150709,Good,High,7.515043519826787e-08,0.0028527907234115225,0.9970872024912177,4.4978251301231996e-05,1.495338363434156e-05
S04208350_20120731,Moderate,Moderate,4.893557795530789e-06,7.851371299700772e-05,5.285184602182096e-09,0.9999139039460124,2.683498010486348e-06
S04208350_20150709,Moderate,Moderate,1.543376745527872e-08,6.103786374728173e-08,4.190306718663561e-10,0.9999991164289574,8.066803806930355e-07
S04208350_20160705,Moderate,Moderate,2.37193742093704e-08,2.6467603708026885e-06,9.144627528623159e-11,0.9999973213068376,8.12197108008773e-09
S04208350_20170828,Moderate,Moderate,8.725392746056363e-07,0.0028840362083179046,9.037367796011315e-08,0.9971137163359928,1.2845427367448818e-06
S04208350_20180705,Moderate,Moderate,7.193524464591654e-06,0.14168719525966345,9.822947735366842e-07,0.8582652956920976,3.933322900084644e-05
S04208350_20190705,Moderate,Moderate,1.074570035399448e-06,4.272559143892996e-06,2.6524879850733203e-10,0.9999911755437465,3.4770618254038116e-06
S04208350_20200805,Moderate,Moderate,2.9694656093687966e-06,0.004558666367561996,4.7404247837635004e-07,0.9924410579686294,0.002996832155720909
S04208350_20210823,Moderate,Moderate,1.9767731757885976e-07,8.021804339532357e-06,2.9330618780030186e-08,0.9999911557774432,5.954102808041259e-07
S04208350_20220602,Moderate,Moderate,5.0246567102855715e-06,0.020019388608353426,3.2567271107705566e-07,0.9799735391539236,1.7219083016278722e-06
S04208395_20120731,Moderate,Moderate,9.066649870815938e-06,0.42814771070595,1.6035834708735486e-06,0.5717621583820883,7.946067861994416e-05
S04208395_20130723,Moderate,Moderate,2.9342590695939625e-08,9.97849597133018e-07,5.872653668774483e-10,0.9999984908853438,4.813352029916894e-07
S04208395_20140610,Poor,Moderate,3.619691662327229e-08,1.0676540477899068e-08,3.9345933912829113e-10,0.973493677245147,0.026506275487936586
S04208395_20160705,Moderate,Moderate,2.4001739289179124e-06,0.008343695261034335,2.5281857452658394e-07,0.9916248358017383,2.8815944723823135e-05
S04208395_20180705,Moderate,Moderate,2.979770931639711e-05,0.13660006571973196,8.319734314197718e-07,0.8633330367631954,3.6267834324689547e-05
S04208395_20190701,Good,Good,6.403648389301403e-05,0.8420233067912789,0.00022959434152115398,0.15767953663625342,3.525747053528959e-06
S04208395_20200805,Moderate,Moderate,7.828231898520022e-06,0.01409367907813842,1.0173316484710482e-06,0.9857992339968025,9.824136151223753e-05
S04208395_20210610,Good,Moderate,3.8682389869412314e-05,0.009691552550920043,2.2280761187921248e-06,0.9902635477685114,3.989214580332076e-06
S04208395_20220613,Good,Moderate,1.0599649159160262e-05,0.05939344315901705,8.629590786317152e-06,0.9405866748093406,6.527916970295452e-07
S04208590_20120629,Moderate,Moderate,1.6171328688714837e-07,1.6846915043983733e-07,6.119762908069572e-09,0.9503563296380789,0.049643334059720844
S04208590_20130723,Moderate,Moderate,1.6695833767503294e-06,2.398737455478709e-05,1.8708054988758295e-06,0.9769755469843592,0.022996925252210428
S04208590_20150617,Moderate,Moderate,1.1090727004179546e-08,4.807715192535573e-07,1.1805347294280525e-10,0.9999975313912155,1.9766284848707798e-06
S04208590_20160705,Moderate,Moderate,3.964973045017188e-09,5.907315660974096e-06,5.5267258176895185e-11,0.9999940608993506,2.7764748034141453e-08
S04208590_20170614,Moderate,Moderate,3.433743972179271e-08,4.592121277936097e-07,1.974879890348337e-09,0.9999907117435078,8.792732044829052e-06
S04208590_20180627,Moderate,Moderate,3.6841703714320673e-06,0.005632600900547545,5.979453877587334e-06,0.9943014649278333,5.627054737010074e-05
S04208590_20190705,Moderate,Moderate,5.735211435655154e-08,1.2516648303944806e-05,3.8227055707348105e-08,0.9997939654147383,0.0001934223577876218
S04208590_20200610,Poor,Poor,1.0068944002921817e-07,5.332197644203723e-07,1.1366097535809278e-08,0.28562960108727264,0.7143697536374254
S04208590_20210527,Moderate,Moderate,2.7860797329374994e-08,8.195392405150664e-07,3.394660632496567e-10,0.9999747737494923,2.4378511003814715e-05
S04208630_20120730,Good,Good,1.1430676916509325e-06,0.9874850474949257,0.012408880345092686,0.00010424462178341318,6.844705066543567e-07
S04208630_20130814,Good,Good,3.893934364027868e-07,0.9998934466561685,6.198644120246356e-06,9.982336887119763e-05,1.419374037233528e-07
S04208630_20140610,Moderate,Moderate,1.1659096149372538e-08,0.00022822391105743183,8.51432985552243e-10,0.99977166845238,9.512603350415465e-08
S04208630_20150617,Moderate,Moderate,2.70306414029743e-06,0.06280427527699246,4.488768460031785e-07,0.9371908408134961,1.7319685251336253e-06
S04208727_20180829,Moderate,Moderate,2.0114542917119753e-06,0.01164221306454029,1.7268782909476116e-07,0.9883253930488942,3.0209744444736584e-05
S04208727_20190711,Moderate,Moderate,1.0120024002195374e-06,0.03730436181742986,5.995700178826799e-08,0.9626903108046575,4.255418510721585e-06
S04208735_20120731,Moderate,Moderate,4.053053840964972e-05,0.2036195031791839,3.9913499981885187e-07,0.7963390875762485,4.79571158130538e-07
S04208735_20130814,Moderate,Moderate,5.822679595093097e-08,7.088751517037345e-06,6.341613358703208e-10,0.9999928309180385,2.1469487088706533e-08
S04208735_20140610,Moderate,Moderate,3.749616868639578e-07,8.208009401069993e-06,5.1812321708990695e-09,0.9999913089869996,1.0286068033986198e-07
S04208735_20150709,Moderate,Moderate,2.9449467896813124e-06,6.26756147293568e-08,7.590918077576706e-08,0.9999932709467788,3.6455216360519653e-06
S04208735_20160705,Moderate,Moderate,2.3679616289835704e-05,0.1886153725293042,1.4592453549783988e-06,0.8113502046438039,9.283965247024463e-06
S04208735_20170828,Good,Good,1.2490542138883473e-06,0.9970861782955553,6.642610302524325e-07,0.002911693553013337,2.1483618720412615e-07
S04208735_20180705,Good,Moderate,5.7258446512463464e-05,0.09153569501383853,4.164563172938939e-05,0.9083574369387107,7.96396920890434e-06
S04208735_20190718,Moderate,Moderate,1.4051217846260314e-05,0.024594538030840465,3.05998487736274e-06,0.9751907440366588,0.00019760672977709527
S04208735_20200806,Moderate,Moderate,5.259404878963897e-07,1.8881767113712372e-08,4.072797944356756e-10,0.9909810546986618,0.00901840007180338
S04208735_20210823,Moderate,Moderate,2.343384604480956e-06,0.0011190656853894614,2.2293486076649976e-08,0.9988755531432122,3.0154933077840854e-06
S04208735_20220602,Moderate,Moderate,2.517879596552963e-07,1.764831338331351e-05,7.352800903797684e-09,0.9999815754828378,5.170630183235482e-07
S04209000_20130827,Moderate,Moderate,3.1461843345578815e-08,5.477759400110784e-08,1.1414841260576556e-10,0.9999714311215647,2.848252484945483e-05
S04209000_20140612,Moderate,Moderate,3.722087457446843e-07,7.5223192283725e-08,1.164893786768058e-09,0.9999990511012277,5.003019405446734e-07
S04209000_20150623,Moderate,Moderate,8.633233720274227e-07,8.411034589532112e-08,1.0499841630374913e-08,0.9882791122501933,0.011719929816247051
S04209000_20160705,Moderate,Moderate,4.3005724349326905e-06,7.872060785907462e-05,4.0096243812817354e-08,0.9997669755707377,0.00014996315272463196
S04209000_20170926,Moderate,Moderate,5.288810204040087e-06,0.00021566605249001404,2.2349630318978754e-08,0.9960186025931388,0.0037604201945368276
S04209000_20190711,Moderate,Moderate,2.9352705616213865e-07,7.339643729852884e-09,4.2837234110948826e-09,0.9940870021465037,0.005912692703073012
S04209000_20200806,Moderate,Moderate,7.15027289907425e-09,8.321044432973785e-09,5.803110646327638e-10,0.9999779005006875,2.2083447684260247e-05
S04209000_20210722,Poor,Moderate,4.955645131751913e-06,4.058845675279861e-08,2.561612036521927e-08,0.5167945634192075,0.4832004147310837
S04209000_20220718,Poor,Poor,3.360313413336168e-08,3.0774070947896594e-10,1.7489213679444124e-10,0.04866441249255722,0.9513355534216758
S04209100_20121029,Moderate,Moderate,2.214286441882607e-07,6.259122664991232e-06,1.4839251959592046e-08,0.9999907782866446,2.7263227942271966e-06
S04209100_20130812,Moderate,Moderate,1.3023855389230027e-07,1.7197654670473144e-06,6.224354782811864e-10,0.999998064831628,8.454191562417984e-08
S04209100_20140610,Moderate,Moderate,3.017239248582481e-08,2.9650608680654243e-07,3.4507704368472464e-10,0.9999962267677871,3.4462086565962237e-06
S04209100_20150708,Moderate,Moderate,9.874327052299643e-08,2.8298619483509823e-06,1.3014865823764455e-09,0.999996189585135,8.805081594556538e-07
S04209990_20130718,Moderate,Moderate,4.0649096850292e-06,0.00037686759492131346,1.022063202743268e-07,0.9996188212156651,1.440734081465294e-07
S04209990_20140613,Moderate,Moderate,1.0232941498944803e-07,0.0002813412239744924,9.616999090840858e-09,0.9997185333783601,1.3451251386688998e-08
S04209990_20150622,Moderate,Moderate,7.782080704019846e-07,2.0699261268670943e-05,2.3914656782311354e-07,0.9992504940312047,0.0007277893528884186
S04209990_20160706,Moderate,Moderate,2.6517046474999083e-08,3.686858604546911e-06,9.58605601741245e-10,0.999996261126445,2.453929832823292e-08
S04209990_20171006,Moderate,Moderate,4.091833999933704e-07,0.00032343070159637067,5.4462333214376024e-08,0.9996526420324969,2.346362017350055e-05
S04209990_20180806,Moderate,Moderate,2.9112246589082485e-08,3.2276700197636085e-07,3.457340128584449e-09,0.9999507735088783,4.887115453299027e-05
S04209990_20190702,Moderate,Moderate,3.787776936132823e-07,0.00011994279138240534,1.753750660437375e-08,0.9998794545321315,2.0636128591092184e-07
S04209990_20200805,Moderate,Moderate,1.4095095199685347e-07,3.5180242525769975e-06,7.551316532166317e-09,0.9993843538995628,0.000611979573916228
S04209990_20210804,Moderate,Moderate,2.6104457376628573e-06,1.5196501807740317e-05,6.783109734012425e-07,0.9978712663653532,0.002110248376128103
S04209990_20220804,Moderate,Moderate,6.677429245170929e-08,3.7346189921366333e-06,9.457063179251614e-09,0.9995597124103214,0.00043647673933091023
S04209995_20120824,Moderate,Moderate,3.109459730383664e-07,1.3694210564626268e-05,7.199270343958288e-09,0.9999852151553658,7.724888261965869e-07
S04209995_20140609,Moderate,Moderate,5.677583812812562e-09,1.9511705544450754e-07,3.644284671437227e-11,0.999999738963042,6.020587589682173e-08
S04209995_20150617,Moderate,Moderate,2.68740840963471e-07,1.0319087115122002e-07,4.447862267059298e-09,0.9999992621704091,3.614500164754381e-07
S04209995_20160707,Moderate,Moderate,1.3531984413757948e-06,0.0009555824328531402,1.0812245631107502e-05,0.9989575158794352,7.473624363917482e-05
S04209995_20170628,Moderate,Moderate,1.0846015501073198e-06,0.00043247731311783186,1.313961385513048e-07,0.9995658720749633,4.34614230326649e-07
S04209995_20180928,Good,Good,2.963442501625884e-06,0.6351838528499923,1.0211565554210598e-05,0.3647027183633986,0.00010025377855319674
S04209995_20200520,Good,Moderate,0.00044944553547259707,0.0748512547997074,0.021086260994364225,0.9007535337389072,0.0028595049315484804
S04209995_20210805,Moderate,Moderate,6.425305004358166e-07,5.70930109881618e-07,1.6999737583076986e-09,0.9999970984589532,1.6863804627308661e-06
S04209995_20220913,Moderate,Moderate,8.296876451471066e-07,0.0004893503787689878,5.7638187024895244e-08,0.9995085257769925,1.2365184063983441e-06
S04210020_20120824,Moderate,Good,3.2867064555218486e-05,0.7802787424710246,5.339315749655169e-06,0.2196615386603771,2.1512488293561607e-05
S04210020_20130813,Moderate,Moderate,3.5866848503544905e-08,2.9576804309299912e-08,9.577069738468584e-10,0.9946442338311697,0.005355699767470508
S04210020_20140609,Moderate,Poor,2.88186638799198e-06,1.1521899662335745e-08,1.0706756787946555e-08,0.35543350404779633,0.6445635918571593
S04210020_20170628,Moderate,Moderate,5.255230093396345e-06,4.807051514596636e-05,2.5142316186838616e-07,0.999580506695756,0.00036591613584278264
S04210020_20180830,Poor,Moderate,5.424055416472064e-06,0.000459908531818147,5.252095674336393e-07,0.9881035222388673,0.011430619964330641
S04210020_20190705,Moderate,Moderate,4.227571754230811e-06,0.000776780236254831,1.4197919217093565e-07,0.9238511750746788,0.07536767513812001
S04210020_20200827,Poor,Moderate,3.788008852880857e-08,1.7415768250660634e-06,1.4822020208699058e-10,0.9999813726937491,1.6847701117189682e-05
S04210020_20210826,Moderate,Moderate,4.5197327351489974e-07,2.0704573100264196e-05,2.4898801353748613e-08,0.9999707376804227,8.080874402148385e-06
S04210020_20220614,Moderate,Moderate,1.178708088190389e-05,0.010077487576523618,1.6691069827802327e-06,0.9898720855687887,3.6970666822955347e-05
S04210050_20120824,Moderate,Moderate,3.9305933707653957e-07,0.0011051796189348196,1.493370610615752e-07,0.998877854525569,1.642345909807065e-05
S04210050_20130813,Moderate,Moderate,5.427507295352106e-08,6.973376314576263e-07,1.1104455592388182e-09,0.9999982211486904,1.02612815966505e-06
S04210050_20140609,Moderate,Moderate,3.518390007209206e-07,0.0007408909014162627,9.675353397004861e-08,0.9992053326006737,5.332790537535233e-05
S04210050_20160707,Moderate,Moderate,1.0455805714100516e-07,4.28583501715095e-05,1.1454286157188241e-08,0.9999567735577494,2.52079735865106e-07
S04210050_20170615,Moderate,Moderate,2.326380813322581e-05,0.03999434983703332,1.3720875217441236e-05,0.9597396529555055,0.00022901252411061272
S04210050_20180710,Moderate,Moderate,2.4759898772344253e-07,3.0994190191061795e-05,1.8185961682812587e-08,0.9999665185230909,2.221501768671781e-06
S04210050_20190605,Moderate,Moderate,1.1517281028874906e-06,0.014034586597890007,2.7108876568172144e-07,0.9859613093467011,2.681238540309737e-06
S04210050_20200626,Poor,Poor,8.621444800203488e-07,4.6389602876201817e-08,2.4176438388910868e-08,0.4435700949373244,0.5564289723521544
S04210050_20210826,Moderate,Moderate,2.984067414972236e-07,3.1766534776870086e-09,1.2642873319049958e-08,0.9999909913912486,8.694382483009566e-06
S04210050_20220615,Moderate,Moderate,1.5976249618457192e-06,0.006363308451205979,4.958924239408182e-07,0.9936308683931829,3.72963822527239e-06
S04210200_20120824,Moderate,Moderate,6.488496003940956e-07,0.0007269071938805708,2.7453388458018757e-07,0.9992710731029595,1.0963196749549276e-06
S04210200_20130813,Moderate,Moderate,1.2646930300023447e-05,0.09995531894773192,5.61086603893882e-06,0.8998783487658932,0.00014807449003584994
S04210200_20140609,Moderate,Moderate,1.0415854234210284e-07,1.1966477247246271e-05,8.048908028718573e-09,0.9999873286928738,5.926224285886133e-07
S04210200_20160707,Moderate,Moderate,4.731863330731032e-06,0.002583145293673312,1.0261423438254695e-05,0.9973659308127957,3.593060676197493e-05
S04210200_20170629,Moderate,Moderate,5.338093568147734e-07,0.00035268592684451074,9.882048545599174e-09,0.9994033434353521,0.00024342694639807895
S04210200_20180723,Poor,Moderate,2.4301743565372025e-06,0.00019404090308591514,5.506407516246151e-07,0.9997843125499435,1.8665731862442545e-05
S04210200_20190606,Moderate,Moderate,3.5951188682692426e-07,0.00011784123155385783,7.158954146070807e-08,0.9991923982111377,0.0006893294558802285
S04210200_20200804,Moderate,Moderate,2.705893563698073e-08,1.427223202487161e-06,1.0732480934451392e-09,0.9999788154536766,1.972919093712374e-05
S04210300_20121029,Good,Good,4.43885824348538e-07,0.9959045127107765,1.3833066396880896e-05,0.0040810293887891085,1.8094821321658616e-07
S04210300_20130812,Moderate,Moderate,1.2287115313545627e-08,2.36894347872803e-06,2.1585816086828706e-10,0.9999976134318642,5.121683609682663e-09
S04210300_20140609,Moderate,Moderate,1.702993289164119e-08,4.602085221014812e-07,1.6609772332667493e-09,0.99999792032232,1.6007782477721209e-06
S04210300_20150708,Moderate,Moderate,3.692908261020899e-08,2.381681327241747e-08,5.193096895570726e-10,0.9999962817684453,3.6569663490417563e-06
S04210300_20160707,Moderate,Moderate,2.982088720601466e-07,2.6417951126488524e-05,4.544509489626238e-08,0.999943111961895,3.012643301169852e-05
S04210300_20170627,Moderate,Moderate,7.325855346928941e-08,4.122215632440431e-05,3.917017795399979e-09,0.9999586520784304,4.858967396177503e-08
S04210300_20180830,Moderate,Moderate,2.183414408883207e-07,1.3167181712569297e-05,6.321447310447891e-08,0.9999847598482248,1.7914141487478284e-06
S04210300_20190705,Moderate,Moderate,3.040533626291941e-07,2.0838188461563447e-06,4.147455268601909e-08,0.9999693632298468,2.820742339187744e-05
S04210300_20200804,Moderate,Moderate,2.733777425310639e-07,8.872619648617576e-07,1.76434815150985e-08,0.9991389178668034,0.0008599038500075711
S04210300_20210825,Moderate,Moderate,4.1435701203976474e-08,8.573859703547724e-09,5.857497917842451e-11,0.9998794995577202,0.00012045037414400508
S04210750_20120702,Good,Good,1.633959248548526e-06,0.9910434748322026,1.4611777562401284e-06,0.008953316529581886,1.1350121086113724e-07
S04210750_20130626,Good,Good,5.149512303739455e-07,0.9797776485520755,1.3710348463370106e-06,0.020220456793796485,8.668051364618435e-09
S04210750_20140613,Good,Good,2.2793693322160945e-06,0.9815896570462554,3.60759663969764e-06,0.018404389019083103,6.696868968116052e-08
S04210750_20160707,Moderate,Moderate,6.530572564628161e-08,0.00047682678263779525,5.280167748768474e-10,0.9995231004868139,6.896805879973099e-09
S04210750_20170629,Good,Good,5.881900204024696e-08,0.9999024204926203,4.583421894470375e-08,9.746880214017597e-05,6.052018590574497e-09
S04210750_20180710,Good,Good,2.0958168171253e-06,0.7167465666312016,4.4163373985803466e-07,0.2832507421831327,1.5373510865266317e-07
S04210750_20190606,Good,Good,8.933513911280536e-08,0.9999825230538041,4.6850034708586724e-09,1.736884296104169e-05,1.4083092322907585e-08
S04210800_20130626,Good,Moderate,1.7971660222656708e-05,0.24097048333451276,1.1471724000767498e-05,0.7589787519805333,2.1321300730561972e-05
S04210800_20140613,Good,Good,1.3138845467188034e-07,0.9995225931215628,9.539460551767881e-08,0.00047656255142004616,6.175439569436913e-07
S04210800_20150625,Moderate,Moderate,8.848189026010539e-07,0.014092058835722572,1.357987684187423e-07,0.9858954065624564,1.1513984149954335e-05
S04210800_20160706,Good,Good,3.3566936331392718e-06,0.9075167749199083,9.526652381062813e-07,0.09247817652629445,7.391949259741243e-07
S04210800_20170927,Moderate,Moderate,8.23667165894793e-06,0.014357691626494558,8.134126334850745e-07,0.9855685909630326,6.466732618039978e-05
S04210800_20190711,Moderate,Moderate,1.478145681006943e-08,1.0894818606463905e-05,1.2712424404522874e-09,0.9999890656500897,2.3478604635961195e-08
S04210800_20200608,Moderate,Moderate,1.4331647072310256e-06,6.050110044197891e-06,1.1287691076466792e-07,0.9724806647897902,0.027511739058547504
S04210800_20210527,Moderate,Moderate,6.822380064580105e-06,0.014984783867183975,9.68178888302056e-07,0.9850009575812287,6.467992634331733e-06
S04210800_20220504,Moderate,Moderate,7.204532752321453e-07,0.01583435728539821,7.553168134879414e-07,0.9841640917930352,7.515147776357715e-08
S04210900_20121029,Moderate,Moderate,6.093969280438092e-06,0.00024256632187173475,2.816692079201023e-09,0.9990675691316565,0.0006837677604992836
S04210900_20130812,Moderate,Moderate,4.6954059322628955e-07,0.024793992320121958,4.395127547228609e-09,0.9752054851316985,4.861245888052692e-08
S04210900_20140609,Good,Moderate,1.3853812095528602e-05,0.06363404049916452,7.435029489565411e-07,0.9363445684944117,6.79369137937289e-06
S04210900_20150708,Moderate,Moderate,1.1994090770420267e-06,0.00040946651029468215,1.9681640347371118e-08,0.9995891805191942,1.338797937164726e-07
S04210900_20160707,Moderate,Moderate,2.740357839678132e-07,0.0035421442774418934,9.309699019449475e-09,0.996457570126075,2.2510000578751683e-09
S04210900_20170629,Moderate,Moderate,1.333345371210862e-06,0.00408399735711594,7.814501509865885e-08,0.9959145137239334,7.742856444095486e-08
S04210900_20180723,Moderate,Moderate,6.3152804805803826e-06,0.06895839241832416,7.115027900085291e-07,0.9310245083380937,1.0072460311653328e-05
S04210900_20190606,Moderate,Moderate,1.9884983967924487e-06,0.053615750090439715,5.565432844362772e-07,0.9463695923723071,1.2112495572038137e-05
S04210900_20200803,Moderate,Moderate,3.575638489629392e-08,1.8231743348322772e-06,6.629089536506996e-10,0.9999978348504224,3.0555594901672526e-07
S04210900_20210825,Moderate,Moderate,3.5387020751291434e-06,0.0002698978511765422,1.1404328244175946e-06,0.9997244307991254,9.92214798416062e-07
S04211000_20130627,Moderate,Moderate,2.3041145320277995e-06,0.00015265328566852108,5.659941207089407e-07,0.9996982549750231,0.00014622163065567109
S04211000_20140623,Moderate,Moderate,2.7987453754836494e-06,2.202900375257109e-06,6.695524756122785e-08,0.9996464331061777,0.00034849829282396753
S04211000_20150623,Bad,Poor,0.000815685482127356,1.497543963743567e-07,2.4735991588241176e-08,0.0030896105907445995,0.9960945294367402
S04211000_20160707,Poor,Moderate,4.104274935112324e-06,1.4579657849564146e-07,4.980658114004933e-10,0.997961327214353,0.002034422216067493
S04211000_20170829,Moderate,Moderate,1.2133755623892404e-07,9.91154228617039e-07,4.643418473343204e-09,0.9985383783052048,0.0014605045595919447
S04211000_20180828,Moderate,Moderate,6.600787326853678e-07,3.631398340685169e-07,3.6340607760699846e-09,0.9969845714929902,0.003014401654382313
S04211000_20190711,Moderate,Moderate,1.1449588334657609e-06,1.0031676121170979e-08,5.336853432266805e-09,0.9993754089873786,0.0006234306852583584
S04211000_20200806,Moderate,Moderate,1.0032144471728561e-06,0.0007139740178735291,1.9726134582406498e-07,0.9992846992596366,1.262466967746695e-07
S04211000_20210825,Moderate,Moderate,5.290410466989091e-07,8.059189995600633e-08,1.543241574996046e-08,0.9953636492998088,0.004635725634828907
S04211000_20220802,Poor,Poor,4.4161552995457187e-07,8.128955534514599e-10,5.415849526196319e-10,0.0015979489766964777,0.9984016080532931
S04211320_20170928,Good,Moderate,8.919244711744909e-05,0.15850417288318386,0.00023938843478816312,0.8384304608955221,0.0027367853393884846
S04211320_20180517,Moderate,Moderate,7.315184519583984e-07,5.917308565073255e-09,2.367098872531585e-08,0.999412542569278,0.0005866963239726856
S04211550_20130627,Good,Moderate,5.846036974888999e-06,0.20584865923357684,6.987544446795308e-07,0.7941444210409648,3.7493403877112796e-07
S04211550_20140619,Moderate,Moderate,1.0968366595685217e-06,0.2645007189078924,8.54227218912842e-06,0.735488592120274,1.0498629850155799e-06
S04211550_20150623,Moderate,Good,1.1780204339071128e-05,0.8653129300833082,0.0002463270340490782,0.1344221883234094,6.774354894245501e-06
S04211550_20160706,Moderate,Moderate,3.991461239992402e-05,0.0959858688225586,0.007455723665850636,0.8959895950377905,0.0005288978614003204
S04211550_20170706,Moderate,Moderate,9.101792724947123e-07,0.005378574068324273,3.6414784693086577e-07,0.9944949840840572,0.00012516752049911397
S04211550_20180829,Moderate,Moderate,1.1869130344740231e-07,8.093138665411267e-05,2.525341705141043e-07,0.9999111943957243,7.502992147745255e-06
S04211550_20190709,Moderate,Moderate,2.4424391804404228e-06,8.516059718350722e-06,1.8262540555448203e-08,0.9908158647193682,0.009173158519192523
S04211550_20200708,Moderate,Moderate,9.094671327094793e-09,4.099823642381502e-06,3.5467019328616037e-10,0.9999954600540458,4.306729703024239e-07
S04211550_20210722,Moderate,Moderate,1.2485388169591512e-05,0.03203159267241834,4.746987733311061e-06,0.9677989497048379,0.00015222524684066515
S04211550_20220718,Moderate,Moderate,2.1356573811229145e-07,8.069804681906483e-05,8.951102806080494e-08,0.9997204729918527,0.0001985258845620865
S04211950_20120823,Moderate,Moderate,6.239221087842866e-08,2.6240646983556395e-06,7.251073364215521e-10,0.9999939804115089,3.332406474590547e-06
S04211950_20140609,Moderate,Moderate,2.4462292511918756e-08,8.741041917308239e-07,1.457535420497048e-09,0.9999621226069585,3.6977369021863775e-05
S04211950_20150617,Moderate,Moderate,1.0837533101462162e-06,0.015229022315943605,1.2765098387392292e-05,0.9846233687981408,0.00013376003421807626
S04211950_20160707,Moderate,Moderate,8.912165607598414e-07,0.11263196853388471,3.4956465270397554e-07,0.8873539374827751,1.2853202126737453e-05
S04211950_20170703,Moderate,Moderate,3.141347844006316e-06,0.01236843304296926,9.882115342760172e-08,0.9876045970003858,2.3729787647427433e-05
S04211950_20180518,Moderate,Moderate,3.56484345940319e-07,0.0011356763646756373,7.648798068012789e-07,0.9988491177981959,1.4084472975872131e-05
S04211950_20190625,Poor,Moderate,1.2234276954332995e-07,4.809211932892075e-08,1.7628670440462187e-09,0.9451219034050301,0.054877924397214
S04211950_20210607,Poor,Moderate,4.909995029582527e-08,6.317157608473907e-07,2.3883876236010328e-09,0.9696772673009302,0.030322049494971144
S04212100_20120823,Good,Good,6.188843614698077e-06,0.8327868977008436,5.73494385531045e-07,0.1670861465642689,0.00012019339688725243
S04212100_20130813,Moderate,Moderate,1.6305269180620718e-06,0.0009479901680916036,8.525598099212381e-07,0.9990259823384696,2.3544406710820624e-05
S04212100_20150617,Moderate,Moderate,3.7141435998182966e-07,3.4021218891523667e-07,3.3950354120343766e-09,0.9999952226410452,4.062337370515085e-06
S04212390_20190523,Moderate,Moderate,1.8561071037508112e-06,0.0008371519144379035,1.6704979515635714e-05,0.9972013511657408,0.0019429358332018925
S04212400_20120823,Moderate,Moderate,2.2467390269127758e-06,0.004548364029144203,1.0661360408099532e-06,0.9954344686801575,1.3854415630667009e-05
S04212400_20130813,Moderate,Moderate,5.946687496327783e-07,0.0017038705053313479,1.7494959082783533e-07,0.9982775535503969,1.7806325931333564e-05
S04212400_20140609,Moderate,Moderate,3.217530310923246e-08,1.517554080413224e-06,2.458822191712316e-10,0.9999971737850522,1.2762396821335033e-06
S04212400_20200626,Moderate,Good,4.301675627634503e-06,0.8770737397617088,3.6557331654862222e-06,0.12135994616291547,0.0015583566665826503
S04212400_20210624,Moderate,Moderate,3.4429906964524835e-07,0.000789774072733836,7.876762783328231e-08,0.9992096190587636,1.838018050565458e-07
S04212700_20130628,Good,Good,2.6911487606412536e-05,0.9828961441310766,9.977188056091846e-08,0.017076784790713177,5.981872334545358e-08
S04212700_20140613,Good,Moderate,5.856754814172526e-05,0.23408336645867006,1.5574964215544153e-05,0.7658416637896593,8.272393131917697e-07
S04212700_20150625,Moderate,Moderate,1.0753506272656002e-06,2.6441310841178074e-06,1.325140800737239e-08,0.9999949397883613,1.3274785193084677e-06
S04212700_20160707,Good,Moderate,0.00012976657013972302,0.11125344015474975,1.3150111750724689e-06,0.8884913968725713,0.00012408139136399932
S04212700_20170706,Moderate,Moderate,1.925393909601967e-05,0.015632476424894882,1.3268869688004634e-06,0.9694225605701356,0.01492438217890476
S04212700_20190709,Moderate,Moderate,1.456753271423241e-05,0.41078514598205695,4.19483933479356e-06,0.588522727283941,0.000673364361953045
S04212700_20200611,Moderate,Moderate,2.585677213684275e-06,0.0009719602960554368,6.482738966986138e-08,0.9990168756481531,8.513551188173386e-06
S04212700_20210525,Moderate,Moderate,2.5874955524151945e-06,0.0031702696045685847,2.055903549102652e-07,0.9968229828323318,3.954477192291949e-06
S04212700_20220504,Moderate,Moderate,3.50000167192271e-05,0.035350865360970644,4.7429751849866385e-05,0.964547057392101,1.9647478359278407e-05
S04212800_20120823,Moderate,Moderate,3.1440277030444808e-06,3.8607174409775574e-05,1.8179139601201235e-07,0.9978913890015563,0.0020666780049348704
S04212800_20130814,Moderate,Moderate,2.820152500431359e-07,7.654828716877983e-06,2.4937396967557025e-08,0.999991457245566,5.809730701293265e-07
S04212800_20140609,Moderate,Moderate,6.656502506969273e-08,2.637954775478244e-05,4.6249404615453196e-08,0.9999732500852233,2.5755259234590947e-07
S04212800_20150707,Moderate,Moderate,7.656401087656367e-08,3.6084676495224594e-05,6.397686020225043e-09,0.9999636011251963,2.312366115974318e-07
S04212800_20160708,Moderate,Moderate,1.6443673767382258e-07,5.333054499170183e-05,4.231593267215312e-08,0.9999419201141768,4.542588161182546e-06
S04212800_20170905,Moderate,Moderate,7.164415112464333e-08,8.168764597729304e-05,2.165623586568218e-07,0.9999175406215192,4.835259938390731e-07
S04212800_20180927,Moderate,Moderate,4.840685572758663e-08,7.23697328199037e-07,1.4002137721505068e-08,0.9999944731261902,4.740767488297495e-06
S04212800_20190912,Moderate,Moderate,3.571932941802722e-07,0.007850874719122027,5.643721277811267e-06,0.9921429192535502,2.051127557656726e-07
S04212800_20200820,Moderate,Moderate,6.102518131278771e-07,0.000530774141982454,1.2306859469149195e-07,0.9994311606839724,3.733185363725032e-05
S04212800_20210908,Moderate,Moderate,1.3617628342587928e-06,0.00047998453046274765,0.003154339397352268,0.9963608671546077,3.4471547430828644e-06
S04212800_20220831,Good,Moderate,1.1772814582651355e-06,0.00264314880523522,7.032561178238631e-07,0.9973547430616777,2.275955109561709e-07
S04212900_20160608,Moderate,Moderate,6.691473471741769e-08,3.681550147608786e-08,6.8122379553662e-10,0.9999890635397474,1.0832048792613503e-05
S04212900_20180524,Moderate,Moderate,1.476073067255751e-08,4.921169161389732e-08,1.1103850024521284e-10,0.9999738464549516,2.6089461587738322e-05
S04213000_20120823,Moderate,Moderate,8.624689000042037e-06,0.000864580833790648,2.2553294682603042e-05,0.9547059175710245,0.044398323611502276
S04213000_20130814,Moderate,Moderate,5.055075178483315e-07,9.102521411136286e-06,4.166982037599633e-09,0.9999363815892935,5.4006214795527425e-05
S04213000_20140609,Moderate,Moderate,1.4295350399066893e-05,0.00014024219040660037,6.261159590345932e-05,0.9575068027160046,0.0422760481472863
S04213000_20150707,Moderate,Moderate,6.033948230221274e-07,9.85523738419901e-07,1.0645080512125437e-06,0.9937310720631419,0.006266274510245369
S04213000_20170905,Moderate,Moderate,3.229899874003923e-07,0.000851344522658739,6.000423954818692e-08,0.9991481768014628,9.56816513974254e-08
S04213000_20180927,Moderate,Moderate,5.626529943071934e-08,2.1604947894922143e-07,4.024534165203035e-09,0.9999971155980547,2.6080626327967387e-06
S04213000_20190911,Moderate,Moderate,2.334899863992662e-07,6.120111962259421e-06,1.4832235571066542e-07,0.9989514371593369,0.0010420609163588016
S04213000_20200821,Moderate,Moderate,8.517064468758348e-06,0.00045147820085307376,0.00010268791399228553,0.9948198267068374,0.004617490113848591
S04213000_20210908,Moderate,Moderate,2.2474037625605642e-07,3.438136614643587e-05,3.6262442711928243e-07,0.9999558309602714,9.200308778840535e-06
S04213000_20220830,Moderate,Moderate,6.670427534453979e-06,0.0015799193857351614,1.1417055165200078e-05,0.9983395440012568,6.244913030835769e-05
S04214000_20120705,Poor,Moderate,1.3584792366390556e-07,1.8061943165235273e-07,9.48277339445336e-10,0.9636979016964701,0.03630178088789726
S04214000_20130621,Moderate,Moderate,3.731872040892941e-07,6.128784917723658e-06,4.4596436730506377e-10,0.9996671748153388,0.0003263227665749467
S04214000_20140707,Moderate,Moderate,3.696755668661488e-07,1.6491095735952409e-06,1.49746629870167e-10,0.9929366634831203,0.0070613175819926495
S04214000_20150605,Moderate,Moderate,1.1119315672997609e-06,4.252666596799539e-05,1.5380769970042063e-08,0.9997830985168144,0.00017324750488037383
S04214000_20160720,Moderate,Moderate,1.698900971123795e-07,1.893483423734498e-07,6.265725121552777e-10,0.9993442079476157,0.0006554321873722832
S04214000_20170601,Moderate,Moderate,6.763214833283468e-07,3.0107212071009098e-06,7.59837221739277e-09,0.9996777771501375,0.00031852820879982286
S04214000_20180919,Poor,Moderate,3.7591442807089915e-07,8.515616176646789e-06,4.4298085418879845e-09,0.5711997649492179,0.4287913390903689
S04214000_20190625,Moderate,Moderate,1.4887086284287934e-05,0.010866793178674868,1.8191882365511552e-06,0.9890550959566868,6.140459011753467e-05
S04214000_20200703,Moderate,Moderate,2.321529745787587e-07,2.421789821680437e-07,3.351175657130202e-10,0.8981718654670149,0.10182765986591068
S04214000_20210510,Moderate,Moderate,6.10529948564575e-08,2.4882707046999145e-05,1.2821886966194105e-09,0.9999627924163611,1.2262541408277584e-05
S04214000_20220707,Moderate,Moderate,1.5739923622807106e-07,9.46496031524485e-07,2.1253204894402846e-10,0.8544345050304426,0.1455643908617576
S04214295_20140613,Good,Moderate,4.030219536791499e-06,0.4106007985374404,9.330343589321378e-06,0.5893857261248352,1.1477459825639243e-07
S04214295_20150625,Good,Good,3.988238682523462e-06,0.6313714474418975,0.36788926411114,0.0007319542106452834,3.3459976345456496e-06
S04214295_20160610,Good,High,2.2799592713869928e-06,0.18039259704738073,0.8194884713135562,0.00010278396946418868,1.3867710327577578e-05
S04214295_20170928,Good,Good,8.581373344299411e-06,0.9383435964918683,0.05430108294274483,0.007344531341301058,2.2078507416368307e-06
S04214295_20180906,Moderate,Good,1.7155278025266845e-05,0.7912599557390756,2.378941519136155e-05,0.20867198716813515,2.7112399572617507e-05
S04214295_20190808,Good,Moderate,7.937955476675984e-08,0.00021068358121295494,4.8830902466215045e-08,0.9997891572746253,3.093370462228452e-08
S04214295_20200626,Moderate,Moderate,1.0705665830838951e-07,8.20406410660909e-05,3.923181784887188e-08,0.9999168485319914,9.645384664435207e-07
S04214295_20210721,Moderate,Moderate,6.886822004733685e-07,0.014067330519939865,5.738568598924636e-07,0.9859298494683933,1.557472606485482e-06
S04214495_20120705,Moderate,Moderate,1.9987148981520875e-08,2.4167307783546478e-06,2.448472227325968e-10,0.9999768473761678,2.0715661057725047e-05
S04214495_20140709,Moderate,Moderate,2.230471965478047e-07,0.00012043417246070809,2.417827841200474e-09,0.9998778036092947,1.5367532202911354e-06
S04214495_20150605,Moderate,Moderate,6.954967499226246e-08,1.2608394541076371e-05,3.4651941669378883e-10,0.9999792013388387,8.120370425856635e-06
S04214495_20160720,Moderate,Moderate,2.1887359657269657e-07,0.00010771389517071113,1.2865576046377098e-08,0.9998792464834395,1.2807882217246294e-05
S04214495_20180719,Moderate,Moderate,6.850724473477816e-08,1.3223882741162642e-06,6.448474933727196e-08,0.9999985000165361,4.460319580179038e-08
S04214495_20190516,Moderate,Moderate,1.697697801066526e-08,1.620898816613806e-07,2.5992305347678907e-08,0.9999967895129038,3.005427931292209e-06
S04214495_20200703,Moderate,Moderate,1.1694404247744313e-07,5.46669844892745e-06,5.949925149311066e-09,0.9999941483721608,2.620354225567301e-07
S04214495_20210510,Moderate,Moderate,5.26318510033397e-07,0.000262821252823565,5.135016201396857e-07,0.9997237871790605,1.2351747985709259e-05
S04214495_20220509,Moderate,Moderate,8.86027384938379e-08,4.5357896926321036e-06,4.647843556450391e-09,0.9999203554900646,7.501546966075806e-05
S04214500_20120822,Poor,Moderate,2.749803542422065e-06,1.161387339468911e-05,1.6437221289695006e-06,0.9968781358943513,0.0031058567065826497
S04214500_20130916,Moderate,Moderate,1.1416799726739549e-07,2.5482434598731885e-07,1.6013849257257952e-09,0.9999951183513176,4.511054954228763e-06
S04214500_20140609,Moderate,Moderate,2.186528788609134e-08,2.092711913528925e-05,2.129224698636337e-09,0.9999790426851662,6.201185848191911e-09
S04214500_20150707,Moderate,Moderate,4.018349516730631e-08,4.930787661175368e-08,1.3379021726857128e-09,0.9999683973782449,3.151179248112304e-05
S04214500_20160708,Moderate,Moderate,4.269716339388185e-08,1.0947352052041781e-07,3.6185542241611836e-10,0.999202170206807,0.0007976772606536138
S04214500_20170920,Moderate,Moderate,5.6449375694719076e-05,0.04929236174560589,0.002015385376021001,0.9402100020401447,0.008425801462533793
S04214500_20180828,Moderate,Moderate,1.2192228640465623e-06,1.3929884177787968e-05,8.863221725420106e-07,0.9464389159380594,0.0535450486327263
S04214500_20190828,Moderate,Moderate,1.8389410769077479e-06,2.9875760023665013e-05,4.586782987729744e-06,0.993865074804477,0.006098623711434804
S04214500_20200806,Poor,Moderate,6.047648748877346e-07,8.442011221976934e-06,3.270439891805487e-06,0.6726904255595189,0.3272972572244925
S04214500_20210721,Moderate,Moderate,1.7115978662252107e-06,3.990797918449926e-05,1.018560866272494e-06,0.9987245306861499,0.0012328311759330947
S04214500_20220831,Moderate,Moderate,7.949052382958546e-06,4.949861256104821e-05,6.600946392843745e-06,0.9999074134378293,2.8537950834012713e-05
S04214510_20220510,Moderate,Moderate,1.0307247562054387e-07,3.81013135992918e-06,8.252704663525206e-09,0.999990602536508,5.476006951737184e-06
S04214520_20190625,High,High,1.0913969646412665e-10,1.1502682146042861e-05,0.9999884929239305,2.284138131015955e-09,2.000645637555769e-09
S04215000_20150710,Moderate,Moderate,1.1759815710734616e-08,7.233381179242578e-06,1.6172087386340177e-09,0.9999927393116658,1.3930130577436005e-08
S04215050_20130822,Moderate,Moderate,1.04199188269511e-08,4.6692011495847634e-08,2.160702095845212e-11,0.999999934765291,8.101171526532696e-09
S04215050_20140807,Moderate,Moderate,4.152157005054848e-07,0.004575593244360254,2.165988370210867e-08,0.9954235956339407,3.742461149527328e-07
S04215050_20200605,Moderate,Moderate,2.316361597892282e-08,3.855644459462027e-06,2.8928033817846086e-09,0.9999961051718791,1.31272420219907e-08
S04215100_20220510,Moderate,Moderate,2.708270416195632e-05,0.011725756216571114,1.49376471253966e-05,0.9771833664666207,0.011048856965520791
S04215195_20120820,Moderate,Moderate,3.051984039944211e-06,0.057451584196461056,3.004357774136142e-06,0.93960614677938,0.002936212682344807
S04215195_20130916,Moderate,Moderate,4.099196753967208e-06,0.01181948574550852,6.174812180609417e-07,0.9881737384807956,2.059095723847102e-06
S04215195_20140610,Moderate,Moderate,6.075878268036786e-08,1.7937694025275575e-05,4.553796426678507e-09,0.9999817108007691,2.8619262650720433e-07
S04215195_20150707,Moderate,Moderate,3.471573997581725e-07,2.2973603675879516e-05,1.745771513666972e-08,0.9999677077223202,8.954058889051336e-06
S04215195_20170919,Good,High,2.774514137640602e-06,0.005897426716256606,0.9938850965031962,0.0002114768783244156,3.2253880850148315e-06
S04215195_20180829,Moderate,Moderate,3.8039919233413695e-07,2.6224002041411983e-06,4.298315758749912e-07,0.9999640846439201,3.248272510761156e-05
S04215195_20190829,Moderate,High,6.397573989343828e-06,0.024988314745127273,0.9740933085239931,0.0007904763984926174,0.0001215027583975703
S04215195_20200702,Moderate,Moderate,0.00010093788669207821,0.019829505920468282,0.0017982092537096738,0.918576841718489,0.059694505220641014
S04215195_20210824,Moderate,Moderate,3.240635454269436e-05,0.02320105845571233,0.009489024846983423,0.9593457775210184,0.007931732821743266
S04215195_20220830,Moderate,Good,0.0001830457229077749,0.7449522370396804,0.0041692504532269544,0.24898913537871006,0.0017063314054749667
S04215198_20120703,Moderate,Moderate,8.294220369041968e-05,0.0002140140608864297,1.7860138151280982e-06,0.9755553392782466,0.024145918443361333
S04215198_20190524,Poor,Moderate,1.1117221377566912e-06,1.747260924572745e-06,1.7538716823972589e-09,0.9727682470126532,0.02722889225041285
S04215198_20210607,Moderate,Moderate,1.9257873053964994e-08,6.314153398573509e-05,1.0607051991987058e-10,0.9999271576257873,9.68147628326023e-06
S04215485_20120705,Moderate,Moderate,2.769358899051939e-07,0.0002122062319039703,4.567499304401618e-10,0.9997873299053556,1.8647010068960806e-07
S04215485_20130722,Moderate,Moderate,7.159199274828125e-08,4.2082006941130635e-05,4.3617823438940886e-10,0.9999578431029615,2.861926309410223e-09
S04215485_20140709,Good,High,5.21829419869404e-06,0.11705943385121906,0.882738182055657,0.00016996910310978594,2.719669581560863e-05
S04215485_20150604,Poor,Moderate,9.812308486766432e-05,0.004086099269379705,3.2445646051977706e-07,0.9481542585921467,0.047661194597145365
S04215485_20160720,Moderate,Moderate,7.483518856666862e-08,0.00011149323732272134,6.5061487365734185e-09,0.9998876786122065,7.468091334534696e-07
S04215485_20170915,Moderate,Good,8.677261237728114e-06,0.6444298841318621,7.069624707604916e-07,0.35368535005103013,0.001875381593399276
S04215485_20180912,Moderate,Moderate,5.411680113094178e-08,2.337120908263905e-05,6.982801326273456e-10,0.9999758722166902,7.017591459378018e-07
S04215485_20190802,Moderate,Moderate,6.004167601643528e-08,8.392030157900203e-06,1.836503965282436e-10,0.9999900994088922,1.448335623537366e-06
S04215485_20200903,Moderate,Moderate,5.1222644786670065e-08,0.00017543102372619577,5.247111901493867e-09,0.9998241163855013,3.9612101591071935e-07
S04215485_20210615,Moderate,Moderate,2.1471309061397962e-07,4.603394851025881e-05,1.3440358832271505e-09,0.9999528707688048,8.792255584387834e-07
S04215485_20220804,Moderate,Moderate,5.153111937230656e-07,0.00023784037050018802,1.549735189446744e-08,0.9997486828344654,1.2945986488837674e-05
S04215500_20130822,Moderate,Moderate,1.974484244690142e-08,8.081278444088219e-07,1.6319196662666372e-09,0.9999989998251444,1.7067024904637334e-07
S04215500_20200903,Moderate,Moderate,1.042289487936757e-07,4.302848005832301e-06,1.180552681829258e-07,0.9999650072375972,3.046763017989901e-05
S04215503_20120822,High,High,1.5909174107688025e-07,0.0007026482604279834,0.9992929417284709,4.112842240813081e-06,1.380771192122285e-07
S04215503_20130722,Moderate,Moderate,1.719405354847978e-08,4.054844407904832e-06,6.185083212939648e-11,0.9999943417384431,1.586161244599065e-06
S04215503_20140709,Good,Good,7.013741213523464e-05,0.897195451895621,0.002271965848771616,0.10002443039877523,0.0004380144446967904
S04215503_20150604,Moderate,Good,4.173129748541964e-05,0.9880531228235827,2.2569532389121883e-05,0.011875198583729476,7.377762813325139e-06
S04215503_20200521,Good,Moderate,5.039739072070841e-05,0.037995291853145506,0.0009437557567135842,0.9470359413937061,0.013974613605714213
S04215503_20220705,Moderate,Moderate,2.151336128159892e-07,0.015509382692053972,1.3645309475556536e-07,0.9844898515257497,4.141954886965515e-07
S04215520_20130814,Moderate,Moderate,2.7597127150427504e-07,0.0006948739526266968,2.3918571722191926e-06,0.9993020944859528,3.6373297683383007e-07
S04215520_20150707,Moderate,Moderate,1.588056116972073e-06,0.15515130140429806,2.0536169380396403e-07,0.8448452539169523,1.6512609388807285e-06
S04215520_20160708,Moderate,Moderate,2.1747932140400546e-06,0.4974809690539966,1.4653714298216817e-06,0.5025151349934244,2.557879352527783e-07
S04215520_20170830,Moderate,Good,6.993906379624443e-05,0.9045397650558448,0.06140711815286719,0.033599231285027245,0.0003839464424645291
S04215520_20180726,Moderate,Moderate,1.3758780106264795e-07,0.005730893549799,5.995329262478445e-08,0.9942681875758195,7.213332878261121e-07
S04215520_20210611,Moderate,Moderate,2.4815884191293306e-07,0.0024862378939123136,6.883802561930206e-06,0.9974978359318522,8.794212831683562e-06
S04215520_20220704,Moderate,Good,9.276759094763363e-06,0.8759159166224075,7.17378326894404e-05,0.12399241307388713,1.065571192111547e-05
S04215600_20130822,Moderate,Moderate,1.4156101193045234e-06,0.002397545113241532,8.438846750206524e-07,0.9975972393229094,2.9560690546501327e-06
S04215600_20150710,Moderate,Good,0.00031330820035575075,0.9128427431996028,0.0004245315099790878,0.08605750710896191,0.00036190998110050346
S04215600_20180522,Good,Good,6.38045273195071e-07,0.9899268309932291,1.0726780918243284e-07,0.010045271433658333,2.715226003024942e-05
S04215635_20130617,Good,Moderate,3.2520195075250733e-06,4.235283957640592e-05,1.983819145913402e-06,0.9907522047952636,0.009200206526506499
S04215635_20180522,Poor,Moderate,1.2042657882154152e-07,0.00010959795945163167,1.9761727821029736e-07,0.9530130393672113,0.046877044629480044
S04215660_20150710,Moderate,Moderate,2.759660381586869e-08,2.1291513567741255e-06,2.6733075100232554e-09,0.9999879466753606,9.893903371258483e-06
S04215680_20170602,Moderate,Moderate,1.2036054350195434e-08,1.3297468186186547e-07,1.46866337108868e-11,0.9993187405444455,0.0006811144301316869
S04215680_20180809,Moderate,Moderate,1.9877920155287958e-07,0.0005501812584117693,1.662435658076479e-07,0.9994484847924462,9.689263747421164e-07
S04215750_20130711,Poor,Moderate,2.3866248768290667e-07,5.1944416996224095e-08,1.909769062151858e-07,0.9996991801069317,0.00030033830925736937
S04215750_20140528,Moderate,Moderate,1.4870220106664862e-07,1.2221736073756196e-05,1.4664370354197278e-08,0.9998354675897922,0.000152147307562515
S04215750_20150707,Moderate,Moderate,8.17719344676775e-06,2.0266336915539937e-05,3.4933919477453965e-07,0.9964741237125612,0.003497083417881842
S04215750_20160627,Moderate,Moderate,7.28899326285369e-06,0.008522811741029465,6.413066549230358e-06,0.9600161678892919,0.0314473183098666
S04215750_20170727,Moderate,Moderate,8.590583248618833e-07,1.1017565791165473e-05,2.4266845905941295e-08,0.9995194175968897,0.0004686815121484679
S04215750_20180808,Poor,Moderate,1.244930916267741e-06,6.144558490301477e-05,7.956653486447433e-06,0.9963100280357056,0.0036193247949887018
S04215750_20190807,Poor,Moderate,2.1047228802402785e-05,0.01274388022625079,4.278347876803656e-05,0.9509343196052701,0.036257969460908535
S04215750_20220803,Moderate,Moderate,6.50041885884905e-07,3.3612586416945354e-05,9.412472677851873e-08,0.9948274798099682,0.005138163437002046
S04215800_20121016,Moderate,Moderate,1.3012245837290183e-07,5.254274403207365e-06,1.851447223706269e-06,0.9999922442200426,5.199358720839456e-07
S04215800_20131004,Moderate,Moderate,1.5374872884943026e-05,0.00255254826861445,2.5430127024092105e-07,0.9974171738126746,1.4648744555909349e-05
S04215800_20140709,Moderate,Moderate,1.3456788321998286e-07,1.6863354468702242e-05,3.9338336057815075e-09,0.9999750042246953,7.993919119086324e-06
S04215800_20150604,Moderate,Moderate,5.03345706856506e-06,6.959757322180153e-05,4.666036039902353e-08,0.999923392421201,1.929888148376482e-06
S04215800_20160722,Moderate,Moderate,1.2451384704855122e-06,1.9765707175342036e-05,2.5100862800478038e-08,0.9796670170032474,0.02031194705024397
S04215800_20170602,Moderate,Moderate,5.7166934987520154e-05,0.13308825576947772,0.005176944934238562,0.8611742148954997,0.0005034174657964927
S04215800_20180913,Poor,Moderate,1.0483528077142327e-05,0.0003517298667739499,0.004212760982080177,0.7517770614537188,0.24364796416934997
S04215800_20190716,Moderate,Moderate,1.56763274512612e-06,0.00010566558367593613,3.162168088720135e-07,0.9867343685336007,0.013158082033169387
S04215800_20200908,Moderate,Moderate,3.794398652137732e-08,2.8457460950374128e-06,1.2286717881029388e-09,0.999851196279326,0.0001459188019206694
S04215800_20210615,Moderate,Moderate,7.090553599215282e-08,3.5340318531458373e-06,1.2675923147595235e-08,0.9993916218118559,0.0006047605748319004
S04215800_20220804,Moderate,Moderate,4.241536902307326e-06,8.724777394481355e-06,0.00019632868119230632,0.9967821918040171,0.0030085132004939075
S04215840_20180523,Poor,Moderate,2.9791655114229126e-07,0.00015358912780198572,1.6589872161091586e-09,0.7528464248487083,0.24699968644795128
S04215970_20120822,Moderate,Good,2.2528903749896217e-06,0.6110853616790702,3.323846688288556e-06,0.3889034874127636,5.574171102724596e-06
S04215970_20130722,Good,Moderate,0.00010431626124326809,0.4684422163101834,0.002370465850505392,0.5287251744518747,0.00035782712619335916
S04215970_20140709,Good,Good,3.769273677224279e-05,0.8709750024732615,0.05970414878037294,0.06914378630984887,0.00013936969974428262
S04216000_20130712,Moderate,Moderate,4.571724445323315e-07,2.0509560554025638e-05,4.1820594758573435e-07,0.995492718392176,0.004485896668877924
S04216000_20140528,Moderate,Moderate,1.0733614244714196e-07,9.434274037743743e-05,6.387264207156718e-08,0.9998629631948917,4.2522855946449146e-05
S04216000_20160627,Moderate,Moderate,3.067066537753866e-08,1.182499158012068e-05,2.815268220080941e-10,0.9999858442467873,2.299809440495177e-06
S04216000_20170706,Moderate,Moderate,6.116208996932424e-08,1.4893729735942235e-06,6.403274745020576e-09,0.9999956769572584,2.766104403346549e-06
S04216000_20180808,Moderate,Moderate,2.1024618845298157e-06,2.5337984028554785e-05,1.488045492531157e-07,0.9957703746555193,0.004202036094018419
S04216000_20190806,Moderate,Moderate,3.215013387295418e-08,1.7339282024083145e-05,1.982426980544081e-08,0.999982581087953,2.7655619266972083e-08
S04216000_20200804,Moderate,Moderate,0.00012008496237537949,0.3175747785457066,3.973255636788248e-06,0.6822558251438927,4.5338092388680445e-05
S04216000_20210803,Moderate,Moderate,9.326121680074104e-08,7.19140667186827e-06,1.3089768621132981e-08,0.9999926395501547,6.269218803913547e-08
S04216000_20220829,Moderate,Poor,4.428418513397899e-05,0.0069901205807893696,0.001959912867466285,0.2647809883768827,0.7262246939897277
S04216050_20130610,High,High,1.0837166640796024e-07,0.0033239209009468633,0.9966756609871037,2.826867553670843e-07,2.7053527751709414e-08
S04216050_20140625,High,High,8.132365231040595e-09,0.004449524625256618,0.9955504622829462,4.553677272504582e-09,4.057547201604338e-10
S04216050_20150908,Moderate,Moderate,2.4066381609262307e-05,0.35490320581932294,1.1669477561016097e-05,0.645043839666048,1.721865545882977e-05
S04216050_20160929,Moderate,Moderate,9.680779259052755e-06,0.15355863508727463,4.5175901874828684e-05,0.8460741981308665,0.00031231010072500223
S04216050_20181003,High,High,1.2597591402291583e-09,0.0005885451734976663,0.9994114059083168,4.0634375389836983e-08,7.02405102663635e-09
S04216050_20200909,High,High,5.757020737372982e-07,0.02697108108184008,0.9730020447626644,1.2835191571574808e-05,1.3463261850316601e-05
S04216050_20220801,High,Good,1.9923206809535475e-05,0.823991014930164,0.1516453735975225,0.023933705932298,0.0004099823332057828
S04217100_20130613,High,High,9.335307508427377e-09,0.00014001129169101682,0.9998598546371029,7.585646085136517e-08,4.887943766592692e-08
S04217100_20140625,High,High,1.7996354437900933e-05,0.04281317271398077,0.9563794569408149,0.0007830421404896298,6.331850276775873e-06
S04217100_20150709,High,High,1.1182685572075774e-06,0.11376628040348438,0.8862096583479651,2.2714992515892986e-05,2.2798747746032995e-07
S04217100_20180705,High,Good,1.8381493539145508e-05,0.8585064554600671,0.13401671645840213,0.007456413082214656,2.0335057770282606e-06
S04217100_20190829,Good,Good,1.5850559926655465e-05,0.9936029748607951,0.001729120486393724,0.004649528384366697,2.5257085177169233e-06
S04217100_20200702,Good,Moderate,0.002475077546496181,0.11771483081460724,0.23848415872774847,0.6386808516443041,0.0026450812668439936
S04217100_20210526,Moderate,Moderate,1.169616103903133e-06,2.37910241102141e-05,7.879204922503065e-09,0.9948334837632148,0.005141547717366236
S04217100_20220602,Good,Good,2.5312527047376632e-05,0.9597621176961848,0.00010403292595265712,0.040094214852025294,1.4321998789955314e-05
S04217400_20120629,High,High,1.2568698509516003e-09,0.00012093792235453416,0.9998790327773632,2.7978002267204363e-08,6.541015295574553e-11
S04217400_20130620,Good,High,1.2661852041043714e-09,2.3007962861875506e-05,0.9999769855649544,4.9915774955291925e-09,2.1442104552686268e-10
S04217400_20170725,High,High,5.705638115384643e-11,5.627326076306089e-06,0.9999943724779662,1.011676835612158e-10,3.7733519210009814e-11
S04217400_20180704,High,High,5.8744036734289345e-09,0.00012784931553937835,0.9998721144489573,2.8877964566463822e-08,1.4831350850745398e-09
S04217400_20190710,High,High,7.682318448810816e-10,6.526689706764404e-05,0.9999347284649167,3.865409545055491e-09,4.3743219811265995e-12
S04217400_20200708,High,High,2.4711210149438178e-08,0.000592120651390004,0.9994076204340617,1.0741565977659714e-07,1.267876783944007e-07
S04217400_20220602,High,High,9.307305377145393e-08,0.016169010651095453,0.9838296342922991,1.0071494796562005e-06,2.5483407198511373e-07
S04217445_20170529,Good,Good,1.3249617728784218e-05,0.9883644398088475,0.011366401729113235,0.00014829560743704972,0.0001076132368735488
S04300000_20160706,High,High,9.749186066806125e-07,0.009074052656419338,0.9908742105728537,5.060270521452263e-05,1.591469057973636e-07
S04300000_20170802,Good,Good,1.8967339270478857e-06,0.9772705504787466,0.022681681671692867,4.562053598291452e-05,2.5057965078219005e-07
S04300000_20180711,High,High,1.3136433870578453e-07,0.22744849707612966,0.7725509064506111,4.3181490087212814e-07,3.3294019662600625e-08
S04300000_20190821,Good,Good,2.0004123118604382e-05,0.9940353591855609,0.003531997527972107,0.0023991753371692248,1.3463826179245268e-05
S04301000_20190516,Moderate,Good,1.8856654895647285e-05,0.7847973197021727,0.0009473461013713253,0.21369512441568686,0.000541353125873264
S04304000_20170516,Moderate,Moderate,8.519543637692653e-08,0.0011908957524576717,2.3467205026644543e-10,0.9986968369688298,0.00011218184860405508
S04304000_20180516,Good,Good,1.2902068314727758e-07,0.9999371025336672,1.2200229907072287e-05,5.0196809288642426e-05,3.7140645393106853e-07
S04304001_20210914,Moderate,Moderate,7.802787449577938e-06,0.1934940865340232,6.328300750278233e-07,0.8064720797321117,2.539811634060743e-05
S04304002_20200907,Good,Moderate,8.506348890900304e-06,0.004865075460650083,2.631593236396723e-05,0.9950582350118115,4.186724628370713e-05
S04304002_20210902,Moderate,Moderate,1.855826886601136e-05,0.01731281722466572,7.564660008117796e-05,0.9819506597919538,0.0006423181144333201
S04304011_20210610,Moderate,Moderate,1.1330250024445708e-07,0.00047966764586712847,3.429763084387139e-10,0.9995200406327284,1.7807592801748415e-07
S04304013_20180626,Good,Moderate,1.3675013371510129e-05,0.006105074894374109,0.00021547565891082764,0.9936508734303624,1.4901002981233584e-05
S04304014_20200609,Moderate,Moderate,1.0403934538972778e-06,0.0013716424145248363,1.2990168809425925e-06,0.9983338202294136,0.00029219794572666393
S04304014_20210914,Moderate,Moderate,3.6966812399126844e-08,5.185055400258345e-06,1.2609858195827404e-10,0.9999857859960469,8.991855641896815e-06
S04306002_20130626,Good,Good,1.2171567250327338e-05,0.9508682300623172,1.3859809509990931e-05,0.049105602196076646,1.3636484585732978e-07
S04306002_20160525,Moderate,Moderate,2.582590517416675e-06,0.11228682254636357,2.63626112142714e-07,0.8877102785087948,5.272821210550859e-08
S04306002_20180515,Moderate,Moderate,1.213950119826291e-05,0.44226056276705983,1.2805634039441192e-06,0.5576715552257023,5.446194263568789e-05
S04307016_20210609,Good,Good,2.3546815001178193e-05,0.9475808836460169,0.00023971969100567358,0.05214929765256947,6.552195406775684e-06
S04307016_20220602,Good,Good,2.753513511780156e-06,0.9773016894171253,2.2066287364992986e-06,0.022691755057032515,1.5953835939664941e-06
S04308000_20130624,Good,Good,0.02005374490569273,0.549111620744719,0.012025355914801517,0.41374291411656394,0.005066364318222857
S04308000_20160816,Good,Good,3.3471756910954466e-06,0.9991326105388921,0.0008581890408348747,5.495849119932192e-06,3.5739546200641523e-07
S04308000_20170516,Good,Good,1.967935349750908e-06,0.9960644685083652,2.2134602930477522e-06,0.003927027464486818,4.322631505111236e-06
S04308000_20220531,Good,Good,3.168153500828261e-08,0.9997336780249725,6.461103462238754e-08,0.00026622291825878903,2.7641989441870558e-09
S04310000_20130625,Moderate,Moderate,5.268606615250195e-06,0.04437402882603226,2.822150622579099e-07,0.9555266708383413,9.374951394893411e-05
S04310001_20120725,Moderate,Moderate,7.063449601847616e-06,0.01676275991731309,7.935295254617149e-07,0.98322921447479,1.6862876960250671e-07
S04310001_20180829,Good,Good,4.286240274679148e-08,0.9999930281690436,1.6248621211629942e-07,6.062942300171669e-06,7.035400414351193e-07
S04310001_20190514,Moderate,Good,6.508727874849474e-06,0.7443271841428771,5.010498714160625e-07,0.255663963175177,1.8429041997335753e-06
S04311000_20120725,Good,Good,1.1791205888964683e-06,0.9250446905145348,4.3544014023101523e-07,0.07495338429142073,3.106333152630155e-07
S04311000_20150812,Good,Good,8.482891257374393e-08,0.9999470750788901,5.427105777661288e-06,4.740035955163571e-05,1.2626868102149385e-08
S04311000_20210504,Moderate,Good,1.4244251788376975e-06,0.8507077664014275,2.0761451827553794e-06,0.14928807934443572,6.536837752591592e-07
S04311002_20150814,Moderate,Moderate,1.098648608389749e-06,0.06982669327029824,1.7312010560483945e-07,0.9301717021024652,3.3285852250106823e-07
S04311002_20180817,Good,Good,8.062793904790974e-07,0.7081008946784078,2.050560067903573e-07,0.2918979213489842,1.726372107013454e-07
S04311003_20160825,High,High,3.592248520813446e-09,0.0006347640920237052,0.9993652090311539,2.1370635075789665e-08,1.913938828089515e-09
S04311025_20190723,Moderate,Moderate,3.0759746229497458e-06,0.3193181765914995,3.949456371958339e-05,0.6806389466956331,3.061745250005871e-07
S04312007_20210914,Good,Good,1.0901614373439209e-05,0.9992426323644161,0.00027354654145520527,0.00047263729649389935,2.8218326134684583e-07
S04312010_20210914,Good,Good,0.0002745911007680038,0.8945407908803793,1.4195198223705432e-05,0.10510301225995473,6.741056067432086e-05
S04313000_20160825,Moderate,Moderate,3.308257117382387e-07,4.226003755452436e-06,5.11763207770319e-08,0.9998752145559299,0.00012017743828223098
S04315001_20130716,Moderate,Moderate,1.0901993465534862e-06,0.021212897301256646,7.458185722936512e-08,0.9787859046057727,3.331176681981204e-08
S04316000_20130725,Moderate,Moderate,3.21780953966358e-07,0.02422470229233232,2.8422651028630535e-08,0.9757749385464075,8.957655068536287e-09
S04316000_20180913,Good,Good,1.7647449471838062e-07,0.9996200899710951,4.6115664183595365e-05,0.00033361657866270826,1.311563951555921e-09
S04316001_20130715,Moderate,Moderate,4.264098521900337e-05,0.3534160715540228,4.309214967934838e-07,0.6465407645091173,9.203014398024332e-08
S04316001_20200618,Moderate,Moderate,2.1388008018528582e-07,0.004707175086988294,5.193269129815069e-07,0.9952920872132531,4.492765351563497e-09
S04319000_20130724,Bad,Bad,0.8234759942337191,4.689688339727764e-08,1.7394394156332967e-08,0.016509825961875894,0.1600141155131275
S04319000_20160809,Moderate,Moderate,0.000493282260280698,1.3188768255420331e-05,2.0115270673998505e-06,0.9881014658029539,0.011390051641442628
S04322000_20120806,High,High,1.077447534952653e-09,0.0001499023651942789,0.9998500958225652,5.14214771193655e-10,2.205782003820447e-10
S04322000_20130618,High,High,1.8704759738010685e-08,0.0004475598215844043,0.9995523574201438,6.159343454783153e-08,2.4600775589452317e-09
S04322000_20140722,High,High,1.7248690188299589e-09,1.248478147796475e-05,0.999987501771354,3.036299999482835e-09,8.685998974279554e-09
S04322000_20150622,High,High,2.2206571270709795e-08,0.02304898770515357,0.9769509798984582,9.328684667495537e-09,8.61132208440589e-10
S04322000_20170629,High,High,7.982893896469815e-09,0.0007773472903452784,0.9992226376719493,6.704684717423573e-09,3.5012679323720274e-10
S04322000_20180717,High,High,3.000085479750586e-09,0.00047273196687915226,0.999527264445804,5.522935301399309e-10,3.49377742447181e-11
S04322000_20190910,High,High,6.378056186628607e-09,0.004459808485227433,0.9955401845030728,5.262878298703414e-10,1.0735577397798285e-10
S04322000_20200619,Good,High,9.633145462394623e-09,0.00930495625922239,0.990695019291515,1.4435626266605221e-08,3.804909486580967e-10
S04322000_20210818,High,High,1.7773028892949293e-09,0.00024078797824176164,0.9997592100840479,8.615083232434367e-11,7.425651206040435e-11
S04322000_20220916,Good,Good,2.2451022741903893e-05,0.9688070375437251,0.026454442239180174,0.004646874459168753,6.919473518409733e-05
S04323000_20210817,Good,Moderate,3.0855225333184005e-05,0.4779783371292406,0.0004968402523033593,0.5214403261059427,5.3641287180169914e-05
S04325000_20160823,Good,Good,3.871286816186725e-06,0.9871339922760258,7.839910693841648e-05,0.012783378194064828,3.591361547189564e-07
S04325001_20210817,Good,Good,1.4307075186553019e-05,0.9754976843868112,6.319173807915066e-06,0.02447865169047639,3.0376737179576576e-06
S04325006_20130722,Moderate,Good,4.206696121283222e-06,0.7922028769694901,2.99331008539749e-06,0.20778927164003325,6.513842699582284e-07
S04325006_20160823,Moderate,Moderate,8.045505854069747e-07,8.228615543651745e-06,2.0991980979704043e-08,0.9998811208901403,0.00010982495174962167
S04325006_20170601,Good,Good,1.5513448279785246e-06,0.9874021944626121,4.075395755820829e-07,0.012595203256733113,6.433962512750273e-07
S04325006_20220915,Moderate,Moderate,3.891839582955309e-05,0.014392734200252912,3.736977286726685e-05,0.9854907598764915,4.021775455864724e-05
S04332000_20170801,Good,Good,4.822239257305654e-07,0.9997320722227796,0.00025536603950282986,1.1931854438155388e-05,1.4765935369648943e-07
S04332001_20120619,Moderate,Moderate,6.679475802010088e-06,0.46055916729652996,5.837928977509423e-07,0.5394334236377867,1.4579698362583605e-07
S04332001_20190918,Good,High,1.6343647600657893e-05,0.08426473846718525,0.911625383881511,0.004080998756065541,1.2535247637561625e-05
S04334000_20210531,Moderate,Moderate,2.269299976231533e-05,0.3963383092432655,0.00027680919005635465,0.5598377664335068,0.04352442213340912
S04335001_20130708,High,Good,4.2948089133023523e-07,0.5019493574374196,0.4980494380928076,7.713752524297728e-07,3.613629057464623e-09
S04335001_20210531,High,High,5.983976190078287e-10,2.65750803280054e-05,0.9999734236620934,1.1160926000826153e-10,5.475716283412966e-10
S04335002_20190919,High,High,1.7404597604067507e-09,0.0003628725135287187,0.9996371253933024,3.1844272033373456e-10,3.4266425695309844e-11
S04337000_20191015,High,High,1.5054659384118742e-10,7.5335117232535045e-06,0.999992466331113,5.004681469413951e-12,1.6124755127056083e-12
S04338000_20120703,Good,Good,4.251778746437548e-06,0.9500949696901206,0.049867902260295305,3.278020522577631e-05,9.606561199756751e-08
S04338000_20130708,High,High,7.198869918933645e-10,3.273933168057937e-05,0.9999672598720718,4.761547398466964e-11,2.8745068731237976e-11
S04338000_20140805,High,High,5.379792871811292e-08,0.017507735001651686,0.9824921925593533,1.785740605933663e-08,7.836603035676323e-10
S04338000_20150623,High,High,2.6935196614362123e-05,0.4109240598664821,0.5879993237670424,0.0010489154236823482,7.657461786631044e-07
S04338000_20170704,High,High,7.757408418402268e-09,0.0003247049842554197,0.9996752869264105,1.3849225465301892e-10,1.934334379076509e-10
S04338000_20180806,High,Good,2.167369405830104e-06,0.6493774296129716,0.3505961086278558,2.3946862632335352e-05,3.475271344748926e-07
S04338000_20180904,Good,High,2.08379260313323e-07,0.07213242924379695,0.9278634159908213,3.9254600223851315e-06,2.0926099031276923e-08
S04338000_20190709,Good,Good,4.530623794704755e-06,0.5300050707742847,0.46983883020945655,0.00014845746266405144,3.1109297999812728e-06
S04338000_20200622,High,Good,3.1789304676169096e-06,0.5170454540832371,0.4817747775976548,0.0005922537693789807,0.0005843356192613491
S04338000_20210624,High,High,1.701044439366668e-08,0.0060472363395687265,0.9939527341012693,9.607069029623518e-09,2.9416485787260942e-09
S04338000_20220809,High,High,5.362863101508135e-06,0.4728115600996944,0.5271610345966047,1.4096515531864787e-05,7.945925067730255e-06
S04338001_20160804,High,High,1.571648785451763e-10,2.544008893102281e-06,0.9999974553662264,4.637570736422035e-10,3.958652542254455e-12
S04338001_20170823,High,High,1.122073300519592e-10,1.146703498589259e-05,0.9999885308336972,2.01673812118339e-09,2.37135235846342e-12
S04338002_20180626,High,High,1.778831727534648e-08,0.0003764137036629429,0.9996233581732583,2.092493978646375e-07,1.0853635519812588e-09
S04338003_20180626,Good,High,1.8432320022514936e-06,0.15747666541211738,0.8423154023769068,0.0002060606799575226,2.829901601931799e-08
S04338003_20191015,Good,High,2.2834418572770028e-06,0.4823293276687197,0.517546030513308,0.00012117029617422724,1.1880799409047036e-06
S04338004_20160803,Good,Good,2.9384606519735504e-06,0.9808415260873855,3.901658875495778e-05,0.019116300478311147,2.183848962960686e-07
S04338004_20170823,High,High,3.095031213401834e-08,0.004917832552195414,0.9950821318590469,4.303857665088748e-09,3.345877308712299e-10
S04338005_20160803,Good,High,7.627763103243363e-07,0.00763435523356374,0.9923502456472948,1.2556102661485973e-05,2.0802401697156847e-06
S04338005_20170823,High,High,1.4190305541759975e-07,0.03386716432483521,0.96613087007053,1.7606284242918968e-06,6.307315496641782e-08
S04339000_20170817,High,High,8.839503842101054e-08,0.0758852927052706,0.9241131559483972,4.082763834173559e-07,1.0546749104137522e-06
S04339000_20190709,High,High,1.9343037768340483e-06,0.03606291972980931,0.9621519570215626,0.00011033391778846956,0.0016728550270628023
S04339000_20210831,High,High,2.3416136603422998e-07,0.025089772840152604,0.9749098952747239,7.10653156857548e-08,2.6658441874095757e-08
S04339001_20170822,Good,Good,4.455818512842684e-06,0.9643193875888263,0.035597240347357756,7.273985009064684e-05,6.176395212498152e-06
S04339001_20190606,Good,Good,3.0692191130639505e-06,0.9964112181650322,0.0035625133340892196,2.283583750322576e-05,3.634442623978018e-07
S04339001_20210901,Good,Good,5.769578614835431e-06,0.8860848593848673,0.11376840063868957,0.0001352637594963438,5.706638332034227e-06
S04339002_20190606,High,High,9.416803944106304e-11,1.4139284090177072e-06,0.9999985859676515,7.707075892679504e-12,2.0644690997119185e-12
S04339003_20130805,Moderate,Moderate,4.9990476052349424e-05,0.0804140397078844,6.620329678663692e-08,0.9194123315109287,0.00012357210183776678
S04339003_20180807,Poor,Poor,1.9270520624688003e-08,1.0983198224441975e-09,8.065652286135888e-09,0.015774762629179425,0.9842252089363279
S04340003_20190605,High,Good,2.89813602298254e-07,0.9222532488878091,0.07774630731069802,1.5174048891415245e-07,2.2474016067878987e-09
S04341001_20130806,Good,Good,7.315020769946069e-05,0.8240962440917488,0.09021123726468976,0.08561354257365,5.825862211816951e-06
S04341001_20210705,Good,High,3.6401564128649114e-05,0.382524623835943,0.6158316112138763,0.0014987401659498926,0.00010862322010223202
S04341002_20130807,Good,Good,1.0769416335900361e-06,0.999078619411787,0.000900557544364159,1.9698168474319544e-05,4.7933741049764117e-08
S04341002_20190605,High,High,1.0779404763641875e-08,0.00012115098128699275,0.9998767742491705,1.8272569236148472e-06,2.3673321402344951e-07
S04341006_20120607,Good,Good,8.294317372797909e-06,0.9396176148569482,0.00998558932769835,0.049693341155672706,0.000695160342307896
S04341007_20200707,High,High,2.7318379898539766e-07,0.008470250052291626,0.9913470132355086,0.00018191840709586,5.451213050447768e-07
S04341009_20170822,High,High,1.685872985446627e-08,0.006898756284255903,0.993101150934057,2.010637863977438e-08,5.581657838718368e-08
S04341009_20190903,High,High,1.0112407407542457e-08,0.0010220091548875756,0.9989778464706562,1.1757036971426726e-07,1.669167916934752e-08
S04341009_20210901,Good,High,6.1812368022986715e-09,0.00014059594938823324,0.9998593931369155,2.972408566156e-09,1.7600508655915681e-09
S04344000_20130806,High,High,6.806559871641269e-10,3.3119698331821066e-05,0.9999668794004111,1.957328714427772e-10,2.4868273188273644e-11
S04344000_20210705,High,High,3.757198068380661e-11,7.346970705552922e-07,0.9999992652155716,3.43894885831712e-11,1.5396355195184735e-11
S04344001_20130729,Good,Good,8.965821263815075e-05,0.9890866582287076,0.0004377166598693502,0.010164918718732957,0.00022104818005199686
S04344001_20210705,Moderate,Moderate,3.9658249097088116e-05,0.31172225896007866,0.002865802483384286,0.6206922765045104,0.06468000380292957
S04345000_20190521,High,High,1.0334080361358374e-08,0.0006230804234633592,0.9993763492276216,5.497569190829985e-07,1.0257915409513614e-08
S04345001_20190702,High,High,1.1604754195867908e-10,3.3415601025169817e-06,0.9999966581470803,1.6492833971506186e-10,1.1841426041981171e-11
S04345002_20190702,High,High,6.562696557134979e-11,1.7992265722099681e-06,0.9999982003824383,3.243197290337465e-10,1.0429329102705347e-12
S04345003_20130731,High,High,2.4041577546006228e-08,0.00026198562806014605,0.999737983372216,6.604918288112772e-09,3.5322802412794796e-10
S04345003_20190702,High,High,5.543738505973374e-11,1.2863569295754952e-05,0.999987135608283,7.541112526507838e-10,1.2872628407200646e-11
S04346001_20200707,High,High,3.025555334160735e-07,0.09462999733278446,0.9053622743568525,7.409189384847451e-06,1.6565444893757067e-08
S04347000_20190704,Good,High,4.811014186476594e-07,0.2293315441447815,0.7706673734149124,5.431160841483997e-07,5.8222803322104387e-08
S04347001_20150813,Poor,Poor,1.5522306545195374e-07,2.044532278299284e-09,2.64724039054198e-10,0.29754890337469725,0.702450939092981
S04347001_20210913,Good,High,4.05200920978224e-06,0.0025047749750820663,0.9724721757798098,0.020617741834194264,0.004401255401703977
S04347003_20150813,High,High,6.775820329092908e-10,1.7825507462982547e-05,0.9999821725269717,9.875989335371717e-10,3.0038443553912066e-10
S04349000_20170704,Good,Good,1.0098123657362072e-05,0.998424013518658,0.0011984193162196785,0.0003311844211656603,3.6284620299375484e-05
S04349000_20180809,High,Good,8.205006962564518e-06,0.9916357756038261,0.008302564298156071,4.633508946646771e-05,7.120001588802055e-06
S04349004_20130801,High,Good,8.304838697485203e-07,0.9588677430919117,0.04112666624991434,4.739921215832029e-06,2.0253088285832596e-08
S04349005_20130801,High,High,5.2692731970322786e-08,0.011916714609134717,0.9880831965281202,3.528704430398975e-08,8.829689393632807e-10
S04349005_20210706,High,High,1.011811944128962e-08,0.0002727413456475967,0.9997272450340368,1.3541037792850686e-09,2.148092302996028e-09
S04353000_20180827,High,High,1.328636411888271e-06,0.029171907671307312,0.9708204304659034,5.2127907359753324e-06,1.120435641540148e-06
S04353000_20190910,Moderate,Good,4.353485035641513e-05,0.9064638135152033,0.06446048580310025,0.029015548402206777,1.6617429133143852e-05
S04353001_20190910,High,High,2.016018388700379e-06,0.18168689074572963,0.8183042939674533,6.7348973500464034e-06,6.437107830389539e-08
S04353002_20191015,Good,Good,1.9538581025816337e-06,0.9917229256209259,0.00826913264031248,5.976907057305746e-06,1.0973601768904726e-08
S04353003_20190910,Good,Good,2.465175635278507e-06,0.9954823682916177,0.004479813862318809,3.500865736107824e-05,3.440130671666228e-07
S04353004_20191015,Good,High,1.4438816631407122e-06,0.14453782728381734,0.8554479960375393,1.2391482227598065e-05,3.4131475253963427e-07
S04354000_20180716,High,High,8.276861204682766e-09,0.0003354001544713595,0.9996645830565375,8.326246178786647e-09,1.8588370103019583e-10
S04354000_20190717,High,High,6.904081608369454e-08,0.0025366695689411837,0.9974632253338176,1.4869400476754972e-08,2.118702469094692e-08
S04355000_20180717,High,High,1.716308630027516e-07,0.0038297334746096455,0.9961658223594353,1.0441367360485589e-06,3.2283983560359585e-06
S04355000_20190717,High,High,1.3919809780359608e-09,4.7261231219315525e-05,0.9999526931010728,4.393452978634602e-08,3.4119710644869176e-10
S04355000_20220823,High,High,2.2795157262026658e-08,0.00025869342580359437,0.9997412493583424,2.4220108218792596e-09,3.1998686013851424e-08
S04355001_20190828,High,High,1.03622154508972e-09,5.726456130048512e-05,0.9999426841415525,5.019457282498841e-08,6.635248880465779e-11
S04355002_20190718,High,High,7.275902150107464e-08,0.0697051005102454,0.9302945498996396,2.735656801101092e-07,3.2654135335383863e-09
S04355003_20190718,Good,Good,6.119686443085302e-06,0.6657545168385088,0.3342332268284535,5.439967375269295e-06,6.966792194261637e-07
S04355004_20190717,High,Good,4.5520297671612675e-07,0.9982272014080078,0.0017677657520507534,4.348455584413711e-06,2.2918138037263986e-07
S04357001_20190828,High,High,6.598637156881694e-08,0.0015262152107478194,0.9984735726804402,1.3899198726373415e-07,7.130453150403412e-09
S04357002_20180703,Good,Good,0.0005276585049145449,0.9488121874144608,0.0029933956863161713,0.046739538652254366,0.0009272197420542289
S04357002_20190827,High,High,1.2741630277186916e-05,0.4569131964953641,0.5404659802656068,0.0025116310852177238,9.645052353436781e-05
S04357003_20190828,Moderate,Moderate,4.874433559563381e-05,0.047506271255517686,8.455119333478487e-05,0.9523059260703626,5.450714518925889e-05
S04357003_20220801,Good,Good,7.384855525887167e-06,0.972319670513273,0.0017855905513090914,0.023361837122967286,0.0025255169569248256
S04360000_20201013,High,High,2.902406769284634e-08,0.0005229814067400239,0.9994755025251929,2.0902418025311478e-07,1.2780198191280533e-06
S04360001_20160803,High,High,7.16825665119211e-08,0.003612754197567914,0.9963846886685914,2.1133890096063488e-06,3.720622645546963e-07
S04360001_20170705,High,High,1.0391760274234069e-09,5.938807262411534e-05,0.9999405903388797,1.6832210428118e-08,3.7171097047942752e-09
S04360001_20220602,High,High,9.644334152389186e-07,0.02046129987665785,0.979510649626372,2.106831347663752e-06,2.4979232207101213e-05
S04360004_20120809,High,High,4.441558533167527e-09,0.00011080734141571929,0.9998886176461698,3.668333077629606e-08,5.338875250843583e-07
S04360005_20180904,High,High,1.2047094586198098e-08,0.0018060830501435059,0.998193885687412,1.6932909342179186e-08,2.2824406779709197e-09
S04360005_20190827,High,High,3.7473595587545504e-09,0.00019387789460016902,0.9998061125061145,5.5599352809410125e-09,2.919905049847711e-10
S04364000_20180704,Good,High,4.2766661816528585e-05,0.10740624324311111,0.8869149954748619,0.0025235928256302767,0.0031124017945802288
S04364001_20160607,High,High,1.1333490734488257e-06,0.010089930809833334,0.9898352609939499,7.328165633133202e-05,3.9319081182895135e-07
S04366000_20140731,High,Good,1.4099472830903119e-06,0.6643044775961853,0.3356939652958407,1.3608839927464994e-07,1.1072291692581618e-08
S04366000_20210526,Good,Good,1.0037941497720831e-06,0.9998811834463337,6.184495315216784e-05,5.397429345459384e-05,1.993512909807384e-06
S04370003_20180726,Moderate,Moderate,3.47442486572654e-08,0.0002570891284573353,1.0484824882919615e-08,0.9997406758244098,2.1898180592913863e-06
S04370003_20190625,Moderate,Moderate,4.814592560966493e-07,0.008825647162784655,6.347513223912004e-08,0.9911653149857237,8.492917103402043e-06
S04370006_20160705,Moderate,Moderate,1.4660442032783117e-06,8.262568544768122e-08,3.858873485690439e-09,0.9999691954218283,2.9252049409424157e-05
S04370006_20170710,Moderate,Moderate,6.015836975780565e-06,0.13028550389576843,1.510573964851905e-06,0.8696357095169345,7.126017635639714e-05
S04370006_20180720,Moderate,Moderate,2.2080758791405126e-07,2.4537200851911146e-09,9.241445016576247e-10,0.9998814905541757,0.00011828526037167212
S04370006_20190715,Poor,Poor,1.4454595435710953e-06,5.296815237850329e-08,4.733126732752754e-09,0.16427462857056216,0.8357238682686152
S04370006_20200604,Poor,Moderate,4.7230609062086613e-07,1.4016571597982406e-07,2.488437068872263e-09,0.7670986575232331,0.23290072751652327
S04370006_20210608,Moderate,Moderate,1.0969091472577272e-06,0.031828382872594235,1.830958963062585e-07,0.9681498383161594,2.0498806202875152e-05
S04371001_20180828,Good,Good,0.00020594694014778645,0.8467498716606925,0.0015358931095756634,0.15148743260028164,2.0855689302459166e-05
S04371001_20190710,Good,Good,4.420927346868196e-05,0.7799647808866892,0.00056164443851198,0.2194228455962719,6.519805058181124e-06
S04371001_20220818,High,Moderate,8.831118521356931e-06,0.09178013721829484,2.2421608676365613e-06,0.9080963206293324,0.00011246887298381921
S04371002_20180827,Moderate,Good,0.00029443203396974836,0.5379089341403638,0.3965256270795586,0.0602089311953441,0.00506207555076385
S04371002_20190823,Good,Good,0.00011519292817739882,0.5067182454229902,0.3435926270463457,0.14241346030387395,0.007160474298612849
S04371002_20220818,Good,Good,0.00052146037903872,0.8089426766476664,0.0005962097136212276,0.18993720412015008,2.44913952369174e-06
S04371007_20180516,Good,Good,3.705955609011105e-05,0.6400996515971142,3.073773676565292e-06,0.3575051611159308,0.0023550539571883795
S04371007_20190515,Moderate,Moderate,7.000171972557984e-07,0.018938118848394466,2.5316056377076637e-07,0.9623739377632942,0.01868699021055028
S04371008_20160705,Moderate,Moderate,9.051505808960863e-07,7.419066849993989e-06,8.468692270289971e-09,0.9999769959692542,1.4671344622528747e-05
S04371008_20170731,Good,Good,1.916627893626307e-05,0.8648607342415053,5.983719398675648e-06,0.13510379370295375,1.032205720595982e-05
S04371008_20180719,Moderate,Moderate,6.372865096650973e-08,4.9857447932258316e-05,5.255959821847113e-09,0.9999499047257774,1.6884167947636235e-07
S04371008_20190716,Moderate,Moderate,6.108842570986353e-07,0.17811619704905748,2.606720071047998e-07,0.8218805782978857,2.353096792624795e-06
S04371008_20200604,Moderate,Moderate,8.228429251888899e-08,0.0006801522233915496,2.9448847548033044e-09,0.9993165116770397,3.2508703913484646e-06
S04371008_20220603,Moderate,Moderate,4.321086628468638e-07,0.028413509913339338,5.011894848811492e-08,0.971584400281671,1.6075773783140677e-06
S04372004_20210617,Moderate,Moderate,3.063838800823677e-07,0.0005323671246904562,6.642299648661094e-08,0.9994671511198346,1.0894859836389561e-07
S04372004_20220602,Moderate,Moderate,8.54227860750749e-08,2.9277194717519907e-05,1.7182194539831865e-08,0.9999706039222201,1.6278081741588312e-08
S04373006_20180801,Moderate,Moderate,8.198972391848319e-08,0.00017386012039121562,1.0760371849122671e-08,0.9998260280110813,1.9118431723856617e-08
S04373016_20180802,Moderate,Moderate,2.001942218750902e-07,0.00030992668674456315,1.3862998136386063e-07,0.9996891656409967,5.688480554273051e-07
S04373017_20160602,Moderate,Moderate,4.835410303058026e-07,0.0003131281020177048,9.95998668053532e-08,0.9996862459532201,4.280386515443253e-08
S04373017_20180802,Moderate,Moderate,1.3475034030426487e-06,0.0002981203847739382,1.430410375317793e-07,0.9995174990044045,0.00018289006638108065
S04373018_20160603,Moderate,Moderate,2.134449143106637e-07,0.0034908965416611862,7.411745227654548e-07,0.996508081637987,6.720091481096057e-08
S04373018_20180801,Moderate,Good,1.929723879438462e-07,0.9728722341859259,1.8669782735634533e-08,0.027127378386404496,1.7578549874175296e-07
S04373019_20160603,Moderate,Moderate,5.4770246162195936e-08,6.50271190785411e-05,5.6258314717869756e-09,0.9999348910908767,2.1393967094241212e-08
S04373019_20180802,Moderate,Moderate,1.3680900195165444e-06,0.004899479421462399,6.473209291617121e-07,0.995094993693279,3.5114743098533485e-06
S04374000_20180627,Poor,Poor,3.421874052843734e-07,0.00012716975822552544,5.6805940642229116e-08,0.35654587468091375,0.6433265565675148
S04374000_20210607,Moderate,Moderate,1.0764489571987813e-07,4.1697814363052345e-05,3.980979895720473e-09,0.999943093286978,1.5097272783340893e-05
S04374000_20220614,Moderate,Moderate,2.1017780462155142e-07,0.00024063928467572544,5.356022644388733e-09,0.9997316520147802,2.7493166716797752e-05
S04374002_20150622,Moderate,Moderate,1.1681300607302344e-07,0.00030253764846817946,2.2950620111941362e-07,0.9996967587593779,3.572729466521217e-07
S04374002_20170517,Good,Good,1.1928589205274115e-06,0.9999199050649678,6.552574774241335e-06,7.145373633434389e-05,8.957650031066558e-07
S04374002_20190516,Good,Good,4.965488849071484e-06,0.9933483552826999,9.329393258835408e-07,0.006609924600176497,3.5821688948530164e-05
S04374005_20180905,Moderate,Moderate,1.182986920648027e-07,0.0009226596894744952,1.5607731114116772e-07,0.9990763001143386,7.658201838218748e-07
S04374006_20200609,Good,Good,1.2536403611934669e-05,0.9596075858343208,8.898975145620889e-05,0.04027403383342932,1.6854177181663077e-05
S04375000_20220504,Good,Good,4.0456448173881463e-08,0.999675085561603,0.00032405419256573907,7.6744980381217e-07,5.233957917293798e-08
S04375001_20170517,Moderate,Moderate,3.256012677617131e-06,0.0031181377224506674,6.362474723266539e-07,0.9932783489734085,0.0035996210439908647
S04375001_20190516,Moderate,Moderate,3.473730339321243e-08,1.3411086440482997e-06,4.586193343064972e-08,0.9999833498148242,1.5228477295022094e-05
S04375008_20220705,Moderate,Moderate,7.09667400528489e-07,0.0006518242951305033,3.8990203546666087e-08,0.9993473035470778,1.2350018753339632e-07
S04376000_20160708,Moderate,Moderate,6.593320431524566e-07,0.00042952952908830144,5.985977740461665e-08,0.9995649499524389,4.801326652187504e-06
S04376000_20170626,Moderate,Moderate,3.563408308598374e-08,0.0004049542779136841,2.433181389786213e-09,0.9995949253266548,8.232816691778504e-08
S04376000_20180830,Moderate,Moderate,2.1293688412141984e-07,0.0001826650539810437,1.5066873852882595e-09,0.9997109628418913,0.0001061576605561407
S04376000_20190708,Good,Good,8.884617842042991e-07,0.9817914393949381,3.471176343320032e-07,0.018205484742567477,1.8402830759364456e-06
S04376000_20200519,Moderate,Moderate,3.729745495819376e-07,7.751776475428848e-05,3.5074544129101354e-07,0.9998691691496892,5.258936556577876e-05
S04376001_20140613,Moderate,Moderate,1.2523760699642645e-07,0.0010055753369999523,3.277432194923434e-09,0.9989942069728114,8.917514948637831e-08
S04376001_20200701,Poor,Poor,8.793422549808344e-07,1.7577479552249002e-07,1.1350409647271635e-09,0.3698453004289142,0.6301536433189944
S04376001_20210607,Moderate,Moderate,3.530918777142376e-05,0.006361369602367642,2.5395817148338886e-05,0.9935461442176428,3.178117506989909e-05
S04376004_20160608,Moderate,Poor,1.1530129126718171e-05,0.0016059805006246543,2.809667025329082e-07,0.0110059383371982,0.987376270066348
S04376004_20180906,Moderate,Moderate,7.586144388773767e-05,0.012710503584274169,6.602851315150108e-05,0.9871414997181241,6.106740562443269e-06
S04376005_20160707,Moderate,Moderate,1.081715630711295e-06,0.0026104228426245854,1.5682443362874767e-07,0.997387739939534,5.986777770313746e-07
S04376005_20170626,Good,Good,4.2415613374123277e-07,0.9994524758853935,4.0519123434878054e-08,0.0005470233453570071,3.609399221838325e-08
S04376005_20180709,Moderate,Moderate,6.876296670771724e-07,0.005240853470104633,2.2939276096925844e-06,0.994582589630105,0.00017357534251371471
S04376005_20190704,Moderate,Moderate,2.6781903273392018e-06,7.168092875757095e-05,4.193937812196298e-08,0.9998695552773605,5.604366417647017e-05
S04376005_20200519,Good,Good,1.966216312701412e-06,0.9828616384366359,2.7175813279654396e-05,0.017108990672271878,2.28861499890627e-07
S04376006_20190607,Moderate,Moderate,2.4126162863590713e-07,1.7095446791752573e-05,8.780472291714722e-08,0.9997960638463279,0.00018651164052876
S04376007_20160707,Moderate,Moderate,1.4975006581754783e-08,3.1179688251753934e-06,4.1410116524206377e-10,0.9999968107073534,5.593471374009378e-08
S04376007_20170614,Moderate,Moderate,1.740642886149739e-07,3.449425259524638e-06,1.5107055674248138e-08,0.9999954527796443,9.086237519618816e-07
S04376007_20180709,Moderate,Moderate,1.4832857841541935e-07,9.185644196005213e-07,8.486763860616339e-09,0.9990776271211809,0.0009212974990572261
S04376007_20190704,Poor,Poor,7.870473650256026e-08,9.25060498570065e-09,1.2428597952747194e-10,0.06165695873221452,0.9383429531881581
S04376007_20200519,Moderate,Moderate,1.539035012731041e-07,0.0002291718054078987,3.557362037671223e-07,0.7644508688931708,0.23531944966171625
S04377001_20120628,High,High,4.247586511068098e-09,0.0011839121617925649,0.9988160834095194,1.5531962698933122e-10,2.5781869824635924e-11
S04377001_20130610,High,Good,8.580317627573613e-07,0.8051153563136776,0.1948810922921754,2.6220166462072275e-06,7.13457380303812e-08
S04377001_20140613,High,High,1.7966035841596017e-10,1.1068167366724019e-05,0.9999889306082609,9.689167924741483e-10,7.579515249881542e-11
S04377001_20150721,High,High,1.5277966278890318e-10,4.810277682618714e-06,0.9999951895564143,9.187844144263485e-12,3.935561614840873e-12
S04377001_20170706,High,High,1.1011723669216164e-06,0.14365363043994292,0.8563445851605526,6.12961322000543e-07,7.026581552636364e-08
S04377001_20190808,Good,High,6.574110310036919e-07,0.0698926067428343,0.9300969401252532,9.612554042656468e-06,1.831668387970199e-07
S04377001_20200626,High,Good,2.86883107661025e-06,0.6287259835048561,0.3712648927753402,5.989466080995427e-06,2.654226461625964e-07
S04377001_20210528,Good,High,1.0037668651814948e-07,0.05380011621060316,0.9461992564206276,5.079881976953067e-07,1.900388482782371e-08
S04377001_20220504,High,Good,2.1584544119669246e-06,0.992518920397221,0.007475045706426876,3.687110474603067e-06,1.883314655479063e-07
S04377002_20180830,Moderate,Moderate,3.3277748211100824e-07,0.000458055792009101,5.0927124497939425e-08,0.9995409529699967,6.075333876499152e-07
S04377010_20200610,Moderate,Moderate,1.1551814832141843e-09,4.382210833393156e-09,1.1011140495157563e-10,0.9997201327307421,0.0002798616217541968
S04377010_20210609,Moderate,Moderate,1.945806379388083e-09,1.2182815097318955e-05,2.426214722800183e-10,0.9999877846496493,3.034682553418456e-08
S04377010_20220705,Poor,Moderate,7.872687419480405e-08,2.3804118241807156e-06,1.417887536662082e-09,0.999726849400243,0.00027069004317114886
S04379000_20120628,Poor,Moderate,3.4506384409478644e-07,3.443204652928977e-05,2.149813847363136e-08,0.9833818799769418,0.016583321414546336
S04379000_20130715,Moderate,Moderate,1.0217808341490703e-07,1.3543429918419612e-06,3.859179548727873e-09,0.7977613243483314,0.20223721527141386
S04379000_20140708,Moderate,Moderate,1.7253118037940513e-07,5.8308244204078405e-05,1.9873251346766745e-09,0.9999411446059158,3.7263137464622354e-07
S04379000_20160701,Poor,Moderate,1.7359322991148844e-07,3.6164640620555494e-07,7.882293245061803e-10,0.9598299836121515,0.040169480359983106
S04379000_20170601,Poor,Moderate,1.8622770154730152e-07,1.8845406872908588e-05,6.440677324386674e-09,0.8898935153395128,0.11008744658523545
S04379000_20190625,Moderate,Moderate,1.657940229627574e-07,5.941596687098503e-05,1.2270417079546828e-08,0.9998640296538759,7.637631481309991e-05
S04379000_20200529,Moderate,Moderate,4.87718626056939e-07,0.0002263928727794372,5.348422954591666e-06,0.9912681631111333,0.008499607874506621
S04379000_20210615,Poor,Moderate,1.4256750999109876e-08,1.305927429605932e-08,2.767900861520068e-10,0.8700781015627218,0.12992187084446288
S04379000_20220509,Poor,Moderate,4.0690436075304474e-08,2.45889792202579e-07,2.1201483434256836e-08,0.741109735114763,0.2588899571035253
S04379005_20200604,Moderate,Moderate,6.354830558683634e-08,3.0991029563630568e-06,1.9054842251406737e-09,0.9999869508249074,9.884618346279464e-06
S04380000_20180717,High,High,9.638111107409855e-08,0.0024107096924715563,0.9975852315090769,2.5931931233331408e-06,1.3692242171455283e-06
S04380000_20190716,High,High,5.438935887464087e-08,0.00041225938800578,0.9995875038999859,9.39516621742583e-09,1.7292748337353386e-07
S04381000_20190716,Good,Good,7.5615164776553e-05,0.8608129715981638,0.0433587620696702,0.0938780679275004,0.0018745832398891706
S04381001_20190716,High,High,3.62508890529421e-07,0.16340814171621595,0.8365911954869478,2.924484264011381e-07,7.839519357944827e-09
S04391000_20180522,Moderate,Moderate,5.767847550349674e-08,1.6765356077700653e-05,2.2228594138983037e-09,0.999929608300638,5.3566441949279455e-05
S04391003_20180522,Moderate,Moderate,1.0241797298329923e-07,1.5441434932935824e-05,1.1900418447390099e-08,0.9981352475546873,0.0018491966919883572
S04391004_20180522,Poor,Moderate,1.59359715497705e-07,7.541595993164727e-05,6.0502248754976556e-09,0.7272069424776515,0.2727174761524765
S04392004_20180523,High,High,3.5988517463974758e-09,0.0001175849842873681,0.9998824038475882,3.807298416070784e-09,3.761974383274062e-09
S04393000_20180906,High,High,1.4637697713482898e-08,8.545036802273288e-05,0.9999143898973996,1.979897574542449e-08,1.2529790415931942e-07
S04522002_20120704,Poor,Moderate,6.544079201197073e-06,3.3170543950177296e-05,5.597208854541076e-07,0.9835621491445005,0.01639757651146274
S04522002_20130708,Moderate,Moderate,4.421787441687117e-06,0.12417124795537762,6.139321283455979e-05,0.8757612249501623,1.7120941839228306e-06
S04522002_20140826,Moderate,Moderate,4.719630782538734e-06,0.46531464493395813,1.6411707487476546e-06,0.5346788891956414,1.0506886921943245e-07
S04522002_20150707,Moderate,Good,4.013805826927109e-05,0.9823759735122102,0.0021266431080733932,0.01544389832908269,1.3346992364473474e-05
S04522002_20160707,High,High,7.406809491310499e-08,0.000961849362614341,0.9989471342311369,9.073079406009301e-05,2.1154409378468904e-07
S04522002_20170705,Moderate,Moderate,7.282607474969336e-05,0.29617762038125023,0.002102409224891403,0.7015467115761029,0.00010043274300585806
S04522002_20180725,High,High,8.777812314448808e-06,0.23199196809525235,0.7675998780601854,0.00037189172881594033,2.74843034319148e-05
S04522002_20190808,Moderate,Moderate,1.816328520110171e-06,0.004547037985105661,2.7864539974486416e-07,0.9954010123165973,4.985472437723518e-05
S04522002_20210706,Good,Good,0.0001707780276463171,0.7425221041855612,0.0006631205095943442,0.2525854925861168,0.0040585046910813095
S04522002_20220531,Good,Good,5.231941019218541e-06,0.9656390843018917,0.033026506207059644,0.0013270655586093431,2.1119914200804525e-06
S04581018_20180628,Good,Good,8.539309996693614e-08,0.9998766664666837,5.360675441380452e-07,0.00012270953129730686,2.5413748910128594e-09
S04581019_20180627,Moderate,Good,5.9743732781958966e-05,0.853020185882288,0.01643916322863498,0.1296618478583086,0.0008190592979865797
S04581020_20180627,Moderate,Moderate,1.9130399304364023e-06,0.010846208089679045,1.0062535129854203e-05,0.9886558369689914,0.00048597936626927396
S04581021_20180628,Moderate,Moderate,5.9152890385956596e-08,3.114781784676433e-05,2.696255951697792e-10,0.999968749822324,4.293731325525248e-08
S04581034_20210721,Good,Good,7.043816614436693e-07,0.7558635444162135,6.367332400500801e-06,0.24412897923010055,4.0463962415953174e-07
S04581035_20210721,Good,Moderate,0.00011175289263643658,0.4159251883168131,0.05711696282744401,0.5134753985046098,0.013370697458496745
S04581036_20200616,Moderate,Moderate,3.302982889005612e-07,2.2903943954830365e-05,5.1222462072612265e-08,0.9999761967854943,5.17749799914797e-07
S04581037_20200616,Moderate,Moderate,1.1207961064416135e-07,1.0527546270097268e-05,1.5499295894704795e-07,0.9999789703166371,1.023506452334428e-05
S04583005_20150722,Moderate,Moderate,9.461931028593985e-09,5.2747785578843434e-08,2.376696649129587e-10,0.9999990764533001,8.610993135614125e-07
S04583005_20170612,Moderate,Moderate,1.1543217643185477e-07,0.0007573795894540822,1.2745172829035754e-07,0.9992402710874246,2.106439216561897e-06
S04583005_20200529,Moderate,Moderate,1.8037495718863082e-08,0.00010397422333617731,2.9993629006967197e-09,0.9998955667230228,4.380167823514591e-07
S04583006_20180725,Moderate,Poor,2.276881958182542e-09,5.269143986323786e-09,6.105599724868816e-12,0.02536096290095292,0.9746390295469155
S04583006_20220704,Moderate,Moderate,8.412947343579273e-08,7.69765162400821e-05,1.852979926607042e-07,0.9999226575069711,9.654932280532128e-08
S04583008_20180724,Moderate,Moderate,4.490716326771653e-05,0.0879473811330724,0.00023102574429306605,0.8666001217964394,0.04517656416292742
S04583008_20220704,Moderate,Moderate,9.407717961833158e-08,3.917306558119512e-06,3.3387065551700107e-07,0.9999721896275118,2.3465118094911142e-05
S04583011_20220704,Moderate,Moderate,6.642697149555255e-09,1.2092437199098908e-07,1.1706290291249115e-10,0.9999594969161528,4.037539971519288e-05
S04583013_20190703,Good,Moderate,1.711746987689495e-05,0.3484022065930236,4.3763834322033194e-05,0.6515322562475374,4.6558552400984295e-06
S04583014_20190703,Moderate,Moderate,9.830396952782236e-08,7.2655493465636e-06,3.010521687826769e-09,0.9999916718516734,9.61284488946676e-07
S04583015_20190725,Moderate,Moderate,4.613036105804172e-08,0.00029605144596570076,1.0829486139961458e-08,0.9997038114343073,8.015987985678645e-08
S04583016_20190702,Moderate,Moderate,1.0941191766463635e-08,1.221856158527272e-06,4.161395582428704e-09,0.9999987165635066,4.6477747485376504e-08
S04583016_20220705,Moderate,Moderate,7.919801537022373e-07,0.0010901153003409728,9.424349228899841e-08,0.9988521801606826,5.681831533036022e-05
S04583017_20220704,Good,Good,2.7898207271613914e-06,0.9976100903065099,0.0001128521291387104,0.0022737504134962465,5.173301280063769e-07
S04583018_20220704,Moderate,Good,6.5303150453758745e-06,0.9068878373477435,2.02088733585223e-06,0.09310320132640357,4.1012347175048216e-07
S04600001_20160830,Poor,Poor,9.972698672758786e-09,3.847122840634089e-11,3.807434954777461e-11,0.00011953873487062894,0.9998804512158851
S04600001_20200902,Moderate,Moderate,2.098188138060931e-06,4.486886326160306e-05,4.59145130022288e-08,0.9999043158458528,4.867118823447738e-05
S04600002_20220921,Moderate,Moderate,9.4038820271326e-07,0.005125712312182804,6.239174892677269e-07,0.994674680169553,0.00019804321257229038
S04600011_20150922,Good,Good,5.801966754216524e-06,0.9991161728201912,0.0007130660130576996,0.00016436152949457307,5.976705022587333e-07
S04600011_20181023,Good,Good,4.180023547008371e-07,0.9995351921830811,0.00021682690675825167,0.00024682439503490494,7.385127710701718e-07
S04601003_20200603,Good,Good,2.9615584572816965e-07,0.9929375263101907,5.581612032921095e-07,0.0070615872601557635,3.211260459981822e-08
S04601004_20170720,Good,Good,0.0003761074000284127,0.8690655757785708,9.172229116414136e-06,0.12823461222060994,0.002314532371674435
S04601004_20190528,Good,Good,1.398414072766029e-06,0.9999658067695281,6.408775727097139e-07,3.208098910687462e-05,7.294971966004027e-08
S04605001_20140627,Good,Good,6.088690305237889e-07,0.9954272171559713,1.4835885061808797e-06,0.004570683316602663,7.069889285579774e-09
S04605001_20180713,Moderate,Good,7.373343410247931e-06,0.9417611242177018,7.269524904793284e-06,0.058221956042492286,2.2768714909894402e-06
S04605001_20220602,Good,Good,4.607879253623014e-06,0.9868754186727673,6.181347040345714e-06,0.013100389675347143,1.3402425591693584e-05
S04605003_20120719,Good,Good,2.0581874928708685e-07,0.8139317257569985,0.18606730714971587,7.565090850619983e-07,4.765451409035579e-09
S04605003_20130627,Good,Good,6.578296865893996e-09,0.9999966220189093,3.2236668534954957e-06,1.4766855386219922e-07,6.738662051170772e-11
S04605003_20140710,Good,Good,8.416402965601743e-08,0.9999502028200712,3.62681748303659e-05,1.3443845173286437e-05,9.958955683056483e-10
S04605003_20150708,Good,Good,2.9918600206179055e-07,0.9990432103250247,0.0009405334936417998,1.5952308520245178e-05,4.68681120763473e-09
S04605003_20160908,Good,Good,2.86264331963959e-08,0.9999691473795463,2.2900894404492737e-05,7.916667569767003e-06,6.432046255666513e-09
S04605003_20170720,Good,Good,5.491278782832044e-08,0.9999693225846547,1.1234379388097531e-05,1.9385875480190755e-05,2.2476890525479324e-09
S04605003_20180725,Good,Good,4.079336700956969e-07,0.9996910201872011,4.674119253507441e-05,0.00026141795525837263,4.1273133537435075e-07
S04605003_20190905,Good,Good,2.1484528352111e-08,0.9999974496003918,7.751772158040963e-08,2.438405111753139e-06,1.2992246418746125e-08
S04605003_20200717,Good,Good,1.1388191399856672e-08,0.9999966087750133,3.249036301576697e-07,3.0532137457993514e-06,1.71941929103882e-09
S04605003_20210709,Good,Good,2.5897936780265215e-08,0.9999948285961083,8.045760560384623e-08,5.064783389992121e-06,2.649592897664321e-10
S04605003_20220616,Good,Good,3.430780149107201e-07,0.998846117358494,2.444210258465381e-07,0.0011532799202340284,1.5222231185454293e-08
S04606000_20120823,Good,Moderate,1.8770874427125877e-05,0.4774595724165774,3.7281292332969257e-06,0.5225168887986142,1.0397811479392518e-06
S04606000_20130709,Good,Good,7.47005430080739e-09,0.9999998438359181,5.526284147654952e-08,9.301027328025923e-08,4.209127936511898e-10
S04606000_20140710,Good,Good,8.123690397025253e-08,0.9999880912200869,2.811207855646584e-07,1.1541586731378824e-05,4.8354922974746024e-09
S04606000_20150804,Good,Good,6.1045933174621015e-06,0.9732087390565684,5.4072918870154785e-06,0.02676487116991954,1.4877888307542741e-05
S04606000_20160909,Good,Good,2.4976871301699697e-07,0.9997231515410427,4.851004779217997e-07,0.0002760915678112236,2.202195497487468e-08
S04606000_20170720,Good,Good,5.741852931684431e-09,0.999992094727431,2.2854532389611847e-07,7.66611298718898e-06,4.872405072430982e-09
S04606000_20180724,Good,Moderate,4.382568167629468e-06,0.24105486825282535,7.1159020135883655e-06,0.7589315802516029,2.0530253905986093e-06
S04606000_20190905,Good,Good,1.1538433345082178e-06,0.9955847746191846,7.094951069302348e-06,0.004406955706840922,2.0879570668715572e-08
S04606000_20200707,Good,Good,1.9381797613640596e-07,0.9995492402528283,2.2539577492609004e-07,0.00045033482314527486,5.710275319332058e-09
S04606000_20210624,Good,Good,1.0127898460387078e-07,0.9994220370859613,6.72316431138969e-08,0.0005777666250309865,2.777837982866734e-08
S04606000_20220824,Good,Good,2.0012146145955685e-07,0.9999405631377538,1.6458104293457237e-06,5.7578616695690916e-05,1.231365965836612e-08
S04606001_20180725,Moderate,Moderate,2.056025198546346e-05,0.0014432859145420635,2.941481410394822e-06,0.9984948979237072,3.831442835481383e-05
S04606003_20180731,Good,Good,4.564323141124078e-09,0.9999988697033181,8.646207844284828e-09,1.1170381805912157e-06,4.797018441469514e-11
S04606003_20210818,Good,Good,7.132332511103807e-07,0.9998102875260353,3.4791972686410745e-05,0.00015420374780347198,3.5202237287170763e-09
S04606004_20180731,Good,Good,5.386284147706574e-08,0.999889405112476,2.803112140457926e-08,0.0001105096790284021,3.3145326268654765e-09
S04606004_20210818,Good,Good,1.2984711745174865e-06,0.7656547813175365,4.952644790221697e-07,0.2343418372565263,1.5876902838532998e-06
S04606010_20180802,Good,Good,5.119012465431222e-07,0.9964619434815497,1.160348962180901e-07,0.003537336939462795,9.164284476855059e-08
S04606013_20190704,Good,Good,3.474498977545536e-07,0.9997823885857187,2.0073453815769657e-05,0.00019716651811652988,2.399245134664697e-08
S04606013_20220620,High,Good,9.964918336971918e-07,0.9018735305320437,0.09812163683933568,3.7828546802172345e-06,5.328210678637621e-08
S04606014_20180802,Good,Good,1.7555110264342862e-06,0.9809655320622809,6.32866770500442e-05,0.018968367380833195,1.0583688094655123e-06
S04606014_20210818,Good,Good,1.0026508682662352e-07,0.9995552437368348,0.0004349769373410306,6.733394535181306e-06,2.945666202223838e-06
S04606015_20200928,Moderate,Moderate,7.728610140694213e-09,1.0208322054922726e-07,2.298480528490676e-10,0.9999960764024958,3.8135558254716537e-06
S04606015_20210909,Moderate,Moderate,2.2887483279505468e-07,0.000786417426172456,5.8147846751002025e-06,0.9992008140307339,6.7248835858103164e-06
S04606016_20220602,Moderate,Moderate,1.9309861041152944e-08,1.0827350048037521e-05,5.298859207727186e-10,0.9999891486454622,4.1647426881399384e-09
S04606018_20180731,Good,Good,7.116472115775419e-07,0.9993421455600554,0.00030446214126911124,0.0003482748373865539,4.40581407739448e-06
S04606018_20210503,High,Good,3.3912021913880375e-06,0.9985168747259096,0.0013918937472087213,8.777560864711149e-05,6.471604311162025e-08
S04606018_20210818,Good,Good,3.712305815269053e-07,0.9223961171333099,0.07739635152419883,0.00020707609171056427,8.40201992515981e-08
S04606019_20180801,Good,Good,1.618911840614037e-08,0.9999985052003777,6.57918850239928e-08,1.4125155622180694e-06,3.030567059155838e-10
S04606026_20220831,Good,Good,7.580040689971527e-07,0.9879170691646897,2.5087710324889485e-06,0.012079427787847397,2.362723614989754e-07
S04630000_20160720,Moderate,Moderate,7.138380507871943e-10,1.9284020817393074e-07,1.4570686716301497e-11,0.9999998040489181,2.3824649916310374e-09
S04630000_20180525,Moderate,Moderate,1.7130976674974585e-07,3.029650314321265e-06,4.655737256110617e-09,0.9999960525645201,7.418196615613271e-07
S04630000_20220602,Moderate,Moderate,7.367529058153289e-07,0.3303606235432502,1.0433899086584036e-07,0.669638437381936,9.79829170983586e-08
S04630003_20160825,Moderate,Moderate,2.252891025825505e-07,6.1497782692652134e-06,2.6729244862707987e-09,0.9999845539217272,9.068337976530484e-06
S04630003_20200729,Moderate,Moderate,5.577758554140594e-08,4.2469079099137624e-07,5.107055111251366e-10,0.9999994286582796,9.036263844367415e-08
S04630008_20200519,Good,Good,5.157289443937952e-06,0.9936541866044255,0.0009127227163302916,0.00542332943448233,4.603955317974539e-06
S04630008_20220622,Good,Good,1.1003717080227504e-05,0.9734273756323581,1.6856066355855854e-05,0.0265422829305247,2.4816536811095623e-06
S04630009_20200519,Moderate,Moderate,1.0929954469411935e-06,0.1263376021949291,2.046887624642308e-08,0.8736593421951117,1.9421456361459505e-06
S04630009_20220622,Good,Moderate,4.8687365917874556e-05,0.24062262029626832,6.602752340906065e-05,0.7588367075628263,0.00042595725157844414
S04630011_20190709,Moderate,Moderate,6.352697861221642e-08,1.448007210853951e-06,1.1062798529669763e-09,0.9999969913191361,1.4960403945414465e-06
S04630011_20220622,Moderate,Good,5.650381154907409e-06,0.6153015717216905,5.031931815483477e-07,0.3846854001823684,6.874521604769128e-06
S04630017_20200707,Moderate,Moderate,8.605259728701732e-08,0.0034080865183990614,4.077784358868203e-09,0.9965918196134422,3.737777141933185e-09
S04630018_20200707,Moderate,Moderate,3.1944379167277615e-08,1.468908326173834e-07,6.4176578639909354e-09,0.9999985596635284,1.255083602139644e-06
S04631000_20180809,Moderate,Moderate,1.3277926834865183e-07,7.823649807040984e-07,9.90705188781519e-10,0.9999835515187964,1.553234624945626e-05
S04631003_20180809,Moderate,Moderate,1.625133229079625e-06,2.31084143195722e-06,6.071810566518706e-08,0.9999338743051185,6.212900211479361e-05
S04631004_20150928,Good,Good,2.9716488102901824e-06,0.9942922519335736,0.0001441658902723105,0.005559311200495766,1.299326848020121e-06
S04631019_20200525,Moderate,Moderate,2.9907500199152986e-07,0.0023951006295222124,5.821653177878982e-09,0.9976040977969927,4.966768300050307e-07
S04631019_20210504,Moderate,Moderate,1.0397689120659438e-08,8.475470137644348e-06,1.3618958739121456e-09,0.9999914738331773,3.893709997893222e-08
S04632001_20170831,Good,Good,9.68938071222426e-06,0.9911354156760189,0.00046514265051261295,0.008388211357140452,1.5409356159465405e-06
S04632002_20180810,Moderate,Moderate,8.617812388773837e-06,0.23689973115209864,0.0003577394795252458,0.7627305756536603,3.3359023270702277e-06
S04632002_20190919,Good,High,1.23348811936164e-06,0.45789732858745935,0.5420849714264716,1.6441630849817128e-05,2.486709992748681e-08
S04632004_20160928,Moderate,Moderate,6.3338153834765075e-06,0.35120079346500976,4.89210388478882e-06,0.6487847807663466,3.1998493754138263e-06
S04632005_20180711,Moderate,Moderate,6.934922272730399e-07,1.606261001436746e-07,1.5662792219390823e-08,0.9986574216960985,0.0013417085227817884
S04632006_20180810,Moderate,Moderate,6.399967763993238e-05,0.000533613996628255,2.915888910812853e-07,0.9993282156130688,7.387912377177403e-05
S04632008_20190926,Moderate,Moderate,9.804516725500664e-08,0.0005248896447052483,1.886061099361451e-08,0.9994743098769129,6.835726036327759e-07
S04632009_20180710,Moderate,Moderate,8.62475532700587e-05,4.72356636751655e-06,2.3750968989855757e-06,0.9167138473727456,0.08319280641071779
S04632010_20180723,Moderate,Moderate,1.84150666179097e-05,0.00425578232670487,2.8804293153771585e-06,0.9957194548211981,3.4673561636420806e-06
S04632010_20190927,Good,Good,2.141945621469332e-05,0.9411610045493292,0.00013813827725843642,0.05867097130122652,8.466415971165385e-06
S04632011_20220613,Poor,Moderate,2.87605647357258e-07,1.1167674245697853e-07,9.914335273657953e-10,0.8105448632822815,0.1894547364438951
S04632016_20190529,Moderate,Moderate,3.9267763481463e-06,0.05107254332357167,1.0003443457154307e-06,0.9489212193861111,1.3101696234736265e-06
S04632026_20170831,Good,Good,6.83300612436264e-06,0.9865133692973843,0.008096478337381615,0.005364723299890054,1.8596059219705125e-05
S04632044_20200520,Moderate,Moderate,5.8455742838643266e-08,5.86431942186858e-07,3.4142450026467803e-10,0.9999990744543544,2.803165360971408e-07
S04632044_20210608,Moderate,Moderate,1.0818162299369051e-06,0.03343805570717384,1.567260964394154e-07,0.9665598950901095,8.106603902511426e-07
S04632046_20200605,Moderate,Moderate,2.012844567294559e-06,0.009340844992689336,3.5425891791505926e-07,0.990653251230146,3.536673679428881e-06
S04632047_20200610,Moderate,Moderate,2.4941032227322435e-09,1.4052621331829958e-07,4.8154391625277837e-11,0.9999998439563056,1.297522346559185e-08
S04632048_20200610,Good,Good,5.8126639708353666e-06,0.9104843848523027,0.08880414268889238,0.0007034609713186508,2.1988235154448967e-06
S04632049_20210617,Moderate,Moderate,1.0473301822688442e-07,0.0012507686217976162,1.2418810247493039e-08,0.9987486010603056,5.131660682857438e-07
S04632050_20210617,Good,Good,1.1230857053366526e-06,0.7658250687778448,1.0397102158563275e-06,0.23417149212932345,1.2762969104674849e-06
S04633000_20190530,Good,Good,1.157188013535318e-05,0.9304983174905769,0.0011550871048784657,0.06832774736732321,7.276157086129536e-06
S04633002_20190927,Good,Good,7.548478346878457e-06,0.8504099252157598,0.009167257562840604,0.14032609897979345,8.9169763259352e-05
S04633003_20190926,Good,Good,6.324670351434473e-08,0.9999473586086677,1.4847054507728989e-05,3.7670248425421276e-05,6.084169576625068e-08
S04633004_20180920,Moderate,Good,7.161840712749526e-07,0.8715642395098331,1.6953048576378224e-06,0.12843320924018284,1.3976105528163013e-07
S04633004_20190920,Good,Moderate,2.5023099630166056e-06,0.21390916811805893,1.2917446838681927e-06,0.7860865579348124,4.798924818237964e-07
S04633005_20180725,Good,Good,2.0359380644612868e-07,0.9937871857360807,1.8481124362451324e-09,0.006212583384490812,2.5437509632936914e-08
S04633005_20190926,Good,Good,1.5991350641801804e-06,0.9972718246404517,5.29487580043618e-08,0.0027253105913056922,1.2126844204013565e-06
S04633007_20180725,Moderate,Moderate,3.3311649151919026e-07,0.005363517408964107,2.501300243712663e-07,0.9946357588054416,1.4053907831051233e-07
S04633008_20180725,Moderate,Moderate,1.1297255451022256e-08,4.859808092515089e-08,9.831386979644925e-10,0.9999681522494398,3.1786872085196745e-05
S04633009_20120705,Good,Good,7.45431255093713e-09,0.9998984825577423,0.00010147527836869047,3.40473425001379e-08,6.622340372995355e-10
S04633009_20130704,Good,Good,5.065097400759431e-08,0.9999985369738235,2.50819448033587e-07,1.1597632793238467e-06,1.7924752686764103e-09
S04633009_20160728,Good,Good,9.376874868174705e-08,0.9998604200852519,2.296479828445039e-05,0.00011652074690472962,6.00810333215107e-10
S04633009_20180704,Good,Good,1.700534707697189e-08,0.9999976524715016,1.044894156389299e-08,2.3195939879117857e-06,4.802217398633415e-10
S04633009_20190530,Good,Good,1.3212456636702844e-08,0.9828120095394148,0.01718797005873461,6.9954306962782215e-09,1.939631419352556e-10
S04633009_20200602,Good,Good,3.418321669919753e-07,0.9974285746454107,4.128528206924739e-07,0.002570666145233054,4.5243684594962085e-09
S04633009_20210603,Good,Good,5.479331928924088e-07,0.999802963536233,0.00010607751989465746,9.033524649905903e-05,7.576418047926918e-08
S04633009_20220531,Good,Good,2.1278730531140902e-07,0.9998986291202946,9.868211475927748e-05,1.7120211451511073e-06,7.639564956628771e-07
S04633023_20210614,Good,Good,2.0821436365605163e-06,0.9977913821526038,0.002056779672394463,0.00014700798164513776,2.7480497201631755e-06
S04633025_20220712,Moderate,Moderate,2.9891915231408277e-06,0.00023359835907181016,8.627168370453388e-08,0.9993713859865826,0.00039194019113881074
S04633026_20220712,Moderate,Moderate,1.8353857969153295e-09,1.5874771607649114e-07,1.3015015251497473e-10,0.9999997375897347,1.0169701320767514e-07
S04634002_20140911,Good,Good,6.790464794234306e-07,0.9954483340113661,7.760720178347891e-07,0.00455020130871534,9.561421429652176e-09
S04634002_20150806,Good,Good,4.916683027906735e-06,0.9957143584130623,6.0670710916587473e-05,0.00421861063535599,1.4435576372433617e-06
S04634002_20200922,Moderate,Moderate,1.104790778379124e-05,0.13181588172023206,1.0179192977667753e-06,0.8681428192543945,2.923319829192705e-05
S04634005_20180710,Moderate,Good,0.0005681327181595554,0.5127940675850597,1.780036646285227e-06,0.4866295322686345,6.48739149990469e-06
S04634005_20190529,Moderate,Moderate,0.00013427354171377556,0.006075144957293171,3.847856339665828e-05,0.889186675168987,0.10456542776860946
S04634006_20220712,Moderate,Good,7.112086336418691e-06,0.9510998508822143,8.45192517720203e-07,0.048878366196814085,1.3825642117484002e-05
S04635000_20170830,Moderate,Moderate,5.824760407100214e-07,0.0040933834974008045,2.6580589280752984e-08,0.9959053929116597,6.14534309526178e-07
S04635000_20210505,Moderate,Moderate,3.024958522786118e-05,0.00985544622622594,1.7642869486980139e-06,0.9900985725238889,1.3967377708731864e-05
S04635002_20150805,Good,Good,3.4014823191217316e-06,0.978130332823579,2.3756949129936515e-05,0.02184247218610202,3.6558869965311825e-08
S04635002_20200922,Good,Good,3.1547876132869092e-06,0.748667318058964,4.4789893189292834e-07,0.25132826364280403,8.156116867646909e-07
S04635005_20130822,Good,Good,6.750507445686806e-06,0.9040323971466827,1.5455375159853182e-05,0.09592337621912166,2.2020751590078567e-05
S04635005_20140708,Good,Good,2.235597531933112e-06,0.8611291154355196,0.13864143202103502,0.00022256004414754243,4.656901765970629e-06
S04635005_20150807,Good,Good,1.770826722420636e-07,0.9999937139327358,2.3172469970091193e-06,3.7694668299487937e-06,2.2270765027672066e-08
S04635007_20150629,Moderate,Moderate,5.610889803949818e-06,0.19506903515534926,0.0011925162573614484,0.8037288048018997,4.032895585693854e-06
S04635007_20150807,Good,Good,2.57349293815133e-06,0.7270844248841544,0.00021506086222899568,0.27269710983481454,8.309258638693637e-07
S04635007_20160706,Good,Good,1.5721469260192296e-07,0.9993622269004332,1.8904369774431354e-06,0.000635696366507334,2.9081389498802204e-08
S04635011_20180730,Good,Good,6.745475130729442e-05,0.8027192297536481,0.002029077015319902,0.19515175111347483,3.24873662499273e-05
S04635012_20180730,Moderate,Moderate,1.3230415613614503e-06,0.003241550972048003,2.989188305188961e-06,0.9967321530014552,2.1983796630225927e-05
S04635017_20200414,Moderate,Moderate,1.1466028007191241e-06,0.0006509575877293616,0.0005192721122601228,0.9980723425212228,0.0007562811759869274
S04635018_20210614,High,Good,1.8848080965181195e-06,0.9996517122628739,4.215165789863952e-06,0.0003381457117269842,4.042051512798535e-06
S04636002_20130718,Moderate,Moderate,8.785895334161589e-07,0.015653157642148707,1.1460904189229134e-07,0.9843458013565624,4.780271367650751e-08
S04636002_20140825,Moderate,Moderate,1.179329581921135e-06,0.0588085229729348,2.303704698799114e-06,0.9411874743349319,5.19657852740481e-07
S04636002_20170627,Moderate,Moderate,1.0429597003605505e-07,6.9037488396505834e-06,1.2198343985261816e-09,0.9999917493861845,1.241349171463196e-06
S04636002_20180809,Moderate,Moderate,2.755329242394756e-06,0.00016490018830493707,1.1879691686247808e-05,0.999710185482051,0.00011027930871538722
S04636005_20210429,Good,Moderate,1.7936261819818254e-06,0.19215188181884424,6.584192271474401e-06,0.8078389491631848,7.911995175896015e-07
S04636005_20220518,Good,Moderate,7.577484078405063e-07,0.03848367564246261,6.29323943271201e-07,0.9615142663472429,6.709379434218221e-07
S04636007_20120705,Good,Good,1.4187946757495822e-06,0.9898531156484737,7.114263249350994e-05,0.0100586226637539,1.5700260603259233e-05
S04636007_20140716,Moderate,Moderate,1.8258206868671287e-07,0.000174437512981476,3.389228436265006e-08,0.9997709249020629,5.442111060261569e-05
S04636007_20150709,Moderate,Moderate,1.7923726891743079e-06,0.0018982692236930933,4.751227128331798e-08,0.9980973138103394,2.577081006998094e-06
S04636007_20160705,Moderate,Moderate,1.4653456454011118e-07,1.4836213962852734e-07,1.3940598069645104e-09,0.999498484463831,0.0005012192454050367
S04636007_20180726,Poor,Moderate,6.959373837956057e-08,2.3512145033520307e-07,4.3877088919787325e-10,0.9166044472448531,0.08339524760118712
S04636007_20190730,Moderate,Moderate,1.6625140784020366e-06,0.00063433148791971,2.6649229226831156e-07,0.9993467851024912,1.695440321851401e-05
S04636007_20210429,Moderate,Moderate,1.557856326650457e-07,0.0004243234355763694,5.343454229602096e-08,0.9995745980051177,8.693391308663557e-07
S04637010_20150709,Moderate,Moderate,3.6247410225185316e-08,1.6000807678643424e-05,2.0102715194811472e-10,0.9999838940528272,6.869105685622571e-08
S04637010_20170601,Moderate,Moderate,8.869033236599326e-06,0.0214676303292336,1.4037380593849792e-05,0.9784553138110272,5.414944590881277e-05
S04637010_20190530,Moderate,Moderate,4.604367551252208e-08,1.5492411195604973e-06,3.742483203202058e-10,0.999897024033679,0.000101380307277784
S04637024_20220510,Moderate,Moderate,9.549309375679968e-07,0.0067978179217474104,5.110646614547574e-07,0.993197151671286,3.564411367584696e-06
S04637026_20220510,Moderate,Moderate,1.470558919635925e-06,0.0008138968871784127,3.3158088118862754e-07,0.9935196469254869,0.005664654047533928
S04650000_20200715,Good,Moderate,1.782129044662764e-05,0.2157545867554088,7.947521427694254e-05,0.7841463880770633,1.728662804396807e-06
S04651000_20190702,Moderate,Good,7.01752098837944e-05,0.662097795733009,3.7436871234317504e-05,0.33741986022662573,0.00037473195924702567
S04651000_20200528,Good,Good,8.638260335335381e-07,0.9985462344131498,5.301140143654727e-07,0.0014512379234537466,1.133723348646639e-06
S04652000_20160622,Good,Good,1.1223103242219735e-05,0.6694424718340294,3.439523230599512e-07,0.33053941059368913,6.5505167161504655e-06
S04652001_20130620,Moderate,Moderate,2.0040236149313108e-07,5.156945150926413e-05,9.317570206533818e-09,0.9999481978093394,2.301921967714405e-08
S04652001_20140603,Good,Good,1.9352855426060838e-05,0.6373001886314571,7.379985293559889e-06,0.36267158426511664,1.4942627065890803e-06
S04652001_20190515,Moderate,Moderate,7.552248662995248e-07,4.135318923510686e-06,2.4315867489426147e-09,0.9997444977788807,0.00025060924574277124
S04652002_20160712,Good,Good,1.2555083298823764e-05,0.5180697992497814,9.910910406955583e-06,0.48189495589506887,1.2778861444171037e-05
S04652002_20180702,Good,Good,0.0003312261167777367,0.9176397321933092,0.0004364733267687546,0.08158150996373682,1.1058399407503373e-05
S04652004_20180803,Good,Moderate,8.020870625458001e-06,0.03153009554256746,1.5205611456683742e-05,0.9684449733270915,1.7046482590425562e-06
S04652005_20130717,Good,Good,1.3164940035375578e-05,0.8587426667429654,4.107451271111497e-06,0.14104196953206655,0.00019809133366169296
S04652005_20140905,Moderate,Moderate,1.0781783576047442e-05,0.01046162443033794,2.2730163397990152e-07,0.9891331394384392,0.0003942270460129213
S04652005_20160711,Moderate,Moderate,6.240901013356331e-07,6.311767505774345e-06,1.7884161429372163e-08,0.9996453499744526,0.0003476962837788662
S04652005_20170711,Good,Good,2.928625332156299e-07,0.9960270657145938,4.234458375847228e-08,0.003972434451820837,1.646264685577125e-07
S04653000_20130718,Good,Moderate,1.5420066167224523e-05,0.15769776890428247,3.2098834264054757e-06,0.8421398565223487,0.00014374462377520278
S04653000_20140905,Poor,Poor,7.271941020535043e-08,4.008616829252921e-08,3.171305847536863e-09,0.014479144604806251,0.9855207394183094
S04653000_20160711,Moderate,Moderate,2.032136510352474e-06,8.397030100621183e-08,4.898885624407243e-09,0.9973933319700845,0.002604547024218564
S04653000_20190516,Moderate,Moderate,3.218738805282776e-06,0.00014736253550307122,5.532305058140555e-07,0.9998455337542321,3.3317409536336023e-06
S04653000_20200609,Moderate,Moderate,6.58980675856293e-08,3.119554259272809e-07,5.065186608138499e-10,0.9999667675344155,3.285410557240042e-05
S04653000_20210507,Moderate,Moderate,5.728668944160675e-08,4.40341950059589e-07,1.5586873632573518e-09,0.95634529210667,0.04365420870600315
S04653000_20220520,Moderate,Moderate,1.2497953032611964e-05,0.02278741027771913,6.019144922769318e-07,0.9771911331560061,8.356698749908702e-06
S04654000_20130717,Good,Good,1.1911820810302412e-05,0.9979261908119197,1.647425724393319e-06,0.001753062337798044,0.0003071876037474921
S04654000_20140905,Poor,Poor,5.242861850507443e-07,6.144545033451127e-06,2.3188743180822454e-07,0.14626574972782475,0.853727349553525
S04654000_20180703,Moderate,Moderate,0.00011890453691118532,1.1547779085915847e-05,2.081650099840257e-06,0.9991501812692336,0.0007172847646695421
S04660000_20190704,Moderate,Moderate,6.621203116320462e-06,0.011834378305055598,4.039193066066376e-07,0.9881299571953879,2.863937713363395e-05
S04660000_20210520,Moderate,Moderate,5.366028741019091e-08,2.417452951863486e-05,5.405938606926319e-09,0.9999757537644323,1.263982314842977e-08
S04660000_20220623,Moderate,Moderate,1.1307564945177928e-05,0.004553231084067122,1.8828394369904076e-06,0.9954313238716812,2.2546398694393374e-06
S04660001_20130717,Moderate,Moderate,5.740195719499338e-07,0.00025473478154516176,9.713446270861815e-08,0.9997444958051359,9.825928428576107e-08
S04660001_20140905,Moderate,Moderate,8.43588581751481e-08,2.2431516015734238e-07,1.0815610038279155e-08,0.9999978956351175,1.784875254104996e-06
S04660001_20160712,Moderate,Moderate,7.576154263999216e-07,1.006340015526872e-05,4.7124134478828296e-08,0.9999883350092482,7.968510355861633e-07
S04660001_20170620,Moderate,Moderate,3.657226876563305e-07,0.00022708903440830946,5.7032442882465685e-08,0.9997723517219724,1.364884887251353e-07
S04660001_20180808,Moderate,Moderate,2.956427033110968e-06,0.00012643235650392585,3.7715056048287716e-07,0.9997873461015878,8.288796431473036e-05
S04660001_20210713,Moderate,Moderate,1.1397738152116293e-07,7.963690497971478e-06,2.658436233673576e-10,0.9999919189394312,3.126845730136667e-09
S04660001_20220524,Moderate,Moderate,1.0159219677687746e-06,0.003587337234050209,2.5835864545103567e-08,0.9964083665671829,3.254440934637259e-06
S04660007_20220512,Moderate,Moderate,6.8537237643935e-06,0.06586482408475904,7.027277721552004e-07,0.9341208964774208,6.7229862835365515e-06
S04661002_20180625,Moderate,Moderate,5.5596280127774e-08,2.1372690373942548e-05,1.0607251034146138e-09,0.9999780750985838,4.955540370574948e-07
S04661002_20200519,Moderate,Moderate,3.463326821038723e-05,0.0028111087088460445,1.7779509290067425e-06,0.9969833819852124,0.00016909808680218527
S04661008_20180625,Moderate,Moderate,1.4603980378318653e-06,0.009357482288248122,6.486995125273252e-07,0.9906402284885609,1.801256407146969e-07
S04661008_20200520,Moderate,Moderate,0.0011780296601223814,0.4149114088855662,0.01326201178336294,0.5630857805042787,0.0075627691666698745
S04661008_20220502,Good,Good,3.2176508095849884e-05,0.9466853473557427,0.003157739938103458,0.05012244030433436,2.29589372369158e-06
S04661015_20200520,Moderate,Poor,2.6438300480529312e-06,3.2461197361144874e-08,3.7746146440812875e-07,0.2947256410767131,0.705271305170577
S04661016_20200520,Moderate,Moderate,3.089199480833808e-08,1.640301281794033e-07,4.3914426247990304e-10,0.9998881862771711,0.00011161836156164252
S04661016_20220502,Good,Good,1.2191679527450209e-07,0.999990268416147,1.6736425553780318e-07,9.174299602213226e-06,2.6800319984512863e-07
S04662010_20210609,Good,Moderate,1.325142388225278e-06,0.22177318196815937,2.5178530373341344e-07,0.7782251567614407,8.434270797371016e-08
S04663001_20190423,Moderate,Moderate,8.16862464720753e-06,0.01666401911859392,5.546002649038976e-06,0.9833155574057807,6.708848329092086e-06
S04663001_20220503,Moderate,Moderate,1.9365147170468803e-07,0.0003174611745061551,1.1344417593324693e-07,0.9996795152667796,2.7164630665815345e-06
S04663018_20210512,High,Good,3.4587904711567247e-07,0.9793559079019419,0.020635781091500226,7.94807478592295e-06,1.7052724919820618e-08
S04663019_20210512,Moderate,Moderate,1.9906038550670673e-08,3.627522693895664e-07,8.078582487419079e-10,0.9999921861581218,7.43037571205167e-06
S04663024_20190423,Moderate,Moderate,1.8468154326829022e-08,2.6404494594890197e-07,1.5666525356200662e-08,0.9994792305413954,0.0005204712789789134
S04663024_20220503,Moderate,Moderate,4.016572483723792e-07,0.0001957401805770487,6.831600098652378e-08,0.99912346605868,0.0006803237874936953
S04663025_20220503,Good,Good,9.719662307644002e-06,0.5999145027350682,0.022009001999540048,0.3780189418522382,4.78337508459128e-05
S04663026_20190423,Poor,Poor,2.549960116085471e-09,2.3243070870531772e-09,4.162545637519597e-11,0.04825906752196564,0.9517409275621418
S04663026_20220503,Moderate,Moderate,4.383179074567766e-08,7.464514551020674e-06,1.1180033444589267e-09,0.9999797868999462,1.2703635708740941e-05
S04671000_20210422,Moderate,Moderate,2.5284099298181503e-07,2.487099353424283e-05,8.96909012066304e-10,0.9998036043664172,0.00017127090214660759
S04671001_20120723,Moderate,Moderate,4.614338040302287e-07,8.007107869494412e-06,2.609771172027153e-09,0.9999880445247407,3.484323814711174e-06
S04671001_20140905,Moderate,Moderate,3.4755181314342626e-07,1.7132162922855906e-05,7.798910665230175e-08,0.9999673074576234,1.5134838534032374e-05
S04671001_20160712,Moderate,Good,9.434308663135125e-05,0.5734173425261154,0.00020541278672687554,0.426237356046602,4.554555392432428e-05
S04671001_20170623,Moderate,Moderate,6.445854285092521e-07,9.224159728621887e-05,1.0818594364146802e-08,0.9987461170316285,0.0011609859670624184
S04671001_20180808,Moderate,Moderate,1.1811221295012698e-07,8.533861269228416e-06,7.465985929326004e-09,0.9999887300538788,2.6105066530314196e-06
S04671002_20160621,Moderate,Moderate,1.279602650749674e-07,0.002043367747121714,1.1509654609555987e-08,0.9979561859870548,3.0679590384251284e-07
S04671002_20220427,Moderate,Moderate,3.69887605800045e-08,5.305095541327179e-07,4.4883870588412485e-08,0.9998970851759567,0.00010230244185808526
S04671003_20180523,Poor,Poor,2.185477856726278e-06,3.5321077826947465e-05,1.91124092801322e-07,0.15973714292390978,0.8402251593963137
S04671004_20180807,Moderate,Moderate,3.972514666005543e-07,0.0005316986728594663,2.185759791245942e-07,0.998249917315114,0.0012177681845806877
S04671004_20190612,Moderate,Moderate,7.893071424701049e-08,2.0190728175009864e-06,4.179015609120751e-09,0.9999301041352519,6.779368220081172e-05
S04672001_20120723,Moderate,Moderate,7.43405434488201e-07,4.748340007965032e-05,1.0926734545610695e-08,0.9999505675882485,1.1946795027203771e-06
S04672001_20140905,Good,Good,0.00025996695613851573,0.9617518747620433,0.00018738940073068514,0.036511280734148444,0.0012894881469391226
S04672001_20160712,Moderate,Moderate,1.0973766136254684e-07,0.0006830559960116606,6.833372744645174e-09,0.9993167991552014,2.8277752758729842e-08
S04672001_20170623,Moderate,Moderate,1.1866203624973072e-07,0.0001070571583430419,9.512954966927651e-09,0.9998922785286467,5.361380191310789e-07
S04672001_20180808,Good,Good,1.6100040560035606e-06,0.969577681617578,1.7669488377108184e-06,0.030417945738824465,9.956907038855493e-07
S04673000_20150624,Poor,Moderate,6.3098659177417555e-06,4.823477960740653e-06,1.2939697190014227e-08,0.9589595219375128,0.04102933177891152
S04673000_20180524,Moderate,Moderate,2.445781715706569e-07,1.3944210537553427e-05,2.733608321344705e-08,0.9999455442589152,4.0239616292337176e-05
S04673000_20190514,Moderate,Moderate,4.918072020772195e-07,1.227695596462623e-06,5.588937834734554e-09,0.9997908628171315,0.0002074120911321097
S04673001_20220519,Good,Good,7.795320029300043e-06,0.9920902379159121,3.3201198774690667e-06,0.007847209417169576,5.1437227011573455e-05
S04674000_20150624,Moderate,Moderate,2.2397472666970462e-07,7.967275386532007e-09,9.124943841730479e-10,0.9997745501829308,0.00022521696257280017
S04681012_20220503,Moderate,Moderate,7.002133255478031e-06,0.0059856926503132095,3.468592057386539e-07,0.9940059928163097,9.655409156720944e-07
S04682000_20140609,Moderate,Moderate,5.982170138270876e-08,7.398135170430318e-07,1.600282309497261e-10,0.9999698247472737,2.937545747966903e-05
S04682001_20220419,Moderate,Moderate,3.5713098412885444e-08,2.2294004361179626e-06,1.1907849819020968e-09,0.9942317868541718,0.005765946841508661
S04682003_20140610,Moderate,Moderate,1.159357062148755e-05,0.0031472344639050034,6.746705035826381e-08,0.9873321869602375,0.009508917538185698
S04682004_20220419,Moderate,Moderate,1.1446279322560203e-06,8.722195794911975e-06,1.2042322917231534e-08,0.9810669742861238,0.01892314684782617
S04682005_20220420,Moderate,Moderate,2.1669411196879722e-07,7.517876397057353e-06,2.176631024088338e-09,0.999991622499612,6.4075324799889e-07
S04682006_20220419,Poor,Moderate,5.043287334229614e-08,4.397062096373927e-06,4.306505930409109e-08,0.9999174429724754,7.806646749557579e-05
S04682007_20190604,Moderate,Moderate,9.246327136474338e-05,0.39774931975245686,0.000735088814051733,0.60093688449612,0.0004862436660067388
S04682007_20200604,Moderate,Moderate,2.6094571387412485e-07,1.43861924888245e-06,1.3080299036748444e-05,0.9604918715556233,0.039493348580377084
S04682007_20220420,Moderate,Moderate,6.509958021333863e-07,1.5500074459210344e-06,1.1808300782010556e-08,0.9999974473179171,3.398705340983217e-07
S04683001_20220420,Moderate,Moderate,5.432989697098527e-06,0.001519944209985751,8.684605247812693e-05,0.6410197698146889,0.3573680069331502
S04683002_20220420,Good,Moderate,1.0044974840289864e-05,0.24805148511541544,0.00022956681481246157,0.7517045480969642,4.354997967655938e-06
S04684000_20180809,Good,Poor,0.00028108960006240606,0.04371830688152721,0.001418347406305325,0.30522815829769645,0.6493540978144086
S04701001_20120914,Poor,Poor,0.0003001286324532858,0.09765803620723705,0.17731938257182647,0.011058319612857493,0.7136641329756257
S04702003_20190429,Good,Good,0.00011602040552900402,0.6706577665336972,0.3235416393872108,0.005051473005499901,0.0006331006680630432
S04710001_20200515,Moderate,Moderate,6.506667333129773e-07,0.002192738202064886,4.286979735359643e-06,0.9972511226361234,0.0005512015153430463
S04712000_20120822,Moderate,Moderate,4.029120315875314e-08,1.4438519131116852e-05,1.8778831105441394e-09,0.9998250878658373,0.00016043144594533407
S04712000_20140611,Moderate,Moderate,7.024966414777909e-07,3.516787476019715e-07,4.451421547173123e-09,0.9959586578777838,0.0040402834954054905
S04712000_20190516,Moderate,Moderate,6.50062457626118e-08,8.25510232899959e-07,6.533050295835358e-10,0.9275128386755953,0.07248627015462084
S04712000_20200604,Moderate,Moderate,3.927490615845469e-07,0.0001482026685768434,5.726278762018887e-10,0.9991480880516436,0.0007033159580902539
S04712005_20200515,Moderate,Moderate,1.5217376173886083e-07,7.459002118772779e-07,5.074569418244854e-09,0.9985069397217132,0.001492157129743615
S04712008_20190516,Moderate,Moderate,2.2015831409100257e-09,1.0905907143645347e-08,2.0770079210473784e-11,0.999999954638343,3.2233396729202375e-08
S04712008_20190723,Moderate,Moderate,1.790034391554714e-09,3.166110830291669e-07,9.74966578099196e-11,0.9999994158006584,2.6570072753128293e-07
S04712008_20191119,Moderate,Moderate,1.265984301811379e-08,1.2866246160777597e-05,7.451275885737661e-09,0.9999749101239047,1.2203518815555741e-05
S04712008_20200317,Good,Good,7.157459691719954e-05,0.9472840112462628,0.001199029465357264,0.05140787317785732,3.7511513605430606e-05
S04712008_20200730,Moderate,Moderate,9.291089381984313e-09,3.182281415328873e-06,4.5648901230851807e-10,0.9999967414216361,6.65493702465396e-08
S04712008_20201008,Moderate,Moderate,1.4919471247792198e-07,1.8382853092466743e-05,2.4175096252429173e-08,0.9998223187062995,0.00015912507079939386
S04712021_20190516,Moderate,Moderate,7.475086358602587e-09,2.1217084691701192e-07,1.0143499939660402e-09,0.9998637836799961,0.00013599565972062272
S04712021_20190723,Moderate,Moderate,4.552660444412485e-09,8.163445729471336e-07,4.781461198334545e-10,0.9999989739879,2.0463672036116458e-07
S04712021_20191119,Poor,Moderate,1.6487732279325508e-08,4.633281128386989e-06,9.991447833514932e-09,0.9904526158973774,0.009542724342314169
S04712021_20200317,Moderate,Moderate,2.3640690732907407e-08,1.3700573628065688e-05,9.649304256275114e-09,0.9999820426552517,4.223481125232132e-06
S04712021_20200504,Poor,Moderate,7.396507739244001e-08,7.079123001214665e-06,9.70025561468231e-10,0.9252574432459466,0.07473540269594921
S04712021_20200730,Moderate,Moderate,4.717725479071253e-08,8.513949708682715e-06,2.9773820785256884e-09,0.9999790408296997,1.2395065954760754e-05
S04712022_20190516,Moderate,Moderate,1.1619410216554124e-08,8.538077404179378e-07,2.450917425390456e-10,0.9999915488789471,7.585448810514827e-06
S04712022_20190723,Moderate,Moderate,5.8558722288096035e-08,3.5162425576856795e-05,1.4703025312659055e-09,0.9999644781287315,2.9941666685774325e-07
S04712022_20191119,Moderate,Moderate,2.5594316380829854e-07,6.7583894200886e-05,3.421781863659583e-08,0.9998839281390001,4.8197805816599536e-05
S04712022_20200317,Moderate,Moderate,1.2219540920452334e-08,4.640402079549811e-05,6.832831362815724e-08,0.9999512474608967,2.2679704531334594e-06
S04712022_20200504,Moderate,Moderate,2.2088695214692755e-08,1.548258546736113e-09,5.954699129449662e-09,0.9986632578092959,0.00133671259905122
S04712022_20200730,Moderate,Moderate,1.619776835976446e-08,1.0327380438469384e-06,1.163611088557293e-08,0.9999988568304728,8.259760409924174e-08
S04712022_20201008,Moderate,Moderate,1.1559877580614071e-09,1.9731309974734595e-08,9.270752339426278e-12,0.9999971841963599,2.7949070716767125e-06
S04721001_20120822,Moderate,Moderate,4.81483629656084e-06,0.004052313733843813,5.249278764182195e-07,0.9920757971707521,0.0038665493312311063
S04721001_20190502,Moderate,Moderate,1.9281218576077303e-06,0.007037540870760797,6.063474155925366e-07,0.9823651162076456,0.010594808452320395
S04721001_20210511,Good,Good,6.442299081979807e-06,0.645478288793919,2.782374165176486e-06,0.3544161447498229,9.634178301099966e-05
S04721002_20120822,Moderate,Good,1.2674886517600356e-06,0.9526225900042014,2.3873691269549274e-06,0.04737306352774354,6.916102762962357e-07
S04721002_20190502,Poor,Poor,1.0887030589298757e-06,3.155807726717867e-06,1.2079883934837243e-06,0.030779605145431148,0.9692149423553897
S04730000_20140805,Poor,Moderate,1.6334263628872744e-06,1.9521181288438697e-09,4.443129011834968e-09,0.7940203596148775,0.20597800056351254
S04730000_20160622,Good,Good,3.725353197267569e-06,0.9914609468882496,1.8354352241776763e-06,0.008533405156989936,8.716633904298421e-08
S04730001_20140805,Good,Good,0.0012337533151529098,0.8899486128782282,0.0002066105577281571,0.10847849684044404,0.00013252640844654321
S04730001_20160621,Moderate,Moderate,0.00010454120271104607,0.00946013878000312,7.116223218086063e-05,0.9888681295923493,0.0014960281927557616
S04730005_20210512,Moderate,Good,2.8578020785884424e-06,0.6171456406255044,1.747396745594539e-05,0.38283156803838686,2.459566574236507e-06
S04732000_20210505,Good,Good,2.2341160096782607e-06,0.8836071433245525,8.407466583650786e-07,0.11638940730771714,3.745050624303193e-07
S04733000_20190515,Poor,Moderate,4.390313856518752e-08,1.7220848323562979e-06,4.7986743337804276e-09,0.9986370887096988,0.0013611405036559599
S04734000_20130709,Moderate,Moderate,1.8684426468e-08,9.58016355146628e-10,3.821478524709603e-11,0.999893407382775,0.0001065729365673998
S04734000_20180719,Moderate,Moderate,5.450600069941859e-08,2.9455587683967576e-05,7.344557017340696e-08,0.9999701518278532,2.6463289189625293e-07
S04734000_20190516,Moderate,Moderate,8.024457152697408e-06,9.813208907679032e-06,1.0834739712071182e-07,0.9986238342065904,0.001358219779952098
S04734001_20120821,Moderate,Moderate,1.645029179079045e-08,3.404092977284811e-05,4.87385730191369e-11,0.9999659123754764,3.019572043207362e-08
S04734002_20190515,Good,Good,6.377078562155481e-05,0.7447161819712266,0.00015355025572863225,0.25499184756178095,7.464942564229516e-05
S04734003_20180525,Moderate,Moderate,7.232577863575102e-08,0.00027300567389888363,6.972747440798266e-08,0.9997241942088966,2.6580639513984445e-06
S04734003_20190516,Moderate,Moderate,5.712061722221589e-07,3.0467975090844624e-05,7.332364346638816e-08,0.999586653240266,0.000382234254827488
S04735002_20140612,Good,Good,1.9046534594099894e-06,0.7533271535764895,3.409555400152063e-07,0.24656238755203996,0.00010821326247107702
S04750000_20200610,Moderate,Moderate,3.3518971470043385e-06,0.2196451213015594,0.008160250358591758,0.7721883986886406,2.877754061069735e-06
S04750002_20200608,Good,Good,1.9214814967790514e-05,0.9082906039509928,0.0031046907173250624,0.0885705270246429,1.4963492071432968e-05
S04771001_20120910,Good,Good,1.4082956885381992e-07,0.9996139660118177,1.8210780435764296e-05,0.0003671924663658518,4.89911811744885e-07
S04771001_20140804,Moderate,Moderate,2.1728108357736623e-06,0.00020894573007412123,3.321666803654506e-08,0.999743804643325,4.504359909716415e-05
S04771001_20190627,Good,Good,3.6654489135701693e-07,0.998443244102882,0.001556221183201183,1.405013866406426e-07,2.7667638854591552e-08
S04771001_20200709,Good,Good,1.0281237444510156e-07,0.9999422475512976,5.474886858259309e-05,2.8906878079423246e-06,1.0079937539585587e-08
S04771001_20210512,High,Good,5.3761519735267914e-05,0.9119004609226965,0.08781762421836209,0.0002252234242666276,2.92991493935115e-06
