SamplingOperations_code,IBD_pred,region
977,14.281455270684049,18
978,15.036841692296651,18
979,13.80998816716195,18
980,14.92067478177541,18
981,15.891144630329547,18
982,14.562344172284932,18
983,14.431105044003012,18
984,13.775521218003272,18
985,10.450685327432494,18
986,11.967334954485752,18
987,14.722987551551824,18
988,15.435127973647145,18
989,15.568184665181661,18
990,14.32801114859884,18
991,15.135697294845148,18
992,15.582526799362439,18
993,15.229683414582812,18
994,15.680698116139082,18
995,15.016062948174678,18
996,16.73465792324869,18
997,17.839341088450045,18
998,17.641493238857567,18
999,16.943055901152487,18
1000,14.898630819403973,18
1001,14.877859754940177,18
1002,13.772299542770206,18
1003,14.986228585104525,18
1004,15.466305916699643,18
1005,17.217382971444827,18
1006,15.16723584639846,18
1007,15.25294030691268,18
1008,12.201116897761597,18
1009,9.225913124877708,18
1010,15.213132011455532,18
1011,14.08275283425027,18
1012,9.723878321435464,18
1013,11.83322152806667,18
1014,8.031887598796747,18
1015,9.53319262928494,18
1016,15.4530590561223,18
1017,13.484121853537015,18
1018,7.0958242624507895,18
1019,12.788451212017836,18
1020,13.882537417053944,18
1021,12.924698600157301,18
1022,13.486138452626813,18
1023,14.562364958270853,18
1024,13.460704924743327,18
1025,13.995575750625141,18
1026,15.244558274695082,18
1027,14.33069096754535,18
1028,12.521303107510532,18
1029,11.664158290586514,18
1030,17.113891579921827,18
1031,17.07758735363987,18
1032,14.485182434193728,18
1033,14.160258196623023,18
1034,11.229259030794275,18
1035,11.699819046473564,18
1036,15.336658198119085,18
1037,9.105942306295859,18
1038,7.093764383372617,18
1039,13.983932912650117,18
1040,12.66457346998716,18
1041,10.855247726320881,18
1042,10.59428115055896,18
1043,12.790949976222489,18
1044,6.426953940706142,18
1045,12.237018472676976,18
1046,13.9417392026391,18
1047,12.53246880007584,18
1048,11.014364671010897,18
1049,15.174459272584546,18
1050,10.709862343490714,18
1051,10.178803677674274,18
1052,13.69877362904467,18
1053,14.825333831055625,18
1054,14.368680831833462,18
1055,13.605703251355738,18
1056,13.038094642993588,18
1057,16.048466154530182,18
1058,15.612951066808847,18
1059,11.582843080316911,18
1060,11.92981264609935,18
1061,10.296236012639667,18
1062,9.819091835309322,18
1063,14.761638660342788,18
1064,15.7185325074818,18
1065,14.069448579091762,18
1066,14.13259381155314,18
1067,12.66229159373698,18
1068,13.681812430307394,18
1069,9.910613308037002,18
1070,12.353533022422328,18
1071,8.864428603697007,18
1072,15.739987440329838,18
1073,13.162162065431732,18
1074,13.059105419765856,18
1075,12.38062409716402,18
1076,13.188053732045773,18
1077,20.20554576185929,18
1078,16.868259526457273,18
1079,19.638885177754236,18
1080,15.453230274283683,18
1081,16.10570751469565,18
1082,14.45292479125959,18
1083,14.010615514596667,18
1084,13.340359616975078,18
1085,14.587648266201636,18
1086,12.744137418536038,18
1087,12.051762537692712,18
1088,13.574913805073177,18
1089,13.38112727847339,18
1090,13.550950081251354,18
1091,14.109718481782354,18
1092,14.380291467645927,18
1093,12.268881633362145,18
1094,14.334376004531975,18
1095,13.945156021203978,18
1096,13.098513169838402,18
1097,14.216725637484931,18
1098,13.513431394918547,18
1099,13.892842774846603,18
1100,8.100634967651759,18
1101,11.577307945867128,18
1102,13.412424167271249,18
1103,12.904516617608468,18
1104,14.028362606449678,18
1105,9.84728608442203,18
1106,13.962828055302676,18
1107,12.805048352422517,18
1108,14.65217005271073,18
1109,10.995386811922106,18
1110,13.939053913745083,18
1111,14.119332718334357,18
1112,13.400330100817035,18
1113,11.86427150605788,18
1114,11.73070086270442,18
1115,14.202079818009079,18
1116,13.39635324050936,18
1117,15.08637534318731,18
1118,14.83340607997392,18
1119,13.122548687503913,18
1120,12.77660098568003,18
1121,12.512700071135768,18
1122,12.875076697928977,18
1123,14.125217595680372,18
1124,12.358967159405609,18
1125,13.064576353068478,18
1126,11.487729911802347,18
1127,11.693520939798342,18
1128,13.832234742311206,18
1129,12.99221106057521,18
1130,14.109948158650779,18
1131,13.956020829393532,18
1132,14.202959202073083,18
1133,13.135836090632175,18
1134,14.882584577665853,18
1135,13.810764030627618,18
1136,13.907603229603412,18
1137,13.339286971441464,18
1138,10.712201539251405,18
1139,10.782370562298263,18
1140,13.973117822657484,18
1141,14.506977089989949,18
1142,13.184128885078515,18
1143,13.401048357585735,18
1144,13.79224604756224,18
1145,12.505175371481938,18
1146,13.958523795326627,18
1147,13.700244680772569,18
1148,14.191062326022948,18
1149,13.466936551731996,18
1150,13.562248810013218,18
1151,13.263487788521054,18
1152,14.741663475113414,18
1153,14.75542091540113,18
1154,17.503311228197845,18
1155,15.578782921191742,18
1156,15.02498653210306,18
1157,11.797647937515475,18
1158,14.664074854598683,18
1159,12.971918013058415,18
1160,13.224822146662333,18
1161,11.648858712546955,18
1162,13.919319557803648,18
1163,12.83549585062827,18
2069,15.327660762149254,5
2070,15.388375294371638,5
2071,10.583631567111649,5
2072,20.17915222855285,5
2073,20.050622365305564,5
2074,20.022627827583506,5
2075,19.87828997977799,5
2076,18.73350857092803,5
2077,17.781668709542412,5
2078,16.448911802413704,5
2079,14.574415871260953,5
2080,16.946187283187417,5
2081,17.76657286488208,5
2082,18.229273190504777,5
2083,18.31264332638574,5
2084,16.73341935965565,5
2085,15.361937774535397,5
2086,16.028043852338648,5
2087,18.50745721825183,5
2088,19.599517002795437,5
2089,19.60793789409082,5
2090,20.048645354098984,5
2091,16.33085822209282,5
2092,19.81950291754217,5
2093,13.820909845434006,5
2094,13.841247344105042,5
2095,14.102404910078628,5
2096,14.837456907152662,5
2097,15.700103192480208,5
2098,17.203658005680644,5
2099,13.887715877817607,5
2100,14.34571203856799,5
2101,15.208188479255016,5
2102,16.132735437559944,5
2103,19.740959801623486,5
2104,20.03158602762407,5
2105,19.370572922225826,5
2106,20.154250142181986,5
2107,18.49603410133428,5
2108,16.16462965594219,5
2109,19.896105823260733,5
2110,13.897882348490963,5
2111,14.282547896888357,5
2112,16.019745682142098,5
2113,20.116418360519713,5
2114,20.150483691476495,5
2115,19.06068044264967,5
2116,10.853001454662895,5
2117,18.2604941217844,5
2118,20.08190314020138,5
2119,19.765387215547804,5
2120,19.697833952468724,5
2121,20.009336063053457,5
2122,17.61681167792082,5
2123,10.080593445439483,5
2124,19.895684856172686,5
2125,20.03323198247441,5
2126,15.288177490910146,5
2127,16.894026113815805,5
2128,15.726593004286482,5
2129,11.176493394964666,5
2130,15.770492568973454,5
2131,14.16203557177476,5
2132,13.129658330053047,5
2133,14.92313924147106,5
2134,20.058749181351438,5
2135,19.32855002513189,5
2136,17.689411713913472,5
2137,19.21141510963449,5
2138,16.256905749407522,5
2139,19.944996542559153,5
2140,19.37897049624029,5
2141,19.718093074914158,5
2142,15.663922236232388,5
2143,16.761831879511476,5
2144,15.934888898255473,5
2145,16.439757377617607,5
2146,19.990185406450856,5
2147,19.90213368991286,5
2148,15.288350862735907,5
2149,16.05856912800976,5
2150,13.88017265863413,5
2151,17.63527562345221,5
2152,18.39258924740503,5
2153,18.723911514223413,5
2154,19.925526051478915,5
2155,19.811586555727494,5
2156,20.244224414047213,5
2157,20.07765924797955,5
2158,20.06797356272528,5
2159,17.219317373059283,5
2160,19.946275030856917,5
2161,18.93423600276841,5
2162,14.706920827145321,5
2163,20.10966460436212,5
2164,19.281195199696203,5
2165,19.878537290425186,5
2166,18.033137246775496,5
2167,19.738915885868156,5
2168,20.307409139381548,5
2169,18.165909927592953,5
2170,18.146154376239632,5
2171,14.718872355188171,5
2172,15.213282867919892,5
2173,14.798457452748304,5
2174,13.874164703810802,5
2175,15.611868830736942,5
2176,13.8011760228834,5
2177,16.038520925956757,5
2178,12.149331239935155,5
2179,10.859386318384248,5
2180,15.930918029797391,5
2181,17.029547475849938,5
2182,16.168109383270533,5
2183,8.80391581194554,5
2184,13.530551903206229,5
2185,12.900432103475286,5
2186,13.11783571902103,5
2187,20.036010091376763,5
2188,20.04638461567201,5
2189,19.894471654308635,5
2190,15.434688570804779,5
2191,19.676881245230472,5
2192,20.03183606453962,5
2193,18.240459550391314,5
2194,19.53653764758168,5
2195,20.648028877666807,5
2196,20.188056903153978,5
2197,14.267401491287638,5
2198,19.838543128630008,5
2199,16.48558140321114,5
2200,11.81245559362436,5
2201,18.91450576229354,5
2202,16.608894738038565,5
2203,18.270510660730988,5
2204,16.541809016633287,5
2205,19.1889230229933,5
2206,20.34265500451049,5
2207,20.086487558757298,5
2208,17.99600137023813,5
2209,18.740923871864357,5
2210,17.2540352651485,5
2211,14.56124130313962,5
2212,19.90512734496554,5
2213,20.098118149810695,5
2214,19.136259196272906,5
2215,18.81577283217111,5
2216,16.555169019630064,5
2217,16.266627346222407,5
2218,15.993041076087872,5
2219,15.42593690033827,5
2220,16.47948803547278,5
2221,18.56251633889742,5
2222,16.422236045388637,5
2223,19.78894354845434,5
2224,16.1002867223289,5
2225,20.2243348439749,5
2226,16.986353918550787,5
2227,17.06770295072298,5
2228,20.040433525662394,5
2229,19.656902312091173,5
2230,20.108637863099215,5
2231,19.90403880489248,5
2232,19.896623491085702,5
2233,16.05071156975421,5
2234,17.662589928215354,5
2235,19.533613156298053,5
2236,19.45430297793624,5
2237,13.977065595415912,5
2238,13.255265899481449,5
2239,16.114319999788783,5
2240,18.071876067269802,5
2241,9.657538074353326,5
2242,16.093010111732326,5
2243,19.64132981649803,5
2244,20.007882720223208,5
2245,15.44090803954602,5
2246,15.824537619613078,5
2247,18.34928337139882,5
2248,17.21131484711861,5
2249,18.326547601301602,5
2250,19.923424365618583,5
2251,19.752832792355754,5
2252,19.89682212438796,5
2253,20.02984578976061,5
2254,20.094160509395923,5
2255,18.248650320170626,5
2256,19.474280717466325,5
2257,14.438028527756632,5
2258,15.445472331088876,5
2259,16.687599966801844,5
2260,15.79946530347914,5
2261,15.916962995964948,5
2262,20.286064576109567,5
2263,19.960806070181416,5
2264,15.960057665687437,5
2265,17.82543973242966,5
2266,20.08331345369595,5
2267,16.659499747955728,5
2268,18.743553411323614,5
2269,20.07664885375655,5
2270,17.71716026805989,5
2271,16.54635076626101,5
2272,19.93040217629153,5
2273,18.57127907441539,5
2274,17.219811735166882,5
2275,17.97447510871914,5
2276,18.985505883361814,5
2277,16.58486182471313,5
2278,16.418466620437997,5
2279,15.95507521385885,5
2280,19.977047250063446,5
2281,18.666381058235427,5
2282,19.34097457987423,5
2283,20.20281276973397,5
2284,20.38835570620384,5
2285,16.597758230157194,5
2286,17.023469857744338,5
2287,20.030867295871147,5
2288,16.377599440637507,5
2289,15.214956363172845,5
2290,12.01314137944166,5
2291,17.42075430440077,5
2292,12.342054507111344,5
2293,16.308737019237828,5
2294,14.749105612301038,5
2295,14.875927295133526,5
2296,16.532893979720495,5
2297,15.070523500388589,5
2298,19.882751897016437,5
2299,19.987102176778553,5
2300,14.789226337447417,5
2301,15.544274466572645,5
2302,17.077663977301455,5
2303,18.477052241760937,5
2304,17.099489165331725,5
2305,18.096759761663318,5
2306,17.65874287414765,5
2307,18.03155404814098,5
2308,16.493284972791788,5
2309,16.10161461470827,5
2310,20.00989241524041,5
2311,20.150543388839164,5
2312,20.09392052875425,5
494,18.612717492632317,4
495,19.59732156209339,4
496,14.438604729483759,4
497,15.92866054965705,4
498,18.656757541677763,4
499,17.27023004819683,4
500,19.35500806085412,4
501,18.725533184256577,4
502,15.777873248935188,4
503,11.998107516704374,4
504,12.264554114233388,4
505,15.17754661950114,4
506,14.866752411214522,4
507,12.84857967547506,4
508,13.472260769147372,4
509,10.80496791379695,4
510,13.767311096371376,4
511,13.743665395561866,4
512,14.302397698221368,4
513,11.396456989019072,4
514,15.340375717497363,4
515,13.654954697043324,4
516,18.145837171757506,4
517,17.121567925920054,4
518,19.929895283044686,4
519,16.56891407008499,4
520,14.569564987938477,4
521,15.133636972056754,4
522,16.979106113932993,4
523,18.64864136410562,4
524,14.667081574198352,4
525,14.512157100053589,4
526,11.137793603432392,4
527,14.690857939918878,4
528,20.13819938787176,4
529,19.360419694940376,4
530,14.336054407419276,4
531,19.290613527362133,4
532,19.289534919220667,4
533,16.393426689080457,4
534,18.335579434721783,4
535,14.891005354482768,4
536,17.82934675907947,4
537,16.782960040768636,4
538,15.50918670987759,4
539,16.322502638121517,4
540,16.116749883957954,4
541,14.365077023012068,4
542,17.513661464334813,4
543,17.4248911711095,4
544,18.343299586520907,4
545,18.86012198363704,4
546,19.108900426932287,4
547,18.686397083268954,4
548,11.916613644145478,4
549,13.876297871673032,4
550,18.00382608482955,4
551,15.600025425429743,4
552,16.543277056910938,4
553,15.678911045023185,4
554,18.26730384618093,4
555,18.217516627767026,4
556,17.558088725237575,4
557,15.329019723287278,4
558,12.242875095602791,4
559,16.34392614397055,4
560,18.47317707207533,4
561,16.661876056128865,4
562,17.116770178335436,4
563,18.446661743886214,4
564,16.616622488425573,4
565,18.228943173463836,4
566,12.516996201099648,4
567,14.644857659712741,4
568,13.98748047516103,4
569,13.672522306650416,4
570,14.244818531461142,4
571,15.216562316425518,4
572,16.523281218189936,4
573,15.132054431084997,4
574,17.22904187467109,4
575,17.949598836523176,4
576,15.680134764835293,4
577,17.295328517020103,4
578,13.091373080127095,4
579,14.266640308717022,4
580,12.911611647190218,4
581,15.984274537930933,4
582,17.139600925512305,4
583,18.782325752761086,4
584,19.95892455668435,4
585,19.332309400786958,4
586,19.808235041697838,4
587,14.048499038065334,4
588,12.020852625712894,4
589,13.928823815642442,4
590,17.189253782936554,4
591,14.717701681505329,4
592,13.373911126475111,4
593,15.656132049701815,4
594,16.975572136578435,4
595,15.560313652926203,4
3389,18.77564319647318,10
3390,16.82760152915179,10
3391,12.56856306541361,10
3392,15.270968342205846,10
3393,18.235662876630983,10
3394,13.206107866260478,10
3395,11.190657754769441,10
3396,16.88802389743977,10
3397,9.156697640578253,10
3398,11.600248341435718,10
3399,13.428795796611103,10
3400,11.420497653651747,10
3401,13.931618752200327,10
3402,14.774886298614225,10
3403,6.816656017752422,10
3404,7.787002313046986,10
3405,6.91205146801706,10
3406,11.56072365904006,10
3407,13.765251657275675,10
3408,13.324436594766581,10
3409,12.502077517362547,10
3410,14.615693676117827,10
3411,13.008094266782878,10
3412,14.686091550865461,10
3413,14.355226202832464,10
3414,8.013471283663051,10
3415,13.583387803457983,10
3416,14.841010769799587,10
3417,14.64801238672578,10
3418,13.340547391201946,10
3419,14.83176287694041,10
3420,14.593245815411368,10
3421,15.32202099367265,10
3422,14.676696321963954,10
3423,14.766157623318012,10
3424,12.364430850778326,10
3425,15.376901290291713,10
3426,14.474370816856256,10
3427,14.418699873191118,10
3428,17.733093286585465,10
3429,12.149288453597158,10
3430,13.442231008514467,10
3431,14.684053081786006,10
3432,19.798702349716383,10
3433,12.824214214736383,10
3434,11.93056445047523,10
3435,13.232981421129944,10
3436,12.722057543034701,10
3437,13.410849536728207,10
3438,11.366363934399958,10
3439,12.374449473645322,10
3440,13.445343612053321,10
3441,12.519806780815896,10
3442,14.346352755466066,10
3443,13.46706379414741,10
3444,14.079369588784367,10
3445,14.839239580020136,10
3446,11.139183353420089,10
3447,11.297893873773052,10
3448,14.304718098090877,10
3449,12.722165410638226,10
3450,10.990044161829626,10
3451,13.007775876185462,10
3452,9.646248671149582,10
3453,14.35086384651124,10
3454,13.970438031863594,10
3455,9.193322608372604,10
3456,10.73163275409333,10
3457,10.14844036379022,10
3458,11.13397418628501,10
3459,11.183770420342194,10
3460,12.015935991086042,10
3461,10.330254049857391,10
3462,13.892303262293241,10
3463,11.868576559980074,10
3464,11.479442511720999,10
3465,9.017440744068352,10
3466,7.767825154468342,10
3467,15.654079678407236,10
3468,13.641402154179334,10
3469,14.376791537762816,10
3470,13.149559752233571,10
3471,14.221055213131809,10
3472,15.744530159602416,10
3473,15.28987325652005,10
3474,14.705798122846327,10
3475,12.805278962137123,10
3476,10.708122507189596,10
3477,13.09103465503086,10
3478,11.03660492641789,10
3479,11.192535040170378,10
3480,12.531044179487258,10
3481,13.095377780113195,10
3482,13.54564879817525,10
3483,16.197356348458186,10
3484,12.200214963978194,10
3485,16.368674142134065,10
3486,12.535768102884337,10
3487,18.397413383683112,10
3488,15.306060461736823,10
3489,10.12845053705127,10
3490,11.37813211273548,10
3491,13.030276148618375,10
3492,12.562223126152476,10
3493,12.629479974677857,10
3494,16.156324356730174,10
3495,14.825403290309714,10
3496,14.906831617704903,10
3497,15.373617665895065,10
3498,9.330052638210255,10
3499,10.05221612163699,10
3500,12.796281746698881,10
3501,13.218816679071752,10
3502,13.084024383270627,10
3503,9.95075227583811,10
3504,14.636616093721194,10
3505,13.082969396452203,10
3506,11.289518440493342,10
3507,14.558018090144156,10
3508,13.80142226685445,10
3509,13.497783577051884,10
3510,14.830490375241508,10
3511,13.237633252819329,10
3512,14.56025628062583,10
3513,11.975976593532343,10
3514,14.08273874021692,10
3515,9.482007269262763,10
3516,14.90005247083468,10
3517,13.289998470625457,10
3518,15.655453833535066,10
3519,14.749586247553424,10
3520,14.774697322534278,10
3521,14.430748534948181,10
3522,14.274952774865483,10
3523,6.302270304708024,10
3524,10.698370401110584,10
3525,12.970123599330975,10
3526,14.122675933222594,10
3527,14.790586541216685,10
3528,8.142595372919711,10
3529,7.867517450966854,10
3530,11.270806658820803,10
3531,13.040773287982885,10
3532,12.851304321238366,10
3533,12.50653277067725,10
3534,17.619870342421216,10
3535,12.154623435821584,10
3536,13.80381421387857,10
3537,13.474309474149985,10
3538,13.668896636590526,10
3539,14.2549967977263,10
3540,10.37432337228713,10
3541,8.653177870496657,10
3542,12.622696710295388,10
3543,10.793095201597882,10
3544,13.331994908050689,10
3545,10.744984050890201,10
3546,13.850858640096073,10
3547,14.803288439705955,10
3548,11.386730241660334,10
3549,15.191233550912356,10
3550,14.659822881541894,10
3551,14.875378761898784,10
3552,14.274247889111141,10
3553,13.928407294787295,10
3554,11.612067425805153,10
3555,15.052366397572365,10
3556,14.809991831253427,10
3557,13.273500621511003,10
3558,14.897054565484918,10
3559,10.500027731797687,10
3560,10.748196647276053,10
3561,13.471445893682276,10
3562,13.212475922527156,10
3563,12.709448054884678,10
3564,11.113069837482781,10
3565,15.057153257807961,10
3566,14.503076279356462,10
3567,17.290619485912877,10
3568,14.118814640460668,10
3569,14.031764745035925,10
3570,13.876486799679943,10
3571,13.66766973671844,10
3572,14.022548777740743,10
3573,12.71114198797174,10
3574,12.920683679283135,10
3575,13.9939451892711,10
3576,10.442045256718295,10
3577,13.592239966697196,10
3578,7.481420579954553,10
3579,15.00870496385906,10
3580,12.86156287188172,10
3581,13.101464364870655,10
3582,13.799415705880788,10
3583,14.630183626792146,10
3584,14.512625858922474,10
3585,8.409790590613461,10
3586,14.651480098814362,10
3587,12.771107252625335,10
3588,13.055356211801332,10
3589,14.406124889779061,10
3590,14.905959220746068,10
3591,14.878688361387457,10
3592,14.863220570482515,10
3593,14.27614018552298,10
3594,14.48664800000738,10
3595,15.013660865646573,10
3596,15.164935493733987,10
3597,14.01954290912932,10
3598,14.557348469891457,10
3599,15.058069220992639,10
3600,14.702612877395019,10
3601,15.207785944210464,10
3602,15.033151175479084,10
3603,15.545884711746808,10
3604,12.190702267711663,10
3605,14.02089829259788,10
3606,8.313321452692845,10
3607,15.567385822502281,10
3608,11.295308037667008,10
3609,13.919129399859617,10
3610,13.240306263827682,10
3611,12.108991666241085,10
3612,14.489069347678459,10
3613,15.674647656216397,10
3614,14.316447556364563,10
3615,14.283480073511521,10
3616,14.45416117288339,10
3617,15.26600870703758,10
3618,14.85853501963495,10
3619,15.46922425028565,10
3620,18.421545332567945,10
3621,16.57575308806854,10
3622,16.451468825865355,10
3623,17.311126192478035,10
3624,19.34317050349368,10
3625,17.15010997091608,10
3626,20.04204223362655,10
3627,20.151187169571124,10
3628,20.167899205578703,10
3629,17.289837660216172,10
3630,17.034421094819308,10
3631,17.095796519870415,10
3632,16.357054550902397,10
3633,15.87301782540084,10
3634,16.091318103870922,10
3635,14.451075256759955,10
3636,15.239529005499998,10
3637,15.682731535974108,10
3638,15.6250622889131,10
3639,16.996893726068496,10
3640,16.128640510782123,10
3641,15.838046622156302,10
3642,14.397892217268126,10
3643,14.65690129910603,10
3644,15.672235159485785,10
3645,14.609265974412676,10
3646,8.792182505105831,10
3647,9.678817726762738,10
3648,18.923997149734525,10
3649,16.055892575714818,10
3650,11.17684565570037,10
3651,14.283453195961412,10
3652,19.29056866424202,10
3653,9.404968786879849,10
3654,13.839245697153682,10
3655,14.513992685865892,10
3656,14.474803373897883,10
3657,16.136567252376956,10
3658,15.118448828337186,10
3659,16.20973936084782,10
3660,16.686677795337275,10
3661,16.44538165045346,10
3662,15.0806516426677,10
3663,17.485964001119434,10
3664,14.990323883900517,10
3665,15.570056727568359,10
3666,16.570034525083212,10
3667,14.582782438712146,10
3668,13.548430180699478,10
3669,15.981345483020181,10
3670,16.25904577135778,10
3671,14.379028309589257,10
3672,15.02223878127321,10
3673,19.687789153749044,10
3674,16.43590062099692,10
3675,14.237621276713309,10
3676,14.757631826428593,10
3677,15.19584134461469,10
3678,15.040775666786056,10
3679,15.198380988457867,10
3680,16.36498713198685,10
3681,19.764057067011336,10
3682,20.073943211396006,10
3683,16.621530393671023,10
3684,19.859310843151796,10
3685,19.908322279262748,10
3686,19.876750424040093,10
3687,17.76038847244351,10
3688,19.761884691849673,10
3689,20.05098410954149,10
3690,19.110461352698323,10
3691,19.74761872706327,10
3692,19.852069609122438,10
3693,19.936675903647718,10
3694,13.886490734959201,10
3695,16.454187770744472,10
3696,19.993923462819318,10
3697,19.190911536253935,10
3698,15.59557731708632,10
3699,16.161044221481255,10
3700,18.41691861770732,10
3701,15.761267960983774,10
3702,19.945543777152587,10
3703,19.71571399128159,10
3704,19.480592924841126,10
3705,19.351162907213318,10
3706,18.55128300388466,10
3707,19.150663109804427,10
3708,19.83541732292334,10
3709,19.62335563529981,10
3710,20.174438442785757,10
3711,19.577639912308335,10
3712,20.114150424376508,10
3713,20.08368661580634,10
3714,20.125118689877162,10
3715,19.783445948257658,10
3716,19.899497439796253,10
3717,19.85884451495906,10
3718,19.85705954876809,10
3719,20.17703641056093,10
3720,20.18913382405306,10
3721,18.31094264700373,10
3722,17.70155641675896,10
3723,20.301552357842333,10
3724,18.86826294870191,10
3725,19.840365019862638,10
3726,16.628685766607536,10
3727,19.608600272470532,10
3728,19.255179649483626,10
3729,20.14940872449219,10
3730,20.917681335069453,10
3731,13.081911320128006,10
3732,13.037155952078535,10
3733,15.222311914248303,10
3734,18.39719990105782,10
3735,17.42972796397221,10
3736,16.098688293918215,10
3737,19.706761533998762,10
3738,19.778275223667656,10
3739,18.893583822960977,10
3740,18.47216131987928,10
3741,18.526559346254288,10
3742,15.029878596979737,10
3743,15.34534158718344,10
3744,15.488330717666296,10
3745,18.55501587476695,10
3746,19.87742792159632,10
3747,20.22341278338476,10
3748,19.422728232728517,10
3749,18.420180864317985,10
3750,19.685059447226102,10
3751,15.510726829934566,10
3752,15.053864057244187,10
3753,16.190704562460322,10
3754,15.129940052935613,10
3755,13.309376271727654,10
3756,11.518920789254482,10
3757,16.073668547981747,10
3758,15.011154919067632,10
3759,14.921429148016827,10
3760,16.193525198317758,10
3761,15.306185597597691,10
3762,17.054988677080853,10
3763,18.213767874656952,10
3764,16.562136497411874,10
3765,15.245257375992974,10
3766,15.833122774730821,10
3767,15.076152292297172,10
3768,15.050022116944222,10
3769,16.30346506717899,10
3770,15.452802038765146,10
3771,16.7197829638988,10
3772,16.72051889539428,10
3773,16.514483883066394,10
3774,14.825710320188776,10
3775,15.652567979942244,10
3776,14.164467630676693,10
3777,15.72149244405118,10
3778,14.465467951081433,10
3779,16.2029983349889,10
3780,15.655643212384698,10
3781,17.731530051262325,10
3782,18.759608686216673,10
3783,10.362874365720836,10
3784,15.626130958631213,10
3785,16.75498857183194,10
3786,15.577132738910588,10
3787,14.583480622284027,10
3788,14.16845042340445,10
3789,14.944531379653947,10
3790,18.155313386926615,10
3791,19.293175891099303,10
3792,17.781155949882795,10
3793,14.192160396258805,10
3794,14.71178638718458,10
3795,14.87496339666693,10
3796,15.479586885332347,10
3797,12.771856714351404,10
3798,16.48325211235583,10
3799,17.19860861331354,10
3800,17.221214317356427,10
3801,16.18450498462386,10
3802,15.748060134657399,10
3803,16.134254818660807,10
3804,19.68605867775467,10
3805,19.99150380755985,10
3806,19.99564048616519,10
3807,15.10176156108839,10
3808,11.90921056991159,10
3809,14.909779528548269,10
3810,13.40594228801351,10
3811,17.324369493463017,10
3812,18.50066557135033,10
3813,19.04518117941828,10
3814,14.552769104636706,10
3815,14.948000031988874,10
3816,20.585811697344838,10
3817,20.10419106333651,10
3818,18.329145228689136,10
3819,20.162319711644685,10
3820,17.434706617547143,10
3821,15.91546452725095,10
3822,19.005218381693197,10
3823,15.547476763836483,10
3824,16.958924733113257,10
3825,18.467006087349723,10
3826,16.357174687909612,10
3827,16.36176182078253,10
3828,18.66015565915337,10
3829,18.099443197965694,10
3830,19.814297343373873,10
3831,17.54682878331114,10
3832,16.10466222839625,10
3833,15.263649648478582,10
3834,13.626910653266542,10
3835,13.400361639792752,10
3836,14.75529032508761,10
3837,12.861131421971876,10
3838,18.491235526272494,10
3839,19.53865908394767,10
3840,15.283539157091308,10
3841,10.750912087816674,10
3842,11.244404501615833,10
3843,14.185292233213023,10
3844,12.294266019354993,10
3845,15.258553555038656,10
3846,16.867469460388754,10
3847,14.429871833859373,10
3848,14.738532644339456,10
3849,13.607645346510132,10
3850,15.066534668540053,10
3851,14.77031001305562,10
3852,15.377834773943366,10
3853,14.64817018157732,10
3854,11.59401653561955,10
3855,14.02874495242862,10
3856,12.644715194193813,10
3857,14.20874644521188,10
3858,13.065372965686871,10
3859,15.308601275954693,10
3860,14.274160798703928,10
3861,13.113905516670764,10
3862,16.03108124547945,10
3863,14.707229315412354,10
3864,15.748339624012543,10
3865,19.061623170139494,10
3866,14.501254691739842,10
3867,15.510748977194204,10
3868,15.822764820954994,10
3869,17.163970211742324,10
3870,15.116970251687091,10
3871,18.50934986830804,10
3872,16.565257539359006,10
3873,18.966571171087566,10
3874,19.744025696887352,10
3875,16.528568859687663,10
3876,19.91400684010832,10
3877,19.679214649563107,10
3878,15.27681554752386,10
3879,17.965889972277616,10
3880,16.645876825049914,10
3881,14.685603960111091,10
3882,14.538170464963596,10
3883,14.841203651996462,10
3884,17.503189657396042,10
3885,15.784930646687647,10
3886,13.452375609729287,10
3887,20.08930871219333,10
3888,14.341634711342481,10
3889,11.431318232273775,10
3890,15.628654210270936,10
3891,13.649263435074024,10
3892,18.55871790529091,10
3893,18.360013819460605,10
3894,17.91860868890097,10
3895,16.00451554818439,10
3896,14.755101936458267,10
3897,11.226709262960155,10
3898,13.793797757522833,10
3899,18.476159234041763,10
3900,10.951345498339732,10
3901,15.219820609235661,10
3902,12.72761792786569,10
3903,14.907622887410884,10
3904,14.67109609618927,10
3905,14.047476113623222,10
3906,13.779581535939517,10
3907,16.487357238182963,10
3908,17.805512897694495,10
3909,17.40170510798203,10
3910,16.903014796527152,10
3911,14.991727258672967,10
3912,15.538100399636688,10
3913,13.454250978327012,10
3914,14.536655654769735,10
3915,18.071824695936744,10
3916,16.03861919294536,10
3917,15.52299310815475,10
3918,14.755234448251963,10
3919,15.108403745116645,10
3920,16.136667301109007,10
3921,13.140815402777339,10
3922,12.626899536161758,10
3923,19.302490838072476,10
3924,16.293461544989533,10
3925,15.227120430883952,10
120,17.16659385837435,22
121,18.00683333000682,22
122,12.539640519158096,22
123,14.167154058338285,22
124,14.551344942127193,22
125,14.908242092571866,22
126,12.824099618686017,22
127,14.657153127458026,22
128,13.190011573650557,22
129,14.017570221317552,22
130,12.669966007980712,22
131,20.110544449389664,22
132,19.512627823306154,22
133,13.347010401885322,22
134,14.492114052113054,22
135,13.79338868834517,22
136,16.413790741687702,22
137,15.617848392384351,22
138,15.47120009420502,22
139,17.747743450995785,22
140,16.054399533529775,22
141,13.321061638773491,22
142,15.058183232556605,22
143,14.368177258494264,22
144,19.179833193914934,22
145,17.504904866453266,22
146,14.70088974413576,22
147,13.249000214057844,22
148,12.905206055287795,22
149,13.781666822437048,22
150,14.681075389650628,22
151,18.982854404245415,22
9136,15.619551262966452,9
9137,14.254311817226789,9
9138,14.10715587940076,9
9139,15.524237822983451,9
9140,15.426956011241925,9
9141,19.161290840207137,9
9142,15.149194214519682,9
9143,15.793588713460302,9
9144,16.016301145333024,9
9145,15.311605751164727,9
9146,12.854421005803534,9
9147,15.39685580378074,9
9148,15.408279121592516,9
9149,17.185985281723852,9
9150,16.530275702876505,9
9151,18.279442758678197,9
9152,18.973118058281955,9
9153,14.190594479085416,9
9154,15.780237294008714,9
9155,15.096284536982921,9
9156,16.966025057701778,9
9157,15.406829614498712,9
9158,15.60219743221812,9
9159,16.00644025081033,9
9160,15.139848285314407,9
9161,15.831355556919123,9
9162,16.41288139004001,9
9163,16.20352716401455,9
9164,17.904417496296137,9
9165,15.511843414314576,9
9166,15.888489381145904,9
9167,14.850342351213948,9
9168,15.237916143547992,9
9169,15.686090128187281,9
9170,16.281462385987115,9
9171,14.674563616933716,9
9172,12.846239367364044,9
9173,15.885064803708518,9
9174,15.55050411062821,9
9175,16.383808386702707,9
9176,10.610924003686218,9
9177,15.377576500573305,9
9178,17.784830018833812,9
9179,15.644621904431116,9
9180,17.45346068077987,9
9181,15.098645381846119,9
9182,15.538842945676564,9
9183,15.247704934505892,9
9184,15.935027378427602,9
9185,19.001174810378085,9
9186,14.723489704635986,9
9187,11.601754551646305,9
9188,15.957861941567863,9
9189,15.517893148294771,9
9190,9.442912405938985,9
9191,9.517319575006507,9
9192,7.9744182117439975,9
9193,14.123630842836528,9
9194,12.419745560741678,9
9195,13.472987882797204,9
9196,15.203671868397866,9
9197,15.788416982130506,9
9198,13.522244362091229,9
9199,14.540318409600962,9
9200,16.026892052941527,9
9201,15.145710734813393,9
9202,15.427586418768126,9
9203,15.743589457678807,9
9204,15.327159369132662,9
9205,14.007259037625772,9
9206,18.196304946232335,9
9207,16.634479499295757,9
9208,16.615398511936835,9
9209,16.078013622393804,9
9210,16.05072052680025,9
9211,15.627397194938112,9
9212,17.067664789569896,9
9213,16.617796680313617,9
9214,12.373813934769014,9
9215,14.771457527944314,9
9216,15.999319614648497,9
9217,18.773983003840282,9
9218,17.763196999178227,9
9219,15.618012085763961,9
9220,15.212594719208484,9
9221,15.257406780895266,9
9222,15.637606105377937,9
9223,16.211427642766495,9
9224,16.197960185283467,9
9225,15.770826814297852,9
9226,16.591782345876172,9
9227,15.440707441748131,9
9228,14.659441855606936,9
9229,9.690341389864255,9
9230,11.923308545747311,9
9231,15.382996885580086,9
9232,14.383280218353361,9
9233,16.964435899757824,9
9234,15.315153776366481,9
9235,13.94596928139844,9
9236,13.333373382707874,9
9237,12.418900785880624,9
9238,16.192676949855475,9
9239,16.015381074756675,9
9240,14.939636028641507,9
9241,15.314827993175337,9
9242,12.424572809875354,9
9243,15.355673810139942,9
9244,15.567262482732756,9
9245,15.242181635944693,9
9246,20.267758452010355,9
9247,16.64174326553806,9
9248,14.057739061360119,9
9249,15.568751816050428,9
9250,13.483999788966472,9
9251,14.94726164682653,9
9252,15.937676622985975,9
9253,13.061609689919173,9
9254,15.553728254323865,9
9255,15.093967128350327,9
9256,13.900569148096771,9
9257,14.520446387630768,9
9258,12.700248191464016,9
9259,15.166375359622483,9
9260,14.475704291790105,9
9261,17.536996178643165,9
9262,14.820536510004422,9
9263,13.980870276536919,9
9264,13.705616483814755,9
9265,13.883202468352255,9
9266,14.686450424325834,9
9267,13.910433644794221,9
9268,14.507792459839907,9
9269,13.566346613427239,9
9270,14.899071639499512,9
9271,14.409488478984503,9
9272,14.7975055756896,9
9273,14.65619640824092,9
9274,14.257546726690382,9
9275,14.744016569021113,9
9276,12.54405760845105,9
9277,13.585025616159212,9
9278,13.093098832153172,9
9279,14.913098906632133,9
9280,15.800933258826273,9
9281,14.795837836242336,9
9282,14.476092240663847,9
9283,15.030009589577702,9
9284,15.105495024347281,9
9285,13.314104324494203,9
9286,13.704653502139433,9
9287,14.06733225756747,9
9288,13.502721316384633,9
9289,15.133149607109004,9
9290,12.992102365243042,9
9291,14.69264454867994,9
9292,11.609669966817965,9
9293,12.921592135990478,9
9294,15.346508772159709,9
9295,6.827183822495478,9
9296,9.617994220278804,9
9297,14.658350404925475,9
9298,13.204358802331281,9
9299,14.06271361924608,9
9300,17.056754479075213,9
9301,17.963636530826015,9
9302,17.22199974210119,9
9303,18.58802676179623,9
9304,15.611026847016875,9
9305,15.303097112409889,9
9306,19.04185080521401,9
9307,16.105958646080346,9
9308,17.8024865917995,9
9309,17.933206409915496,9
9310,15.730436620818265,9
9311,16.579825017911645,9
9312,15.762971523706058,9
9313,19.05766505890933,9
9314,15.867153948197366,9
9315,16.263660182185376,9
9316,18.06481553731078,9
9317,16.918821808414027,9
9318,16.100383306810837,9
9319,17.171433540069373,9
9320,16.065209223135145,9
9321,19.357661670023568,9
9322,18.497128481188977,9
9323,18.84224227449254,9
9324,20.21458291622447,9
9325,18.958349877945817,9
9326,16.00674364926204,9
9327,15.022503724755122,9
9328,17.70340387532493,9
9329,15.5934542225171,9
9330,15.69580028661043,9
9331,14.986917999659697,9
9332,17.918990969162415,9
9333,14.85827536734249,9
9334,14.71317967163248,9
9335,16.949808615382846,9
9336,7.68031052726827,9
9337,15.745287841309942,9
9338,15.246633573996561,9
9339,15.595721507535483,9
9340,16.297678701664154,9
9341,15.063230921361624,9
9342,15.248514896088782,9
9343,15.550654314106861,9
9344,15.186084945574361,9
9345,15.12252432818726,9
9346,15.643988751782816,9
9347,15.771715241342772,9
9348,14.109904365993394,9
9349,15.275514457537417,9
9350,15.172300870516144,9
9351,13.369151458983161,9
9352,10.430167733742579,9
9353,15.293358611621146,9
9354,15.008788758761492,9
9355,14.39004474557741,9
9356,14.781838788661362,9
9357,15.294672309048694,9
9358,15.456335963870567,9
9359,15.452785960687333,9
9360,15.478238900823188,9
9361,15.213423263831144,9
9362,14.624257467819026,9
9363,14.833487133836172,9
9364,15.860964666845922,9
9365,18.234180022968804,9
9366,15.449382633633396,9
9367,15.824709362004507,9
9368,9.755746456905737,9
9369,12.659128188852065,9
9370,18.762846073322113,9
9371,14.647656781331992,9
9372,14.762336323865231,9
9373,14.937464920839467,9
9374,13.476652468705858,9
9375,14.562993070326913,9
9376,14.558525685218012,9
9377,15.18689454673077,9
9378,10.924508960485252,9
9379,13.386507296422458,9
9380,14.799849926440436,9
9381,13.811915570799606,9
9382,15.664454335531191,9
9383,14.645962174296875,9
9384,14.20013059064662,9
9385,15.989282470994818,9
9386,14.515376034362404,9
9387,13.837914774475072,9
9388,14.404409717336838,9
9389,14.741069133359437,9
9390,15.3001571551532,9
9391,13.935137023765767,9
9392,13.15321506008991,9
9393,12.887605557689652,9
9394,13.068770083607452,9
9395,12.969051972288378,9
9396,14.476725571476544,9
9397,14.202365583649229,9
9398,13.665149638745007,9
9399,12.708038913503735,9
9400,12.129348557252596,9
9401,15.925988648176709,9
9402,11.337928468145048,9
9403,15.264139153232554,9
9404,15.318460796233838,9
9405,16.233035688061815,9
9406,15.108693070453256,9
9407,15.265655750863797,9
9408,14.350850182342393,9
9409,14.674818074701648,9
9410,13.635654683048651,9
9411,15.783718252093195,9
9412,15.364791787407,9
9413,15.138484186676058,9
9414,15.225394737409516,9
9415,14.731430892849458,9
9416,14.529724209344101,9
9417,15.6940761601807,9
9418,16.099583196442705,9
9419,14.29899658475057,9
9420,15.729222067253996,9
9421,15.145902874650638,9
9422,14.531278613636527,9
9423,14.582851365847203,9
9424,12.0746178690702,9
9425,14.363277720915688,9
9426,14.330932078775538,9
9427,13.376228344180063,9
9428,15.346397094421114,9
9429,15.328916485446141,9
9430,15.306392376350145,9
9431,14.732576548554906,9
9432,14.644467099907386,9
9433,14.842123342927586,9
9434,15.228247100884218,9
9435,15.132041462216977,9
9436,14.228384074557079,9
9437,15.537729605859456,9
9438,14.991442329437238,9
9439,15.30750324539633,9
9440,16.30122059630876,9
9441,14.984836445630032,9
9442,14.29633713520404,9
9443,14.175815966183075,9
9444,14.121231969545033,9
9445,14.78321952844917,9
9446,14.504224986663298,9
9447,14.791766599481083,9
9448,13.283354381216366,9
9449,13.551958614374017,9
9450,14.910446961436755,9
9451,14.3575361634769,9
9452,13.594320849718477,9
9453,14.351264641004024,9
9454,14.987615792404512,9
9455,14.103085529245252,9
9456,13.1207833565995,9
9457,15.107140537759028,9
9458,15.195820687512043,9
9459,15.590301821856368,9
9460,15.288633298286749,9
9461,10.727596139091968,9
9462,14.808047941318753,9
9463,14.878393720448354,9
9464,15.310422780864748,9
9465,15.465911904373277,9
9466,16.721028497732586,9
9467,14.873378743591863,9
9468,15.709178061735459,9
9469,17.163638225687748,9
9470,15.145086491489588,9
9471,15.015219010938052,9
9472,16.0446448518839,9
9473,15.55553596979089,9
9474,16.475602527337642,9
9475,17.71785324611669,9
9476,13.928488518789138,9
9477,13.802972912615306,9
9478,8.196497346716978,9
9479,16.47640119699876,9
9480,15.65776001681239,9
9481,15.868041510241735,9
9482,12.407405120979883,9
9483,13.753625520216877,9
9484,14.426498817449282,9
9485,14.345845548879634,9
9486,15.300906507637924,9
9487,14.083291140284077,9
9488,14.86663172073948,9
9489,15.183957333483091,9
9490,11.90122817972604,9
9491,15.11407648952031,9
9492,14.739301014938917,9
9493,17.052059182208072,9
9494,15.671175082664789,9
9495,15.569030325903727,9
9496,15.212792755435395,9
9497,15.606146864409235,9
9498,17.540742763317546,9
9499,15.842029901944452,9
9500,15.168373638323615,9
9501,16.907318701811818,9
9502,14.944643492561575,9
9503,14.593284233568605,9
9504,15.420578717607981,9
9505,12.994242282756392,9
9506,13.227425404853044,9
9507,16.778888969784173,9
9508,14.09713781043888,9
9509,15.051736800897705,9
9510,15.81953838473163,9
9511,13.48403467803905,9
9512,15.115400834332414,9
9513,15.118908701316888,9
9514,14.016059226053304,9
9515,15.188895362980018,9
9516,15.921263107789716,9
9517,13.938819580307003,9
9518,14.358204299637404,9
9519,13.975879373352651,9
9520,15.06467961967106,9
9521,15.003007828391727,9
9522,15.715951101169304,9
9523,14.207553137327707,9
9524,13.820688737407364,9
9525,15.278225554236997,9
9526,14.86780890881962,9
9527,15.579496521031702,9
9528,11.230558896953848,9
9529,15.852603872584332,9
9530,15.103826855182978,9
9531,13.935861091504368,9
9532,16.873120526031855,9
9533,15.252880890329722,9
9534,15.340520611821065,9
9535,14.77913254350671,9
9536,14.78649808648775,9
9537,14.614395161472281,9
9538,15.777683480630257,9
9539,14.220081333008102,9
9540,15.957571616937704,9
9541,16.25002675633438,9
9542,15.48312890580904,9
9543,16.373956523782013,9
9544,17.53664195542047,9
9545,14.230624003130146,9
9546,14.998622995475944,9
9547,17.425991195460114,9
9548,14.156434025596235,9
9549,12.986480398939289,9
9550,15.347293771499174,9
9551,15.392032368134604,9
9552,15.678861490149501,9
9553,14.937861509634306,9
9554,15.4155686809291,9
9555,15.516236717260929,9
9556,15.269982831935408,9
9557,15.008396556767957,9
9558,14.966054457746049,9
9559,15.042013939242171,9
9560,14.623144895378669,9
9561,14.507147393862088,9
9562,14.978973745180287,9
9563,15.552145857824193,9
9564,15.546866202213842,9
9565,13.484797239635457,9
9566,15.930876293966957,9
9567,15.494625931745555,9
9568,14.02627153393937,9
9569,14.465326180310655,9
9570,13.466190869134463,9
9571,16.475858065966626,9
9572,14.509653398585092,9
9573,15.083313217557043,9
9574,15.646915545219583,9
9575,18.090406234710095,9
9576,14.499018958447847,9
9577,15.040859613628795,9
9578,15.11341656942172,9
9579,15.460561300703208,9
9580,15.263194799505076,9
9581,13.402659668045853,9
9582,14.356737801332104,9
9583,14.563429530622145,9
9584,13.465730219953388,9
9585,5.997326264743142,9
9586,11.454851153550171,9
9587,14.320458144742396,9
9588,15.844450572249041,9
9589,15.216813572878428,9
9590,15.410908100204928,9
9591,17.710744344485317,9
9592,16.287789655577672,9
9593,16.12404123803861,9
9594,13.362991025588002,9
9595,12.432930573865338,9
9596,15.720140288068743,9
9597,14.091153300263509,9
9598,14.330353909185678,9
9599,14.965492500824507,9
9600,14.483207076527208,9
9601,10.837733871569302,9
9602,15.332643480463584,9
9603,16.261953557762112,9
9604,13.962772129297475,9
9605,15.332430393627785,9
9606,16.255026923414768,9
9607,15.484399369753092,9
9608,15.024141747264325,9
9609,14.846599897407632,9
9610,14.383527011172927,9
9611,15.900428334418095,9
9612,10.04021827900878,9
9613,16.065561345497592,9
9614,13.790055182197992,9
9615,15.205934471845161,9
9616,16.63702137239462,9
9617,13.240729280655714,9
9618,14.5621198274434,9
9619,10.724895024983946,9
9620,17.537507732759916,9
9621,18.521789359346435,9
9622,14.91099464986011,9
9623,13.638338778505883,9
9624,13.328131739525423,9
9625,14.791087908415689,9
9626,15.230471434264299,9
9627,13.98798834957121,9
9628,14.579026730948312,9
9629,14.938948578600945,9
9630,13.709686035132414,9
9631,11.845517202405333,9
9632,12.660453048988288,9
9633,15.858697828528049,9
9634,13.886491021741472,9
9635,15.865557640780986,9
9636,14.398551581877987,9
9637,15.616264330785558,9
9638,14.991594287668766,9
9639,13.687222983739098,9
9640,14.483005298797233,9
9641,12.934360452761275,9
9642,13.461279628174696,9
9643,15.416963464744285,9
9644,15.416792732403678,9
9645,14.702627095989955,9
9646,14.425476756607072,9
9647,15.63338186885795,9
9648,14.656469920631729,9
9649,15.727019153462996,9
9650,15.97546781879299,9
9651,15.078431361563265,9
9652,14.136229322398277,9
9653,12.995961809571082,9
9654,13.775526373569313,9
9655,18.00209796839129,9
9656,15.122288581343067,9
9657,10.543371751392039,9
9658,15.335013608327463,9
9659,13.958585849319784,9
9660,14.831268541024212,9
9661,16.640906753764032,9
9662,16.112370196033755,9
9663,14.833030896913861,9
9664,16.054999824455617,9
9665,15.252639831942437,9
9666,16.02561899896031,9
9667,14.878946909233239,9
9668,15.40246039668781,9
9669,15.655912239087622,9
9670,12.652151630353774,9
9671,14.581538472441407,9
9672,12.447782883987045,9
9673,12.548802392607598,9
9674,15.59798805930594,9
9675,15.036969666067812,9
9676,15.509944182598696,9
9677,15.172481619296445,9
9678,14.598965436955977,9
9679,14.805696874831472,9
9680,15.023798429929897,9
9681,13.590258482601893,9
9682,12.733339657904107,9
9683,15.782857062515205,9
9684,15.214133370650863,9
9685,14.926607142523011,9
9686,15.415292025390633,9
9687,15.258190356734897,9
9688,15.50848467790459,9
9689,15.60580738195715,9
9690,15.22755344182462,9
9691,15.413275240825268,9
9692,14.680629410438417,9
9693,14.377503077798282,9
9694,15.651809628680587,9
9695,17.135000907513245,9
9696,15.862786528724868,9
9697,15.701851435891312,9
9698,15.76260326703666,9
9699,15.246118972396298,9
9700,14.487127930634209,9
9701,15.196940210041763,9
9702,15.548474943141628,9
9703,13.138227674242692,9
9704,16.394232783150482,9
9705,15.256820516925856,9
9706,16.725081782661896,9
9707,16.4271382599051,9
9708,16.01337917556026,9
9709,14.849018034344983,9
9710,15.501117801952237,9
9711,14.745715059000606,9
9712,17.017788387702076,9
9713,15.347512113967147,9
9714,15.33708061905842,9
9715,13.903376846042052,9
9716,13.6951912829611,9
9717,14.855632697610078,9
9718,15.811291389439406,9
9719,15.71551948565585,9
9720,14.971829595348822,9
9721,17.820479621551737,9
9722,14.963024573740459,9
9723,14.69780572519675,9
9724,13.000190523801262,9
9725,13.94318399475518,9
9726,14.404242317745021,9
9727,15.131725401253235,9
9728,14.955088344963485,9
9729,15.184156060818427,9
9730,15.321691553917423,9
9731,13.280396296489949,9
9732,16.784716949186006,9
9733,16.016678164930543,9
9734,16.121164182498426,9
9735,15.361191373888564,9
9736,14.007594088361184,9
9737,14.551764075694829,9
9738,14.746991011225116,9
9739,13.875009707443613,9
9740,14.837744763499707,9
9741,15.58472042348298,9
9742,15.745696679472255,9
9743,15.908681464098136,9
9744,15.42711058735065,9
9745,14.563780906560982,9
9746,15.229497661710953,9
9747,10.68341317689439,9
9748,11.658173954078201,9
9749,15.07355577396695,9
9750,16.328733460238233,9
9751,15.487840005587731,9
9752,15.691819494743356,9
9753,15.666893742486458,9
9754,15.485810773464772,9
9755,15.324436529347983,9
9756,16.45094328136934,9
9757,15.536856455489469,9
9758,15.142911004501336,9
9759,16.431841035105727,9
9760,16.18529541548395,9
9761,13.413661760614675,9
9762,15.419125399617807,9
9763,15.552910579668605,9
9764,17.50761359613295,9
9765,13.121493164248086,9
9766,15.743444537973657,9
9767,10.877158629489774,9
9768,14.896214292138994,9
9769,14.750907171163417,9
9770,14.744128788488686,9
9771,17.771240301951906,9
9772,15.221323926939741,9
9773,15.643015177459283,9
9774,13.584527253672098,9
9775,14.274681815620845,9
9776,14.424433894216289,9
9777,12.13136122685385,9
9778,13.50416735083617,9
9779,15.175119726843514,9
9780,16.571027206673012,9
9781,15.426045153962017,9
9782,15.618869197918169,9
9783,13.29248198894577,9
9784,11.822181395765451,9
9785,13.271858211608695,9
9786,14.333108832813624,9
9787,14.884998878612107,9
9788,14.280188064557626,9
9789,18.044605995292788,9
9790,13.632439010781964,9
9791,14.334133629404585,9
9792,12.359067507650368,9
9793,11.627187700603807,9
9794,14.103162535028353,9
9795,11.354561408494028,9
9796,12.007505649364768,9
9797,10.415994528201566,9
9798,12.707239376552966,9
9799,13.114092687960405,9
9800,13.505166714983853,9
9801,12.650872560575392,9
9802,9.606839056122181,9
9803,10.326424980517391,9
9804,13.580746519766858,9
9805,12.787065377320996,9
9806,12.787944543554321,9
9807,12.060882106305446,9
9808,16.196040716985646,9
9809,15.888901578418064,9
9810,15.091794871317262,9
9811,15.289499876217631,9
9812,13.838724334861107,9
9813,17.59913805458283,9
9814,14.368005927042464,9
9815,15.446563029031331,9
9816,15.597333804584196,9
9817,14.932007055437415,9
9818,19.739195871655912,9
9819,16.27130538577974,9
9820,18.53869474975247,9
9821,9.251166941761156,9
9822,14.179419886070454,9
9823,15.78517742406787,9
9824,15.174955178728805,9
9825,6.897905860970646,9
9826,7.749664518406609,9
9827,10.194885751127636,9
9828,10.822181081160805,9
9829,10.430876367922679,9
9830,16.480122895585982,9
9831,18.19851827505727,9
9832,15.411810105173467,9
9833,14.741684011288356,9
9834,14.68649262316851,9
9835,14.67204996592183,9
9836,13.225681519589902,9
9837,14.981843267004743,9
9838,14.33622505869261,9
9839,15.589961977408127,9
9840,13.143951312403718,9
9841,17.631276854669228,9
9842,11.625289860512726,9
9843,10.141507204553015,9
9844,20.054552647461875,9
9845,15.232977088919778,9
9846,15.70216391034785,9
9847,15.55522198839062,9
9848,16.52339436063625,9
9849,17.396942754864366,9
9850,14.766247311375123,9
9851,13.80382473428237,9
9852,14.572208379061106,9
9853,14.349623628222187,9
9854,15.761227887559878,9
9855,15.825940212798177,9
9856,16.00818143295068,9
9857,16.747489125644503,9
9858,14.47624207094908,9
9859,14.054277453014278,9
9860,13.722588805421719,9
9861,12.945814724140009,9
9862,18.63551716729985,9
9863,15.123042297802284,9
9864,15.423707048887719,9
9865,15.378757228288652,9
9866,14.996499726907793,9
9867,14.835121946947162,9
9868,15.426806126766088,9
9869,8.016426126583548,9
9870,15.40856704833991,9
9871,13.46789998327995,9
9872,13.992059664277361,9
9873,16.27794978947044,9
9874,15.432856641045985,9
9875,14.40091398476809,9
9876,13.428156650614817,9
9877,14.447616920422247,9
9878,14.914086721201379,9
9879,15.020516439489386,9
9880,16.59766513833677,9
9881,14.53205373577277,9
9882,14.98399062444431,9
9883,14.351252642379269,9
9884,14.956926680333925,9
9885,14.127039186545327,9
9886,14.49109748024534,9
9887,14.70968368565133,9
9888,14.809960091595322,9
9889,14.992184939058342,9
9890,14.112324910429658,9
9891,14.619930163846785,9
9892,14.340039743125578,9
9893,13.23267526522596,9
9894,14.6293217679998,9
9895,15.050651086402658,9
9896,15.087157279772086,9
9897,14.653972148881035,9
9898,16.994108801336505,9
9899,13.25722142906145,9
9900,15.342813845703724,9
9901,14.761118415980336,9
9902,15.861414162791416,9
9903,12.330092372123186,9
9904,16.030572513357196,9
9905,13.03584160421951,9
9906,15.685885216590417,9
9907,14.55844616741372,9
9908,15.527944474222915,9
9909,14.496104809693966,9
9910,12.48447356610415,9
9911,12.902189828178052,9
9912,14.158161246015856,9
9913,15.034429925837374,9
9914,12.32973849202741,9
9915,16.107403005647676,9
9916,12.713418223458309,9
9917,13.624655901209822,9
9918,14.227367060643303,9
9919,14.022113361019866,9
9920,14.801942762241522,9
9921,14.828095241534085,9
9922,14.536969544995555,9
9923,16.662636697562718,9
9924,15.479203537765938,9
9925,12.550292411683296,9
9926,15.099953163740166,9
9927,14.787954949645414,9
9928,10.664875956367421,9
9929,9.407359112644047,9
9930,15.483292117641964,9
9931,11.861666119725243,9
9932,17.453163755898725,9
9933,14.47768885514297,9
9934,12.574843059679893,9
9935,11.580668844850123,9
9936,15.310034569737086,9
9937,16.286943908566265,9
9938,15.414652046780725,9
9939,13.519189993667931,9
9940,14.88403268778184,9
9941,12.57721016128396,9
9942,15.232639871026151,9
9943,18.008934126920494,9
9944,18.29018195188089,9
9945,14.041367104087831,9
9946,14.387347301729344,9
9947,15.641038521335062,9
9948,14.27271159692101,9
9949,14.194374959937413,9
9950,15.211192283856656,9
9951,12.301754373737014,9
9952,14.515342119543918,9
9953,14.758520380081274,9
9954,14.25654168877321,9
9955,14.11533957342549,9
9956,13.875880070501605,9
9957,14.515123635500483,9
9958,13.927842913095736,9
9959,14.860017656928141,9
9960,14.912141470442474,9
9961,14.669379999308102,9
9962,16.852834801323482,9
9963,16.45624844970259,9
9964,14.727996592989115,9
9965,14.745290474984845,9
9966,14.356936379335293,9
9967,13.744634234316802,9
9968,19.94962644752976,9
9969,13.928568427619698,9
9970,12.784749210706376,9
9971,13.968823540044562,9
9972,15.815097501947562,9
9973,12.103482818243963,9
9974,14.401318041187807,9
9975,14.707588956978709,9
9976,14.127126866015821,9
9977,15.244604644737658,9
9978,14.813460832979779,9
9979,14.798307195257104,9
9980,13.661984733435258,9
9981,15.54530788797348,9
9982,15.33921883779306,9
9983,14.819547441045488,9
9984,12.194683426014489,9
9985,16.018629755499646,9
9986,12.146756894372253,9
9987,14.626706576790497,9
9988,14.59727875768327,9
9989,14.951530187243714,9
9990,12.26298613400197,9
9991,13.22016370364334,9
9992,14.830816859203821,9
9993,15.615207603063446,9
9994,15.304992221899118,9
9995,13.331068659908688,9
9996,15.141650881876595,9
9997,14.364325431928782,9
9998,15.093203078818608,9
9999,15.276226121892975,9
10000,15.120951292846351,9
10001,11.398928449522204,9
10002,15.008383059589862,9
10003,14.22663063074357,9
10004,14.634722174915364,9
10005,14.555071795874152,9
10006,14.523209727270167,9
10007,12.572316582839045,9
10008,15.008545837137518,9
10009,14.62977347285482,9
10010,14.692279780736447,9
10011,14.739436377972979,9
10012,13.567360744080801,9
10013,15.144695097605604,9
10014,13.996126793650728,9
10015,17.1783394497486,9
10016,15.857069501679014,9
10017,16.060752966991487,9
10018,15.521033819505528,9
10019,15.669665849108208,9
10020,15.427039515438553,9
10021,19.78240142231276,9
10022,14.198954913026125,9
10023,15.58972509271662,9
10024,14.392819882218568,9
10025,16.057464130490807,9
10026,16.360923174256996,9
10027,19.48156232348905,9
10028,15.079133196207891,9
10029,14.538140099085751,9
10030,14.30280830040752,9
10031,15.08046137551459,9
10032,12.815493505374238,9
10033,15.899163107466205,9
10034,15.113631273313006,9
10035,18.600042366345956,9
10036,14.584078130167713,9
10037,14.842552978398693,9
10038,15.117085607551763,9
10039,15.25362482410733,9
10040,13.608990061091845,9
10041,14.00321239651999,9
10042,14.979577019240299,9
10043,15.521870034552498,9
10044,14.390980424429745,9
10045,15.56344437247024,9
10046,14.62943982741855,9
10047,12.703696185864324,9
10048,15.455301191037197,9
10049,15.515714027345783,9
10050,14.775927803994326,9
10051,14.439741165890013,9
10052,13.98612333566002,9
10053,15.979250005465511,9
10054,17.662078831108623,9
10055,15.00345834897011,9
10056,15.421609069805074,9
10057,14.822578843373606,9
10058,16.824105419205836,9
10059,13.637640930785832,9
10060,15.266386025428995,9
10061,15.802629217235376,9
10062,9.967489431262932,9
10063,13.394269221138623,9
10064,14.630656759236446,9
10065,15.233081031311606,9
10066,19.183060648712875,9
10067,18.425976052737298,9
10068,16.275429181509736,9
10069,14.503094277343914,9
10070,13.297273997909764,9
10071,14.156611163348359,9
10072,13.621553586947604,9
10073,14.437829771519858,9
10074,14.833989240449657,9
10075,15.174115557017345,9
10076,15.249716418320487,9
10077,11.34530503888503,9
10078,15.355443582104845,9
10079,13.610494292848273,9
10080,14.654123311602522,9
10081,10.378007932736107,9
10082,15.079934532930796,9
10083,14.11923476216607,9
10084,13.800879058115035,9
10085,14.81939269912306,9
10086,15.387649225019821,9
10087,14.591217389845449,9
10088,12.874671877795018,9
10089,15.419670444481975,9
10090,11.721916988603713,9
10091,19.501232592589815,9
10092,17.126403843454728,9
10093,16.903535917093098,9
10094,14.66338952484624,9
10095,16.656050077595147,9
10096,13.993981359564483,9
10097,14.338776285298477,9
10098,14.05545322185744,9
10099,17.70752523582364,9
10100,15.592315527821626,9
10101,17.490737405948405,9
10102,17.36395232016256,9
10103,13.684768093237947,9
10104,15.883816822702833,9
10105,15.043938257805076,9
10106,15.995413645480344,9
10107,13.424513813680603,9
10108,13.699889826629963,9
10109,15.899611786357738,9
10110,17.716493604764434,9
10111,16.386450242255364,9
10112,15.78248517616325,9
10113,14.927544197479136,9
10114,15.311581634639214,9
10115,13.150239246310468,9
10116,13.621760063805041,9
10117,15.14649905389303,9
10118,14.521772905615121,9
10119,11.088253529462111,9
10120,10.849964068658519,9
10121,10.471309480646909,9
10122,15.066420910361929,9
10123,15.03224950317029,9
10124,14.924415763083104,9
10125,15.323205916941799,9
10126,15.934451360893878,9
10127,19.215642479117715,9
10128,15.160083709519878,9
10129,15.169119805987478,9
10130,14.407270765314992,9
10131,13.470378072951265,9
10132,15.99320279445355,9
10133,15.184716770717754,9
10134,14.618822262884667,9
10135,15.31244427447326,9
10136,15.057589881238652,9
10137,15.53347619745139,9
10138,16.037876627783575,9
10139,16.609660893515112,9
10140,16.413096359628238,9
10141,14.083415814410186,9
10142,14.576935629179589,9
10143,13.752788042809502,9
10144,14.095139297869077,9
10145,15.26841628315524,9
10146,15.61023490894952,9
10147,15.263974343500216,9
10148,15.44920725311882,9
10149,15.025324447095347,9
10150,15.211560726823478,9
10151,15.62202912732086,9
10152,15.077183804974576,9
10153,15.497507247700144,9
10154,17.08710981262401,9
10155,14.522188812750326,9
10156,15.186157792921739,9
10157,16.49742851639082,9
10158,17.193831000149366,9
10159,15.506467613042261,9
10160,16.293580545668956,9
10161,15.197274960049715,9
10162,14.233579753835702,9
10163,15.326813083229121,9
10164,15.589550386617027,9
10165,19.20349291928053,9
10166,18.368549660687936,9
10167,20.089716034169484,9
10168,14.531210178195488,9
10169,15.792931523170271,9
10170,15.88124228191538,9
10171,15.44870407553221,9
10172,16.142845454026492,9
10173,15.320381832078018,9
10174,13.922727845317269,9
10175,14.93407524079255,9
10176,16.157802895017014,9
10177,15.282375746039174,9
10178,17.10790632314668,9
10179,12.947501322043387,9
10180,13.661339431765937,9
10181,15.99580250055641,9
10182,15.682294585423378,9
10183,18.142830965668733,9
10184,17.982085863801647,9
10185,14.943470223628866,9
10186,15.232637003625548,9
10187,17.561755140845612,9
10188,17.920419571780663,9
10189,15.004945515411668,9
10190,14.608117674985248,9
10191,16.059169164207326,9
10192,13.381448229235428,9
10193,15.980744360018623,9
10194,15.29406443413247,9
10195,16.137931034928634,9
10196,17.84840334320591,9
10197,14.075057411865782,9
10198,16.49584490302127,9
10199,13.765332889353344,9
10200,16.15431806317425,9
10201,16.341015803035333,9
10202,15.259762742904915,9
10203,16.4048668511731,9
10204,16.660347297126208,9
10205,15.54880443701071,9
10206,17.990763480088397,9
10207,18.415207381415932,9
10208,15.793466948508772,9
10209,16.37735029582943,9
10210,16.820864929036752,9
10211,13.162438424022639,9
10212,16.531647773254555,9
10213,18.035758783368003,9
10214,14.213387577402376,9
10215,13.300213634425448,9
10216,12.61555679160579,9
10217,14.979828206326737,9
10218,12.754257533295167,9
10219,14.826008264655206,9
10220,15.395654731344626,9
10221,10.31816548296808,9
10222,14.902562759651623,9
10223,16.24000474800854,9
10224,14.793235219703963,9
10225,14.59200827530148,9
10226,13.225018749975904,9
10227,14.02809925590524,9
10228,14.293608031179087,9
10229,12.931729643368794,9
10230,14.199103885841092,9
10231,17.973042519060932,9
10232,17.651167613106313,9
10233,15.756750735994999,9
10234,17.52533355339203,9
10235,16.98909403384769,9
10236,16.539119112703354,9
10237,15.537788985647788,9
10238,14.544786461688574,9
10239,15.334010914798991,9
10240,16.548118822485744,9
10241,13.697617019343028,9
10242,12.86434022228915,9
10243,13.969582917616306,9
10244,15.822913438517986,9
10245,16.17437003566588,9
10246,15.876375587425695,9
10247,14.309625981749242,9
10248,15.499935343370588,9
10249,14.17800578037161,9
10250,13.043252501464565,9
10251,17.11147797319657,9
10252,16.526526866594004,9
10253,14.9263315628568,9
2332,16.38656185537259,21
2333,16.02462036569827,21
2334,19.782465642830612,21
2335,17.847599860621827,21
2336,17.73268866199238,21
2337,18.421579195959957,21
2338,14.651011083358265,21
2339,18.237542559815047,21
2340,15.799817694533159,21
2341,13.968207627844247,21
2342,16.11893336067567,21
2343,18.353201909290856,21
2344,15.868386755297044,21
2345,15.739894955099174,21
2346,17.6850891186572,21
2347,17.95381488342652,21
2348,14.246963428234498,21
2349,18.359637074766507,21
2350,16.873057439660474,21
2351,18.581323192849272,21
2352,17.77473466267196,21
2353,19.29705206791307,21
2354,17.93766967925291,21
2355,19.204924223377034,21
2356,15.54715726248081,21
2357,18.244674875543648,21
2358,17.539516487731042,21
2359,18.491357354873514,21
2360,19.046147681169206,21
2361,17.286576928765957,21
2362,10.927872344664594,21
2363,9.971983177320908,21
2364,13.548516863937314,21
2365,15.572427644284785,21
2366,15.779723355231145,21
2367,16.041091778438098,21
2368,15.389027643648687,21
2369,14.11461997748491,21
2370,14.167888131328676,21
2371,10.491359061307168,21
2372,12.399062309261586,21
2373,14.490520768996117,21
2374,17.33425528168213,21
2375,16.999031273358696,21
2376,17.465269488743964,21
2377,8.713249371829505,21
2378,18.18709748958762,21
2379,18.778015394082377,21
2380,18.26927460547234,21
2381,18.681471039411136,21
2382,12.798465941164434,21
2383,11.88921283661701,21
2384,15.306095407804099,21
2385,12.944986918170342,21
2386,12.162465558279987,21
2387,8.617681687113597,21
2388,13.179617689848094,21
2389,11.947339791332084,21
2390,11.991760223544082,21
2391,12.723055778457203,21
2392,14.625509347476905,21
2393,15.512691560821574,21
2394,15.861124210826324,21
2395,14.502998154055337,21
2396,14.629292904200806,21
2397,13.907618123418521,21
2398,15.294264277216087,21
2399,15.350927269525709,21
2400,12.24184969019444,21
2401,18.89807050580982,21
2402,16.64500092661353,21
2403,16.00790907492593,21
2404,14.584732769008795,21
2405,15.836281033098727,21
2406,14.229288597127857,21
2407,13.946371175982438,21
2408,14.162463341166312,21
2409,15.81895579383995,21
2410,16.055524504916985,21
2411,11.786445976660554,21
2412,13.40177991851583,21
2413,13.782426217996658,21
2414,13.569496826771264,21
2415,13.044002976723323,21
2416,12.590758511817512,21
2417,13.071727959951218,21
2418,14.515124938306391,21
2419,13.283800563503902,21
2420,14.380637968836101,21
2421,12.620673637801127,21
2422,14.682248759858041,21
2423,12.14758327719985,21
2424,7.886482359132516,21
2425,13.778160632898626,21
2426,11.472525059438032,21
2427,12.79605754187716,21
2428,8.648785064151983,21
2429,12.148708719115344,21
2430,12.180011072251242,21
2431,11.533209081782244,21
2432,13.08118913283335,21
2433,15.2831535074121,21
2434,12.983511994514615,21
2435,12.477160553654862,21
2436,15.210536968668576,21
2437,17.165854157723192,21
2438,17.82923647960061,21
2439,18.474017835697392,21
2440,18.46233559032492,21
2441,19.754883230106316,21
2442,16.553990266462844,21
2443,18.94251133947299,21
2444,20.932997509331265,21
2445,18.20054204035363,21
2446,18.855146480179094,21
2447,18.44110650986548,21
2448,18.207299192921436,21
2449,17.74104302535929,21
2450,18.01428121678658,21
2451,19.276216898349634,21
2452,18.557190830070056,21
2453,17.627787896500124,21
2454,18.904011610428864,21
2455,16.127313990665368,21
2456,18.338819060244262,21
2457,14.976753704379734,21
2458,17.217557576532656,21
2459,17.50482849405512,21
2460,15.736707682576498,21
2461,15.27532107768539,21
2462,14.168049567653847,21
2463,19.600466127748053,21
2464,19.33007451225593,21
2465,12.894280284750609,21
2466,18.654720933304638,21
2467,15.404639351959338,21
2468,15.317357663628467,21
2469,15.999985381438215,21
2470,17.20596531611411,21
2471,15.972294745743055,21
2472,15.426414752078294,21
2473,13.293857292499915,21
2474,15.47106970006306,21
2475,13.819003453064171,21
2476,14.535849386517343,21
2477,15.504867680859043,21
2478,17.828887806094016,21
2479,14.06200196777422,21
2480,14.988788012640201,21
2481,14.8959586341544,21
2482,12.25156607873056,21
2483,13.698504968403014,21
2484,14.405169871238575,21
2485,14.2007560910649,21
2486,14.760461407497882,21
2487,15.106985371790802,21
2488,17.549061661078632,21
2489,16.113620257159592,21
2490,15.920328534807998,21
2491,15.08628411973225,21
2492,15.640287562293206,21
2493,14.38185836304329,21
2494,15.941408327781167,21
2495,14.321687561516542,21
2496,14.802551699828143,21
2497,14.13503681818639,21
2498,14.926136111600547,21
2499,13.104067225092315,21
2500,14.370386102024458,21
2501,14.97086524840943,21
2502,14.738375084134855,21
2503,15.316544617074854,21
2504,11.233364297867766,21
2505,14.63935682057934,21
2506,15.381477233416414,21
2507,16.956940576173817,21
2508,13.762433084466892,21
2509,13.711486848723201,21
2510,13.091241911982841,21
2511,17.556606858300533,21
2512,15.387127377214126,21
2513,18.23770665453569,21
2514,16.31979669392251,21
2515,15.067011871319762,21
2516,14.051911618250973,21
2517,14.40898505805289,21
2518,15.11002396423331,21
2519,12.188415705518109,21
2520,14.656318279883656,21
2521,15.571732980638119,21
2522,18.287837347453284,21
2523,16.922396220378868,21
2524,16.785780353234127,21
2525,16.893405522082972,21
2526,16.62748074717628,21
2527,13.684189053020715,21
2528,13.653716908404895,21
2529,15.486145605212926,21
2530,14.537094916929973,21
2531,14.27234349666724,21
2532,15.524971394454708,21
2533,13.281209225756877,21
2534,18.191302193961018,21
2535,16.281862476915776,21
2536,15.37172806206918,21
2537,18.908509021756096,21
2538,18.13602060327178,21
2539,18.48014783871979,21
2540,19.3642589799313,21
2541,16.960394815254364,21
2542,17.527281442775145,21
2543,15.690511551079279,21
2544,19.239674241378236,21
2545,16.5801273334814,21
2546,18.3860508220637,21
2547,17.9281525188403,21
2548,14.95245537768881,21
2549,13.750718150900958,21
2550,15.318652254575518,21
2551,14.39646681453644,21
2552,13.933412378250424,21
2553,15.449072810294236,21
2554,15.765611601264048,21
2555,16.819667763753703,21
2556,15.037706720771412,21
2557,16.024475710650993,21
2558,16.316240747211655,21
2559,16.215374517997308,21
2560,16.17273382747183,21
2561,17.80767710680244,21
2562,17.566978831304056,21
2563,18.08420516498144,21
2564,15.7415212546316,21
2565,15.061753298012185,21
2566,13.91681166263106,21
2567,14.387453260448734,21
2568,15.0712676404654,21
2569,15.003796766475224,21
2570,15.588748727598762,21
2571,14.198122195314316,21
2572,13.990594394129184,21
2573,13.605290086230308,21
2574,19.346022603120424,21
2575,15.018467061550513,21
2576,18.467222265379842,21
2577,17.094782802491554,21
2578,14.922351218631112,21
2579,13.368215336384939,21
2580,15.528929560942464,21
2581,7.853883774448074,21
2582,10.388339078361149,21
2583,17.618441736038005,21
2584,17.26232120314824,21
2585,17.435284123565093,21
2586,18.811827567233692,21
2587,20.339494330504397,21
2588,20.353544512666975,21
2589,20.025754571157673,21
2590,20.063473117832785,21
2591,20.041648713517038,21
2592,19.534560086640965,21
2593,20.265085913575202,21
2594,19.011685469776996,21
2595,20.316338418715567,21
2596,20.470327585225373,21
2597,19.637976694356677,21
2598,19.900140331309977,21
2599,16.687933690135285,21
2600,13.314504756505773,21
2601,16.163753043563478,21
2602,13.952480253032402,21
2603,11.389032845771641,21
2604,14.726975928224803,21
2605,15.71280166018268,21
2606,16.08790588127947,21
2607,16.197677751255206,21
2608,16.888802519308538,21
2609,17.357104086460456,21
2610,15.813398982153313,21
2611,17.29714232201954,21
2612,19.36348284163828,21
2613,15.774839031238168,21
2614,15.497590692585801,21
2615,14.9071803365624,21
2616,18.62607427063103,21
2617,18.725928139998636,21
2618,17.85106551201887,21
2619,16.534628675054357,21
2620,19.34904902476016,21
2621,18.402970870420187,21
2622,17.182824439797812,21
2623,16.695257574332178,21
2624,17.092171121120348,21
2625,18.824657062196223,21
2626,19.82897335000666,21
2627,17.668892124919815,21
2628,18.760526875999695,21
2629,19.94478155523137,21
2630,19.10424754057631,21
2631,20.20648777398521,21
2632,20.39250065064082,21
2633,19.717262616557505,21
2634,20.45051137709924,21
2635,20.087452729233693,21
2636,19.970570001789376,21
2637,19.6523966979451,21
2638,18.896226667775668,21
2639,19.8032317092887,21
2640,19.02216964961611,21
2641,20.1793991674154,21
2642,19.36470339183351,21
2643,20.122936488638715,21
2644,18.87500546253098,21
2645,17.833651008489213,21
2646,18.098970691091235,21
2647,19.93148050671762,21
2648,13.016201356805144,21
2649,15.74997801375292,21
2650,13.036835965739668,21
2651,18.349605588897116,21
2652,18.960392377032125,21
2653,18.440591606595888,21
2654,18.07562174466366,21
2655,19.42080612624068,21
2656,15.11154145220466,21
2657,17.88065571945306,21
2658,17.146688059041182,21
2659,18.37216992252643,21
2660,18.170265332194294,21
2661,13.962932298694128,21
2662,12.704611707838408,21
448,13.325732279970918,20
449,11.895303591591276,20
450,12.435509527451574,20
451,16.513972394807972,20
452,12.54530642068448,20
453,11.636249728546593,20
454,11.981212623967581,20
455,11.557517631080316,20
456,9.16261102393717,20
457,16.35317295739721,20
458,15.772969932975036,20
459,13.182699607601121,20
460,14.731154739350739,20
461,13.86755829299366,20
462,17.00223475977701,20
463,13.741787058410832,20
464,12.693862687699834,20
465,13.13518702308107,20
466,12.877325676271367,20
467,11.541581118143371,20
468,12.14357766223885,20
469,11.2258805419631,20
470,11.992096522778606,20
471,13.270928148574356,20
472,13.651365816900785,20
473,9.27615027684119,20
474,9.126301965085906,20
475,14.41815025184079,20
476,13.576768370456922,20
477,13.616669211280474,20
478,13.977115662732508,20
479,12.310290284656528,20
480,13.55234884666506,20
481,16.749213301359323,20
482,15.502499007693896,20
483,17.301030247118593,20
484,12.793583940944991,20
485,13.980239448858322,20
486,10.797999305480399,20
487,10.057704445247229,20
488,19.388319884773242,20
489,18.040685782213902,20
490,11.51064407337181,20
491,12.631253340876542,20
492,13.427454002667961,20
493,12.104948910612636,20
494,13.361986555291848,20
495,14.53435104809422,20
496,13.485109147792064,20
497,14.515295163987508,20
498,12.44735347626173,20
499,10.226126582003944,20
500,18.83099638890138,20
501,17.635400396673745,20
502,17.159058288355624,20
503,14.301611972572973,20
504,13.820722695360253,20
505,12.888700658202,20
506,14.18487840111188,20
507,14.837491420418605,20
4188,16.374544354267222,12
4189,15.302841137647599,12
4190,15.450293557991031,12
4191,15.206165816347008,12
4192,14.783656320092138,12
4193,14.43888928353444,12
4194,14.59376650738527,12
4195,15.329326080434837,12
4196,13.569983478309528,12
4197,15.307488699135199,12
4198,17.154423023524124,12
4199,12.206209808337409,12
4200,13.707019236948241,12
4201,13.418982169723572,12
4202,15.177951437849964,12
4203,14.65425278510816,12
4204,12.571397688672675,12
4205,8.115268224570794,12
4206,15.042523011704986,12
4207,15.686222260817969,12
4208,13.212763710400901,12
4209,13.182988897177982,12
4210,12.25267645454338,12
4211,13.973320935666976,12
4212,14.18474145102522,12
4213,11.870651245264781,12
4214,7.537868886879127,12
4215,12.715625306042462,12
4216,12.433749604901802,12
4217,15.47261692909423,12
4218,12.44566356259613,12
4219,13.4813831062077,12
4220,14.876444274519105,12
4221,15.424426965701818,12
4222,13.727576538237845,12
4223,12.78043431230991,12
4224,15.389730428806542,12
4225,14.719085279858623,12
4226,14.3748179714918,12
4227,14.414983348146645,12
4228,14.202004511057014,12
4229,14.508868787545792,12
4230,12.494671910657328,12
4231,14.376115270625709,12
4232,13.454402984205126,12
4233,13.983259619373205,12
4234,12.77102970557213,12
4235,12.382545178571327,12
4236,12.558445259151497,12
4237,15.247599016053686,12
4238,11.811967693639632,12
4239,12.71338103277923,12
4240,16.63211767160083,12
4241,13.336456174830996,12
4242,10.120793863015034,12
4243,11.943643588984777,12
4244,16.405121643309183,12
4245,12.487446638200637,12
4246,11.117802465482796,12
4247,12.62578053701397,12
4248,15.721157889483546,12
4249,16.470213567800414,12
4250,12.72208617984984,12
4251,13.35805170904934,12
4252,10.280372266431296,12
4253,14.23811600096831,12
4254,10.6305340348278,12
4255,13.16527221139756,12
4256,13.460880068676834,12
4257,15.703500562661542,12
4258,13.415742261179918,12
4259,13.93269879407738,12
4260,13.508973520555164,12
4261,12.430288996867398,12
4262,9.531682612676004,12
4263,14.543136828800108,12
4264,11.412172921128121,12
4265,13.430099733690465,12
4266,10.614223995130896,12
4267,12.315816282660649,12
4268,14.057439058989626,12
4269,15.064882486895936,12
4270,12.938368884016032,12
4271,13.420948322936287,12
4272,13.428301688444076,12
4273,13.451634979369222,12
4274,14.845542520544136,12
4275,14.281333963284684,12
4276,14.39546855531175,12
4277,14.98046543449941,12
4278,14.747424232608392,12
4279,15.2587549509005,12
4280,14.6864838053933,12
4281,15.020625318360231,12
4282,15.236091003832238,12
4283,13.244208686382674,12
4284,14.86670085625515,12
4285,10.227463921766695,12
4286,13.391860588604304,12
4287,14.59087649488794,12
4288,10.23838753758449,12
4289,11.309953259656844,12
4290,13.874764560749236,12
4291,12.488185712794996,12
4292,13.700950061742605,12
4293,11.889218242549129,12
4294,14.477946950974815,12
4295,12.144998773460667,12
4296,12.542211063908827,12
4297,12.02922979278822,12
4298,13.946488377646904,12
4299,14.67572669968344,12
4300,11.444961058302372,12
4301,14.541774138405557,12
4302,8.969828856804686,12
4303,15.338241617188057,12
4304,14.140696867980132,12
4305,11.25406266057737,12
4306,12.947783227751575,12
4307,13.288028112086293,12
4308,13.922470428942564,12
4309,14.271801276372104,12
4310,12.679932129826204,12
4311,12.54985313876333,12
4312,15.359954520801102,12
4313,14.562273033693048,12
4314,12.772928422835353,12
4315,13.160032063345827,12
4316,13.889189657756313,12
4317,11.925154708988815,12
4318,13.570541265063808,12
4319,12.026365815422327,12
4320,12.776542447859445,12
4321,13.84447402391142,12
4322,14.111179825121381,12
4323,12.200334766661484,12
4324,12.627826223990851,12
4325,13.287216894331205,12
4326,16.509797609620897,12
4327,16.232821092392005,12
4328,16.186889976243307,12
4329,13.132635972749524,12
4330,13.937912579030911,12
4331,13.1093208005007,12
4332,13.606524470825352,12
4333,9.194842508418635,12
4334,13.452792386305564,12
4335,11.554231306199984,12
4336,14.231109822131959,12
4337,12.894635708954533,12
4338,7.266261839250993,12
4339,10.694971815419397,12
4340,10.038776815860254,12
4341,12.115062090409447,12
4342,13.356777369668572,12
4343,12.35648745049564,12
4344,11.295507164550596,12
4345,12.703908909962216,12
4346,13.152993674433485,12
4347,12.761476862741521,12
4348,13.721618931793255,12
4349,13.397458021638247,12
4350,11.012352254286327,12
4351,11.22197447515822,12
4352,12.393629497430542,12
4353,11.01103882952692,12
4354,10.180448599428125,12
4355,12.131919839603128,12
4356,12.20647703590241,12
4357,13.994521248360833,12
4358,12.008247283300243,12
4359,13.04048600819971,12
4360,12.575488375041914,12
4361,13.087550076105943,12
4362,12.31820394265069,12
4363,12.7096747826353,12
4364,12.1100476385713,12
4365,12.79645976045583,12
4366,10.089470218600404,12
4367,10.802796033328196,12
4368,12.01047684028858,12
4369,11.686772649055262,12
4370,13.083735465346725,12
4371,11.918659640277482,12
4372,13.149937847152414,12
4373,11.62924770984679,12
4374,18.276214350808694,12
4375,15.653557810701635,12
4376,10.582335281088374,12
4377,12.994419743253241,12
4378,13.234727171926332,12
4379,12.871443148686819,12
4380,14.427339981267227,12
4381,12.140488885643004,12
4382,11.727381442820336,12
4383,12.623717983558441,12
4384,11.950363655478348,12
4385,11.565281861683696,12
4386,13.307180011839264,12
4387,11.4454319453014,12
4388,12.865222115914495,12
4389,11.411311967235289,12
4390,13.57783536169622,12
4391,12.55134641502099,12
4392,12.628577594694455,12
4393,12.736313075693014,12
4394,13.26824501528823,12
4395,14.201065750633255,12
4396,12.187274586102317,12
4397,14.292321992828915,12
4398,13.241252504446607,12
4399,10.46950985832106,12
4400,11.019930808318488,12
4401,11.426446234008782,12
4402,12.727799659432346,12
4403,6.505821226354339,12
4404,12.275023878765362,12
4405,11.763401830125831,12
4406,13.210529542726052,12
4407,10.892830771389896,12
4408,13.574251853772473,12
4409,15.67489274826296,12
4410,16.228784306856532,12
4411,14.982193864247087,12
4412,14.437993931781632,12
4413,18.063847433999392,12
4414,15.75562620953135,12
4415,13.607821333754332,12
4416,13.743115328591804,12
4417,16.29727609388398,12
4418,12.920324698069443,12
4419,13.322064111616825,12
4420,10.629509493315162,12
4421,13.753720294173112,12
4422,13.915096861946173,12
4423,13.401765389791432,12
4424,12.862049391036065,12
4425,15.26134544690754,12
4426,12.074684393806265,12
4427,10.978560081910214,12
4428,13.608676903976264,12
4429,14.107211755386745,12
4430,15.17208811487728,12
4431,14.235827073200095,12
4432,13.81974699439344,12
4433,14.522871119532391,12
4434,14.608952221543356,12
4435,18.431920076470814,12
4436,14.13490065084348,12
4437,13.304092295722096,12
4438,11.470228316763022,12
4439,14.431044197139736,12
4440,11.404982305713705,12
4441,14.246543936875,12
4442,15.609302426411327,12
4443,17.542264377802667,12
4444,15.571511487440187,12
4445,15.146359092387696,12
4446,13.316677445834333,12
4447,14.294287465721236,12
4448,16.595785319101623,12
4449,16.004029567904553,12
4450,13.532111386216403,12
4451,11.622627697823855,12
4452,11.892656994561685,12
4453,13.500310803015962,12
4454,14.278051598281257,12
4455,13.995018979108865,12
4456,12.091182564470587,12
4457,8.205956605492876,12
4458,10.971200297138203,12
4459,12.33207911162388,12
4460,17.328670539731196,12
4461,16.3077546757138,12
4462,9.673267153369125,12
4463,14.876545317446704,12
4464,18.354812735854697,12
4465,19.137416706895202,12
4466,19.169010054501324,12
4467,19.23599195556957,12
4468,13.60620281240504,12
4469,14.944562766671645,12
4470,17.966301135122166,12
4471,17.81742461628941,12
4472,17.734486827516914,12
4473,14.148123286800317,12
4474,16.11522435989864,12
4475,15.858216574598764,12
4476,12.71329296829401,12
4477,14.64409259424897,12
4478,16.833664452303143,12
4479,17.68885365454768,12
4480,18.67878834037274,12
4481,16.871943032062582,12
4482,14.436075973278752,12
4483,14.866471476389188,12
4484,16.913467720570356,12
4485,15.313663865638922,12
4486,17.117854148374757,12
4487,14.823701226673249,12
4488,17.63701659956405,12
4489,15.887766039769298,12
4490,19.559430567868983,12
4491,18.762010026100043,12
4492,16.092760319934712,12
4493,14.460488165645227,12
4494,12.728276593351595,12
4495,16.652072950085014,12
4496,13.818754233191205,12
4497,10.652760886921268,12
4498,16.681684548167325,12
4499,12.552322168850937,12
4500,16.592606082625903,12
4501,11.643321051640674,12
4502,15.945833768308333,12
4503,14.06611775167967,12
4504,16.31346464888462,12
4505,17.47792613412588,12
4506,14.001898821675011,12
4507,14.950190858263364,12
4508,16.648998661475105,12
4509,14.41716657179651,12
4510,13.960907129452268,12
4511,17.772183145315406,12
4512,17.496756823884123,12
4513,18.98865055753405,12
4514,14.76443255084924,12
4515,17.850224513014755,12
4516,15.936449202711398,12
4517,13.877351630163748,12
4518,17.993702990601598,12
4519,16.695731314823067,12
4520,12.54407302726278,12
4521,11.678844822806075,12
4522,15.647008514359163,12
4523,12.840600788932525,12
4524,12.152227057567892,12
4525,13.419875214810306,12
4526,16.009403233113304,12
4527,15.545645978347821,12
4528,14.902173805528971,12
4529,13.066670411249703,12
4530,19.647232026643785,12
4531,19.17564774747836,12
4532,14.989382850792069,12
4533,17.68666808717665,12
4534,10.226461504724032,12
4535,11.433232186390946,12
4536,14.351857766926262,12
4537,14.039313977013997,12
4538,13.457308541117163,12
4539,14.635772857521777,12
4540,10.500305907452164,12
4541,12.855729340355781,12
4542,11.125755208680257,12
4543,12.881052896185796,12
4544,12.922347152828499,12
4545,10.233531003873557,12
4546,15.022688712066822,12
4547,14.702537661384213,12
4548,9.93510939008996,12
4549,12.857276095745842,12
4550,12.918102287025683,12
4551,11.419280283759749,12
4552,11.839299298617343,12
4553,10.98806153017164,12
4554,12.573017662232598,12
4555,10.813368195549774,12
4556,12.07275861123872,12
4557,12.082977384621982,12
4558,11.923807378530443,12
4559,13.155862538993016,12
4560,11.777096464038207,12
4561,7.740055225858315,12
4562,14.363730002344072,12
4563,11.295602744572994,12
4564,11.209332547307753,12
4565,12.372475407470148,12
4566,11.736753939265395,12
4567,13.992388504824204,12
4568,11.881283539239174,12
4569,9.303304393621824,12
4570,9.405843504398522,12
4571,12.713724756404558,12
4572,14.843406062564899,12
4573,13.509926048740338,12
4574,13.17646856336583,12
4575,11.38908799591838,12
4576,12.988948895103237,12
4577,11.700091828737015,12
4578,13.042033328182383,12
4579,13.122076728061893,12
4580,13.24540879639916,12
4581,12.33710327292761,12
4582,12.502306848052323,12
4583,13.691180717748333,12
4584,13.467005456125303,12
4585,15.162546426153925,12
4586,12.666747801166494,12
4587,10.061549567502825,12
4588,11.070393058474075,12
4589,16.96811162985628,12
4590,14.999003080925242,12
4591,15.612382388115991,12
4592,19.91910110083685,12
4593,19.76418657248141,12
4594,20.30412593346679,12
4595,19.49257507259371,12
4596,19.65457676466029,12
4597,13.229026309678733,12
4598,11.307376601253345,12
4599,17.21257421656353,12
4600,15.444659416960995,12
4601,13.286813718660461,12
4602,14.455634671227136,12
4603,18.479102259876765,12
4604,12.83448151300012,12
4605,15.15363777329134,12
4606,16.682845872405693,12
4607,16.313582653874434,12
4608,14.887261713066433,12
4609,18.929105545193067,12
4610,15.077961012339564,12
4611,17.869604885261612,12
4612,19.19971237790084,12
4613,13.090531449981432,12
4614,18.232999640023763,12
4615,18.77261780887337,12
4616,12.835304721797314,12
4617,12.314148609559407,12
4618,12.708209771511177,12
4619,13.40241680098984,12
4620,14.61528163823224,12
4621,13.8782224395049,12
4622,13.280712656252481,12
4623,13.069760624614362,12
4624,18.938160605676085,12
4625,18.37733064831401,12
4626,12.422365852073925,12
4627,10.739048296486798,12
4628,10.643460792955176,12
4629,11.982312698302296,12
4630,12.15585032178645,12
4631,14.072943473153087,12
4632,15.06693609372375,12
4633,9.998617469150444,12
4634,12.101433872485801,12
4635,13.350717446561278,12
4636,13.967449066570675,12
4637,19.198108243195826,12
4638,12.908347851011504,12
4639,12.683049178549345,12
4640,13.841991535878119,12
4641,12.043158215508228,12
4642,15.397090707341011,12
4643,15.293091945323685,12
4644,12.160519797010632,12
4645,11.753384492340553,12
4646,12.941216257670378,12
4647,12.58312217619055,12
4648,13.774703428951085,12
4649,14.342240111312346,12
4650,14.826285275850786,12
4651,13.569187050649452,12
4652,11.778139862333179,12
4653,11.726131818646147,12
4654,10.952389516595328,12
4655,10.85251152456441,12
4656,8.27882373155644,12
4657,13.29536912320859,12
4658,10.873816383514697,12
4659,10.850482940274658,12
4660,12.63855057819175,12
4661,13.3348753479261,12
4662,11.821286393659257,12
4663,13.589927353289607,12
4664,10.649548141028527,12
4665,11.446322991013743,12
4666,11.54387718020012,12
4667,11.451413420122135,12
4668,11.49047342342734,12
4669,11.241286568323583,12
4670,9.96370259396069,12
4671,11.649425949349558,12
4672,11.908570847067647,12
4673,14.707947291391875,12
4674,16.28544764403753,12
4675,15.075372657898027,12
4676,13.79940704108661,12
469,19.982147048308246,8
470,19.250812943014534,8
471,18.854746107006687,8
472,19.890826669916375,8
473,19.223325794067446,8
474,19.761652167790917,8
475,19.719046616336737,8
476,19.771106076231412,8
477,19.758466388430072,8
478,19.964963197879463,8
479,17.23933876542349,8
480,16.640197841909334,8
481,17.375300360703434,8
482,17.152672516703028,8
483,17.003092871349782,8
484,17.98805971918494,8
485,19.569271871940913,8
486,19.45722391515098,8
487,19.152315575611915,8
488,20.004077290605018,8
489,19.04936660353176,8
490,20.030873574574574,8
491,20.017595946988287,8
492,20.045257958739928,8
493,20.06025292950282,8
494,20.185535700513686,8
495,19.986911913569152,8
496,19.54792882464051,8
497,19.913637073830568,8
498,19.92038767469447,8
499,20.066604420126563,8
500,18.56064824594113,8
501,18.301448478060163,8
502,19.044494799880475,8
503,19.93938294680631,8
504,20.05275104968878,8
505,20.012783064859676,8
506,20.121796459968817,8
507,20.15285405931632,8
508,18.535659994234855,8
509,19.972152150366448,8
510,19.984906693314166,8
511,19.95207335748025,8
512,19.104458617573233,8
513,19.255323113961737,8
514,19.771282233238047,8
515,19.44950161323007,8
516,15.787855974959284,8
517,17.691064971613507,8
518,13.969521785388913,8
519,18.81476905281319,8
520,13.907773045826733,8
521,16.68052758626657,8
522,15.470140108429769,8
523,14.93671262636531,8
524,19.880531650170624,8
525,19.88134017879586,8
526,17.224180221517667,8
527,18.12170232926119,8
528,19.902333094791928,8
529,19.893646929537063,8
530,20.04323992748596,8
531,20.05329335088978,8
532,19.059227025633145,8
533,18.5776230279698,8
534,18.67284669806916,8
535,17.620608848610356,8
536,15.887884809646042,8
537,15.349987960709079,8
538,17.46723217004485,8
539,16.86413314946929,8
540,17.53283926465518,8
541,18.033103277494064,8
542,18.750409612542498,8
543,17.369521341157853,8
544,20.011313555421633,8
545,15.397173500101067,8
546,16.10065758333566,8
547,15.101003319703018,8
4430,19.643845016113787,3
4431,19.33796391897066,3
4432,17.123415428410745,3
4433,16.37355382941151,3
4434,16.732183883259548,3
4435,15.454044269015242,3
4436,18.0045158436144,3
4437,18.397215785305033,3
4438,11.428169870809011,3
4439,10.366280328559636,3
4440,14.085587092884257,3
4441,15.655330332536144,3
4442,15.39252767232337,3
4443,15.097289223248362,3
4444,11.654573729986415,3
4445,13.369777923584849,3
4446,9.145963218389499,3
4447,14.757560755924374,3
4448,9.086224249434329,3
4449,11.15178008493369,3
4450,9.250987600173717,3
4451,13.852702015582695,3
4452,14.785337179496166,3
4453,10.529880625310046,3
4454,10.0726871386126,3
4455,17.13158512642008,3
4456,17.282272721945432,3
4457,19.235992165234844,3
4458,15.124955815144265,3
4459,19.218117133205162,3
4460,15.408290739905802,3
4461,17.403996537533303,3
4462,17.7379067220639,3
4463,12.494180380181778,3
4464,17.897765878807324,3
4465,18.47540010426155,3
4466,17.29199256475558,3
4467,18.31064854827353,3
4468,15.698442331282127,3
4469,16.545290385582188,3
4470,15.584092253636019,3
4471,18.163144438263135,3
4472,16.684920252017836,3
4473,15.74748530585099,3
4474,15.796189757299075,3
4475,18.849637971344507,3
4476,17.699065077573415,3
4477,11.52580518924924,3
4478,6.755328151386054,3
4479,12.901571905503978,3
4480,15.014576183746493,3
4481,15.322488009191538,3
4482,14.053618089346873,3
4483,18.532148404911553,3
4484,16.66365625917874,3
4485,17.66145597212262,3
4486,12.457205850472691,3
4487,13.796168276413216,3
4488,19.27618986200035,3
4489,18.658251975146353,3
4490,13.541817569053894,3
4491,15.578085035630423,3
4492,17.538890503114647,3
4493,16.708779506655237,3
4494,18.8207731820082,3
4495,13.749380992253007,3
4496,12.94159785558213,3
4497,18.364105470356563,3
4498,13.414199934843426,3
4499,16.759984547643704,3
4500,15.566453696750887,3
4501,17.38459576842043,3
4502,19.159367283531083,3
4503,18.905229684809548,3
4504,14.397391812863672,3
4505,20.006246411953946,3
4506,17.44221121432173,3
4507,19.651646844399774,3
4508,18.17017419868234,3
4509,18.09509461635232,3
4510,19.487503484155432,3
4511,15.864025212086927,3
4512,19.054861403831612,3
4513,13.592652657246612,3
4514,17.08423370724471,3
4515,12.116019126577703,3
4516,16.821076360744623,3
4517,19.318018202783776,3
4518,19.471246952055168,3
4519,19.207481957398908,3
4520,17.179503995217846,3
4521,17.862862271661744,3
4522,16.642112263408613,3
4523,17.045056752817157,3
4524,20.364049301761096,3
4525,19.919357910228193,3
4526,15.853246750906921,3
4527,17.67351069023923,3
4528,17.164031271076194,3
4529,15.98056437045464,3
4530,15.69801917485232,3
4531,14.895195988211865,3
4532,16.453267125103316,3
4533,16.28298739551295,3
4534,12.982130971580716,3
4535,13.910000340386109,3
4536,13.747753535758601,3
4537,19.035995831494226,3
4538,17.238231675914665,3
4539,14.147905292639514,3
4540,12.243231252619347,3
4541,20.44627692962201,3
4542,18.25326586875392,3
4543,12.029512968372837,3
4544,13.729036183412633,3
4545,12.276251411290461,3
4546,13.970195712589446,3
4547,13.957877834008743,3
4548,15.235075859417337,3
4549,14.223028954226333,3
4550,14.210680582580915,3
4551,9.338264465712205,3
4552,15.799615994355632,3
4553,16.82222230068218,3
4554,12.033002629818629,3
4555,10.910050597163323,3
4556,16.525238367434557,3
4557,15.287859557094245,3
4558,11.175280284970441,3
4559,14.06687096905683,3
4560,17.433916712768923,3
4561,16.781342474974085,3
4562,16.57141428155494,3
4563,12.521408200927809,3
4564,16.731424509005272,3
4565,20.055226748376427,3
4566,17.773110051094772,3
4567,14.553826268663927,3
4568,15.032619463894841,3
4569,17.072972810595292,3
4570,16.37574496377606,3
4571,20.776977468548615,3
4572,13.894753855177633,3
4573,16.09422768748516,3
4574,17.866998668179253,3
4575,15.641027289780949,3
4576,10.07111194860674,3
4577,15.834629051487482,3
4578,12.02662212719632,3
4579,9.739952694977069,3
4580,14.34800162678987,3
4581,15.77714332112449,3
4582,17.73558336272504,3
4583,16.13167398933039,3
4584,16.649661227217905,3
4585,19.491292750092423,3
4586,16.18326487717964,3
4587,16.998291746426816,3
4588,18.830554131928835,3
4589,18.90896293900133,3
4590,16.836765644874376,3
4591,18.241039623459724,3
4592,17.164546654883516,3
4593,17.739982988796225,3
4594,17.810004238058166,3
4595,18.803297093078587,3
4596,19.221474980970637,3
4597,19.591016519122284,3
4598,19.310082589117787,3
4599,17.879884160601158,3
4600,17.39081395565402,3
4601,16.297277867691367,3
4602,16.135030907993183,3
4603,15.53174561413496,3
4604,17.279787542040047,3
4605,14.670244474712105,3
4606,16.36051954567592,3
4607,15.989150574652562,3
4608,16.060003955110716,3
4609,14.797898611403577,3
4610,15.369901491103686,3
4611,15.825035246871165,3
4612,19.826860066513696,3
4613,19.85305835641358,3
4614,19.625816569927498,3
4615,18.831122240332263,3
4616,18.51040650383098,3
4617,19.976549234069214,3
4618,19.80954380905241,3
4619,19.352014974190034,3
4620,20.108704203038464,3
4621,19.916165207077057,3
4622,20.991447045587474,3
4623,20.781125953452324,3
4624,20.59167915898141,3
4625,15.99275905988523,3
4626,14.811648171769972,3
4627,19.933354185522607,3
4628,17.231395454265925,3
4629,18.645191888553924,3
4630,17.84807945821465,3
4631,16.414378370286506,3
4632,19.598267705658376,3
4633,19.3511989882822,3
4634,20.72000345737199,3
4635,19.978291329668515,3
4636,18.99191278408163,3
4637,19.827804163421703,3
4638,17.361247361865487,3
4639,15.004948127797746,3
4640,13.9270638392675,3
4641,11.622712652432842,3
4642,14.404339846283312,3
4643,14.503664290211335,3
4644,15.688914705140524,3
4645,13.154509453668066,3
4646,11.275063693899233,3
4647,11.712549848499394,3
4648,15.643119549319874,3
4649,19.646260528978,3
4650,15.277184215382757,3
4651,20.68000131301254,3
4652,19.596044033948928,3
4653,19.04565687608537,3
4654,20.256762417100255,3
4655,20.34420788102068,3
4656,21.571141312337826,3
4657,13.659313200758229,3
4658,16.448455506649676,3
4659,19.20579234217392,3
4660,17.381446284355253,3
4661,19.738996057525366,3
4662,19.484427611362904,3
4663,19.414734030981492,3
4664,19.221696541345352,3
4665,18.175228752471366,3
4666,15.423598540350852,3
4667,18.8075686165325,3
4668,18.661297120324924,3
4669,18.833815581623725,3
4670,17.725089284413308,3
4671,18.773468713267818,3
4672,17.928178748028245,3
4673,18.634652217723108,3
4674,18.687477633518952,3
4675,19.770374504691272,3
4676,16.189834061212228,3
4677,15.71755409613859,3
4678,16.643260676124683,3
4679,18.877323512737075,3
4680,17.24807011250918,3
4681,16.04070734244862,3
4682,20.084069023088347,3
4683,18.687338933031096,3
4684,19.016855724528117,3
4685,19.124502346191814,3
4686,18.647767471853843,3
4687,18.9351401771218,3
4688,18.374485684480746,3
4689,20.538633374910553,3
4690,20.916291399805118,3
4691,19.569501501889032,3
4692,20.612688915354227,3
4693,18.681651342532106,3
4694,16.994477439301622,3
4695,17.44677687049225,3
4696,17.761793668372633,3
4697,18.257730003602965,3
4698,18.107094579244098,3
4699,19.53211018462844,3
4700,19.413046710598174,3
4701,19.651845965916827,3
4702,20.470193951175595,3
4703,18.977288882681254,3
4704,18.560332468886422,3
4705,14.578407216358048,3
4706,15.549128702858292,3
4707,15.26015673199734,3
4708,15.144102904646624,3
4709,18.763885859983287,3
4710,20.31613097993346,3
4711,14.00468631679551,3
4712,20.570564584625018,3
4713,18.632876079416754,3
4714,19.702883382466464,3
4715,16.358526452423607,3
4716,14.464523910749675,3
4717,16.74421598011826,3
4718,17.645407020034053,3
4719,17.944701322428845,3
4720,18.224980881546944,3
4721,19.78409013254947,3
4722,14.574665855676363,3
4723,16.35131022096977,3
4724,15.90858711567014,3
4725,17.146590507621415,3
4726,17.49687158157826,3
4727,18.10629407762536,3
4728,17.92171383066924,3
4729,17.646786733581283,3
4730,15.087378682425154,3
4731,17.619803206885397,3
4732,18.677005936041997,3
4733,18.682764501352395,3
4734,15.372931667354363,3
4735,13.764909394061833,3
4736,15.573442721371427,3
4737,19.3918011921056,3
4738,17.65435368560773,3
4739,16.201537028435403,3
4740,19.309333434287964,3
4741,18.809152423674085,3
4742,19.91012457197349,3
4743,20.149520077895026,3
4744,19.10825478526182,3
4745,20.18233481218067,3
4746,19.069049756135687,3
4747,19.44680575337053,3
4748,19.883890470875386,3
4749,12.1358058036081,3
4750,14.980992572063565,3
4751,18.585442063130373,3
4752,18.417929243399612,3
4753,17.006134243329644,3
4754,16.93778593960068,3
4755,17.828913796746633,3
4756,16.99266952914222,3
4757,15.480551857508582,3
4758,16.497817021836216,3
4759,15.196384725770915,3
4760,17.785142748204084,3
4761,17.33469639987834,3
4762,16.15370047438366,3
4763,16.90777800939826,3
4764,15.556340287426814,3
4765,13.999829764630961,3
4766,15.088329920950821,3
4767,18.571091892701563,3
4768,19.172451453321784,3
4769,17.06520492317919,3
4770,13.618397458773316,3
4771,14.739868109119723,3
4772,15.960676064926792,3
4773,15.151124934596321,3
4774,10.298132692671334,3
4775,10.343396534532994,3
4776,15.41563216901456,3
4777,16.541865324615344,3
4778,15.282713861079602,3
4779,15.823851868026228,3
4780,15.106652206908795,3
4781,16.45621198799679,3
4782,14.600536989366764,3
4783,15.78036785270991,3
4784,15.380677974523612,3
4785,13.70421899618108,3
4786,14.867234734737945,3
4787,14.097764584627802,3
4788,17.3530553137028,3
4789,15.573801393504162,3
4790,16.861958082234132,3
4791,17.463545580779854,3
4792,14.99326376682909,3
4793,16.189729604964874,3
4794,15.368247391728167,3
4795,17.171445382012468,3
4796,18.595099556662117,3
4797,18.498495416242037,3
4798,17.329542125972413,3
4799,15.848852081716853,3
4800,15.984089437358653,3
4801,17.035736013527647,3
4802,16.815256816470967,3
4803,17.32371114210157,3
4804,16.57613032577673,3
4805,16.310221205262007,3
4806,16.340194236202514,3
4807,16.06889882823339,3
4808,17.334801944457354,3
4809,17.627222764590115,3
4810,19.407436499214175,3
4811,18.17254806548824,3
4812,18.070149926644913,3
4813,15.909326995812966,3
4814,16.738362412363255,3
4815,17.279948759605947,3
4816,20.186548736030126,3
4817,15.741118156329195,3
4818,15.401179726250016,3
4819,12.661724052702475,3
4820,18.698129675893444,3
4821,10.772886780948104,3
4822,16.68041893163766,3
4823,16.12312666966402,3
4824,15.28896443516441,3
4825,16.006021454486945,3
4826,14.508692520889579,3
4827,15.089546154267818,3
4828,16.871750964462326,3
4829,18.01975443049494,3
4830,18.184805614937655,3
4831,17.079251896711842,3
4832,15.138241640512023,3
4833,14.47592945795983,3
4834,14.18802546733859,3
4835,14.949552686113806,3
4836,18.12292237762015,3
4837,15.794220291418167,3
4838,19.08560002748554,3
4839,19.268543319939756,3
4840,19.70036816947686,3
4841,17.54385953314053,3
4842,13.899729291179776,3
4843,17.889198426090186,3
4844,18.37770432594157,3
4845,19.72175309895846,3
4846,17.484985745156845,3
4847,17.984419108290847,3
4848,17.408624251293517,3
4849,17.323054352657852,3
4850,13.917610377613574,3
4851,18.27844555306405,3
4852,16.704772988074737,3
4853,15.90410506523843,3
4854,15.50907573000497,3
4855,11.777602665725983,3
4856,13.126253446577028,3
4857,12.00208200338459,3
4858,14.206539261265998,3
4859,14.790295066905712,3
4860,14.12345066929824,3
4861,16.10789332629707,3
4862,14.01478587334566,3
4863,16.19908680117293,3
4864,10.976771286449512,3
4865,17.228498612577056,3
4866,15.19411164910022,3
4867,17.525502063002033,3
4868,16.175275727925236,3
4869,12.44501706896553,3
4870,12.669862146525341,3
4871,15.470433400541852,3
4872,12.816882385549206,3
4873,14.697839593697072,3
4874,16.31300248724786,3
4875,17.494129613173357,3
4876,12.499749919627627,3
4877,12.95408887433163,3
4878,15.72676823718991,3
4879,15.57259173486795,3
4880,14.776252332091849,3
4881,15.950494779349008,3
4882,12.762089217830837,3
4883,12.090183671567198,3
4884,14.170853067799053,3
4885,9.32475797197299,3
4886,14.837347210652739,3
4887,16.788097631951615,3
4888,17.051443055318007,3
4889,18.30562935462516,3
4890,18.712956028190387,3
4891,18.54405567188259,3
4892,16.697459151904642,3
4893,14.73905268190197,3
4894,12.527399145712067,3
4895,13.051659903544303,3
4896,13.659136193842784,3
4897,8.413649573817768,3
4898,12.550367233644128,3
4899,13.085549094493965,3
4900,13.092366397025126,3
4901,14.250047552567048,3
4902,14.148596471946712,3
4903,16.335597004603443,3
4904,17.47453304579024,3
4905,14.835458036632325,3
4906,15.8877923180419,3
4907,16.652413917588195,3
4908,17.246228138425636,3
4909,12.42183420672873,3
4910,9.708380342347509,3
4911,13.689236592314753,3
4912,15.392897117666553,3
4913,13.1955901257128,3
4914,15.645609847101731,3
4915,17.495517100809067,3
4916,17.343336724163592,3
4917,19.572816764287992,3
4918,19.292954005478506,3
4919,18.795915477409093,3
4920,19.691401570055792,3
4921,18.953790769759372,3
4922,16.937719684958445,3
4923,16.997069447821076,3
4924,18.69930466340288,3
4925,18.66178246076929,3
4926,20.615974030580546,3
4927,18.845851635624218,3
4928,18.05415652261206,3
4929,19.726915044995685,3
4930,17.171282329387846,3
4931,14.23772857176715,3
4932,13.46851397620428,3
4933,16.245947489212,3
4934,16.659306147598056,3
4935,18.685103692242677,3
4936,19.742007198016882,3
4937,18.286260134185255,3
4938,15.972367508306595,3
4939,15.80722714554047,3
4940,13.42244041381958,3
4941,15.886887536985668,3
4942,15.273901838363146,3
4943,16.291228021813804,3
4944,15.446358762958834,3
4945,18.98936677734458,3
4946,20.28030818122694,3
4947,17.553762252139443,3
4948,15.355070485536556,3
4949,16.74185594727052,3
4950,14.68374480306117,3
4951,16.887302460378308,3
4952,15.944501933301005,3
4953,18.048228264440752,3
4954,17.754126185844253,3
4955,15.471927065497079,3
4956,14.954978997364933,3
4957,14.418519689533484,3
4958,14.523393569163215,3
4959,19.258011001117115,3
4960,14.682176884847374,3
4961,13.837032341363706,3
4962,16.497612703325256,3
4963,12.651080198315185,3
4964,13.569333099254752,3
4965,13.121580728013091,3
4966,13.707619253406422,3
4967,14.853972606389213,3
4968,11.778334459402648,3
4969,14.123103834003135,3
4970,13.378210996582881,3
4971,15.383859688886888,3
4972,5.66694075486628,3
4973,9.55789575215422,3
4974,18.76779005415026,3
4975,19.729903484436928,3
4976,18.783222437458235,3
4977,18.14869018315795,3
4978,14.68562112492526,3
4979,15.893785709907993,3
4980,15.28822216398083,3
4981,16.337611604030755,3
4982,15.519814943044324,3
4983,13.286419812851692,3
4984,14.15080175759283,3
4985,16.88444064191976,3
4986,13.347001196502394,3
4987,19.40939257204984,3
4988,12.43295556018527,3
4989,13.62689035456685,3
4990,11.518024375411658,3
4991,13.726396123702685,3
4992,12.103357577486928,3
4993,11.747074968373143,3
4994,14.240125170193204,3
4995,14.46403911921389,3
716,9.35846725143227,17
717,11.893140197655992,17
718,11.92418812216548,17
719,13.6814482874423,17
720,15.145825432959313,17
721,8.471709200284426,17
722,11.889911646644416,17
723,12.885905574518214,17
724,13.191890686241136,17
725,10.023461794754802,17
726,12.301613892787406,17
727,11.292447780961876,17
728,10.050147819864431,17
729,15.382532860316129,17
730,13.540695084172256,17
731,12.408812605803838,17
732,15.005745788961102,17
733,11.256033796533327,17
734,11.907526557072691,17
735,14.152720778187023,17
736,11.971204840124459,17
737,13.646898919719904,17
738,14.910710778234623,17
739,12.139711764931421,17
740,6.521814735120827,17
741,13.431420449448291,17
742,9.673727817099097,17
743,12.202016523041038,17
744,10.186505286059852,17
745,13.447743130471032,17
746,12.943715941183507,17
747,7.153711819949803,17
748,12.752703655237479,17
749,11.545485186837135,17
750,9.71261396547535,17
751,13.17936923725879,17
752,11.934154262964464,17
753,17.259320596355067,17
754,17.56811546063338,17
755,11.304863058521223,17
756,11.641620305914516,17
757,13.71182565002802,17
758,12.771759600724483,17
759,14.784408508670683,17
760,13.905584204320302,17
761,11.091276051126412,17
762,9.917973506459088,17
763,12.052182764164224,17
764,13.395926575565163,17
765,13.870679930417502,17
766,6.079749341597694,17
767,8.90328697834071,17
768,14.2261634978596,17
769,13.329724661033794,17
770,14.79147630744479,17
771,14.319455903264204,17
772,13.766635613910896,17
773,11.364054535869032,17
774,13.859024223833067,17
775,15.110812174140301,17
776,13.94796786169785,17
777,13.6887656662273,17
778,10.476122869010375,17
779,13.685414975338118,17
780,5.58887285734568,17
781,7.6814751056057515,17
782,13.742486602870786,17
783,7.947665348376674,17
784,11.690345815620987,17
785,13.636172874152749,17
786,13.178318533661185,17
787,14.289037245675127,17
788,13.912662330886121,17
789,13.420517841164033,17
790,15.015687752979913,17
791,12.2090748201811,17
792,12.19806001638825,17
793,13.282076904851971,17
794,12.677617868729877,17
795,14.466397330945261,17
796,14.982633104514878,17
797,14.15908614028509,17
798,11.343809846092899,17
799,12.514514606754513,17
800,14.481891596861757,17
801,12.855455689801833,17
802,11.318853292178373,17
6916,15.116807111123507,14
6917,16.679702550022036,14
6918,14.950668873825567,14
6919,14.648128665590855,14
6920,18.155870773518707,14
6921,11.274603269919442,14
6922,13.359978805039933,14
6923,14.12560166166109,14
6924,14.435805477550396,14
6925,15.628502410432112,14
6926,12.579668832958225,14
6927,13.362043916073583,14
6928,13.399492633893331,14
6929,11.413390091766672,14
6930,15.13593398776783,14
6931,14.415229857173884,14
6932,13.829056614031437,14
6933,15.46717542486314,14
6934,13.33995644821206,14
6935,18.869562223842017,14
6936,15.511481495602814,14
6937,17.605561800692758,14
6938,14.777592666910605,14
6939,14.727354895113162,14
6940,13.949005392380032,14
6941,13.157694600261172,14
6942,15.901954811926398,14
6943,17.748312160858703,14
6944,18.02447842330505,14
6945,14.945024377468231,14
6946,12.669013601563334,14
6947,15.096193392951879,14
6948,19.692703689919313,14
6949,15.228028306225678,14
6950,14.374744061099301,14
6951,16.966406650585103,14
6952,15.745332155180702,14
6953,15.574287094494533,14
6954,16.963654264286966,14
6955,17.44608503784437,14
6956,15.064669393371775,14
6957,15.941873458133465,14
6958,15.636169094915088,14
6959,15.963322200293945,14
6960,16.408304674741004,14
6961,15.277529817427371,14
6962,16.168758045865967,14
6963,16.972833169996527,14
6964,16.006469336696128,14
6965,16.05188964412863,14
6966,18.951115008146214,14
6967,14.199157162437851,14
6968,16.636466401862386,14
6969,15.595072896589912,14
6970,15.67432690995006,14
6971,15.179146049193346,14
6972,15.285804777933608,14
6973,17.38335084092204,14
6974,17.04345415366882,14
6975,17.004558633057123,14
6976,16.990063999283272,14
6977,13.561909301319746,14
6978,12.935266328301458,14
6979,11.113311422464644,14
6980,14.422653499773887,14
6981,14.459673437260008,14
6982,13.667245151836182,14
6983,13.589494072790318,14
6984,14.158041839382983,14
6985,13.492100377340465,14
6986,15.766677666041193,14
6987,14.821733845339644,14
6988,19.081472646796797,14
6989,13.79330385629293,14
6990,14.753066801564577,14
6991,15.421258335288057,14
6992,15.605401969563909,14
6993,15.341847391877703,14
6994,13.389874067538484,14
6995,16.309112900735457,14
6996,15.231415310157589,14
6997,13.295340365423591,14
6998,13.319925379276645,14
6999,14.283828456822773,14
7000,16.233164948649808,14
7001,14.90656361829439,14
7002,16.68293596952387,14
7003,18.68255981565916,14
7004,11.35995989097784,14
7005,13.62824598714365,14
7006,16.378904899721014,14
7007,15.564119182563042,14
7008,15.457308957282438,14
7009,16.31891939557901,14
7010,18.930716769684153,14
7011,6.185963793447341,14
7012,12.931140903535969,14
7013,12.61428878063789,14
7014,15.103609184591608,14
7015,16.877952458017297,14
7016,10.717098977112567,14
7017,15.229390441827451,14
7018,14.865128026383559,14
7019,13.51993265569358,14
7020,15.381478113990022,14
7021,14.97881954353503,14
7022,14.549904582779018,14
7023,15.47923002858777,14
7024,14.956637650830938,14
7025,15.120520238934082,14
7026,14.687041340371794,14
7027,15.930922201387494,14
7028,16.098676203518814,14
7029,16.207543106472947,14
7030,14.876013331551697,14
7031,15.377837714992168,14
7032,15.445351073829157,14
7033,15.439324787892698,14
7034,15.090917683436965,14
7035,16.81423927874619,14
7036,13.047430571135289,14
7037,15.910142963999293,14
7038,14.319855397721117,14
7039,15.529274604939463,14
7040,15.925264992705364,14
7041,14.54521637670069,14
7042,14.746446240672697,14
7043,15.232001707163013,14
7044,15.39206107479019,14
7045,16.583737630197422,14
7046,13.980574013017382,14
7047,14.576779113768229,14
7048,15.127078051862547,14
7049,15.031968584889865,14
7050,14.036146810920886,14
7051,15.794447057715313,14
7052,15.63347104130578,14
7053,15.086193100043312,14
7054,13.74218606482527,14
7055,13.969102402950973,14
7056,14.963029716249348,14
7057,15.58019074550264,14
7058,13.533426321755854,14
7059,14.674885183938988,14
7060,8.769215906481385,14
7061,15.422119813011944,14
7062,15.2150463613869,14
7063,15.28448221428701,14
7064,15.77474209331859,14
7065,15.09351502434314,14
7066,13.961109524168132,14
7067,15.388298505294662,14
7068,11.817934552994181,14
7069,15.64580289880795,14
7070,15.246740239659195,14
7071,15.624503464128466,14
7072,12.100330686900248,14
7073,13.970503441051012,14
7074,11.74514278312336,14
7075,13.674052199864386,14
7076,14.244522907102152,14
7077,7.106054878865994,14
7078,13.898626918313735,14
7079,9.565403815938039,14
7080,6.292579956331563,14
7081,14.23825717145705,14
7082,15.21476794959648,14
7083,15.09622488010323,14
7084,14.67516957871971,14
7085,14.45443062397387,14
7086,12.172993073490321,14
7087,15.083497373714792,14
7088,13.898571746569667,14
7089,13.474167164788232,14
7090,15.707954017449921,14
7091,16.01052378522947,14
7092,14.467882666280405,14
7093,19.82672448719017,14
7094,14.86935291663404,14
7095,12.540986478152602,14
7096,15.462302801612044,14
7097,15.793840746751302,14
7098,16.367170980915404,14
7099,16.447830493534706,14
7100,14.356055033770026,14
7101,12.68936400429697,14
7102,16.021750226337335,14
7103,17.665154846006665,14
7104,13.93971447473182,14
7105,12.47829736068562,14
7106,16.56169512596241,14
7107,13.517036837552814,14
7108,14.573286001728848,14
7109,14.919995072639685,14
7110,15.110007116256137,14
7111,13.697355794323233,14
7112,12.855554680187588,14
7113,14.779084156048752,14
7114,15.101962702226682,14
7115,16.04396065505268,14
7116,13.863740697614091,14
7117,14.900455678148177,14
7118,14.226368284162424,14
7119,12.493756281944746,14
7120,12.999550114984476,14
7121,12.2878305500432,14
7122,15.562666782335423,14
7123,15.942110160052092,14
7124,11.2435728766376,14
7125,13.09730285704321,14
7126,13.575151866886623,14
7127,12.71158601012668,14
7128,15.409624605800362,14
7129,13.247492169133857,14
7130,18.307892261395896,14
7131,19.612781332189645,14
7132,18.915330943504202,14
7133,12.850283204894183,14
7134,17.69318499281713,14
7135,18.09026449868671,14
7136,17.149081212995743,14
7137,18.27580597650507,14
7138,17.304704917800088,14
7139,11.210627576454819,14
7140,16.865611558861655,14
7141,11.291125186220937,14
7142,14.998283964569488,14
7143,16.419839088093696,14
7144,15.261225658111334,14
7145,15.742448625459533,14
7146,13.232301186833737,14
7147,15.573693288842028,14
7148,14.433082136707,14
7149,15.892002541455609,14
7150,15.930669767082529,14
7151,15.308469973209462,14
7152,15.1887481103788,14
7153,15.154559930877578,14
7154,15.83889904958062,14
7155,10.83501948453848,14
7156,16.03468189688803,14
7157,14.710669410910972,14
7158,9.64621850377127,14
7159,14.483516748423064,14
7160,14.813823593587289,14
7161,14.802344024818185,14
7162,15.237156358986049,14
7163,12.44399753798199,14
7164,13.668409111285163,14
7165,14.730607598110378,14
7166,13.767326089424564,14
7167,15.685763122583982,14
7168,11.16332036049123,14
7169,18.127504194152092,14
7170,15.208263244931466,14
7171,15.45005747025028,14
7172,14.5787394251607,14
7173,15.471538722562011,14
7174,16.654830037100034,14
7175,10.453002155117133,14
7176,15.137544842630565,14
7177,15.454734660729873,14
7178,15.059684909971159,14
7179,15.731509966927476,14
7180,15.240232617675241,14
7181,12.32070134536615,14
7182,12.313028445363466,14
7183,14.473846700517466,14
7184,14.070907757924793,14
7185,10.12381126754504,14
7186,15.735810862383532,14
7187,16.40855714246143,14
7188,15.79917364838335,14
7189,14.110799168452512,14
7190,15.299144011581689,14
7191,16.242476395052197,14
7192,16.33964537706994,14
7193,16.502677501119056,14
7194,14.787379629209072,14
7195,15.071500189535957,14
7196,13.570950121670863,14
7197,13.95789394983392,14
7198,14.34542575948259,14
7199,15.630548641733496,14
7200,15.27096938796123,14
7201,18.027612191668023,14
7202,17.109884056557043,14
7203,15.277958909196231,14
7204,14.83166254776645,14
7205,15.737257331072394,14
7206,15.20117358992918,14
7207,15.87301026671701,14
7208,15.445817442976253,14
7209,16.044305750696456,14
7210,15.510563570728586,14
7211,6.3396017370844024,14
7212,15.143011289174956,14
7213,15.953942323277868,14
7214,16.0002223929191,14
7215,14.575832051443182,14
7216,16.774965959474272,14
7217,16.690658706468664,14
7218,14.678881727435842,14
7219,14.38657081295019,14
7220,13.585333260878654,14
7221,11.729261713691699,14
7222,12.926855337669771,14
7223,11.785242662374369,14
7224,14.736686410951682,14
7225,11.216090356175828,14
7226,14.214511918896912,14
7227,17.01149225855858,14
7228,14.395615300967027,14
7229,15.809038547740485,14
7230,16.987397278993207,14
7231,11.4229819193054,14
7232,15.962222510890125,14
7233,16.21989356083268,14
7234,14.658444672822801,14
7235,15.462426778838344,14
7236,16.363739226772207,14
7237,15.510259861470715,14
7238,15.848289921120786,14
7239,18.44309990409601,14
7240,15.619066218883733,14
7241,15.67440036363628,14
7242,16.019412608703647,14
7243,15.856891337475504,14
7244,14.568345617810994,14
7245,15.327695895551285,14
7246,13.389853749783205,14
7247,12.326147041963686,14
7248,13.742623040892715,14
7249,14.591439061064,14
7250,14.416652223572623,14
7251,14.12099860905125,14
7252,15.937998796052497,14
7253,15.634335698591611,14
7254,14.315840376668218,14
7255,12.996582114775846,14
7256,11.855504354081752,14
7257,12.574365434806435,14
7258,12.261127625318313,14
7259,11.334919989118205,14
7260,9.838995663140924,14
7261,12.462822069000591,14
7262,18.550384750921456,14
7263,11.869850680228051,14
7264,12.492387443997488,14
7265,14.443562537497321,14
7266,20.048550098786226,14
7267,13.922645944506632,14
7268,14.811488807701686,14
7269,12.106668181578177,14
7270,18.96912152317055,14
7271,12.42799803502128,14
7272,9.422799010459386,14
7273,13.844867096606542,14
7274,15.126814755433827,14
7275,15.126769894055284,14
7276,14.989193355881136,14
7277,13.697464042974312,14
7278,13.976492472776371,14
7279,15.002380221416434,14
7280,14.719814788888593,14
7281,14.075746513666404,14
7282,12.290089095424225,14
7283,12.252819696693418,14
7284,12.315046778505927,14
7285,13.909836555124897,14
7286,14.225630863051498,14
7287,13.683554091628395,14
7288,18.853459347391933,14
7289,12.737607983148745,14
7290,15.87333859700083,14
7291,13.57872394766943,14
7292,14.983123649812839,14
7293,15.839549561278048,14
7294,17.865665561523148,14
7295,15.562188696328011,14
7296,15.981544378940546,14
7297,15.662007728424587,14
7298,15.024546184253886,14
7299,14.894760470213136,14
7300,17.85445078267114,14
7301,16.757161746200502,14
7302,18.181327532640807,14
7303,14.29214102943803,14
7304,16.86727506467151,14
7305,13.951223801873908,14
7306,16.17212052425623,14
7307,17.980927956852376,14
7308,12.891209577804732,14
7309,13.03921040171815,14
7310,17.54455706703687,14
7311,18.562176789006553,14
7312,15.415317604668619,14
7313,17.887618468553228,14
7314,17.826563651546174,14
7315,14.660267022938045,14
7316,14.219291910329542,14
7317,15.122581803333148,14
7318,13.719462210091445,14
7319,13.8697854821611,14
7320,12.884385754044263,14
7321,14.24251346541351,14
7322,14.965650308928025,14
7323,14.82650207557942,14
7324,14.651890094382406,14
7325,10.596877762933772,14
7326,14.993918782392473,14
7327,13.881340147805002,14
7328,15.727835371138758,14
7329,14.790209160758904,14
7330,14.983623004394177,14
7331,15.63631205739337,14
7332,15.456739772556896,14
7333,15.239367640164112,14
7334,13.933311550710258,14
7335,15.28207517183252,14
7336,15.469280577263074,14
7337,14.891883950936633,14
7338,15.85512921222223,14
7339,8.996931375791245,14
7340,8.151972999276751,14
7341,16.16146159480525,14
7342,14.921352677980517,14
7343,15.585342686426838,14
7344,11.127949086571599,14
7345,15.630184224798741,14
7346,11.814321499192378,14
7347,14.314205923760442,14
7348,14.32957103611915,14
7349,15.23563338054461,14
7350,15.867566411912183,14
7351,17.07874056466814,14
7352,13.976295037349582,14
7353,14.214915024167299,14
7354,17.38903638085193,14
7355,12.638307116311157,14
7356,13.462956134680537,14
7357,16.47059212090173,14
7358,11.591706673636647,14
7359,13.68152137747129,14
7360,13.083761845626054,14
7361,15.005399730470415,14
7362,13.06228252659167,14
7363,18.310160619664998,14
7364,14.670275318401584,14
7365,14.20157991888828,14
7366,8.231417192864642,14
7367,13.667037096787059,14
7368,15.441404105836995,14
7369,13.961035528729589,14
7370,15.56222471328356,14
7371,15.145260238935311,14
7372,15.591944730651539,14
7373,13.432413146707255,14
7374,14.651900420653735,14
7375,14.524473342627669,14
7376,15.475586809271201,14
7377,15.807368456463406,14
7378,15.026345829324509,14
7379,14.320129488996162,14
7380,14.366698294344513,14
7381,15.456482867774767,14
7382,15.476214119667269,14
7383,14.800638753578923,14
7384,15.73657285503793,14
7385,15.120400435290911,14
7386,14.915668621409313,14
7387,6.960777330867041,14
7388,10.114339850166877,14
7389,13.510293510599476,14
7390,11.102947769524128,14
7391,14.652899502163184,14
7392,14.13404844323771,14
7393,11.387122298689366,14
7394,10.762011538502096,14
7395,13.816724378560748,14
7396,13.22409044009414,14
7397,14.14289267622306,14
7398,12.302801357393305,14
7399,16.589792844005267,14
7400,11.78003562987234,14
7401,13.546316139957046,14
7402,16.347672551403672,14
7403,15.080143159626411,14
7404,15.338452461102722,14
7405,19.019273942642133,14
7406,13.83037281728398,14
7407,11.991586590776873,14
7408,10.828232620068004,14
7409,17.052363214923012,14
7410,14.461642700857139,14
7411,13.868112949236195,14
7412,11.55614209620121,14
7413,12.749470701031814,14
7414,12.295799827453173,14
7415,11.906231380927359,14
7416,12.913406970007262,14
7417,16.57216307980746,14
7418,11.034920616711617,14
7419,16.048401476035362,14
7420,15.351350174551321,14
7421,15.616572209504083,14
7422,14.754167032153422,14
7423,15.22797915523471,14
7424,13.762889700048051,14
7425,12.847160176647888,14
7426,15.379866075935656,14
7427,15.741800647658797,14
7428,15.60302607898953,14
7429,16.634174264236837,14
7430,18.99908321493223,14
7431,19.517243863216898,14
7432,15.918629064809547,14
7433,15.06873029785042,14
7434,14.473405355287815,14
7435,14.063761186279027,14
7436,14.056838964149215,14
7437,15.636853546586469,14
7438,14.228440052061929,14
7439,15.995125218968377,14
7440,19.670327405694614,14
7441,15.640672387636519,14
7442,15.70432670165481,14
7443,16.4213874107032,14
7444,20.508415353164455,14
7445,10.472811227214644,14
7446,16.058098718511957,14
7447,14.777351616750632,14
7448,19.463754867782605,14
7449,6.930583608643544,14
7450,19.759467099849225,14
7451,19.226857304513675,14
7452,19.59744840226282,14
7453,15.388705311396318,14
7454,18.020885920448062,14
7455,16.368615183733407,14
7456,19.310988596350555,14
7457,20.000038221584315,14
7458,19.824073940076534,14
7459,17.8239715479858,14
7460,19.737573708692047,14
7461,20.0681997516053,14
7462,17.66819936720706,14
7463,19.736469648316046,14
7464,13.797363948731746,14
7465,15.298966449051639,14
7466,20.634263883674535,14
7467,15.605641136936242,14
7468,15.335123187283921,14
7469,17.928257163918147,14
7470,16.375987630157656,14
7471,13.159122489739245,14
7472,17.536620708275162,14
7473,17.023001671275093,14
7474,17.9610944089936,14
7475,15.199332320592514,14
7476,19.476877133729854,14
7477,16.76221996359264,14
7478,15.597821442956102,14
7479,16.699663538013173,14
7480,19.376152503813937,14
7481,17.022383887655952,14
7482,16.247099660015447,14
7483,17.645753049405553,14
7484,19.199913284425172,14
7485,19.27927183677196,14
7486,15.955714541568366,14
7487,20.039442299843866,14
7488,14.906240387244907,14
7489,16.284454843319594,14
7490,20.238508941596262,14
7491,19.955949238513,14
7492,14.432128748321764,14
7493,14.575461851319332,14
7494,15.012077382087611,14
7495,16.469209181572324,14
7496,15.745751759735523,14
7497,15.149239702082083,14
7498,15.721296851335445,14
7499,15.420648160734945,14
7500,15.133335596793255,14
7501,19.275622737657486,14
7502,13.649241713325578,14
7503,17.87966841880918,14
7504,13.23654990551518,14
7505,11.999830268134005,14
7506,19.51256104788038,14
7507,19.938542843308962,14
7508,18.23164690264558,14
7509,19.688502494918154,14
7510,18.954170360780072,14
7511,20.098761705356168,14
7512,19.89573962156753,14
7513,20.01998774689256,14
7514,19.782834092118865,14
7515,18.984400656047086,14
7516,10.733829613339758,14
7517,15.99567519447438,14
7518,12.124389516413874,14
7519,13.672208226621912,14
7520,7.135854214900933,14
7521,12.451107888708503,14
7522,14.281048135264998,14
7523,18.38249641514701,14
7524,17.983666729140133,14
7525,16.348065842327973,14
7526,11.402666271963701,14
7527,14.915765751177155,14
7528,15.448833320056098,14
7529,17.157938417936414,14
7530,15.313352072786223,14
7531,19.516450922408595,14
7532,15.36455281059063,14
7533,15.386079355786377,14
7534,10.3857706888008,14
7535,10.713034659501684,14
7536,18.311627679277905,14
7537,13.738888551717508,14
7538,15.509339375904867,14
7539,9.686106864073132,14
7540,10.329753026290533,14
7541,14.0935332350588,14
7542,17.13014043591147,14
7543,19.42529680951985,14
7544,15.23613939638345,14
7545,20.371252499939803,14
7546,17.28190080341515,14
7547,19.189546766955065,14
7548,11.840954319291109,14
7549,19.51964767009898,14
7550,15.331509519696391,14
7551,17.05232867428457,14
7552,12.583301735068098,14
7553,13.86541975914451,14
7554,13.024144736992362,14
7555,15.303759613944234,14
7556,13.568451184221285,14
7557,9.690079309936626,14
7558,15.34524928826934,14
7559,15.577795366021949,14
7560,12.483691774973806,14
7561,13.782584639516536,14
7562,15.456807903959346,14
7563,14.15020266267496,14
7564,15.015857737448934,14
7565,14.65723577011062,14
7566,13.399946587706077,14
7567,14.61419095388592,14
7568,13.48108344308202,14
7569,14.997013017516192,14
7570,13.601591000766996,14
7571,14.105363715540065,14
7572,14.662187522249209,14
7573,15.635968348098098,14
7574,10.333206378954104,14
7575,11.548879396140268,14
7576,13.794983625113073,14
7577,13.373219140463418,14
7578,11.293512231850402,14
7579,10.436282687569722,14
7580,12.020761589872999,14
7581,8.546031133028585,14
7582,11.502424930538483,14
7583,12.750505533962258,14
7584,9.07792548014234,14
7585,12.92040896080901,14
7586,13.787449727220125,14
7587,15.090793793262899,14
7588,12.43125031606615,14
7589,14.113659245859164,14
7590,14.050389486096476,14
7591,14.433254283946932,14
7592,17.18287772274411,14
7593,14.655685371370495,14
7594,15.904271889024528,14
7595,14.425560720609944,14
7596,14.14960269833106,14
7597,13.858158682217345,14
7598,14.95962812527699,14
7599,11.779430287195902,14
7600,12.878020018489279,14
7601,12.983279713321064,14
7602,11.670627055990503,14
7603,12.883684273616979,14
7604,14.740662629997313,14
7605,11.784301677737396,14
7606,14.131268752776043,14
7607,14.389162895195348,14
7608,14.347133338102795,14
7609,13.647197736934995,14
7610,13.85360466812389,14
7611,19.215723854805855,14
7612,18.390580185619683,14
7613,17.398189480339013,14
7614,17.216065883102083,14
7615,11.57550943452811,14
7616,9.696941211018359,14
7617,13.703470027391084,14
7618,11.108471929686175,14
7619,7.432814676022434,14
7620,6.643976807745538,14
7621,11.560739755407855,14
7622,12.387327024438793,14
7623,10.70343971863985,14
7624,10.923416326108315,14
7625,13.312279502849465,14
7626,13.497853406795585,14
7627,14.904293856947804,14
7628,12.884167732081792,14
7629,14.553526866683995,14
7630,15.590120224127526,14
7631,13.565170348647621,14
7632,16.747132415416477,14
7633,14.208720760429275,14
7634,15.046948595281206,14
7635,11.333713370785501,14
7636,10.655458116755113,14
7637,11.543449734838491,14
7638,11.42545381417878,14
7639,13.605008507229154,14
7640,12.359371090143311,14
7641,8.333936775638922,14
7642,13.06772223041867,14
7643,13.39711740346887,14
7644,7.4467850581286825,14
7645,12.472926639602717,14
7646,13.623612667573429,14
7647,14.840675788806006,14
7648,14.04754865938869,14
7649,14.654429160184309,14
7650,14.906628449459916,14
7651,15.550108840669024,14
7652,14.474629130964837,14
7653,14.941972738690481,14
7654,16.520390037619165,14
7655,15.223350929042695,14
7656,13.005398879295965,14
7657,18.19557943774305,14
7658,19.251148714029714,14
7659,19.92684923844501,14
7660,12.706230589911854,14
7661,14.045680344863529,14
7662,14.787712380412751,14
7663,8.099352890473606,14
7664,14.96763943282424,14
7665,15.142888304013328,14
7666,14.488683926336687,14
7667,14.854298950754409,14
7668,14.47063910714501,14
7669,16.676535729659335,14
7670,15.283635735355206,14
7671,19.07473488281773,14
7672,20.102157097727403,14
7673,18.85303962472591,14
7674,20.00915443016626,14
7675,14.656991023979527,14
7676,19.31492368186377,14
7677,17.128689456671353,14
7678,16.690664721069876,14
7679,16.74293463419358,14
7680,14.008534694469095,14
7681,17.26573486248888,14
7682,15.335607495560566,14
7683,14.717885997191726,14
7684,19.350570463133636,14
7685,20.983246436261666,14
7686,17.384361450306415,14
7687,19.150086824318358,14
7688,18.91484770796152,14
7689,18.934524398811163,14
7690,19.94674392905769,14
7691,19.073680962506046,14
7692,19.848305389960668,14
7693,15.734727372838282,14
7694,14.920539686357998,14
7695,13.090027855067394,14
7696,13.03892000016145,14
7697,20.161642334493944,14
7698,16.523112161212794,14
7699,17.921512735589516,14
7700,16.245418310427574,14
7701,15.470823684114832,14
7702,15.356474100184668,14
7703,15.756649281136186,14
7704,19.79805806383335,14
7705,11.962681082605172,14
7706,15.332078886353406,14
7707,18.336516867666845,14
7708,17.515201340632363,14
7709,14.123451553074919,14
7710,14.242028430556186,14
7711,13.047278753194707,14
7712,14.46394269977958,14
7713,13.297643282509487,14
7714,12.499170130154733,14
7715,10.741016219386946,14
7716,12.698294838648735,14
7717,17.467588262124735,14
7718,10.899260363596351,14
7719,10.130134758919144,14
7720,9.305986307487393,14
7721,15.067562711176384,14
7722,15.330483916794037,14
7723,17.547781472677347,14
7724,13.542478201670075,14
7725,10.638745046323264,14
7726,13.452048277938841,14
7727,14.706702862795156,14
7728,15.24188150487299,14
7729,15.23542232519266,14
7730,12.326099086371022,14
7731,14.00519618777654,14
7732,9.995267492100496,14
7733,15.055590824935564,14
7734,16.32743619436243,14
7735,14.28663728460995,14
7736,17.590597010299543,14
7737,12.669310323183478,14
7738,14.50072600733546,14
7739,16.7527112508663,14
7740,12.084615777614555,14
7741,15.618420742266455,14
1141,15.40094466667949,11
1142,15.869267582616397,11
1143,17.091461318206054,11
1144,16.889512157732774,11
1145,15.728089352742304,11
1146,16.23607808720853,11
1147,15.471779473571432,11
1148,15.631416321543687,11
1149,16.52877723448492,11
1150,14.954882668740614,11
1151,15.942106118042847,11
1152,14.85415907147221,11
1153,15.601614050368886,11
1154,10.793275368074422,11
1155,12.751716467580348,11
1156,15.760496176107782,11
1157,15.186813051618405,11
1158,15.735556817037336,11
1159,18.035851701062416,11
1160,18.644374888541158,11
1161,15.728217064664822,11
1162,13.891621600504617,11
1163,14.489264655837168,11
1164,17.455941645325275,11
1165,14.575317330438759,11
1166,15.819616224522136,11
1167,12.498980402663072,11
1168,15.542789584417577,11
1169,15.741543893326572,11
1170,17.125753792419886,11
1171,15.939179500599584,11
1172,12.920017296711098,11
1173,16.770966125456173,11
1174,14.11239772212943,11
1175,13.25398189618187,11
1176,16.418622935673245,11
1177,19.44052084307958,11
1178,19.636088541656093,11
1179,19.047858199613525,11
1180,20.128677943994003,11
1181,15.470599250799435,11
1182,15.501470240629578,11
1183,13.034911230884196,11
1184,14.956559429011746,11
1185,15.2364138118783,11
1186,19.154732137917375,11
1187,13.17515119561582,11
1188,17.79428647697037,11
1189,15.898017367077074,11
1190,18.86127627440966,11
1191,16.73103690173051,11
1192,18.250458451291347,11
1193,16.476726286378778,11
1194,17.911833105158117,11
1195,18.16862703509283,11
1196,18.374363806968397,11
1197,13.469258202981278,11
1198,16.805796831847328,11
1199,18.210136252702434,11
1200,17.81480775551426,11
1201,18.95017863613406,11
1202,16.69203571429415,11
1203,20.06106603058733,11
1204,15.614533426285842,11
1205,14.870022432578198,11
1206,16.906445193069207,11
1207,16.124568367025113,11
1208,17.25084829615534,11
1209,15.456681463749288,11
1210,14.567862597878356,11
1211,15.149103879980377,11
1212,15.597564334530581,11
1213,15.554558390360167,11
1214,16.452937467664853,11
1215,15.933029467365792,11
1216,17.821813702671538,11
1217,14.529273052595922,11
1218,15.498611234411403,11
1219,18.938734921609466,11
1220,18.5322087907645,11
1221,18.989012109453558,11
1222,17.473175809618503,11
1223,18.939334292919273,11
1224,19.024291832713082,11
1225,13.812911652118979,11
1226,14.883831783540394,11
1227,17.51336607790905,11
1228,16.460088524901067,11
1229,16.224110613704415,11
1230,16.085705804862624,11
1231,14.151805434644483,11
1232,16.19350551134476,11
1233,16.739463822750167,11
1234,20.10095921902346,11
1235,14.803428710679974,11
1236,12.329248703777289,11
1237,15.192036120167998,11
1238,15.98232905530364,11
1239,14.909939830459415,11
1240,14.726914617778489,11
1241,17.557288696157915,11
1242,16.037220590702674,11
1243,16.104746940539858,11
1244,14.699645718428432,11
1245,20.17717449941225,11
1246,16.889795362064852,11
1247,14.472132051847412,11
1248,14.560178443889434,11
1249,15.089210202343894,11
1250,16.892715267918515,11
1251,16.094677629721346,11
1252,14.846218169148736,11
1253,14.74995501577695,11
1254,19.835294654566667,11
1255,20.206028497611076,11
1256,19.709251079416333,11
1257,20.109596859840906,11
1258,17.114259450034638,11
1259,17.04327546441732,11
1260,19.396949935601107,11
1261,15.014237516689306,11
1262,13.525904094704998,11
1263,11.450360361119746,11
1264,19.136956306746438,11
1265,16.406019013705276,11
1266,16.427278114983636,11
1267,16.505604315616456,11
1268,16.574405938887647,11
1269,13.554393213369206,11
1270,15.20246463339442,11
1271,14.641310080768253,11
1272,14.315000782920837,11
1273,15.781482839254618,11
1274,14.739061965519014,11
1275,11.451171723921739,11
1276,19.836805730193653,11
1277,15.250959864302583,11
1278,11.844275807904333,11
1279,12.933861778060447,11
1280,13.108370577595233,11
1281,15.881865449249279,11
1282,18.316032446742543,11
1283,14.288037208645598,11
1284,15.072746386843844,11
1285,13.031190884595741,11
1286,14.998696845508787,11
1287,15.62450177078416,11
1288,16.40455846563479,11
888,15.492874037614033,13
889,16.26518803833993,13
890,15.227296909990224,13
891,14.118082043343968,13
892,12.765973915702471,13
893,19.630134841542738,13
894,15.37092757517452,13
895,19.88891935392455,13
896,19.84641725712448,13
897,18.241702513589473,13
898,16.228978599537562,13
899,17.927965357768215,13
900,14.03713680519386,13
901,20.376189543018825,13
902,19.748576511779337,13
903,19.923797045481404,13
904,13.943108953035031,13
905,12.265288191646107,13
906,14.09644830085682,13
907,16.56704026075433,13
908,15.728816081951635,13
909,18.15959397815257,13
910,16.88333911869224,13
911,18.061474550795065,13
912,14.538633297117459,13
913,14.19645034218197,13
914,18.995584251523287,13
915,19.72097552770572,13
916,16.401555984607022,13
917,16.909881172736963,13
918,17.232743223550337,13
919,19.990655423972395,13
920,19.51992300477502,13
921,18.094674432173132,13
922,16.777550091384544,13
923,16.244506320002948,13
924,19.75113026354195,13
925,17.982526415870197,13
926,16.975476268122964,13
927,19.32456015217081,13
928,19.75223906753319,13
929,16.602033525460932,13
930,19.162034963839595,13
931,18.97362706894653,13
932,19.497403726478737,13
933,16.251629066334186,13
934,20.74941012350384,13
935,20.00995235957227,13
936,19.98483915015716,13
937,18.279724654660487,13
938,18.824535579350858,13
939,18.090436739391677,13
940,15.037675559131698,13
941,15.771476632407362,13
942,18.099727237508638,13
943,16.898452139044718,13
944,17.67364383052062,13
945,17.477856243548498,13
946,19.795176779231063,13
947,19.15820764508747,13
948,19.778807403436556,13
949,11.397266340814655,13
950,17.2360771316122,13
951,15.309027692907703,13
952,16.100728408213204,13
953,20.05474299514172,13
954,19.624293153390507,13
955,16.009305830737734,13
956,17.26341936263471,13
957,12.076312040166425,13
958,16.01731867501407,13
959,18.612479074222822,13
960,13.502600311602738,13
961,16.459223882809695,13
962,17.6809701689555,13
963,20.239039547581797,13
964,20.11426601020764,13
965,18.671138751424273,13
966,18.867057912900698,13
967,16.979724160760465,13
968,8.412731537190327,13
969,11.641851050699058,13
970,16.854913696956036,13
971,20.288972476946647,13
972,15.895493113035391,13
973,14.263749231712524,13
974,11.488002815220579,13
975,17.025677151849116,13
976,16.39924053549528,13
977,19.165709502316204,13
978,12.96023777479255,13
979,14.172054946038742,13
980,11.397909423172326,13
981,11.27175643798708,13
982,18.808750710126414,13
983,17.321940249122825,13
984,17.343240642921423,13
985,17.485755100350495,13
986,17.210333281819885,13
987,14.691389055847262,13
988,16.00839960003474,13
989,13.687495700048284,13
990,14.62347321101257,13
991,14.61560655387947,13
992,13.669009847851807,13
993,13.463184387791364,13
994,12.713390895211347,13
995,20.373040323450255,13
996,13.07709867940117,13
997,11.14079848100117,13
998,11.19303381127381,13
999,10.992557886585274,13
1000,14.993000730923,13
1001,17.73960719982361,13
1002,17.450960106366676,13
440,15.418071807079869,19
441,17.510977287413237,19
442,13.879920626945143,19
443,18.725668731281154,19
444,14.97546121782951,19
445,15.056897565786038,19
446,16.857912491147896,19
447,15.812985563797863,19
448,20.038132882928014,19
449,16.097894455676315,19
450,14.68306023354134,19
451,18.62968492231367,19
452,18.388661695993132,19
453,16.18589125324929,19
454,15.707218480613225,19
455,16.190808032791715,19
456,16.246619632733015,19
457,12.660101151324357,19
458,18.380477299676993,19
459,19.500200279455896,19
460,19.825165264402965,19
461,20.58832954246713,19
462,20.00955759331599,19
463,19.693096446402226,19
464,17.051298933831486,19
465,18.48975921390767,19
466,18.522992774025234,19
467,15.651014204039523,19
468,14.158647135278995,19
469,14.972801881810454,19
470,19.10755082982683,19
471,20.405580035952397,19
472,19.4737079867265,19
473,17.701607218984563,19
474,20.331059100451206,19
475,19.26441433383871,19
476,20.17279408952069,19
477,19.536898358470918,19
478,20.364521110315625,19
479,19.6037078984697,19
480,16.85929797668664,19
481,19.060612292864406,19
482,19.96790652982759,19
483,18.380206926333724,19
484,19.916526533413737,19
485,20.1818280565913,19
486,19.933375422926662,19
487,16.639781102005625,19
488,20.271166092368805,19
489,19.152772210314012,19
490,20.28184484040253,19
491,16.460717345121402,19
492,19.810067521080985,19
493,18.308915795989726,19
494,20.074272465539735,19
495,19.742668642788903,19
496,19.128687097567543,19
497,18.11247782692282,19
498,19.843997947259112,19
499,19.117308713126974,19
1313,20.117400169192578,1
1314,18.83476260030061,1
1315,17.66926715667259,1
1316,16.26867557752685,1
1317,20.12379249267844,1
1318,19.278597619719015,1
1319,19.43232036939779,1
1320,19.149073694800474,1
1321,19.925963075570188,1
1322,19.88829063627595,1
1323,19.97815723638516,1
1324,20.03140578736804,1
1325,19.946530057742947,1
1326,19.613679828913387,1
1327,19.621964162317973,1
1328,18.59261365216146,1
1329,19.53523769345555,1
1330,19.85227581527627,1
1331,19.95615825503204,1
1332,16.569211535451593,1
1333,19.82502761634164,1
1334,18.6978169739844,1
1335,18.850175957365266,1
1336,19.891660791283716,1
1337,20.148054489298897,1
1338,20.020247659853286,1
1339,19.988203177531407,1
1340,19.39285606443024,1
1341,19.701474054902583,1
1342,18.945479589996626,1
1343,18.790720584729357,1
1344,16.467247390665115,1
1345,18.595055533355776,1
1346,18.434328011924794,1
1347,19.992028542979835,1
1348,18.151786429314683,1
1349,17.12247773490701,1
1350,16.489273639269946,1
1351,17.72901811515699,1
1352,19.91226919112221,1
1353,17.688652430645334,1
1354,20.107589841338793,1
1355,20.023993517838996,1
1356,20.03471566481859,1
1357,19.98694558586246,1
1358,19.741999351668532,1
1359,19.89793260630935,1
1360,20.081289214519966,1
1361,20.167021119662987,1
1362,19.812457421765718,1
1363,20.015272568171902,1
1364,20.01471925675704,1
1365,20.004227968636354,1
1366,20.070439575099154,1
1367,19.99960384436461,1
1368,20.031905896229933,1
1369,19.7461784138783,1
1370,19.76441740235388,1
1371,17.901854549812942,1
1372,18.360986846966,1
1373,19.030363420995045,1
1374,18.73889232102101,1
1375,19.583662445130155,1
1376,20.012733343250197,1
1377,19.247821412411174,1
1378,20.042300271473795,1
1379,20.085704094350465,1
1380,19.53924234606599,1
1381,20.01443710997046,1
1382,18.682717367639288,1
1383,20.077635946849096,1
1384,20.19033081184463,1
1385,20.244297886393312,1
1386,19.900683087894784,1
1387,19.61675797605497,1
1388,17.88704577570491,1
1389,19.050522199574083,1
1390,17.532346219746913,1
1391,20.072738457311726,1
1392,19.980643281718272,1
1393,18.384431542462153,1
1394,19.973170574178514,1
1395,20.00212117363149,1
1396,19.990484492981878,1
1397,15.201973929883927,1
1398,17.57676114406067,1
1399,17.84572058697005,1
1400,18.59026162614828,1
1401,17.773513909860878,1
1402,19.397605401412022,1
1403,18.349617737315373,1
1404,16.157771749260498,1
1405,15.735003338625278,1
1406,18.773059352933316,1
1407,19.476224745325297,1
1408,19.000234792543367,1
1409,18.351927087213973,1
1410,19.931643168501644,1
1411,16.382196865244918,1
1412,17.535741710206082,1
1413,19.723377173101753,1
1414,18.322910793890145,1
1415,17.920789866724114,1
1416,18.724582198442523,1
1417,20.05359120387483,1
1418,19.399190230652906,1
1419,19.979468138089132,1
1420,19.83467561936617,1
1421,20.04694366026347,1
1422,19.99030230284662,1
1423,19.612528747045133,1
1424,20.076440698224516,1
1425,19.183795558322444,1
1426,19.342891006633867,1
1427,18.400120639049934,1
1428,19.485109289765543,1
1429,19.946620558099983,1
1430,20.100538829822256,1
1431,19.084058872166665,1
1432,19.52949638065196,1
1433,13.602198316416835,1
1434,19.963512524297183,1
1435,19.418434994501872,1
1436,19.96367700689039,1
1437,16.73771493015577,1
1438,19.80910373194037,1
1439,19.69193703265548,1
1440,16.738994797304407,1
1441,20.14249946210609,1
1442,20.004385015791424,1
1443,19.25585312745494,1
1444,19.984840824225042,1
1445,19.970046067295996,1
1446,20.109532427715713,1
1447,20.221015000227144,1
1448,20.183642775860825,1
1449,20.023159720447687,1
1450,19.608978262444246,1
1451,19.76685031571213,1
1452,20.109456409842196,1
1453,19.873753202541796,1
1454,20.00179679624646,1
1455,19.18163469012027,1
1456,18.469516451042047,1
1457,20.049570270107186,1
1458,20.05424473984976,1
1459,18.925610235684854,1
1460,17.666000306524165,1
1461,19.704666888954197,1
1462,20.110376948099066,1
1463,19.99753149896576,1
1464,20.007162460887404,1
1465,17.428519390973968,1
1466,17.728480657944807,1
1467,19.925555471026065,1
1468,16.579867807642998,1
1469,19.22385710994427,1
1470,19.68719407658792,1
1471,19.761836463637355,1
1472,19.934504826923817,1
1473,19.47838640612831,1
1474,17.901847457321857,1
1475,20.066211937778217,1
1476,20.182961133510005,1
1477,19.932656254759056,1
1478,18.415411496392828,1
1479,19.514027499514153,1
1480,19.67243317304798,1
1481,19.664836925002568,1
1482,19.263887008953944,1
1483,19.784937466571996,1
1484,18.511971013262837,1
466,19.898873340618493,7
467,17.14201691374429,7
468,19.959131228776826,7
469,20.046418726555093,7
470,19.832787720037082,7
471,19.980529133883014,7
472,19.97953325546838,7
473,19.90863928722015,7
474,19.98440862197527,7
475,19.980251686536437,7
476,19.970091871952473,7
477,20.017742275813205,7
478,20.071035959006387,7
479,20.012719723504436,7
480,19.757516632686624,7
481,19.690101895674506,7
482,19.96501967627875,7
483,17.600430222095337,7
484,20.038155148079255,7
485,19.97023493457698,7
486,15.129952784688971,7
487,17.957076413515885,7
488,19.41628093312498,7
489,18.14603533742582,7
490,19.116186373194374,7
491,12.073608104596218,7
492,9.795634773158342,7
493,19.994547633477342,7
494,19.98001464879312,7
495,19.632298293942107,7
496,17.36091029146504,7
497,19.062763843945596,7
498,20.032173407245608,7
499,20.03831368340507,7
500,20.018872701830023,7
501,19.96795834712851,7
502,17.68759992158349,7
503,20.127571866618066,7
504,20.03337071439857,7
505,19.823169165802234,7
506,20.004426597079945,7
507,19.636235364272526,7
508,19.872332167841925,7
509,19.99346262607048,7
510,18.980417256108236,7
511,18.326328379309395,7
512,20.053264956743476,7
513,19.904366078705294,7
514,19.997793178917092,7
515,20.027227935805346,7
516,20.051684363000625,7
517,20.084237623348077,7
518,17.998993073998992,7
519,16.46117379008296,7
520,17.84528399408074,7
521,16.993611273880262,7
522,19.79140476253296,7
523,19.551119362601014,7
1898,15.619468967110256,6
1899,15.31933635800202,6
1900,13.55130423734701,6
1901,14.868284674977252,6
1902,17.715290890649438,6
1903,16.47238153084263,6
1904,16.65604716292275,6
1905,15.448684855096884,6
1906,14.99884108431092,6
1907,13.546456419117934,6
1908,12.13367920563607,6
1909,19.80306974276941,6
1910,20.235271274807943,6
1911,15.828857198824107,6
1912,20.213778937480768,6
1913,19.8193009188173,6
1914,16.048697476394867,6
1915,15.64368328924245,6
1916,13.369210964348243,6
1917,14.672257933163156,6
1918,15.332079800040644,6
1919,17.056256830043168,6
1920,18.28213862430402,6
1921,15.712444478889317,6
1922,16.95665135005917,6
1923,17.883326088819068,6
1924,19.825145217050917,6
1925,16.676776411740295,6
1926,19.94969461949863,6
1927,18.985418004238884,6
1928,18.588092311163827,6
1929,16.969374908018814,6
1930,12.707141597066212,6
1931,14.902804143101742,6
1932,15.006091718880427,6
1933,14.714954112111137,6
1934,15.880411584333753,6
1935,15.266913300657652,6
1936,15.698531255207461,6
1937,14.319826849713797,6
1938,15.897860490970462,6
1939,18.79384839728174,6
1940,15.829161793470774,6
1941,17.199539175389777,6
1942,15.792609593157238,6
1943,14.134964374968131,6
1944,14.662496623482614,6
1945,14.680751108450298,6
1946,10.610432106289025,6
1947,18.2281450567382,6
1948,15.433979707042376,6
1949,14.537870299483572,6
1950,17.432265824235188,6
1951,16.767685525310643,6
1952,15.337244506973155,6
1953,15.167144566624012,6
1954,12.903726065002244,6
1955,11.259732851125182,6
1956,11.4256640004784,6
1957,10.683554536919182,6
1958,13.918143735824328,6
1959,18.613070493671884,6
1960,15.897092436778504,6
1961,15.703963547528978,6
1962,20.40405205992388,6
1963,20.636825675164367,6
1964,17.014406552608083,6
1965,16.56394727298482,6
1966,15.117643698575606,6
1967,15.782934555832469,6
1968,15.929735246288283,6
1969,16.916746206236397,6
1970,15.743416499696893,6
1971,11.194843633452955,6
1972,11.912170814760007,6
1973,13.552469756582127,6
1974,13.35364589215184,6
1975,12.06978811532098,6
1976,9.094781704847367,6
1977,11.29627290295058,6
1978,18.424416492330035,6
1979,19.815115409315037,6
1980,17.462944582624864,6
1981,15.49248001586655,6
1982,15.72418157217303,6
1983,17.64623045261844,6
1984,17.35967950699265,6
1985,19.026006893274978,6
1986,19.878536420021664,6
1987,16.055913374828805,6
1988,13.990842690005257,6
1989,19.288195922836813,6
1990,10.730935327855319,6
1991,14.414966045639927,6
1992,16.00148465413693,6
1993,16.849524781447464,6
1994,20.087376170052952,6
1995,19.910114103782597,6
1996,18.670630333900274,6
1997,20.016940249576592,6
1998,15.935303620698594,6
1999,19.772015616887774,6
2000,20.40563541391491,6
2001,19.530079363159608,6
2002,15.304598431518011,6
2003,12.827844543936163,6
2004,11.210393418779056,6
2005,8.432258669013617,6
2006,18.653666365099298,6
2007,18.59746945673247,6
2008,16.552493013729446,6
2009,18.44299717727678,6
2010,16.158898197544985,6
2011,13.09235655429189,6
2012,16.444686488508523,6
2013,17.926167220555968,6
2014,13.82548324042124,6
2015,13.420286287702318,6
2016,10.354661465132516,6
2017,11.67508854812726,6
2018,13.232581679439607,6
2019,15.345267626350989,6
2020,12.422194060765344,6
2021,11.811270897003693,6
2022,11.506356974483829,6
2023,13.616207665039637,6
2024,10.385128953841171,6
2025,9.399803291282181,6
2026,18.01957272882395,6
2027,16.17333970335845,6
2028,15.571008148994457,6
2029,17.16474685552089,6
2030,16.085860189082602,6
2031,15.065557252417808,6
2032,7.937319339208494,6
2033,15.561398448474225,6
2034,15.669623495730901,6
2035,16.143594739489327,6
2036,12.396913420626964,6
2037,17.40026611416551,6
2038,17.618488117319394,6
2039,10.589462161585852,6
2040,13.341364245360332,6
2041,17.27708657214909,6
2042,10.87938832489494,6
2043,11.323038517118391,6
2044,15.543846720441646,6
2045,17.04682513884676,6
2046,14.646874889107353,6
2047,12.938879029758233,6
2048,15.45048994560142,6
2049,14.873232441687334,6
2050,13.003127776178705,6
2051,13.368504537966958,6
2052,14.629065964643255,6
2053,15.075655341366776,6
2054,9.826041962492116,6
2055,19.722079408059294,6
2056,20.219677424282985,6
2057,13.562304595545932,6
2058,10.196477081067563,6
2059,18.006402773821648,6
2060,15.848577863317724,6
2061,10.37646930773887,6
2062,10.65772164105597,6
2063,7.156239869177204,6
2064,13.83124311391256,6
2065,13.928108429611383,6
2066,8.220200498275311,6
2067,13.347630809908932,6
2068,14.634237669116645,6
2069,13.141742178892065,6
2070,9.738582274951423,6
2071,11.844860974511908,6
2072,13.792695634105788,6
2073,12.19161985564564,6
2074,13.270518504387866,6
2075,15.731170038932783,6
2076,19.678594382053483,6
2077,19.222960710184253,6
2078,16.51263680875541,6
2079,18.642491253844796,6
2080,16.153837853244333,6
2081,13.894687964452471,6
2082,15.133588908093648,6
2083,15.354585913937964,6
2084,16.15484558204736,6
2085,12.31179060740888,6
2086,14.975368392015868,6
2087,17.820693963623597,6
2088,10.019825109781694,6
2089,14.257151751160608,6
2090,14.373600923445233,6
2091,15.775363466113134,6
2092,6.343044989312709,6
2093,15.335200327644399,6
2094,14.846686291840001,6
2095,7.630235730956613,6
2096,13.175552987117692,6
2097,19.359235624947544,6
2098,19.66964317535121,6
2099,20.34059829791527,6
2100,19.997542649160987,6
2101,20.37445545698326,6
2102,13.252090686227488,6
2103,10.65263472055706,6
2104,18.4596336524883,6
2105,17.90894579633888,6
2106,14.373056386486434,6
2107,8.335511832216238,6
2108,5.968784334828026,6
2109,14.739618227954974,6
2110,13.840314241864306,6
2111,12.207960683351242,6
2112,15.556596394837356,6
2113,15.809090359140724,6
2114,14.522022876125286,6
2115,7.193363994049511,6
2116,14.679793935821962,6
2117,15.263501317484154,6
2118,17.220111347155736,6
2119,16.97706549443931,6
2120,17.576004648806588,6
2121,13.714902119637541,6
2122,12.387423658073342,6
2123,19.28172492291096,6
2124,18.189489254091328,6
2125,15.029396835133785,6
2126,14.126450487576701,6
2127,15.141797547870954,6
2128,14.210653947724083,6
2129,15.842416595854834,6
2130,13.922224922226418,6
2131,15.041506733386232,6
2132,15.038438937857945,6
2133,15.767104749941534,6
331,13.585105102716074,16
332,16.935656467550398,16
333,18.404189413905076,16
334,17.396422032632707,16
335,18.60654974545675,16
336,18.69763336125286,16
337,20.174900622591057,16
338,18.580636268938978,16
339,18.200263264858563,16
340,19.96803938104074,16
341,19.98808230726422,16
342,20.089444445385542,16
343,19.898200494589343,16
344,19.799070562692314,16
345,17.92182919150331,16
346,19.247005545013007,16
347,14.7635462330582,16
348,10.354977180770994,16
349,18.941658589519708,16
350,19.597386513979785,16
351,19.78059707698761,16
352,19.040331072822923,16
353,19.95577925121487,16
354,15.749512034690103,16
355,18.02061936348559,16
356,19.36211844444815,16
357,18.62748202942196,16
358,18.51842815230715,16
359,19.17227915214059,16
360,18.62183193249807,16
361,17.185995728476655,16
362,20.02937994664722,16
363,19.855666939780015,16
364,19.99848344765399,16
365,19.80570078881033,16
366,20.22870121372853,16
367,16.33483068822773,16
368,16.889707792668975,16
369,13.179513635599896,16
370,12.97904922418261,16
371,13.93992898712847,16
372,19.713273288659643,16
373,19.95312338025097,16
374,20.023258265911135,16
375,16.81364642921187,16
376,13.746705907653219,16
377,17.628725504512172,16
378,19.611072416008668,16
1099,13.717131476380908,15
1100,14.796695389594055,15
1101,16.105188605444912,15
1102,14.245231519218523,15
1103,15.365964912184708,15
1104,14.671349081248247,15
1105,12.041466416344932,15
1106,15.582248105933862,15
1107,15.674282510767922,15
1108,15.319405923272834,15
1109,15.43353628280637,15
1110,15.02454407469609,15
1111,16.31599372684615,15
1112,15.227325242228424,15
1113,14.114301709774445,15
1114,14.901026696366618,15
1115,16.04316183529197,15
1116,15.14322182646618,15
1117,15.019306864859077,15
1118,15.878697890388693,15
1119,15.930927371997134,15
1120,16.22001590667289,15
1121,15.17230115809003,15
1122,14.498774661664386,15
1123,20.27145399408893,15
1124,15.186735628025778,15
1125,15.59870140318567,15
1126,12.3007457847635,15
1127,12.27325543073129,15
1128,14.292446909657704,15
1129,16.48221380001968,15
1130,15.340775435213788,15
1131,14.375742552506928,15
1132,15.482255500203182,15
1133,15.411073580663004,15
1134,7.838168368161648,15
1135,15.82825772145109,15
1136,16.05719651863969,15
1137,18.1478763138793,15
1138,18.18954672747315,15
1139,13.15316226222339,15
1140,13.390810309581928,15
1141,12.10125588576322,15
1142,15.461670978604698,15
1143,12.99085409753449,15
1144,13.964124163871658,15
1145,16.378752984043835,15
1146,15.012337797393144,15
1147,14.228539471043408,15
1148,13.715719772703354,15
1149,13.37599623307396,15
1150,13.214185956154257,15
1151,13.260230588611009,15
1152,14.784342304139331,15
1153,15.013544885680258,15
1154,14.998853357155959,15
1155,12.164302338832822,15
1156,16.806809457482732,15
1157,10.272252649446077,15
1158,14.814796693622707,15
1159,12.51901885328418,15
1160,12.15454596773309,15
1161,11.531861490225195,15
1162,13.339159727738984,15
1163,16.82344658305498,15
1164,15.709031211249783,15
1165,13.63167613781979,15
1166,8.98702113339877,15
1167,11.335516538471834,15
1168,13.971945056181422,15
1169,13.220989074674598,15
1170,13.911198131219477,15
1171,13.972060557299724,15
1172,13.800726305056399,15
1173,10.366668925372702,15
1174,9.619158676051702,15
1175,14.154022870084809,15
1176,14.487834426674384,15
1177,10.463130497601512,15
1178,9.523302614841011,15
1179,12.469092652916293,15
1180,15.256057697986968,15
1181,8.493862959797369,15
1182,12.781242553805903,15
1183,14.174387205406475,15
1184,12.170794890308768,15
1185,16.984041058319164,15
1186,15.75034591001668,15
1187,14.762193816820428,15
1188,14.383807548266843,15
1189,13.614055383057854,15
1190,12.91885364855395,15
1191,18.80656589350702,15
1192,14.433321063822328,15
1193,14.104851701178173,15
1194,12.36345213737065,15
1195,11.898069940472682,15
1196,14.518265528188191,15
1197,13.36045813167391,15
1198,15.468420693906848,15
1199,14.592635707376516,15
1200,12.223573920948715,15
1201,19.72174758410399,15
1202,14.85893169200847,15
1203,15.587344322764087,15
1204,17.576288007916638,15
1205,16.09301560179787,15
1206,15.80852592413504,15
1207,16.327947189552905,15
1208,15.184639802569688,15
1209,15.947150323264552,15
1210,14.734199679560914,15
1211,14.986570310270695,15
1212,14.447966050680181,15
1213,14.463340747830335,15
1214,17.50087793818922,15
1215,18.046358098700114,15
1216,13.98325950691744,15
1217,15.426076076359276,15
1218,13.580766091865245,15
1219,11.956153852285004,15
1220,17.656686230345347,15
1221,17.62151619021024,15
1222,17.746230173820248,15
308,19.983347092870993,2
309,19.957336449663032,2
310,19.960330141397993,2
311,20.020462883262482,2
312,19.958974242384663,2
313,19.789689730673672,2
314,19.92596273975596,2
315,20.00764226346918,2
316,19.77420726410699,2
317,19.075298094550455,2
318,18.83320218150548,2
319,17.73752169353248,2
320,16.5484348438489,2
321,14.715171853558473,2
322,16.87733709105251,2
323,17.270313597753393,2
324,20.012636582299443,2
325,20.013435219527437,2
326,19.983201250235116,2
327,20.025318645774913,2
328,19.707779556686766,2
329,20.0048289038331,2
330,19.98511482354185,2
331,20.004220674926348,2
332,20.03537286000833,2
333,20.008679895302365,2
334,20.01199379988086,2
335,19.984345689946625,2
336,20.022435120493448,2
337,17.70722142403837,2
338,19.429681271312948,2
339,19.66634363917298,2
340,19.948444237430085,2
341,20.001372067487758,2
342,19.794782400789035,2
343,19.994230930758263,2
344,19.850787842728632,2
345,19.61003913672404,2
346,20.021554934300898,2
347,19.870728016987524,2
348,19.34887763218601,2
349,17.75598790595949,2
350,19.773897791850636,2
351,20.009965805159652,2
