SamplingOperations_code,IBD_hat
S05235850_20070709,18.94993
S05113000_20070723,13.222427
S05111500_20070724,13.799973
S05082000_20070724,13.021745
S05025600_20070725,13.412985
S05086000_20070725,14.68672
S05030000_20070725,13.409841
S05035200_20070726,14.219468
S05048000_20070726,15.222031
S05153950_20070727,14.5221195
S05191000_20070727,14.981859
S05225100_20070727,14.380964
S05077950_20070727,13.892971
S05111620_20070727,13.727708
S05041000_20070728,16.504822
S05031850_20070728,15.007943
S02115725_20070730,14.027827
S02115660_20070730,13.52862
S02115800_20070731,14.721842
S05192320_20070731,18.08362
S05089090_20070801,15.507351
S05230500_20070801,15.11202
S05214320_20070801,16.028812
S02106430_20070801,14.1357765
S02124000_20070801,15.09598
S02115675_20070802,13.599985
S05220920_20070802,15.201908
S05206000_20070802,19.179035
S02115685_20070802,13.626366
S05204200_20070802,17.48955
S05109020_20070802,14.0287
S05111000_20070802,18.975853
S05200050_20070803,18.841099
S05164000_20070803,14.495158
S05174000_20070803,14.520477
S05151000_20070803,19.190075
S02041750_20070804,12.712797
S05145410_20070806,16.292147
S05165255_20070806,16.075134
S05176000_20070806,16.90716
S05175800_20070806,16.511189
S05026000_20070807,13.341262
S05076000_20070807,15.098946
S05181600_20070807,19.880077
S05181000_20070807,19.607918
S02032000_20070807,14.115418
S02017000_20070808,12.692244
S05173150_20070808,19.709799
S05167450_20070809,15.486961
S05167950_20070809,15.448952
S05171900_20070810,17.820026
S05096050_20070811,17.906492
S05145300_20070813,17.301228
S05158150_20070813,13.205313
S05068020_20070814,18.482893
S05130000_20070814,12.717508
S05159000_20070814,13.335665
S05156950_20070814,12.706579
S05093300_20070815,13.599642
S02094920_20070821,13.340157
S05142100_20070823,14.397148
S05135000_20070824,15.811942
S05140000_20070824,16.922306
S05135100_20070824,15.989091
S05120085_20070825,14.526551
S05123000_20070825,14.09308
S05131200_20070825,12.510685
S05124000_20070825,14.167399
S05125000_20070825,13.840462
S05132000_20070825,13.606987
S05122000_20070826,14.387283
S02059500_20070827,13.33309
S05015100_20070828,15.125433
S05022450_20070828,14.434935
S02070000_20070829,11.822537
S02057000_20070829,11.6178665
S05000150_20070830,14.799348
S05013100_20070830,15.119699
S02067400_20070830,13.598422
S05001600_20070830,13.918251
S02085600_20070831,14.111802
S02085325_20070831,13.505636
S02079000_20070831,12.108472
S05223160_20070903,13.1197815
S05226030_20070903,15.424293
S05223130_20070903,13.454731
S05230990_20070903,13.891717
S02088000_20070903,12.282662
S05053100_20070904,17.135511
S05227240_20070904,13.203093
S05192200_20070904,16.775213
S05192305_20070904,17.517258
S02110600_20070904,14.725873
S05053000_20070905,16.535034
S05090050_20070905,14.519337
S05055950_20070905,16.625566
S02001500_20070907,13.928845
S05055940_20070907,16.32071
S05042080_20070907,15.808964
S05044300_20070907,16.523886
S05129070_20070907,13.83801
S05088400_20070908,16.017408
S05089000_20070908,15.71957
S05119065_20070908,14.205609
S05119080_20070909,13.938674
S02044000_20070910,12.536052
S05056900_20070912,18.881935
S05057150_20070913,19.073303
S05055550_20070914,18.87865
S05055600_20070917,19.095642
S05068850_20070917,18.327065
S05068355_20070927,18.705744
S05055150_20070927,19.068813
S06580839_20080304,17.719666
S06168250_20080623,11.95223
S06300072_20080625,13.104558
S06580150_20080702,16.000042
S06580816_20080702,16.149261
S06185500_20080702,13.935417
S05121000_20080707,14.494212
S06187100_20080707,14.6142025
S05133100_20080708,17.339216
S06175500_20080708,17.826674
S06830800_20080709,15.700559
S06222390_20080709,13.204954
S05134000_20080709,12.429586
S05137000_20080709,17.23484
S05134310_20080709,14.508903
S06183850_20080709,12.992728
S06179200_20080709,14.906952
S05057150_20080710,19.000492
S05154500_20080710,13.801392
S06178935_20080710,15.015604
S05117000_20080710,14.785314
S05117500_20080711,15.023564
S06425800_20080716,16.378296
S06108000_20080716,19.593792
S05068020_20080716,18.57805
S05068355_20080716,18.794613
S06044900_20080718,14.099449
S06020500_20080719,16.912083
S06129550_20080721,15.8193
S06084360_20080721,18.512989
S06183900_20080722,13.924524
S06183800_20080722,13.347811
S06130500_20080722,14.044548
S05060000_20080722,17.598042
S05049950_20080722,15.50442
S05068470_20080723,17.766867
S06006550_20080723,15.831964
S05068400_20080723,16.899498
S05045250_20080723,14.416872
S05046000_20080723,14.922014
S02107870_20080723,16.769203
S05033500_20080724,15.28236
S06097000_20080724,11.4869
S05107000_20080724,14.316949
S05022000_20080725,15.29912
S05111650_20080725,14.219215
S05003000_20080726,15.92391
S05191200_20080727,15.293744
S05074000_20080727,13.790472
S05081000_20080728,13.332042
S02093100_20080729,12.307934
S05096100_20080729,16.520723
S05228500_20080729,14.026727
S05132600_20080729,15.5556755
S06710030_20080729,18.034267
S05112210_20080729,13.618446
S05149600_20080729,19.480438
S02115725_20080729,14.218396
S05035300_20080730,16.031326
S06003945_20080730,15.101109
S06003805_20080730,15.120907
S02123000_20080730,15.28958
S05217150_20080730,17.840145
S02106600_20080730,12.989296
S06117580_20080730,18.185469
S02115775_20080730,14.921448
S06179800_20080730,15.016789
S05148150_20080730,19.290272
S05145900_20080730,17.37603
S05021650_20080730,15.9139185
S05055150_20080731,19.210348
S05089080_20080731,15.917884
S05054600_20080731,18.400126
S06411350_20080731,14.604424
S02116500_20080731,14.53206
S05183000_20080731,19.44464
S02117350_20080731,13.635557
S02070750_20080731,12.539207
S02070250_20080731,11.409384
S02072600_20080731,11.404908
S02057400_20080801,13.997486
S02051000_20080801,15.617699
S05067950_20080801,18.59126
S05068300_20080801,18.709557
S05067000_20080801,17.721197
S05068270_20080801,18.601624
S05147000_20080804,18.284595
S05149000_20080804,19.484247
S02067400_20080804,13.80206
S05170900_20080805,17.200933
S02001500_20080805,14.147844
S05158200_20080805,14.325175
S05158150_20080805,13.496078
S05007600_20080805,14.9159155
S02065090_20080805,15.928622
S02021000_20080806,13.497525
S06580178_20080806,16.82617
S05088130_20080806,16.097567
S02045500_20080806,12.72325
S02025100_20080806,13.611416
S05015100_20080806,15.2280245
S05011730_20080806,15.598614
S02030500_20080807,13.025141
S02019500_20080807,13.468151
S05018800_20080807,15.598989
S05125860_20080807,16.258879
S02036000_20080807,12.719705
S05018950_20080807,15.524591
S05230990_20080807,13.798554
S02020000_20080807,13.607517
S02010000_20080808,12.79744
S02003200_20080808,14.016958
S02079000_20080808,11.939564
S02000010_20080811,15.184406
S02003100_20080811,13.927124
S02001016_20080811,14.708713
S05069900_20080813,16.42224
S05069000_20080813,17.016611
S05068760_20080813,17.486755
S05068700_20080813,17.426704
S05057050_20080814,17.90222
S05053975_20080814,18.145578
S02082970_20080814,11.610935
S05056000_20080814,16.520218
S05053100_20080814,17.136385
S05055000_20080814,18.601679
S06153070_20080818,15.5649395
S05234980_20080819,15.971327
S06820850_20080819,14.672642
S05229000_20080820,13.534587
S05192018_20080820,17.594257
S05227000_20080820,13.937361
S05231500_20080820,12.865312
S05224000_20080821,13.895548
S05046700_20080821,15.195679
S05189000_20080821,19.729609
S05220920_20080822,15.199853
S05217400_20080822,18.530895
S05076800_20080825,17.019152
S06098700_20080827,13.795045
S02082350_20080829,11.815312
S05150600_20080903,18.894115
S05151000_20080903,19.295593
S05098800_20080904,15.428938
S05171900_20080908,18.176266
S05044300_20080909,16.550398
S05042085_20080909,16.190842
S02109000_20080909,16.012186
S02108700_20080909,16.411837
S05055940_20080909,16.463507
S05183970_20080909,19.874886
S05055900_20080909,16.537153
S05042080_20080909,15.992119
S05162980_20080910,14.217795
S05158000_20080910,12.920036
S06217500_20080911,18.761448
S05139230_20080915,16.391787
S06215800_20080917,19.463976
S06215000_20080922,18.370625
S06065700_20080930,17.051308
S06106600_20081002,16.129951
S06149500_20081014,15.765512
S06580362_20081014,18.30177
S06820126_20081105,18.71355
S06135600_20081110,19.522955
S06830152_20081215,17.418913
S06063500_20081215,19.115578
S06090600_20081216,16.71729
S06135600_20090216,19.50732
S06139500_20090319,14.901368
S06154250_20090324,19.426214
S06115080_20090505,17.268341
S06108000_20090513,19.597317
S06174950_20090528,13.250006
S06120560_20090529,16.493654
S06180500_20090602,12.410332
S06178042_20090604,14.904719
S06205435_20090616,14.00669
S06193500_20090617,13.300086
S05130000_20090617,13.228522
S06035690_20090618,13.618731
S06580318_20090622,18.0718
S05068400_20090623,16.913725
S06107760_20090623,15.813788
S06175840_20090624,18.61274
S06094150_20090624,14.01853
S06150820_20090624,15.461661
S06178070_20090624,18.162834
S05181600_20090625,19.90044
S05181800_20090626,19.618448
S06175540_20090629,19.108917
S06176950_20090629,18.458227
S06176000_20090630,18.15253
S05145600_20090630,16.576223
S06094230_20090630,11.619022
S06175320_20090630,12.222043
S05086280_20090701,15.62397
S05173150_20090701,19.71097
S06830550_20090701,14.325484
S06710038_20090701,13.317041
S02100600_20090701,11.95731
S06166990_20090702,19.12339
S05179500_20090702,19.507984
S06216160_20090702,13.185196
S06000980_20090702,14.182909
S05090000_20090702,15.715081
S06250270_20090702,13.296846
S05084000_20090702,13.597986
S06121020_20090702,14.194306
S06106030_20090702,15.085038
S05081000_20090702,13.336061
S05129000_20090703,13.89254
S05218850_20090706,14.090261
S05197900_20090707,14.417199
S06177980_20090707,15.090757
S05192100_20090707,17.796186
S06188785_20090708,14.932306
S05024000_20090708,14.618723
S05223170_20090708,12.999036
S05223145_20090708,13.101169
S05101420_20090708,15.837769
S05139230_20090708,16.399675
S05011600_20090709,15.4276905
S05132000_20090709,13.493575
S05033200_20090709,16.514498
S05134300_20090709,14.419375
S05229250_20090709,13.645556
S05025000_20090710,15.294225
S05007600_20090710,15.10383
S05000150_20090710,15.510635
S05228000_20090711,12.556229
S05005950_20090711,14.227112
S05038000_20090716,14.4124
S05033800_20090716,16.376192
S05032800_20090716,15.423605
S05021800_20090717,15.542163
S05044200_20090717,15.182612
S06006900_20090720,17.012787
S06206000_20090720,14.195616
S06016940_20090721,15.73338
S06000890_20090721,14.481495
S06211700_20090721,19.40314
S06405950_20090721,14.713431
S06043875_20090721,14.142017
S06425800_20090722,16.49451
S02011000_20090722,12.413411
S02013000_20090723,13.007378
S06435450_20090723,16.091738
S06440445_20090723,14.586884
S06020100_20090724,18.170486
S06084000_20090724,19.002785
S06018200_20090724,18.319881
S05155300_20090727,15.004889
S02106500_20090727,13.603137
S02106750_20090727,13.413551
S06003550_20090728,14.504611
S02068800_20090728,11.933561
S06003805_20090728,15.142175
S05108000_20090728,14.099854
S05153940_20090728,14.6038065
S02054500_20090728,12.62219
S02103950_20090729,12.032277
S02075300_20090729,11.601492
S02090000_20090730,10.726755
S05233500_20090730,13.103565
S05230500_20090731,15.324828
S02025150_20090803,13.504572
S02076180_20090803,13.501575
S02024000_20090803,13.263942
S02038000_20090803,12.72033
S02116600_20090804,14.711525
S02117000_20090804,14.228886
S05218700_20090804,19.900644
S02115000_20090804,14.814479
S02045160_20090804,12.894652
S02025500_20090804,13.745931
S05031300_20090804,15.784975
S02030500_20090804,12.932153
S05005610_20090805,13.605392
S02120000_20090805,13.995759
S05234015_20090805,18.885612
S02121050_20090805,15.170449
S02036265_20090805,12.915844
S02041000_20090805,13.322299
S02032000_20090805,13.688245
S02084900_20090805,10.674576
S02035000_20090805,13.23487
S02048980_20090806,16.615557
S02067000_20090806,12.893141
S05011000_20090807,15.345327
S06830079_20090813,18.835672
S05090050_20090818,15.574715
S05067800_20090818,18.407574
S02061500_20090820,14.521589
S05064750_20090821,14.5943775
S06700070_20090825,19.777573
S06300010_20090825,19.700466
S02107400_20090826,16.38961
S02106815_20090826,13.938233
S06044900_20090902,13.815531
S06222600_20090902,18.569965
S06470900_20090909,16.87533
S06104000_20090923,14.053188
S06830152_20091215,17.106796
S06139500_20100317,14.8786955
S06209970_20100531,13.768497
S06109050_20100601,19.877869
S05056000_20100602,16.430483
S06101000_20100602,14.624762
S03134730_20100603,14.7081995
S06178050_20100607,15.282133
S06177750_20100608,14.995402
S03006268_20100610,19.269747
S03002100_20100610,18.356457
S03006271_20100610,19.379557
S03006590_20100610,18.755888
S03001000_20100610,19.065693
S06091600_20100614,17.02739
S06580150_20100614,16.037321
S06830550_20100628,14.275656
S05166000_20100628,16.898502
S05180800_20100630,19.539064
S06175540_20100701,19.117704
S05176000_20100702,17.20539
S05029500_20100703,15.131464
S06004870_20100706,14.718287
S06116720_20100706,19.868168
S06416910_20100706,15.405465
S06039960_20100706,14.54249
S06045750_20100706,15.275447
S03036510_20100707,14.975835
S05046000_20100707,14.811288
S06310200_20100708,15.607192
S05130000_20100708,13.31629
S05083000_20100708,13.805498
S06033000_20100708,16.02063
S06074500_20100708,15.403861
S06940940_20100708,17.030966
S06147215_20100708,16.674627
S06147655_20100708,17.0251
S06085500_20100709,18.890318
S05091210_20100712,14.532104
S03055000_20100712,15.110814
S03189900_20100713,13.163718
S03189975_20100713,13.99805
S06300600_20100716,19.396667
S05058100_20100716,15.712229
S03084470_20100716,13.11952
S03082000_20100716,13.112652
S05074000_20100717,12.724003
S05048000_20100717,15.52146
S02000010_20100719,15.296328
S03156580_20100719,14.523006
S05125780_20100719,16.253866
S02000011_20100719,15.284844
S05029500_20100719,15.120767
S06051550_20100720,12.339819
S03277658_20100720,14.405319
S02010000_20100720,12.875761
S05024200_20100720,14.825349
S02052500_20100721,14.327333
S05035300_20100721,16.013453
S06204550_20100721,15.417689
S02009000_20100721,14.838577
S05095000_20100721,14.506936
S03129440_20100721,12.706787
S02022760_20100722,14.30358
S05116650_20100722,14.499022
S02020000_20100722,13.7016735
S02019950_20100722,13.955297
S02018500_20100722,13.973044
S05088400_20100722,16.214828
S05067800_20100723,18.30546
S03153139_20100723,14.700714
S05061942_20100723,16.077085
S05049950_20100723,14.99823
S05096100_20100724,16.302856
S02001046_20100726,15.003461
S03005200_20100726,15.295589
S03078510_20100726,14.096502
S05106820_20100726,15.929439
S02030350_20100727,13.231635
S05153940_20100727,14.522791
S05106400_20100727,15.772828
S03011300_20100727,15.605802
S05096400_20100728,15.523743
S03004280_20100728,16.32837
S03008505_20100728,15.965042
S05097750_20100728,14.905856
S03092811_20100728,15.218252
S03085805_20100728,15.385501
S03085730_20100728,15.639344
S02067150_20100728,11.930146
S05057150_20100728,18.9822
S03088800_20100729,16.457869
S03088410_20100729,17.071453
S02057600_20100729,12.418236
S03094356_20100729,16.54565
S02076180_20100729,13.800164
S03093445_20100729,15.130295
S02056200_20100729,11.5780735
S06215900_20100729,19.746622
S05091560_20100729,14.6926155
S03149081_20100730,14.523446
S05068645_20100730,17.43837
S05065000_20100730,15.010587
S05120010_20100802,13.869981
S05119050_20100802,14.129561
S02063000_20100803,13.910975
S06153070_20100803,15.214306
S06005550_20100803,15.03538
S02093100_20100803,12.111448
S05154500_20100803,13.931907
S02054100_20100804,12.7640085
S03269000_20100804,12.891506
S02057400_20100804,13.952438
S03267530_20100804,13.318567
S02116000_20100804,15.419873
S05140500_20100804,16.571487
S05069900_20100804,16.088064
S05137000_20100804,17.5374
S03231260_20100804,14.907106
S05218000_20100804,18.64802
S03165020_20100805,14.706483
S05125000_20100805,13.450399
S05234020_20100805,14.123409
S06169880_20100805,17.99921
S05122000_20100805,14.22013
S05121350_20100805,14.294306
S05220950_20100806,12.415549
S05225300_20100808,14.426768
S05226500_20100808,14.013756
S05191800_20100809,17.96893
S06468450_20100809,16.375057
S02106410_20100809,14.535687
S06217000_20100809,17.885057
S03026179_20100809,17.076687
S05192024_20100809,17.04519
S06147840_20100810,18.052034
S06147130_20100810,16.420767
S03033000_20100810,15.662376
S05201050_20100811,16.672522
S05201055_20100811,16.538559
S06037085_20100811,14.708221
S05202950_20100811,17.512589
S06035330_20100811,13.71842
S05209000_20100811,14.586648
S05209500_20100811,15.621345
S03068950_20100812,13.628617
S02089000_20100812,11.301529
S03053750_20100812,15.623
S06494595_20100813,17.203476
S03215470_20100817,15.415507
S03137570_20100817,13.19486
S03025919_20100818,17.502323
S03024245_20100818,16.559023
S03033240_20100819,16.829254
S03221795_20100819,14.795068
S03221625_20100819,15.107277
S03189545_20100819,12.86637
S06151000_20100823,19.788824
S03190725_20100824,13.905238
S06012055_20100824,18.467548
S06110110_20100824,15.726024
S03162365_20100824,14.800027
S03149487_20100825,14.892652
S06210850_20100825,19.355999
S06710110_20100825,19.342299
S03115616_20100825,15.130165
S03115990_20100825,15.114825
S06212600_20100825,19.392738
S06710010_20100825,19.572023
S03114395_20100826,14.212196
S03113040_20100830,15.315035
S03214000_20100831,15.094597
S03081016_20100831,13.42474
S05068600_20100831,16.421638
S05055000_20100901,18.483047
S03027549_20100901,14.567148
S03190300_20100901,14.900901
S03126704_20100901,13.90107
S06300073_20100903,17.40161
S06175000_20100903,12.110063
S02096900_20100903,13.519232
S02094970_20100903,16.126862
S02115762_20100906,14.924522
S02038000_20100906,13.099952
S06026000_20100906,14.745685
S02047000_20100906,12.805327
S06040400_20100915,14.689285
S06041800_20100915,14.437386
S06029000_20100916,15.157738
S02041950_20100921,12.925432
S02099550_20100922,13.118851
S02095500_20100923,12.486382
S03271965_20100927,13.113212
S03265600_20100927,13.623811
S03255180_20100928,13.408009
S03227100_20100928,15.398718
S06113000_20101006,16.991892
S03219000_20101011,15.207205
S04009430_20101012,12.584787
S03208483_20101013,15.91603
S03208000_20101014,15.922775
S06189500_20101022,13.709536
S06188900_20101204,11.531517
S06133560_20110209,19.739382
S06154250_20110309,19.115631
S06300046_20110419,18.548998
S03266975_20110502,13.377758
S06175320_20110503,13.686801
S06106030_20110519,15.003315
S03024245_20110525,16.53623
S06166990_20110525,17.861937
S05120095_20110527,14.097473
S05016100_20110527,15.20265
S05134900_20110528,15.19793
S05091210_20110607,14.729375
S03024560_20110607,15.527082
S03026382_20110608,16.997019
S03035000_20110609,15.167957
S06016940_20110614,15.825643
S06830129_20110614,15.436293
S03029500_20110616,15.525371
S06176680_20110627,16.143944
S06053500_20110627,13.880898
S06176620_20110627,15.190484
S06173250_20110628,17.078232
S06173460_20110628,17.144733
S06053940_20110628,13.097948
S06580341_20110629,14.351277
S05074750_20110630,15.090326
S06083925_20110630,18.834768
S06147210_20110704,18.90497
S05111950_20110704,14.091752
S05118706_20110704,14.560395
S05234007_20110705,14.134362
S05228290_20110706,13.705018
S06468450_20110706,16.302063
S06118600_20110706,16.332771
S03186700_20110707,14.216411
S06250250_20110708,16.138044
S03189398_20110708,13.017952
S03189315_20110708,13.2196045
S03189828_20110708,13.025887
S05142520_20110708,15.619119
S05074580_20110711,13.5120735
S03145290_20110711,15.007308
S03088890_20110711,16.530998
S06195820_20110712,13.53359
S05074700_20110712,14.315154
S05125900_20110718,13.602588
S03013300_20110718,15.209042
S03174825_20110718,14.025085
S03137290_20110718,14.522166
S02098800_20110718,13.400494
S06123500_20110718,14.715133
S03133140_20110719,14.538195
S03133435_20110719,14.620048
S06118000_20110719,14.684268
S03132615_20110719,14.325953
S06710039_20110719,19.309422
S02001700_20110720,13.121232
S05127470_20110720,14.122599
S06161400_20110720,16.597778
S06439900_20110720,14.947424
S03132620_20110720,14.25103
S02044000_20110720,13.122182
S05101600_20110721,16.92619
S06710100_20110721,19.217659
S05020000_20110721,15.082251
S05018400_20110721,15.207389
S06111555_20110721,19.67052
S02003800_20110722,13.524015
S02007000_20110722,12.888269
S02018500_20110722,14.312153
S02003400_20110722,13.2218275
S02004000_20110723,13.496671
S02001025_20110723,14.420495
S02106600_20110725,13.2421055
S02106850_20110725,13.428407
S03134730_20110725,14.891433
S03228690_20110725,14.910917
S05015800_20110726,15.065369
S05015320_20110726,15.431276
S05151000_20110726,19.484314
S05017060_20110726,15.24161
S05044200_20110726,15.7400255
S05044300_20110726,15.730731
S03237800_20110726,14.820146
S05018000_20110726,15.06453
S05096100_20110726,16.509151
S02069100_20110726,12.018415
S02067000_20110726,12.701974
S02060500_20110726,12.712293
S06151000_20110726,19.892963
S06580318_20110727,18.004307
S03250975_20110727,12.732314
S03221795_20110727,14.9162
S05022080_20110727,15.623946
S05016100_20110727,15.263909
S05018800_20110727,15.81909
S05019000_20110727,15.607236
S03233896_20110728,14.997648
S05134300_20110728,14.302573
S05018750_20110728,16.207956
S06217000_20110728,17.991964
S03052245_20110728,14.024355
S05018950_20110728,15.592627
S03166490_20110728,14.414788
S05033500_20110728,15.439806
S05019930_20110728,15.266372
S05020200_20110728,15.050081
S06204550_20110728,15.208017
S06190070_20110728,11.83895
S06208900_20110728,11.766424
S05237000_20110801,17.659267
S03258000_20110801,12.7196245
S05192050_20110801,18.480362
S02117575_20110801,14.719819
S05120020_20110801,13.59944
S02085600_20110801,13.664537
S03141730_20110801,14.545646
S06193700_20110801,11.6050825
S05226030_20110802,15.628604
S05125780_20110802,16.03455
S02115200_20110802,13.767134
S05144250_20110802,14.922307
S05223210_20110803,13.668594
S02123000_20110803,15.174854
S03156940_20110803,14.101891
S02118750_20110803,14.212464
S02124000_20110803,14.717464
S05207150_20110803,15.548484
S02115650_20110804,14.4121895
S03098000_20110804,15.944011
S05148000_20110804,18.4588
S03096650_20110804,15.797939
S05147000_20110804,17.99355
S05191000_20110804,15.972265
S05192024_20110804,17.144878
S03272235_20110804,12.994182
S03269295_20110804,12.640391
S06017000_20110804,15.717027
S03102000_20110805,15.601188
S05013900_20110805,15.109493
S03270390_20110805,12.892717
S03190790_20110808,14.61725
S05129150_20110809,13.337235
S03189490_20110809,13.115633
S03075000_20110811,14.23395
S05154400_20110811,13.61743
S05218500_20110812,19.320673
S03012100_20110816,15.593031
S05029500_20110816,15.320867
S05005605_20110816,14.009707
S06049010_20110816,13.512824
S05216210_20110817,17.347485
S05234280_20110817,15.592408
S05012500_20110817,15.797619
S03138800_20110817,14.648168
S05111000_20110817,17.013992
S03105285_20110817,15.485947
S05004500_20110817,15.930832
S05213000_20110818,16.116116
S05025000_20110818,15.301909
S05001800_20110818,15.865806
S05003000_20110819,16.090904
S03156580_20110819,14.523877
S05127900_20110819,16.983183
S05006880_20110819,15.520123
S03156350_20110819,14.715112
S05061200_20110822,16.379936
S06405950_20110822,14.830142
S05166000_20110822,16.844894
S02081000_20110823,12.725788
S03212150_20110823,15.937482
S03213000_20110823,15.015026
S05165900_20110823,16.449816
S05177000_20110824,18.193462
S05157800_20110824,15.915399
S05175100_20110825,17.420773
S03127370_20110825,14.207877
S05176000_20110825,16.895933
S05120005_20110826,13.128934
S05101500_20110831,16.32472
S05102010_20110831,17.09397
S05064750_20110831,14.7991495
S05102150_20110831,17.07915
S05101200_20110831,16.958101
S05097500_20110831,14.721974
S05130500_20110901,12.630455
S05086000_20110901,14.699755
S05116600_20110901,14.216345
S06001890_20110905,14.127404
S05050800_20110906,15.294343
S05051200_20110906,15.100994
S05059000_20110907,17.007217
S05233500_20110907,13.043649
S06404800_20110908,14.608159
S05048210_20110908,15.168558
S05047500_20110910,15.7108
S03093145_20110912,15.7731285
S06000950_20110912,14.343796
S03014130_20110912,18.89184
S03085608_20110912,16.073772
S05138900_20110913,17.947474
S03086340_20110913,16.89706
S03088345_20110913,17.580847
S03094405_20110913,17.497248
S03002900_20110914,16.820986
S05153000_20110914,13.202042
S03018675_20110915,16.211092
S05119902_20110915,13.0177765
S03226300_20110916,15.492993
S03088800_20110916,16.914833
S03185950_20110919,13.819953
S06130500_20110920,14.425927
S05078900_20110921,14.615165
S05122000_20110922,14.189804
S05204000_20110927,16.501974
S05066000_20110927,16.102667
S06580789_20110928,15.996998
S03030000_20110928,14.991697
S06077500_20110928,16.001476
S03009000_20110928,15.519942
S03038700_20110929,14.611375
S03027490_20110929,14.581281
S03036030_20110929,15.3257265
S06071900_20110929,15.913988
S05068645_20110929,17.797976
S03219550_20111006,14.298573
S04009330_20111012,13.381992
S03193441_20111101,14.917758
S06820089_20120217,19.874962
S06137020_20120221,19.725052
S06592020_20120222,19.22024
S06135600_20120227,19.643585
S06134300_20120228,19.874535
S04066730_20120524,16.20964
S03128190_20120530,15.917152
S05018900_20120604,16.281322
S06440445_20120604,15.206683
S05002610_20120604,15.519109
S06005550_20120605,14.82264
S05234082_20120605,15.696511
S06000980_20120605,14.095816
S06464850_20120605,15.766246
S06404800_20120605,15.000744
S06468450_20120605,16.372606
S06216100_20120605,18.08388
S06439900_20120605,14.703159
S04179160_20120605,17.958042
S05074580_20120605,13.628782
S06710020_20120606,19.116299
S04140100_20120606,12.585301
S05072140_20120606,14.907722
S06411350_20120606,14.669995
S06003805_20120606,15.116342
S04178490_20120606,17.737907
S06250270_20120606,14.612875
S05061400_20120606,16.400068
S05074100_20120607,12.878457
S06005400_20120607,14.883878
S05061942_20120607,17.097267
S04158860_20120607,15.220756
S05157620_20120607,14.402333
S05234007_20120607,14.216816
S04099560_20120608,13.22722
S04099600_20120608,13.692339
S06700075_20120611,19.690287
S03079270_20120612,14.321514
S04168250_20120612,13.809422
S03012100_20120614,15.795798
S06710030_20120615,17.941704
S06215850_20120616,19.761154
S06217500_20120620,18.90461
S06120560_20120621,18.213669
S06168200_20120621,11.724039
S06178014_20120621,14.409407
S06148850_20120625,16.252188
S06005700_20120626,15.904692
S03036510_20120626,15.281168
S06082260_20120626,15.232835
S03040250_20120626,16.296913
S05118703_20120626,14.721287
S03081000_20120627,13.908296
S06017000_20120627,15.9305105
S06300005_20120627,16.89452
S03006268_20120628,18.958282
S03006590_20120628,18.54175
S03006271_20120628,18.986067
S04161575_20120628,12.494514
S04123785_20120628,13.000431
S04200595_20120628,13.6358595
S03001000_20120628,18.954687
S03002100_20120628,18.371412
S05228350_20120628,14.199409
S05069250_20120628,17.484745
S06580362_20120628,18.818142
S06108000_20120628,19.593527
S03125000_20120629,13.579318
S06146500_20120702,19.11287
S03014140_20120702,18.890802
S04085180_20120702,15.425784
S05077995_20120702,15.782074
S04072000_20120702,14.224965
S05020900_20120703,15.1955185
S03014030_20120703,18.97439
S05035300_20120703,16.709694
S06300250_20120704,12.78336
S03088345_20120704,17.689169
S03138550_20120704,14.80723
S05079200_20120704,14.419997
S06710040_20120705,15.400452
S03156175_20120705,16.19118
S04570004_20120705,13.317654
S05012550_20120705,15.731433
S04082450_20120705,14.804005
S03149162_20120705,15.230794
S04082700_20120705,15.900516
S03145847_20120705,14.729478
S03024300_20120709,16.432533
S03020145_20120709,16.517607
S03160000_20120709,16.521713
S06590550_20120710,16.137403
S05085050_20120710,14.827469
S03020000_20120710,16.687237
S06300046_20120711,18.479927
S03033240_20120711,16.706772
S04113800_20120711,14.0246105
S03024392_20120711,15.252471
S04002870_20120711,17.098986
S03024245_20120711,16.53629
S04016800_20120711,16.214699
S04160190_20120711,15.292871
S03024560_20120712,15.430851
S03024840_20120712,16.276659
S03025238_20120712,16.436892
S03025368_20120712,16.69579
S03034720_20120712,15.720649
S03033200_20120712,16.920465
S03033660_20120712,16.077457
S03025919_20120712,17.104256
S03032675_20120712,15.900152
S03033306_20120712,16.70697
S04033300_20120713,14.028494
S04015100_20120713,14.4467535
S03165200_20120713,15.040799
S04010200_20120713,12.49021
S05226050_20120716,16.976389
S05042060_20120716,16.409082
S06120500_20120716,18.295094
S04010410_20120716,14.376306
S02061500_20120716,15.921136
S05151100_20120716,19.52869
S02061970_20120716,16.223757
S03272685_20120716,12.963978
S02105000_20120716,13.810613
S05103000_20120717,17.752554
S04009420_20120717,12.398654
S06830550_20120717,14.089802
S02001050_20120718,15.503123
S06205955_20120718,15.21486
S02037500_20120718,13.901391
S03039940_20120718,16.101099
S04216050_20120718,14.560328
S02001700_20120718,13.528289
S02029000_20120718,13.804424
S04601001_20120718,16.499031
S05049950_20120718,15.486408
S06016000_20120718,16.575846
S05223170_20120718,11.903731
S03037650_20120719,16.098663
S06194800_20120719,15.786871
S04025570_20120719,16.700998
S02094979_20120719,16.694304
S03151800_20120719,14.707434
S03149859_20120719,15.414173
S03027000_20120719,15.922248
S03037480_20120719,16.635515
S03149172_20120719,15.223393
S04068440_20120719,14.02633
S02071050_20120719,11.537094
S05060200_20120719,17.368664
S03036070_20120719,14.8072195
S03035455_20120719,16.707582
S04428003_20120720,16.07594
S03039000_20120723,14.222436
S03128987_20120723,14.323632
S03044580_20120723,15.788386
S03128500_20120723,15.384367
S03029000_20120723,14.09404
S03027490_20120723,14.497119
S06710038_20120723,13.90321
S02057250_20120723,14.006025
S03029530_20120723,15.226732
S05119080_20120723,14.098796
S02055580_20120723,12.01255
S05053085_20120724,16.812876
S05094810_20120724,14.4256
S02094000_20120724,13.120884
S04091400_20120724,15.209836
S04092000_20120724,14.504041
S05097900_20120724,15.097739
S03059000_20120724,15.0093565
S05095170_20120725,15.913852
S02076800_20120725,12.633376
S04052800_20120725,12.3879795
S05139350_20120725,16.706537
S04052590_20120725,12.100748
S03137830_20120725,14.498845
S02120000_20120725,14.808564
S05125863_20120725,16.03722
S04465003_20120725,15.398798
S05139000_20120725,14.900658
S05098000_20120725,15.110717
S03008483_20120725,15.916741
S03149487_20120725,14.929669
S04009050_20120725,11.843707
S02119000_20120725,14.435602
S05134600_20120725,14.512831
S03018531_20120725,16.148003
S03156350_20120726,14.928501
S03145290_20120726,15.000371
S06094039_20120726,12.136007
S03156150_20120726,16.299826
S02094800_20120726,13.33418
S05125500_20120726,14.300278
S03119590_20120726,14.809365
S03156580_20120726,14.610019
S03145985_20120726,14.607552
S04070215_20120726,15.430903
S05167000_20120726,15.889774
S05095110_20120726,14.408173
S03098695_20120727,18.081303
S03096025_20120727,16.434881
S05111000_20120727,16.429907
S05201400_20120730,15.326533
S02060500_20120730,12.827865
S03255650_20120730,12.5166855
S03254920_20120731,13.426708
S03266920_20120731,13.425456
S04449005_20120731,14.710468
S05144500_20120731,15.709506
S02018500_20120731,14.315156
S02013000_20120731,13.424559
S04064720_20120731,14.5937395
S03108890_20120801,14.714866
S02002000_20120801,13.738249
S04023200_20120801,12.625183
S06018150_20120801,18.18467
S05231850_20120801,12.61621
S02011000_20120801,13.213029
S06020100_20120801,18.009632
S05229145_20120801,13.83532
S05229125_20120801,12.844467
S04099650_20120802,13.842316
S03112805_20120802,15.617416
S04068410_20120802,13.78454
S05013100_20120802,15.31982
S02051000_20120802,15.816966
S05012200_20120802,15.389683
S03014130_20120802,18.981441
S02054100_20120802,14.51271
S03079850_20120802,14.3010645
S02107000_20120802,15.393315
S02106600_20120803,13.807066
S04031000_20120803,12.872885
S04160160_20120803,15.618389
S05048000_20120806,15.701143
S04433002_20120806,14.929756
S04043100_20120807,12.96671
S04046590_20120807,15.423041
S04056000_20120808,14.330312
S05033400_20120809,16.101469
S06037300_20120809,14.796742
S03171880_20120809,14.334199
S05038100_20120809,15.000695
S04015970_20120811,12.917455
S03233795_20120813,15.014326
S03159118_20120813,17.105282
S03151910_20120813,14.42811
S03227100_20120813,15.611501
S03233896_20120813,14.791186
S03161695_20120813,14.520772
S03151139_20120814,14.790839
S05092000_20120814,16.376255
S03160360_20120814,16.290188
S03095400_20120814,16.603943
S03227296_20120814,15.607824
S05089080_20120814,16.957186
S06053000_20120815,13.186578
S05058935_20120815,16.49384
S04041750_20120816,15.721118
S06180860_20120817,14.02496
S05173200_20120817,19.61972
S05173450_20120817,19.191162
S03146715_20120817,14.186321
S04154200_20120820,13.023327
S04090400_20120820,14.715085
S03168690_20120820,13.852691
S03244000_20120820,14.52174
S04135000_20120820,12.730646
S04160200_20120820,15.522856
S04108500_20120821,15.002087
S04108285_20120821,15.783944
S03014927_20120821,18.266136
S03227623_20120822,15.298556
S03190725_20120822,13.932229
S04023450_20120822,13.693429
S03152000_20120823,14.430733
S04023135_20120823,12.453986
S04054990_20120823,14.410805
S04604001_20120823,15.186428
S04137995_20120824,12.123333
S03241231_20120827,13.739369
S05172350_20120827,19.812706
S04057750_20120828,13.048864
S04051345_20120828,13.592198
S03168995_20120829,13.971141
S03171770_20120829,14.314109
S05226030_20120829,15.760369
S03201650_20120829,15.623116
S03235690_20120829,14.002399
S06580178_20120829,17.87475
S03134000_20120830,14.90881
S03234215_20120830,14.633361
S03206000_20120831,14.398815
S04173000_20120831,15.358539
S04178250_20120903,15.87158
S05234017_20120903,13.726088
S03020591_20120903,16.775967
S03014986_20120903,18.285648
S05126000_20120903,14.12311
S05120010_20120904,13.931804
S04003645_20120904,15.727748
S05075650_20120905,15.540374
S04003900_20120905,14.728729
S03269250_20120905,12.480604
S04039200_20120905,13.115012
S05225340_20120906,16.211876
S05101900_20120906,16.988125
S05149850_20120906,18.733154
S04079820_20120906,16.434324
S05206500_20120907,19.89233
S05211550_20120907,17.87263
S05181200_20120908,19.409088
S05180700_20120910,19.797855
S04094200_20120910,16.995155
S06178011_20120910,16.215122
S05170800_20120910,17.404892
S04019700_20120911,12.146971
S05139310_20120912,17.6789
S04139280_20120912,12.494094
S03218150_20120913,15.425312
S04108150_20120913,14.613726
S03215470_20120913,15.197644
S04107200_20120913,14.421213
S05221600_20120913,15.980807
S03128837_20120913,15.827328
S06187450_20120914,12.17387
S04457000_20120914,13.8991585
S04097550_20120917,13.5980835
S03203750_20120917,15.303567
S04067300_20120918,12.490969
S03191700_20120918,14.820001
S04103480_20120918,14.338648
S04103600_20120918,13.927764
S04108000_20120919,14.42289
S03041000_20120919,15.505038
S04108685_20120919,14.601292
S05199800_20120919,18.545485
S04456000_20120919,13.408725
S04614000_20120919,14.605826
S06131900_20120920,12.503384
S04096360_20120920,14.482168
S04070290_20120921,14.012523
S04082090_20120924,14.93403
S04061300_20120925,12.534884
S04001940_20120925,13.515406
S06179500_20120925,13.81774
S06176950_20120926,18.246243
S04128230_20120926,15.193375
S03178835_20120926,15.706654
S04057740_20120928,13.515946
S04158900_20121001,15.119449
S04159900_20121001,15.291112
S03177400_20121003,15.701755
S05131200_20121004,12.916663
S04078100_20121005,16.475945
S04002300_20121008,12.3062
S04014096_20121009,12.689791
S05013900_20121009,15.492619
S04403004_20121011,12.003524
S04428002_20121011,16.61506
S06181210_20121012,17.80195
S04016555_20121015,12.002574
S04015390_20121016,12.28337
S05204000_20121016,16.436094
S04027950_20121023,14.409214
S04014050_20121024,13.168291
S04016500_20121025,12.060126
S04002945_20121031,16.908043
S04003010_20121115,16.649857
S04003160_20121115,16.631008
S04060995_20121116,13.14269
S04150970_20130110,11.522481
S06135600_20130219,19.826164
S06135350_20130307,19.685038
S06150795_20130314,19.90076
S03128837_20130425,15.821235
S05024250_20130514,15.572893
S06222390_20130606,14.575539
S04199078_20130611,14.689162
S04194665_20130612,15.501477
S04059200_20130613,13.228533
S06120000_20130614,17.178669
S06094150_20130617,14.405499
S04160300_20130617,13.718521
S03013930_20130617,14.61994
S03132054_20130618,14.209645
S06148850_20130618,16.558718
S06215850_20130618,19.770638
S06215790_20130618,19.852745
S06580890_20130618,16.283812
S06168250_20130619,11.531611
S04143000_20130619,12.420291
S04143150_20130619,12.040384
S03012310_20130619,16.20524
S04214295_20130620,13.514538
S03254770_20130621,11.844239
S06180550_20130621,15.579521
S03032675_20130624,16.031637
S06131550_20130624,13.01305
S06126600_20130624,14.594594
S06077000_20130625,16.331234
S06008000_20130625,17.129032
S04016900_20130625,15.699435
S04010350_20130625,16.61169
S04060800_20130625,12.185104
S06428800_20130625,17.081787
S03231740_20130625,15.604953
S04465003_20130625,15.499102
S04009250_20130625,15.060913
S04066730_20130626,16.10616
S04066975_20130626,15.614826
S06300005_20130626,17.013979
S03037650_20130626,16.099583
S06178056_20130626,14.59956
S04003700_20130626,15.14929
S04087300_20130626,14.838717
S03109935_20130626,14.216611
S06217470_20130627,19.07962
S03093900_20130627,17.576473
S04028450_20130627,17.701952
S03094700_20130627,18.372673
S04131300_20130627,13.01199
S06005400_20130627,15.011995
S04058250_20130627,13.2292185
S06106250_20130627,15.690025
S04040300_20130627,13.214139
S04175100_20130627,13.106975
S04175450_20130627,13.0952
S04130500_20130628,13.227684
S04044600_20130628,13.685871
S04112200_20130701,14.890415
S04079480_20130701,16.141928
S04160250_20130701,13.582385
S03144325_20130701,15.494236
S05053060_20130701,17.194246
S05068850_20130702,18.987078
S03149104_20130702,15.094822
S06580274_20130702,18.366436
S05071300_20130702,17.239752
S04636007_20130702,13.422109
S04119160_20130702,14.3251
S03165200_20130702,15.302418
S03053710_20130702,15.003431
S05055555_20130702,19.350845
S04113100_20130702,13.921074
S05057150_20130702,19.451544
S05055150_20130702,19.604187
S06455950_20130702,15.17218
S05068475_20130702,18.672894
S06455640_20130703,16.376831
S05231650_20130703,12.839174
S04196655_20130703,14.220842
S05125510_20130703,14.54005
S05068367_20130703,19.285994
S05068369_20130703,19.30672
S05064750_20130704,15.690592
S05170800_20130704,17.81566
S03134000_20130704,14.927581
S03168035_20130704,14.498562
S06456620_20130704,14.8959055
S05010850_20130704,15.204777
S04075883_20130704,17.916103
S03138390_20130704,14.896014
S05145440_20130704,18.1199
S03136840_20130705,14.544342
S05091090_20130708,15.755308
S02115775_20130708,14.995284
S04733000_20130708,12.303492
S03189168_20130708,13.726025
S03156350_20130708,15.18416
S04099550_20130709,13.332653
S04415011_20130709,16.930128
S04415010_20130709,16.914324
S05148200_20130709,19.472351
S03024294_20130709,16.531845
S06830800_20130709,16.00811
S03032731_20130709,16.203384
S04417004_20130709,12.991561
S03066000_20130709,15.688056
S05077000_20130709,16.667414
S02115625_20130710,14.226724
S05111000_20130710,16.600492
S05111360_20130710,16.283773
S04153010_20130710,11.58304
S05061950_20130710,17.91325
S05064000_20130710,15.009712
S05075650_20130710,15.5518465
S04014900_20130710,12.282612
S03233740_20130710,15.021579
S03078110_20130711,14.285119
S02107900_20130711,18.775642
S05054030_20130711,18.33994
S04074647_20130711,14.196691
S05053960_20130711,17.783558
S04097000_20130711,14.214243
S04097050_20130711,14.496194
S04097200_20130711,13.593674
S06178010_20130711,16.317728
S05145750_20130711,17.493687
S05148700_20130711,18.570002
S03233700_20130711,15.110184
S04117450_20130711,14.516457
S02072700_20130711,11.720174
S06051550_20130711,13.221085
S03146890_20130711,13.987057
S05051120_20130712,15.974801
S06192985_20130713,12.695683
S05007935_20130715,15.8174095
S05009000_20130715,15.223512
S03134800_20130715,15.002642
S04152500_20130715,11.701723
S04106800_20130715,14.322214
S05015000_20130716,15.530081
S04052520_20130716,11.512451
S04196095_20130716,15.088707
S05014100_20130716,15.61863
S05018000_20130716,15.807003
S05018150_20130716,15.790121
S03154470_20130716,15.011265
S05018800_20130716,16.13129
S02067000_20130716,12.999708
S05105800_20130716,14.417513
S05229140_20130716,13.239836
S05106760_20130716,15.688703
S04051650_20130717,13.514342
S04134900_20130717,12.566188
S04134890_20130717,12.833669
S04671001_20130717,12.315735
S04672001_20130717,12.460654
S04041675_20130717,14.317244
S05004000_20130717,16.11247
S05002500_20130717,15.173988
S05010950_20130717,15.22163
S05114800_20130717,14.665438
S05228280_20130717,14.081095
S03171880_20130717,14.208042
S04141295_20130717,12.712393
S03128640_20130718,15.275635
S04105680_20130718,13.829223
S03132000_20130718,14.550652
S04052265_20130718,11.325156
S04012180_20130718,13.28133
S04011700_20130718,14.459721
S05080850_20130719,15.008768
S04615008_20130719,14.296602
S04195420_20130719,15.984909
S04068927_20130719,14.618192
S05125910_20130722,13.919565
S03132615_20130722,14.09829
S05125990_20130722,13.999979
S04214495_20130722,13.410433
S06001250_20130722,14.701069
S05125950_20130722,14.01995
S03194540_20130722,14.831083
S04173200_20130722,14.920982
S04107500_20130722,14.422798
S03242800_20130722,13.099406
S06202860_20130722,15.128337
S03002310_20130722,17.366295
S02018000_20130723,14.085789
S04208350_20130723,12.481907
S04132800_20130723,12.715519
S06000980_20130723,14.378986
S02043600_20130723,13.122136
S04108900_20130723,14.088309
S06416910_20130724,15.685047
S05120013_20130724,15.22462
S06001480_20130724,14.305863
S04016800_20130724,15.798923
S03276988_20130724,15.412247
S05120095_20130724,14.300242
S04172570_20130724,13.318888
S06123500_20130724,14.830679
S03276786_20130725,16.017212
S04172060_20130725,13.41693
S03002100_20130725,18.53715
S04161500_20130725,12.305213
S06116620_20130725,19.815472
S04205605_20130726,12.318235
S03264375_20130729,14.185512
S06404800_20130729,15.387002
S05068030_20130729,18.521053
S05131200_20130729,13.013865
S04092500_20130729,14.402269
S04070500_20130730,14.193753
S05022000_20130730,15.606984
S04184195_20130730,17.641378
S05021650_20130730,16.697926
S03039000_20130730,14.511049
S03128745_20130731,15.166256
S05053000_20130731,16.405907
S05119902_20130731,13.594451
S05052000_20130731,16.076252
S04184950_20130731,17.365215
S05039200_20130731,16.122074
S04059350_20130731,13.108526
S05031380_20130801,15.913219
S05029960_20130802,16.378925
S05087400_20130802,15.703066
S05192008_20130805,17.776909
S05097750_20130805,15.335642
S04116400_20130805,14.717835
S03125000_20130806,13.829045
S05125540_20130806,14.500569
S04174770_20130806,13.007432
S03255920_20130806,12.095404
S04067400_20130806,15.209868
S04076100_20130806,18.911503
S04179690_20130806,15.683383
S06175540_20130806,18.720024
S04086550_20130806,18.630718
S04130000_20130807,12.825693
S03200070_20130807,14.626717
S04115525_20130807,14.819613
S03179000_20130807,15.000512
S05027010_20130807,13.932675
S04179678_20130807,15.315022
S05025835_20130807,13.922023
S04179350_20130808,16.477665
S05192320_20130808,18.055693
S04073500_20130808,14.712304
S05192315_20130808,17.869532
S06300073_20130808,17.402916
S05046700_20130808,14.716571
S06462950_20130808,17.181694
S06173460_20130808,16.976894
S05049000_20130809,15.496031
S06177000_20130809,14.892787
S04207000_20130812,12.983362
S04206300_20130812,13.234436
S05222980_20130813,13.680911
S05197220_20130813,14.628244
S06209970_20130813,13.294278
S04209995_20130813,12.635794
S04211950_20130813,12.429359
S03269000_20130814,12.757822
S05207150_20130814,15.088459
S05197100_20130814,15.000314
S06212500_20130815,19.02075
S03006272_20130819,18.658857
S05228000_20130819,14.436566
S06146500_20130819,18.999092
S06159550_20130819,17.88791
S04051600_20130820,13.015707
S05234025_20130820,14.787557
S04070350_20130820,13.820762
S04092800_20130820,14.731087
S04166850_20130820,14.5903
S05125860_20130820,16.016483
S02045050_20130821,13.1021595
S02045000_20130821,13.116181
S04053800_20130821,14.608042
S02032000_20130821,14.701013
S04000948_20130821,15.806852
S05230200_20130821,12.507063
S04025040_20130821,16.121166
S02029160_20130821,15.57998
S02028000_20130821,15.165235
S04025100_20130821,14.139649
S02041650_20130822,13.23768
S05231900_20130822,13.123869
S03160000_20130822,16.43138
S04148587_20130822,11.901262
S03149906_20130822,15.310875
S03012100_20130822,16.188755
S04055810_20130822,14.906264
S03012450_20130822,15.941349
S03112565_20130822,15.295689
S03128270_20130822,15.800814
S03090470_20130826,16.826132
S04204000_20130826,12.418975
S04168210_20130826,13.235758
S06189500_20130826,14.403713
S05074000_20130826,13.279954
S05134550_20130826,15.087743
S05165760_20130826,15.88603
S05165000_20130826,15.698702
S03088800_20130826,17.099138
S03174712_20130827,14.227001
S03174795_20130827,14.219041
S03018675_20130827,16.153769
S05175800_20130827,16.290499
S06190070_20130827,12.013969
S04046800_20130827,15.495142
S04050000_20130827,12.380109
S05025800_20130827,13.533316
S05073100_20130827,12.791498
S03086100_20130827,16.803003
S03095000_20130827,18.28445
S05102030_20130828,17.10997
S05173260_20130828,19.827435
S04172578_20130828,13.0158205
S05140065_20130828,18.18593
S05077700_20130828,15.022118
S03236690_20130828,14.136209
S05096410_20130828,17.617357
S05173400_20130828,19.528458
S03094660_20130828,18.41607
S06580362_20130829,18.733952
S04072000_20130829,14.197023
S04003645_20130830,16.020687
S06183900_20130902,14.928289
S06182460_20130902,17.818642
S05150000_20130902,18.987968
S04146000_20130902,12.223568
S03056105_20130902,15.921899
S03014130_20130902,18.975813
S06035500_20130903,14.530193
S03085730_20130903,15.716082
S03105790_20130903,15.618241
S03103370_20130904,17.151913
S04026950_20130904,17.594969
S05078900_20130904,15.101549
S06180500_20130904,13.617212
S05095100_20130905,15.1243105
S05095110_20130905,14.609658
S06027000_20130905,15.13435
S05077950_20130905,15.598549
S03041247_20130905,15.418009
S04077500_20130910,17.313173
S03149900_20130910,15.31698
S05183970_20130910,19.817505
S03157485_20130910,16.102379
S05169000_20130911,18.075554
S05180820_20130911,19.798733
S05180550_20130911,19.617365
S04089450_20130911,15.116891
S05121000_20130911,15.314057
S03128190_20130912,15.86779
S05120000_20130912,13.493217
S05129070_20130912,13.320319
S04057700_20130917,13.304043
S03219000_20130918,15.116538
S04402002_20130918,12.743874
S03116600_20130918,15.417463
S05199100_20130918,17.281517
S05210000_20130918,15.52618
S03133670_20130919,14.317642
S05200050_20130919,19.201122
S05200115_20130919,19.21481
S05201060_20130919,17.164522
S04027380_20130919,16.61938
S04108800_20130920,14.221459
S05217150_20130921,17.731499
S05125500_20130923,14.528572
S05068660_20130923,17.09441
S05235850_20130924,17.489359
S05091450_20130924,16.00857
S03014907_20130925,18.083979
S03182446_20130927,14.200794
S05234005_20130927,14.112774
S04101700_20130930,14.730055
S04096665_20131004,14.432265
S04136400_20131004,12.132761
S03129053_20131008,14.174427
S03133040_20131008,14.23155
S04401000_20131010,15.126326
S04402000_20131011,12.731959
S04027670_20131017,16.31486
S04082540_20131022,14.792519
S05158700_20131022,12.607643
S05155230_20131023,15.123419
S05155800_20131023,14.9186
S05155300_20131023,15.602508
S05157680_20131024,15.554331
S05157800_20131024,15.318555
S05225080_20131024,15.71819
S05163290_20131024,14.010973
S05157645_20131024,15.314477
S05163800_20131024,14.510902
S04003160_20131025,16.713327
S05158150_20131025,13.209704
S06133560_20140210,19.861786
S06135600_20140210,19.869835
S06150795_20140212,19.886192
S06035450_20140422,14.003038
S03056030_20140507,15.233048
S04076420_20140512,17.671848
S06190111_20140515,14.382887
S03153363_20140516,14.603574
S03277420_20140520,13.390483
S03133435_20140520,14.230783
S06053000_20140521,13.600946
S06168200_20140521,11.61351
S06095000_20140521,13.720667
S04167750_20140522,13.227892
S04371007_20140522,13.295603
S06177500_20140523,14.400515
S06177988_20140523,13.522514
S04111000_20140526,15.595472
S04164758_20140602,14.112914
S04205500_20140602,13.016462
S04167815_20140603,14.407048
S03113895_20140603,14.410605
S04423000_20140604,16.212406
S06001180_20140604,15.002137
S06175000_20140604,12.899955
S05142520_20140604,15.732986
S05144520_20140605,15.628476
S05143990_20140605,15.330973
S06041665_20140605,15.174457
S06179200_20140605,13.407316
S06190700_20140606,12.655689
S04407009_20140609,12.764443
S05047720_20140610,16.13363
S05048210_20140610,15.717131
S04000300_20140610,18.357649
S04150970_20140610,11.727003
S04011700_20140610,14.047317
S04215520_20140610,12.525747
S04026420_20140610,18.373001
S04208350_20140610,12.128955
S06456450_20140611,14.997183
S06017000_20140611,15.718049
S06006220_20140611,15.508578
S05030700_20140611,15.390414
S04078050_20140611,16.505142
S04205620_20140611,12.430609
S04153200_20140611,12.425488
S04206300_20140611,13.091977
S03117302_20140611,14.97941
S05176100_20140611,18.42772
S04123760_20140612,14.232342
S03117905_20140612,14.635523
S05046000_20140612,14.617865
S05061100_20140612,16.098675
S05060000_20140612,17.614483
S04166095_20140612,13.397228
S05027010_20140612,14.094314
S04057200_20140613,16.107443
S06035690_20140616,12.901495
S05191200_20140616,18.398829
S05053100_20140616,16.326843
S05125255_20140616,14.76591
S05053920_20140616,16.692749
S04098950_20140616,12.725672
S04160260_20140616,13.003835
S05042050_20140616,16.516876
S05042080_20140616,16.706238
S05134350_20140616,14.620754
S05055900_20140616,16.081453
S05125410_20140616,14.926426
S05129000_20140617,13.696591
S05044300_20140617,16.327194
S05055940_20140617,16.921902
S05042085_20140617,16.895376
S06129950_20140617,15.799446
S05042072_20140617,16.424181
S05068367_20140617,19.409435
S05068020_20140617,18.822376
S05068270_20140617,18.803387
S05012550_20140617,15.817974
S05055000_20140618,18.410513
S04194665_20140618,15.405621
S05053975_20140618,17.65295
S06128860_20140618,15.893843
S06580075_20140618,14.187741
S05068420_20140618,18.707266
S05068470_20140618,18.783188
S05119902_20140618,14.023165
S05055150_20140618,19.787485
S05055550_20140618,19.468891
S05115000_20140618,15.114164
S05054600_20140618,18.177237
S04021000_20140618,12.345383
S05118710_20140618,15.097933
S05119030_20140618,14.221463
S05055105_20140618,18.499422
S06053500_20140619,14.511855
S05106000_20140619,14.9258795
S05066000_20140619,17.142702
S04015400_20140619,12.608978
S05114490_20140619,14.517698
S05064000_20140619,15.290998
S04201185_20140619,12.51651
S05111620_20140619,14.402771
S03085651_20140619,15.986193
S05077995_20140620,16.095087
S05077970_20140620,15.789013
S03033050_20140620,17.129513
S03033038_20140620,16.916115
S04032100_20140623,12.180981
S05118900_20140623,14.00817
S04039160_20140623,12.865359
S04125450_20140623,12.715057
S06161400_20140623,17.72129
S05024994_20140623,15.713656
S05072140_20140623,15.316129
S03012310_20140623,16.295137
S06008000_20140623,17.298588
S05000250_20140624,15.533425
S05117530_20140624,15.503882
S05135100_20140624,16.498657
S04068970_20140624,13.9927435
S06440370_20140624,16.486021
S05117110_20140624,14.713785
S04052590_20140624,11.916818
S04196449_20140624,14.307296
S05001600_20140624,16.021015
S04022150_20140624,17.70956
S05018950_20140625,15.905475
S04195790_20140625,16.591293
S05111602_20140625,14.415615
S05107000_20140625,13.932999
S05111500_20140625,13.811522
S04190550_20140625,16.6848
S05005950_20140625,14.406553
S06464800_20140626,16.432562
S05141780_20140626,14.9136
S05142150_20140626,13.873857
S06464775_20140626,17.002968
S05141800_20140626,15.4321375
S05024300_20140626,16.039125
S05142120_20140626,13.859235
S05142900_20140627,16.338861
S05086280_20140630,15.70993
S05039000_20140630,15.507091
S05192200_20140630,16.402575
S05040100_20140630,15.895353
S04058400_20140701,13.508432
S06413240_20140701,14.403575
S05031850_20140701,15.319205
S05033515_20140701,16.031511
S05033520_20140701,16.206654
S04058500_20140701,13.709164
S05103000_20140701,17.670807
S04122300_20140701,14.507079
S06153900_20140701,19.429564
S03020650_20140702,16.775663
S05021100_20140702,15.399745
S05022080_20140702,15.693459
S05022100_20140702,15.69517
S04068440_20140702,14.282274
S06045000_20140702,14.050101
S06003500_20140702,14.364843
S04023000_20140702,12.633567
S03241170_20140702,14.142342
S03156000_20140703,14.511259
S03044170_20140703,16.023346
S05088450_20140703,16.91498
S05081000_20140703,13.591198
S05088400_20140703,16.82191
S06084360_20140703,19.201847
S04068550_20140703,14.972689
S03133000_20140704,14.220791
S06131900_20140704,12.496008
S04022150_20140704,17.713295
S05080700_20140704,14.679038
S06166990_20140707,18.256481
S04208590_20140707,12.301238
S03024245_20140707,16.819996
S03108647_20140707,14.616051
S05011400_20140707,15.702513
S04212200_20140708,12.2174225
S05007100_20140708,15.125046
S04051900_20140708,12.61883
S04633009_20140708,13.60868
S03003790_20140708,17.149199
S04050100_20140709,13.028225
S05015100_20140709,15.99093
S04146600_20140709,12.827842
S03047445_20140710,15.506769
S03151800_20140710,15.01631
S04150850_20140711,11.797624
S05154450_20140715,13.290614
S05153000_20140715,13.223514
S05223210_20140715,14.127641
S02051000_20140715,15.84032
S05092000_20140715,16.693577
S06179490_20140715,17.685663
S05153945_20140716,15.009965
S02056200_20140716,12.093475
S06209970_20140716,12.594999
S05168000_20140716,18.163116
S05167010_20140716,17.07792
S03213185_20140716,15.418869
S05151990_20140716,13.518587
S04082720_20140716,14.187458
S03252500_20140716,11.936983
S04022050_20140717,12.897568
S05158200_20140717,14.602543
S05158160_20140717,13.604899
S04604004_20140717,14.6985235
S04606002_20140717,14.60518
S02066000_20140717,13.760731
S02064770_20140717,14.538438
S05173180_20140717,19.72984
S06053940_20140717,13.923469
S05173450_20140717,19.410631
S02070000_20140717,12.298302
S05162520_20140717,14.790939
S05044300_20140717,16.32484
S06052435_20140717,13.623616
S03033306_20140717,17.118696
S04417000_20140718,13.476594
S05197220_20140718,15.236604
S04158990_20140718,14.711416
S04174760_20140721,12.899746
S04174770_20140721,12.725575
S03095000_20140722,17.988014
S05180700_20140722,19.823792
S04173100_20140722,14.603916
S05173270_20140722,19.817545
S02107900_20140722,18.476341
S05149520_20140722,19.48716
S05091725_20140722,15.917796
S03099445_20140723,16.893856
S04009000_20140723,11.049007
S04171450_20140723,13.223366
S03007383_20140723,16.631329
S03088255_20140723,17.991009
S04009350_20140723,12.267443
S04524002_20140723,15.026633
S03097552_20140724,15.492249
S05148200_20140724,19.291119
S05148080_20140724,19.499924
S03095300_20140724,17.081184
S02078000_20140724,12.641896
S05096060_20140724,16.21899
S05077370_20140724,16.799171
S05165000_20140724,15.957714
S05165250_20140724,16.007078
S05165760_20140724,15.879005
S05077600_20140725,18.076334
S03082758_20140728,13.106259
S06175500_20140728,18.305275
S03190870_20140729,14.124744
S05183710_20140729,19.844078
S03137570_20140729,14.127446
S03140400_20140729,14.619944
S04114100_20140729,15.602815
S04600012_20140730,14.705718
S04217400_20140730,15.399544
S06175540_20140730,18.738464
S05145200_20140730,17.00278
S03021000_20140730,15.816612
S03235690_20140730,13.832381
S04195300_20140731,16.728569
S03191700_20140731,14.897198
S05234017_20140731,14.298734
S03233980_20140731,15.003124
S04082390_20140801,14.91491
S05230600_20140801,14.530618
S04054000_20140804,15.014533
S04411005_20140804,12.013549
S03032000_20140804,14.719008
S04019350_20140805,11.758584
S04179500_20140805,15.463573
S04028400_20140805,18.182587
S05099170_20140805,17.90737
S03247405_20140805,13.483683
S03057720_20140805,14.092951
S03189300_20140806,13.592763
S04139100_20140806,12.102761
S04061400_20140806,12.408682
S03118000_20140806,14.630114
S04063525_20140806,13.528136
S04215600_20140807,12.700203
S04146670_20140807,13.529653
S04215500_20140807,13.111769
S04024515_20140808,13.430993
S03027000_20140811,15.898611
S04107500_20140812,14.40061
S03000100_20140812,18.099342
S03254870_20140812,12.176065
S03167000_20140812,14.826261
S06170180_20140813,17.708273
S06178010_20140813,16.107983
S05140000_20140818,18.597809
S05227240_20140818,14.317978
S05229100_20140818,13.81123
S04003200_20140819,16.401896
S03163000_20140819,14.897934
S03271820_20140819,12.5328865
S05229140_20140819,13.740659
S03165020_20140819,15.317543
S05126150_20140819,14.426506
S03079850_20140819,14.321154
S03036710_20140820,15.618499
S03233795_20140820,15.000496
S05172900_20140820,19.735596
S05197500_20140820,15.209537
S04077200_20140820,17.250715
S05219900_20140821,12.312599
S04067350_20140821,14.713437
S05151150_20140821,19.672707
S05150900_20140821,19.765812
S03036496_20140821,15.3078785
S03174712_20140821,14.0984335
S05151100_20140822,19.77338
S05055600_20140825,19.76506
S04637001_20140825,13.029196
S04109605_20140825,14.127539
S05057150_20140825,19.467999
S03138800_20140826,14.798482
S04041675_20140826,14.030085
S04015160_20140826,12.116411
S05096100_20140826,16.493475
S06178500_20140826,13.492537
S05068850_20140826,19.09084
S04015100_20140826,13.930841
S04146500_20140826,12.302887
S05069350_20140826,18.317413
S05068760_20140827,17.606438
S05069250_20140827,17.59898
S05068700_20140827,18.109505
S04023520_20140827,13.513365
S04016980_20140827,15.6115465
S05126050_20140827,13.905779
S06179155_20140828,17.27494
S05097900_20140829,16.100107
S06710010_20140901,19.708632
S05101200_20140902,17.944155
S04067210_20140902,15.508208
S06063450_20140902,19.82366
S04457000_20140902,13.721289
S04134010_20140903,13.723425
S04102330_20140904,14.1150465
S04159100_20140904,14.715773
S04133550_20140904,14.121857
S04087700_20140905,15.801871
S04134800_20140905,12.908103
S04142300_20140905,12.301289
S04134895_20140905,12.429021
S03171085_20140908,13.722373
S04029625_20140908,14.832289
S05218630_20140909,19.80774
S05216140_20140909,16.911293
S04182000_20140909,17.381203
S04153500_20140909,12.629866
S05214000_20140910,16.61638
S06830152_20140910,17.18983
S05209500_20140910,16.004963
S05202000_20140910,15.009041
S04119300_20140910,14.63164
S04017000_20140910,13.9085655
S04184950_20140911,17.086115
S03202250_20140911,15.201246
S04416008_20140911,12.845186
S04017620_20140911,11.949588
S04017595_20140911,11.825845
S04023135_20140912,12.568272
S05206500_20140912,19.900175
S05204880_20140912,19.633999
S04174660_20140912,13.410402
S04000850_20140912,14.333735
S05207030_20140913,18.751253
S05207070_20140913,19.620415
S05211930_20140913,17.805788
S05068850_20140915,19.090845
S03006272_20140915,18.879417
S06165190_20140915,19.008366
S04023140_20140916,12.260558
S04024660_20140916,14.106039
S02118000_20140916,14.735964
S03225062_20140917,15.718363
S04066700_20140917,16.11726
S04132000_20140918,12.732605
S03207220_20140918,15.101597
S05051500_20140919,16.003302
S05229050_20140922,13.019176
S06067760_20140922,18.120407
S03097690_20140923,16.00219
S04052420_20140923,11.484595
S04052300_20140923,11.821355
S02076180_20140924,13.536999
S03276025_20140924,15.608639
S02023000_20140924,14.454005
S03090010_20140924,15.524758
S06113000_20140925,17.665562
S04072875_20140929,14.376174
S02123000_20140930,15.88923
S04473014_20140930,15.099687
S02044000_20140930,13.929173
S02097000_20140930,13.393566
S04143000_20140930,12.217745
S02089000_20141001,11.930725
S04074450_20141001,14.199851
S04103600_20141001,13.735694
S04052800_20141002,12.277685
S02115200_20141002,14.579808
S04087000_20141003,15.199781
S02055500_20141003,12.032552
S02094800_20141003,13.526598
S05224000_20141006,14.015201
S03148220_20141006,14.724969
S05229200_20141007,13.719472
S03265996_20141008,13.505623
S06212100_20141009,18.983128
S04074000_20141009,14.399142
S05231370_20141010,12.799682
S03250975_20141014,12.214191
S03264000_20141015,13.971573
S03041285_20141016,15.40312
S04423004_20141020,16.128218
S04103910_20141020,14.600097
S04422004_20141021,15.967515
S04027850_20141022,15.43259
S05218250_20141023,19.304365
S04096345_20141027,13.696607
S04088200_20141028,15.435949
S04423001_20141029,16.110298
S04088500_20141029,14.724934
S06178800_20141113,18.443476
S06132900_20150216,19.903128
S06063600_20150219,19.105621
S06188740_20150421,12.824932
S06048480_20150428,13.398359
S06091610_20150512,16.217274
S03277728_20150512,14.422251
S06049010_20150518,13.361714
S03154745_20150519,15.032366
S03142025_20150520,15.007039
S04010250_20150526,17.109562
S03057720_20150526,14.106433
S04059200_20150527,13.499338
S06196185_20150527,17.979126
S06129000_20150528,15.799557
S04162300_20150528,12.499334
S06198503_20150528,17.836403
S04060500_20150528,12.707087
S04217400_20150528,15.310504
S04162958_20150528,12.832523
S04009440_20150529,12.075624
S04009415_20150529,12.066845
S05052100_20150601,16.10948
S06970900_20150601,17.78947
S06085270_20150602,18.926586
S04052750_20150602,12.397815
S05124940_20150602,14.538884
S06083580_20150602,18.489578
S05123950_20150602,15.041205
S06580184_20150602,17.712528
S04052600_20150602,12.426458
S06076420_20150602,17.709126
S04179690_20150602,15.888812
S05030700_20150602,15.6129265
S06084770_20150603,18.052677
S04023130_20150603,12.761917
S03264965_20150603,13.620814
S04137993_20150603,11.796
S04023680_20150603,13.020241
S05047500_20150604,16.405754
S06830246_20150604,17.127445
S06005695_20150604,16.295906
S06069650_20150604,18.139032
S04379000_20150605,12.046796
S04199078_20150605,13.899655
S04023350_20150605,13.225897
S05025000_20150608,15.984739
S05007300_20150608,15.3203
S04022150_20150608,17.732279
S05170800_20150608,18.482393
S04022210_20150608,14.675901
S05135300_20150608,17.86059
S06001890_20150608,14.216043
S06031200_20150608,15.409241
S05138900_20150608,18.49817
S05138000_20150608,18.390518
S02107890_20150609,18.549877
S04030000_20150609,13.908418
S06177500_20150609,14.596853
S05178200_20150609,18.656843
S04041100_20150609,12.996723
S06003500_20150609,14.256452
S05004230_20150609,16.406351
S03113340_20150609,15.507752
S05136200_20150609,18.302015
S04116400_20150609,14.696637
S06464775_20150609,16.779135
S05176900_20150609,18.911854
S06468000_20150609,17.042538
S05054600_20150609,17.62708
S05006900_20150609,15.333682
S05134300_20150610,14.423203
S04015050_20150610,12.547393
S06029100_20150610,16.736568
S06426000_20150610,16.575565
S02045350_20150610,13.499479
S05139220_20150610,16.291517
S06439900_20150611,14.914785
S06180500_20150611,14.172613
S05025680_20150611,14.313362
S05020100_20150611,16.179499
S04036300_20150611,17.032595
S03043280_20150615,16.215332
S03025551_20150616,16.394505
S03093900_20150616,17.686884
S03025440_20150616,16.109694
S03025368_20150616,16.299107
S04210020_20150617,12.030843
S04210050_20150617,12.036027
S06014970_20150617,17.089685
S04052650_20150618,13.199104
S03189975_20150618,13.862766
S04052265_20150618,11.810296
S03193520_20150619,14.420804
S03004280_20150622,17.012497
S05060900_20150622,17.488565
S05061950_20150622,18.574476
S05061942_20150622,18.433453
S05052540_20150622,16.043201
S05127000_20150622,13.726809
S04153100_20150622,12.532481
S05060400_20150622,17.329746
S05126150_20150623,14.312935
S03136000_20150623,14.702476
S03008505_20150623,16.507584
S03007023_20150623,17.547739
S06215900_20150623,19.759079
S05089090_20150623,17.587456
S05044300_20150623,16.420328
S06070465_20150623,18.000893
S05055940_20150623,16.808247
S04002530_20150623,14.60887
S05056600_20150623,17.317715
S05055950_20150623,16.993826
S05058600_20150623,17.170147
S03246300_20150624,13.723925
S03127001_20150624,13.612055
S04003340_20150624,16.607504
S04022180_20150624,14.917878
S05036500_20150624,13.528469
S03069000_20150624,14.598893
S05134250_20150624,14.42541
S03134000_20150624,14.796862
S03109000_20150624,14.026581
S03047445_20150624,15.331505
S03065050_20150624,14.924273
S05184200_20150624,13.932965
S05055550_20150624,19.666054
S05118000_20150624,13.804356
S05055105_20150624,18.00879
S05116100_20150624,15.219307
S05142150_20150624,14.005447
S04154060_20150624,13.220836
S05055150_20150624,19.589117
S05115950_20150624,13.809304
S05112210_20150624,14.225304
S05055555_20150624,19.261005
S06175355_20150625,17.365393
S03225015_20150625,15.597273
S03237050_20150625,14.215094
S06013100_20150625,15.730854
S05118760_20150625,17.599306
S04068800_20150625,14.400742
S04165225_20150625,13.339754
S06222410_20150625,14.615541
S05051120_20150625,15.958799
S05074000_20150625,14.2199335
S05074500_20150625,14.1118555
S06120750_20150625,18.073042
S06120560_20150625,18.008368
S06178006_20150626,16.617464
S03085945_20150626,16.322508
S06700020_20150629,17.863201
S05120015_20150629,15.6985855
S06070100_20150629,17.043304
S06012585_20150629,16.971453
S05011600_20150629,15.814048
S05192040_20150630,18.933527
S05008000_20150630,14.925258
S05075800_20150630,14.924595
S06217910_20150630,19.494398
S05077650_20150630,15.005918
S03032780_20150630,16.289165
S06088800_20150630,18.173834
S06110900_20150630,18.758682
S03129170_20150630,15.462173
S03039673_20150701,16.21916
S03039110_20150701,15.714505
S04101400_20150701,12.833431
S05108180_20150701,14.693715
S05114500_20150701,14.199084
S05114400_20150701,14.127581
S04100980_20150701,12.635363
S03178319_20150702,14.813998
S03104528_20150702,16.294508
S03172150_20150702,13.942389
S03036332_20150702,14.776852
S03039130_20150702,15.225395
S03039240_20150702,15.619631
S03040791_20150702,15.409484
S06181950_20150702,17.67646
S03006354_20150702,19.169569
S03102000_20150702,15.611758
S03036630_20150703,15.411127
S03034813_20150703,15.780716
S05075250_20150703,14.857097
S03034254_20150703,14.944836
S05074600_20150703,14.294323
S03032550_20150703,16.65974
S05075700_20150703,14.912133
S05041000_20150706,15.20784
S05040100_20150706,15.3981
S05084000_20150706,13.493758
S05042000_20150706,15.409559
S03274000_20150706,13.109276
S03107000_20150706,15.417411
S05222000_20150707,14.515272
S05067950_20150707,18.670544
S05068020_20150707,18.60178
S06017000_20150707,14.887856
S06013800_20150707,15.747095
S05033380_20150707,16.294064
S04454018_20150707,13.404052
S05226150_20150707,14.916442
S05120085_20150707,16.405987
S05122000_20150707,15.301772
S04173100_20150707,14.519825
S06041250_20150707,16.399158
S03274420_20150707,13.296122
S04200499_20150707,12.044785
S04216000_20150707,12.225651
S03161695_20150708,14.8227
S03161881_20150708,14.709959
S03180100_20150708,14.410145
S04046150_20150708,13.588837
S05068400_20150708,18.106367
S06178043_20150708,14.136306
S05068371_20150708,19.28848
S04172060_20150708,13.632219
S04159150_20150708,15.195155
S05068920_20150708,17.894224
S04201990_20150708,11.99797
S05197900_20150708,15.035004
S05021700_20150708,15.719007
S05021500_20150708,16.815334
S05197600_20150708,15.714112
S05234000_20150708,14.123426
S04201170_20150708,12.498213
S05087000_20150709,15.416995
S04208395_20150709,12.209044
S04089300_20150709,14.022482
S05232980_20150709,13.120411
S05116050_20150709,15.324167
S04090500_20150709,14.511986
S05065500_20150709,18.626678
S03146715_20150710,14.692643
S04215500_20150710,12.715965
S06129900_20150710,16.882095
S06176680_20150710,15.707081
S04153200_20150710,12.60668
S04148575_20150710,12.097586
S05135100_20150713,16.190834
S05135000_20150713,15.997515
S02020750_20150715,14.317162
S03251190_20150715,12.033937
S05139390_20150715,18.981562
S05133280_20150716,17.87095
S04070300_20150716,14.199403
S05223130_20150716,12.954242
S03031191_20150716,15.504042
S05139310_20150716,18.68233
S03108890_20150716,14.168884
S03254035_20150716,13.02329
S02019950_20150716,14.6840315
S04119220_20150716,14.83091
S03056024_20150717,15.20841
S06042000_20150717,15.387907
S04115900_20150720,14.699847
S06182000_20150720,16.86246
S03114395_20150720,14.795624
S03105380_20150720,15.222692
S05088450_20150720,17.026546
S05088130_20150720,16.577032
S06174960_20150721,13.004641
S03105585_20150721,15.362878
S03163300_20150721,14.109449
S03105946_20150721,15.432665
S03164330_20150721,14.725007
S03256600_20150721,11.523529
S04159250_20150721,14.730354
S04115760_20150721,14.707612
S04108285_20150721,15.785183
S03018342_20150721,15.99889
S03023000_20150721,15.6882925
S05172800_20150721,19.829876
S05173350_20150721,19.822104
S04085180_20150721,15.202408
S05173150_20150721,19.81786
S03027549_20150722,14.761566
S05181100_20150722,19.11227
S04570000_20150722,13.518443
S05180210_20150722,19.809608
S04105680_20150722,13.941779
S05051000_20150722,16.154394
S05180295_20150722,19.502289
S05093000_20150722,15.6390505
S03113040_20150722,15.51209
S02048960_20150722,18.302748
S03112875_20150722,15.419333
S05153980_20150722,16.391098
S03168035_20150722,14.542283
S05182200_20150723,19.231544
S02065090_20150723,16.400833
S05181900_20150723,19.375391
S04041710_20150723,14.400429
S03258850_20150723,13.192436
S03115950_20150723,14.498229
S05101600_20150723,17.545895
S05101000_20150723,17.566687
S06041700_20150724,14.294193
S05176000_20150724,16.585901
S03177760_20150727,14.699537
S03029798_20150727,15.5277195
S03016840_20150727,18.452206
S05098000_20150727,16.51259
S05096805_20150728,18.13091
S04016650_20150728,14.839326
S06175540_20150728,18.917044
S06580871_20150728,17.108747
S03175000_20150728,14.2989
S03029500_20150729,14.817935
S05096480_20150729,15.132127
S03212090_20150729,14.629229
S06179700_20150730,13.35989
S04037300_20150730,16.584032
S04045900_20150730,13.91162
S03210572_20150730,15.424569
S06139400_20150803,19.30537
S04082375_20150803,15.19391
S06139700_20150803,18.002983
S06139405_20150803,19.411543
S04082340_20150803,15.202081
S06830142_20150803,19.536303
S04057700_20150804,13.433426
S06710010_20150804,19.701784
S05235850_20150804,17.960371
S04124875_20150804,12.498975
S05152550_20150804,14.816043
S05236000_20150804,18.056608
S05145410_20150804,18.149693
S04426029_20150804,14.058297
S05234290_20150804,18.237299
S04082800_20150804,15.813859
S06710110_20150805,19.105812
S05145750_20150805,18.011703
S05145200_20150805,17.04546
S05236100_20150805,18.251213
S03213505_20150805,15.100275
S04127970_20150805,13.823493
S06089175_20150805,17.060589
S04127000_20150806,13.708095
S03213230_20150806,15.519321
S03216130_20150806,14.919073
S03216150_20150806,14.73536
S04077000_20150806,17.508099
S05234028_20150806,17.37471
S03216180_20150806,14.621367
S05234012_20150806,16.836174
S05234015_20150806,17.508305
S05143000_20150806,16.418785
S05175200_20150806,16.780888
S06068400_20150806,16.928122
S05142520_20150806,16.083845
S05234287_20150807,15.676703
S06455150_20150807,14.902075
S04195680_20150810,14.112683
S03002100_20150810,18.878716
S03221560_20150810,14.802965
S06460650_20150810,14.784165
S04164550_20150811,15.689847
S05158170_20150811,14.122843
S03221860_20150811,14.510236
S05191000_20150811,18.393206
S02000010_20150811,14.906377
S05157680_20150812,15.416978
S04134700_20150812,13.01396
S06580075_20150813,14.269362
S05164000_20150813,14.990755
S05165850_20150813,15.484792
S02094700_20150813,13.406623
S05234004_20150813,15.008962
S02058000_20150815,12.796491
S02076800_20150817,12.598274
S02046000_20150818,13.300634
S02118300_20150818,15.310709
S03071080_20150818,14.225822
S02106410_20150818,14.421129
S05154250_20150819,13.413117
S04051400_20150819,14.12796
S06081990_20150819,15.594854
S05079100_20150820,14.800037
S02059800_20150820,13.116182
S03109660_20150820,14.208899
S02106230_20150821,14.027627
S02041230_20150822,13.305225
S05177600_20150824,18.148476
S05151150_20150824,19.668407
S04074790_20150824,14.209256
S06113285_20150825,18.72664
S05151100_20150825,19.6906
S05149520_20150825,19.36801
S05148200_20150825,19.39278
S05230020_20150825,12.919393
S06205960_20150825,13.107419
S06205955_20150825,13.033492
S06173550_20150826,17.485535
S05145650_20150827,17.670834
S05145600_20150827,17.690584
S05230600_20150827,14.311005
S06175345_20150827,16.617035
S06113320_20150827,18.531479
S06113360_20150827,18.168581
S06113370_20150827,18.41834
S05221600_20150828,15.212687
S06179999_20150828,12.937351
S06180800_20150828,12.703212
S05150900_20150831,19.76199
S05083586_20150831,14.003188
S05191200_20150901,18.295336
S04550001_20150902,16.207869
S04075882_20150903,17.95118
S03149158_20150903,15.513897
S06128860_20150904,15.996185
S06079170_20150907,16.714344
S03201260_20150907,15.433475
S06149500_20150907,16.245152
S06079161_20150907,17.038767
S05095170_20150908,15.711954
S04079820_20150908,16.014795
S04403005_20150909,15.311173
S04110000_20150909,13.700517
S06076442_20150909,17.636936
S06076760_20150909,17.799671
S06710036_20150909,14.431334
S04114500_20150910,14.006236
S03219030_20150910,15.112396
S04000850_20150910,14.595383
S06126600_20150910,15.026944
S06131550_20150911,14.104013
S03264250_20150914,14.274818
S03014000_20150914,14.892794
S04171400_20150915,13.818043
S04201550_20150915,12.601279
S04067700_20150915,14.426565
S04096645_20150916,14.223695
S04092000_20150916,14.804374
S04117450_20150916,14.002525
S04085500_20150917,15.010081
S04064000_20150918,12.172371
S04027290_20150921,16.24374
S03219263_20150921,14.713364
S04030025_20150922,15.506834
S03222327_20150922,14.799711
S03219420_20150922,14.710678
S04027610_20150923,15.889962
S03219550_20150923,14.607435
S03182415_20150924,14.094563
S05163290_20150925,13.3038
S05217310_20150928,19.074293
S04631005_20150928,12.922147
S03024840_20150928,15.45516
S04630007_20150928,12.161027
S04173130_20150929,14.498148
S05218450_20150929,19.618935
S05218620_20150929,19.807358
S05218700_20150929,19.898197
S03199200_20150929,14.801443
S05216135_20150929,16.309374
S03027697_20150929,15.2177725
S03242520_20150930,14.025392
S03056740_20150930,14.705024
S04178750_20150930,15.714125
S03073000_20151001,13.809066
S05199600_20151001,18.21581
S03071550_20151001,13.898547
S04036500_20151001,13.207396
S05211650_20151002,17.294107
S05063900_20151002,15.315979
S04135000_20151002,12.0343275
S05055600_20151007,19.777729
S05068850_20151007,19.078506
S05057150_20151007,19.557627
S05069400_20151008,18.407637
S05069900_20151008,18.694601
S04082000_20151014,15.647053
S04003353_20151016,16.406988
S03233896_20151020,14.790717
S05162624_20151109,15.730663
S06150820_20160420,13.714778
S06820240_20160521,17.272547
S04374005_20160524,12.130635
S03098845_20160524,18.468235
S04143700_20160526,12.416745
S05236950_20160527,16.591795
S06194000_20160531,13.908188
S03264560_20160531,13.525844
S03257800_20160602,13.828574
S06300046_20160606,18.492172
S04217100_20160606,16.68494
S06580318_20160606,18.097878
S06117850_20160606,14.514312
S03270390_20160608,12.641085
S06580300_20160613,19.425383
S05170800_20160614,18.586298
S03243000_20160614,13.374163
S03247160_20160615,12.827933
S06155975_20160615,18.486961
S05176100_20160615,17.834425
S04160070_20160616,14.917201
S03215193_20160617,15.311022
S06700070_20160620,19.732153
S06190700_20160620,12.685917
S05000250_20160621,15.709803
S05001600_20160621,16.520884
S04217400_20160621,15.693442
S04377001_20160621,13.002512
S06213400_20160621,17.769428
S06217465_20160621,19.057133
S06177988_20160621,13.694365
S04034650_20160621,11.978756
S05004230_20160622,16.409195
S04010410_20160622,14.867269
S04137900_20160622,11.588884
S06222195_20160622,19.757105
S05145410_20160622,18.156204
S05145440_20160622,18.738602
S06700260_20160622,19.386957
S05012700_20160622,16.806206
S06820073_20160623,16.716331
S05020000_20160623,15.617356
S06217000_20160623,18.08347
S06213310_20160623,13.899455
S05022450_20160623,15.501916
S06820138_20160623,14.238922
S05020990_20160623,15.781479
S05007920_20160624,14.727216
S05013200_20160624,15.43294
S05108100_20160624,14.732747
S05119030_20160627,14.134608
S05061950_20160627,18.567213
S05089090_20160628,17.502296
S06148850_20160628,16.84281
S05120143_20160628,15.887177
S05119056_20160628,14.605002
S06579000_20160628,18.335976
S05119105_20160628,16.0945
S06960950_20160629,17.511017
S05061240_20160629,17.00992
S06119000_20160629,17.389658
S06181210_20160630,17.303751
S06178006_20160630,16.834892
S05227000_20160630,13.821446
S06129550_20160630,15.808987
S06189500_20160630,14.733606
S05051500_20160630,15.747526
S04196300_20160630,15.225207
S05133280_20160630,17.69631
S04099400_20160630,13.79121
S04100980_20160701,12.508207
S06193500_20160701,11.707269
S05120085_20160701,15.929668
S05019940_20160701,15.504462
S04163465_20160704,13.327707
S05139215_20160704,15.4877615
S05148020_20160704,19.27602
S04164200_20160704,13.332084
S04126800_20160704,13.5324335
S05061945_20160705,18.176306
S05176090_20160705,17.284756
S06116620_20160705,19.814219
S03222275_20160705,14.721874
S05149000_20160705,19.074787
S03222327_20160705,14.905424
S03223200_20160705,14.819982
S03219450_20160705,14.712736
S05149520_20160705,19.264711
S05061400_20160705,16.778725
S05111530_20160705,13.810895
S06181150_20160705,12.399445
S05148700_20160706,19.08301
S05080960_20160706,13.517703
S04136600_20160706,11.797012
S03085929_20160706,16.128637
S05021900_20160706,16.42372
S03222228_20160706,14.5249815
S03222135_20160706,14.531721
S05176900_20160706,18.752756
S06110900_20160706,18.63142
S05143200_20160706,17.432364
S05074840_20160706,16.484484
S03233896_20160707,14.725469
S04210020_20160707,12.023306
S04338000_20160707,15.686989
S05178200_20160707,18.607258
S03223240_20160707,14.966985
S04416011_20160707,12.015152
S03221860_20160707,14.403147
S06176680_20160707,16.209843
S05076600_20160707,15.737525
S03013740_20160707,15.003319
S05061950_20160707,18.58401
S05091760_20160707,16.196598
S04075882_20160707,18.030146
S04215195_20160708,12.210695
S06177956_20160708,13.680036
S04213000_20160708,12.912338
S05080742_20160708,15.597218
S05075200_20160708,14.896588
S06193660_20160711,11.095246
S06054265_20160711,12.532641
S03056260_20160711,14.82339
S05223210_20160712,14.438824
S05128020_20160712,15.947191
S05234000_20160712,13.438999
S05233500_20160712,13.017465
S04322000_20160712,15.714236
S04173083_20160712,14.734344
S04134890_20160712,12.602371
S06464775_20160712,16.208893
S03085730_20160712,16.184772
S04133000_20160712,13.013389
S04636002_20160713,13.018173
S04043100_20160713,12.637874
S05125780_20160713,16.20396
S03194415_20160713,15.002726
S05197500_20160715,15.811771
S05197900_20160715,14.898163
S05021500_20160718,16.916101
S05011710_20160718,15.71933
S05167950_20160718,18.082748
S02082330_20160718,12.119438
S05022000_20160718,15.385947
S02082710_20160718,12.322802
S05077600_20160719,18.082397
S05077970_20160719,15.777329
S02054000_20160719,13.996907
S04044400_20160719,12.742609
S02011000_20160719,12.410614
S02054100_20160719,13.6981945
S02054300_20160719,13.029907
S04074200_20160719,14.812864
S04070215_20160719,15.110781
S06172930_20160719,18.858978
S02054550_20160719,13.402555
S06002081_20160719,14.5614805
S02010000_20160719,12.803131
S02021700_20160719,14.506353
S02018500_20160719,14.512888
S05091520_20160719,16.71478
S02054500_20160719,13.039248
S05172800_20160719,19.617273
S02057250_20160719,13.800804
S05024180_20160719,15.120661
S05024000_20160719,14.71287
S02007000_20160719,12.612717
S02057350_20160719,13.9095955
S03195417_20160719,14.5032835
S02021000_20160719,14.414717
S04115580_20160719,14.715556
S02000011_20160719,14.829011
S02007300_20160719,12.61852
S05230200_20160720,12.39377
S02005700_20160720,13.5936575
S02004000_20160720,13.93219
S05180700_20160720,19.895561
S03051395_20160720,14.417099
S02052500_20160720,15.04689
S03033306_20160720,17.316261
S02051000_20160720,15.334214
S02067000_20160720,12.722438
S06580601_20160720,14.89542
S02051600_20160720,14.999205
S02051820_20160720,15.135864
S02024000_20160720,13.982618
S02052000_20160720,15.22883
S05218850_20160720,14.691675
S02019500_20160720,14.093332
S02020000_20160720,14.268666
S02001025_20160720,14.549696
S02001000_20160720,14.795535
S04143500_20160720,12.206102
S02022000_20160720,14.505023
S05005605_20160720,13.940272
S02001895_20160721,13.711353
S02063000_20160721,15.210873
S05013700_20160721,15.115771
S02061970_20160721,16.793854
S02018000_20160721,13.702373
S05014100_20160721,16.207039
S02003100_20160721,13.760725
S02003200_20160721,13.875592
S02064770_20160721,14.408419
S02064000_20160721,14.73008
S02019000_20160721,14.669524
S05012000_20160721,15.413432
S03033273_20160721,17.439339
S05007900_20160721,14.593378
S02061500_20160721,16.622938
S02013000_20160721,12.997257
S02003800_20160721,13.796493
S06491950_20160721,14.628544
S04543001_20160721,14.434603
S05068850_20160721,19.075745
S06106935_20160721,18.275414
S03197000_20160721,14.599826
S02001750_20160722,13.714529
S03198750_20160722,15.308651
S02049900_20160722,15.103522
S04426012_20160722,13.923518
S02050000_20160722,15.6249895
S05011500_20160722,15.701788
S02003350_20160722,13.522601
S02049500_20160722,16.499846
S02003400_20160722,13.382124
S02016050_20160722,13.694873
S02009000_20160722,15.276409
S04108530_20160725,14.310439
S05047200_20160725,15.311908
S05047000_20160725,14.704547
S05099170_20160726,17.602274
S05099150_20160726,17.526304
S05163860_20160726,14.198873
S05125700_20160726,14.051406
S06580640_20160726,13.509407
S02085600_20160726,14.507732
S02078900_20160726,13.119817
S04025040_20160726,17.292477
S02115625_20160726,14.223564
S06044900_20160726,13.41397
S02078000_20160726,13.617396
S02077200_20160726,14.723991
S02076800_20160727,12.822006
S02107890_20160727,18.545076
S02107900_20160727,18.50155
S02076180_20160727,13.613522
S03034720_20160727,16.202566
S05139000_20160727,14.814618
S06494200_20160727,15.432648
S03189675_20160727,12.723511
S02111000_20160727,14.916885
S03189652_20160727,12.6314125
S05230020_20160727,12.553756
S02112000_20160727,15.0240555
S04128050_20160727,13.196264
S02085325_20160727,13.727438
S04090000_20160727,14.831544
S05125280_20160727,14.226866
S02060500_20160727,12.41868
S04123800_20160727,12.403479
S02060750_20160727,12.187657
S02086500_20160728,14.03589
S04406006_20160728,14.02381
S02088000_20160728,13.495465
S02089000_20160728,13.233438
S02106750_20160728,14.319457
S02018780_20160728,17.049894
S02106900_20160728,14.794795
S02115675_20160728,14.497818
S05093750_20160728,15.417315
S02107000_20160728,15.982889
S04131200_20160729,13.003394
S02092000_20160729,12.489052
S02089900_20160729,12.312883
S05093550_20160729,15.328538
S02106600_20160729,14.017201
S02084000_20160729,12.017328
S02082900_20160729,12.215648
S04139050_20160729,12.212724
S05057050_20160801,17.707935
S05056850_20160801,17.649248
S06150795_20160801,19.863054
S06076420_20160801,17.90777
S06209945_20160801,12.039973
S05044310_20160801,16.211298
S05044300_20160801,16.195719
S04194500_20160802,16.385256
S05054030_20160802,17.295507
S05054020_20160802,17.22445
S06154000_20160802,16.306118
S04217445_20160802,15.76945
S05222000_20160802,14.597557
S04475002_20160802,14.417913
S02048980_20160803,17.694891
S02049000_20160803,17.41868
S02048960_20160803,17.787825
S05054600_20160803,17.204939
S05053060_20160803,16.291992
S02004300_20160803,17.893139
S05054200_20160803,17.311237
S05055000_20160804,17.388119
S05053920_20160804,16.511843
S05183862_20160804,19.794678
S05192063_20160804,18.427946
S04175100_20160805,13.518172
S05086270_20160805,15.132375
S03134790_20160806,14.803374
S06104000_20160808,14.239753
S05106820_20160808,15.521136
S03133140_20160808,14.590905
S05137000_20160809,17.387505
S02057525_20160809,13.108495
S02057557_20160809,13.7361355
S02057600_20160809,13.024132
S02057760_20160809,12.935409
S05116650_20160809,14.128769
S02095600_20160809,13.118418
S05096085_20160809,17.118647
S06581665_20160809,14.613325
S06149500_20160809,15.734369
S03132615_20160809,14.424589
S06820164_20160809,19.51078
S04040400_20160809,13.203306
S05033510_20160809,16.403534
S02094979_20160810,16.712399
S02057000_20160810,12.304308
S02096000_20160810,12.818538
S02056200_20160810,12.489266
S02094973_20160810,16.54498
S05099120_20160810,17.419874
S02094970_20160810,16.568707
S04068990_20160810,13.294342
S02055580_20160810,12.610502
S02055500_20160810,12.13325
S05134550_20160810,14.80337
S02095500_20160810,13.31925
S02072700_20160810,11.419168
S02059500_20160810,12.606341
S05054020_20160810,17.312782
S06147840_20160810,18.111588
S06147650_20160810,18.883268
S02096500_20160811,13.122873
S02096900_20160811,13.216449
S02096750_20160811,13.139909
S02097000_20160811,13.221914
S05133100_20160811,17.81168
S02098200_20160811,12.999405
S02098800_20160811,13.111525
S04096105_20160811,14.474451
S02067150_20160811,12.545996
S03118300_20160811,14.397476
S02099500_20160811,13.216293
S02098900_20160811,13.22507
S04172030_20160811,13.802212
S02070900_20160811,12.222166
S02068500_20160811,12.127234
S02074000_20160811,11.621027
S06580839_20160811,19.01239
S02070250_20160811,12.018091
S04013000_20160811,12.605314
S02068800_20160811,11.227569
S06540210_20160811,17.91737
S02072400_20160811,11.426725
S02071050_20160811,11.739412
S02069100_20160811,12.305801
S02070000_20160811,12.032845
S02066000_20160812,13.750446
S06123100_20160812,14.505872
S06172100_20160812,12.597019
S02067600_20160812,13.414461
S02065500_20160812,13.970271
S03194080_20160812,14.202875
S05220950_20160812,12.75236
S02067400_20160812,14.194499
S02104000_20160816,13.394923
S02082000_20160816,11.833509
S02104400_20160816,13.813981
S05150900_20160816,19.667484
S03209000_20160816,15.211259
S05192014_20160816,17.891632
S04028500_20160816,14.91142
S05069245_20160816,17.690825
S05075650_20160817,15.988423
S02060100_20160817,13.416198
S03207285_20160817,15.016494
S02107845_20160817,16.28843
S02070750_20160817,12.400649
S05055940_20160817,16.304043
S04187600_20160817,17.065287
S02058000_20160817,12.726836
S05151150_20160817,19.668478
S02042000_20160817,13.585267
S05069230_20160817,18.953785
S02041000_20160817,13.082781
S02081000_20160817,12.596963
S02056020_20160817,12.721128
S02112150_20160817,15.702068
S04187500_20160817,17.192749
S06078560_20160817,17.111372
S02041950_20160817,13.606463
S02081300_20160817,12.639647
S02081100_20160817,13.408869
S06092000_20160817,16.039158
S06139500_20160817,18.510128
S04065800_20160818,16.417625
S03207335_20160818,14.926475
S05148200_20160818,19.367294
S02043450_20160818,13.32089
S02043500_20160818,13.4057255
S02043600_20160818,13.607083
S05151100_20160818,19.57241
S05055950_20160818,16.594006
S03176470_20160818,14.713582
S05069310_20160818,18.213959
S06076650_20160818,16.501423
S02042900_20160819,14.102603
S03177889_20160819,14.424913
S05069400_20160819,18.123638
S05234030_20160819,17.495903
S05071300_20160819,17.528257
S03129380_20160819,13.790638
S06135350_20160822,19.838213
S03149104_20160822,15.19398
S02045050_20160822,13.208023
S02030200_20160822,13.878465
S05068655_20160822,18.180983
S06070465_20160823,18.091148
S04026420_20160823,18.181805
S03101140_20160823,16.128986
S02045000_20160823,13.225222
S04173370_20160823,13.419721
S02044000_20160823,13.518284
S02042500_20160823,13.327955
S02001700_20160823,13.510921
S02026500_20160823,14.586086
S02038000_20160823,13.528047
S05068485_20160823,18.277546
S02028500_20160823,14.215109
S05057098_20160824,18.892662
S02045160_20160824,13.787525
S05057150_20160824,19.56624
S02045200_20160824,13.819209
S06063600_20160824,18.396896
S02045350_20160824,13.614176
S02045170_20160824,13.712557
S04168990_20160824,14.797639
S05068850_20160824,19.0741
S02029160_20160824,15.0683155
S05068660_20160824,16.789207
S02041650_20160824,13.32211
S02041750_20160824,13.613289
S04190750_20160824,15.506551
S02028000_20160824,14.962332
S02041575_20160824,12.974509
S05069220_20160824,18.571815
S04053800_20160824,14.726078
S05068890_20160824,18.40211
S02037500_20160824,13.34004
S02107400_20160824,17.59054
S02032800_20160825,14.218949
S02001717_20160825,14.599489
S02001715_20160825,14.924793
S06002013_20160825,17.388395
S03103440_20160825,17.023035
S02001200_20160825,14.906645
S02036250_20160825,13.333746
S02025700_20160825,15.225171
S02022730_20160825,13.323035
S02023000_20160825,14.352033
S05055150_20160825,19.58384
S05055600_20160825,19.754436
S02000010_20160825,14.823464
S05055550_20160825,19.45454
S04096430_20160825,15.18873
S02025500_20160825,14.96895
S05069400_20160825,18.087824
S02045283_20160825,13.32619
S05068640_20160825,18.030983
S02043780_20160825,13.62049
S02001500_20160826,15.703977
S02001050_20160826,15.979042
S02036000_20160826,13.321858
S02022700_20160826,14.677863
S06177965_20160826,13.842452
S02047000_20160826,13.306707
S02046000_20160826,13.2128935
S02001725_20160829,15.8918295
S05117530_20160829,15.307629
S05117430_20160829,14.010135
S06140010_20160830,19.41356
S02115725_20160830,14.830655
S05234280_20160830,14.203906
S02045500_20160830,13.227854
S02115650_20160830,14.794189
S02094950_20160830,12.999478
S02118750_20160830,13.800929
S02120400_20160830,13.884485
S05158200_20160830,14.709108
S02122200_20160830,15.667665
S02116570_20160830,16.13515
S04053000_20160830,13.001111
S02037000_20160830,13.345156
S02030500_20160830,13.409465
S02029000_20160830,13.52275
S02094800_20160831,13.615147
S03105918_20160831,15.421217
S02094700_20160831,13.524263
S05163800_20160831,13.227847
S02117000_20160831,15.59751
S02027000_20160831,13.6054325
S02094900_20160831,13.593549
S02094500_20160831,13.496161
S02113000_20160831,15.518935
S03245840_20160831,14.133719
S02114500_20160831,15.409336
S02031400_20160901,15.1048765
S05154400_20160901,13.600727
S02065280_20160901,14.645072
S05031000_20160901,16.040829
S02031650_20160901,16.219725
S02115820_20160901,15.395405
S05068410_20160901,18.6827
S02106410_20160901,14.711206
S05068420_20160901,18.955555
S05234025_20160901,13.937177
S05052540_20160901,15.648479
S02115750_20160901,15.122165
S02115762_20160901,15.107108
S02065090_20160901,16.096682
S02106430_20160901,14.61641
S02105000_20160901,13.598504
S02093600_20160901,13.332971
S02094000_20160901,13.340107
S05108000_20160901,14.21389
S06175517_20160901,19.113115
S04056000_20160901,14.614138
S02093100_20160901,12.720707
S02079000_20160902,12.810214
S05053010_20160902,15.817138
S02082350_20160902,12.126858
S04125400_20160902,13.442031
S02067800_20160902,12.81921
S05166900_20160905,15.708188
S05167008_20160905,15.615744
S05199600_20160906,17.736174
S03127001_20160906,13.336514
S05074710_20160906,14.784877
S05111360_20160907,17.00794
S06098000_20160907,13.135827
S03075860_20160907,13.416016
S06000998_20160907,14.3902235
S06003000_20160907,18.71991
S06000997_20160907,14.389461
S03122008_20160908,12.922672
S05150400_20160908,18.697613
S03128935_20160908,14.715511
S04031000_20160908,13.423028
S03011175_20160908,15.986216
S06580965_20160908,18.520702
S04119750_20160908,14.614696
S05199800_20160908,17.03434
S03008267_20160909,16.394407
S05096445_20160912,17.505697
S05202150_20160913,14.512611
S05217350_20160913,18.601091
S05179000_20160913,19.190725
S06212400_20160913,19.412273
S03114000_20160913,14.2219925
S05027010_20160913,14.322902
S05221600_20160914,15.206196
S05234026_20160914,14.024432
S05211550_20160914,17.570183
S05061229_20160914,16.67957
S06580616_20160914,18.012564
S05211500_20160914,14.602741
S04076100_20160914,19.459064
S05035200_20160914,16.471195
S05207000_20160915,18.465569
S06004995_20160915,15.034068
S03032695_20160915,16.518564
S03022000_20160916,19.287197
S06016000_20160916,15.2728815
S04074300_20160919,14.516392
S03105125_20160919,15.719862
S03105946_20160919,15.5262575
S05167550_20160920,17.39518
S05137090_20160920,18.70466
S02057400_20160920,13.932882
S05137050_20160920,17.388794
S02057520_20160920,13.1069975
S03105902_20160920,15.307707
S03112710_20160920,15.499359
S02058990_20160920,12.542274
S04070211_20160920,14.117459
S05200115_20160921,18.207636
S06070800_20160921,15.925809
S05203058_20160922,19.907879
S04087700_20160922,16.229696
S03277563_20160923,14.721961
S03219000_20160923,14.827468
S05006200_20160923,14.328309
S05178000_20160923,17.970879
S03115915_20160923,14.397466
S03150000_20160924,15.304011
S03277173_20160924,14.990774
S06820350_20160926,13.687545
S05061050_20160926,17.51293
S06097000_20160926,13.18653
S05151975_20160926,13.737453
S05063000_20160926,16.979263
S05153942_20160927,14.926486
S05155300_20160927,15.348963
S05068355_20160927,18.322145
S05068020_20160927,18.485104
S06462700_20160927,18.049006
S05183930_20160927,19.803793
S05058922_20160927,16.29709
S05218700_20160928,19.89389
S06457310_20160928,13.809473
S05144520_20160928,15.793688
S04124985_20160928,12.429359
S03000456_20160928,18.894413
S06052930_20160928,12.836775
S06471450_20160929,13.758796
S03153000_20160929,14.909034
S06091600_20160930,16.527224
S05165250_20161003,15.114405
S04473009_20161003,14.527704
S05181200_20161003,19.293266
S05180900_20161004,17.862404
S05114910_20161004,14.0207405
S06110110_20161005,15.101782
S05180820_20161005,19.831596
S05180850_20161005,19.90982
S04422006_20161006,14.712852
S05218450_20161006,19.316593
S05235850_20161007,18.067053
S05218700_20161007,19.896883
S04003160_20161012,16.902477
S04001940_20161013,13.316315
S04093200_20161014,15.901945
S04068470_20161020,16.086374
S03025368_20161026,16.387018
S06133000_20170222,19.897257
S03118270_20170503,15.43326
S06173563_20170504,18.08987
S04301000_20170516,12.704354
S06189678_20170516,14.537289
S06300250_20170516,11.493322
S06202860_20170517,16.290882
S06202750_20170517,16.3027
S06150820_20170518,14.390424
S03115860_20170529,14.498426
S06195000_20170531,13.809708
S06147130_20170531,16.821278
S03096332_20170531,16.014235
S05220190_20170531,13.3455105
S04325000_20170601,13.420033
S06580498_20170601,17.811474
S03194415_20170601,15.009397
S05083587_20170602,14.223733
S06107980_20170605,19.313747
S05002500_20170607,15.612157
S04072840_20170607,14.526421
S04046621_20170607,15.234423
S05019000_20170608,16.009422
S05018950_20170608,15.817543
S04602011_20170608,14.903748
S04472007_20170608,14.792637
S06106250_20170609,15.707853
S05013900_20170609,15.407304
S05007920_20170610,14.494017
S05227260_20170612,14.852027
S05157820_20170612,14.911162
S04405002_20170612,14.527898
S05025835_20170613,14.0226755
S05120005_20170613,13.597391
S05129074_20170613,14.428546
S05142200_20170613,14.879261
S05114400_20170613,14.008205
S05111610_20170613,13.808614
S05106430_20170613,14.519134
S05111550_20170613,13.595759
S05119065_20170614,15.057477
S05120015_20170614,15.912474
S05226150_20170614,14.896527
S04601001_20170614,15.512448
S05074700_20170614,14.91677
S05148180_20170615,19.377962
S05148080_20170615,19.381317
S05125960_20170615,13.731396
S05126040_20170615,13.900582
S05124270_20170616,14.702702
S05120091_20170616,15.8223
S05148020_20170616,19.371931
S03052094_20170616,14.42914
S05061240_20170619,16.693066
S04030020_20170619,15.610905
S06098700_20170619,13.310484
S05125300_20170619,13.610754
S05128020_20170620,15.956182
S03096706_20170620,16.031015
S05127400_20170620,14.216625
S05125280_20170620,13.892303
S06463600_20170620,16.306438
S05060920_20170620,17.266668
S03119560_20170620,14.72314
S05077700_20170620,14.22407
S06217000_20170621,18.24617
S03077596_20170621,14.698813
S03226488_20170621,15.306038
S06216800_20170621,19.267204
S04123300_20170621,11.715656
S05125235_20170621,14.722099
S05052000_20170621,15.690502
S04012050_20170621,13.308421
S04010130_20170622,12.684192
S06219590_20170622,19.852608
S03109935_20170622,14.331244
S06215850_20170622,19.653458
S04102070_20170622,14.542563
S03036030_20170622,14.208962
S03035570_20170622,15.08441
S06179000_20170622,14.033777
S03055369_20170622,15.608904
S06580812_20170622,16.413996
S04500004_20170622,18.310814
S05191100_20170623,17.916079
S04134920_20170623,12.046801
S03113280_20170623,15.71536
S06840540_20170626,16.73602
S03239010_20170626,13.48005
S05021650_20170626,16.830423
S03000033_20170627,17.801287
S03186682_20170627,14.520381
S05022440_20170627,15.200442
S04043200_20170627,12.453813
S04339003_20170627,15.38337
S03000890_20170627,19.560795
S03006354_20170627,19.568676
S03006271_20170627,19.574766
S05219170_20170627,13.729737
S05013100_20170628,15.124314
S05004500_20170628,15.594579
S05005950_20170628,14.429127
S06035325_20170628,12.73501
S06215000_20170628,18.808716
S04524000_20170629,14.827103
S06440370_20170630,15.291317
S04068483_20170703,16.599066
S02005700_20170703,13.387175
S03082805_20170703,12.709028
S02003397_20170703,12.683219
S02000010_20170703,14.702859
S03163300_20170704,14.027788
S02001150_20170704,13.258703
S06172930_20170704,19.013592
S06212100_20170704,18.87407
S02016050_20170704,13.692795
S03162240_20170705,14.822301
S03134730_20170705,14.531494
S03133690_20170705,14.40126
S02022800_20170705,14.660387
S04201000_20170705,12.818001
S04201170_20170705,12.749262
S03025368_20170705,16.407677
S03033306_20170705,17.231512
S03034465_20170705,14.944384
S03034720_20170705,15.808685
S03178660_20170706,14.526045
S05120093_20170706,16.007158
S05120094_20170706,16.016138
S02025500_20170706,15.364048
S03168230_20170706,14.105651
S06710010_20170706,19.210323
S02026250_20170706,15.614256
S04364001_20170707,15.969499
S02035000_20170707,13.171465
S03269438_20170707,13.106775
S06106670_20170707,16.004942
S03262780_20170710,12.805571
S04023680_20170711,13.197593
S05110000_20170711,16.498075
S04130500_20170711,13.301425
S04128050_20170711,13.096115
S05134375_20170712,14.223876
S06173650_20170712,15.710974
S05234013_20170712,17.015062
S05075250_20170713,15.007433
S04412010_20170713,14.553926
S03251190_20170713,12.197727
S05058938_20170717,16.610352
S05143000_20170717,16.530632
S02082160_20170717,11.611224
S05091063_20170717,15.847526
S04015000_20170717,10.755432
S05007900_20170717,14.330972
S06114295_20170718,18.3211
S04604000_20170718,15.306011
S02096950_20170718,13.0260315
S02081300_20170718,12.491193
S05117110_20170718,13.805105
S04059000_20170718,13.411411
S05117000_20170718,13.388445
S05116600_20170718,12.909954
S04082930_20170719,15.223639
S05033505_20170719,16.136728
S04023700_20170719,12.6392765
S05134260_20170719,14.521898
S02096500_20170719,13.105192
S05055550_20170719,19.653976
S02098800_20170719,12.960826
S05111620_20170719,14.219763
S02102000_20170719,10.991971
S03001000_20170719,19.28586
S05134300_20170719,13.615848
S04504000_20170719,16.898064
S04104200_20170719,13.916533
S03207235_20170720,14.808885
S03176470_20170720,14.701341
S05157650_20170720,14.875629
S03029530_20170720,14.608308
S05183860_20170720,19.715532
S03035840_20170720,14.434639
S05111608_20170720,13.944595
S05157800_20170720,14.927215
S05111602_20170720,13.69029
S03017000_20170720,17.541016
S04115200_20170720,13.511943
S03225030_20170721,15.416803
S03207710_20170721,14.517529
S04152000_20170724,11.807587
S02082878_20170724,12.61284
S05104325_20170725,13.209691
S02090000_20170725,12.626659
S04133000_20170725,12.992058
S04199078_20170725,13.208739
S05232220_20170725,13.341897
S05232290_20170725,12.628176
S03215000_20170725,14.0056305
S04217100_20170725,16.481144
S06193660_20170725,10.92401
S05118990_20170725,14.30625
S06182050_20170726,16.690784
S04133600_20170726,13.815056
S02085600_20170726,15.008155
S03085855_20170726,16.274529
S02076195_20170727,13.203529
S05106330_20170727,14.095561
S05234290_20170801,17.818062
S03272060_20170801,12.902986
S03272685_20170801,12.998683
S03076443_20170801,13.110934
S06152700_20170801,17.388
S04146000_20170801,11.462561
S03071080_20170802,14.329658
S03076002_20170802,13.623459
S04476000_20170802,14.995873
S05173420_20170802,19.399488
S03271615_20170802,12.703985
S04026500_20170802,19.157166
S03271565_20170802,12.614527
S05234082_20170802,14.491065
S04041675_20170803,14.107744
S03190895_20170803,13.803139
S06100970_20170803,14.839896
S05086270_20170804,15.00177
S03153139_20170804,14.923054
S03189000_20170804,13.598231
S03144735_20170804,14.9225645
S03128907_20170805,15.401998
S05192018_20170807,18.241377
S04500006_20170807,18.95068
S06850166_20170807,16.678646
S02003610_20170807,12.696922
S02057453_20170807,14.004289
S03050000_20170807,14.032867
S06580819_20170807,15.619254
S05042930_20170808,14.715048
S02068500_20170808,12.687006
S05218850_20170808,14.295849
S05108200_20170808,14.34103
S02057000_20170808,12.685108
S05111360_20170809,16.418587
S05068020_20170809,18.272713
S03161540_20170809,14.919456
S03161695_20170809,14.70031
S05044232_20170809,16.513605
S02061500_20170810,16.407381
S05111100_20170810,17.66126
S04196449_20170810,14.79803
S04067400_20170810,15.946702
S05159468_20170810,13.502055
S02052500_20170810,15.0471
S03129020_20170811,14.096197
S03128837_20170811,15.580537
S02100603_20170811,12.915346
S04134000_20170811,13.503234
S03125000_20170815,13.22852
S02036250_20170816,12.790079
S05149600_20170816,19.161167
S03105946_20170816,15.511549
S05220000_20170816,12.498301
S05219000_20170817,13.705096
S03277600_20170817,14.318134
S04070211_20170817,14.301224
S02045283_20170817,13.415079
S05150000_20170817,18.992626
S05151200_20170817,19.148304
S02003617_20170818,12.869986
S02041500_20170818,13.825345
S02042000_20170818,13.6128235
S04422000_20170821,16.774265
S02117575_20170821,14.704001
S06178035_20170822,17.740227
S05068480_20170822,18.281796
S04615011_20170822,13.899925
S05135300_20170822,16.86397
S02123300_20170822,15.395008
S05049860_20170822,16.312965
S05214310_20170822,15.596819
S04178000_20170822,14.860828
S06407150_20170822,15.813474
S05218460_20170823,18.75177
S03128935_20170823,14.730983
S04108285_20170823,16.283482
S05214320_20170823,14.995122
S02112170_20170823,15.300551
S02115685_20170824,14.583792
S05052540_20170824,15.249835
S02115725_20170824,14.983714
S05233500_20170824,12.500233
S05217800_20170824,18.794895
S04000600_20170824,16.420963
S05232000_20170825,12.40395
S04027810_20170825,16.424112
S05167020_20170828,17.295456
S04208395_20170828,12.995506
S05167450_20170828,17.091995
S04175100_20170829,14.109028
S05069970_20170829,18.442572
S05166850_20170829,15.595329
S05069975_20170829,17.683395
S03098000_20170829,16.712431
S03096650_20170829,16.607409
S04545004_20170829,14.218541
S05225100_20170830,14.598997
S05207050_20170830,19.627235
S04630002_20170830,12.125774
S03103370_20170830,16.474514
S03112710_20170830,15.420634
S05068660_20170830,16.800594
S03155600_20170831,14.311426
S05069310_20170831,17.916147
S04632011_20170831,13.616467
S03144675_20170901,14.931756
S04050000_20170901,13.3180275
S06031400_20170904,18.209843
S06175600_20170904,19.535986
S05131000_20170904,13.232029
S05092975_20170904,14.655078
S05093000_20170904,15.224602
S05163000_20170905,12.986966
S06003500_20170906,14.738213
S03266920_20170906,12.993583
S06300300_20170906,13.263519
S05155230_20170906,14.813887
S05057150_20170907,19.563656
S06114850_20170907,19.678293
S06026000_20170907,14.245261
S04684000_20170907,12.804295
S05095150_20170907,15.723397
S04137025_20170908,11.699087
S06021500_20170908,14.469315
S06010000_20170912,14.631633
S06439900_20170912,14.731646
S05083586_20170912,13.412619
S04002010_20170912,12.205186
S03173273_20170912,14.423833
S05076050_20170912,14.499623
S05096030_20170912,17.503096
S06049010_20170913,13.025158
S06004995_20170913,15.112631
S05100000_20170913,16.54611
S05102000_20170913,16.875826
S04002800_20170913,14.097259
S05068368_20170914,19.205517
S04145000_20170914,11.331928
S05068369_20170914,19.294537
S04206000_20170918,12.003248
S04003900_20170919,14.032531
S04023000_20170919,12.331957
S04040355_20170919,13.960563
S05159260_20170919,12.830921
S05096810_20170919,17.870712
S04074350_20170920,14.59572
S04027360_20170921,15.50208
S04027430_20170921,15.1256895
S03203472_20170921,15.423615
S03184850_20170921,14.709079
S05145687_20170925,17.883303
S05056850_20170925,17.34468
S05054190_20170925,16.808908
S05068920_20170925,18.00898
S04433002_20170926,15.91417
S04103480_20170926,15.00928
S03193000_20170926,14.129117
S05201060_20170927,16.182436
S03149077_20170927,15.0896845
S05042080_20170927,15.980783
S03149900_20170927,15.397836
S03073000_20170927,13.406925
S03157485_20170927,16.411396
S05096360_20170928,17.66911
S03051590_20170928,14.796567
S05053910_20170928,16.30347
S05183600_20170928,19.90098
S05063985_20170928,15.417985
S05199700_20170928,17.800928
S03144945_20170929,14.60861
S05092000_20171002,15.975364
S05226102_20171002,14.716866
S05199450_20171002,17.523342
S05221600_20171003,15.599856
S04195400_20171003,15.582031
S04003500_20171003,14.512712
S04062000_20171004,12.745453
S05058935_20171004,16.115458
S05061050_20171004,17.278137
S05201000_20171004,13.813524
S05200190_20171005,13.795157
S05060000_20171006,16.298517
S05216140_20171010,16.508436
S04053400_20171010,13.424058
S05203060_20171010,19.89637
S05216130_20171010,16.566484
S03152000_20171011,14.70491
S04212390_20171012,13.500711
S04163050_20171012,13.299573
S04205605_20171012,12.200467
S05216210_20171013,17.329506
S04091400_20171013,15.31796
S03152830_20171018,14.816821
S03174000_20171019,14.239428
S03151300_20171019,15.0241995
S03142520_20171019,14.8111105
S05056000_20171020,15.61112
S05238500_20171102,16.394337
S06175400_20171207,19.20298
S03113040_20180404,15.419731
S06067802_20180425,19.206375
S06035450_20180426,13.489808
S06076720_20180504,18.133013
S03015000_20180514,18.778131
S04371000_20180516,13.114312
S02020000_20180517,13.951702
S04475000_20180522,14.116925
S06063600_20180522,17.929798
S04392001_20180523,11.6965275
S04212390_20180524,13.595168
S03078110_20180524,14.606134
S04199370_20180524,15.177116
S04441005_20180524,14.505618
S05014195_20180528,15.932016
S05170750_20180529,16.205505
S05025835_20180604,14.040011
S05029820_20180605,14.045038
S05058105_20180611,16.394484
S05184900_20180618,13.454927
S05031350_20180619,15.819376
S05163860_20180620,14.909751
S06216100_20180620,18.37535
S03178660_20180621,14.493932
S05048010_20180621,16.3923
S03202250_20180621,15.2959585
S05075700_20180621,15.019846
S06035500_20180621,13.333026
S06190045_20180622,14.116582
S05033400_20180622,15.701288
S05085545_20180622,15.001141
S05148020_20180625,19.462297
S04044800_20180625,11.588764
S06850166_20180626,16.793633
S06177949_20180626,13.32592
S04096430_20180627,14.300671
S06003550_20180627,14.724844
S03231740_20180627,14.689754
S04014500_20180628,12.516753
S05022285_20180628,15.30814
S04187525_20180628,17.184053
S06178056_20180628,13.025514
S05078910_20180628,13.611262
S03104543_20180628,16.098593
S05116055_20180628,14.697811
S06471450_20180628,13.751917
S06048480_20180628,12.038826
S03115986_20180628,14.512466
S05028110_20180629,13.338219
S04456002_20180629,16.88806
S06027000_20180629,14.930999
S06426000_20180629,15.477561
S05013175_20180702,15.317413
S05025055_20180702,14.995972
S05085000_20180702,15.013615
S06179615_20180702,19.402393
S04165800_20180703,13.335136
S04137993_20180703,11.499019
S06117220_20180703,17.78635
S05234007_20180703,13.422951
S06107980_20180703,19.309319
S04462000_20180703,14.702608
S05080725_20180703,14.541302
S03109805_20180703,14.186456
S05000250_20180703,16.013357
S04521000_20180704,16.503231
S06106100_20180704,15.170481
S06110900_20180704,18.541779
S05234013_20180704,16.783377
S04097200_20180704,14.579427
S06014955_20180704,15.971443
S05097650_20180704,17.149815
S06580890_20180704,15.7722025
S05085950_20180704,15.722095
S03273800_20180704,14.120436
S04440002_20180704,13.715414
S06190020_20180704,13.483865
S03071017_20180704,13.712892
S04604004_20180705,14.901321
S06101000_20180705,14.217923
S06594800_20180705,17.157423
S05057150_20180705,19.657791
S05097760_20180705,15.335573
S05015300_20180706,16.107954
S05011500_20180709,15.314117
S05134430_20180709,14.821215
S05036500_20180709,13.497564
S05030000_20180709,13.308305
S05029800_20180709,13.212458
S04524000_20180710,14.702348
S05021500_20180710,16.903732
S05020100_20180710,15.381704
S03002100_20180710,18.663546
S05011725_20180710,15.431486
S05013150_20180710,15.0062
S03006271_20180710,19.67519
S05031050_20180710,16.205196
S04057800_20180710,12.325587
S03076220_20180711,13.304887
S05005610_20180711,14.18937
S05080960_20180711,13.120633
S05061100_20180711,16.09728
S04089300_20180711,13.8164625
S05023960_20180711,14.529771
S04083000_20180711,15.210548
S05023050_20180711,15.325349
S05012550_20180712,15.614567
S04178650_20180712,16.778845
S05226030_20180712,15.121229
S05033300_20180712,16.304188
S04113720_20180712,13.93653
S06580341_20180712,13.94928
S03050000_20180712,14.114029
S05061300_20180712,16.30433
S05022705_20180712,16.219631
S04022050_20180712,12.204447
S04601001_20180712,15.507699
S05082000_20180713,12.699261
S06193250_20180713,12.438378
S04178750_20180716,15.989069
S05120005_20180716,13.133678
S05046800_20180716,14.329291
S02001750_20180716,13.514218
S03079850_20180717,13.797675
S03227010_20180717,15.423202
S03240100_20180717,13.725477
S05080850_20180717,13.80425
S04050000_20180717,13.513692
S03241957_20180717,13.712576
S03234215_20180717,14.245409
S03227495_20180717,15.321945
S02001915_20180717,12.788775
S02003620_20180717,12.705735
S03013677_20180717,15.314883
S03226720_20180717,15.410872
S03155600_20180717,14.317255
S03021000_20180717,15.613772
S04426073_20180717,14.818904
S04074290_20180717,14.417568
S04195950_20180717,15.581875
S05047720_20180717,16.193771
S06580789_20180717,16.911978
S04196095_20180717,14.720189
S03051580_20180718,14.827017
S02106410_20180718,14.915647
S06162350_20180718,14.794153
S04734002_20180718,12.138871
S04081300_20180718,15.532892
S02052500_20180718,15.339137
S04075887_20180718,18.591656
S05125000_20180718,14.00518
S05125200_20180718,14.909961
S05048000_20180718,16.411041
S05005950_20180718,14.610798
S05228280_20180718,14.210063
S02115725_20180719,15.114878
S05122950_20180719,14.521012
S03112000_20180719,13.220097
S03078385_20180719,14.328956
S03170100_20180719,13.378915
S04196950_20180719,14.189841
S04712000_20180719,11.717847
S04201170_20180719,13.008967
S05126100_20180719,14.419728
S06960950_20180719,17.66828
S06710039_20180719,18.989038
S03051250_20180719,14.685377
S06494595_20180720,15.730982
S05038000_20180720,13.680294
S05120085_20180720,15.503587
S03155290_20180720,14.6186695
S05228100_20180720,14.109287
S05077900_20180720,14.007315
S04733000_20180720,12.330375
S05125230_20180723,14.336882
S03105285_20180723,15.335035
S05157622_20180723,14.717532
S04051400_20180723,14.38958
S04162958_20180724,13.203721
S03105455_20180724,15.302131
S02068790_20180724,11.0797825
S03215193_20180724,15.52592
S05099170_20180724,17.534075
S03119560_20180724,14.822853
S02106850_20180724,14.027973
S02066000_20180724,14.035664
S04630011_20180724,11.922265
S04301001_20180725,12.8974495
S05032100_20180725,15.629191
S04583011_20180725,11.560882
S03119670_20180725,14.711579
S03114350_20180725,15.012036
S02051500_20180725,15.244967
S05068995_20180725,17.679153
S06040740_20180726,12.902754
S02051000_20180726,15.5225725
S02025125_20180726,14.677106
S02020750_20180726,13.967201
S04119220_20180726,14.727455
S04210800_20180726,12.019266
S02107000_20180726,16.305515
S03214240_20180726,15.300276
S04023130_20180726,12.880875
S05033515_20180726,16.101467
S03144945_20180726,14.798043
S04443001_20180727,12.921042
S04123825_20180730,13.734498
S04044700_20180730,11.68038
S05226102_20180730,14.71118
S02031650_20180731,16.309967
S04475003_20180731,14.00466
S05117110_20180731,13.709879
S04115750_20180731,14.698576
S04136300_20180731,11.510506
S06152700_20180731,17.3621
S05135300_20180801,17.368479
S05111600_20180801,13.911087
S02030350_20180801,12.81275
S05233000_20180801,12.597662
S02065090_20180801,16.331205
S04089500_20180801,14.813244
S04009250_20180801,16.655949
S02043690_20180801,13.407154
S05134310_20180802,13.71029
S05106000_20180802,14.905316
S04103950_20180802,13.798504
S02029000_20180802,13.228757
S05109000_20180802,14.194106
S06070100_20180802,16.47373
S02028500_20180803,14.513906
S04134000_20180803,13.604226
S04093500_20180806,15.23338
S06710036_20180806,14.539562
S04049800_20180806,12.815071
S05069975_20180806,17.762245
S04553000_20180806,14.920881
S04140100_20180807,11.805003
S05183710_20180807,19.898651
S06580582_20180807,17.14489
S04134900_20180808,12.390622
S06069650_20180808,18.490408
S05176170_20180808,17.342865
S05183860_20180808,19.711948
S04652005_20180808,13.309715
S05150000_20180808,18.958733
S06147650_20180808,18.503672
S06580362_20180808,18.1041
S05069230_20180808,19.063862
S05219000_20180808,13.624113
S02046000_20180808,13.334909
S05234015_20180809,17.716726
S05234033_20180809,17.597721
S04109605_20180809,13.805189
S04122100_20180809,13.684406
S04102990_20180810,13.803254
S04615012_20180810,13.831832
S03136000_20180813,14.218062
S04417009_20180813,12.244568
S03133850_20180814,14.301102
S05231450_20180814,12.573307
S04028450_20180815,17.416649
S04420002_20180815,17.512259
S05172800_20180816,19.395485
S04190655_20180816,15.811299
S05180850_20180816,19.819397
S06840225_20180816,17.615381
S04054000_20180816,14.297264
S06148355_20180816,19.0136
S04171550_20180817,15.691265
S03070440_20180819,14.328365
S04426062_20180820,14.797762
S03027000_20180820,16.08189
S04113800_20180820,13.827048
S03055000_20180820,14.977057
S04108500_20180820,14.535699
S04415003_20180820,15.294633
S04061400_20180820,12.010611
S02104400_20180821,13.727854
S04603002_20180821,14.497593
S04034600_20180821,12.296059
S02122200_20180821,15.957153
S05065500_20180821,17.877346
S04003200_20180821,16.908619
S04332001_20180821,14.79622
S02123300_20180821,15.276814
S04175100_20180822,13.921632
S05221650_20180822,15.522915
S03032000_20180822,14.815552
S03145931_20180822,14.402245
S02114000_20180822,15.506206
S04026900_20180823,17.779654
S02115675_20180823,14.704848
S05217310_20180824,18.423946
S02120000_20180824,14.396467
S02070500_20180824,12.629818
S02094979_20180824,16.44044
S05034700_20180827,16.044607
S05170000_20180827,16.193033
S05171900_20180827,18.579357
S02104800_20180828,13.223925
S05145200_20180828,16.732344
S02085600_20180828,15.426705
S05200135_20180828,18.511028
S05044310_20180828,16.006231
S04430009_20180828,14.363724
S06300010_20180828,19.112677
S02076800_20180828,12.995934
S04614000_20180828,14.520381
S04041755_20180828,16.318657
S02081620_20180829,11.905498
S02070750_20180829,13.012966
S06710010_20180829,18.78576
S04209000_20180829,12.309034
S05042072_20180829,15.926267
S04013000_20180829,12.258808
S04431006_20180830,15.15469
S04020010_20180830,11.87989
S04411004_20180830,10.462442
S05145000_20180830,15.9174385
S04212700_20180830,12.414302
S06153200_20180830,16.658493
S06181945_20180830,18.1706
S05055930_20180903,15.693477
S05211650_20180904,16.899601
S04412012_20180904,14.368734
S05183480_20180904,17.579836
S03059000_20180904,15.113225
S05142495_20180904,16.020271
S05118785_20180905,17.059652
S05141000_20180905,13.212176
S05068470_20180905,18.597961
S05068410_20180906,18.495853
S05055900_20180906,15.104483
S03131000_20180906,14.29851
S04377001_20180906,12.795471
S05204880_20180906,19.634827
S05051350_20180907,15.973456
S05218700_20180912,19.899124
S05228250_20180912,14.120557
S03008671_20180912,15.700153
S05076050_20180912,14.226599
S03141820_20180912,14.821138
S05154100_20180912,17.203224
S06189500_20180912,14.41999
S05162800_20180912,15.109946
S05163000_20180913,13.008258
S04070500_20180913,14.538429
S05161900_20180913,12.704031
S03044170_20180913,16.029385
S05161000_20180913,13.009977
S06005695_20180913,17.223204
S03044580_20180914,15.79963
S04428000_20180918,17.206495
S04003170_20180918,16.99886
S04404014_20180918,15.499084
S06045750_20180918,13.760885
S04404006_20180918,16.60904
S04079210_20180918,16.691797
S04079050_20180918,17.016123
S04003160_20180919,17.008324
S04037300_20180919,17.754929
S04376006_20180919,11.824409
S03196000_20180919,13.498431
S05139310_20180920,18.131485
S05134000_20180920,12.903853
S04429015_20180921,17.109064
S04075000_20180925,15.020101
S05183920_20180925,19.713947
S06170000_20180926,16.828562
S03257800_20180926,13.737743
S05099000_20180926,16.550068
S06175600_20180926,19.623985
S04310000_20180926,13.107296
S05201055_20180927,15.595709
S05210000_20180927,13.807206
S06177000_20180927,15.712638
S06178000_20180927,14.309448
S05095000_20180928,15.902429
S04123980_20181001,12.214461
S04001005_20181001,12.9027
S03025492_20181001,16.282997
S05063980_20181002,15.319714
S04100000_20181002,13.380984
S04001900_20181002,12.603524
S05091520_20181003,16.923243
S05231370_20181003,11.77903
S05093300_20181004,15.026707
S05091000_20181005,15.656841
S06190040_20181005,12.498933
S03024300_20181008,16.79521
S05055000_20181009,17.611164
S05054600_20181009,17.494678
S03151300_20181009,15.123285
S03128640_20181011,15.277331
S03128220_20181011,15.830891
S03156724_20181011,14.911915
S03024736_20181011,15.59552
S05101500_20181015,17.043041
S05063150_20181016,18.00583
S05061942_20181016,18.186422
S05067950_20181018,18.568924
S05068300_20181019,18.571222
S05092060_20181026,15.796109
S05060930_20181026,17.281801
S05097750_20190115,14.6333475
S06152400_20190207,19.624378
S06159385_20190320,19.774563
S04407009_20190417,12.30024
S06094097_20190419,15.340374
S04663025_20190423,11.825087
S06052435_20190424,13.260892
S04150690_20190429,11.395202
S03029630_20190509,15.322868
S03052338_20190509,14.395851
S06173500_20190514,16.665712
S06190111_20190514,14.0200405
S04140020_20190514,12.035131
S04654000_20190515,12.502821
S04652004_20190515,13.291425
S06113270_20190515,17.066442
S04148525_20190515,14.01187
S04135900_20190516,11.602246
S04662015_20190516,12.04059
S04046545_20190516,15.524223
S05175010_20190516,15.008893
S03014550_20190520,19.184307
S04108290_20190521,16.198822
S03022790_20190521,15.9856615
S05011724_20190522,15.3075695
S04197600_20190522,13.6414585
S04364000_20190522,15.634918
S06581665_20190522,14.20811
S04041950_20190528,13.0064945
S06830800_20190528,15.621543
S06580184_20190528,17.62149
S06035325_20190528,12.887992
S04086100_20190528,14.807035
S04113720_20190529,14.012736
S04604008_20190529,15.194899
S03164178_20190530,14.347821
S03176360_20190531,14.723078
S03091000_20190603,16.22588
S03011080_20190603,16.037304
S06101145_20190603,14.982746
S05228800_20190603,14.512776
S03023025_20190604,15.665086
S04182000_20190604,17.08815
S05061300_20190604,16.084206
S05155300_20190604,15.488288
S03022840_20190604,15.507523
S04433010_20190605,13.096411
S05120040_20190605,14.407832
S04374000_20190605,11.708685
S03113248_20190605,15.997059
S03146579_20190605,14.428536
S04146840_20190605,13.901895
S05065500_20190606,17.879257
S04660001_20190606,12.611224
S06106935_20190606,18.668856
S03022589_20190606,15.79302
S06179615_20190607,19.381733
S03021588_20190607,18.276587
S05163800_20190607,14.112081
S05093700_20190610,14.538466
S05129086_20190611,14.701661
S03159795_20190611,15.818596
S06416450_20190611,15.000429
S06012055_20190612,17.874063
S06005780_20190613,15.475703
S04614003_20190613,14.598208
S06004870_20190613,15.029977
S05134351_20190613,14.63829
S05134365_20190613,14.913871
S06001995_20190614,14.817834
S05158314_20190614,14.023435
S04099960_20190618,13.83967
S06118000_20190619,14.511897
S05192155_20190620,17.770405
S05075200_20190620,14.821222
S05232220_20190621,13.914163
S05220190_20190621,12.792056
S06215000_20190625,18.603493
S05025000_20190625,15.325541
S04209995_20190625,12.200219
S05061980_20190625,16.593405
S06219000_20190625,19.34739
S03198750_20190625,15.252605
S05167010_20190625,16.791986
S05095120_20190626,15.634441
S05096010_20190626,16.816587
S06222600_20190626,19.844149
S06458050_20190626,14.09628
S05095110_20190626,15.302406
S05095980_20190626,16.304514
S06456610_20190626,13.802914
S05004100_20190626,16.55222
S05096410_20190626,17.798082
S06931250_20190627,14.474214
S05016100_20190627,16.278484
S04635011_20190627,13.789424
S05096080_20190627,17.692465
S05145280_20190627,18.489664
S05048010_20190627,16.596792
S06190700_20190627,12.730302
S06471450_20190627,13.918341
S04606026_20190627,14.097366
S06078500_20190627,17.13242
S03253250_20190628,12.80606
S05095995_20190628,16.531311
S04721000_20190628,12.33395
S04027200_20190701,18.122355
S04542008_20190701,16.00673
S05125780_20190701,17.208302
S06830239_20190701,16.468409
S05125545_20190701,15.298047
S04066200_20190702,14.32302
S05125510_20190702,14.542257
S04068470_20190702,15.997254
S05234013_20190702,16.957478
S04096360_20190702,14.867248
S05234030_20190702,17.404932
S02106500_20190702,14.822568
S06300250_20190702,12.618727
S02054000_20190702,14.872898
S04052350_20190702,12.40069
S04048550_20190703,14.921483
S04187600_20190703,17.570038
S02069100_20190703,12.925697
S02004300_20190703,18.09656
S04074647_20190703,13.805474
S03105760_20190703,15.302074
S05125600_20190703,13.418667
S04462001_20190704,13.623515
S05132600_20190704,15.719372
S05125420_20190704,14.543788
S02057650_20190704,13.50015
S04002100_20190704,12.307549
S05127500_20190704,14.356069
S04070211_20190704,14.198835
S02057350_20190705,14.306863
S05126500_20190705,13.520711
S02049000_20190705,17.606705
S04049500_20190705,13.118262
S05015060_20190708,16.02249
S04570019_20190708,13.738537
S04134895_20190709,12.419346
S04142300_20190709,12.302323
S04027210_20190709,18.092737
S06580863_20190709,16.783958
S05093550_20190709,14.791874
S04091400_20190709,15.116578
S03199200_20190710,14.911787
S05023100_20190710,15.2048645
S05005605_20190710,14.400199
S04199865_20190710,14.412596
S05165900_20190711,15.818701
S05133500_20190711,18.297981
S05133300_20190711,17.611067
S05007600_20190711,15.0025
S05012550_20190711,15.604774
S06435450_20190712,15.780485
S05165250_20190712,15.082917
S04426007_20190715,14.7158375
S06094470_20190715,13.0042515
S04008000_20190716,11.640934
S03149487_20190716,15.322795
S05097550_20190716,14.603021
S04162000_20190716,12.730662
S02061500_20190716,16.218082
S05054600_20190716,17.511662
S05091760_20190717,16.818935
S02001025_20190717,14.308235
S04043200_20190717,12.299588
S04354003_20190717,16.677704
S04166800_20190717,13.236341
S02005700_20190717,12.896171
S04166095_20190717,12.803218
S06106655_20190718,16.274137
S04146350_20190718,12.308743
S05068530_20190718,16.521448
S02019200_20190718,13.972847
S03078510_20190718,13.628946
S05167000_20190718,15.697303
S02011000_20190718,12.069045
S03213480_20190719,14.927967
S06118500_20190719,19.761257
S04046500_20190722,16.40165
S05234003_20190722,14.700166
S06840600_20190722,16.500267
S05067000_20190722,18.290813
S06088800_20190722,18.307775
S05192018_20190722,17.976145
S06086100_20190722,17.717361
S05180850_20190723,19.818933
S04113250_20190723,13.93321
S04113800_20190723,13.9985695
S05225300_20190723,15.721506
S04044400_20190723,12.384476
S05031900_20190723,15.808422
S05031850_20190723,15.809449
S05207150_20190723,13.713795
S06069650_20190724,18.483564
S04014090_20190724,12.26083
S05197500_20190724,15.4970875
S05197600_20190724,15.644799
S06179999_20190724,13.440263
S06470005_20190724,14.536321
S06071900_20190724,15.489811
S06179155_20190724,17.53658
S05145300_20190725,17.99442
S05044000_20190725,15.685001
S03167740_20190725,14.312048
S06094039_20190725,13.417171
S04097600_20190725,14.033326
S04401005_20190725,15.2012
S05120070_20190725,14.422247
S02099500_20190725,13.115695
S05232350_20190726,15.12973
S04097200_20190726,14.221958
S05068170_20190726,16.308962
S06004750_20190726,15.290079
S06440370_20190726,15.484149
S02097000_20190726,13.416267
S06464775_20190726,17.165195
S03219015_20190729,14.704732
S03190300_20190730,13.340645
S03207020_20190730,13.820008
S04615011_20190730,14.392552
S04111000_20190730,14.813065
S05049000_20190730,15.005086
S05050010_20190730,15.904229
S04068800_20190731,14.488287
S04103950_20190731,14.013432
S04068440_20190731,15.308769
S04104200_20190731,14.128651
S02094700_20190731,13.621998
S05051200_20190731,15.482394
S06217490_20190731,18.54448
S03025919_20190801,17.091593
S05133000_20190801,16.28627
S06177980_20190801,14.586051
S03025368_20190801,16.802921
S05040100_20190801,14.329995
S03276495_20190801,15.704535
S05157200_20190801,12.911421
S02085600_20190801,15.527271
S06181150_20190802,12.690912
S05038000_20190802,13.823228
S05039150_20190802,14.300499
S06178007_20190802,18.821745
S04016840_20190805,13.193745
S03207220_20190805,14.793043
S03011300_20190805,15.802917
S04076400_20190805,18.307524
S04077000_20190805,17.68858
S03211000_20190805,14.821348
S05129060_20190805,12.316273
S05069972_20190805,18.205069
S03222000_20190806,14.919782
S03223240_20190806,15.397794
S03174615_20190806,13.913624
S03222275_20190806,15.015582
S05134310_20190806,14.303521
S02116570_20190806,16.245617
S03223200_20190806,15.506765
S04004100_20190806,14.312057
S03231065_20190807,14.927206
S03157950_20190807,15.802763
S05234005_20190807,13.116733
S05134432_20190807,15.014788
S05222000_20190808,14.295175
S02031650_20190808,16.826351
S03231740_20190808,14.49681
S04099400_20190808,14.019455
S04086320_20190808,14.8172455
S05047510_20190809,15.286918
S05175300_20190809,18.06472
S02106220_20190812,14.031307
S02123300_20190812,15.400699
S02123500_20190812,15.21681
S04044700_20190813,12.072111
S03116720_20190813,15.21664
S03105946_20190813,15.420757
S02118750_20190813,14.529249
S04030020_20190814,15.301539
S04432000_20190815,14.307113
S06147525_20190819,18.69199
S05060930_20190819,17.200611
S03138800_20190820,14.793035
S06710110_20190820,18.104301
S06710010_20190820,18.7265
S05058600_20190820,16.393261
S05059000_20190820,16.22937
S04053000_20190820,13.353921
S05149000_20190820,18.570328
S03254035_20190821,12.705231
S04162958_20190821,13.104446
S05148850_20190821,18.593567
S04163050_20190821,13.423677
S05148080_20190822,19.489153
S06491950_20190822,14.9364395
S04195000_20190826,15.983041
S05100080_20190827,16.829268
S06830071_20190827,16.318556
S04604006_20190827,13.891936
S05102000_20190827,17.518803
S03086100_20190827,17.040789
S03093900_20190827,18.056702
S05061110_20190828,15.870002
S06110110_20190828,14.517009
S03252763_20190828,12.905841
S06031200_20190828,15.4154625
S05205000_20190828,18.0686
S06186000_20190828,18.195946
S03252755_20190828,12.829668
S02024000_20190829,12.972828
S05080700_20190902,14.525346
S04000920_20190902,15.015818
S05108150_20190902,14.817427
S06149500_20190902,15.661314
S04215520_20190902,12.411643
S05083580_20190903,13.410472
S04003200_20190903,16.620045
S05235850_20190903,18.033203
S05158170_20190903,14.523836
S05149500_20190903,19.174486
S06176000_20190904,18.097895
S04606015_20190904,12.321726
S05161950_20190904,12.71063
S05068912_20190905,18.274302
S05154280_20190905,12.914417
S05068955_20190905,17.940626
S04004825_20190905,13.738464
S06341510_20190905,16.802458
S05068960_20190905,18.03205
S04128050_20190906,13.321434
S05077945_20190909,14.910143
S05077970_20190909,15.613953
S05191150_20190910,17.520725
S05183000_20190910,18.85227
S05192100_20190910,17.800852
S05074700_20190911,14.498384
S03265600_20190911,12.819836
S05074580_20190911,13.912213
S05075700_20190911,14.902461
S03148650_20190911,15.010509
S03156995_20190911,14.599874
S03161258_20190912,15.62603
S03156151_20190912,14.921681
S03161090_20190912,14.812656
S05045128_20190913,14.301716
S05080890_20190913,13.419432
S04404000_20190916,16.200329
S03006000_20190917,16.389597
S03271920_20190918,12.906792
S05211900_20190918,16.109545
S06159470_20190918,19.77363
S05215120_20190918,16.313126
S06017097_20190918,18.732502
S06017200_20190918,18.759617
S05068369_20190918,19.048409
S05117450_20190919,14.795326
S03029000_20190919,14.604522
S03143225_20190919,15.003577
S04002010_20190919,12.521278
S04171450_20190919,13.504644
S05068470_20190919,18.408102
S03039000_20190920,14.721265
S05174000_20190920,14.9913645
S05177000_20190920,17.19345
S05199800_20190921,17.212887
S05183848_20190923,19.105524
S04027500_20190923,15.806551
S05053085_20190924,14.901674
S05183850_20190924,19.309055
S05053960_20190924,17.495934
S05054550_20190924,17.607565
S05218500_20190925,19.499426
S05173200_20190925,19.611195
S04402004_20190925,15.726228
S04402005_20190925,12.4017515
S05044300_20190926,15.804319
S05173420_20190926,19.316269
S05217150_20190927,17.708942
S06172100_20190930,12.819168
S03245840_20191002,13.936852
S05203060_20191003,19.828806
S05180220_20191008,19.706553
S03174000_20191010,14.7081
S04338006_20191015,16.204144
S04338002_20191015,16.847603
S03241957_20191024,13.528918
S06159930_20200218,19.910313
S06439460_20200422,14.994484
S06027700_20200424,16.257847
S06437950_20200424,15.503813
S06052435_20200427,13.368189
S04712008_20200504,11.903723
S06179200_20200506,14.518814
S04011700_20200507,15.52868
S03088800_20200507,17.313034
S06190700_20200510,12.393393
S03145865_20200512,14.624796
S03149859_20200514,15.819305
S03159915_20200515,15.706823
S05068475_20200518,18.19332
S04012050_20200519,13.777173
S02025100_20200520,14.385486
S05065500_20200520,18.004831
S04211950_20200520,11.472662
S04374000_20200520,11.79868
S05018650_20200525,16.629631
S03011740_20200525,16.408016
S05033560_20200525,16.522285
S03090470_20200525,16.218046
S05013880_20200525,15.91366
S05085350_20200526,15.104554
S05077850_20200526,14.312757
S06464800_20200526,16.607134
S05046700_20200527,14.209127
S04735000_20200527,12.205017
S04735002_20200527,12.229498
S03167249_20200527,14.42672
S05029730_20200529,13.522543
S04615007_20200602,14.401785
S04710002_20200602,12.005873
S04096400_20200602,14.821564
S04405008_20200602,13.912636
S04636007_20200602,12.708016
S04112200_20200603,13.900028
S04201990_20200603,11.811773
S03219780_20200603,14.818619
S04057730_20200603,12.305115
S04089300_20200603,14.211622
S04431018_20200603,12.767873
S06078500_20200604,17.231997
S03011840_20200604,15.812882
S05011722_20200604,16.201384
S03194350_20200604,15.014687
S04163025_20200605,13.195544
S03052825_20200605,14.306461
S04304011_20200608,12.4001875
S04419004_20200608,15.919013
S05120100_20200609,14.9511
S03128270_20200609,16.204542
S04162000_20200609,12.629913
S06007000_20200609,16.298124
S06038900_20200610,12.421466
S06580318_20200610,18.067028
S04052265_20200610,12.121364
S04375008_20200610,12.42087
S03040450_20200610,15.982004
S05120040_20200610,14.131704
S05121350_20200610,16.290411
S05119105_20200610,15.623385
S03145290_20200610,15.919786
S06189678_20200610,13.546776
S05120016_20200611,14.927821
S03036475_20200611,15.788987
S03128845_20200616,15.903947
S04067283_20200616,14.704634
S06122790_20200616,14.707351
S04068470_20200616,15.908011
S03128745_20200616,15.417348
S05024994_20200616,15.51749
S04470004_20200616,14.624068
S06065700_20200617,17.225872
S05176050_20200617,16.532085
S06580171_20200617,17.502895
S03172380_20200617,14.828346
S03148220_20200618,14.999821
S03156995_20200618,14.6983795
S04068918_20200618,15.278946
S03182100_20200618,15.016407
S04173160_20200619,14.536057
S06179615_20200619,19.405025
S03085630_20200622,16.094978
S03085669_20200622,15.617166
S04604003_20200623,14.524149
S03034370_20200624,15.933421
S06850166_20200624,17.51357
S03057650_20200624,15.000486
S06180900_20200624,12.725379
S03189300_20200624,13.507858
S06160700_20200624,18.953876
S03040250_20200624,16.763294
S04192550_20200625,16.205378
S05229130_20200625,13.516441
S04461009_20200625,14.725699
S04461007_20200625,15.32396
S04187500_20200625,17.18665
S06045000_20200625,14.019514
S03039940_20200625,16.315245
S04146920_20200625,14.927987
S03052760_20200626,14.296516
S04150830_20200629,12.008759
S04086980_20200629,17.690218
S04160200_20200629,15.629051
S04019350_20200629,12.07839
S04019700_20200629,11.857342
S04131470_20200629,12.747533
S05075900_20200630,15.091789
S03193880_20200630,13.617412
S06213290_20200630,13.8833065
S05074500_20200630,14.175022
S04015190_20200630,11.680721
S05074600_20200630,13.9194
S06127050_20200630,16.69387
S02026250_20200701,15.819203
S05178900_20200701,19.63081
S04023700_20200701,13.213565
S04014090_20200701,12.945476
S04100900_20200701,13.724749
S02099500_20200701,13.19871
S04660001_20200701,12.710844
S04410006_20200701,11.430379
S02042500_20200701,13.318618
S06190900_20200702,12.190863
S06216600_20200702,19.163807
S04199401_20200702,13.584258
S02096750_20200702,13.912396
S05135000_20200702,15.904937
S05134260_20200702,15.327171
S04042100_20200702,13.286091
S04215520_20200702,12.485668
S05135100_20200702,16.200954
S02023750_20200702,12.672295
S04046960_20200702,15.704346
S02001715_20200703,14.819006
S05162605_20200703,15.605716
S02026500_20200703,14.787908
S04075000_20200703,14.60878
S05155300_20200703,15.698382
S05162800_20200703,15.219361
S05229140_20200706,13.987856
S04403004_20200706,12.028357
S05232980_20200706,12.804771
S05231450_20200706,12.500837
S04741001_20200706,15.403288
S02049900_20200707,16.538216
S02001016_20200707,14.621623
S02048980_20200707,18.607452
S05091520_20200707,17.297634
S02076800_20200707,13.502858
S06206000_20200707,12.620616
S02004000_20200707,13.4087925
S02082350_20200707,12.781525
S05226102_20200707,14.61356
S04184830_20200707,16.967657
S04119750_20200707,14.995328
S04041675_20200707,14.62848
S02104400_20200707,13.896348
S05145440_20200708,18.26708
S03272235_20200708,12.2267685
S04001945_20200708,13.213621
S04001950_20200708,13.177535
S06300250_20200708,12.600632
S06001399_20200708,16.379425
S02011000_20200708,12.310679
S04090500_20200708,14.905894
S02003400_20200708,13.418465
S05093750_20200708,15.409512
S04132800_20200708,13.312501
S05091070_20200708,15.658592
S05119902_20200708,13.220396
S03202250_20200709,15.611561
S04119205_20200709,14.714273
S04113205_20200709,13.897362
S05061915_20200709,15.978964
S04096645_20200709,13.420675
S02109000_20200709,16.545889
S05147000_20200709,18.475779
S05234030_20200709,17.407219
S05089080_20200709,18.16746
S05092000_20200709,16.88119
S05091310_20200709,16.305016
S02106430_20200709,14.721715
S02006450_20200710,13.603412
S04054400_20200710,14.531913
S06213590_20200710,14.625751
S02063000_20200710,14.812315
S06450600_20200710,18.116337
S05089050_20200710,17.276613
S05098000_20200713,16.509132
S03103816_20200714,16.143375
S05096805_20200714,17.696083
S06047940_20200715,14.135259
S02106850_20200715,14.200079
S05011490_20200715,15.320497
S05011400_20200715,15.307134
S05011720_20200715,15.614565
S03149081_20200716,15.520188
S05021800_20200716,16.8252
S06195330_20200716,17.706642
S04093500_20200716,14.901882
S05021500_20200716,16.403496
S02067600_20200716,12.712241
S04067625_20200716,16.5099
S05024300_20200716,15.601318
S06129950_20200717,15.686726
S02052500_20200717,16.324894
S04146690_20200720,14.231991
S06580300_20200720,19.60761
S03273345_20200720,12.120711
S06128860_20200720,16.298512
S05047600_20200720,15.425031
S02085325_20200721,14.720134
S04000920_20200721,15.295494
S04123750_20200721,12.475649
S02115670_20200721,15.117227
S05058935_20200721,16.704119
S05047710_20200721,15.915749
S05051000_20200722,15.591197
S03038630_20200722,15.703152
S06154000_20200722,16.626045
S02118300_20200722,15.804292
S03250797_20200722,12.304597
S06048900_20200722,13.737853
S05068938_20200722,17.49796
S05167010_20200723,17.38655
S05151150_20200723,19.663229
S02070370_20200723,12.738794
S06120560_20200723,18.278458
S06458450_20200723,13.66854
S02069100_20200724,13.123228
S02111500_20200724,15.790246
S03037576_20200724,16.493948
S03037480_20200724,16.99794
S02112050_20200724,15.710705
S06123500_20200727,14.825628
S05002500_20200727,16.111784
S03041000_20200727,15.51748
S06000699_20200728,15.716793
S04411003_20200728,11.474608
S06162350_20200728,14.802409
S04016300_20200728,11.868144
S04072150_20200728,14.804062
S02057000_20200728,12.713727
S05012500_20200728,15.7072935
S05013000_20200728,15.439173
S05015900_20200729,16.395905
S05145200_20200729,16.820486
S05013150_20200729,15.617868
S05010950_20200729,15.42631
S06202150_20200729,15.417532
S04165800_20200729,13.010321
S02051000_20200730,16.612814
S02018780_20200730,16.650608
S05153940_20200730,15.205187
S02019500_20200730,13.972788
S05125545_20200730,15.230616
S03033306_20200730,17.18146
S05133100_20200731,18.01784
S05024200_20200731,14.879633
S05234000_20200803,13.690724
S02082160_20200803,12.026434
S05126150_20200803,14.430718
S03257335_20200803,12.70305
S04016800_20200804,15.90954
S04016980_20200804,15.997673
S06222100_20200804,18.363934
S05068485_20200804,17.872581
S05222980_20200804,14.570204
S03240100_20200804,14.330512
S05225095_20200804,17.585798
S05229250_20200804,14.428463
S05144520_20200804,15.82099
S05162505_20200804,13.686292
S03257800_20200804,12.428911
S03234215_20200804,14.333853
S03015000_20200804,18.807318
S05106350_20200804,15.10801
S06710029_20200805,19.03315
S04152000_20200805,11.701853
S04153700_20200805,13.923267
S05218980_20200805,13.703666
S03234620_20200805,14.209529
S03244460_20200805,14.602614
S05068371_20200805,18.961657
S04215750_20200805,12.027779
S05223170_20200806,13.216122
S05100000_20200806,17.057405
S05101400_20200806,17.813229
S04036300_20200810,16.704826
S04005530_20200810,12.966065
S03156580_20200810,15.503919
S04006000_20200810,12.48937
S05063000_20200811,16.389986
S05148180_20200811,19.400665
S06416550_20200811,15.204819
S06147650_20200811,18.393335
S06830122_20200811,18.400864
S05236000_20200811,18.34538
S06000418_20200811,18.308983
S05128020_20200811,16.150017
S03157485_20200811,15.717826
S05068660_20200812,17.036821
S05230980_20200812,12.617147
S03133140_20200812,14.696708
S06429845_20200812,17.160799
S05111360_20200812,16.687548
S05127000_20200813,13.829561
S06003770_20200813,15.249219
S05118700_20200813,14.993677
S05118785_20200813,17.663458
S06001470_20200814,14.4194355
S06001480_20200814,14.2265005
S03144595_20200818,15.726264
S05119080_20200818,14.008959
S05175200_20200819,16.878483
S06093050_20200819,14.3787565
S03087000_20200819,18.761074
S05169000_20200819,18.34301
S04562009_20200820,14.51426
S06000401_20200820,19.48189
S04162300_20200824,12.724712
S05068170_20200824,16.318165
S05106820_20200825,15.15264
S05068145_20200825,15.932608
S05068355_20200826,18.398918
S03141984_20200826,14.723119
S04190650_20200826,15.979909
S06710100_20200826,18.523476
S03255650_20200826,13.040752
S05077950_20200826,15.401353
S05079450_20200826,14.52599
S05079200_20200826,14.004672
S05173200_20200826,19.316967
S05063400_20200826,18.404312
S05031100_20200827,16.301296
S05068080_20200827,18.287746
S05075250_20200827,14.723039
S05158150_20200828,14.223238
S05158160_20200828,14.308315
S05074710_20200828,14.413363
S04405013_20200828,17.041634
S04522002_20200828,15.190389
S06216100_20200831,18.495094
S05153960_20200831,14.919033
S03012100_20200831,15.630329
S05087000_20200901,15.825266
S04075850_20200901,18.00903
S05101500_20200901,17.412865
S04110700_20200901,15.00508
S05101200_20200901,17.64082
S05161900_20200902,12.912286
S05123000_20200902,14.8410225
S05159260_20200902,13.3949585
S04178650_20200902,17.036142
S03057000_20200902,14.899542
S03066000_20200903,15.207247
S05068890_20200903,18.69124
S06820083_20200903,15.438603
S03004280_20200903,16.788746
S05085000_20200903,14.822994
S04049800_20200903,13.69477
S05163290_20200903,13.1112585
S04027730_20200907,16.403128
S05053000_20200907,14.519448
S06147130_20200907,17.198517
S05053086_20200907,14.534764
S05052540_20200907,14.133377
S06020460_20200907,18.310146
S05054190_20200908,17.370253
S05054060_20200908,17.572874
S03138390_20200908,15.019366
S04197700_20200908,13.623755
S05183710_20200908,19.895964
S05055910_20200909,15.016222
S04195190_20200909,16.199627
S05042071_20200910,16.125294
S05055960_20200910,15.603043
S05055970_20200910,16.415714
S06080000_20200911,17.522581
S05213100_20200914,13.974882
S06113000_20200914,17.103176
S05214310_20200914,16.198559
S03047445_20200914,15.233351
S04175450_20200915,13.321663
S05201030_20200915,14.795227
S04423015_20200915,16.813011
S05202150_20200915,14.907616
S03071080_20200915,14.19732
S05178200_20200916,19.202509
S04426016_20200916,14.715088
S04082920_20200916,15.404861
S02112150_20200917,16.018265
S06169950_20200917,18.104715
S05199250_20200917,17.152115
S03039000_20200917,14.90873
S05199800_20200917,17.04426
S05206880_20200918,19.706345
S04465008_20200921,14.710775
S03013660_20200921,14.903853
S03164218_20200922,14.720277
S05189000_20200922,19.059288
S05056000_20200922,14.513412
S03078060_20200923,14.623268
S04103960_20200929,14.300668
S04475029_20201001,13.493432
S04402004_20201005,15.698845
S04003400_20201006,15.627894
S03055000_20201008,15.00457
S04712021_20201008,11.697545
S06820118_20210223,19.201748
S06320220_20210402,13.28475
S06820087_20210409,15.129784
S06029100_20210421,16.577606
S06440445_20210421,15.91098
S04671004_20210422,12.595718
S03194620_20210423,15.625794
S03206000_20210427,15.085165
S03207020_20210427,14.731393
S06012080_20210427,18.484083
S04010200_20210428,11.996817
S06205415_20210428,15.102059
S06003500_20210429,14.753746
S03201650_20210429,15.721571
S04133200_20210430,12.61583
S03201260_20210430,15.597094
S03201250_20210430,15.114635
S04131550_20210503,12.728564
S04158860_20210505,16.099745
S03222780_20210506,15.421348
S04721002_20210511,12.598218
S04101400_20210512,12.2129755
S05011710_20210518,15.938879
S06175275_20210518,17.976007
S04084650_20210521,15.01642
S05013880_20210525,16.21429
S05015055_20210525,16.115427
S05025055_20210525,15.623971
S03013740_20210525,14.714749
S03032675_20210525,16.222301
S02020300_20210526,13.969968
S03104528_20210526,16.097834
S05000249_20210526,16.118101
S04217400_20210526,16.208216
S04199370_20210527,14.808135
S06175308_20210527,17.520344
S03005284_20210527,17.03565
S03022718_20210528,14.694898
S04051250_20210528,14.000335
S04010130_20210531,12.581868
S05093700_20210601,15.245777
S03004232_20210601,18.15176
S06213310_20210601,13.922171
S03044690_20210601,16.321163
S04150830_20210601,12.124975
S04096400_20210601,14.72736
S03008505_20210602,15.490966
S04052600_20210602,14.215476
S03004985_20210602,16.509365
S05095150_20210602,16.331322
S03008950_20210603,15.7176895
S06000221_20210603,14.564222
S03003790_20210603,17.573101
S05095980_20210603,16.825527
S04100900_20210603,13.8336315
S06213290_20210603,13.796514
S03022000_20210604,18.893257
S04009415_20210607,12.682797
S06710040_20210607,13.919644
S06109050_20210607,19.841328
S06205960_20210608,11.88575
S04001945_20210608,13.609969
S05058922_20210608,16.784641
S05061100_20210608,15.91519
S05155300_20210608,15.884819
S05162500_20210608,14.312662
S04040895_20210608,12.611095
S04023130_20210609,12.755907
S06105568_20210609,17.777279
S04086550_20210609,19.07499
S04375008_20210609,12.309298
S04662009_20210609,12.70913
S04400000_20210609,18.313612
S04108530_20210610,15.012442
S06213480_20210611,13.183958
S05155890_20210611,15.318155
S05033530_20210614,16.409763
S04089500_20210615,15.123038
S04090800_20210615,15.313167
S05176050_20210615,16.912655
S04424000_20210615,15.524699
S05234027_20210615,16.118061
S04455013_20210615,16.680317
S04184950_20210615,16.384491
S05078900_20210616,14.421329
S04096100_20210616,13.68093
S05111610_20210616,14.412315
S05080850_20210616,14.617424
S04090100_20210616,13.923532
S05046700_20210616,14.107602
S05047500_20210616,15.995155
S06038110_20210616,13.00515
S04371008_20210616,12.0412245
S06040400_20210616,13.050475
S05027040_20210616,13.964622
S06117360_20210617,17.569382
S04013975_20210617,14.74107
S04179690_20210617,15.7946
S06580358_20210617,18.745583
S06580353_20210617,17.898823
S06130500_20210617,14.800327
S05191000_20210617,17.771788
S04030100_20210617,14.9132185
S05068367_20210621,18.935802
S06182050_20210621,17.561316
S03172000_20210622,13.899782
S05095995_20210623,17.312582
S06222600_20210623,19.762
S04049800_20210624,13.8030815
S04070230_20210625,14.100194
S06405950_20210625,16.010656
S06001470_20210625,14.413132
S06193660_20210628,11.711605
S04190000_20210629,15.800199
S06820141_20210629,12.7422285
S06011760_20210629,19.180723
S06940040_20210629,17.379402
S06033000_20210629,15.837795
S06185500_20210630,12.902219
S06210850_20210630,18.408623
S03018342_20210630,16.100403
S03054000_20210630,15.314944
S04171670_20210701,15.013755
S04187525_20210701,16.912111
S04114100_20210701,15.676795
S06005695_20210701,16.59247
S04190780_20210702,16.343287
S04190842_20210702,16.498472
S06090600_20210705,18.635422
S05030500_20210705,15.719306
S06178065_20210705,14.912013
S04127000_20210705,13.810717
S05029730_20210706,13.497667
S06177906_20210706,14.199685
S05029960_20210706,16.889297
S06850166_20210706,17.73136
S02052000_20210706,16.738045
S06177949_20210706,13.511853
S03013660_20210706,14.9078045
S03078110_20210706,14.540171
S02050260_20210706,17.323421
S02051000_20210706,16.940569
S05175000_20210707,15.724326
S05176170_20210707,18.609922
S05176150_20210707,18.339481
S05165770_20210707,15.509521
S06179640_20210708,17.619177
S02111500_20210708,16.035976
S02111000_20210708,16.017414
S06173460_20210709,16.984222
S05228000_20210712,14.122919
S05151200_20210712,19.296276
S05151120_20210712,19.475471
S05226150_20210712,15.017384
S05081000_20210714,13.710712
S04024050_20210714,13.124861
S05139900_20210715,18.098104
S05219170_20210715,14.821886
S05229120_20210715,13.708798
S05079450_20210715,14.625269
S04192950_20210715,14.892791
S04194500_20210715,15.908183
S04103950_20210715,14.309485
S05232980_20210715,12.662509
S04070425_20210715,15.607234
S04137993_20210715,11.935606
S04417001_20210715,14.378229
S04206000_20210716,12.223075
S03271730_20210719,13.1299305
S05083650_20210720,13.713132
S05151100_20210720,19.463854
S04215500_20210720,12.681912
S03254929_20210721,12.6158085
S05015800_20210721,16.287737
S06710036_20210721,15.012432
S05005605_20210721,14.491927
S05074900_20210721,15.433951
S05075700_20210721,15.014405
S03163300_20210721,14.312327
S05011000_20210722,15.436482
S05192050_20210722,18.210478
S04630019_20210723,12.39213
S04148590_20210723,11.586826
S05134350_20210723,15.002035
S03234346_20210726,14.587081
S05015000_20210726,15.899915
S04111500_20210726,14.627915
S06179500_20210726,13.211658
S05091450_20210727,16.705248
S05018400_20210727,16.408453
S06176950_20210727,18.49423
S05120150_20210727,15.892196
S06181990_20210727,17.796217
S05015980_20210727,16.104824
S05135300_20210727,17.269655
S05138000_20210727,18.010422
S05024305_20210728,16.417313
S04108736_20210728,14.600818
S05125990_20210728,14.722874
S04431028_20210728,15.387482
S04431029_20210728,15.268778
S05097900_20210728,16.399393
S04037800_20210728,18.208437
S05135100_20210728,15.868764
S05134310_20210728,14.806311
S05020890_20210728,15.3024645
S02068500_20210729,12.87812
S06830193_20210729,16.414335
S04052590_20210729,13.989411
S02070250_20210729,12.798302
S02076180_20210729,14.232182
S05101420_20210729,17.32233
S04524000_20210729,15.116286
S04068925_20210729,15.625842
S02070900_20210730,13.116065
S02096000_20210730,13.224747
S04068598_20210730,15.1004095
S05234287_20210802,17.54794
S06840225_20210802,17.943853
S06156230_20210802,19.400778
S05115600_20210802,17.79423
S06580130_20210802,17.824656
S04039160_20210802,13.102108
S03126511_20210803,13.715748
S03247275_20210803,14.009367
S02068790_20210803,11.417936
S04041770_20210803,15.524446
S04033300_20210803,15.447471
S05128000_20210804,16.76839
S06580619_20210804,14.674237
S04106065_20210804,15.390483
S04082000_20210804,14.851839
S04215750_20210804,11.995873
S04041760_20210804,15.722772
S02057480_20210804,13.945445
S03247140_20210804,14.013987
S03207285_20210804,15.115272
S02001500_20210805,15.887362
S02010000_20210805,13.503977
S03210327_20210806,14.203394
S02037500_20210806,12.411262
S04412011_20210809,14.438555
S03096156_20210809,15.915926
S02007000_20210809,12.974524
S03246920_20210809,13.934647
S05099300_20210810,16.542978
S02123500_20210810,15.3800335
S02124000_20210810,15.192073
S06147220_20210810,18.107656
S05091210_20210811,15.927652
S02001700_20210811,13.1070595
S02081030_20210811,13.329569
S02081620_20210811,12.618311
S04086500_20210811,13.604462
S02001750_20210811,14.152898
S02081300_20210811,13.829255
S06820073_20210811,15.928139
S02030500_20210811,13.01783
S02096750_20210811,13.68731
S02061970_20210812,16.008337
S04074300_20210812,14.600055
S04117800_20210813,14.218985
S02116000_20210813,16.587284
S02073700_20210813,11.81461
S05172000_20210813,18.709991
S06104000_20210816,15.112727
S05117430_20210816,14.186532
S06153900_20210816,19.415245
S04112200_20210816,13.9993925
S06098000_20210816,12.928961
S04132500_20210816,13.415058
S02100100_20210817,13.210552
S05226500_20210817,13.946412
S05183500_20210817,19.628796
S05068110_20210817,16.707539
S05111602_20210817,14.110482
S04173200_20210817,14.331765
S05218560_20210817,19.713966
S03128732_20210817,15.932419
S05116070_20210817,15.605305
S05116600_20210817,13.412104
S06217470_20210818,18.229568
S04051850_20210818,14.106997
S02082000_20210818,12.308619
S06217500_20210818,18.183186
S06446330_20210818,15.8391905
S04606008_20210818,14.534449
S05218630_20210818,19.894361
S05103990_20210818,13.111424
S05111500_20210818,13.596111
S05104000_20210818,13.12265
S03174695_20210818,14.010954
S02085325_20210818,14.825445
S04026000_20210818,13.583932
S05231500_20210818,11.986787
S05207000_20210818,18.185684
S05223000_20210818,13.722935
S05072000_20210819,16.411211
S06167000_20210819,17.568426
S04405027_20210819,13.915789
S06139080_20210819,19.198074
S06026000_20210819,14.4953
S04004805_20210819,14.105362
S05207050_20210819,19.813196
S05106855_20210819,14.999838
S02104000_20210819,13.407841
S03164180_20210819,14.697469
S03178348_20210820,14.013404
S05216150_20210820,18.0319
S02048980_20210820,18.881634
S03254510_20210823,12.456672
S04200499_20210823,12.143791
S02000011_20210823,14.720228
S05114500_20210823,14.699862
S06710014_20210823,19.118542
S03156695_20210824,15.205125
S03146498_20210824,14.519549
S03161335_20210824,15.304294
S06820350_20210824,14.800423
S05172050_20210824,18.825556
S03250952_20210824,12.115463
S06700148_20210825,12.578459
S05034700_20210825,16.741844
S05177600_20210825,18.086113
S05125420_20210825,15.40775
S02003800_20210826,14.033023
S02067505_20210826,12.90071
S06070800_20210826,16.243523
S05125545_20210826,15.318665
S05174000_20210826,14.938615
S04108285_20210826,16.613798
S05042050_20210826,15.794947
S04118000_20210827,14.123814
S05033220_20210827,16.406761
S04431023_20210827,13.392671
S04027730_20210830,16.116293
S06114820_20210830,19.666485
S03136840_20210830,14.540135
S03145290_20210830,15.999066
S06700094_20210830,18.905796
S06700590_20210830,19.041658
S05031050_20210830,16.420666
S05052540_20210830,14.613279
S05053086_20210830,14.423133
S05055700_20210830,14.409765
S06700007_20210831,19.018467
S06830139_20210831,19.001722
S05181130_20210831,18.631119
S05119902_20210831,13.753172
S05060000_20210831,16.7877
S05053975_20210831,17.21311
S05053930_20210831,16.012756
S06114870_20210831,19.655895
S06404800_20210831,15.097409
S03138000_20210831,14.716885
S03158900_20210831,15.60809
S04096175_20210831,15.073621
S06000568_20210831,17.302513
S04179645_20210831,16.575668
S05057180_20210901,19.074959
S05055550_20210901,19.45427
S03105462_20210901,15.611056
S04168050_20210901,12.821309
S04167000_20210901,13.014532
S04094200_20210901,15.916382
S06065700_20210901,16.914463
S05156950_20210901,13.026516
S04011100_20210901,12.166869
S03072200_20210902,14.106555
S06085500_20210902,18.009323
S05061230_20210902,16.072336
S04442002_20210902,13.802583
S04442017_20210902,13.810248
S05042095_20210903,15.718969
S04500012_20210903,18.189995
S03077000_20210903,14.02397
S03222000_20210903,15.029937
S06210640_20210906,18.928623
S04194600_20210906,15.881883
S03037550_20210906,16.81321
S04012200_20210906,13.465036
S06052410_20210907,13.677601
S06051550_20210907,13.678661
S06020460_20210907,18.400042
S05056800_20210907,16.305477
S03161850_20210907,14.821356
S05126050_20210907,14.828512
S05068630_20210907,17.008173
S03005200_20210907,16.894844
S03212150_20210907,14.508779
S04000850_20210907,15.921671
S05068660_20210907,17.089092
S06438710_20210908,17.911854
S05047000_20210908,14.212058
S03231748_20210908,14.803784
S04001990_20210908,13.712309
S05126150_20210908,14.423561
S04002010_20210908,13.111863
S05049220_20210909,16.475298
S04029050_20210909,15.411313
S05069230_20210909,18.584597
S04403009_20210909,14.818216
S06182600_20210910,16.203352
S05215100_20210913,16.209682
S05097500_20210913,15.107523
S05201400_20210913,15.121588
S05201050_20210914,15.427466
S04312009_20210914,13.69536
S05207150_20210914,14.81758
S05199750_20210915,17.60183
S04102400_20210915,13.912563
S04134700_20210915,13.236065
S04103200_20210915,14.535189
S05200115_20210915,17.99128
S05199800_20210915,17.02597
S05183600_20210916,19.799673
S03228880_20210916,14.611222
S04027670_20210916,16.017595
S05085600_20210916,15.408788
S03114825_20210921,15.31743
S03112480_20210922,13.515513
S06438600_20210922,14.975503
S03082000_20210922,13.338024
S03155345_20210923,14.699781
S04591001_20210923,14.315217
S03154640_20210923,14.924872
S04475027_20210923,13.7159195
S06072300_20210924,16.791773
S03153139_20210924,14.82521
S05173350_20210927,18.39328
S05183710_20210928,19.898472
S05094810_20210929,15.7225
S05063800_20210929,17.519724
S05091725_20210930,16.93324
S05117450_20211004,14.502553
S05063980_20211005,16.076612
S05214320_20211008,16.80154
S05061942_20211011,17.106354
S04003060_20211013,17.498375
S04003170_20211014,17.298433
S05163440_20211018,13.510307
S05064120_20211022,16.203068
S05046100_20211027,13.942754
S06000610_20211108,18.630754
S06580347_20211108,19.094488
S06341300_20211110,19.188932
S06135350_20220207,19.719086
S06159930_20220221,19.840342
S06062400_20220302,19.324535
S04682003_20220419,11.391172
S04735002_20220419,12.301733
S06177760_20220419,13.522436
S04781000_20220426,12.298223
S04070000_20220426,13.50952
S04052220_20220427,12.813393
S04108050_20220427,14.830984
S06048300_20220428,13.804759
S06006720_20220428,15.903137
S04049625_20220428,13.802349
S04445000_20220428,14.308378
S04443002_20220429,14.0954485
S04205500_20220502,13.0253525
S05018650_20220504,17.03303
S03091000_20220504,16.137098
S03103370_20220504,16.106262
S03103440_20220505,15.819563
S05007290_20220505,15.21772
S03001000_20220505,18.788252
S05144250_20220509,16.215612
S05128950_20220510,13.599247
S04782005_20220511,14.424817
S04074380_20220511,14.825496
S03219780_20220511,15.425126
S05139000_20220511,15.290361
S03219263_20220512,15.624113
S04660013_20220512,12.924504
S04652000_20220512,13.829739
S06820156_20220512,12.471224
S04660011_20220512,13.100778
S04660012_20220512,12.981506
S05031120_20220516,16.49681
S03230790_20220517,15.103723
S03233825_20220518,15.596621
S06300620_20220518,13.911408
S03036070_20220518,15.110173
S06820043_20220519,16.175888
S03215193_20220519,15.225634
S05065000_20220519,16.08379
S05065500_20220519,17.909225
S05033570_20220520,16.29668
S06095000_20220520,13.120408
S04584000_20220524,14.091898
S04413008_20220524,12.119549
S06003500_20220527,14.568809
S04440003_20220527,14.309412
S03207610_20220530,14.924528
S03128935_20220530,15.887117
S04137993_20220531,12.033421
S04304000_20220531,12.212143
S04131200_20220531,13.213775
S05080745_20220531,16.393034
S06083580_20220531,18.285152
S06020500_20220531,17.838612
S04604005_20220531,14.227081
S04613024_20220601,15.101282
S06021500_20220601,14.1150875
S04016980_20220601,15.901043
S05108145_20220601,14.616168
S05078900_20220601,14.804944
S05079100_20220601,14.6053095
S05167800_20220602,17.587381
S04453027_20220602,12.909798
S06035500_20220602,13.50726
S05106245_20220602,15.3077
S04123980_20220602,12.520795
S04041200_20220602,12.903732
S04453029_20220602,12.924446
S06830800_20220603,15.916146
S04126295_20220603,13.798541
S04083000_20220603,15.3169
S05006200_20220606,14.722887
S05132130_20220607,15.697609
S05125387_20220607,15.184926
S03234346_20220607,14.596906
S06580713_20220608,19.015396
S05151982_20220608,14.121329
S04027210_20220608,18.710825
S06105568_20220609,18.02887
S04153300_20220609,12.631676
S04088000_20220609,15.503852
S04636007_20220609,13.107282
S06028100_20220609,16.371086
S05101400_20220609,17.715326
S04057730_20220609,13.107013
S05098850_20220610,17.383797
S06074500_20220610,16.685492
S05098000_20220613,16.593813
S04086950_20220613,17.513638
S05025830_20220614,14.03444
S06148430_20220614,17.8255
S06580458_20220615,18.536251
S04089400_20220615,14.797173
S06118600_20220615,18.284697
S06470900_20220615,16.399475
S04541003_20220615,16.31018
S06113270_20220615,17.301464
S06580333_20220615,17.868023
S05119070_20220615,14.795185
S06040400_20220615,12.849672
S03191700_20220616,14.913356
S06069650_20220616,18.482538
S06038110_20220616,13.000386
S03040250_20220616,16.872688
S06000890_20220616,14.41911
S06043869_20220616,13.926219
S05119030_20220616,14.10838
S05096360_20220617,18.100513
S04061000_20220620,13.098473
S04061600_20220620,12.793992
S05025600_20220620,14.422711
S06850166_20220620,18.009071
S06195330_20220621,17.85764
S04029625_20220621,15.813101
S06215000_20220621,18.296665
S05001600_20220621,16.404673
S05091090_20220621,15.518674
S03270450_20220621,11.815803
S06590210_20220621,19.010054
S04131250_20220621,12.534777
S05005610_20220622,14.514874
S06182062_20220622,17.788057
S04135000_20220622,13.129208
S05170800_20220622,18.641294
S05091310_20220622,16.016632
S05091280_20220622,15.906161
S06222370_20220622,16.525665
S06222380_20220622,16.515274
S06446401_20220623,16.45129
S03273266_20220623,11.71614
S06169100_20220624,12.621674
S06001219_20220627,18.06612
S05030000_20220627,14.111775
S05029650_20220627,13.813664
S03163742_20220627,14.91334
S05234027_20220627,16.212305
S05037000_20220627,14.087652
S06195000_20220628,14.4974575
S03083450_20220628,13.008188
S03104000_20220628,16.01136
S03164285_20220628,15.000989
S03222345_20220628,15.121255
S06180500_20220629,13.507352
S06177956_20220629,13.321956
S03063650_20220629,13.619317
S03134708_20220629,14.425335
S06620810_20220629,18.105566
S03221940_20220629,15.004465
S05229080_20220629,13.381085
S03202250_20220629,15.802982
S03162000_20220629,14.917088
S05166900_20220630,16.894531
S04119750_20220630,15.099723
S03162325_20220630,15.134625
S05234026_20220630,14.521482
S03213480_20220630,14.918332
S05234011_20220630,15.395593
S06215790_20220701,19.63059
S05234024_20220704,15.409925
S05148000_20220704,18.27132
S06173460_20220705,16.805578
S05230020_20220705,12.993938
S06300010_20220705,19.545418
S05225100_20220705,15.195019
S05228280_20220706,13.226417
S04506017_20220707,15.60699
S04506022_20220707,14.904849
S06189500_20220707,13.674793
S04211950_20220708,11.687095
S06176120_20220708,16.514984
S05139335_20220711,17.508942
S05132800_20220711,17.10941
S05060400_20220711,16.87513
S05060500_20220711,16.88721
S05058100_20220711,16.975338
S04134000_20220712,13.823397
S05137090_20220712,18.974676
S04057200_20220712,17.325329
S03240320_20220712,14.407804
S05139355_20220712,17.397287
S05157800_20220712,15.399513
S05023960_20220712,14.427341
S05061200_20220712,16.299429
S05158160_20220712,14.222097
S05060200_20220712,16.796637
S05023050_20220712,15.800976
S06580171_20220712,17.192623
S03105865_20220713,15.196955
S05158294_20220713,14.810215
S05157250_20220713,13.484919
S05139112_20220713,15.773268
S04041700_20220714,15.518217
S04154200_20220718,13.336075
S05138100_20220718,18.170727
S05116530_20220719,13.595169
S06010000_20220719,14.8337965
S04110000_20220719,14.399505
S06149070_20220719,18.126436
S03057000_20220719,14.797451
S05135900_20220719,17.297422
S05114000_20220719,13.601626
S05007985_20220719,15.288385
S05088120_20220719,16.101545
S05068080_20220719,18.091923
S03052245_20220719,14.696104
S05087880_20220719,16.108692
S05087000_20220719,16.101467
S04033300_20220719,15.640038
S06179500_20220719,13.637419
S03257800_20220720,11.605488
S06180860_20220720,14.502598
S04076000_20220720,16.326078
S05046100_20220720,13.89568
S06000868_20220720,16.525738
S06000425_20220720,17.482023
S05061942_20220720,16.801025
S05068355_20220720,18.117325
S05134260_20220721,15.598528
S03255180_20220721,12.222451
S03033000_20220721,16.36761
S04096400_20220721,14.435636
S05064120_20220722,16.183346
S05068270_20220725,18.130512
S06580960_20220725,19.200186
S06820316_20220725,15.616656
S05015800_20220726,16.193474
S04009480_20220726,12.4002285
S04111000_20220726,14.917624
S06117380_20220726,17.08765
S06580980_20220726,14.592957
S06178000_20220726,13.878246
S05117450_20220726,14.397461
S05162450_20220726,14.591945
S05118000_20220727,14.114295
S05176170_20220727,18.84196
S05176160_20220727,18.846218
S06177000_20220727,14.6934185
S05179500_20220727,19.507439
S06147210_20220727,18.708252
S04165800_20220727,13.199074
S05011600_20220727,16.092663
S05115000_20220728,14.621876
S04090500_20220728,14.40705
S03244910_20220728,14.70152
S04096175_20220728,14.69036
S05133000_20220801,16.491436
S06300250_20220801,11.903275
S04192100_20220801,15.319094
S05234000_20220801,14.293371
S05052700_20220802,14.709567
S06710110_20220802,18.5919
S05197010_20220802,16.299835
S05235850_20220802,18.656393
S05197600_20220802,15.5116625
S03024510_20220803,15.583271
S04146600_20220803,12.917283
S04392002_20220803,12.040416
S05106850_20220803,14.802393
S05099300_20220803,17.009787
S05222995_20220803,14.281186
S03071080_20220803,14.226381
S05220950_20220803,12.612665
S05121000_20220803,15.704142
S05054020_20220804,17.18561
S05120092_20220804,15.106727
S03241330_20220804,13.819169
S05234900_20220804,13.341411
S05233000_20220804,12.929221
S03127550_20220804,13.617448
S03033030_20220805,17.000404
S05234287_20220805,17.549183
S05143120_20220805,16.707184
S05152000_20220808,14.096097
S05153000_20220808,13.739882
S05223145_20220808,12.7079525
S05230990_20220808,13.114384
S05151200_20220808,19.17602
S05154250_20220808,13.408838
S05207150_20220808,14.726999
S05197100_20220808,16.397848
S06580640_20220809,13.919965
S06175645_20220809,19.49686
S04082000_20220809,14.777318
S05155800_20220809,14.795014
S05148150_20220810,18.70481
S04024300_20220810,13.004698
S05203060_20220810,19.81872
S05125510_20220810,15.404091
S06167000_20220810,16.85059
S04180100_20220810,15.51186
S04338003_20220811,16.87779
S05207030_20220811,18.54879
S05158700_20220812,13.109354
S04178455_20220812,17.142752
S04011100_20220817,12.378379
S05177000_20220818,17.669588
S04195400_20220822,15.999889
S05069940_20220822,17.806614
S04354000_20220822,16.085396
S06166990_20220822,17.746933
S03236690_20220822,13.90533
S04070230_20220823,14.169172
S03127370_20220823,13.494822
S05131000_20220823,13.492881
S04074200_20220824,14.327891
S03084470_20220824,13.009439
S04068200_20220824,14.011612
S05170000_20220824,16.901962
S03271965_20220825,12.528373
S04067200_20220825,15.109062
S03018431_20220825,15.598799
S04194500_20220825,15.6872425
S03131000_20220829,14.7114
S04197818_20220829,13.896822
S04009000_20220829,12.266302
S05083400_20220830,13.217623
S05080960_20220830,14.098176
S06139750_20220830,17.450487
S04134700_20220830,13.4112015
S06137250_20220830,17.514404
S03025238_20220830,16.494482
S05172920_20220830,18.405327
S04175500_20220830,13.42316
S03033120_20220830,16.667948
S06830110_20220831,18.837185
S05167010_20220831,17.900906
S04606025_20220831,14.906484
S06053000_20220831,13.612668
S06462300_20220831,13.975734
S05076050_20220831,14.897058
S04021000_20220901,12.087077
S05191150_20220901,17.766718
S05068505_20220901,16.019997
S05191200_20220901,18.007402
S05192024_20220901,17.987682
S04000580_20220905,17.86552
S05091540_20220905,16.714052
S05125230_20220906,14.728205
S05068700_20220906,18.115112
S04404007_20220906,18.158077
S05126150_20220906,14.429628
S05126060_20220906,15.133873
S05044300_20220906,15.714226
S05055900_20220907,14.414402
S04009350_20220907,13.147265
S04475026_20220908,13.928521
S05055600_20220908,19.35985
S05091000_20220908,15.376539
S05120020_20220908,14.101239
S05089060_20220909,17.18916
S04052600_20220909,15.089615
S04168140_20220912,13.012079
S04063420_20220912,13.222825
S05173280_20220912,18.478882
S04171450_20220913,13.301425
S06330110_20220913,17.226383
S05031380_20220913,16.218588
S05033800_20220914,16.705965
S05033590_20220914,16.39724
S05041000_20220915,15.029852
S05034700_20220915,16.99447
S05039000_20220916,15.702118
S05201030_20220919,15.102717
S05207150_20220919,14.710254
S06003005_20220920,19.467636
S05199700_20220920,17.513643
S05237000_20220920,15.887401
S05099000_20220921,17.389013
S05204880_20220921,19.431448
S05201060_20220921,16.356575
S06001289_20220922,16.698362
S05206180_20220922,19.829187
S06106600_20220928,16.024464
S05216210_20220930,18.145332
S04403008_20221005,12.914718
S04001900_20221006,13.626683
S05180880_20221007,17.735546
S04401005_20221011,15.283975
S06001769_20221011,15.287507
S04001940_20221011,14.216445
S06462100_20221103,14.190058
S06154250_20230207,19.835026
S06159930_20230214,19.823984
S06069600_20230228,19.130863
S06129600_20230404,14.973048
S06178057_20230411,13.61558
S06177988_20230412,13.825445
S06177760_20230412,13.515512
S06179665_20230413,16.588774
S06580075_20230419,15.1992
S06000520_20230509,12.722954
S06113260_20230511,17.47586
S06300121_20230522,15.317162
S06084770_20230523,18.818436
S06300620_20230523,14.232879
S06016500_20230524,15.107772
S06455050_20230524,13.295137
S06262450_20230525,15.029823
S06850166_20230530,17.843712
S06074500_20230601,16.697786
S06069050_20230602,15.799688
S06131900_20230607,13.023433
S06190900_20230608,13.600622
S06173460_20230612,16.602802
S06187100_20230619,14.514153
S06000580_20230620,16.74431
S06090600_20230621,18.425127
S06000579_20230621,16.894073
S06940940_20230623,18.108435
S06126600_20230626,14.501937
S06474920_20230627,14.091841
S06014990_20230630,16.402622
S06108500_20230704,18.914896
S06580458_20230704,18.590872
S06411400_20230704,14.219955
S06405950_20230705,14.775257
S06003500_20230705,14.161558
S06119000_20230705,17.966303
S06094039_20230711,12.327309
S06177972_20230712,13.32594
S06000401_20230717,19.20914
S06300056_20230717,14.203529
S06830119_20230718,18.646772
S06182062_20230718,17.545773
S06195330_20230719,17.66892
S06173650_20230720,16.013876
S06076420_20230726,18.121197
S06830139_20230818,18.841501
S06178000_20230822,13.718935
S06830142_20230830,19.304836
