SamplingOperations_code,IBD_hat
S05235850_20070709,18.948364
S05113000_20070723,13.221741
S05111500_20070724,13.799393
S05082000_20070724,13.021229
S05025600_20070725,13.41203
S05086000_20070725,14.686314
S05030000_20070725,13.410445
S05035200_20070726,14.221309
S05048000_20070726,15.222413
S05153950_20070727,14.5229845
S05191000_20070727,14.983664
S05225100_20070727,14.381979
S05077950_20070727,13.893702
S05111620_20070727,13.728364
S05041000_20070728,16.504747
S05031850_20070728,15.008182
S02115725_20070730,14.028636
S02115660_20070730,13.529367
S02115800_20070731,14.721669
S05192320_20070731,18.082973
S05089090_20070801,15.506908
S05230500_20070801,15.110601
S05214320_20070801,16.025757
S02106430_20070801,14.13554
S02124000_20070801,15.096192
S02115675_20070802,13.59896
S05220920_20070802,15.201321
S05206000_20070802,19.179153
S02115685_20070802,13.625992
S05204200_20070802,17.489376
S05109020_20070802,14.028179
S05111000_20070802,18.974226
S05200050_20070803,18.839388
S05164000_20070803,14.495058
S05174000_20070803,14.520795
S05151000_20070803,19.189
S02041750_20070804,12.713185
S05145410_20070806,16.292456
S05165255_20070806,16.074345
S05176000_20070806,16.906448
S05175800_20070806,16.511177
S05026000_20070807,13.341323
S05076000_20070807,15.099841
S05181600_20070807,19.87939
S05181000_20070807,19.608786
S02032000_20070807,14.11654
S02017000_20070808,12.691469
S05173150_20070808,19.710285
S05167450_20070809,15.485909
S05167950_20070809,15.448082
S05171900_20070810,17.820078
S05096050_20070811,17.907251
S05145300_20070813,17.30093
S05158150_20070813,13.205886
S05068020_20070814,18.482351
S05130000_20070814,12.7171
S05159000_20070814,13.335755
S05156950_20070814,12.707308
S05093300_20070815,13.599286
S02094920_20070821,13.339971
S05142100_20070823,14.398106
S05135000_20070824,15.812029
S05140000_20070824,16.922499
S05135100_20070824,15.988976
S05120085_20070825,14.526292
S05123000_20070825,14.0918455
S05131200_20070825,12.510349
S05124000_20070825,14.167596
S05125000_20070825,13.841076
S05132000_20070825,13.606149
S05122000_20070826,14.387629
S02059500_20070827,13.332653
S05015100_20070828,15.124384
S05022450_20070828,14.4347105
S02070000_20070829,11.8233185
S02057000_20070829,11.618438
S05000150_20070830,14.800604
S05013100_20070830,15.119738
S02067400_20070830,13.598883
S05001600_20070830,13.918063
S02085600_20070831,14.111262
S02085325_20070831,13.504125
S02079000_20070831,12.109894
S05223160_20070903,13.119982
S05226030_20070903,15.423807
S05223130_20070903,13.454443
S05230990_20070903,13.890792
S02088000_20070903,12.282195
S05053100_20070904,17.135635
S05227240_20070904,13.200872
S05192200_20070904,16.774837
S05192305_20070904,17.517876
S02110600_20070904,14.725673
S05053000_20070905,16.534994
S05090050_20070905,14.519372
S05055950_20070905,16.625418
S02001500_20070907,13.929258
S05055940_20070907,16.321882
S05042080_20070907,15.809307
S05044300_20070907,16.525522
S05129070_20070907,13.837155
S05088400_20070908,16.017342
S05089000_20070908,15.720492
S05119065_20070908,14.205755
S05119080_20070909,13.938216
S02044000_20070910,12.536575
S05056900_20070912,18.881357
S05057150_20070913,19.071293
S05055550_20070914,18.877104
S05055600_20070917,19.094618
S05068850_20070917,18.325903
S05068355_20070927,18.705502
S05055150_20070927,19.067707
S06580839_20080304,17.721031
S06168250_20080623,11.952396
S06300072_20080625,13.103302
S06580150_20080702,16.000729
S06580816_20080702,16.149202
S06185500_20080702,13.935757
S05121000_20080707,14.493377
S06187100_20080707,14.614567
S05133100_20080708,17.338345
S06175500_20080708,17.827906
S06830800_20080709,15.700314
S06222390_20080709,13.202127
S05134000_20080709,12.43037
S05137000_20080709,17.235218
S05134310_20080709,14.509949
S06183850_20080709,12.992123
S06179200_20080709,14.906639
S05057150_20080710,18.99995
S05154500_20080710,13.802577
S06178935_20080710,15.016562
S05117000_20080710,14.784708
S05117500_20080711,15.023892
S06425800_20080716,16.377384
S06108000_20080716,19.593065
S05068020_20080716,18.577845
S05068355_20080716,18.795166
S06044900_20080718,14.0988455
S06020500_20080719,16.912878
S06129550_20080721,15.82015
S06084360_20080721,18.512562
S06183900_20080722,13.92584
S06183800_20080722,13.349362
S06130500_20080722,14.044909
S05060000_20080722,17.598204
S05049950_20080722,15.503808
S05068470_20080723,17.765297
S06006550_20080723,15.832091
S05068400_20080723,16.8996
S05045250_20080723,14.41709
S05046000_20080723,14.922829
S02107870_20080723,16.769083
S05033500_20080724,15.281919
S06097000_20080724,11.485371
S05107000_20080724,14.316819
S05022000_20080725,15.299473
S05111650_20080725,14.21926
S05003000_20080726,15.923159
S05191200_20080727,15.294954
S05074000_20080727,13.789834
S05081000_20080728,13.330896
S02093100_20080729,12.310427
S05096100_20080729,16.521065
S05228500_20080729,14.027817
S05132600_20080729,15.555922
S06710030_20080729,18.035212
S05112210_20080729,13.617851
S05149600_20080729,19.479837
S02115725_20080729,14.218677
S05035300_20080730,16.033936
S06003945_20080730,15.100724
S06003805_20080730,15.121135
S02123000_20080730,15.289288
S05217150_20080730,17.839272
S02106600_20080730,12.987338
S06117580_20080730,18.182903
S02115775_20080730,14.921585
S06179800_20080730,15.016493
S05148150_20080730,19.290731
S05145900_20080730,17.376059
S05021650_20080730,15.914926
S05055150_20080731,19.210682
S05089080_20080731,15.918448
S05054600_20080731,18.400202
S06411350_20080731,14.603156
S02116500_20080731,14.534033
S05183000_20080731,19.446823
S02117350_20080731,13.636181
S02070750_20080731,12.539972
S02070250_20080731,11.407953
S02072600_20080731,11.404327
S02057400_20080801,13.996892
S02051000_20080801,15.618521
S05067950_20080801,18.591457
S05068300_20080801,18.70913
S05067000_20080801,17.72188
S05068270_20080801,18.601704
S05147000_20080804,18.285162
S05149000_20080804,19.48426
S02067400_20080804,13.802062
S05170900_20080805,17.201649
S02001500_20080805,14.147984
S05158200_20080805,14.324943
S05158150_20080805,13.496353
S05007600_20080805,14.91614
S02065090_20080805,15.9274235
S02021000_20080806,13.497037
S06580178_20080806,16.826788
S05088130_20080806,16.097378
S02045500_20080806,12.723882
S02025100_20080806,13.61045
S05015100_20080806,15.227429
S05011730_20080806,15.59848
S02030500_20080807,13.024702
S02019500_20080807,13.469334
S05018800_20080807,15.599584
S05125860_20080807,16.25857
S02036000_20080807,12.719531
S05018950_20080807,15.524987
S05230990_20080807,13.799046
S02020000_20080807,13.607492
S02010000_20080808,12.796332
S02003200_20080808,14.017035
S02079000_20080808,11.939185
S02000010_20080811,15.184246
S02003100_20080811,13.926554
S02001016_20080811,14.7081175
S05069900_20080813,16.424099
S05069000_20080813,17.015596
S05068760_20080813,17.485405
S05068700_20080813,17.425808
S05057050_20080814,17.90213
S05053975_20080814,18.145615
S02082970_20080814,11.611478
S05056000_20080814,16.520638
S05053100_20080814,17.136745
S05055000_20080814,18.602167
S06153070_20080818,15.564898
S05234980_20080819,15.970531
S06820850_20080819,14.673172
S05229000_20080820,13.533818
S05192018_20080820,17.594563
S05227000_20080820,13.937386
S05231500_20080820,12.865978
S05224000_20080821,13.897561
S05046700_20080821,15.19643
S05189000_20080821,19.728548
S05220920_20080822,15.198898
S05217400_20080822,18.531664
S05076800_20080825,17.018436
S06098700_20080827,13.793741
S02082350_20080829,11.815197
S05150600_20080903,18.893852
S05151000_20080903,19.295431
S05098800_20080904,15.428139
S05171900_20080908,18.17667
S05044300_20080909,16.550152
S05042085_20080909,16.190666
S02109000_20080909,16.012892
S02108700_20080909,16.411852
S05055940_20080909,16.464806
S05183970_20080909,19.874823
S05055900_20080909,16.537313
S05042080_20080909,15.991991
S05162980_20080910,14.217345
S05158000_20080910,12.920149
S06217500_20080911,18.761578
S05139230_20080915,16.392368
S06215800_20080917,19.46405
S06215000_20080922,18.370687
S06065700_20080930,17.051207
S06106600_20081002,16.129307
S06149500_20081014,15.765776
S06580362_20081014,18.303368
S06820126_20081105,18.71446
S06135600_20081110,19.521194
S06830152_20081215,17.416836
S06063500_20081215,19.115541
S06090600_20081216,16.718164
S06135600_20090216,19.50401
S06139500_20090319,14.902132
S06154250_20090324,19.427784
S06115080_20090505,17.2697
S06108000_20090513,19.597153
S06174950_20090528,13.2479105
S06120560_20090529,16.493065
S06180500_20090602,12.409361
S06178042_20090604,14.904847
S06205435_20090616,14.005552
S06193500_20090617,13.301438
S05130000_20090617,13.227521
S06035690_20090618,13.617998
S06580318_20090622,18.071074
S05068400_20090623,16.914316
S06107760_20090623,15.813245
S06175840_20090624,18.613306
S06094150_20090624,14.018625
S06150820_20090624,15.463068
S06178070_20090624,18.164415
S05181600_20090625,19.900177
S05181800_20090626,19.619747
S06175540_20090629,19.110468
S06176950_20090629,18.458107
S06176000_20090630,18.152702
S05145600_20090630,16.576166
S06094230_20090630,11.618393
S06175320_20090630,12.221882
S05086280_20090701,15.623034
S05173150_20090701,19.70971
S06830550_20090701,14.325485
S06710038_20090701,13.318258
S02100600_20090701,11.95864
S06166990_20090702,19.123306
S05179500_20090702,19.507452
S06216160_20090702,13.182428
S06000980_20090702,14.182718
S05090000_20090702,15.7144
S06250270_20090702,13.295666
S05084000_20090702,13.598809
S06121020_20090702,14.19334
S06106030_20090702,15.084545
S05081000_20090702,13.336017
S05129000_20090703,13.892055
S05218850_20090706,14.091855
S05197900_20090707,14.416456
S06177980_20090707,15.089476
S05192100_20090707,17.795507
S06188785_20090708,14.933252
S05024000_20090708,14.616575
S05223170_20090708,12.998425
S05223145_20090708,13.101536
S05101420_20090708,15.838141
S05139230_20090708,16.400202
S05011600_20090709,15.428996
S05132000_20090709,13.494132
S05033200_20090709,16.514538
S05134300_20090709,14.418462
S05229250_20090709,13.646357
S05025000_20090710,15.294481
S05007600_20090710,15.103668
S05000150_20090710,15.510914
S05228000_20090711,12.555707
S05005950_20090711,14.227377
S05038000_20090716,14.413576
S05033800_20090716,16.375875
S05032800_20090716,15.424065
S05021800_20090717,15.541455
S05044200_20090717,15.181841
S06006900_20090720,17.013157
S06206000_20090720,14.196942
S06016940_20090721,15.734254
S06000890_20090721,14.481233
S06211700_20090721,19.404255
S06405950_20090721,14.713756
S06043875_20090721,14.140475
S06425800_20090722,16.493896
S02011000_20090722,12.412755
S02013000_20090723,13.005268
S06435450_20090723,16.090757
S06440445_20090723,14.5871525
S06020100_20090724,18.171051
S06084000_20090724,19.00149
S06018200_20090724,18.318726
S05155300_20090727,15.005465
S02106500_20090727,13.602705
S02106750_20090727,13.412895
S06003550_20090728,14.505083
S02068800_20090728,11.931611
S06003805_20090728,15.142107
S05108000_20090728,14.099245
S05153940_20090728,14.605093
S02054500_20090728,12.621506
S02103950_20090729,12.031165
S02075300_20090729,11.602364
S02090000_20090730,10.730204
S05233500_20090730,13.104484
S05230500_20090731,15.324254
S02025150_20090803,13.503471
S02076180_20090803,13.501603
S02024000_20090803,13.264191
S02038000_20090803,12.721785
S02116600_20090804,14.712469
S02117000_20090804,14.229203
S05218700_20090804,19.899406
S02115000_20090804,14.815184
S02045160_20090804,12.895676
S02025500_20090804,13.744847
S05031300_20090804,15.784562
S02030500_20090804,12.933219
S05005610_20090805,13.603699
S02120000_20090805,13.997385
S05234015_20090805,18.88649
S02121050_20090805,15.169681
S02036265_20090805,12.915862
S02041000_20090805,13.321872
S02032000_20090805,13.688297
S02084900_20090805,10.698689
S02035000_20090805,13.23451
S02048980_20090806,16.615686
S02067000_20090806,12.892596
S05011000_20090807,15.344021
S06830079_20090813,18.835423
S05090050_20090818,15.574123
S05067800_20090818,18.407688
S02061500_20090820,14.522144
S05064750_20090821,14.593832
S06700070_20090825,19.778404
S06300010_20090825,19.702126
S02107400_20090826,16.390327
S02106815_20090826,13.939125
S06044900_20090902,13.815163
S06222600_20090902,18.570759
S06470900_20090909,16.87402
S06104000_20090923,14.052801
S06830152_20091215,17.106699
S06139500_20100317,14.879172
S06209970_20100531,13.769707
S06109050_20100601,19.876194
S05056000_20100602,16.432354
S06101000_20100602,14.625792
S03134730_20100603,14.708529
S06178050_20100607,15.282359
S06177750_20100608,14.996318
S03006268_20100610,19.270535
S03002100_20100610,18.356163
S03006271_20100610,19.379137
S03006590_20100610,18.755882
S03001000_20100610,19.065414
S06091600_20100614,17.028166
S06580150_20100614,16.038555
S06830550_20100628,14.27721
S05166000_20100628,16.898678
S05180800_20100630,19.54002
S06175540_20100701,19.119255
S05176000_20100702,17.205736
S05029500_20100703,15.128694
S06004870_20100706,14.717039
S06116720_20100706,19.864796
S06416910_20100706,15.40354
S06039960_20100706,14.542592
S06045750_20100706,15.277131
S03036510_20100707,14.973888
S05046000_20100707,14.8113165
S06310200_20100708,15.607087
S05130000_20100708,13.315939
S05083000_20100708,13.806499
S06033000_20100708,16.021896
S06074500_20100708,15.404541
S06940940_20100708,17.031855
S06147215_20100708,16.674397
S06147655_20100708,17.026365
S06085500_20100709,18.889849
S05091210_20100712,14.532761
S03055000_20100712,15.110897
S03189900_20100713,13.164051
S03189975_20100713,13.997784
S06300600_20100716,19.396706
S05058100_20100716,15.712194
S03084470_20100716,13.119609
S03082000_20100716,13.114519
S05074000_20100717,12.725391
S05048000_20100717,15.52185
S02000010_20100719,15.297044
S03156580_20100719,14.523827
S05125780_20100719,16.253326
S02000011_20100719,15.284063
S05029500_20100719,15.119386
S06051550_20100720,12.338607
S03277658_20100720,14.406005
S02010000_20100720,12.875482
S05024200_20100720,14.824365
S02052500_20100721,14.329783
S05035300_20100721,16.015678
S06204550_20100721,15.417975
S02009000_20100721,14.838803
S05095000_20100721,14.508163
S03129440_20100721,12.706532
S02022760_20100722,14.30421
S05116650_20100722,14.498902
S02020000_20100722,13.701007
S02019950_20100722,13.95665
S02018500_20100722,13.973463
S05088400_20100722,16.215857
S05067800_20100723,18.30476
S03153139_20100723,14.700511
S05061942_20100723,16.076765
S05049950_20100723,14.997875
S05096100_20100724,16.304646
S02001046_20100726,15.003869
S03005200_20100726,15.296054
S03078510_20100726,14.094585
S05106820_20100726,15.928653
S02030350_20100727,13.232216
S05153940_20100727,14.523456
S05106400_20100727,15.771803
S03011300_20100727,15.601624
S05096400_20100728,15.523106
S03004280_20100728,16.327686
S03008505_20100728,15.964882
S05097750_20100728,14.905377
S03092811_20100728,15.217343
S03085805_20100728,15.384715
S03085730_20100728,15.638034
S02067150_20100728,11.929844
S05057150_20100728,18.981634
S03088800_20100729,16.455122
S03088410_20100729,17.071291
S02057600_20100729,12.420643
S03094356_20100729,16.545221
S02076180_20100729,13.800781
S03093445_20100729,15.129903
S02056200_20100729,11.577981
S06215900_20100729,19.745882
S05091560_20100729,14.693687
S03149081_20100730,14.523538
S05068645_20100730,17.43848
S05065000_20100730,15.0119915
S05120010_20100802,13.870314
S05119050_20100802,14.130011
S02063000_20100803,13.911139
S06153070_20100803,15.215253
S06005550_20100803,15.033565
S02093100_20100803,12.113592
S05154500_20100803,13.931379
S02054100_20100804,12.763943
S03269000_20100804,12.891132
S02057400_20100804,13.954014
S03267530_20100804,13.319302
S02116000_20100804,15.41989
S05140500_20100804,16.570477
S05069900_20100804,16.090397
S05137000_20100804,17.536377
S03231260_20100804,14.90633
S05218000_20100804,18.647778
S03165020_20100805,14.706703
S05125000_20100805,13.452599
S05234020_20100805,14.123205
S06169880_20100805,18.001286
S05122000_20100805,14.219133
S05121350_20100805,14.2937765
S05220950_20100806,12.414675
S05225300_20100808,14.424963
S05226500_20100808,14.012365
S05191800_20100809,17.970112
S06468450_20100809,16.373705
S02106410_20100809,14.535854
S06217000_20100809,17.88566
S03026179_20100809,17.075756
S05192024_20100809,17.046818
S06147840_20100810,18.053318
S06147130_20100810,16.421469
S03033000_20100810,15.660999
S05201050_20100811,16.6715
S05201055_20100811,16.53699
S06037085_20100811,14.707222
S05202950_20100811,17.512527
S06035330_20100811,13.718384
S05209000_20100811,14.585089
S05209500_20100811,15.620329
S03068950_20100812,13.629694
S02089000_20100812,11.307853
S03053750_20100812,15.624667
S06494595_20100813,17.201601
S03215470_20100817,15.415531
S03137570_20100817,13.193684
S03025919_20100818,17.501749
S03024245_20100818,16.559893
S03033240_20100819,16.829138
S03221795_20100819,14.795854
S03221625_20100819,15.107742
S03189545_20100819,12.867488
S06151000_20100823,19.787838
S03190725_20100824,13.904946
S06012055_20100824,18.467083
S06110110_20100824,15.725581
S03162365_20100824,14.799539
S03149487_20100825,14.892072
S06210850_20100825,19.356796
S06710110_20100825,19.341705
S03115616_20100825,15.129663
S03115990_20100825,15.114388
S06212600_20100825,19.393433
S06710010_20100825,19.569382
S03114395_20100826,14.213267
S03113040_20100830,15.315066
S03214000_20100831,15.094647
S03081016_20100831,13.424966
S05068600_20100831,16.420761
S05055000_20100901,18.4837
S03027549_20100901,14.567266
S03190300_20100901,14.901165
S03126704_20100901,13.900469
S06300073_20100903,17.403236
S06175000_20100903,12.110105
S02096900_20100903,13.519111
S02094970_20100903,16.127121
S02115762_20100906,14.925689
S02038000_20100906,13.100875
S06026000_20100906,14.744911
S02047000_20100906,12.805968
S06040400_20100915,14.689115
S06041800_20100915,14.436626
S06029000_20100916,15.159972
S02041950_20100921,12.925741
S02099550_20100922,13.119885
S02095500_20100923,12.485516
S03271965_20100927,13.113689
S03265600_20100927,13.624416
S03255180_20100928,13.4074745
S03227100_20100928,15.399117
S06113000_20101006,16.99121
S03219000_20101011,15.206529
S04009430_20101012,12.586453
S03208483_20101013,15.915403
S03208000_20101014,15.922096
S06189500_20101022,13.709934
S06188900_20101204,11.530306
S06133560_20110209,19.731552
S06154250_20110309,19.11648
S06300046_20110419,18.548725
S03266975_20110502,13.378758
S06175320_20110503,13.686325
S06106030_20110519,15.002424
S03024245_20110525,16.536379
S06166990_20110525,17.859255
S05120095_20110527,14.097194
S05016100_20110527,15.20421
S05134900_20110528,15.198814
S05091210_20110607,14.7301235
S03024560_20110607,15.528039
S03026382_20110608,16.99576
S03035000_20110609,15.166402
S06016940_20110614,15.825756
S06830129_20110614,15.435761
S03029500_20110616,15.526835
S06176680_20110627,16.146051
S06053500_20110627,13.881051
S06176620_20110627,15.190909
S06173250_20110628,17.079943
S06173460_20110628,17.144497
S06053940_20110628,13.096442
S06580341_20110629,14.351432
S05074750_20110630,15.0909815
S06083925_20110630,18.835049
S06147210_20110704,18.907715
S05111950_20110704,14.091596
S05118706_20110704,14.560144
S05234007_20110705,14.134411
S05228290_20110706,13.706304
S06468450_20110706,16.302694
S06118600_20110706,16.33123
S03186700_20110707,14.217221
S06250250_20110708,16.1371
S03189398_20110708,13.018555
S03189315_20110708,13.22044
S03189828_20110708,13.025809
S05142520_20110708,15.618483
S05074580_20110711,13.51419
S03145290_20110711,15.007895
S03088890_20110711,16.53161
S06195820_20110712,13.533713
S05074700_20110712,14.315037
S05125900_20110718,13.6033535
S03013300_20110718,15.208694
S03174825_20110718,14.025987
S03137290_20110718,14.521448
S02098800_20110718,13.400575
S06123500_20110718,14.714996
S03133140_20110719,14.538087
S03133435_20110719,14.6206665
S06118000_20110719,14.683747
S03132615_20110719,14.326903
S06710039_20110719,19.307302
S02001700_20110720,13.121331
S05127470_20110720,14.123326
S06161400_20110720,16.598328
S06439900_20110720,14.947263
S03132620_20110720,14.250604
S02044000_20110720,13.122219
S05101600_20110721,16.92609
S06710100_20110721,19.217144
S05020000_20110721,15.079817
S05018400_20110721,15.208388
S06111555_20110721,19.668564
S02003800_20110722,13.52411
S02007000_20110722,12.888691
S02018500_20110722,14.313796
S02003400_20110722,13.219786
S02004000_20110723,13.496903
S02001025_20110723,14.421179
S02106600_20110725,13.243432
S02106850_20110725,13.42804
S03134730_20110725,14.890853
S03228690_20110725,14.909986
S05015800_20110726,15.065971
S05015320_20110726,15.432073
S05151000_20110726,19.482029
S05017060_20110726,15.241224
S05044200_20110726,15.740963
S05044300_20110726,15.731192
S03237800_20110726,14.81945
S05018000_20110726,15.063145
S05096100_20110726,16.509838
S02069100_20110726,12.01827
S02067000_20110726,12.701596
S02060500_20110726,12.713128
S06151000_20110726,19.89315
S06580318_20110727,18.00273
S03250975_20110727,12.732138
S03221795_20110727,14.916831
S05022080_20110727,15.624292
S05016100_20110727,15.264174
S05018800_20110727,15.819092
S05019000_20110727,15.606863
S03233896_20110728,14.998229
S05134300_20110728,14.302519
S05018750_20110728,16.208546
S06217000_20110728,17.990982
S03052245_20110728,14.024806
S05018950_20110728,15.593069
S03166490_20110728,14.414142
S05033500_20110728,15.439502
S05019930_20110728,15.267391
S05020200_20110728,15.048623
S06204550_20110728,15.206877
S06190070_20110728,11.839554
S06208900_20110728,11.766755
S05237000_20110801,17.658451
S03258000_20110801,12.718897
S05192050_20110801,18.479443
S02117575_20110801,14.719771
S05120020_20110801,13.599427
S02085600_20110801,13.664498
S03141730_20110801,14.545994
S06193700_20110801,11.606399
S05226030_20110802,15.62538
S05125780_20110802,16.034985
S02115200_20110802,13.767569
S05144250_20110802,14.922613
S05223210_20110803,13.66778
S02123000_20110803,15.173446
S03156940_20110803,14.102144
S02118750_20110803,14.211332
S02124000_20110803,14.715822
S05207150_20110803,15.546274
S02115650_20110804,14.4117365
S03098000_20110804,15.944829
S05148000_20110804,18.45792
S03096650_20110804,15.798986
S05147000_20110804,17.993427
S05191000_20110804,15.970393
S05192024_20110804,17.144407
S03272235_20110804,12.994405
S03269295_20110804,12.640465
S06017000_20110804,15.716782
S03102000_20110805,15.602472
S05013900_20110805,15.109293
S03270390_20110805,12.894818
S03190790_20110808,14.616562
S05129150_20110809,13.336813
S03189490_20110809,13.117067
S03075000_20110811,14.233749
S05154400_20110811,13.616342
S05218500_20110812,19.321007
S03012100_20110816,15.592043
S05029500_20110816,15.320796
S05005605_20110816,14.009609
S06049010_20110816,13.514149
S05216210_20110817,17.345287
S05234280_20110817,15.591896
S05012500_20110817,15.797435
S03138800_20110817,14.648582
S05111000_20110817,17.014795
S03105285_20110817,15.486473
S05004500_20110817,15.931209
S05213000_20110818,16.115715
S05025000_20110818,15.300172
S05001800_20110818,15.865834
S05003000_20110819,16.08969
S03156580_20110819,14.524613
S05127900_20110819,16.982174
S05006880_20110819,15.519664
S03156350_20110819,14.716568
S05061200_20110822,16.379677
S06405950_20110822,14.832908
S05166000_20110822,16.844229
S02081000_20110823,12.725615
S03212150_20110823,15.937039
S03213000_20110823,15.015396
S05165900_20110823,16.450031
S05177000_20110824,18.193249
S05157800_20110824,15.915751
S05175100_20110825,17.42118
S03127370_20110825,14.208324
S05176000_20110825,16.895851
S05120005_20110826,13.1291
S05101500_20110831,16.325909
S05102010_20110831,17.094852
S05064750_20110831,14.799732
S05102150_20110831,17.078754
S05101200_20110831,16.957191
S05097500_20110831,14.720413
S05130500_20110901,12.62958
S05086000_20110901,14.69964
S05116600_20110901,14.217198
S06001890_20110905,14.127464
S05050800_20110906,15.293909
S05051200_20110906,15.099738
S05059000_20110907,17.007076
S05233500_20110907,13.043417
S06404800_20110908,14.609201
S05048210_20110908,15.169192
S05047500_20110910,15.711445
S03093145_20110912,15.773881
S06000950_20110912,14.343889
S03014130_20110912,18.892307
S03085608_20110912,16.0737
S05138900_20110913,17.947407
S03086340_20110913,16.896917
S03088345_20110913,17.58192
S03094405_20110913,17.49791
S03002900_20110914,16.820827
S05153000_20110914,13.202377
S03018675_20110915,16.211338
S05119902_20110915,13.018516
S03226300_20110916,15.492303
S03088800_20110916,16.914791
S03185950_20110919,13.820099
S06130500_20110920,14.425586
S05078900_20110921,14.614693
S05122000_20110922,14.189498
S05204000_20110927,16.502022
S05066000_20110927,16.102549
S06580789_20110928,15.998117
S03030000_20110928,14.991749
S06077500_20110928,16.002821
S03009000_20110928,15.52098
S03038700_20110929,14.611032
S03027490_20110929,14.582229
S03036030_20110929,15.326496
S06071900_20110929,15.91423
S05068645_20110929,17.795404
S03219550_20111006,14.299077
S04009330_20111012,13.3836355
S03193441_20111101,14.917173
S06820089_20120217,19.875448
S06137020_20120221,19.722809
S06592020_20120222,19.222588
S06135600_20120227,19.635778
S06134300_20120228,19.86998
S04066730_20120524,16.209425
S03128190_20120530,15.916813
S05018900_20120604,16.282366
S06440445_20120604,15.206796
S05002610_20120604,15.5186205
S06005550_20120605,14.82106
S05234082_20120605,15.695784
S06000980_20120605,14.096117
S06464850_20120605,15.767001
S06404800_20120605,15.002262
S06468450_20120605,16.36979
S06216100_20120605,18.083199
S06439900_20120605,14.702868
S04179160_20120605,17.956974
S05074580_20120605,13.629346
S06710020_20120606,19.115265
S04140100_20120606,12.585408
S05072140_20120606,14.9067745
S06411350_20120606,14.670224
S06003805_20120606,15.11754
S04178490_20120606,17.738192
S06250270_20120606,14.611986
S05061400_20120606,16.400723
S05074100_20120607,12.880468
S06005400_20120607,14.882952
S05061942_20120607,17.098534
S04158860_20120607,15.220686
S05157620_20120607,14.401977
S05234007_20120607,14.217237
S04099560_20120608,13.227075
S04099600_20120608,13.694439
S06700075_20120611,19.690712
S03079270_20120612,14.3214445
S04168250_20120612,13.8103075
S03012100_20120614,15.795865
S06710030_20120615,17.943384
S06215850_20120616,19.76178
S06217500_20120620,18.904663
S06120560_20120621,18.214554
S06168200_20120621,11.724333
S06178014_20120621,14.411937
S06148850_20120625,16.253166
S06005700_20120626,15.904302
S03036510_20120626,15.28071
S06082260_20120626,15.232487
S03040250_20120626,16.296457
S05118703_20120626,14.721101
S03081000_20120627,13.907206
S06017000_20120627,15.930275
S06300005_20120627,16.89319
S03006268_20120628,18.957699
S03006590_20120628,18.54095
S03006271_20120628,18.985565
S04161575_20120628,12.494367
S04123785_20120628,12.999086
S04200595_20120628,13.636621
S03001000_20120628,18.954334
S03002100_20120628,18.37058
S05228350_20120628,14.200253
S05069250_20120628,17.484383
S06580362_20120628,18.818417
S06108000_20120628,19.59053
S03125000_20120629,13.580753
S06146500_20120702,19.112694
S03014140_20120702,18.889704
S04085180_20120702,15.4251
S05077995_20120702,15.781083
S04072000_20120702,14.22467
S05020900_20120703,15.195164
S03014030_20120703,18.972511
S05035300_20120703,16.710766
S06300250_20120704,12.781792
S03088345_20120704,17.690456
S03138550_20120704,14.807774
S05079200_20120704,14.420186
S06710040_20120705,15.39936
S03156175_20120705,16.1913
S04570004_20120705,13.318285
S05012550_20120705,15.732628
S04082450_20120705,14.806356
S03149162_20120705,15.231791
S04082700_20120705,15.900508
S03145847_20120705,14.729742
S03024300_20120709,16.433207
S03020145_20120709,16.516356
S03160000_20120709,16.522865
S06590550_20120710,16.139624
S05085050_20120710,14.82865
S03020000_20120710,16.686357
S06300046_20120711,18.478254
S03033240_20120711,16.707743
S04113800_20120711,14.02519
S03024392_20120711,15.253232
S04002870_20120711,17.099558
S03024245_20120711,16.537258
S04016800_20120711,16.216274
S04160190_20120711,15.29225
S03024560_20120712,15.430656
S03024840_20120712,16.276186
S03025238_20120712,16.437662
S03025368_20120712,16.695707
S03034720_20120712,15.7203865
S03033200_20120712,16.92101
S03033660_20120712,16.077251
S03025919_20120712,17.103697
S03032675_20120712,15.899945
S03033306_20120712,16.706429
S04033300_20120713,14.027705
S04015100_20120713,14.448198
S03165200_20120713,15.039895
S04010200_20120713,12.490637
S05226050_20120716,16.9736
S05042060_20120716,16.409454
S06120500_20120716,18.29594
S04010410_20120716,14.375386
S02061500_20120716,15.921503
S05151100_20120716,19.525343
S02061970_20120716,16.222858
S03272685_20120716,12.9635935
S02105000_20120716,13.812736
S05103000_20120717,17.7521
S04009420_20120717,12.401295
S06830550_20120717,14.090869
S02001050_20120718,15.503327
S06205955_20120718,15.214869
S02037500_20120718,13.901495
S03039940_20120718,16.10074
S04216050_20120718,14.562336
S02001700_20120718,13.5288725
S02029000_20120718,13.804235
S04601001_20120718,16.499355
S05049950_20120718,15.486498
S06016000_20120718,16.575651
S05223170_20120718,11.903203
S03037650_20120719,16.098288
S06194800_20120719,15.785658
S04025570_20120719,16.700277
S02094979_20120719,16.69343
S03151800_20120719,14.7078905
S03149859_20120719,15.414005
S03027000_20120719,15.920679
S03037480_20120719,16.635805
S03149172_20120719,15.224357
S04068440_20120719,14.025436
S02071050_20120719,11.538825
S05060200_20120719,17.368816
S03036070_20120719,14.807078
S03035455_20120719,16.707317
S04428003_20120720,16.076395
S03039000_20120723,14.223067
S03128987_20120723,14.323079
S03044580_20120723,15.788865
S03128500_20120723,15.384217
S03029000_20120723,14.092788
S03027490_20120723,14.495489
S06710038_20120723,13.904428
S02057250_20120723,14.00671
S03029530_20120723,15.225256
S05119080_20120723,14.099261
S02055580_20120723,12.013454
S05053085_20120724,16.812803
S05094810_20120724,14.425848
S02094000_20120724,13.122261
S04091400_20120724,15.210032
S04092000_20120724,14.502907
S05097900_20120724,15.098469
S03059000_20120724,15.008893
S05095170_20120725,15.913905
S02076800_20120725,12.633803
S04052800_20120725,12.388323
S05139350_20120725,16.705097
S04052590_20120725,12.101316
S03137830_20120725,14.497547
S02120000_20120725,14.80756
S05125863_20120725,16.0366
S04465003_20120725,15.398647
S05139000_20120725,14.902529
S05098000_20120725,15.111655
S03008483_20120725,15.915237
S03149487_20120725,14.930285
S04009050_20120725,11.842396
S02119000_20120725,14.434834
S05134600_20120725,14.512984
S03018531_20120725,16.147524
S03156350_20120726,14.928339
S03145290_20120726,15.000337
S06094039_20120726,12.136016
S03156150_20120726,16.300125
S02094800_20120726,13.333732
S05125500_20120726,14.300219
S03119590_20120726,14.809307
S03156580_20120726,14.610365
S03145985_20120726,14.607457
S04070215_20120726,15.431356
S05167000_20120726,15.890576
S05095110_20120726,14.407644
S03098695_20120727,18.082125
S03096025_20120727,16.436392
S05111000_20120727,16.430227
S05201400_20120730,15.327163
S02060500_20120730,12.829406
S03255650_20120730,12.5162735
S03254920_20120731,13.426837
S03266920_20120731,13.425038
S04449005_20120731,14.710233
S05144500_20120731,15.71009
S02018500_20120731,14.315122
S02013000_20120731,13.424044
S04064720_20120731,14.593136
S03108890_20120801,14.71415
S02002000_20120801,13.739393
S04023200_20120801,12.626793
S06018150_20120801,18.184116
S05231850_20120801,12.61738
S02011000_20120801,13.213523
S06020100_20120801,18.00806
S05229145_20120801,13.83597
S05229125_20120801,12.844529
S04099650_20120802,13.8425
S03112805_20120802,15.617109
S04068410_20120802,13.783887
S05013100_20120802,15.320954
S02051000_20120802,15.817386
S05012200_20120802,15.389788
S03014130_20120802,18.981567
S02054100_20120802,14.512515
S03079850_20120802,14.300871
S02107000_20120802,15.393324
S02106600_20120803,13.806748
S04031000_20120803,12.8733425
S04160160_20120803,15.618566
S05048000_20120806,15.700413
S04433002_20120806,14.9292965
S04043100_20120807,12.967291
S04046590_20120807,15.423496
S04056000_20120808,14.329353
S05033400_20120809,16.10233
S06037300_20120809,14.798308
S03171880_20120809,14.333185
S05038100_20120809,15.000875
S04015970_20120811,12.917492
S03233795_20120813,15.013919
S03159118_20120813,17.104683
S03151910_20120813,14.42762
S03227100_20120813,15.611413
S03233896_20120813,14.791328
S03161695_20120813,14.52153
S03151139_20120814,14.79095
S05092000_20120814,16.3769
S03160360_20120814,16.290194
S03095400_20120814,16.602726
S03227296_20120814,15.607367
S05089080_20120814,16.957521
S06053000_20120815,13.184268
S05058935_20120815,16.494493
S04041750_20120816,15.721824
S06180860_20120817,14.024218
S05173200_20120817,19.619728
S05173450_20120817,19.190691
S03146715_20120817,14.187292
S04154200_20120820,13.023436
S04090400_20120820,14.715212
S03168690_20120820,13.853497
S03244000_20120820,14.522414
S04135000_20120820,12.730915
S04160200_20120820,15.521644
S04108500_20120821,15.0029125
S04108285_20120821,15.7844
S03014927_20120821,18.264536
S03227623_20120822,15.298668
S03190725_20120822,13.932069
S04023450_20120822,13.693833
S03152000_20120823,14.430367
S04023135_20120823,12.454129
S04054990_20120823,14.410852
S04604001_20120823,15.187427
S04137995_20120824,12.123734
S03241231_20120827,13.739599
S05172350_20120827,19.812662
S04057750_20120828,13.047568
S04051345_20120828,13.593266
S03168995_20120829,13.97118
S03171770_20120829,14.313158
S05226030_20120829,15.757947
S03201650_20120829,15.623004
S03235690_20120829,14.002936
S06580178_20120829,17.874601
S03134000_20120830,14.908017
S03234215_20120830,14.633724
S03206000_20120831,14.398102
S04173000_20120831,15.358093
S04178250_20120903,15.871992
S05234017_20120903,13.726197
S03020591_20120903,16.774605
S03014986_20120903,18.283825
S05126000_20120903,14.122851
S05120010_20120904,13.931962
S04003645_20120904,15.727057
S05075650_20120905,15.540594
S04003900_20120905,14.728918
S03269250_20120905,12.479488
S04039200_20120905,13.115165
S05225340_20120906,16.211378
S05101900_20120906,16.988272
S05149850_20120906,18.733295
S04079820_20120906,16.435326
S05206500_20120907,19.890993
S05211550_20120907,17.873161
S05181200_20120908,19.409374
S05180700_20120910,19.798111
S04094200_20120910,16.995905
S06178011_20120910,16.214993
S05170800_20120910,17.404158
S04019700_20120911,12.145698
S05139310_20120912,17.679071
S04139280_20120912,12.493839
S03218150_20120913,15.425256
S04108150_20120913,14.612786
S03215470_20120913,15.1970415
S04107200_20120913,14.421077
S05221600_20120913,15.982389
S03128837_20120913,15.826168
S06187450_20120914,12.175531
S04457000_20120914,13.898529
S04097550_20120917,13.598306
S03203750_20120917,15.302928
S04067300_20120918,12.490437
S03191700_20120918,14.819783
S04103480_20120918,14.339747
S04103600_20120918,13.929151
S04108000_20120919,14.422365
S03041000_20120919,15.504369
S04108685_20120919,14.602653
S05199800_20120919,18.546001
S04456000_20120919,13.408041
S04614000_20120919,14.606067
S06131900_20120920,12.502593
S04096360_20120920,14.482309
S04070290_20120921,14.012785
S04082090_20120924,14.933781
S04061300_20120925,12.534245
S04001940_20120925,13.51489
S06179500_20120925,13.816028
S06176950_20120926,18.246584
S04128230_20120926,15.194622
S03178835_20120926,15.706157
S04057740_20120928,13.516255
S04158900_20121001,15.119584
S04159900_20121001,15.290987
S03177400_20121003,15.701114
S05131200_20121004,12.916373
S04078100_20121005,16.47846
S04002300_20121008,12.30686
S04014096_20121009,12.690862
S05013900_20121009,15.493208
S04403004_20121011,12.001705
S04428002_20121011,16.61421
S06181210_20121012,17.799297
S04016555_20121015,12.001442
S04015390_20121016,12.283907
S05204000_20121016,16.434448
S04027950_20121023,14.409689
S04014050_20121024,13.1688
S04016500_20121025,12.059901
S04002945_20121031,16.90906
S04003010_20121115,16.650179
S04003160_20121115,16.631058
S04060995_20121116,13.142594
S04150970_20130110,11.520348
S06135600_20130219,19.82457
S06135350_20130307,19.677433
S06150795_20130314,19.900728
S03128837_20130425,15.821219
S05024250_20130514,15.57364
S06222390_20130606,14.575305
S04199078_20130611,14.690062
S04194665_20130612,15.50138
S04059200_20130613,13.229901
S06120000_20130614,17.17872
S06094150_20130617,14.406408
S04160300_20130617,13.717714
S03013930_20130617,14.621032
S03132054_20130618,14.210456
S06148850_20130618,16.558784
S06215850_20130618,19.77116
S06215790_20130618,19.853188
S06580890_20130618,16.284874
S06168250_20130619,11.532375
S04143000_20130619,12.420697
S04143150_20130619,12.040975
S03012310_20130619,16.206572
S04214295_20130620,13.515138
S03254770_20130621,11.844457
S06180550_20130621,15.580342
S03032675_20130624,16.030567
S06131550_20130624,13.012936
S06126600_20130624,14.594155
S06077000_20130625,16.334513
S06008000_20130625,17.129025
S04016900_20130625,15.699507
S04010350_20130625,16.610832
S04060800_20130625,12.186293
S06428800_20130625,17.081818
S03231740_20130625,15.604881
S04465003_20130625,15.498886
S04009250_20130625,15.061889
S04066730_20130626,16.10557
S04066975_20130626,15.615138
S06300005_20130626,17.015625
S03037650_20130626,16.098879
S06178056_20130626,14.600695
S04003700_20130626,15.149171
S04087300_20130626,14.838839
S03109935_20130626,14.217269
S06217470_20130627,19.080006
S03093900_20130627,17.575996
S04028450_20130627,17.701656
S03094700_20130627,18.372705
S04131300_20130627,13.011181
S06005400_20130627,15.010964
S04058250_20130627,13.228501
S06106250_20130627,15.690406
S04040300_20130627,13.215747
S04175100_20130627,13.106745
S04175450_20130627,13.095481
S04130500_20130628,13.228896
S04044600_20130628,13.6869545
S04112200_20130701,14.890691
S04079480_20130701,16.141863
S04160250_20130701,13.582229
S03144325_20130701,15.494957
S05053060_20130701,17.194641
S05068850_20130702,18.9857
S03149104_20130702,15.094773
S06580274_20130702,18.366688
S05071300_20130702,17.239729
S04636007_20130702,13.4224825
S04119160_20130702,14.324164
S03165200_20130702,15.303058
S03053710_20130702,15.00424
S05055555_20130702,19.34886
S04113100_20130702,13.921318
S05057150_20130702,19.450872
S05055150_20130702,19.60372
S06455950_20130702,15.172327
S05068475_20130702,18.671888
S06455640_20130703,16.379196
S05231650_20130703,12.83979
S04196655_20130703,14.219971
S05125510_20130703,14.539804
S05068367_20130703,19.285784
S05068369_20130703,19.304487
S05064750_20130704,15.692052
S05170800_20130704,17.814837
S03134000_20130704,14.92795
S03168035_20130704,14.497826
S06456620_20130704,14.896315
S05010850_20130704,15.204483
S04075883_20130704,17.9155
S03138390_20130704,14.895588
S05145440_20130704,18.119053
S03136840_20130705,14.543631
S05091090_20130708,15.756241
S02115775_20130708,14.996832
S04733000_20130708,12.303195
S03189168_20130708,13.727385
S03156350_20130708,15.184119
S04099550_20130709,13.332412
S04415011_20130709,16.928965
S04415010_20130709,16.913397
S05148200_20130709,19.472305
S03024294_20130709,16.53299
S06830800_20130709,16.009092
S03032731_20130709,16.204502
S04417004_20130709,12.992016
S03066000_20130709,15.687859
S05077000_20130709,16.666399
S02115625_20130710,14.227526
S05111000_20130710,16.598166
S05111360_20130710,16.284584
S04153010_20130710,11.584771
S05061950_20130710,17.913815
S05064000_20130710,15.0101385
S05075650_20130710,15.552442
S04014900_20130710,12.28252
S03233740_20130710,15.020335
S03078110_20130711,14.285239
S02107900_20130711,18.774307
S05054030_20130711,18.33965
S04074647_20130711,14.197204
S05053960_20130711,17.784136
S04097000_20130711,14.213604
S04097050_20130711,14.496786
S04097200_20130711,13.593261
S06178010_20130711,16.316685
S05145750_20130711,17.493378
S05148700_20130711,18.570322
S03233700_20130711,15.1098585
S04117450_20130711,14.516702
S02072700_20130711,11.719696
S06051550_20130711,13.221811
S03146890_20130711,13.986955
S05051120_20130712,15.976542
S06192985_20130713,12.695186
S05007935_20130715,15.81702
S05009000_20130715,15.223637
S03134800_20130715,15.002526
S04152500_20130715,11.701284
S04106800_20130715,14.321634
S05015000_20130716,15.530722
S04052520_20130716,11.512163
S04196095_20130716,15.087548
S05014100_20130716,15.619335
S05018000_20130716,15.806633
S05018150_20130716,15.789598
S03154470_20130716,15.011348
S05018800_20130716,16.132158
S02067000_20130716,13.000535
S05105800_20130716,14.416684
S05229140_20130716,13.238973
S05106760_20130716,15.688792
S04051650_20130717,13.513115
S04134900_20130717,12.565817
S04134890_20130717,12.833906
S04671001_20130717,12.316542
S04672001_20130717,12.462342
S04041675_20130717,14.316366
S05004000_20130717,16.112894
S05002500_20130717,15.173625
S05010950_20130717,15.22333
S05114800_20130717,14.665783
S05228280_20130717,14.081076
S03171880_20130717,14.207592
S04141295_20130717,12.713301
S03128640_20130718,15.276834
S04105680_20130718,13.829572
S03132000_20130718,14.551777
S04052265_20130718,11.326387
S04012180_20130718,13.282972
S04011700_20130718,14.459741
S05080850_20130719,15.009969
S04615008_20130719,14.296826
S04195420_20130719,15.983266
S04068927_20130719,14.616665
S05125910_20130722,13.920369
S03132615_20130722,14.098686
S05125990_20130722,14.001728
S04214495_20130722,13.410654
S06001250_20130722,14.702177
S05125950_20130722,14.0214405
S03194540_20130722,14.832107
S04173200_20130722,14.921596
S04107500_20130722,14.422923
S03242800_20130722,13.0988
S06202860_20130722,15.128278
S03002310_20130722,17.3673
S02018000_20130723,14.085782
S04208350_20130723,12.480286
S04132800_20130723,12.715482
S06000980_20130723,14.378409
S02043600_20130723,13.121968
S04108900_20130723,14.088983
S06416910_20130724,15.685274
S05120013_20130724,15.225627
S06001480_20130724,14.307875
S04016800_20130724,15.800511
S03276988_20130724,15.411251
S05120095_20130724,14.300236
S04172570_20130724,13.318842
S06123500_20130724,14.829982
S03276786_20130725,16.015308
S04172060_20130725,13.417428
S03002100_20130725,18.537384
S04161500_20130725,12.3052845
S06116620_20130725,19.815039
S04205605_20130726,12.317922
S03264375_20130729,14.185969
S06404800_20130729,15.387118
S05068030_20130729,18.520348
S05131200_20130729,13.013567
S04092500_20130729,14.401549
S04070500_20130730,14.19426
S05022000_20130730,15.606571
S04184195_20130730,17.641382
S05021650_20130730,16.697897
S03039000_20130730,14.510935
S03128745_20130731,15.167554
S05053000_20130731,16.406738
S05119902_20130731,13.594215
S05052000_20130731,16.077059
S04184950_20130731,17.364035
S05039200_20130731,16.122398
S04059350_20130731,13.108921
S05031380_20130801,15.913985
S05029960_20130802,16.378504
S05087400_20130802,15.703639
S05192008_20130805,17.77567
S05097750_20130805,15.334459
S04116400_20130805,14.717908
S03125000_20130806,13.829562
S05125540_20130806,14.501192
S04174770_20130806,13.007348
S03255920_20130806,12.094555
S04067400_20130806,15.209248
S04076100_20130806,18.909588
S04179690_20130806,15.683193
S06175540_20130806,18.719278
S04086550_20130806,18.629503
S04130000_20130807,12.827164
S03200070_20130807,14.626712
S04115525_20130807,14.820162
S03179000_20130807,14.999476
S05027010_20130807,13.934187
S04179678_20130807,15.31513
S05025835_20130807,13.920225
S04179350_20130808,16.47838
S05192320_20130808,18.055624
S04073500_20130808,14.71207
S05192315_20130808,17.869741
S06300073_20130808,17.404854
S05046700_20130808,14.715756
S06462950_20130808,17.182156
S06173460_20130808,16.97763
S05049000_20130809,15.496164
S06177000_20130809,14.892513
S04207000_20130812,12.983575
S04206300_20130812,13.233637
S05222980_20130813,13.680891
S05197220_20130813,14.628258
S06209970_20130813,13.293474
S04209995_20130813,12.635963
S04211950_20130813,12.428854
S03269000_20130814,12.755514
S05207150_20130814,15.08853
S05197100_20130814,14.999728
S06212500_20130815,19.018938
S03006272_20130819,18.65966
S05228000_20130819,14.435861
S06146500_20130819,18.998383
S06159550_20130819,17.890224
S04051600_20130820,13.017071
S05234025_20130820,14.787798
S04070350_20130820,13.821802
S04092800_20130820,14.7301445
S04166850_20130820,14.58967
S05125860_20130820,16.017242
S02045050_20130821,13.1022215
S02045000_20130821,13.116496
S04053800_20130821,14.607496
S02032000_20130821,14.701742
S04000948_20130821,15.806896
S05230200_20130821,12.505414
S04025040_20130821,16.12158
S02029160_20130821,15.580811
S02028000_20130821,15.167062
S04025100_20130821,14.139177
S02041650_20130822,13.237582
S05231900_20130822,13.123505
S03160000_20130822,16.43276
S04148587_20130822,11.900886
S03149906_20130822,15.311798
S03012100_20130822,16.189484
S04055810_20130822,14.906119
S03012450_20130822,15.941564
S03112565_20130822,15.295685
S03128270_20130822,15.801969
S03090470_20130826,16.826038
S04204000_20130826,12.4171505
S04168210_20130826,13.236333
S06189500_20130826,14.403539
S05074000_20130826,13.281137
S05134550_20130826,15.087836
S05165760_20130826,15.88597
S05165000_20130826,15.698466
S03088800_20130826,17.098934
S03174712_20130827,14.227284
S03174795_20130827,14.219346
S03018675_20130827,16.15346
S05175800_20130827,16.290695
S06190070_20130827,12.014347
S04046800_20130827,15.494379
S04050000_20130827,12.380917
S05025800_20130827,13.53118
S05073100_20130827,12.791439
S03086100_20130827,16.80264
S03095000_20130827,18.284306
S05102030_20130828,17.11016
S05173260_20130828,19.82693
S04172578_20130828,13.015665
S05140065_20130828,18.186111
S05077700_20130828,15.022132
S03236690_20130828,14.137585
S05096410_20130828,17.616993
S05173400_20130828,19.528013
S03094660_20130828,18.416195
S06580362_20130829,18.73492
S04072000_20130829,14.194887
S04003645_20130830,16.019812
S06183900_20130902,14.926813
S06182460_20130902,17.817204
S05150000_20130902,18.987047
S04146000_20130902,12.223322
S03056105_20130902,15.921185
S03014130_20130902,18.976784
S06035500_20130903,14.530133
S03085730_20130903,15.7162695
S03105790_20130903,15.618
S03103370_20130904,17.152641
S04026950_20130904,17.594604
S05078900_20130904,15.102085
S06180500_20130904,13.617627
S05095100_20130905,15.124403
S05095110_20130905,14.611203
S06027000_20130905,15.134911
S05077950_20130905,15.597596
S03041247_20130905,15.41824
S04077500_20130910,17.315033
S03149900_20130910,15.31787
S05183970_20130910,19.818499
S03157485_20130910,16.103476
S05169000_20130911,18.076275
S05180820_20130911,19.798512
S05180550_20130911,19.616777
S04089450_20130911,15.118489
S05121000_20130911,15.312988
S03128190_20130912,15.867585
S05120000_20130912,13.493573
S05129070_20130912,13.321687
S04057700_20130917,13.304461
S03219000_20130918,15.117516
S04402002_20130918,12.743023
S03116600_20130918,15.417019
S05199100_20130918,17.280373
S05210000_20130918,15.526604
S03133670_20130919,14.317145
S05200050_20130919,19.202858
S05200115_20130919,19.216621
S05201060_20130919,17.164362
S04027380_20130919,16.620539
S04108800_20130920,14.221656
S05217150_20130921,17.730543
S05125500_20130923,14.526873
S05068660_20130923,17.093435
S05235850_20130924,17.487764
S05091450_20130924,16.00748
S03014907_20130925,18.084099
S03182446_20130927,14.200792
S05234005_20130927,14.112259
S04101700_20130930,14.729226
S04096665_20131004,14.431159
S04136400_20131004,12.133691
S03129053_20131008,14.175197
S03133040_20131008,14.230513
S04401000_20131010,15.127137
S04402000_20131011,12.731064
S04027670_20131017,16.31614
S04082540_20131022,14.792326
S05158700_20131022,12.607496
S05155230_20131023,15.123392
S05155800_20131023,14.918199
S05155300_20131023,15.602958
S05157680_20131024,15.554832
S05157800_20131024,15.317955
S05225080_20131024,15.718617
S05163290_20131024,14.011935
S05157645_20131024,15.314339
S05163800_20131024,14.510566
S04003160_20131025,16.713158
S05158150_20131025,13.211302
S06133560_20140210,19.860073
S06135600_20140210,19.866364
S06150795_20140212,19.886229
S06035450_20140422,14.002267
S03056030_20140507,15.233161
S04076420_20140512,17.67204
S06190111_20140515,14.381961
S03153363_20140516,14.603673
S03277420_20140520,13.390015
S03133435_20140520,14.230505
S06053000_20140521,13.597912
S06168200_20140521,11.613129
S06095000_20140521,13.722325
S04167750_20140522,13.227118
S04371007_20140522,13.295327
S06177500_20140523,14.402815
S06177988_20140523,13.523308
S04111000_20140526,15.59511
S04164758_20140602,14.112431
S04205500_20140602,13.016519
S04167815_20140603,14.407839
S03113895_20140603,14.410391
S04423000_20140604,16.211323
S06001180_20140604,15.0025625
S06175000_20140604,12.899609
S05142520_20140604,15.732808
S05144520_20140605,15.629999
S05143990_20140605,15.331594
S06041665_20140605,15.175309
S06179200_20140605,13.40862
S06190700_20140606,12.656226
S04407009_20140609,12.765698
S05047720_20140610,16.133245
S05048210_20140610,15.717007
S04000300_20140610,18.358786
S04150970_20140610,11.725094
S04011700_20140610,14.047627
S04215520_20140610,12.525831
S04026420_20140610,18.3721
S04208350_20140610,12.129352
S06456450_20140611,14.995601
S06017000_20140611,15.718359
S06006220_20140611,15.506842
S05030700_20140611,15.390154
S04078050_20140611,16.506481
S04205620_20140611,12.430984
S04153200_20140611,12.425702
S04206300_20140611,13.09072
S03117302_20140611,14.980486
S05176100_20140611,18.429493
S04123760_20140612,14.233219
S03117905_20140612,14.636607
S05046000_20140612,14.617186
S05061100_20140612,16.097582
S05060000_20140612,17.615028
S04166095_20140612,13.397016
S05027010_20140612,14.094805
S04057200_20140613,16.107033
S06035690_20140616,12.902262
S05191200_20140616,18.397926
S05053100_20140616,16.327644
S05125255_20140616,14.765429
S05053920_20140616,16.692537
S04098950_20140616,12.726604
S04160260_20140616,13.003199
S05042050_20140616,16.51751
S05042080_20140616,16.705103
S05134350_20140616,14.620436
S05055900_20140616,16.083073
S05125410_20140616,14.925994
S05129000_20140617,13.698313
S05044300_20140617,16.326807
S05055940_20140617,16.922188
S05042085_20140617,16.894646
S06129950_20140617,15.800053
S05042072_20140617,16.42333
S05068367_20140617,19.409325
S05068020_20140617,18.821957
S05068270_20140617,18.803318
S05012550_20140617,15.817429
S05055000_20140618,18.410748
S04194665_20140618,15.405811
S05053975_20140618,17.652483
S06128860_20140618,15.894487
S06580075_20140618,14.1911335
S05068420_20140618,18.70752
S05068470_20140618,18.781054
S05119902_20140618,14.023829
S05055150_20140618,19.786568
S05055550_20140618,19.468391
S05115000_20140618,15.115324
S05054600_20140618,18.17548
S04021000_20140618,12.344181
S05118710_20140618,15.097613
S05119030_20140618,14.221798
S05055105_20140618,18.499193
S06053500_20140619,14.511466
S05106000_20140619,14.926844
S05066000_20140619,17.142841
S04015400_20140619,12.607135
S05114490_20140619,14.5175295
S05064000_20140619,15.291199
S04201185_20140619,12.517075
S05111620_20140619,14.403366
S03085651_20140619,15.987441
S05077995_20140620,16.09545
S05077970_20140620,15.789852
S03033050_20140620,17.130713
S03033038_20140620,16.916243
S04032100_20140623,12.182123
S05118900_20140623,14.00833
S04039160_20140623,12.865467
S04125450_20140623,12.71521
S06161400_20140623,17.721863
S05024994_20140623,15.713738
S05072140_20140623,15.316799
S03012310_20140623,16.295546
S06008000_20140623,17.300203
S05000250_20140624,15.533128
S05117530_20140624,15.504063
S05135100_20140624,16.500767
S04068970_20140624,13.992821
S06440370_20140624,16.486277
S05117110_20140624,14.713339
S04052590_20140624,11.916665
S04196449_20140624,14.308247
S05001600_20140624,16.020897
S04022150_20140624,17.709295
S05018950_20140625,15.905276
S04195790_20140625,16.59178
S05111602_20140625,14.415109
S05107000_20140625,13.932511
S05111500_20140625,13.810908
S04190550_20140625,16.686598
S05005950_20140625,14.407946
S06464800_20140626,16.432245
S05141780_20140626,14.913742
S05142150_20140626,13.873141
S06464775_20140626,17.002426
S05141800_20140626,15.430967
S05024300_20140626,16.039412
S05142120_20140626,13.858533
S05142900_20140627,16.33978
S05086280_20140630,15.7105465
S05039000_20140630,15.507021
S05192200_20140630,16.401234
S05040100_20140630,15.896358
S04058400_20140701,13.509598
S06413240_20140701,14.405382
S05031850_20140701,15.318312
S05033515_20140701,16.031101
S05033520_20140701,16.20642
S04058500_20140701,13.710592
S05103000_20140701,17.669514
S04122300_20140701,14.508006
S06153900_20140701,19.428993
S03020650_20140702,16.775057
S05021100_20140702,15.400665
S05022080_20140702,15.693163
S05022100_20140702,15.693985
S04068440_20140702,14.282193
S06045000_20140702,14.04952
S06003500_20140702,14.36533
S04023000_20140702,12.634279
S03241170_20140702,14.142855
S03156000_20140703,14.511201
S03044170_20140703,16.024067
S05088450_20140703,16.915659
S05081000_20140703,13.591293
S05088400_20140703,16.822607
S06084360_20140703,19.20192
S04068550_20140703,14.97226
S03133000_20140704,14.221212
S06131900_20140704,12.494484
S04022150_20140704,17.713783
S05080700_20140704,14.677882
S06166990_20140707,18.258034
S04208590_20140707,12.300166
S03024245_20140707,16.820358
S03108647_20140707,14.616533
S05011400_20140707,15.702779
S04212200_20140708,12.218719
S05007100_20140708,15.12478
S04051900_20140708,12.6183195
S04633009_20140708,13.608576
S03003790_20140708,17.147429
S04050100_20140709,13.029355
S05015100_20140709,15.991603
S04146600_20140709,12.827412
S03047445_20140710,15.50614
S03151800_20140710,15.016656
S04150850_20140711,11.797297
S05154450_20140715,13.290549
S05153000_20140715,13.223168
S05223210_20140715,14.127787
S02051000_20140715,15.839663
S05092000_20140715,16.692797
S06179490_20140715,17.686512
S05153945_20140716,15.009952
S02056200_20140716,12.093729
S06209970_20140716,12.595043
S05168000_20140716,18.162506
S05167010_20140716,17.079014
S03213185_20140716,15.418869
S05151990_20140716,13.518277
S04082720_20140716,14.189106
S03252500_20140716,11.9368305
S04022050_20140717,12.897586
S05158200_20140717,14.601443
S05158160_20140717,13.605852
S04604004_20140717,14.699137
S04606002_20140717,14.605181
S02066000_20140717,13.761426
S02064770_20140717,14.540132
S05173180_20140717,19.727968
S06053940_20140717,13.922212
S05173450_20140717,19.41062
S02070000_20140717,12.298183
S05162520_20140717,14.790454
S05044300_20140717,16.323725
S06052435_20140717,13.622357
S03033306_20140717,17.11854
S04417000_20140718,13.476293
S05197220_20140718,15.236898
S04158990_20140718,14.710898
S04174760_20140721,12.900278
S04174770_20140721,12.72586
S03095000_20140722,17.989935
S05180700_20140722,19.823364
S04173100_20140722,14.604007
S05173270_20140722,19.817123
S02107900_20140722,18.475525
S05149520_20140722,19.487364
S05091725_20140722,15.918474
S03099445_20140723,16.893532
S04009000_20140723,11.048973
S04171450_20140723,13.225315
S03007383_20140723,16.630713
S03088255_20140723,17.990494
S04009350_20140723,12.2666855
S04524002_20140723,15.026615
S03097552_20140724,15.492455
S05148200_20140724,19.292862
S05148080_20140724,19.5001
S03095300_20140724,17.08085
S02078000_20140724,12.643011
S05096060_20140724,16.218487
S05077370_20140724,16.79964
S05165000_20140724,15.956808
S05165250_20140724,16.006361
S05165760_20140724,15.878679
S05077600_20140725,18.07538
S03082758_20140728,13.105813
S06175500_20140728,18.30531
S03190870_20140729,14.12502
S05183710_20140729,19.843624
S03137570_20140729,14.126426
S03140400_20140729,14.620612
S04114100_20140729,15.602813
S04600012_20140730,14.705921
S04217400_20140730,15.399632
S06175540_20140730,18.738285
S05145200_20140730,17.002462
S03021000_20140730,15.816401
S03235690_20140730,13.832738
S04195300_20140731,16.728207
S03191700_20140731,14.897035
S05234017_20140731,14.297755
S03233980_20140731,15.003834
S04082390_20140801,14.914229
S05230600_20140801,14.529757
S04054000_20140804,15.013484
S04411005_20140804,12.012465
S03032000_20140804,14.718532
S04019350_20140805,11.757755
S04179500_20140805,15.464112
S04028400_20140805,18.18217
S05099170_20140805,17.908407
S03247405_20140805,13.484279
S03057720_20140805,14.09317
S03189300_20140806,13.593186
S04139100_20140806,12.1021185
S04061400_20140806,12.409944
S03118000_20140806,14.63034
S04063525_20140806,13.528033
S04215600_20140807,12.699759
S04146670_20140807,13.531009
S04215500_20140807,13.11133
S04024515_20140808,13.431265
S03027000_20140811,15.898079
S04107500_20140812,14.400965
S03000100_20140812,18.098606
S03254870_20140812,12.176733
S03167000_20140812,14.826116
S06170180_20140813,17.707054
S06178010_20140813,16.10635
S05140000_20140818,18.59843
S05227240_20140818,14.317219
S05229100_20140818,13.812176
S04003200_20140819,16.402632
S03163000_20140819,14.899496
S03271820_20140819,12.533398
S05229140_20140819,13.740178
S03165020_20140819,15.317773
S05126150_20140819,14.427359
S03079850_20140819,14.3194475
S03036710_20140820,15.618391
S03233795_20140820,15.00102
S05172900_20140820,19.734386
S05197500_20140820,15.2082615
S04077200_20140820,17.251621
S05219900_20140821,12.312953
S04067350_20140821,14.712918
S05151150_20140821,19.672504
S05150900_20140821,19.766035
S03036496_20140821,15.307968
S03174712_20140821,14.099593
S05151100_20140822,19.774279
S05055600_20140825,19.765278
S04637001_20140825,13.029514
S04109605_20140825,14.127883
S05057150_20140825,19.467644
S03138800_20140826,14.797048
S04041675_20140826,14.030264
S04015160_20140826,12.115656
S05096100_20140826,16.493683
S06178500_20140826,13.493193
S05068850_20140826,19.08919
S04015100_20140826,13.930695
S04146500_20140826,12.301601
S05069350_20140826,18.317669
S05068760_20140827,17.608017
S05069250_20140827,17.600555
S05068700_20140827,18.110569
S04023520_20140827,13.514311
S04016980_20140827,15.611129
S05126050_20140827,13.906636
S06179155_20140828,17.276493
S05097900_20140829,16.100414
S06710010_20140901,19.706762
S05101200_20140902,17.943459
S04067210_20140902,15.508112
S06063450_20140902,19.821854
S04457000_20140902,13.721086
S04134010_20140903,13.723698
S04102330_20140904,14.1147785
S04159100_20140904,14.714919
S04133550_20140904,14.1239805
S04087700_20140905,15.80238
S04134800_20140905,12.907427
S04142300_20140905,12.30124
S04134895_20140905,12.42894
S03171085_20140908,13.722847
S04029625_20140908,14.832335
S05218630_20140909,19.809196
S05216140_20140909,16.909718
S04182000_20140909,17.380947
S04153500_20140909,12.629815
S05214000_20140910,16.615854
S06830152_20140910,17.190117
S05209500_20140910,16.00546
S05202000_20140910,15.0101
S04119300_20140910,14.631425
S04017000_20140910,13.907348
S04184950_20140911,17.085232
S03202250_20140911,15.201249
S04416008_20140911,12.845764
S04017620_20140911,11.950451
S04017595_20140911,11.825944
S04023135_20140912,12.567405
S05206500_20140912,19.898605
S05204880_20140912,19.633827
S04174660_20140912,13.409908
S04000850_20140912,14.334544
S05207030_20140913,18.751673
S05207070_20140913,19.621315
S05211930_20140913,17.804207
S05068850_20140915,19.088903
S03006272_20140915,18.876558
S06165190_20140915,19.008018
S04023140_20140916,12.261335
S04024660_20140916,14.105239
S02118000_20140916,14.735054
S03225062_20140917,15.717886
S04066700_20140917,16.115864
S04132000_20140918,12.731703
S03207220_20140918,15.102279
S05051500_20140919,16.004833
S05229050_20140922,13.019039
S06067760_20140922,18.120333
S03097690_20140923,16.001694
S04052420_20140923,11.483037
S04052300_20140923,11.822029
S02076180_20140924,13.537222
S03276025_20140924,15.608377
S02023000_20140924,14.4548
S03090010_20140924,15.525201
S06113000_20140925,17.663633
S04072875_20140929,14.377232
S02123000_20140930,15.887259
S04473014_20140930,15.099643
S02044000_20140930,13.930227
S02097000_20140930,13.394587
S04143000_20140930,12.218372
S02089000_20141001,11.932036
S04074450_20141001,14.199795
S04103600_20141001,13.737601
S04052800_20141002,12.276922
S02115200_20141002,14.5792465
S04087000_20141003,15.19903
S02055500_20141003,12.031773
S02094800_20141003,13.527402
S05224000_20141006,14.014851
S03148220_20141006,14.72616
S05229200_20141007,13.719219
S03265996_20141008,13.506245
S06212100_20141009,18.98217
S04074000_20141009,14.39929
S05231370_20141010,12.799616
S03250975_20141014,12.215644
S03264000_20141015,13.972903
S03041285_20141016,15.40402
S04423004_20141020,16.129078
S04103910_20141020,14.600553
S04422004_20141021,15.967207
S04027850_20141022,15.43187
S05218250_20141023,19.303993
S04096345_20141027,13.697608
S04088200_20141028,15.436205
S04423001_20141029,16.109486
S04088500_20141029,14.725078
S06178800_20141113,18.444986
S06132900_20150216,19.902565
S06063600_20150219,19.105133
S06188740_20150421,12.825414
S06048480_20150428,13.398664
S06091610_20150512,16.217733
S03277728_20150512,14.421192
S06049010_20150518,13.361918
S03154745_20150519,15.031304
S03142025_20150520,15.0066395
S04010250_20150526,17.109486
S03057720_20150526,14.10751
S04059200_20150527,13.501497
S06196185_20150527,17.980207
S06129000_20150528,15.799668
S04162300_20150528,12.49987
S06198503_20150528,17.837095
S04060500_20150528,12.706497
S04217400_20150528,15.310506
S04162958_20150528,12.833634
S04009440_20150529,12.074756
S04009415_20150529,12.066925
S05052100_20150601,16.110647
S06970900_20150601,17.790062
S06085270_20150602,18.925327
S04052750_20150602,12.397619
S05124940_20150602,14.539318
S06083580_20150602,18.489273
S05123950_20150602,15.040765
S06580184_20150602,17.71205
S04052600_20150602,12.42704
S06076420_20150602,17.70908
S04179690_20150602,15.888946
S05030700_20150602,15.613593
S06084770_20150603,18.051966
S04023130_20150603,12.76218
S03264965_20150603,13.620921
S04137993_20150603,11.795431
S04023680_20150603,13.0218315
S05047500_20150604,16.40441
S06830246_20150604,17.128164
S06005695_20150604,16.297201
S06069650_20150604,18.13988
S04379000_20150605,12.045813
S04199078_20150605,13.900265
S04023350_20150605,13.22725
S05025000_20150608,15.984454
S05007300_20150608,15.320216
S04022150_20150608,17.733326
S05170800_20150608,18.48167
S04022210_20150608,14.675034
S05135300_20150608,17.861946
S06001890_20150608,14.216256
S06031200_20150608,15.41042
S05138900_20150608,18.496527
S05138000_20150608,18.390131
S02107890_20150609,18.548985
S04030000_20150609,13.909278
S06177500_20150609,14.597167
S05178200_20150609,18.656908
S04041100_20150609,12.99862
S06003500_20150609,14.256957
S05004230_20150609,16.407404
S03113340_20150609,15.507751
S05136200_20150609,18.302519
S04116400_20150609,14.696184
S06464775_20150609,16.77806
S05176900_20150609,18.912718
S06468000_20150609,17.042934
S05054600_20150609,17.627594
S05006900_20150609,15.333032
S05134300_20150610,14.423044
S04015050_20150610,12.546572
S06029100_20150610,16.738266
S06426000_20150610,16.575655
S02045350_20150610,13.499503
S05139220_20150610,16.291763
S06439900_20150611,14.912503
S06180500_20150611,14.172653
S05025680_20150611,14.312298
S05020100_20150611,16.179241
S04036300_20150611,17.032482
S03043280_20150615,16.21672
S03025551_20150616,16.394432
S03093900_20150616,17.68697
S03025440_20150616,16.10917
S03025368_20150616,16.299273
S04210020_20150617,12.030737
S04210050_20150617,12.037725
S06014970_20150617,17.091576
S04052650_20150618,13.201869
S03189975_20150618,13.863162
S04052265_20150618,11.810888
S03193520_20150619,14.420424
S03004280_20150622,17.012892
S05060900_20150622,17.488152
S05061950_20150622,18.57397
S05061942_20150622,18.433214
S05052540_20150622,16.044146
S05127000_20150622,13.725692
S04153100_20150622,12.533583
S05060400_20150622,17.330063
S05126150_20150623,14.313266
S03136000_20150623,14.702506
S03008505_20150623,16.507412
S03007023_20150623,17.547215
S06215900_20150623,19.75934
S05089090_20150623,17.586319
S05044300_20150623,16.41942
S06070465_20150623,18.001825
S05055940_20150623,16.808952
S04002530_20150623,14.608651
S05056600_20150623,17.317764
S05055950_20150623,16.99415
S05058600_20150623,17.17117
S03246300_20150624,13.723227
S03127001_20150624,13.612259
S04003340_20150624,16.60836
S04022180_20150624,14.917215
S05036500_20150624,13.528904
S03069000_20150624,14.599587
S05134250_20150624,14.424669
S03134000_20150624,14.796475
S03109000_20150624,14.0273695
S03047445_20150624,15.330493
S03065050_20150624,14.923124
S05184200_20150624,13.931091
S05055550_20150624,19.665245
S05118000_20150624,13.803967
S05055105_20150624,18.00883
S05116100_20150624,15.218914
S05142150_20150624,14.005136
S04154060_20150624,13.222083
S05055150_20150624,19.589
S05115950_20150624,13.806991
S05112210_20150624,14.226092
S05055555_20150624,19.261219
S06175355_20150625,17.366795
S03225015_20150625,15.596715
S03237050_20150625,14.215675
S06013100_20150625,15.731663
S05118760_20150625,17.5983
S04068800_20150625,14.39957
S04165225_20150625,13.338574
S06222410_20150625,14.615895
S05051120_20150625,15.958952
S05074000_20150625,14.220279
S05074500_20150625,14.111862
S06120750_20150625,18.072218
S06120560_20150625,18.008938
S06178006_20150626,16.616604
S03085945_20150626,16.322384
S06700020_20150629,17.860779
S05120015_20150629,15.698749
S06070100_20150629,17.04356
S06012585_20150629,16.969995
S05011600_20150629,15.813483
S05192040_20150630,18.932076
S05008000_20150630,14.926052
S05075800_20150630,14.924477
S06217910_20150630,19.494545
S05077650_20150630,15.005247
S03032780_20150630,16.288244
S06088800_20150630,18.174088
S06110900_20150630,18.756836
S03129170_20150630,15.463369
S03039673_20150701,16.218456
S03039110_20150701,15.714798
S04101400_20150701,12.832587
S05108180_20150701,14.693523
S05114500_20150701,14.199085
S05114400_20150701,14.127611
S04100980_20150701,12.635932
S03178319_20150702,14.814314
S03104528_20150702,16.29464
S03172150_20150702,13.94203
S03036332_20150702,14.7764015
S03039130_20150702,15.22498
S03039240_20150702,15.618002
S03040791_20150702,15.408346
S06181950_20150702,17.676586
S03006354_20150702,19.168732
S03102000_20150702,15.612277
S03036630_20150703,15.410666
S03034813_20150703,15.780272
S05075250_20150703,14.855883
S03034254_20150703,14.94386
S05074600_20150703,14.293909
S03032550_20150703,16.659008
S05075700_20150703,14.912186
S05041000_20150706,15.208491
S05040100_20150706,15.3981905
S05084000_20150706,13.49416
S05042000_20150706,15.409243
S03274000_20150706,13.109484
S03107000_20150706,15.418002
S05222000_20150707,14.515111
S05067950_20150707,18.669884
S05068020_20150707,18.601852
S06017000_20150707,14.888227
S06013800_20150707,15.747933
S05033380_20150707,16.292885
S04454018_20150707,13.405087
S05226150_20150707,14.916656
S05120085_20150707,16.405163
S05122000_20150707,15.30196
S04173100_20150707,14.520466
S06041250_20150707,16.400478
S03274420_20150707,13.295683
S04200499_20150707,12.045225
S04216000_20150707,12.224653
S03161695_20150708,14.823133
S03161881_20150708,14.70976
S03180100_20150708,14.409855
S04046150_20150708,13.588448
S05068400_20150708,18.107662
S06178043_20150708,14.135351
S05068371_20150708,19.289417
S04172060_20150708,13.633412
S04159150_20150708,15.194581
S05068920_20150708,17.894518
S04201990_20150708,11.99887
S05197900_20150708,15.034055
S05021700_20150708,15.719849
S05021500_20150708,16.814705
S05197600_20150708,15.713321
S05234000_20150708,14.123349
S04201170_20150708,12.498393
S05087000_20150709,15.41673
S04208395_20150709,12.209108
S04089300_20150709,14.023086
S05232980_20150709,13.119963
S05116050_20150709,15.323537
S04090500_20150709,14.511209
S05065500_20150709,18.626116
S03146715_20150710,14.693286
S04215500_20150710,12.715166
S06129900_20150710,16.88063
S06176680_20150710,15.708093
S04153200_20150710,12.606394
S04148575_20150710,12.0972185
S05135100_20150713,16.189692
S05135000_20150713,15.996632
S02020750_20150715,14.316318
S03251190_20150715,12.034154
S05139390_20150715,18.981071
S05133280_20150716,17.870377
S04070300_20150716,14.199812
S05223130_20150716,12.953693
S03031191_20150716,15.505378
S05139310_20150716,18.681696
S03108890_20150716,14.16965
S03254035_20150716,13.024007
S02019950_20150716,14.683851
S04119220_20150716,14.8300905
S03056024_20150717,15.20807
S06042000_20150717,15.388529
S04115900_20150720,14.699818
S06182000_20150720,16.863533
S03114395_20150720,14.795224
S03105380_20150720,15.22307
S05088450_20150720,17.026882
S05088130_20150720,16.5774
S06174960_20150721,13.00511
S03105585_20150721,15.36316
S03163300_20150721,14.109931
S03105946_20150721,15.432798
S03164330_20150721,14.725055
S03256600_20150721,11.523558
S04159250_20150721,14.732297
S04115760_20150721,14.707262
S04108285_20150721,15.785245
S03018342_20150721,15.998726
S03023000_20150721,15.688258
S05172800_20150721,19.82877
S05173350_20150721,19.822191
S04085180_20150721,15.20326
S05173150_20150721,19.81844
S03027549_20150722,14.760823
S05181100_20150722,19.113094
S04570000_20150722,13.518487
S05180210_20150722,19.809921
S04105680_20150722,13.94224
S05051000_20150722,16.154137
S05180295_20150722,19.502409
S05093000_20150722,15.640854
S03113040_20150722,15.513536
S02048960_20150722,18.302813
S03112875_20150722,15.4195795
S05153980_20150722,16.391472
S03168035_20150722,14.541999
S05182200_20150723,19.23155
S02065090_20150723,16.400618
S05181900_20150723,19.375288
S04041710_20150723,14.4001
S03258850_20150723,13.1927185
S03115950_20150723,14.499212
S05101600_20150723,17.545288
S05101000_20150723,17.566435
S06041700_20150724,14.2952385
S05176000_20150724,16.585505
S03177760_20150727,14.698495
S03029798_20150727,15.52677
S03016840_20150727,18.45092
S05098000_20150727,16.513027
S05096805_20150728,18.130966
S04016650_20150728,14.840378
S06175540_20150728,18.915943
S06580871_20150728,17.11018
S03175000_20150728,14.300168
S03029500_20150729,14.816889
S05096480_20150729,15.134149
S03212090_20150729,14.629659
S06179700_20150730,13.359948
S04037300_20150730,16.582504
S04045900_20150730,13.910809
S03210572_20150730,15.424749
S06139400_20150803,19.306536
S04082375_20150803,15.194173
S06139700_20150803,18.002644
S06139405_20150803,19.413477
S04082340_20150803,15.202664
S06830142_20150803,19.536896
S04057700_20150804,13.434968
S06710010_20150804,19.699574
S05235850_20150804,17.960297
S04124875_20150804,12.499044
S05152550_20150804,14.816407
S05236000_20150804,18.057268
S05145410_20150804,18.149878
S04426029_20150804,14.057956
S05234290_20150804,18.237562
S04082800_20150804,15.813118
S06710110_20150805,19.104671
S05145750_20150805,18.010557
S05145200_20150805,17.045301
S05236100_20150805,18.251432
S03213505_20150805,15.10054
S04127970_20150805,13.823823
S06089175_20150805,17.05954
S04127000_20150806,13.708111
S03213230_20150806,15.519537
S03216130_20150806,14.919587
S03216150_20150806,14.736519
S04077000_20150806,17.509575
S05234028_20150806,17.372667
S03216180_20150806,14.622294
S05234012_20150806,16.83589
S05234015_20150806,17.508337
S05143000_20150806,16.418837
S05175200_20150806,16.780497
S06068400_20150806,16.92834
S05142520_20150806,16.083893
S05234287_20150807,15.676716
S06455150_20150807,14.903022
S04195680_20150810,14.111953
S03002100_20150810,18.878414
S03221560_20150810,14.8021555
S06460650_20150810,14.7829
S04164550_20150811,15.68822
S05158170_20150811,14.123022
S03221860_20150811,14.509981
S05191000_20150811,18.392092
S02000010_20150811,14.905427
S05157680_20150812,15.416506
S04134700_20150812,13.013667
S06580075_20150813,14.270985
S05164000_20150813,14.990437
S05165850_20150813,15.484261
S02094700_20150813,13.408389
S05234004_20150813,15.008717
S02058000_20150815,12.796911
S02076800_20150817,12.598434
S02046000_20150818,13.300455
S02118300_20150818,15.311076
S03071080_20150818,14.225862
S02106410_20150818,14.422388
S05154250_20150819,13.411419
S04051400_20150819,14.128198
S06081990_20150819,15.595145
S05079100_20150820,14.800002
S02059800_20150820,13.115645
S03109660_20150820,14.209806
S02106230_20150821,14.027778
S02041230_20150822,13.304953
S05177600_20150824,18.148407
S05151150_20150824,19.669159
S04074790_20150824,14.208992
S06113285_20150825,18.72945
S05151100_20150825,19.691473
S05149520_20150825,19.368479
S05148200_20150825,19.394817
S05230020_20150825,12.919363
S06205960_20150825,13.10726
S06205955_20150825,13.033534
S06173550_20150826,17.484613
S05145650_20150827,17.67037
S05145600_20150827,17.69016
S05230600_20150827,14.310898
S06175345_20150827,16.616423
S06113320_20150827,18.53312
S06113360_20150827,18.170454
S06113370_20150827,18.417772
S05221600_20150828,15.210938
S06179999_20150828,12.936924
S06180800_20150828,12.702032
S05150900_20150831,19.763426
S05083586_20150831,14.004347
S05191200_20150901,18.294376
S04550001_20150902,16.20799
S04075882_20150903,17.952358
S03149158_20150903,15.513979
S06128860_20150904,15.99681
S06079170_20150907,16.714949
S03201260_20150907,15.434486
S06149500_20150907,16.245562
S06079161_20150907,17.040154
S05095170_20150908,15.710653
S04079820_20150908,16.015852
S04403005_20150909,15.311051
S04110000_20150909,13.70065
S06076442_20150909,17.636986
S06076760_20150909,17.800112
S06710036_20150909,14.431727
S04114500_20150910,14.00681
S03219030_20150910,15.112763
S04000850_20150910,14.59601
S06126600_20150910,15.025995
S06131550_20150911,14.103674
S03264250_20150914,14.274861
S03014000_20150914,14.891949
S04171400_20150915,13.8178835
S04201550_20150915,12.6016035
S04067700_20150915,14.427126
S04096645_20150916,14.223099
S04092000_20150916,14.804355
S04117450_20150916,14.0017395
S04085500_20150917,15.009588
S04064000_20150918,12.171173
S04027290_20150921,16.242666
S03219263_20150921,14.713794
S04030025_20150922,15.507846
S03222327_20150922,14.799454
S03219420_20150922,14.710135
S04027610_20150923,15.889596
S03219550_20150923,14.607389
S03182415_20150924,14.095428
S05163290_20150925,13.304187
S05217310_20150928,19.075014
S04631005_20150928,12.921703
S03024840_20150928,15.454911
S04630007_20150928,12.162298
S04173130_20150929,14.49767
S05218450_20150929,19.619923
S05218620_20150929,19.808926
S05218700_20150929,19.897532
S03199200_20150929,14.801982
S05216135_20150929,16.308538
S03027697_20150929,15.217806
S03242520_20150930,14.026144
S03056740_20150930,14.704366
S04178750_20150930,15.71336
S03073000_20151001,13.810226
S05199600_20151001,18.215542
S03071550_20151001,13.898419
S04036500_20151001,13.20601
S05211650_20151002,17.294428
S05063900_20151002,15.316823
S04135000_20151002,12.033991
S05055600_20151007,19.776497
S05068850_20151007,19.07771
S05057150_20151007,19.557653
S05069400_20151008,18.405693
S05069900_20151008,18.694006
S04082000_20151014,15.6473255
S04003353_20151016,16.407999
S03233896_20151020,14.790886
S05162624_20151109,15.730207
S06150820_20160420,13.714921
S06820240_20160521,17.270811
S04374005_20160524,12.130806
S03098845_20160524,18.467642
S04143700_20160526,12.415689
S05236950_20160527,16.591125
S06194000_20160531,13.908629
S03264560_20160531,13.526202
S03257800_20160602,13.828087
S06300046_20160606,18.491558
S04217100_20160606,16.684883
S06580318_20160606,18.097935
S06117850_20160606,14.513758
S03270390_20160608,12.641621
S06580300_20160613,19.4247
S05170800_20160614,18.584848
S03243000_20160614,13.372739
S03247160_20160615,12.82742
S06155975_20160615,18.487152
S05176100_20160615,17.833372
S04160070_20160616,14.91669
S03215193_20160617,15.311888
S06700070_20160620,19.73305
S06190700_20160620,12.685751
S05000250_20160621,15.710194
S05001600_20160621,16.520885
S04217400_20160621,15.693632
S04377001_20160621,13.002691
S06213400_20160621,17.768915
S06217465_20160621,19.056263
S06177988_20160621,13.694784
S04034650_20160621,11.978469
S05004230_20160622,16.4077
S04010410_20160622,14.867275
S04137900_20160622,11.588855
S06222195_20160622,19.757633
S05145410_20160622,18.155943
S05145440_20160622,18.736952
S06700260_20160622,19.387802
S05012700_20160622,16.806166
S06820073_20160623,16.718283
S05020000_20160623,15.617266
S06217000_20160623,18.085014
S06213310_20160623,13.900187
S05022450_20160623,15.502077
S06820138_20160623,14.241041
S05020990_20160623,15.781736
S05007920_20160624,14.727627
S05013200_20160624,15.433321
S05108100_20160624,14.732945
S05119030_20160627,14.135183
S05061950_20160627,18.565416
S05089090_20160628,17.50084
S06148850_20160628,16.840565
S05120143_20160628,15.888064
S05119056_20160628,14.605818
S06579000_20160628,18.333305
S05119105_20160628,16.095259
S06960950_20160629,17.50978
S05061240_20160629,17.010258
S06119000_20160629,17.389992
S06181210_20160630,17.301626
S06178006_20160630,16.83305
S05227000_20160630,13.823922
S06129550_20160630,15.808409
S06189500_20160630,14.733146
S05051500_20160630,15.74777
S04196300_20160630,15.225319
S05133280_20160630,17.695156
S04099400_20160630,13.791164
S04100980_20160701,12.508232
S06193500_20160701,11.708238
S05120085_20160701,15.929393
S05019940_20160701,15.50477
S04163465_20160704,13.328669
S05139215_20160704,15.48731
S05148020_20160704,19.277285
S04164200_20160704,13.332951
S04126800_20160704,13.532025
S05061945_20160705,18.175386
S05176090_20160705,17.283342
S06116620_20160705,19.811434
S03222275_20160705,14.72207
S05149000_20160705,19.07505
S03222327_20160705,14.905354
S03223200_20160705,14.819696
S03219450_20160705,14.713646
S05149520_20160705,19.264488
S05061400_20160705,16.77719
S05111530_20160705,13.812532
S06181150_20160705,12.399075
S05148700_20160706,19.082169
S05080960_20160706,13.51789
S04136600_20160706,11.797553
S03085929_20160706,16.129372
S05021900_20160706,16.424341
S03222228_20160706,14.52476
S03222135_20160706,14.531503
S05176900_20160706,18.75181
S06110900_20160706,18.630552
S05143200_20160706,17.431784
S05074840_20160706,16.48392
S03233896_20160707,14.724803
S04210020_20160707,12.023171
S04338000_20160707,15.687416
S05178200_20160707,18.607632
S03223240_20160707,14.966816
S04416011_20160707,12.014292
S03221860_20160707,14.402963
S06176680_20160707,16.209332
S05076600_20160707,15.73728
S03013740_20160707,15.003416
S05061950_20160707,18.583038
S05091760_20160707,16.196138
S04075882_20160707,18.029997
S04215195_20160708,12.210839
S06177956_20160708,13.6787815
S04213000_20160708,12.913447
S05080742_20160708,15.597908
S05075200_20160708,14.8955345
S06193660_20160711,11.096109
S06054265_20160711,12.5287
S03056260_20160711,14.82276
S05223210_20160712,14.437761
S05128020_20160712,15.945624
S05234000_20160712,13.438952
S05233500_20160712,13.017208
S04322000_20160712,15.7152195
S04173083_20160712,14.733835
S04134890_20160712,12.601602
S06464775_20160712,16.207922
S03085730_20160712,16.184216
S04133000_20160712,13.012812
S04636002_20160713,13.018663
S04043100_20160713,12.638105
S05125780_20160713,16.20435
S03194415_20160713,15.002317
S05197500_20160715,15.810929
S05197900_20160715,14.897071
S05021500_20160718,16.916801
S05011710_20160718,15.718707
S05167950_20160718,18.083073
S02082330_20160718,12.118954
S05022000_20160718,15.386096
S02082710_20160718,12.321649
S05077600_20160719,18.080845
S05077970_20160719,15.776893
S02054000_20160719,13.996702
S04044400_20160719,12.742062
S02011000_20160719,12.410613
S02054100_20160719,13.6973715
S02054300_20160719,13.029766
S04074200_20160719,14.811729
S04070215_20160719,15.110884
S06172930_20160719,18.858444
S02054550_20160719,13.402031
S06002081_20160719,14.562929
S02010000_20160719,12.803795
S02021700_20160719,14.506842
S02018500_20160719,14.5126095
S05091520_20160719,16.71622
S02054500_20160719,13.037981
S05172800_20160719,19.61815
S02057250_20160719,13.801929
S05024180_20160719,15.120434
S05024000_20160719,14.713197
S02007000_20160719,12.610978
S02057350_20160719,13.90946
S03195417_20160719,14.502539
S02021000_20160719,14.413698
S04115580_20160719,14.715385
S02000011_20160719,14.828491
S02007300_20160719,12.618654
S05230200_20160720,12.393782
S02005700_20160720,13.593799
S02004000_20160720,13.93266
S05180700_20160720,19.894636
S03051395_20160720,14.416671
S02052500_20160720,15.0474615
S03033306_20160720,17.315605
S02051000_20160720,15.333412
S02067000_20160720,12.722811
S06580601_20160720,14.894337
S02051600_20160720,15.000911
S02051820_20160720,15.135623
S02024000_20160720,13.983242
S02052000_20160720,15.229068
S05218850_20160720,14.691367
S02019500_20160720,14.093606
S02020000_20160720,14.269052
S02001025_20160720,14.549107
S02001000_20160720,14.793386
S04143500_20160720,12.205061
S02022000_20160720,14.505247
S05005605_20160720,13.940536
S02001895_20160721,13.710395
S02063000_20160721,15.210818
S05013700_20160721,15.115854
S02061970_20160721,16.79411
S02018000_20160721,13.701893
S05014100_20160721,16.208038
S02003100_20160721,13.761296
S02003200_20160721,13.873624
S02064770_20160721,14.409722
S02064000_20160721,14.730023
S02019000_20160721,14.669465
S05012000_20160721,15.413333
S03033273_20160721,17.437325
S05007900_20160721,14.594704
S02061500_20160721,16.624332
S02013000_20160721,12.996806
S02003800_20160721,13.7957325
S06491950_20160721,14.629289
S04543001_20160721,14.435406
S05068850_20160721,19.075375
S06106935_20160721,18.27591
S03197000_20160721,14.59873
S02001750_20160722,13.7141075
S03198750_20160722,15.308487
S02049900_20160722,15.105046
S04426012_20160722,13.924401
S02050000_20160722,15.624805
S05011500_20160722,15.702463
S02003350_20160722,13.521377
S02049500_20160722,16.498146
S02003400_20160722,13.380545
S02016050_20160722,13.695452
S02009000_20160722,15.274338
S04108530_20160725,14.310484
S05047200_20160725,15.311708
S05047000_20160725,14.705004
S05099170_20160726,17.602259
S05099150_20160726,17.52597
S05163860_20160726,14.198469
S05125700_20160726,14.052683
S06580640_20160726,13.51007
S02085600_20160726,14.507263
S02078900_20160726,13.11857
S04025040_20160726,17.294004
S02115625_20160726,14.225727
S06044900_20160726,13.4130745
S02078000_20160726,13.617245
S02077200_20160726,14.724532
S02076800_20160727,12.8222
S02107890_20160727,18.543636
S02107900_20160727,18.501348
S02076180_20160727,13.612233
S03034720_20160727,16.202164
S05139000_20160727,14.815601
S06494200_20160727,15.43351
S03189675_20160727,12.723692
S02111000_20160727,14.916392
S03189652_20160727,12.632053
S05230020_20160727,12.554222
S02112000_20160727,15.024148
S04128050_20160727,13.195679
S02085325_20160727,13.72735
S04090000_20160727,14.83066
S05125280_20160727,14.226923
S02060500_20160727,12.418018
S04123800_20160727,12.403962
S02060750_20160727,12.188444
S02086500_20160728,14.038011
S04406006_20160728,14.025033
S02088000_20160728,13.495052
S02089000_20160728,13.234417
S02106750_20160728,14.318723
S02018780_20160728,17.049967
S02106900_20160728,14.793231
S02115675_20160728,14.498207
S05093750_20160728,15.416894
S02107000_20160728,15.98068
S04131200_20160729,13.0028
S02092000_20160729,12.489079
S02089900_20160729,12.313489
S05093550_20160729,15.327034
S02106600_20160729,14.017973
S02084000_20160729,12.018348
S02082900_20160729,12.216108
S04139050_20160729,12.212075
S05057050_20160801,17.705862
S05056850_20160801,17.647661
S06150795_20160801,19.86238
S06076420_20160801,17.906017
S06209945_20160801,12.040448
S05044310_20160801,16.210949
S05044300_20160801,16.195166
S04194500_20160802,16.385277
S05054030_20160802,17.294899
S05054020_20160802,17.224113
S06154000_20160802,16.304562
S04217445_20160802,15.769495
S05222000_20160802,14.597553
S04475002_20160802,14.417532
S02048980_20160803,17.69411
S02049000_20160803,17.417744
S02048960_20160803,17.787111
S05054600_20160803,17.20477
S05053060_20160803,16.291983
S02004300_20160803,17.893358
S05054200_20160803,17.312466
S05055000_20160804,17.38872
S05053920_20160804,16.510477
S05183862_20160804,19.79483
S05192063_20160804,18.427801
S04175100_20160805,13.518255
S05086270_20160805,15.132886
S03134790_20160806,14.803652
S06104000_20160808,14.238265
S05106820_20160808,15.520614
S03133140_20160808,14.590476
S05137000_20160809,17.387615
S02057525_20160809,13.107673
S02057557_20160809,13.735465
S02057600_20160809,13.024398
S02057760_20160809,12.934598
S05116650_20160809,14.128203
S02095600_20160809,13.1198845
S05096085_20160809,17.119543
S06581665_20160809,14.615089
S06149500_20160809,15.732287
S03132615_20160809,14.424263
S06820164_20160809,19.509657
S04040400_20160809,13.2028885
S05033510_20160809,16.40302
S02094979_20160810,16.710796
S02057000_20160810,12.304681
S02096000_20160810,12.817577
S02056200_20160810,12.490025
S02094973_20160810,16.54436
S05099120_20160810,17.420525
S02094970_20160810,16.56757
S04068990_20160810,13.294607
S02055580_20160810,12.609932
S02055500_20160810,12.134483
S05134550_20160810,14.804731
S02095500_20160810,13.319738
S02072700_20160810,11.417884
S02059500_20160810,12.605932
S05054020_20160810,17.313025
S06147840_20160810,18.112637
S06147650_20160810,18.88314
S02096500_20160811,13.123762
S02096900_20160811,13.216941
S02096750_20160811,13.1419525
S02097000_20160811,13.222679
S05133100_20160811,17.811739
S02098200_20160811,12.99959
S02098800_20160811,13.111263
S04096105_20160811,14.475192
S02067150_20160811,12.54658
S03118300_20160811,14.397548
S02099500_20160811,13.216426
S02098900_20160811,13.224493
S04172030_20160811,13.801924
S02070900_20160811,12.223064
S02068500_20160811,12.127377
S02074000_20160811,11.618994
S06580839_20160811,19.013317
S02070250_20160811,12.017445
S04013000_20160811,12.604218
S02068800_20160811,11.226898
S06540210_20160811,17.917942
S02072400_20160811,11.426091
S02071050_20160811,11.739053
S02069100_20160811,12.305485
S02070000_20160811,12.032283
S02066000_20160812,13.750832
S06123100_20160812,14.504824
S06172100_20160812,12.598106
S02067600_20160812,13.414925
S02065500_20160812,13.971927
S03194080_20160812,14.202357
S05220950_20160812,12.752325
S02067400_20160812,14.193489
S02104000_20160816,13.39612
S02082000_20160816,11.83217
S02104400_20160816,13.815378
S05150900_20160816,19.668015
S03209000_20160816,15.211791
S05192014_20160816,17.890377
S04028500_20160816,14.911616
S05069245_20160816,17.691978
S05075650_20160817,15.987867
S02060100_20160817,13.416362
S03207285_20160817,15.016134
S02107845_20160817,16.287619
S02070750_20160817,12.401449
S05055940_20160817,16.303604
S04187600_20160817,17.065006
S02058000_20160817,12.72625
S05151150_20160817,19.667559
S02042000_20160817,13.584393
S05069230_20160817,18.954075
S02041000_20160817,13.082234
S02081000_20160817,12.596784
S02056020_20160817,12.72127
S02112150_20160817,15.702161
S04187500_20160817,17.192583
S06078560_20160817,17.110397
S02041950_20160817,13.604245
S02081300_20160817,12.63961
S02081100_20160817,13.409847
S06092000_20160817,16.039492
S06139500_20160817,18.509937
S04065800_20160818,16.41844
S03207335_20160818,14.925988
S05148200_20160818,19.36771
S02043450_20160818,13.320049
S02043500_20160818,13.4053
S02043600_20160818,13.607427
S05151100_20160818,19.572512
S05055950_20160818,16.59342
S03176470_20160818,14.713891
S05069310_20160818,18.215273
S06076650_20160818,16.501436
S02042900_20160819,14.101778
S03177889_20160819,14.42573
S05069400_20160819,18.124071
S05234030_20160819,17.496714
S05071300_20160819,17.528248
S03129380_20160819,13.790476
S06135350_20160822,19.837736
S03149104_20160822,15.194209
S02045050_20160822,13.207766
S02030200_20160822,13.879697
S05068655_20160822,18.182865
S06070465_20160823,18.092117
S04026420_20160823,18.181053
S03101140_20160823,16.129202
S02045000_20160823,13.224087
S04173370_20160823,13.419732
S02044000_20160823,13.518811
S02042500_20160823,13.327124
S02001700_20160823,13.510733
S02026500_20160823,14.584963
S02038000_20160823,13.527082
S05068485_20160823,18.277943
S02028500_20160823,14.215272
S05057098_20160824,18.892212
S02045160_20160824,13.786418
S05057150_20160824,19.566523
S02045200_20160824,13.818428
S06063600_20160824,18.394941
S02045350_20160824,13.614405
S02045170_20160824,13.711648
S04168990_20160824,14.797627
S05068850_20160824,19.073433
S02029160_20160824,15.06756
S05068660_20160824,16.789639
S02041650_20160824,13.322047
S02041750_20160824,13.612537
S04190750_20160824,15.506041
S02028000_20160824,14.962881
S02041575_20160824,12.9734535
S05069220_20160824,18.572643
S04053800_20160824,14.726118
S05068890_20160824,18.40313
S02037500_20160824,13.340946
S02107400_20160824,17.590704
S02032800_20160825,14.217311
S02001717_20160825,14.600184
S02001715_20160825,14.925725
S06002013_20160825,17.388056
S03103440_20160825,17.022417
S02001200_20160825,14.905384
S02036250_20160825,13.333375
S02025700_20160825,15.226192
S02022730_20160825,13.324187
S02023000_20160825,14.353438
S05055150_20160825,19.585796
S05055600_20160825,19.754377
S02000010_20160825,14.82212
S05055550_20160825,19.455687
S04096430_20160825,15.188374
S02025500_20160825,14.9687605
S05069400_20160825,18.088854
S02045283_20160825,13.326298
S05068640_20160825,18.029875
S02043780_20160825,13.62044
S02001500_20160826,15.704608
S02001050_20160826,15.97954
S02036000_20160826,13.320612
S02022700_20160826,14.677451
S06177965_20160826,13.8424425
S02047000_20160826,13.3061
S02046000_20160826,13.212509
S02001725_20160829,15.891675
S05117530_20160829,15.307953
S05117430_20160829,14.010167
S06140010_20160830,19.41537
S02115725_20160830,14.83047
S05234280_20160830,14.204044
S02045500_20160830,13.227174
S02115650_20160830,14.794196
S02094950_20160830,13.000069
S02118750_20160830,13.803058
S02120400_20160830,13.886579
S05158200_20160830,14.709564
S02122200_20160830,15.667763
S02116570_20160830,16.135717
S04053000_20160830,13.001045
S02037000_20160830,13.3444
S02030500_20160830,13.408905
S02029000_20160830,13.52277
S02094800_20160831,13.61633
S03105918_20160831,15.421734
S02094700_20160831,13.525828
S05163800_20160831,13.228241
S02117000_20160831,15.597117
S02027000_20160831,13.604304
S02094900_20160831,13.594574
S02094500_20160831,13.497191
S02113000_20160831,15.51928
S03245840_20160831,14.13301
S02114500_20160831,15.408309
S02031400_20160901,15.104613
S05154400_20160901,13.600087
S02065280_20160901,14.644953
S05031000_20160901,16.040703
S02031650_20160901,16.218481
S02115820_20160901,15.395657
S05068410_20160901,18.682306
S02106410_20160901,14.711128
S05068420_20160901,18.955986
S05234025_20160901,13.937464
S05052540_20160901,15.6492405
S02115750_20160901,15.122928
S02115762_20160901,15.1072855
S02065090_20160901,16.096348
S02106430_20160901,14.616164
S02105000_20160901,13.59955
S02093600_20160901,13.334261
S02094000_20160901,13.341121
S05108000_20160901,14.213245
S06175517_20160901,19.11233
S04056000_20160901,14.613443
S02093100_20160901,12.721213
S02079000_20160902,12.810195
S05053010_20160902,15.817622
S02082350_20160902,12.1271
S04125400_20160902,13.44149
S02067800_20160902,12.819887
S05166900_20160905,15.707497
S05167008_20160905,15.616427
S05199600_20160906,17.735865
S03127001_20160906,13.336437
S05074710_20160906,14.784723
S05111360_20160907,17.007029
S06098000_20160907,13.135371
S03075860_20160907,13.415975
S06000998_20160907,14.391056
S06003000_20160907,18.717264
S06000997_20160907,14.389484
S03122008_20160908,12.923576
S05150400_20160908,18.694466
S03128935_20160908,14.714943
S04031000_20160908,13.421719
S03011175_20160908,15.984942
S06580965_20160908,18.522823
S04119750_20160908,14.615096
S05199800_20160908,17.033573
S03008267_20160909,16.393492
S05096445_20160912,17.505482
S05202150_20160913,14.512544
S05217350_20160913,18.602474
S05179000_20160913,19.190277
S06212400_20160913,19.411325
S03114000_20160913,14.222174
S05027010_20160913,14.322469
S05221600_20160914,15.206944
S05234026_20160914,14.02429
S05211550_20160914,17.570042
S05061229_20160914,16.67875
S06580616_20160914,18.012058
S05211500_20160914,14.601879
S04076100_20160914,19.458433
S05035200_20160914,16.472155
S05207000_20160915,18.465496
S06004995_20160915,15.032173
S03032695_20160915,16.519283
S03022000_20160916,19.28581
S06016000_20160916,15.273537
S04074300_20160919,14.5162115
S03105125_20160919,15.720732
S03105946_20160919,15.5257435
S05167550_20160920,17.395208
S05137090_20160920,18.702944
S02057400_20160920,13.932356
S05137050_20160920,17.38645
S02057520_20160920,13.105995
S03105902_20160920,15.308426
S03112710_20160920,15.499797
S02058990_20160920,12.542316
S04070211_20160920,14.11809
S05200115_20160921,18.207027
S06070800_20160921,15.926093
S05203058_20160922,19.906624
S04087700_20160922,16.230185
S03277563_20160923,14.722836
S03219000_20160923,14.826998
S05006200_20160923,14.328392
S05178000_20160923,17.970623
S03115915_20160923,14.397356
S03150000_20160924,15.303353
S03277173_20160924,14.990759
S06820350_20160926,13.687921
S05061050_20160926,17.51321
S06097000_20160926,13.186694
S05151975_20160926,13.738644
S05063000_20160926,16.978691
S05153942_20160927,14.926187
S05155300_20160927,15.348835
S05068355_20160927,18.320473
S05068020_20160927,18.482855
S06462700_20160927,18.049198
S05183930_20160927,19.803808
S05058922_20160927,16.297367
S05218700_20160928,19.893707
S06457310_20160928,13.810565
S05144520_20160928,15.793222
S04124985_20160928,12.428068
S03000456_20160928,18.892778
S06052930_20160928,12.834552
S06471450_20160929,13.759714
S03153000_20160929,14.908586
S06091600_20160930,16.52731
S05165250_20161003,15.114355
S04473009_20161003,14.527808
S05181200_20161003,19.292112
S05180900_20161004,17.861069
S05114910_20161004,14.020569
S06110110_20161005,15.10357
S05180820_20161005,19.832485
S05180850_20161005,19.909618
S04422006_20161006,14.713063
S05218450_20161006,19.317333
S05235850_20161007,18.066885
S05218700_20161007,19.896452
S04003160_20161012,16.902714
S04001940_20161013,13.316232
S04093200_20161014,15.90198
S04068470_20161020,16.08627
S03025368_20161026,16.387794
S06133000_20170222,19.897278
S03118270_20170503,15.433323
S06173563_20170504,18.089306
S04301000_20170516,12.705233
S06189678_20170516,14.537356
S06300250_20170516,11.492547
S06202860_20170517,16.290035
S06202750_20170517,16.303087
S06150820_20170518,14.39154
S03115860_20170529,14.498893
S06195000_20170531,13.810619
S06147130_20170531,16.819878
S03096332_20170531,16.014233
S05220190_20170531,13.34605
S04325000_20170601,13.4191265
S06580498_20170601,17.811651
S03194415_20170601,15.0086565
S05083587_20170602,14.224138
S06107980_20170605,19.312532
S05002500_20170607,15.611911
S04072840_20170607,14.526253
S04046621_20170607,15.234735
S05019000_20170608,16.00948
S05018950_20170608,15.818488
S04602011_20170608,14.903536
S04472007_20170608,14.792937
S06106250_20170609,15.705789
S05013900_20170609,15.408119
S05007920_20170610,14.495256
S05227260_20170612,14.852695
S05157820_20170612,14.911115
S04405002_20170612,14.528693
S05025835_20170613,14.022438
S05120005_20170613,13.597584
S05129074_20170613,14.427706
S05142200_20170613,14.8786745
S05114400_20170613,14.00787
S05111610_20170613,13.8079
S05106430_20170613,14.518814
S05111550_20170613,13.596367
S05119065_20170614,15.056555
S05120015_20170614,15.911982
S05226150_20170614,14.89735
S04601001_20170614,15.512082
S05074700_20170614,14.915897
S05148180_20170615,19.377377
S05148080_20170615,19.38092
S05125960_20170615,13.729866
S05126040_20170615,13.899488
S05124270_20170616,14.7020235
S05120091_20170616,15.82278
S05148020_20170616,19.370632
S03052094_20170616,14.429632
S05061240_20170619,16.69241
S04030020_20170619,15.611435
S06098700_20170619,13.310226
S05125300_20170619,13.609827
S05128020_20170620,15.954011
S03096706_20170620,16.030893
S05127400_20170620,14.217431
S05125280_20170620,13.8919525
S06463600_20170620,16.30582
S05060920_20170620,17.267838
S03119560_20170620,14.723397
S05077700_20170620,14.22394
S06217000_20170621,18.246656
S03077596_20170621,14.6993065
S03226488_20170621,15.30646
S06216800_20170621,19.267708
S04123300_20170621,11.715566
S05125235_20170621,14.722811
S05052000_20170621,15.690632
S04012050_20170621,13.309054
S04010130_20170622,12.686169
S06219590_20170622,19.852087
S03109935_20170622,14.331852
S06215850_20170622,19.653084
S04102070_20170622,14.542808
S03036030_20170622,14.208611
S03035570_20170622,15.083773
S06179000_20170622,14.033743
S03055369_20170622,15.608656
S06580812_20170622,16.4154
S04500004_20170622,18.311277
S05191100_20170623,17.915668
S04134920_20170623,12.046349
S03113280_20170623,15.714902
S06840540_20170626,16.73469
S03239010_20170626,13.480612
S05021650_20170626,16.831312
S03000033_20170627,17.800098
S03186682_20170627,14.520717
S05022440_20170627,15.200652
S04043200_20170627,12.454196
S04339003_20170627,15.382805
S03000890_20170627,19.559868
S03006354_20170627,19.568432
S03006271_20170627,19.574545
S05219170_20170627,13.730081
S05013100_20170628,15.124558
S05004500_20170628,15.595256
S05005950_20170628,14.428184
S06035325_20170628,12.735059
S06215000_20170628,18.808296
S04524000_20170629,14.827998
S06440370_20170630,15.291657
S04068483_20170703,16.600405
S02005700_20170703,13.387609
S03082805_20170703,12.7082615
S02003397_20170703,12.682339
S02000010_20170703,14.701806
S03163300_20170704,14.028113
S02001150_20170704,13.259208
S06172930_20170704,19.013195
S06212100_20170704,18.873718
S02016050_20170704,13.693757
S03162240_20170705,14.822647
S03134730_20170705,14.532751
S03133690_20170705,14.401657
S02022800_20170705,14.661816
S04201000_20170705,12.818444
S04201170_20170705,12.748655
S03025368_20170705,16.408289
S03033306_20170705,17.231857
S03034465_20170705,14.944296
S03034720_20170705,15.808767
S03178660_20170706,14.526048
S05120093_20170706,16.007866
S05120094_20170706,16.016296
S02025500_20170706,15.364093
S03168230_20170706,14.104361
S06710010_20170706,19.208704
S02026250_20170706,15.615365
S04364001_20170707,15.969586
S02035000_20170707,13.171011
S03269438_20170707,13.107175
S06106670_20170707,16.00379
S03262780_20170710,12.806528
S04023680_20170711,13.197171
S05110000_20170711,16.497164
S04130500_20170711,13.300471
S04128050_20170711,13.096364
S05134375_20170712,14.224008
S06173650_20170712,15.709746
S05234013_20170712,17.01501
S05075250_20170713,15.006683
S04412010_20170713,14.554493
S03251190_20170713,12.196443
S05058938_20170717,16.610563
S05143000_20170717,16.531897
S02082160_20170717,11.611786
S05091063_20170717,15.846617
S04015000_20170717,10.756157
S05007900_20170717,14.3316145
S06114295_20170718,18.319893
S04604000_20170718,15.305681
S02096950_20170718,13.027153
S02081300_20170718,12.491825
S05117110_20170718,13.806494
S04059000_20170718,13.411041
S05117000_20170718,13.38912
S05116600_20170718,12.910038
S04082930_20170719,15.223342
S05033505_20170719,16.137234
S04023700_20170719,12.638071
S05134260_20170719,14.522151
S02096500_20170719,13.105781
S05055550_20170719,19.65489
S02098800_20170719,12.961065
S05111620_20170719,14.218778
S02102000_20170719,10.991397
S03001000_20170719,19.285595
S05134300_20170719,13.614996
S04504000_20170719,16.89807
S04104200_20170719,13.91657
S03207235_20170720,14.8084755
S03176470_20170720,14.701525
S05157650_20170720,14.876088
S03029530_20170720,14.608661
S05183860_20170720,19.715475
S03035840_20170720,14.4344015
S05111608_20170720,13.944616
S05157800_20170720,14.926301
S05111602_20170720,13.689693
S03017000_20170720,17.540533
S04115200_20170720,13.513815
S03225030_20170721,15.415996
S03207710_20170721,14.517502
S04152000_20170724,11.807854
S02082878_20170724,12.612993
S05104325_20170725,13.2109585
S02090000_20170725,12.627135
S04133000_20170725,12.990663
S04199078_20170725,13.209333
S05232220_20170725,13.342608
S05232290_20170725,12.628827
S03215000_20170725,14.006064
S04217100_20170725,16.482182
S06193660_20170725,10.92558
S05118990_20170725,14.306131
S06182050_20170726,16.6889
S04133600_20170726,13.816235
S02085600_20170726,15.00841
S03085855_20170726,16.27451
S02076195_20170727,13.203786
S05106330_20170727,14.096058
S05234290_20170801,17.818071
S03272060_20170801,12.904141
S03272685_20170801,12.998389
S03076443_20170801,13.110981
S06152700_20170801,17.38655
S04146000_20170801,11.462676
S03071080_20170802,14.330003
S03076002_20170802,13.623121
S04476000_20170802,14.9955845
S05173420_20170802,19.39967
S03271615_20170802,12.704246
S04026500_20170802,19.155445
S03271565_20170802,12.613123
S05234082_20170802,14.490387
S04041675_20170803,14.109062
S03190895_20170803,13.803182
S06100970_20170803,14.840501
S05086270_20170804,15.002457
S03153139_20170804,14.922955
S03189000_20170804,13.599149
S03144735_20170804,14.922428
S03128907_20170805,15.401614
S05192018_20170807,18.240685
S04500006_20170807,18.95013
S06850166_20170807,16.678274
S02003610_20170807,12.6978035
S02057453_20170807,14.00434
S03050000_20170807,14.03305
S06580819_20170807,15.619206
S05042930_20170808,14.714604
S02068500_20170808,12.687293
S05218850_20170808,14.29555
S05108200_20170808,14.3408375
S02057000_20170808,12.68564
S05111360_20170809,16.418354
S05068020_20170809,18.271057
S03161540_20170809,14.919483
S03161695_20170809,14.700218
S05044232_20170809,16.514309
S02061500_20170810,16.40818
S05111100_20170810,17.662209
S04196449_20170810,14.79735
S04067400_20170810,15.945753
S05159468_20170810,13.502879
S02052500_20170810,15.046527
S03129020_20170811,14.09581
S03128837_20170811,15.58051
S02100603_20170811,12.915983
S04134000_20170811,13.504893
S03125000_20170815,13.228731
S02036250_20170816,12.789949
S05149600_20170816,19.160479
S03105946_20170816,15.511224
S05220000_20170816,12.498633
S05219000_20170817,13.70507
S03277600_20170817,14.318209
S04070211_20170817,14.301006
S02045283_20170817,13.413965
S05150000_20170817,18.989767
S05151200_20170817,19.14492
S02003617_20170818,12.87067
S02041500_20170818,13.825557
S02042000_20170818,13.611946
S04422000_20170821,16.774418
S02117575_20170821,14.704357
S06178035_20170822,17.741825
S05068480_20170822,18.282322
S04615011_20170822,13.900271
S05135300_20170822,16.861912
S02123300_20170822,15.393442
S05049860_20170822,16.313229
S05214310_20170822,15.597782
S04178000_20170822,14.859875
S06407150_20170822,15.81391
S05218460_20170823,18.753374
S03128935_20170823,14.730835
S04108285_20170823,16.28325
S05214320_20170823,14.995236
S02112170_20170823,15.300226
S02115685_20170824,14.583712
S05052540_20170824,15.250801
S02115725_20170824,14.985096
S05233500_20170824,12.499469
S05217800_20170824,18.795843
S04000600_20170824,16.421913
S05232000_20170825,12.403606
S04027810_20170825,16.424683
S05167020_20170828,17.296515
S04208395_20170828,12.994588
S05167450_20170828,17.091795
S04175100_20170829,14.108473
S05069970_20170829,18.443405
S05166850_20170829,15.59534
S05069975_20170829,17.683798
S03098000_20170829,16.711798
S03096650_20170829,16.607674
S04545004_20170829,14.218635
S05225100_20170830,14.598509
S05207050_20170830,19.62768
S04630002_20170830,12.126318
S03103370_20170830,16.474262
S03112710_20170830,15.419427
S05068660_20170830,16.80102
S03155600_20170831,14.3115635
S05069310_20170831,17.91613
S04632011_20170831,13.61607
S03144675_20170901,14.932279
S04050000_20170901,13.31846
S06031400_20170904,18.20939
S06175600_20170904,19.536394
S05131000_20170904,13.23144
S05092975_20170904,14.653485
S05093000_20170904,15.223822
S05163000_20170905,12.987729
S06003500_20170906,14.736286
S03266920_20170906,12.992837
S06300300_20170906,13.262087
S05155230_20170906,14.813995
S05057150_20170907,19.56386
S06114850_20170907,19.679207
S06026000_20170907,14.245495
S04684000_20170907,12.80455
S05095150_20170907,15.723447
S04137025_20170908,11.699541
S06021500_20170908,14.469332
S06010000_20170912,14.633024
S06439900_20170912,14.731982
S05083586_20170912,13.412644
S04002010_20170912,12.205973
S03173273_20170912,14.424169
S05076050_20170912,14.499913
S05096030_20170912,17.501421
S06049010_20170913,13.0247555
S06004995_20170913,15.110947
S05100000_20170913,16.545147
S05102000_20170913,16.8746
S04002800_20170913,14.096408
S05068368_20170914,19.2077
S04145000_20170914,11.333504
S05068369_20170914,19.295053
S04206000_20170918,12.002038
S04003900_20170919,14.033588
S04023000_20170919,12.3314495
S04040355_20170919,13.959726
S05159260_20170919,12.8317585
S05096810_20170919,17.870028
S04074350_20170920,14.596704
S04027360_20170921,15.502427
S04027430_20170921,15.12547
S03203472_20170921,15.423243
S03184850_20170921,14.7082
S05145687_20170925,17.88208
S05056850_20170925,17.343388
S05054190_20170925,16.809235
S05068920_20170925,18.008299
S04433002_20170926,15.913875
S04103480_20170926,15.008055
S03193000_20170926,14.129426
S05201060_20170927,16.181688
S03149077_20170927,15.089987
S05042080_20170927,15.979506
S03149900_20170927,15.398122
S03073000_20170927,13.406721
S03157485_20170927,16.411438
S05096360_20170928,17.667776
S03051590_20170928,14.79731
S05053910_20170928,16.303165
S05183600_20170928,19.901447
S05063985_20170928,15.419275
S05199700_20170928,17.8022
S03144945_20170929,14.608329
S05092000_20171002,15.9742985
S05226102_20171002,14.716906
S05199450_20171002,17.523912
S05221600_20171003,15.600199
S04195400_20171003,15.5834465
S04003500_20171003,14.511809
S04062000_20171004,12.744444
S05058935_20171004,16.114187
S05061050_20171004,17.278664
S05201000_20171004,13.813813
S05200190_20171005,13.794372
S05060000_20171006,16.299416
S05216140_20171010,16.508923
S04053400_20171010,13.423701
S05203060_20171010,19.895584
S05216130_20171010,16.566149
S03152000_20171011,14.705168
S04212390_20171012,13.499734
S04163050_20171012,13.299089
S04205605_20171012,12.199739
S05216210_20171013,17.329004
S04091400_20171013,15.317197
S03152830_20171018,14.817006
S03174000_20171019,14.241294
S03151300_20171019,15.023984
S03142520_20171019,14.811827
S05056000_20171020,15.611122
S05238500_20171102,16.393785
S06175400_20171207,19.202398
S03113040_20180404,15.419683
S06067802_20180425,19.206331
S06035450_20180426,13.490231
S06076720_20180504,18.132917
S03015000_20180514,18.777412
S04371000_20180516,13.113463
S02020000_20180517,13.951924
S04475000_20180522,14.117697
S06063600_20180522,17.930914
S04392001_20180523,11.694416
S04212390_20180524,13.595205
S03078110_20180524,14.607365
S04199370_20180524,15.176954
S04441005_20180524,14.506059
S05014195_20180528,15.933143
S05170750_20180529,16.206022
S05025835_20180604,14.037572
S05029820_20180605,14.045375
S05058105_20180611,16.393438
S05184900_20180618,13.453912
S05031350_20180619,15.818709
S05163860_20180620,14.9096575
S06216100_20180620,18.375942
S03178660_20180621,14.493583
S05048010_20180621,16.39167
S03202250_20180621,15.2961855
S05075700_20180621,15.019306
S06035500_20180621,13.332733
S06190045_20180622,14.115545
S05033400_20180622,15.702092
S05085545_20180622,15.001589
S05148020_20180625,19.461838
S04044800_20180625,11.588912
S06850166_20180626,16.793924
S06177949_20180626,13.326257
S04096430_20180627,14.300799
S06003550_20180627,14.724149
S03231740_20180627,14.688501
S04014500_20180628,12.517246
S05022285_20180628,15.307044
S04187525_20180628,17.182476
S06178056_20180628,13.025207
S05078910_20180628,13.611592
S03104543_20180628,16.09795
S05116055_20180628,14.698288
S06471450_20180628,13.754247
S06048480_20180628,12.039032
S03115986_20180628,14.5128145
S05028110_20180629,13.339176
S04456002_20180629,16.889584
S06027000_20180629,14.930501
S06426000_20180629,15.476424
S05013175_20180702,15.3182125
S05025055_20180702,14.996589
S05085000_20180702,15.014025
S06179615_20180702,19.401701
S04165800_20180703,13.33626
S04137993_20180703,11.499208
S06117220_20180703,17.78542
S05234007_20180703,13.423044
S06107980_20180703,19.307764
S04462000_20180703,14.701655
S05080725_20180703,14.541221
S03109805_20180703,14.185761
S05000250_20180703,16.014013
S04521000_20180704,16.50344
S06106100_20180704,15.169682
S06110900_20180704,18.540962
S05234013_20180704,16.783415
S04097200_20180704,14.577747
S06014955_20180704,15.971215
S05097650_20180704,17.149124
S06580890_20180704,15.770742
S05085950_20180704,15.723355
S03273800_20180704,14.121292
S04440002_20180704,13.71491
S06190020_20180704,13.483129
S03071017_20180704,13.71285
S04604004_20180705,14.90129
S06101000_20180705,14.21867
S06594800_20180705,17.15849
S05057150_20180705,19.658457
S05097760_20180705,15.335616
S05015300_20180706,16.10802
S05011500_20180709,15.314706
S05134430_20180709,14.82075
S05036500_20180709,13.497296
S05030000_20180709,13.307158
S05029800_20180709,13.213141
S04524000_20180710,14.702604
S05021500_20180710,16.902441
S05020100_20180710,15.382226
S03002100_20180710,18.66229
S05011725_20180710,15.431341
S05013150_20180710,15.0051985
S03006271_20180710,19.675158
S05031050_20180710,16.20518
S04057800_20180710,12.324105
S03076220_20180711,13.30645
S05005610_20180711,14.1896515
S05080960_20180711,13.122313
S05061100_20180711,16.096823
S04089300_20180711,13.815821
S05023960_20180711,14.529805
S04083000_20180711,15.209156
S05023050_20180711,15.324906
S05012550_20180712,15.614851
S04178650_20180712,16.779997
S05226030_20180712,15.120707
S05033300_20180712,16.303608
S04113720_20180712,13.936362
S06580341_20180712,13.947965
S03050000_20180712,14.115061
S05061300_20180712,16.303804
S05022705_20180712,16.221132
S04022050_20180712,12.2047615
S04601001_20180712,15.506853
S05082000_20180713,12.699249
S06193250_20180713,12.439391
S04178750_20180716,15.990827
S05120005_20180716,13.13446
S05046800_20180716,14.328455
S02001750_20180716,13.514185
S03079850_20180717,13.798518
S03227010_20180717,15.423285
S03240100_20180717,13.726797
S05080850_20180717,13.805782
S04050000_20180717,13.513901
S03241957_20180717,13.711309
S03234215_20180717,14.246219
S03227495_20180717,15.321737
S02001915_20180717,12.787294
S02003620_20180717,12.706209
S03013677_20180717,15.31614
S03226720_20180717,15.4111595
S03155600_20180717,14.317741
S03021000_20180717,15.61233
S04426073_20180717,14.819203
S04074290_20180717,14.417402
S04195950_20180717,15.581247
S05047720_20180717,16.193502
S06580789_20180717,16.913372
S04196095_20180717,14.720963
S03051580_20180718,14.827624
S02106410_20180718,14.9155855
S06162350_20180718,14.792894
S04734002_20180718,12.139383
S04081300_20180718,15.53363
S02052500_20180718,15.340343
S04075887_20180718,18.591467
S05125000_20180718,14.004106
S05125200_20180718,14.907352
S05048000_20180718,16.412195
S05005950_20180718,14.610942
S05228280_20180718,14.210683
S02115725_20180719,15.115435
S05122950_20180719,14.520742
S03112000_20180719,13.219676
S03078385_20180719,14.329666
S03170100_20180719,13.378253
S04196950_20180719,14.18965
S04712000_20180719,11.716283
S04201170_20180719,13.008917
S05126100_20180719,14.42076
S06960950_20180719,17.669634
S06710039_20180719,18.988094
S03051250_20180719,14.6858835
S06494595_20180720,15.732137
S05038000_20180720,13.680162
S05120085_20180720,15.504018
S03155290_20180720,14.618818
S05228100_20180720,14.108648
S05077900_20180720,14.007424
S04733000_20180720,12.329874
S05125230_20180723,14.335497
S03105285_20180723,15.334648
S05157622_20180723,14.717795
S04051400_20180723,14.3913555
S04162958_20180724,13.20383
S03105455_20180724,15.302359
S02068790_20180724,11.079747
S03215193_20180724,15.525505
S05099170_20180724,17.532623
S03119560_20180724,14.8233185
S02106850_20180724,14.028038
S02066000_20180724,14.036792
S04630011_20180724,11.922422
S04301001_20180725,12.897946
S05032100_20180725,15.629576
S04583011_20180725,11.559851
S03119670_20180725,14.71171
S03114350_20180725,15.012952
S02051500_20180725,15.245749
S05068995_20180725,17.677448
S06040740_20180726,12.902361
S02051000_20180726,15.523471
S02025125_20180726,14.677482
S02020750_20180726,13.965773
S04119220_20180726,14.72752
S04210800_20180726,12.020212
S02107000_20180726,16.305754
S03214240_20180726,15.300014
S04023130_20180726,12.879246
S05033515_20180726,16.101963
S03144945_20180726,14.797296
S04443001_20180727,12.919401
S04123825_20180730,13.734948
S04044700_20180730,11.680536
S05226102_20180730,14.711716
S02031650_20180731,16.309261
S04475003_20180731,14.005545
S05117110_20180731,13.7091
S04115750_20180731,14.698597
S04136300_20180731,11.510006
S06152700_20180731,17.362694
S05135300_20180801,17.36706
S05111600_20180801,13.91281
S02030350_20180801,12.812707
S05233000_20180801,12.596966
S02065090_20180801,16.33128
S04089500_20180801,14.812825
S04009250_20180801,16.65566
S02043690_20180801,13.408618
S05134310_20180802,13.710826
S05106000_20180802,14.905542
S04103950_20180802,13.798907
S02029000_20180802,13.228619
S05109000_20180802,14.19442
S06070100_20180802,16.472815
S02028500_20180803,14.513331
S04134000_20180803,13.604321
S04093500_20180806,15.233475
S06710036_20180806,14.539567
S04049800_20180806,12.814932
S05069975_20180806,17.763693
S04553000_20180806,14.923069
S04140100_20180807,11.803108
S05183710_20180807,19.899635
S06580582_20180807,17.145296
S04134900_20180808,12.390154
S06069650_20180808,18.490898
S05176170_20180808,17.342134
S05183860_20180808,19.712997
S04652005_20180808,13.310161
S05150000_20180808,18.957352
S06147650_20180808,18.503647
S06580362_20180808,18.105465
S05069230_20180808,19.063337
S05219000_20180808,13.624185
S02046000_20180808,13.335194
S05234015_20180809,17.716442
S05234033_20180809,17.598925
S04109605_20180809,13.804963
S04122100_20180809,13.684367
S04102990_20180810,13.803272
S04615012_20180810,13.832053
S03136000_20180813,14.218327
S04417009_20180813,12.245361
S03133850_20180814,14.300768
S05231450_20180814,12.573806
S04028450_20180815,17.416697
S04420002_20180815,17.511456
S05172800_20180816,19.39545
S04190655_20180816,15.813102
S05180850_20180816,19.820442
S06840225_20180816,17.617016
S04054000_20180816,14.297685
S06148355_20180816,19.015263
S04171550_20180817,15.692404
S03070440_20180819,14.328424
S04426062_20180820,14.798084
S03027000_20180820,16.08267
S04113800_20180820,13.828273
S03055000_20180820,14.976954
S04108500_20180820,14.536775
S04415003_20180820,15.293359
S04061400_20180820,12.009696
S02104400_20180821,13.729256
S04603002_20180821,14.498575
S04034600_20180821,12.296626
S02122200_20180821,15.956593
S05065500_20180821,17.87602
S04003200_20180821,16.909534
S04332001_20180821,14.795956
S02123300_20180821,15.276159
S04175100_20180822,13.921108
S05221650_20180822,15.523997
S03032000_20180822,14.81532
S03145931_20180822,14.402408
S02114000_20180822,15.505135
S04026900_20180823,17.778393
S02115675_20180823,14.705315
S05217310_20180824,18.424955
S02120000_20180824,14.398861
S02070500_20180824,12.629743
S02094979_20180824,16.440975
S05034700_20180827,16.043285
S05170000_20180827,16.193892
S05171900_20180827,18.578922
S02104800_20180828,13.225244
S05145200_20180828,16.732481
S02085600_20180828,15.426654
S05200135_20180828,18.510952
S05044310_20180828,16.007301
S04430009_20180828,14.362324
S06300010_20180828,19.113277
S02076800_20180828,12.996501
S04614000_20180828,14.520117
S04041755_20180828,16.320438
S02081620_20180829,11.905755
S02070750_20180829,13.014328
S06710010_20180829,18.7834
S04209000_20180829,12.308616
S05042072_20180829,15.926525
S04013000_20180829,12.2594385
S04431006_20180830,15.152821
S04020010_20180830,11.879393
S04411004_20180830,10.462135
S05145000_20180830,15.918633
S04212700_20180830,12.415312
S06153200_20180830,16.658028
S06181945_20180830,18.170097
S05055930_20180903,15.693829
S05211650_20180904,16.900593
S04412012_20180904,14.367817
S05183480_20180904,17.580015
S03059000_20180904,15.113305
S05142495_20180904,16.019625
S05118785_20180905,17.05931
S05141000_20180905,13.213139
S05068470_20180905,18.597971
S05068410_20180906,18.49682
S05055900_20180906,15.1041355
S03131000_20180906,14.298029
S04377001_20180906,12.795434
S05204880_20180906,19.634495
S05051350_20180907,15.973349
S05218700_20180912,19.899523
S05228250_20180912,14.121171
S03008671_20180912,15.699695
S05076050_20180912,14.228366
S03141820_20180912,14.820987
S05154100_20180912,17.202745
S06189500_20180912,14.419606
S05162800_20180912,15.110316
S05163000_20180913,13.008898
S04070500_20180913,14.538676
S05161900_20180913,12.704433
S03044170_20180913,16.029173
S05161000_20180913,13.009649
S06005695_20180913,17.224657
S03044580_20180914,15.800285
S04428000_20180918,17.208122
S04003170_20180918,16.999226
S04404014_20180918,15.497683
S06045750_20180918,13.762915
S04404006_20180918,16.608522
S04079210_20180918,16.692524
S04079050_20180918,17.01568
S04003160_20180919,17.008057
S04037300_20180919,17.754297
S04376006_20180919,11.824468
S03196000_20180919,13.498694
S05139310_20180920,18.131048
S05134000_20180920,12.903732
S04429015_20180921,17.10765
S04075000_20180925,15.018698
S05183920_20180925,19.715694
S06170000_20180926,16.828281
S03257800_20180926,13.73719
S05099000_20180926,16.549791
S06175600_20180926,19.622992
S04310000_20180926,13.1078205
S05201055_20180927,15.595763
S05210000_20180927,13.807813
S06177000_20180927,15.712594
S06178000_20180927,14.308884
S05095000_20180928,15.902035
S04123980_20181001,12.2149
S04001005_20181001,12.903577
S03025492_20181001,16.28339
S05063980_20181002,15.31994
S04100000_20181002,13.381579
S04001900_20181002,12.603483
S05091520_20181003,16.924606
S05231370_20181003,11.778332
S05093300_20181004,15.027123
S05091000_20181005,15.658262
S06190040_20181005,12.497969
S03024300_20181008,16.793036
S05055000_20181009,17.610699
S05054600_20181009,17.494158
S03151300_20181009,15.124081
S03128640_20181011,15.278352
S03128220_20181011,15.830721
S03156724_20181011,14.911572
S03024736_20181011,15.595729
S05101500_20181015,17.042883
S05063150_20181016,18.00652
S05061942_20181016,18.185776
S05067950_20181018,18.569523
S05068300_20181019,18.571997
S05092060_20181026,15.796119
S05060930_20181026,17.283651
S05097750_20190115,14.633358
S06152400_20190207,19.625233
S06159385_20190320,19.772312
S04407009_20190417,12.300845
S06094097_20190419,15.340348
S04663025_20190423,11.82491
S06052435_20190424,13.258723
S04150690_20190429,11.396364
S03029630_20190509,15.323886
S03052338_20190509,14.395851
S06173500_20190514,16.665243
S06190111_20190514,14.020461
S04140020_20190514,12.033656
S04654000_20190515,12.50224
S04652004_20190515,13.292311
S06113270_20190515,17.06667
S04148525_20190515,14.012222
S04135900_20190516,11.601049
S04662015_20190516,12.039526
S04046545_20190516,15.524594
S05175010_20190516,15.0088
S03014550_20190520,19.183432
S04108290_20190521,16.199383
S03022790_20190521,15.985859
S05011724_20190522,15.3077345
S04197600_20190522,13.641928
S04364000_20190522,15.635386
S06581665_20190522,14.207735
S04041950_20190528,13.005842
S06830800_20190528,15.621327
S06580184_20190528,17.621712
S06035325_20190528,12.886147
S04086100_20190528,14.80741
S04113720_20190529,14.012615
S04604008_20190529,15.194556
S03164178_20190530,14.347876
S03176360_20190531,14.722545
S03091000_20190603,16.22646
S03011080_20190603,16.037949
S06101145_20190603,14.981617
S05228800_20190603,14.513345
S03023025_20190604,15.664061
S04182000_20190604,17.087584
S05061300_20190604,16.084152
S05155300_20190604,15.48769
S03022840_20190604,15.507889
S04433010_20190605,13.095668
S05120040_20190605,14.407588
S04374000_20190605,11.70939
S03113248_20190605,15.997315
S03146579_20190605,14.428682
S04146840_20190605,13.900288
S05065500_20190606,17.878422
S04660001_20190606,12.610577
S06106935_20190606,18.669016
S03022589_20190606,15.79291
S06179615_20190607,19.381107
S03021588_20190607,18.276321
S05163800_20190607,14.1117525
S05093700_20190610,14.539286
S05129086_20190611,14.70289
S03159795_20190611,15.819633
S06416450_20190611,14.999671
S06012055_20190612,17.875528
S06005780_20190613,15.476391
S04614003_20190613,14.598681
S06004870_20190613,15.028443
S05134351_20190613,14.639602
S05134365_20190613,14.914889
S06001995_20190614,14.817585
S05158314_20190614,14.02438
S04099960_20190618,13.838969
S06118000_20190619,14.512074
S05192155_20190620,17.77043
S05075200_20190620,14.8206625
S05232220_20190621,13.914455
S05220190_20190621,12.791616
S06215000_20190625,18.603703
S05025000_20190625,15.325225
S04209995_20190625,12.199666
S05061980_20190625,16.594034
S06219000_20190625,19.346994
S03198750_20190625,15.253772
S05167010_20190625,16.791473
S05095120_20190626,15.634051
S05096010_20190626,16.815445
S06222600_20190626,19.843122
S06458050_20190626,14.098949
S05095110_20190626,15.302137
S05095980_20190626,16.303661
S06456610_20190626,13.803134
S05004100_20190626,16.552835
S05096410_20190626,17.798155
S06931250_20190627,14.4772625
S05016100_20190627,16.277771
S04635011_20190627,13.7897215
S05096080_20190627,17.69247
S05145280_20190627,18.490864
S05048010_20190627,16.596056
S06190700_20190627,12.730744
S06471450_20190627,13.920136
S04606026_20190627,14.09653
S06078500_20190627,17.132431
S03253250_20190628,12.808281
S05095995_20190628,16.530884
S04721000_20190628,12.332896
S04027200_20190701,18.121454
S04542008_20190701,16.00661
S05125780_20190701,17.20735
S06830239_20190701,16.467924
S05125545_20190701,15.295517
S04066200_20190702,14.323465
S05125510_20190702,14.541364
S04068470_20190702,15.997233
S05234013_20190702,16.957697
S04096360_20190702,14.866205
S05234030_20190702,17.406145
S02106500_20190702,14.822069
S06300250_20190702,12.6187725
S02054000_20190702,14.871954
S04052350_20190702,12.39966
S04048550_20190703,14.92176
S04187600_20190703,17.570227
S02069100_20190703,12.925704
S02004300_20190703,18.096218
S04074647_20190703,13.806187
S03105760_20190703,15.302164
S05125600_20190703,13.417627
S04462001_20190704,13.622673
S05132600_20190704,15.719643
S05125420_20190704,14.543456
S02057650_20190704,13.500515
S04002100_20190704,12.309
S05127500_20190704,14.355773
S04070211_20190704,14.198327
S02057350_20190705,14.306452
S05126500_20190705,13.520018
S02049000_20190705,17.605587
S04049500_20190705,13.117913
S05015060_20190708,16.023207
S04570019_20190708,13.739451
S04134895_20190709,12.417964
S04142300_20190709,12.301918
S04027210_20190709,18.092588
S06580863_20190709,16.784044
S05093550_20190709,14.790764
S04091400_20190709,15.115011
S03199200_20190710,14.913031
S05023100_20190710,15.202683
S05005605_20190710,14.399871
S04199865_20190710,14.413562
S05165900_20190711,15.820324
S05133500_20190711,18.298294
S05133300_20190711,17.61111
S05007600_20190711,15.002832
S05012550_20190711,15.604777
S06435450_20190712,15.780775
S05165250_20190712,15.082556
S04426007_20190715,14.714975
S06094470_20190715,13.003236
S04008000_20190716,11.641623
S03149487_20190716,15.322579
S05097550_20190716,14.603704
S04162000_20190716,12.731547
S02061500_20190716,16.218472
S05054600_20190716,17.511038
S05091760_20190717,16.81937
S02001025_20190717,14.308167
S04043200_20190717,12.300112
S04354003_20190717,16.678211
S04166800_20190717,13.236462
S02005700_20190717,12.895962
S04166095_20190717,12.80323
S06106655_20190718,16.274681
S04146350_20190718,12.308517
S05068530_20190718,16.521233
S02019200_20190718,13.972914
S03078510_20190718,13.629035
S05167000_20190718,15.697135
S02011000_20190718,12.0693035
S03213480_20190719,14.9277
S06118500_20190719,19.762218
S04046500_20190722,16.400482
S05234003_20190722,14.699745
S06840600_20190722,16.501137
S05067000_20190722,18.293026
S06088800_20190722,18.3084
S05192018_20190722,17.975607
S06086100_20190722,17.71758
S05180850_20190723,19.819702
S04113250_20190723,13.933409
S04113800_20190723,13.998508
S05225300_20190723,15.719814
S04044400_20190723,12.384357
S05031900_20190723,15.80875
S05031850_20190723,15.809445
S05207150_20190723,13.713572
S06069650_20190724,18.484634
S04014090_20190724,12.262382
S05197500_20190724,15.495575
S05197600_20190724,15.644213
S06179999_20190724,13.437931
S06470005_20190724,14.535562
S06071900_20190724,15.488277
S06179155_20190724,17.537249
S05145300_20190725,17.99499
S05044000_20190725,15.683088
S03167740_20190725,14.311937
S06094039_20190725,13.416578
S04097600_20190725,14.0331135
S04401005_20190725,15.201456
S05120070_20190725,14.421242
S02099500_20190725,13.116426
S05232350_20190726,15.129563
S04097200_20190726,14.22085
S05068170_20190726,16.307695
S06004750_20190726,15.290147
S06440370_20190726,15.483279
S02097000_20190726,13.417264
S06464775_20190726,17.16475
S03219015_20190729,14.705786
S03190300_20190730,13.340301
S03207020_20190730,13.819253
S04615011_20190730,14.393356
S04111000_20190730,14.813352
S05049000_20190730,15.0047
S05050010_20190730,15.90512
S04068800_20190731,14.48698
S04103950_20190731,14.012877
S04068440_20190731,15.308104
S04104200_20190731,14.127859
S02094700_20190731,13.621804
S05051200_20190731,15.482296
S06217490_20190731,18.544846
S03025919_20190801,17.093136
S05133000_20190801,16.28783
S06177980_20190801,14.5856695
S03025368_20190801,16.804276
S05040100_20190801,14.329041
S03276495_20190801,15.703307
S05157200_20190801,12.911543
S02085600_20190801,15.527884
S06181150_20190802,12.6904125
S05038000_20190802,13.823497
S05039150_20190802,14.300446
S06178007_20190802,18.821974
S04016840_20190805,13.193758
S03207220_20190805,14.791737
S03011300_20190805,15.80229
S04076400_20190805,18.307207
S04077000_20190805,17.688377
S03211000_20190805,14.82205
S05129060_20190805,12.3158045
S05069972_20190805,18.205544
S03222000_20190806,14.920355
S03223240_20190806,15.397007
S03174615_20190806,13.913614
S03222275_20190806,15.015493
S05134310_20190806,14.303768
S02116570_20190806,16.247202
S03223200_20190806,15.507352
S04004100_20190806,14.311663
S03231065_20190807,14.927693
S03157950_20190807,15.802244
S05234005_20190807,13.116434
S05134432_20190807,15.015157
S05222000_20190808,14.29496
S02031650_20190808,16.82601
S03231740_20190808,14.496913
S04099400_20190808,14.018979
S04086320_20190808,14.817144
S05047510_20190809,15.2877865
S05175300_20190809,18.063848
S02106220_20190812,14.03234
S02123300_20190812,15.398453
S02123500_20190812,15.215985
S04044700_20190813,12.072839
S03116720_20190813,15.216579
S03105946_20190813,15.420401
S02118750_20190813,14.529486
S04030020_20190814,15.301822
S04432000_20190815,14.306809
S06147525_20190819,18.693672
S05060930_20190819,17.200699
S03138800_20190820,14.792109
S06710110_20190820,18.102104
S06710010_20190820,18.723717
S05058600_20190820,16.393406
S05059000_20190820,16.229294
S04053000_20190820,13.353667
S05149000_20190820,18.569712
S03254035_20190821,12.706464
S04162958_20190821,13.104267
S05148850_20190821,18.593164
S04163050_20190821,13.425485
S05148080_20190822,19.490654
S06491950_20190822,14.935953
S04195000_20190826,15.983713
S05100080_20190827,16.830751
S06830071_20190827,16.319561
S04604006_20190827,13.893139
S05102000_20190827,17.519299
S03086100_20190827,17.040861
S03093900_20190827,18.055971
S05061110_20190828,15.87105
S06110110_20190828,14.518649
S03252763_20190828,12.9056425
S06031200_20190828,15.415474
S05205000_20190828,18.067602
S06186000_20190828,18.196499
S03252755_20190828,12.83182
S02024000_20190829,12.97332
S05080700_20190902,14.52507
S04000920_20190902,15.01536
S05108150_20190902,14.81689
S06149500_20190902,15.659663
S04215520_20190902,12.411071
S05083580_20190903,13.409531
S04003200_20190903,16.620485
S05235850_20190903,18.032133
S05158170_20190903,14.524313
S05149500_20190903,19.174084
S06176000_20190904,18.097643
S04606015_20190904,12.322037
S05161950_20190904,12.710839
S05068912_20190905,18.273537
S05154280_20190905,12.915352
S05068955_20190905,17.940243
S04004825_20190905,13.737861
S06341510_20190905,16.802765
S05068960_20190905,18.030891
S04128050_20190906,13.321436
S05077945_20190909,14.909538
S05077970_20190909,15.613211
S05191150_20190910,17.519451
S05183000_20190910,18.853287
S05192100_20190910,17.799295
S05074700_20190911,14.497444
S03265600_20190911,12.81927
S05074580_20190911,13.912429
S05075700_20190911,14.903109
S03148650_20190911,15.009244
S03156995_20190911,14.600408
S03161258_20190912,15.627047
S03156151_20190912,14.921946
S03161090_20190912,14.812687
S05045128_20190913,14.301327
S05080890_20190913,13.418811
S04404000_20190916,16.200018
S03006000_20190917,16.389183
S03271920_20190918,12.90868
S05211900_20190918,16.10979
S06159470_20190918,19.772705
S05215120_20190918,16.313667
S06017097_20190918,18.733046
S06017200_20190918,18.761839
S05068369_20190918,19.048712
S05117450_20190919,14.79535
S03029000_20190919,14.6044445
S03143225_20190919,15.0036745
S04002010_20190919,12.5221615
S04171450_20190919,13.505402
S05068470_20190919,18.40828
S03039000_20190920,14.7221365
S05174000_20190920,14.991346
S05177000_20190920,17.193409
S05199800_20190921,17.212385
S05183848_20190923,19.106218
S04027500_20190923,15.805637
S05053085_20190924,14.902983
S05183850_20190924,19.309662
S05053960_20190924,17.49622
S05054550_20190924,17.606747
S05218500_20190925,19.50025
S05173200_20190925,19.611969
S04402004_20190925,15.726071
S04402005_20190925,12.401996
S05044300_20190926,15.80314
S05173420_20190926,19.318058
S05217150_20190927,17.708847
S06172100_20190930,12.819118
S03245840_20191002,13.9364805
S05203060_20191003,19.828014
S05180220_20191008,19.707722
S03174000_20191010,14.71
S04338006_20191015,16.205158
S04338002_20191015,16.847939
S03241957_20191024,13.528677
S06159930_20200218,19.909403
S06439460_20200422,14.995903
S06027700_20200424,16.259333
S06437950_20200424,15.503149
S06052435_20200427,13.366133
S04712008_20200504,11.903153
S06179200_20200506,14.5192
S04011700_20200507,15.529041
S03088800_20200507,17.313227
S06190700_20200510,12.393281
S03145865_20200512,14.62569
S03149859_20200514,15.819654
S03159915_20200515,15.706142
S05068475_20200518,18.193874
S04012050_20200519,13.777361
S02025100_20200520,14.386089
S05065500_20200520,18.004257
S04211950_20200520,11.473207
S04374000_20200520,11.797976
S05018650_20200525,16.630318
S03011740_20200525,16.408606
S05033560_20200525,16.521763
S03090470_20200525,16.21779
S05013880_20200525,15.914343
S05085350_20200526,15.104386
S05077850_20200526,14.312277
S06464800_20200526,16.605503
S05046700_20200527,14.208809
S04735000_20200527,12.20641
S04735002_20200527,12.229932
S03167249_20200527,14.426397
S05029730_20200529,13.5235
S04615007_20200602,14.401528
S04710002_20200602,12.007149
S04096400_20200602,14.821223
S04405008_20200602,13.912121
S04636007_20200602,12.7080765
S04112200_20200603,13.900255
S04201990_20200603,11.812129
S03219780_20200603,14.81818
S04057730_20200603,12.305523
S04089300_20200603,14.211706
S04431018_20200603,12.767069
S06078500_20200604,17.231945
S03011840_20200604,15.812631
S05011722_20200604,16.201689
S03194350_20200604,15.014802
S04163025_20200605,13.195873
S03052825_20200605,14.306526
S04304011_20200608,12.400231
S04419004_20200608,15.918472
S05120100_20200609,14.951231
S03128270_20200609,16.204554
S04162000_20200609,12.631124
S06007000_20200609,16.29714
S06038900_20200610,12.423004
S06580318_20200610,18.066826
S04052265_20200610,12.120621
S04375008_20200610,12.421095
S03040450_20200610,15.979732
S05120040_20200610,14.131688
S05121350_20200610,16.290646
S05119105_20200610,15.623511
S03145290_20200610,15.91973
S06189678_20200610,13.548916
S05120016_20200611,14.928072
S03036475_20200611,15.788459
S03128845_20200616,15.904283
S04067283_20200616,14.704912
S06122790_20200616,14.705654
S04068470_20200616,15.907966
S03128745_20200616,15.416704
S05024994_20200616,15.516791
S04470004_20200616,14.624636
S06065700_20200617,17.225657
S05176050_20200617,16.532398
S06580171_20200617,17.503048
S03172380_20200617,14.828007
S03148220_20200618,14.9999
S03156995_20200618,14.698264
S04068918_20200618,15.279106
S03182100_20200618,15.016771
S04173160_20200619,14.536486
S06179615_20200619,19.403955
S03085630_20200622,16.095602
S03085669_20200622,15.618227
S04604003_20200623,14.524061
S03034370_20200624,15.931981
S06850166_20200624,17.513071
S03057650_20200624,15.00021
S06180900_20200624,12.724869
S03189300_20200624,13.508331
S06160700_20200624,18.952175
S03040250_20200624,16.760187
S04192550_20200625,16.204865
S05229130_20200625,13.517158
S04461009_20200625,14.72478
S04461007_20200625,15.32372
S04187500_20200625,17.186085
S06045000_20200625,14.019872
S03039940_20200625,16.31445
S04146920_20200625,14.9286375
S03052760_20200626,14.294477
S04150830_20200629,12.00836
S04086980_20200629,17.691189
S04160200_20200629,15.629731
S04019350_20200629,12.078864
S04019700_20200629,11.857014
S04131470_20200629,12.747461
S05075900_20200630,15.092361
S03193880_20200630,13.618406
S06213290_20200630,13.883833
S05074500_20200630,14.175139
S04015190_20200630,11.679074
S05074600_20200630,13.919325
S06127050_20200630,16.694355
S02026250_20200701,15.821093
S05178900_20200701,19.63077
S04023700_20200701,13.212421
S04014090_20200701,12.946152
S04100900_20200701,13.72541
S02099500_20200701,13.200595
S04660001_20200701,12.711051
S04410006_20200701,11.429731
S02042500_20200701,13.318491
S06190900_20200702,12.18976
S06216600_20200702,19.163845
S04199401_20200702,13.58487
S02096750_20200702,13.913274
S05135000_20200702,15.906189
S05134260_20200702,15.327248
S04042100_20200702,13.284799
S04215520_20200702,12.486368
S05135100_20200702,16.202187
S02023750_20200702,12.672097
S04046960_20200702,15.705447
S02001715_20200703,14.819312
S05162605_20200703,15.605342
S02026500_20200703,14.788516
S04075000_20200703,14.608722
S05155300_20200703,15.697804
S05162800_20200703,15.219571
S05229140_20200706,13.987926
S04403004_20200706,12.029462
S05232980_20200706,12.804372
S05231450_20200706,12.501324
S04741001_20200706,15.403345
S02049900_20200707,16.536007
S02001016_20200707,14.620852
S02048980_20200707,18.6071
S05091520_20200707,17.297802
S02076800_20200707,13.503893
S06206000_20200707,12.620978
S02004000_20200707,13.408435
S02082350_20200707,12.782684
S05226102_20200707,14.613784
S04184830_20200707,16.968225
S04119750_20200707,14.995244
S04041675_20200707,14.629376
S02104400_20200707,13.896882
S05145440_20200708,18.266748
S03272235_20200708,12.227803
S04001945_20200708,13.214786
S04001950_20200708,13.1790085
S06300250_20200708,12.599934
S06001399_20200708,16.377785
S02011000_20200708,12.311642
S04090500_20200708,14.90655
S02003400_20200708,13.4177265
S05093750_20200708,15.408885
S04132800_20200708,13.312794
S05091070_20200708,15.658472
S05119902_20200708,13.219649
S03202250_20200709,15.611748
S04119205_20200709,14.712479
S04113205_20200709,13.897394
S05061915_20200709,15.979589
S04096645_20200709,13.420804
S02109000_20200709,16.545992
S05147000_20200709,18.47448
S05234030_20200709,17.407534
S05089080_20200709,18.1667
S05092000_20200709,16.881315
S05091310_20200709,16.306322
S02106430_20200709,14.721337
S02006450_20200710,13.60266
S04054400_20200710,14.531921
S06213590_20200710,14.627337
S02063000_20200710,14.812
S06450600_20200710,18.117147
S05089050_20200710,17.276506
S05098000_20200713,16.509243
S03103816_20200714,16.143215
S05096805_20200714,17.69526
S06047940_20200715,14.135731
S02106850_20200715,14.199971
S05011490_20200715,15.31931
S05011400_20200715,15.307257
S05011720_20200715,15.61388
S03149081_20200716,15.520471
S05021800_20200716,16.825216
S06195330_20200716,17.704163
S04093500_20200716,14.903494
S05021500_20200716,16.403852
S02067600_20200716,12.712249
S04067625_20200716,16.511013
S05024300_20200716,15.60138
S06129950_20200717,15.687052
S02052500_20200717,16.323904
S04146690_20200720,14.23157
S06580300_20200720,19.607372
S03273345_20200720,12.1208725
S06128860_20200720,16.299408
S05047600_20200720,15.424298
S02085325_20200721,14.719795
S04000920_20200721,15.296142
S04123750_20200721,12.476351
S02115670_20200721,15.116375
S05058935_20200721,16.703339
S05047710_20200721,15.916217
S05051000_20200722,15.590626
S03038630_20200722,15.703486
S06154000_20200722,16.62557
S02118300_20200722,15.803186
S03250797_20200722,12.303627
S06048900_20200722,13.736252
S05068938_20200722,17.496918
S05167010_20200723,17.384941
S05151150_20200723,19.662865
S02070370_20200723,12.739113
S06120560_20200723,18.278214
S06458450_20200723,13.669364
S02069100_20200724,13.122863
S02111500_20200724,15.789299
S03037576_20200724,16.493055
S03037480_20200724,16.997265
S02112050_20200724,15.709438
S06123500_20200727,14.826102
S05002500_20200727,16.111614
S03041000_20200727,15.516994
S06000699_20200728,15.716237
S04411003_20200728,11.473257
S06162350_20200728,14.80167
S04016300_20200728,11.868686
S04072150_20200728,14.803508
S02057000_20200728,12.71369
S05012500_20200728,15.707012
S05013000_20200728,15.439406
S05015900_20200729,16.395771
S05145200_20200729,16.820196
S05013150_20200729,15.617847
S05010950_20200729,15.42542
S06202150_20200729,15.417252
S04165800_20200729,13.011535
S02051000_20200730,16.611347
S02018780_20200730,16.651558
S05153940_20200730,15.205081
S02019500_20200730,13.973429
S05125545_20200730,15.229926
S03033306_20200730,17.180285
S05133100_20200731,18.01817
S05024200_20200731,14.8791065
S05234000_20200803,13.690283
S02082160_20200803,12.027187
S05126150_20200803,14.432115
S03257335_20200803,12.703547
S04016800_20200804,15.909001
S04016980_20200804,15.997718
S06222100_20200804,18.364206
S05068485_20200804,17.873009
S05222980_20200804,14.57002
S03240100_20200804,14.329812
S05225095_20200804,17.585632
S05229250_20200804,14.428789
S05144520_20200804,15.820744
S05162505_20200804,13.685761
S03257800_20200804,12.429255
S03234215_20200804,14.333462
S03015000_20200804,18.807793
S05106350_20200804,15.107731
S06710029_20200805,19.030367
S04152000_20200805,11.700485
S04153700_20200805,13.925825
S05218980_20200805,13.703868
S03234620_20200805,14.208257
S03244460_20200805,14.602794
S05068371_20200805,18.962288
S04215750_20200805,12.026952
S05223170_20200806,13.21595
S05100000_20200806,17.056229
S05101400_20200806,17.81405
S04036300_20200810,16.706306
S04005530_20200810,12.966873
S03156580_20200810,15.50521
S04006000_20200810,12.490559
S05063000_20200811,16.390923
S05148180_20200811,19.401466
S06416550_20200811,15.204351
S06147650_20200811,18.394169
S06830122_20200811,18.403046
S05236000_20200811,18.345076
S06000418_20200811,18.310389
S05128020_20200811,16.149286
S03157485_20200811,15.718546
S05068660_20200812,17.03536
S05230980_20200812,12.615717
S03133140_20200812,14.696277
S06429845_20200812,17.160585
S05111360_20200812,16.686739
S05127000_20200813,13.829608
S06003770_20200813,15.248423
S05118700_20200813,14.992985
S05118785_20200813,17.662233
S06001470_20200814,14.418583
S06001480_20200814,14.225337
S03144595_20200818,15.726655
S05119080_20200818,14.008924
S05175200_20200819,16.878187
S06093050_20200819,14.379201
S03087000_20200819,18.760063
S05169000_20200819,18.343887
S04562009_20200820,14.515051
S06000401_20200820,19.485374
S04162300_20200824,12.725242
S05068170_20200824,16.317785
S05106820_20200825,15.152367
S05068145_20200825,15.932352
S05068355_20200826,18.398188
S03141984_20200826,14.722563
S04190650_20200826,15.981193
S06710100_20200826,18.521519
S03255650_20200826,13.039971
S05077950_20200826,15.40138
S05079450_20200826,14.52576
S05079200_20200826,14.005076
S05173200_20200826,19.31765
S05063400_20200826,18.404552
S05031100_20200827,16.302137
S05068080_20200827,18.287672
S05075250_20200827,14.722861
S05158150_20200828,14.22381
S05158160_20200828,14.309654
S05074710_20200828,14.413251
S04405013_20200828,17.041319
S04522002_20200828,15.190403
S06216100_20200831,18.495024
S05153960_20200831,14.919303
S03012100_20200831,15.630168
S05087000_20200901,15.824715
S04075850_20200901,18.00916
S05101500_20200901,17.413996
S04110700_20200901,15.005154
S05101200_20200901,17.641327
S05161900_20200902,12.912149
S05123000_20200902,14.840377
S05159260_20200902,13.394115
S04178650_20200902,17.03557
S03057000_20200902,14.900122
S03066000_20200903,15.207514
S05068890_20200903,18.689152
S06820083_20200903,15.438516
S03004280_20200903,16.787903
S05085000_20200903,14.823194
S04049800_20200903,13.693288
S05163290_20200903,13.111038
S04027730_20200907,16.403868
S05053000_20200907,14.520364
S06147130_20200907,17.198496
S05053086_20200907,14.534412
S05052540_20200907,14.133963
S06020460_20200907,18.309244
S05054190_20200908,17.369215
S05054060_20200908,17.57227
S03138390_20200908,15.018702
S04197700_20200908,13.624985
S05183710_20200908,19.896103
S05055910_20200909,15.015423
S04195190_20200909,16.200155
S05042071_20200910,16.125135
S05055960_20200910,15.603451
S05055970_20200910,16.415749
S06080000_20200911,17.52236
S05213100_20200914,13.973468
S06113000_20200914,17.102962
S05214310_20200914,16.198315
S03047445_20200914,15.233972
S04175450_20200915,13.32259
S05201030_20200915,14.795738
S04423015_20200915,16.812965
S05202150_20200915,14.907317
S03071080_20200915,14.197919
S05178200_20200916,19.202906
S04426016_20200916,14.714904
S04082920_20200916,15.404883
S02112150_20200917,16.018887
S06169950_20200917,18.105133
S05199250_20200917,17.152874
S03039000_20200917,14.906817
S05199800_20200917,17.045038
S05206880_20200918,19.70614
S04465008_20200921,14.710968
S03013660_20200921,14.904008
S03164218_20200922,14.720169
S05189000_20200922,19.05914
S05056000_20200922,14.514637
S03078060_20200923,14.62249
S04103960_20200929,14.300038
S04475029_20201001,13.494578
S04402004_20201005,15.698251
S04003400_20201006,15.62753
S03055000_20201008,15.003999
S04712021_20201008,11.698773
S06820118_20210223,19.202045
S06320220_20210402,13.284622
S06820087_20210409,15.129729
S06029100_20210421,16.578468
S06440445_20210421,15.910579
S04671004_20210422,12.595684
S03194620_20210423,15.625058
S03206000_20210427,15.084639
S03207020_20210427,14.730067
S06012080_20210427,18.484428
S04010200_20210428,11.998104
S06205415_20210428,15.101664
S06003500_20210429,14.753728
S03201650_20210429,15.721544
S04133200_20210430,12.61636
S03201260_20210430,15.597301
S03201250_20210430,15.115838
S04131550_20210503,12.728712
S04158860_20210505,16.099476
S03222780_20210506,15.421083
S04721002_20210511,12.598085
S04101400_20210512,12.212917
S05011710_20210518,15.939131
S06175275_20210518,17.975245
S04084650_20210521,15.015977
S05013880_20210525,16.215458
S05015055_20210525,16.116934
S05025055_20210525,15.623291
S03013740_20210525,14.715287
S03032675_20210525,16.222519
S02020300_20210526,13.971031
S03104528_20210526,16.097061
S05000249_20210526,16.118994
S04217400_20210526,16.208015
S04199370_20210527,14.808097
S06175308_20210527,17.520668
S03005284_20210527,17.034878
S03022718_20210528,14.695166
S04051250_20210528,14.000778
S04010130_20210531,12.58099
S05093700_20210601,15.244918
S03004232_20210601,18.150528
S06213310_20210601,13.924703
S03044690_20210601,16.320591
S04150830_20210601,12.125453
S04096400_20210601,14.727179
S03008505_20210602,15.4903965
S04052600_20210602,14.215479
S03004985_20210602,16.508865
S05095150_20210602,16.33163
S03008950_20210603,15.717368
S06000221_20210603,14.564476
S03003790_20210603,17.572994
S05095980_20210603,16.82557
S04100900_20210603,13.833967
S06213290_20210603,13.799007
S03022000_20210604,18.89311
S04009415_20210607,12.682291
S06710040_20210607,13.920244
S06109050_20210607,19.840366
S06205960_20210608,11.884508
S04001945_20210608,13.610586
S05058922_20210608,16.783237
S05061100_20210608,15.915759
S05155300_20210608,15.884016
S05162500_20210608,14.312759
S04040895_20210608,12.610986
S04023130_20210609,12.755144
S06105568_20210609,17.776403
S04086550_20210609,19.074774
S04375008_20210609,12.309561
S04662009_20210609,12.710072
S04400000_20210609,18.313278
S04108530_20210610,15.012354
S06213480_20210611,13.186888
S05155890_20210611,15.31819
S05033530_20210614,16.40931
S04089500_20210615,15.122581
S04090800_20210615,15.314224
S05176050_20210615,16.912285
S04424000_20210615,15.524358
S05234027_20210615,16.117653
S04455013_20210615,16.68065
S04184950_20210615,16.38395
S05078900_20210616,14.421556
S04096100_20210616,13.679671
S05111610_20210616,14.413351
S05080850_20210616,14.618152
S04090100_20210616,13.923072
S05046700_20210616,14.108153
S05047500_20210616,15.996742
S06038110_20210616,13.006453
S04371008_20210616,12.039651
S06040400_20210616,13.050644
S05027040_20210616,13.96378
S06117360_20210617,17.569511
S04013975_20210617,14.740645
S04179690_20210617,15.795149
S06580358_20210617,18.746117
S06580353_20210617,17.896923
S06130500_20210617,14.800613
S05191000_20210617,17.772015
S04030100_20210617,14.913432
S05068367_20210621,18.935682
S06182050_20210621,17.560574
S03172000_20210622,13.899985
S05095995_20210623,17.311659
S06222600_20210623,19.76144
S04049800_20210624,13.802886
S04070230_20210625,14.100544
S06405950_20210625,16.010654
S06001470_20210625,14.413162
S06193660_20210628,11.710874
S04190000_20210629,15.798971
S06820141_20210629,12.74233
S06011760_20210629,19.180927
S06940040_20210629,17.379084
S06033000_20210629,15.83948
S06185500_20210630,12.903185
S06210850_20210630,18.4076
S03018342_20210630,16.100475
S03054000_20210630,15.315315
S04171670_20210701,15.014469
S04187525_20210701,16.911278
S04114100_20210701,15.676258
S06005695_20210701,16.594206
S04190780_20210702,16.342258
S04190842_20210702,16.498589
S06090600_20210705,18.635715
S05030500_20210705,15.719145
S06178065_20210705,14.912149
S04127000_20210705,13.810686
S05029730_20210706,13.498119
S06177906_20210706,14.199301
S05029960_20210706,16.889606
S06850166_20210706,17.730164
S02052000_20210706,16.737421
S06177949_20210706,13.512574
S03013660_20210706,14.907783
S03078110_20210706,14.540246
S02050260_20210706,17.32137
S02051000_20210706,16.93966
S05175000_20210707,15.72459
S05176170_20210707,18.610231
S05176150_20210707,18.339462
S05165770_20210707,15.509013
S06179640_20210708,17.618301
S02111500_20210708,16.036018
S02111000_20210708,16.016617
S06173460_20210709,16.983374
S05228000_20210712,14.1230545
S05151200_20210712,19.295368
S05151120_20210712,19.475563
S05226150_20210712,15.016087
S05081000_20210714,13.709993
S04024050_20210714,13.124824
S05139900_20210715,18.100172
S05219170_20210715,14.82115
S05229120_20210715,13.709101
S05079450_20210715,14.625666
S04192950_20210715,14.891537
S04194500_20210715,15.907631
S04103950_20210715,14.308845
S05232980_20210715,12.662431
S04070425_20210715,15.607469
S04137993_20210715,11.936777
S04417001_20210715,14.377538
S04206000_20210716,12.222963
S03271730_20210719,13.130418
S05083650_20210720,13.713627
S05151100_20210720,19.46307
S04215500_20210720,12.680978
S03254929_20210721,12.616089
S05015800_20210721,16.28778
S06710036_20210721,15.01191
S05005605_20210721,14.491537
S05074900_20210721,15.434234
S05075700_20210721,15.014773
S03163300_20210721,14.311603
S05011000_20210722,15.435813
S05192050_20210722,18.210665
S04630019_20210723,12.391989
S04148590_20210723,11.588046
S05134350_20210723,15.002071
S03234346_20210726,14.588376
S05015000_20210726,15.900583
S04111500_20210726,14.627648
S06179500_20210726,13.211199
S05091450_20210727,16.705976
S05018400_20210727,16.407843
S06176950_20210727,18.493027
S05120150_20210727,15.89239
S06181990_20210727,17.796139
S05015980_20210727,16.10395
S05135300_20210727,17.268532
S05138000_20210727,18.009018
S05024305_20210728,16.41718
S04108736_20210728,14.602602
S05125990_20210728,14.723582
S04431028_20210728,15.387467
S04431029_20210728,15.26779
S05097900_20210728,16.398138
S04037800_20210728,18.209423
S05135100_20210728,15.868689
S05134310_20210728,14.806199
S05020890_20210728,15.303655
S02068500_20210729,12.877611
S06830193_20210729,16.414019
S04052590_20210729,13.989003
S02070250_20210729,12.797882
S02076180_20210729,14.232767
S05101420_20210729,17.32311
S04524000_20210729,15.116086
S04068925_20210729,15.625823
S02070900_20210730,13.1169
S02096000_20210730,13.224962
S04068598_20210730,15.099538
S05234287_20210802,17.547361
S06840225_20210802,17.945055
S06156230_20210802,19.39964
S05115600_20210802,17.792805
S06580130_20210802,17.824547
S04039160_20210802,13.102427
S03126511_20210803,13.716105
S03247275_20210803,14.009574
S02068790_20210803,11.417813
S04041770_20210803,15.524708
S04033300_20210803,15.446017
S05128000_20210804,16.768377
S06580619_20210804,14.675011
S04106065_20210804,15.390823
S04082000_20210804,14.852699
S04215750_20210804,11.995347
S04041760_20210804,15.721818
S02057480_20210804,13.944678
S03247140_20210804,14.014069
S03207285_20210804,15.115183
S02001500_20210805,15.887884
S02010000_20210805,13.504118
S03210327_20210806,14.203278
S02037500_20210806,12.411789
S04412011_20210809,14.4394245
S03096156_20210809,15.915884
S02007000_20210809,12.974445
S03246920_20210809,13.934357
S05099300_20210810,16.542929
S02123500_20210810,15.377045
S02124000_20210810,15.1902075
S06147220_20210810,18.11045
S05091210_20210811,15.929664
S02001700_20210811,13.107237
S02081030_20210811,13.329486
S02081620_20210811,12.618866
S04086500_20210811,13.602726
S02001750_20210811,14.151464
S02081300_20210811,13.830155
S06820073_20210811,15.929071
S02030500_20210811,13.01842
S02096750_20210811,13.687737
S02061970_20210812,16.007645
S04074300_20210812,14.600041
S04117800_20210813,14.219019
S02116000_20210813,16.586624
S02073700_20210813,11.814959
S05172000_20210813,18.709139
S06104000_20210816,15.111775
S05117430_20210816,14.187511
S06153900_20210816,19.414358
S04112200_20210816,13.999777
S06098000_20210816,12.929043
S04132500_20210816,13.415022
S02100100_20210817,13.211072
S05226500_20210817,13.946333
S05183500_20210817,19.630335
S05068110_20210817,16.708935
S05111602_20210817,14.110928
S04173200_20210817,14.332023
S05218560_20210817,19.713373
S03128732_20210817,15.932848
S05116070_20210817,15.605734
S05116600_20210817,13.411223
S06217470_20210818,18.22978
S04051850_20210818,14.106672
S02082000_20210818,12.309112
S06217500_20210818,18.183828
S06446330_20210818,15.838336
S04606008_20210818,14.5335045
S05218630_20210818,19.894241
S05103990_20210818,13.111658
S05111500_20210818,13.595601
S05104000_20210818,13.123074
S03174695_20210818,14.009766
S02085325_20210818,14.824693
S04026000_20210818,13.581612
S05231500_20210818,11.986918
S05207000_20210818,18.183678
S05223000_20210818,13.723016
S05072000_20210819,16.410892
S06167000_20210819,17.568468
S04405027_20210819,13.916311
S06139080_20210819,19.19955
S06026000_20210819,14.494665
S04004805_20210819,14.105101
S05207050_20210819,19.813044
S05106855_20210819,14.99927
S02104000_20210819,13.408814
S03164180_20210819,14.697765
S03178348_20210820,14.013422
S05216150_20210820,18.03192
S02048980_20210820,18.880798
S03254510_20210823,12.4574375
S04200499_20210823,12.142786
S02000011_20210823,14.719642
S05114500_20210823,14.699951
S06710014_20210823,19.119274
S03156695_20210824,15.204527
S03146498_20210824,14.518621
S03161335_20210824,15.303784
S06820350_20210824,14.799845
S05172050_20210824,18.82601
S03250952_20210824,12.115594
S06700148_20210825,12.578629
S05034700_20210825,16.740273
S05177600_20210825,18.084835
S05125420_20210825,15.408324
S02003800_20210826,14.032244
S02067505_20210826,12.900719
S06070800_20210826,16.244654
S05125545_20210826,15.319694
S05174000_20210826,14.938882
S04108285_20210826,16.613295
S05042050_20210826,15.796403
S04118000_20210827,14.123038
S05033220_20210827,16.406036
S04431023_20210827,13.393407
S04027730_20210830,16.1162
S06114820_20210830,19.666853
S03136840_20210830,14.53977
S03145290_20210830,15.998484
S06700094_20210830,18.906887
S06700590_20210830,19.04016
S05031050_20210830,16.420616
S05052540_20210830,14.614657
S05053086_20210830,14.422448
S05055700_20210830,14.409498
S06700007_20210831,19.017447
S06830139_20210831,19.004093
S05181130_20210831,18.631817
S05119902_20210831,13.752407
S05060000_20210831,16.785826
S05053975_20210831,17.212952
S05053930_20210831,16.01227
S06114870_20210831,19.65567
S06404800_20210831,15.097885
S03138000_20210831,14.716132
S03158900_20210831,15.6081295
S04096175_20210831,15.072986
S06000568_20210831,17.303606
S04179645_20210831,16.575703
S05057180_20210901,19.074505
S05055550_20210901,19.454521
S03105462_20210901,15.610281
S04168050_20210901,12.822532
S04167000_20210901,13.013925
S04094200_20210901,15.916199
S06065700_20210901,16.914438
S05156950_20210901,13.026652
S04011100_20210901,12.167168
S03072200_20210902,14.106769
S06085500_20210902,18.010464
S05061230_20210902,16.07186
S04442002_20210902,13.801104
S04442017_20210902,13.809638
S05042095_20210903,15.718452
S04500012_20210903,18.190376
S03077000_20210903,14.023013
S03222000_20210903,15.029618
S06210640_20210906,18.92762
S04194600_20210906,15.881383
S03037550_20210906,16.812693
S04012200_20210906,13.465163
S06052410_20210907,13.677547
S06051550_20210907,13.6782255
S06020460_20210907,18.401375
S05056800_20210907,16.305729
S03161850_20210907,14.82115
S05126050_20210907,14.826727
S05068630_20210907,17.007515
S03005200_20210907,16.89461
S03212150_20210907,14.508681
S04000850_20210907,15.922237
S05068660_20210907,17.088703
S06438710_20210908,17.91124
S05047000_20210908,14.211488
S03231748_20210908,14.802905
S04001990_20210908,13.713491
S05126150_20210908,14.424531
S04002010_20210908,13.11202
S05049220_20210909,16.474243
S04029050_20210909,15.411316
S05069230_20210909,18.583162
S04403009_20210909,14.818385
S06182600_20210910,16.200623
S05215100_20210913,16.208908
S05097500_20210913,15.106784
S05201400_20210913,15.120119
S05201050_20210914,15.429037
S04312009_20210914,13.696634
S05207150_20210914,14.816955
S05199750_20210915,17.601824
S04102400_20210915,13.911895
S04134700_20210915,13.235428
S04103200_20210915,14.535137
S05200115_20210915,17.990795
S05199800_20210915,17.027515
S05183600_20210916,19.799448
S03228880_20210916,14.610497
S04027670_20210916,16.017006
S05085600_20210916,15.408155
S03114825_20210921,15.316943
S03112480_20210922,13.514671
S06438600_20210922,14.975833
S03082000_20210922,13.338115
S03155345_20210923,14.699746
S04591001_20210923,14.315653
S03154640_20210923,14.924798
S04475027_20210923,13.714856
S06072300_20210924,16.791752
S03153139_20210924,14.825223
S05173350_20210927,18.392736
S05183710_20210928,19.89851
S05094810_20210929,15.722518
S05063800_20210929,17.520147
S05091725_20210930,16.933424
S05117450_20211004,14.503134
S05063980_20211005,16.075642
S05214320_20211008,16.800966
S05061942_20211011,17.106787
S04003060_20211013,17.498781
S04003170_20211014,17.298904
S05163440_20211018,13.5091
S05064120_20211022,16.201849
S05046100_20211027,13.943594
S06000610_20211108,18.631886
S06580347_20211108,19.095654
S06341300_20211110,19.188108
S06135350_20220207,19.717558
S06159930_20220221,19.839077
S06062400_20220302,19.322618
S04682003_20220419,11.392376
S04735002_20220419,12.301294
S06177760_20220419,13.5234785
S04781000_20220426,12.2974415
S04070000_20220426,13.509812
S04052220_20220427,12.813207
S04108050_20220427,14.831243
S06048300_20220428,13.804409
S06006720_20220428,15.899894
S04049625_20220428,13.802742
S04445000_20220428,14.307884
S04443002_20220429,14.095151
S04205500_20220502,13.024875
S05018650_20220504,17.032127
S03091000_20220504,16.138512
S03103370_20220504,16.107405
S03103440_20220505,15.820257
S05007290_20220505,15.21734
S03001000_20220505,18.787552
S05144250_20220509,16.217121
S05128950_20220510,13.59904
S04782005_20220511,14.424277
S04074380_20220511,14.825248
S03219780_20220511,15.42469
S05139000_20220511,15.289482
S03219263_20220512,15.625041
S04660013_20220512,12.923628
S04652000_20220512,13.829096
S06820156_20220512,12.471146
S04660011_20220512,13.100052
S04660012_20220512,12.981842
S05031120_20220516,16.496075
S03230790_20220517,15.103307
S03233825_20220518,15.595887
S06300620_20220518,13.9105425
S03036070_20220518,15.109646
S06820043_20220519,16.175594
S03215193_20220519,15.225888
S05065000_20220519,16.084438
S05065500_20220519,17.90915
S05033570_20220520,16.296194
S06095000_20220520,13.121439
S04584000_20220524,14.091909
S04413008_20220524,12.120987
S06003500_20220527,14.568655
S04440003_20220527,14.308671
S03207610_20220530,14.924438
S03128935_20220530,15.887095
S04137993_20220531,12.032761
S04304000_20220531,12.210388
S04131200_20220531,13.2134285
S05080745_20220531,16.392931
S06083580_20220531,18.284452
S06020500_20220531,17.838053
S04604005_20220531,14.226796
S04613024_20220601,15.101004
S06021500_20220601,14.114697
S04016980_20220601,15.901675
S05108145_20220601,14.616196
S05078900_20220601,14.80506
S05079100_20220601,14.60574
S05167800_20220602,17.587698
S04453027_20220602,12.910118
S06035500_20220602,13.508387
S05106245_20220602,15.307451
S04123980_20220602,12.520544
S04041200_20220602,12.902897
S04453029_20220602,12.923898
S06830800_20220603,15.916988
S04126295_20220603,13.79709
S04083000_20220603,15.316542
S05006200_20220606,14.7233515
S05132130_20220607,15.696937
S05125387_20220607,15.182901
S03234346_20220607,14.597542
S06580713_20220608,19.016022
S05151982_20220608,14.12192
S04027210_20220608,18.710737
S06105568_20220609,18.027964
S04153300_20220609,12.6330595
S04088000_20220609,15.503885
S04636007_20220609,13.106569
S06028100_20220609,16.37072
S05101400_20220609,17.715954
S04057730_20220609,13.106777
S05098850_20220610,17.383545
S06074500_20220610,16.68595
S05098000_20220613,16.593306
S04086950_20220613,17.513142
S05025830_20220614,14.03368
S06148430_20220614,17.827307
S06580458_20220615,18.535828
S04089400_20220615,14.797886
S06118600_20220615,18.284554
S06470900_20220615,16.398804
S04541003_20220615,16.311073
S06113270_20220615,17.30172
S06580333_20220615,17.867222
S05119070_20220615,14.795978
S06040400_20220615,12.85079
S03191700_20220616,14.91306
S06069650_20220616,18.481201
S06038110_20220616,13.000435
S03040250_20220616,16.871664
S06000890_20220616,14.419509
S06043869_20220616,13.926568
S05119030_20220616,14.108399
S05096360_20220617,18.10071
S04061000_20220620,13.097904
S04061600_20220620,12.793518
S05025600_20220620,14.422215
S06850166_20220620,18.007973
S06195330_20220621,17.856676
S04029625_20220621,15.813546
S06215000_20220621,18.295036
S05001600_20220621,16.404566
S05091090_20220621,15.520915
S03270450_20220621,11.814782
S06590210_20220621,19.008732
S04131250_20220621,12.534318
S05005610_20220622,14.515264
S06182062_20220622,17.788761
S04135000_20220622,13.12834
S05170800_20220622,18.640348
S05091310_20220622,16.017538
S05091280_20220622,15.9074745
S06222370_20220622,16.522636
S06222380_20220622,16.512669
S06446401_20220623,16.451132
S03273266_20220623,11.716913
S06169100_20220624,12.622392
S06001219_20220627,18.066214
S05030000_20220627,14.111533
S05029650_20220627,13.8130045
S03163742_20220627,14.914187
S05234027_20220627,16.212357
S05037000_20220627,14.086341
S06195000_20220628,14.497055
S03083450_20220628,13.008515
S03104000_20220628,16.01147
S03164285_20220628,15.00034
S03222345_20220628,15.12152
S06180500_20220629,13.507707
S06177956_20220629,13.321997
S03063650_20220629,13.619366
S03134708_20220629,14.424232
S06620810_20220629,18.106392
S03221940_20220629,15.004533
S05229080_20220629,13.381235
S03202250_20220629,15.802935
S03162000_20220629,14.916982
S05166900_20220630,16.894508
S04119750_20220630,15.099461
S03162325_20220630,15.132832
S05234026_20220630,14.521624
S03213480_20220630,14.918477
S05234011_20220630,15.396451
S06215790_20220701,19.629787
S05234024_20220704,15.409689
S05148000_20220704,18.270914
S06173460_20220705,16.804789
S05230020_20220705,12.99288
S06300010_20220705,19.546452
S05225100_20220705,15.195169
S05228280_20220706,13.226941
S04506017_20220707,15.607465
S04506022_20220707,14.904193
S06189500_20220707,13.67352
S04211950_20220708,11.687423
S06176120_20220708,16.513865
S05139335_20220711,17.509289
S05132800_20220711,17.108665
S05060400_20220711,16.874468
S05060500_20220711,16.88612
S05058100_20220711,16.974085
S04134000_20220712,13.823678
S05137090_20220712,18.972916
S04057200_20220712,17.325623
S03240320_20220712,14.407014
S05139355_20220712,17.397503
S05157800_20220712,15.398544
S05023960_20220712,14.426332
S05061200_20220712,16.299284
S05158160_20220712,14.222508
S05060200_20220712,16.795307
S05023050_20220712,15.800838
S06580171_20220712,17.187849
S03105865_20220713,15.197293
S05158294_20220713,14.810681
S05157250_20220713,13.4845295
S05139112_20220713,15.7720175
S04041700_20220714,15.518045
S04154200_20220718,13.336025
S05138100_20220718,18.169895
S05116530_20220719,13.59415
S06010000_20220719,14.83301
S04110000_20220719,14.400049
S06149070_20220719,18.127552
S03057000_20220719,14.797146
S05135900_20220719,17.296267
S05114000_20220719,13.601076
S05007985_20220719,15.288468
S05088120_20220719,16.101292
S05068080_20220719,18.092625
S03052245_20220719,14.696693
S05087880_20220719,16.109106
S05087000_20220719,16.102749
S04033300_20220719,15.6386175
S06179500_20220719,13.636056
S03257800_20220720,11.606121
S06180860_20220720,14.50165
S04076000_20220720,16.325644
S05046100_20220720,13.896175
S06000868_20220720,16.526907
S06000425_20220720,17.48311
S05061942_20220720,16.800547
S05068355_20220720,18.116905
S05134260_20220721,15.597741
S03255180_20220721,12.223512
S03033000_20220721,16.367535
S04096400_20220721,14.4362
S05064120_20220722,16.182571
S05068270_20220725,18.129572
S06580960_20220725,19.201696
S06820316_20220725,15.616959
S05015800_20220726,16.194372
S04009480_20220726,12.399604
S04111000_20220726,14.918236
S06117380_20220726,17.0887
S06580980_20220726,14.594057
S06178000_20220726,13.878952
S05117450_20220726,14.397189
S05162450_20220726,14.590979
S05118000_20220727,14.114233
S05176170_20220727,18.841799
S05176160_20220727,18.845982
S06177000_20220727,14.693259
S05179500_20220727,19.507486
S06147210_20220727,18.710922
S04165800_20220727,13.1999235
S05011600_20220727,16.092752
S05115000_20220728,14.621525
S04090500_20220728,14.407205
S03244910_20220728,14.703047
S04096175_20220728,14.690836
S05133000_20220801,16.491142
S06300250_20220801,11.902863
S04192100_20220801,15.319178
S05234000_20220801,14.293284
S05052700_20220802,14.708533
S06710110_20220802,18.590897
S05197010_20220802,16.299025
S05235850_20220802,18.656847
S05197600_20220802,15.510668
S03024510_20220803,15.583024
S04146600_20220803,12.916404
S04392002_20220803,12.040817
S05106850_20220803,14.802573
S05099300_20220803,17.009403
S05222995_20220803,14.282511
S03071080_20220803,14.2262
S05220950_20220803,12.612808
S05121000_20220803,15.704125
S05054020_20220804,17.185234
S05120092_20220804,15.107475
S03241330_20220804,13.8185625
S05234900_20220804,13.342547
S05233000_20220804,12.927716
S03127550_20220804,13.617075
S03033030_20220805,17.001389
S05234287_20220805,17.548513
S05143120_20220805,16.708246
S05152000_20220808,14.095803
S05153000_20220808,13.73967
S05223145_20220808,12.708069
S05230990_20220808,13.113627
S05151200_20220808,19.174566
S05154250_20220808,13.408252
S05207150_20220808,14.725421
S05197100_20220808,16.39748
S06580640_20220809,13.91892
S06175645_20220809,19.496279
S04082000_20220809,14.777295
S05155800_20220809,14.795618
S05148150_20220810,18.704283
S04024300_20220810,13.005014
S05203060_20220810,19.81786
S05125510_20220810,15.404707
S06167000_20220810,16.84949
S04180100_20220810,15.512191
S04338003_20220811,16.877865
S05207030_20220811,18.548471
S05158700_20220812,13.109232
S04178455_20220812,17.142895
S04011100_20220817,12.377
S05177000_20220818,17.669188
S04195400_20220822,15.999621
S05069940_20220822,17.806208
S04354000_20220822,16.085512
S06166990_20220822,17.746428
S03236690_20220822,13.905705
S04070230_20220823,14.169113
S03127370_20220823,13.494921
S05131000_20220823,13.493866
S04074200_20220824,14.327699
S03084470_20220824,13.009753
S04068200_20220824,14.011414
S05170000_20220824,16.904213
S03271965_20220825,12.529926
S04067200_20220825,15.109572
S03018431_20220825,15.59995
S04194500_20220825,15.687124
S03131000_20220829,14.712286
S04197818_20220829,13.896551
S04009000_20220829,12.266949
S05083400_20220830,13.218158
S05080960_20220830,14.098613
S06139750_20220830,17.450377
S04134700_20220830,13.409868
S06137250_20220830,17.514362
S03025238_20220830,16.494759
S05172920_20220830,18.403927
S04175500_20220830,13.423097
S03033120_20220830,16.669247
S06830110_20220831,18.837378
S05167010_20220831,17.900917
S04606025_20220831,14.905704
S06053000_20220831,13.611072
S06462300_20220831,13.975344
S05076050_20220831,14.8984375
S04021000_20220901,12.085715
S05191150_20220901,17.766304
S05068505_20220901,16.020655
S05191200_20220901,18.007444
S05192024_20220901,17.987253
S04000580_20220905,17.86594
S05091540_20220905,16.714052
S05125230_20220906,14.729128
S05068700_20220906,18.115181
S04404007_20220906,18.157816
S05126150_20220906,14.431472
S05126060_20220906,15.133104
S05044300_20220906,15.71287
S05055900_20220907,14.413441
S04009350_20220907,13.147228
S04475026_20220908,13.928549
S05055600_20220908,19.360184
S05091000_20220908,15.377513
S05120020_20220908,14.101927
S05089060_20220909,17.189148
S04052600_20220909,15.089365
S04168140_20220912,13.011993
S04063420_20220912,13.2241955
S05173280_20220912,18.477402
S04171450_20220913,13.301477
S06330110_20220913,17.227404
S05031380_20220913,16.218798
S05033800_20220914,16.70644
S05033590_20220914,16.397375
S05041000_20220915,15.0287
S05034700_20220915,16.994497
S05039000_20220916,15.703069
S05201030_20220919,15.102437
S05207150_20220919,14.709362
S06003005_20220920,19.467737
S05199700_20220920,17.51295
S05237000_20220920,15.887637
S05099000_20220921,17.388714
S05204880_20220921,19.430174
S05201060_20220921,16.356163
S06001289_20220922,16.697716
S05206180_20220922,19.828024
S06106600_20220928,16.022993
S05216210_20220930,18.144922
S04403008_20221005,12.91443
S04001900_20221006,13.626418
S05180880_20221007,17.736
S04401005_20221011,15.283274
S06001769_20221011,15.286405
S04001940_20221011,14.216473
S06462100_20221103,14.189449
S06154250_20230207,19.834793
S06159930_20230214,19.82402
S06069600_20230228,19.129215
S06129600_20230404,14.972551
S06178057_20230411,13.614862
S06177988_20230412,13.826773
S06177760_20230412,13.51511
S06179665_20230413,16.587307
S06580075_20230419,15.199658
S06000520_20230509,12.724463
S06113260_20230511,17.477139
S06300121_20230522,15.317478
S06084770_20230523,18.81652
S06300620_20230523,14.2331085
S06016500_20230524,15.109043
S06455050_20230524,13.294638
S06262450_20230525,15.030965
S06850166_20230530,17.842672
S06074500_20230601,16.699657
S06069050_20230602,15.799611
S06131900_20230607,13.024208
S06190900_20230608,13.599784
S06173460_20230612,16.60176
S06187100_20230619,14.513791
S06000580_20230620,16.744053
S06090600_20230621,18.422785
S06000579_20230621,16.894018
S06940940_20230623,18.108397
S06126600_20230626,14.50297
S06474920_20230627,14.091637
S06014990_20230630,16.4025
S06108500_20230704,18.91516
S06580458_20230704,18.590267
S06411400_20230704,14.221489
S06405950_20230705,14.776398
S06003500_20230705,14.161134
S06119000_20230705,17.966587
S06094039_20230711,12.328041
S06177972_20230712,13.326266
S06000401_20230717,19.209404
S06300056_20230717,14.203077
S06830119_20230718,18.64754
S06182062_20230718,17.545616
S06195330_20230719,17.668001
S06173650_20230720,16.013298
S06076420_20230726,18.120502
S06830139_20230818,18.84243
S06178000_20230822,13.718021
S06830142_20230830,19.304218
